<?xml version="1.0" encoding="UTF-8"?>
<kml xmlns="http://www.opengis.net/kml/2.2">
    <Document>
        <Placemark xmlns:ns0="http://www.opengis.net/kml/2.2">
	<Style><LineStyle><color>ff0000ff</color></LineStyle><PolyStyle><fill>0</fill></PolyStyle></Style>
	<ExtendedData><SchemaData schemaUrl="#Wave23_v27MAR2025">
		<SimpleData name="area(ha)">2.773489780381442</SimpleData>
		<SimpleData name="site_id">230004_2.2</SimpleData>
		<SimpleData name="Land_parc">230004</SimpleData>
		<SimpleData name="district">Chhatarpur</SimpleData>
		<SimpleData name="block">Satai</SimpleData>
		<SimpleData name="village">Satai</SimpleData>
		<SimpleData name="Land Type">Community</SimpleData>
		<SimpleData name="Instance">Wave 2023</SimpleData>
	</SchemaData></ExtendedData>
      <Polygon><outerBoundaryIs><LinearRing><coordinates>79.6420714707349,24.7075448033158,0 79.642070792365,24.7075470119288,0 79.6420702376761,24.7075492491673,0 79.6420637376653,24.7075789491648,0 79.6420632994993,24.7075812626485,0 79.6420629935858,24.7075835938126,0 79.6420628207519,24.7075859363525,0 79.6420627814652,24.7075882839326,0 79.642062875832,24.707590630204,0 79.642063103597,24.707592968821,0 79.6420634641442,24.7075952934589,0 79.6420639564985,24.7075975978306,0 79.6420645793284,24.7075998757039,0 79.6420653309494,24.7076021209182,0 79.6420662093287,24.7076043274013,0 79.6420672120908,24.7076064891857,0 79.6420683365236,24.7076086004249,0 79.6420695795861,24.7076106554089,0 79.6420709379165,24.70761264858,0 79.6420724078411,24.7076145745476,0 79.6420739853845,24.707616428103,0 79.6420756662801,24.707618204233,0 79.642077445982,24.7076198981342,0 79.6420793196769,24.7076215052253,0 79.6420812822974,24.7076230211599,0 79.6420833285354,24.7076244418381,0 79.6420854528571,24.7076257634178,0 79.642087649517,24.7076269823246,0 79.6420899125742,24.707628095262,0 79.6420922359083,24.70762909922,0 79.6420946132357,24.7076299914834,0 79.6420970381269,24.7076307696391,0 79.6420995040238,24.7076314315824,0 79.6421020042572,24.7076319755232,0 79.6421045320653,24.7076323999904,0 79.6421070806114,24.707632703836,0 79.6421096430031,24.7076328862382,0 79.6421122123103,24.7076329467037,0 79.6421147815841,24.707632885069,0 79.642117343876,24.7076327015007,0 79.6421198922562,24.7076323964954,0 79.6421224198325,24.707631970878,0 79.642124919769,24.7076314257994,0 79.6421273853046,24.707630762734,0 79.6421298097712,24.7076299834749,0 79.6421321866118,24.7076290901298,0 79.6421345093981,24.7076280851146,0 79.6421367718482,24.7076269711474,0 79.6421389678431,24.7076257512411,0 79.6421410914438,24.7076244286949,0 79.642143136907,24.7076230070856,0 79.6421450987005,24.7076214902579,0 79.6421459863998,24.707620728107,0 79.6421829168843,24.707628417738,0 79.6421854657243,24.7076288843996,0 79.6421880378993,24.7076292279869,0 79.6421906262929,24.7076294475494,0 79.6421932237439,24.7076295424796,0 79.6421958230658,24.7076295125148,0 79.6421984170672,24.707629357738,0 79.6422009985713,24.7076290785773,0 79.6422035604359,24.7076286758052,0 79.6422060955731,24.7076281505359,0 79.642208596969,24.7076275042227,0 79.642211057703,24.7076267386537,0 79.6422134709671,24.7076258559471,0 79.6422146168988,24.7076253714631,0 79.6422176774361,24.7076267710052,0 79.6422200515627,24.7076277856556,0 79.6422224812377,24.7076286838966,0 79.6422249596269,24.7076294632017,0 79.6422274797591,24.7076301213787,0 79.6422300345456,24.7076306565763,0 79.6422326168004,24.7076310672892,0 79.64223521926,24.7076313523621,0 79.6422378346044,24.7076315109931,0 79.6422404554771,24.7076315427361,0 79.642243074506,24.7076314475017,0 79.6422456843244,24.7076312255579,0 79.6422482775914,24.7076308775289,0 79.6422508470126,24.7076304043936,0 79.6422533853608,24.7076298074829,0 79.6422558854962,24.7076290884758,0 79.6422583403862,24.7076282493947,0 79.642260743126,24.7076272925998,0 79.6422630869569,24.7076262207823,0 79.6422653652863,24.707625036957,0 79.6422675717057,24.7076237444539,0 79.6422697000089,24.7076223469083,0 79.6422717442094,24.7076208482515,0 79.6422736985573,24.7076192526987,0 79.6422751680865,24.7076179183738,0 79.6422759146372,24.707618322484,0 79.6422781795103,24.7076194079647,0 79.6422805028248,24.7076203849541,0 79.642282878358,24.7076212508354,0 79.6422852997477,24.7076220032897,0 79.6422877605088,24.7076226403016,0 79.6422902540505,24.707623160165,0 79.6423419540677,24.707632660169,0 79.642344515995,24.7076330671829,0 79.6423470978113,24.7076333505356,0 79.6423496923688,24.7076335094427,0 79.6423522924843,24.7076335434644,0 79.6423548909596,24.7076334525064,0 79.6423574806007,24.7076332368205,0 79.6423600542382,24.7076328970039,0 79.642362604747,24.7076324339973,0 79.642365125066,24.7076318490826,0 79.6423676082177,24.7076311438791,0 79.6423700473274,24.7076303203392,0 79.6423724356425,24.7076293807429,0 79.642374766551,24.7076283276913,0 79.6423770335997,24.7076271641,0 79.6423792305123,24.7076258931902,0 79.6423813512066,24.7076245184806,0 79.6423833898115,24.7076230437769,0 79.6423853406831,24.707621473162,0 79.6423871984205,24.7076198109841,0 79.6423889578804,24.7076180618448,0 79.6423906141918,24.7076162305867,0 79.6423921627693,24.7076143222798,0 79.6423935993256,24.7076123422069,0 79.6423949198836,24.7076102958501,0 79.6423961207873,24.7076081888747,0 79.642397198712,24.7076060271138,0 79.6423981506735,24.7076038165523,0 79.6423989740364,24.70760156331,0 79.642399666521,24.7075992736252,0 79.6424002262104,24.7075969538368,0 79.642400651555,24.7075946103671,0 79.6424009413772,24.707592249704,0 79.6424010948747,24.707589878383,0 79.6424011116225,24.7075875029692,0 79.6424009915743,24.7075851300388,0 79.6424007350625,24.7075827661613,0 79.6423988350571,24.7075689661617,0 79.642398456577,24.7075666883054,0 79.6423979513803,24.7075644310535,0 79.6423973207825,24.7075622002848,0 79.642396566426,24.7075600018088,0 79.6423959833265,24.7075585639718,0 79.6424075153783,24.7075547199564,0 79.6424081169832,24.7075568989083,0 79.6424088925616,24.7075591880742,0 79.6424098000096,24.7075614364233,0 79.6424108367706,24.7075636376212,0 79.6424119999238,24.7075657854666,0 79.6424132861923,24.7075678739084,0 79.6424146919524,24.7075698970629,0 79.6424162132435,24.7075718492303,0 79.6424178457799,24.7075737249107,0 79.6424195849622,24.70757551882,0 79.6424214258907,24.707577225904,0 79.6424233633789,24.7075788413536,0 79.6424253919684,24.7075803606174,0 79.6424275059442,24.7075817794154,0 79.6424296993504,24.7075830937504,0 79.6424319660078,24.7075842999195,0 79.6424342995305,24.7075853945246,0 79.6424366933443,24.7075863744819,0 79.6424391407052,24.7075872370306,0 79.6424416347183,24.7075879797407,0 79.6424441683572,24.7075886005197,0 79.642446734484,24.7075890976187,0 79.6424493258692,24.7075894696372,0 79.6424551258819,24.7075901587478,0 79.642473988986,24.7075955716387,0 79.6424766104796,24.7075962519474,0 79.6424792690381,24.7075967992193,0 79.6424819565774,24.7075972117903,0 79.6424846649256,24.7075974884059,0 79.6424873858473,24.7075976282249,0 79.6424901110691,24.7075976308222,0 79.6425066110751,24.7075972308223,0 79.6425092353821,24.7075971033506,0 79.6425118485612,24.7075968486252,0 79.6425144432233,24.7075964673662,0 79.6425170120315,24.7075959606519,0 79.6425195477221,24.7075953299149,0 79.6425220431252,24.7075945769388,0 79.6425231323639,24.7075941884682,0 79.642523952806,24.7075943599397,0 79.6425265223174,24.7075947680338,0 79.6425291118177,24.7075950517333,0 79.6425317140955,24.7075952102483,0 79.6425343219038,24.7075952431372,0 79.6425369279801,24.7075951503085,0 79.642539525067,24.7075949320207,0 79.6425421059318,24.7075945888817,0 79.6425446633872,24.7075941218471,0 79.6425471903111,24.7075935322175,0 79.6425496796661,24.7075928216349,0 79.6425521245199,24.7075919920783,0 79.6425545180639,24.7075910458578,0 79.6425568536323,24.7075899856086,0 79.6425591247208,24.7075888142833,0 79.6425613250048,24.7075875351438,0 79.6425634483569,24.7075861517525,0 79.6425654888637,24.7075846679619,0 79.6425674408427,24.7075830879041,0 79.6425692988579,24.7075814159794,0 79.642571057735,24.7075796568439,0 79.6425727125758,24.7075778153966,0 79.6425735267637,24.7075768050936,0 79.6425746167231,24.7075779547365,0 79.6425764431565,24.7075796856941,0 79.6425783678694,24.7075813253801,0 79.6425803854035,24.7075828691447,0 79.6425824900376,24.7075843126101,0 79.6425846758033,24.7075856516829,0 79.6425869365025,24.7075868825657,0 79.6425892657241,24.7075880017682,0 79.6425916568631,24.7075890061164,0 79.6425941031386,24.7075898927623,0 79.6425965976135,24.7075906591915,0 79.6425991332141,24.7075913032306,0 79.64260170275,24.7075918230532,0 79.6426042989345,24.7075922171852,0 79.6426069144053,24.707592484509,0 79.6426095417456,24.7075926242664,0 79.6426121735047,24.7075926360612,0 79.6426148022196,24.7075925198599,0 79.6426174204359,24.707592275992,0 79.6426573204501,24.7075875759909,0 79.6426599283534,24.7075872038709,0 79.6426625107888,24.7075867050898,0 79.6426650603899,24.7075860810704,0 79.6426675698841,24.7075853335928,0 79.6426685647397,24.7075849825554,0 79.6426703865157,24.7075854379435,0 79.6426728701739,24.707585934939,0 79.6426753785257,24.7075863145921,0 79.642677904932,24.707586575898,0 79.6427168049458,24.7075896758997,0 79.6427195961312,24.707589825808,0 79.64272239213,24.7075898312817,0 79.6427251839931,24.7075896923033,0 79.6427279627845,24.7075894093175,0 79.6427307196101,24.7075889832302,0 79.6427334456461,24.7075884154052,0 79.6427360653022,24.7075877980342,0 79.642736206419,24.7075878550488,0 79.6427386378105,24.7075887006388,0 79.6427411145444,24.7075894281752,0 79.6427436297573,24.707590035642,0 79.6427461764791,24.7075905213558,0 79.6427487476523,24.7075908839707,0 79.6427513361519,24.7075911224816,0 79.6427539348046,24.7075912362277,0 79.6427565364092,24.7075912248938,0 79.642759133756,24.7075910885112,0 79.6427617196476,24.707590827458,0 79.6427642869179,24.7075904424575,0 79.6427668284526,24.7075899345766,0 79.6427693372086,24.7075893052228,0 79.6427718062338,24.70758855614,0 79.6427742286861,24.7075876894043,0 79.6427765978524,24.7075867074173,0 79.6427784098102,24.7075858486265,0 79.6427822592599,24.7075931625853,0 79.6427834569622,24.7075952917566,0 79.6427847765228,24.7075973599418,0 79.6427862142319,24.7075993613262,0 79.6427877660474,24.7076012902831,0 79.6427894276063,24.7076031413892,0 79.6427911942373,24.7076049094401,0 79.6427930609734,24.7076065894649,0 79.6427950225663,24.7076081767404,0 79.642797073501,24.7076096668038,0 79.6427992080115,24.7076110554659,0 79.6428014200965,24.7076123388226,0 79.6428037035368,24.7076135132656,0 79.6428060519125,24.707614575493,0 79.6428084586212,24.7076155225184,0 79.6428109168965,24.7076163516792,0 79.6428134198269,24.7076170606442,0 79.6428159603756,24.7076176474203,0 79.6428185313997,24.7076181103577,0 79.6428643314153,24.7076252103608,0 79.6428669153355,24.7076255470632,0 79.6428695151114,24.7076257586792,0 79.6428721234916,24.7076258446184,0 79.6428747332009,24.7076258046412,0 79.6428773369602,24.707625638859,0 79.6428799275074,24.7076253477344,0 79.6428824976167,24.7076249320792,0 79.6428850401199,24.7076243930528,0 79.6428875479253,24.7076237321587,0 79.6428880248711,24.7076235811293,0 79.6429169774761,24.7076299805235,0 79.6429195246609,24.7076304790023,0 79.6429220970597,24.7076308541832,0 79.6429246875256,24.7076311050238,0 79.6429272888615,24.7076312308272,0 79.6429298938402,24.7076312312438,0 79.6429324952241,24.7076311062725,0 79.642935085786,24.7076308562606,0 79.6429376583285,24.7076304819025,0 79.6429402057042,24.7076299842384,0 79.6429427208359,24.707629364651,0 79.6429451967357,24.7076286248617,0 79.6429476265248,24.7076277669257,0 79.6429500034526,24.7076267932268,0 79.6429523209152,24.7076257064701,0 79.6429545724742,24.7076245096749,0 79.6429563663069,24.7076234367757,0 79.6429567976091,24.7076236374561,0 79.642959094579,24.7076245749626,0 79.6429614407987,24.7076254044746,0 79.6429638301882,24.7076261238426,0 79.6429662565559,24.7076267312024,0 79.6429687136141,24.7076272249802,0 79.6429711949957,24.7076276038965,0 79.6429734733385,24.707627843714,0 79.6429855553861,24.7076401895642,0 79.6429873992355,24.7076419736376,0 79.6429893464616,24.7076436635706,0 79.6429913913132,24.7076452543718,0 79.6429935277506,24.7076467413427,0 79.6429957494637,24.7076481200915,0 79.6429980498907,24.7076493865459,0 79.6430004222371,24.7076505369654,0 79.6430187222412,24.7076588369682,0 79.6430210829583,24.7076598377863,0 79.6430234980757,24.7076607236923,0 79.6430259608963,24.7076614922296,0 79.6430284645902,24.707662141267,0 79.6430310022144,24.7076626690045,0 79.6430335667317,24.7076630739787,0 79.6430361510305,24.7076633550666,0 79.6430387479441,24.7076635114887,0 79.6430413502711,24.7076635428111,0 79.6430439507947,24.7076634489471,0 79.6430465423035,24.7076632301569,0 79.6430491176109,24.7076628870472,0 79.6430516695752,24.7076624205696,0 79.6430541911195,24.7076618320176,0 79.6430566752513,24.7076611230233,0 79.6430591150818,24.707660295553,0 79.643061503845,24.7076593519012,0 79.6430638349166,24.7076582946849,0 79.6430661018322,24.7076571268357,0 79.6430682983054,24.7076558515924,0 79.6430704182452,24.7076544724913,0 79.6430724557726,24.7076529933568,0 79.6430744052374,24.7076514182908,0 79.6430762612334,24.7076497516611,0 79.6430780186138,24.7076479980894,0 79.6430796725051,24.7076461624387,0 79.6430807376578,24.7076448445244,0 79.6430877563231,24.7076534577687,0 79.6430893613124,24.7076553229982,0 79.6430910713486,24.7076571086307,0 79.6430928817093,24.7076588097351,0 79.643094787395,24.7076604216135,0 79.6430967831432,24.7076619398147,0 79.6430988634423,24.707663360146,0 79.6431010225474,24.7076646786851,0 79.6431032544961,24.7076658917907,0 79.6431055531245,24.7076669961127,0 79.6431079120848,24.7076679886014,0 79.6431103248627,24.7076688665161,0 79.643112784795,24.7076696274322,0 79.6431152850883,24.7076702692484,0 79.643117818838,24.7076707901924,0 79.6431203790468,24.7076711888254,0 79.6431229586446,24.7076714640467,0 79.6431255505075,24.7076716150961,0 79.643128147478,24.7076716415566,0 79.6431307423843,24.707671543355,0 79.6431333280603,24.7076713207626,0 79.6431358973655,24.707670974394,0 79.6431384432045,24.7076705052059,0 79.6431409585468,24.7076699144938,0 79.643143436446,24.7076692038891,0 79.6431458700593,24.7076683753542,0 79.643148252666,24.7076674311771,0 79.6431505776864,24.7076663739653,0 79.6431528386996,24.7076652066384,0 79.6431550294619,24.7076639324199,0 79.6431571439231,24.7076625548289,0 79.643159176244,24.7076610776695,0 79.6431611208123,24.7076595050212,0 79.6431629722577,24.7076578412268,0 79.6431647254675,24.7076560908812,0 79.6431663756,24.707654258818,0 79.6431679180982,24.7076523500965,0 79.6431693487023,24.707650369988,0 79.6431706634618,24.7076483239606,0 79.6431718587456,24.7076462176647,0 79.6431729312531,24.7076440569168,0 79.6431738780224,24.7076418476841,0 79.6431746964388,24.7076395960676,0 79.6431753842423,24.7076373082853,0 79.6431759395335,24.7076349906551,0 79.6431763607789,24.7076326495772,0 79.6431766468152,24.7076302915168,0 79.6431767968525,24.7076279229859,0 79.6431768104764,24.7076255505253,0 79.6431766876494,24.7076231806868,0 79.6431764287107,24.7076208200148,0 79.6431760343753,24.7076184750286,0 79.6431755057322,24.707616152204,0 79.6431748442413,24.7076138579557,0 79.6431740517295,24.7076115986195,0 79.6431641972129,24.707585853275,0 79.6431645773136,24.7075860813032,0 79.6431668438877,24.7075872888627,0 79.6431691774248,24.7075883848303,0 79.6431715713472,24.7075893661168,0 79.6431740189071,24.7075902299562,0 79.6431765132052,24.7075909739135,0 79.6431790472108,24.7075915958916,0 79.6431816137811,24.7075920941373,0 79.6431842056815,24.7075924672463,0 79.6431868156059,24.7075927141667,0 79.6431894361978,24.7075928342026,0 79.6431920600701,24.7075928270156,0 79.6431946798268,24.707592692626,0 79.6431972880835,24.7075924314125,0 79.6431998774879,24.7075920441116,0 79.6432024407412,24.7075915318148,0 79.6432049706183,24.7075908959663,0 79.6432074599878,24.7075901383584,0 79.6432099018329,24.7075892611265,0 79.6432122892706,24.7075882667435,0 79.6432146155712,24.7075871580121,0 79.6432168741774,24.7075859380578,0 79.6432190587227,24.7075846103192,0 79.6432211630494,24.707583178539,0 79.6432460630527,24.7075652785341,0 79.6432480390023,24.7075637805291,0 79.6432499271128,24.7075621907937,0 79.6432517222872,24.7075605136192,0 79.6432534196795,24.7075587535333,0 79.6432550147075,24.7075569152874,0 79.6432565030655,24.7075550038437,0 79.6432578807356,24.7075530243622,0 79.6432584724697,24.7075520677722,0 79.6432590351284,24.7075526708302,0 79.6432608060919,24.7075543799032,0 79.643262672139,24.7075560023539,0 79.6432646281994,24.7075575337737,0 79.6432666689583,24.7075589700016,0 79.6432687888705,24.7075603071352,0 79.643270982176,24.7075615415412,0 79.6432732429153,24.7075626698655,0 79.6432755649455,24.7075636890424,0 79.6432779419574,24.7075645963027,0 79.6432803674923,24.707565389181,0 79.6432828349596,24.7075660655231,0 79.6432853376548,24.7075666234913,0 79.6432878687779,24.7075670615694,0 79.6432904214512,24.7075673785672,0 79.6432929887389,24.7075675736232,0 79.6432955636652,24.7075676462076,0 79.6432981392336,24.707567596123,0 79.643300708446,24.7075674235057,0 79.6433032643214,24.7075671288245,0 79.6433057999152,24.7075667128802,0 79.6433083083377,24.707566176803,0 79.6433107827731,24.7075655220494,0 79.6433132164982,24.7075647503986,0 79.6433156029,24.7075638639473,0 79.6433179354943,24.707562865104,0 79.6433185741561,24.7075625535589,0 79.6433196882912,24.707564412757,0 79.6433210548139,24.7075664330536,0 79.6433225357416,24.7075683849121,0 79.6433241269766,24.7075702629315,0 79.6433258241158,24.7075720619154,0 79.6433276224632,24.7075737768856,0 79.6433295170425,24.7075754030968,0 79.6433315026114,24.7075769360492,0 79.6433335736756,24.7075783715009,0 79.6433357245044,24.70757970548,0 79.6433379491461,24.7075809342952,0 79.6433402414452,24.7075820545464,0 79.6433425950587,24.7075830631336,0 79.6433450034738,24.7075839572661,0 79.6433474600265,24.7075847344697,0 79.6433499579191,24.7075853925938,0 79.6433524902399,24.7075859298174,0 79.6433550499817,24.707586344654,0 79.6433576300616,24.7075866359556,0 79.6433602233403,24.7075868029162,0 79.6433628226419,24.7075868450738,0 79.643363735459,24.7075868379425,0 79.6433677398824,24.7075916221756,0 79.6433693810516,24.7075934790878,0 79.6433711273462,24.7075952541803,0 79.6433729738861,24.7075969424925,0 79.6433749155112,24.7075985393067,0 79.6433769467957,24.7076000401605,0 79.6433790620633,24.7076014408599,0 79.6433812554028,24.7076027374905,0 79.643383520685,24.707603926429,0 79.6433858515797,24.7076050043529,0 79.6433882415732,24.7076059682501,0 79.6433906839867,24.7076068154268,0 79.643393171995,24.7076075435157,0 79.6433956986453,24.7076081504822,0 79.643398256877,24.7076086346301,0 79.6434008395413,24.7076089946064,0 79.6434034394208,24.7076092294052,0 79.6434060492502,24.7076093383704,0 79.6434086617365,24.7076093211975,0 79.6434112695791,24.7076091779344,0 79.6434138654905,24.7076089089816,0 79.6434164422164,24.7076085150905,0 79.6434189925563,24.7076079973619,0 79.6434215093832,24.7076073572426,0 79.6434239856639,24.7076065965214,0 79.6434264144786,24.7076057173241,0 79.6434287890399,24.7076047221077,0 79.6434311027123,24.7076036136531,0 79.6434333490301,24.707602395058,0 79.6434355217161,24.7076010697277,0 79.6434376146988,24.7075996413658,0 79.6434396221294,24.7075981139638,0 79.6434415383982,24.7075964917901,0 79.6434433581502,24.7075947793777,0 79.6434450763001,24.707592981512,0 79.6434466880466,24.7075911032171,0 79.6434481888858,24.7075891497417,0 79.6434495746236,24.7075871265449,0 79.6434508413876,24.7075850392804,0 79.6434519856378,24.7075828937811,0 79.6434530041766,24.7075806960424,0 79.6434538941579,24.707578452206,0 79.6434546530945,24.7075761685421,0 79.6434552788656,24.7075738514324,0 79.6434557697226,24.7075715073521,0 79.6434559005075,24.707570635197,0 79.6434574927915,24.7075702834148,0 79.6434600149934,24.7075695944396,0 79.6434624934563,24.7075687837546,0 79.6434649211479,24.7075678536601,0 79.6434650447507,24.7075677990636,0 79.6434653323045,24.7075680071922,0 79.643467440296,24.7075693753026,0 79.6434696237357,24.7075706408197,0 79.6434718766461,24.7075718002788,0 79.6434741928598,24.7075728505059,0 79.6434765660356,24.7075737886258,0 79.6434789896768,24.7075746120704,0 79.6434814571483,24.7075753185852,0 79.6434839616951,24.7075759062361,0 79.6434864964607,24.7075763734145,0 79.6434890545058,24.7075767188412,0 79.6434916288275,24.7075769415707,0 79.6434942123782,24.7075770409932,0 79.6434967980851,24.7075770168365,0 79.6434993788695,24.7075768691668,0 79.6435019476663,24.7075765983883,0 79.6435044974428,24.7075762052423,0 79.643507021219,24.7075756908051,0 79.6435095120855,24.707575056485,0 79.6435232490841,24.7075712017154,0 79.6435642237114,24.707569287826,0 79.6435667748671,24.7075691080759,0 79.6435693124195,24.7075688079484,0 79.6435718295666,24.7075683882482,0 79.6435743195611,24.7075678501002,0 79.6435767757285,24.7075671949469,0 79.643579191485,24.7075664245446,0 79.643581560355,24.7075655409582,0 79.6435838759889,24.7075645465563,0 79.6435861321793,24.7075634440044,0 79.6435883228787,24.707562236258,0 79.6435904422146,24.7075609265543,0 79.6435924845063,24.7075595184042,0 79.6435944442792,24.7075580155821,0 79.6435963162802,24.7075564221165,0 79.6435980954913,24.7075547422787,0 79.6435997771433,24.7075529805716,0 79.6436013567285,24.7075511417173,0 79.6436028300127,24.7075492306451,0 79.6436041930468,24.7075472524776,0 79.6436054421772,24.7075452125174,0 79.6436065740554,24.7075431162325,0 79.6436075856476,24.7075409692423,0 79.6436084742421,24.7075387773016,0 79.6436092374569,24.7075365462862,0 79.6436098732464,24.7075342821762,0 79.6436103799062,24.7075319910407,0 79.6436107560783,24.7075296790212,0 79.6436110007542,24.707527352315,0 79.6436111132783,24.707525017159,0 79.6436110933487,24.7075226798125,0 79.6436109410191,24.707520346541,0 79.6436106566976,24.7075180235989,0 79.6436102411465,24.7075157172127,0 79.6436096954796,24.7075134335649,0 79.6436090211597,24.7075111787768,0 79.6436082199942,24.7075089588924,0 79.6436072941307,24.7075067798623,0 79.6436062460511,24.7075046475273,0 79.6436050785646,24.7075025676031,0 79.6436037948009,24.7075005456652,0 79.6435932610867,24.7074849025869,0 79.6435953230884,24.7074845024107,0 79.6435978046559,24.7074838961596,0 79.643600248388,24.7074831729391,0 79.643602647683,24.7074823347028,0 79.6436049960588,24.7074813837155,0 79.6436072871709,24.7074803225463,0 79.6436095148297,24.7074791540621,0 79.643611673017,24.7074778814197,0 79.643613755902,24.7074765080573,0 79.6436157578577,24.7074750376852,0 79.6436176734756,24.7074734742758,0 79.6436194975804,24.7074718220527,0 79.643621225244,24.7074700854797,0 79.643622851799,24.7074682692483,0 79.6436243728511,24.7074663782654,0 79.6436257842909,24.7074644176395,0 79.6436270823054,24.7074623926675,0 79.6436282633877,24.7074603088202,0 79.6436293243471,24.7074581717273,0 79.6436302623172,24.7074559871624,0 79.6436310747641,24.7074537610273,0 79.6436317594928,24.7074514993363,0 79.6436323146534,24.7074492081994,0 79.6436327387462,24.7074468938066,0 79.6436330306253,24.7074445624103,0 79.6436331895024,24.7074422203091,0 79.643633214948,24.7074398738306,0 79.6436331068936,24.7074375293138,0 79.643632865631,24.7074351930929,0 79.6436324918121,24.7074328714794,0 79.6436319864468,24.7074305707454,0 79.6436313509003,24.7074282971066,0 79.6436305868897,24.7074260567055,0 79.643629696479,24.7074238555947,0 79.6436286820739,24.7074216997209,0 79.6436275464147,24.7074195949083,0 79.6436262925698,24.7074175468433,0 79.6436249239264,24.7074155610591,0 79.6436234441821,24.7074136429205,0 79.6436218573346,24.7074117976094,0 79.643620167671,24.7074100301113,0 79.6436183797561,24.7074083452012,0 79.6436164984201,24.7074067474311,0 79.6436145287457,24.7074052411175,0 79.6436124760542,24.7074038303299,0 79.6436103458911,24.7074025188798,0 79.6436081440113,24.7074013103101,0 79.6436058763635,24.707400207886,0 79.643603549074,24.7073992145856,0 79.6436011684302,24.7073983330927,0 79.6435987408636,24.7073975657885,0 79.6435962729326,24.7073969147462,0 79.6435937713046,24.7073963817244,0 79.6435912427381,24.7073959681633,0 79.6435890160761,24.7073957121971,0 79.6435845069462,24.7073914896018,0 79.6435841425569,24.7073904070556,0 79.6435832547501,24.7073881895333,0 79.6435822412434,24.7073860174456,0 79.6435811048092,24.7073838967337,0 79.643579848556,24.7073818331985,0 79.6435793473456,24.7073811026489,0 79.6435798988874,24.7073807136209,0 79.6435818264228,24.7073792035088,0 79.6435836665043,24.7073776049475,0 79.6435896205578,24.7073721595313,0 79.6436093093535,24.7073716887117,0 79.6436699100962,24.7073851655931,0 79.6436724173896,24.7073856605946,0 79.6436749494215,24.7073860360861,0 79.6436774993704,24.707386291056,0 79.6436800603667,24.7073864248175,0 79.6436826255109,24.7073864370102,0 79.6436851878923,24.7073863276012,0 79.6436877406077,24.7073860968853,0 79.6436902767799,24.707385745484,0 79.6436927895764,24.7073852743441,0 79.6436952722275,24.7073846847347,0 79.6436977180448,24.7073839782445,0 79.6437001204392,24.7073831567766,0 79.6437024729384,24.7073822225442,0 79.6437047692047,24.7073811780641,0 79.6437070030519,24.7073800261503,0 79.6437091684617,24.707378769906,0 79.6437112596005,24.7073774127157,0 79.6437132708345,24.7073759582357,0 79.6437151967455,24.7073744103844,0 79.643717032145,24.7073727733319,0 79.6437187720882,24.7073710514884,0 79.6437204118876,24.7073692494928,0 79.6437219471255,24.7073673721997,0 79.643723373666,24.7073654246666,0 79.6437246876659,24.7073634121403,0 79.643725885585,24.7073613400426,0 79.6437269641963,24.707359213956,0 79.6437279205938,24.7073570396082,0 79.643728752201,24.707354822857,0 79.6437294567775,24.7073525696745,0 79.6437300324252,24.7073502861308,0 79.6437304775931,24.7073479783781,0 79.643730791082,24.7073456526334,0 79.6437309720475,24.7073433151626,0 79.6437310200018,24.7073409722628,0 79.6437309348159,24.7073386302459,0 79.6437307167192,24.7073362954215,0 79.6437303662994,24.7073339740798,0 79.6437298845004,24.7073316724746,0 79.6437292726203,24.7073293968064,0 79.6437285323076,24.7073271532061,0 79.6437276655566,24.7073249477181,0 79.6437266747025,24.7073227862841,0 79.6437255624147,24.7073206747271,0 79.6437243316897,24.7073186187357,0 79.6437229858433,24.7073166238489,0 79.6437215285011,24.7073146954411,0 79.6437199635893,24.7073128387074,0 79.643718295324,24.7073110586501,0 79.6437165281995,24.7073093600646,0 79.6437146669766,24.7073077475271,0 79.6437127166694,24.7073062253818,0 79.6437106825323,24.7073047977295,0 79.6437085700453,24.7073034684163,0 79.6437063848995,24.7073022410236,0 79.6437041329819,24.7073011188578,0 79.6437018203592,24.7073001049423,0 79.6436350482666,24.7072727545595,0 79.6436347355469,24.7072724504238,0 79.6436328918482,24.7072708336209,0 79.6436309591194,24.7072693060474,0 79.6436289425291,24.7072678717885,0 79.6436268474701,24.7072665346796,0 79.643624679545,24.7072652982966,0 79.6436224445516,24.7072641659457,0 79.6436201484665,24.7072631406552,0 79.6436177974301,24.7072622251669,0 79.6436153977295,24.7072614219291,0 79.6436129557823,24.7072607330897,0 79.643589366509,24.707254684559,0 79.6435763709003,24.707249250032,0 79.6435740169801,24.7072483322455,0 79.6435716142046,24.7072475270104,0 79.6435704627372,24.7072472018344,0 79.6435695059072,24.7072465777105,0 79.6435708002826,24.7072465200089,0 79.6435733746324,24.7072462813824,0 79.6435759317815,24.7072459199968,0 79.6435784647201,24.7072454368427,0 79.6435809665045,24.7072448332446,0 79.6435834302767,24.7072441108572,0 79.6435858492828,24.7072432716607,0 79.6435882168914,24.7072423179556,0 79.6435905266123,24.7072412523564,0 79.6435927721138,24.707240077784,0 79.6435949472404,24.7072387974585,0 79.6435970460293,24.7072374148896,0 79.6435990627272,24.7072359338672,0 79.6436009918057,24.7072343584514,0 79.6436028279766,24.7072326929607,0 79.6436045662064,24.7072309419609,0 79.6436062017302,24.7072291102519,0 79.6436106017296,24.7072239102507,0 79.643612147653,24.7072219796355,0 79.643613579472,24.7072199769335,0 79.6436148931672,24.7072179077666,0 79.6436160850509,24.7072157779433,0 79.6436171517773,24.7072135934425,0 79.643618090352,24.7072113603962,0 79.6436188981403,24.707209085073,0 79.6436195728745,24.7072067738602,0 79.6436201126605,24.7072044332456,0 79.6436204134976,24.7072026703591,0 79.6436212592127,24.7072015852901,0 79.6436227348665,24.7071995805585,0 79.6436240910197,24.7071975065901,0 79.6436253237891,24.7071953693233,0 79.6436264296448,24.7071931748777,0 79.6436274054206,24.7071909295369,0 79.6436282483224,24.7071886397299,0 79.6436289559367,24.7071863120133,0 79.6436295262374,24.707183953052,0 79.6436299575915,24.7071815696005,0 79.643630248764,24.7071791684835,0 79.6436303989211,24.7071767565761,0 79.6436304076329,24.7071743407844,0 79.6436302748745,24.7071719280256,0 79.6436300010259,24.7071695252082,0 79.6436295868714,24.7071671392123,0 79.6436290335967,24.7071647768697,0 79.6436285210139,24.7071630465767,0 79.643686757379,24.7071257752963,0 79.6436888186028,24.7071243819137,0 79.6436907979382,24.707122892743,0 79.6436926900569,24.7071213117929,0 79.643694489865,24.7071196433196,0 79.6436961925175,24.7071178918146,0 79.6436977934306,24.7071160619931,0 79.6436992882948,24.707114158781,0 79.6437006730856,24.707112187302,0 79.6437019440753,24.7071101528631,0 79.6437030978423,24.7071080609414,0 79.6437041312805,24.7071059171684,0 79.643705041608,24.7071037273152,0 79.6437058263739,24.7071014972769,0 79.6437064834659,24.707099233057,0 79.6437070111149,24.7070969407508,0 79.6437074079005,24.7070946265294,0 79.6437076727544,24.7070922966227,0 79.6437078049639,24.7070899573029,0 79.6437078041728,24.7070876148677,0 79.6437076703834,24.7070852756229,0 79.6437074039559,24.7070829458659,0 79.6437070056074,24.7070806318685,0 79.6437064764104,24.7070783398602,0 79.6437058177895,24.707076076011,0 79.6437050315177,24.7070738464155,0 79.6437041197118,24.7070716570756,0 79.6437030848263,24.7070695138854,0 79.6437019296472,24.7070674226143,0 79.6437006572843,24.7070653888921,0 79.643699271163,24.7070634181938,0 79.6436977750146,24.7070615158244,0 79.6436961728669,24.7070596869053,0 79.6436944690329,24.70705793636,0 79.6436926680995,24.7070562689011,0 79.6436907749149,24.7070546890174,0 79.6436887945755,24.707053200962,0 79.6436867324126,24.7070518087409,0 79.6436845939777,24.707050516102,0 79.6436823850273,24.7070493265251,0 79.6436801115082,24.7070482432126,0 79.6436777795408,24.7070472690808,0 79.6436753954028,24.7070464067521,0 79.6436729655124,24.7070456585481,0 79.6436704964111,24.7070450264828,0 79.6436679947457,24.7070445122578,0 79.6436413196149,24.7070396896399,0 79.6436410737711,24.7070384544974,0 79.64364047257,24.7070361364314,0 79.6436397383555,24.707033850562,0 79.6436388731717,24.7070316032537,0 79.6436378794275,24.7070294007638,0 79.64363675989,24.7070272492245,0 79.6436355176762,24.7070251546266,0 79.6436341562449,24.7070231228019,0 79.6436326793866,24.7070211594077,0 79.6436310912135,24.7070192699108,0 79.6436293961474,24.7070174595719,0 79.6436275989081,24.7070157334318,0 79.6436257044995,24.7070140962964,0 79.6436237181962,24.7070125527241,0 79.6436216455288,24.7070111070126,0 79.6436194922682,24.7070097631872,0 79.6436172644098,24.7070085249897,0 79.6436149681565,24.7070073958674,0 79.6436126099019,24.7070063789642,0 79.643610196212,24.7070054771115,0 79.6436077338073,24.7070046928203,0 79.6436052295438,24.7070040282743,0 79.6436026903944,24.7070034853238,0 79.6436006124664,24.7070031454658,0 79.6436010091989,24.7070029060737,0 79.6436030911399,24.7070015014693,0 79.6436050897301,24.7069999992243,0 79.6436069994882,24.7069984034588,0 79.6436088151765,24.7069967185495,0 79.6436105318154,24.7069949491172,0 79.6436121446967,24.7069931000148,0 79.6436136493971,24.7069911763138,0 79.6436150417896,24.70698918329,0 79.6436163180556,24.7069871264095,0 79.6436174746947,24.7069850113135,0 79.6436185085348,24.7069828438029,0 79.6436194167404,24.7069806298222,0 79.6436201968208,24.7069783754436,0 79.6436208466365,24.7069760868498,0 79.6436213644053,24.7069737703177,0 79.6436217487071,24.7069714322005,0 79.6436219984881,24.7069690789106,0 79.6436221130631,24.7069667169023,0 79.643622092118,24.7069643526537,0 79.6436219357101,24.7069619926487,0 79.6436216442685,24.7069596433601,0 79.6436212185925,24.706957311231,0 79.6436207632805,24.7069554300058,0 79.6436230705428,24.7069553416146,0 79.6436256621914,24.7069551169925,0 79.6436282372966,24.706954768016,0 79.6436307887133,24.7069542956534,0 79.6436333093619,24.7069537012153,0 79.6436357922483,24.7069529863511,0 79.6436382304833,24.7069521530445,0 79.6436406173015,24.7069512036075,0 79.64364294608,24.7069501406745,0 79.6436452103572,24.7069489671951,0 79.6436474038503,24.7069476864251,0 79.6436495204731,24.7069463019184,0 79.6436515543525,24.7069448175166,0 79.643653499845,24.7069432373385,0 79.6436553515525,24.7069415657686,0 79.6436571043371,24.7069398074452,0 79.6436587533352,24.7069379672469,0 79.6436602939713,24.7069360502799,0 79.6436617219706,24.7069340618632,0 79.6436630333708,24.7069320075141,0 79.6436642245332,24.7069298929328,0 79.6436652921526,24.7069277239867,0 79.6436662332668,24.706925506694,0 79.6436670452643,24.7069232472071,0 79.6436677258921,24.7069209517954,0 79.6436682732617,24.706918626828,0 79.6436686858543,24.706916278756,0 79.643668962525,24.7069139140947,0 79.6436691025063,24.7069115394054,0 79.6436691054096,24.706909161277,0 79.643668971227,24.7069067863084,0 79.6436687003308,24.7069044210892,0 79.6436682934726,24.7069020721824,0 79.6436640934647,24.7068813721834,0 79.6436638306655,24.7068802459065,0 79.6436708497816,24.7068596564746,0 79.6436719225334,24.7068581981518,0 79.6436732427889,24.706856184674,0 79.6436744467132,24.7068541112379,0 79.6436755310523,24.7068519834475,0 79.6436764928757,24.7068498070535,0 79.6436773295839,24.7068475879379,0 79.6436780389154,24.7068453320984,0 79.6436786189533,24.7068430456317,0 79.6436790681298,24.7068407347176,0 79.643679385231,24.7068384056017,0 79.6436795693998,24.7068360645788,0 79.6436796201386,24.706833717976,0 79.6436795373101,24.7068313721354,0 79.6436793211383,24.7068290333972,0 79.6436789722074,24.7068267080822,0 79.6436784914605,24.7068244024749,0 79.6436778801968,24.7068221228069,0 79.6436771400685,24.7068198752391,0 79.6436762730759,24.7068176658462,0 79.6436752815621,24.7068155005995,0 79.6436741682071,24.7068133853508,0 79.6436729360197,24.7068113258172,0 79.6436715883303,24.7068093275647,0 79.6436701287812,24.7068073959942,0 79.6436685613172,24.706805536326,0 79.6436668901745,24.7068037535863,0 79.6436651198698,24.7068020525931,0 79.6436632551877,24.7068004379438,0 79.6436613011678,24.7067989140022,0 79.643648040949,24.7067891050754,0 79.6436375595734,24.7067801779757,0 79.6436393906018,24.7067795901368,0 79.6436417634444,24.7067786994569,0 79.6436440824965,24.706777697498,0 79.6436463415097,24.7067765869599,0 79.6436485343972,24.7067753708348,0 79.6436506552504,24.7067740523994,0 79.6436526983548,24.7067726352063,0 79.6436546582053,24.706771123074,0 79.6436565295212,24.7067695200769,0 79.6436583072604,24.7067678305341,0 79.6436599866328,24.7067660589979,0 79.6436615631136,24.7067642102418,0 79.6436630324549,24.7067622892471,0 79.6436643906977,24.7067603011897,0 79.6436656341823,24.7067582514265,0 79.6436667595583,24.7067561454803,0 79.6436677637933,24.7067539890255,0 79.6436686441815,24.7067517878726,0 79.6436693983508,24.7067495479524,0 79.6436700242691,24.7067472753003,0 79.6436705202499,24.7067449760398,0 79.6436708849568,24.7067426563661,0 79.6436711174072,24.7067403225295,0 79.6436712169747,24.7067379808183,0 79.6436714169691,24.706723780818,0 79.643671401835,24.7067219408938,0 79.6436713046441,24.7067201030609,0 79.6436706046404,24.706710803061,0 79.6436703570513,24.7067084306381,0 79.6436699727641,24.7067060734557,0 79.6436694528497,24.706703738082,0 79.6436687987568,24.7067014310247,0 79.6436681744434,24.7066996271752,0 79.643669587838,24.7066996064295,0 79.6436721703888,24.7066994446881,0 79.6436747401262,24.7066991596393,0 79.6436772900001,24.7066987520653,0 79.6436798130148,24.7066982230841,0 79.6436823022482,24.7066975741472,0 79.6436847508711,24.7066968070349,0 79.6436871521657,24.7066959238518,0 79.6436894995438,24.7066949270208,0 79.6436917865654,24.706693819277,0 79.6436940069559,24.7066926036594,0 79.6436961546236,24.7066912835031,0 79.6436982236763,24.7066898624299,0 79.6437002084375,24.7066883443388,0 79.6437021034619,24.7066867333945,0 79.6437039035505,24.7066850340168,0 79.6437056037647,24.706683250868,0 79.6437071994398,24.7066813888402,0 79.6437086861981,24.706679453042,0 79.6437100599606,24.7066774487842,0 79.6437113169584,24.7066753815657,0 79.6437124537428,24.7066732570579,0 79.6437131359831,24.7066718925765,0 79.6437316968401,24.7066376188027,0 79.6437320486473,24.7066369556035,0 79.6437360486453,24.7066292556022,0 79.6437370693904,24.7066271541245,0 79.6437379717019,24.7066250079021,0 79.6437387532399,24.7066228225007,0 79.6437394119775,24.7066206035875,0 79.6437399462066,24.706618356917,0 79.6437403545417,24.7066160883154,0 79.643740635924,24.7066138036657,0 79.6437407896236,24.7066115088928,0 79.6437407962952,24.7066109102025,0 79.6437431635286,24.7066106427998,0 79.6437457442611,24.7066102233522,0 79.6437482970185,24.7066096794965,0 79.6437508146195,24.7066090127625,0 79.6437532899818,24.706608225026,0 79.6437557161415,24.706607318503,0 79.6437580862736,24.7066062957437,0 79.6437736862776,24.7065990957416,0 79.6437759978876,24.7065979574354,0 79.6437782400451,24.7065967085678,0 79.6437804064194,24.7065953526649,0 79.6437824908937,24.7065938935551,0 79.6437844875825,24.7065923353583,0 79.643786390848,24.706590682474,0 79.6437881953165,24.7065889395692,0 79.6437898958929,24.7065871115651,0 79.6437914877757,24.7065852036229,0 79.6437929664702,24.7065832211298,0 79.6437943278012,24.7065811696834,0 79.643795567925,24.7065790550759,0 79.6437966833402,24.706576883278,0 79.6437976708974,24.7065746604219,0 79.6437985278081,24.7065723927836,0 79.6438135277939,24.7065289927784,0 79.6438142382266,24.7065267341047,0 79.6438148190366,24.7065244447201,0 79.64381526865,24.7065221308279,0 79.6438155858486,24.7065197986978,0 79.6438157697729,24.7065174546489,0 79.6438158199245,24.7065151050329,0 79.6438157361677,24.706512756216,0 79.6438155187293,24.7065104145629,0 79.6438151681984,24.7065080864183,0 79.643814685525,24.7065057780906,0 79.6438140720169,24.7065034958346,0 79.6438133293364,24.7065012458341,0 79.6438124594959,24.706499034186,0 79.6438114648524,24.7064968668827,0 79.643810348101,24.7064947497969,0 79.6438091122676,24.706492688665,0 79.6438077607008,24.7064906890719,0 79.6438062970629,24.7064887564356,0 79.6438057851772,24.7064881505262,0 79.6438058849427,24.7064881296717,0 79.643808380849,24.7064874802752,0 79.6438108359979,24.7064867120868,0 79.6438132436192,24.7064858272247,0 79.643815597074,24.7064848281288,0 79.6438178898729,24.7064837175543,0 79.6438201156935,24.7064824985633,0 79.6438222683982,24.7064811745172,0 79.643824342051,24.7064797490671,0 79.643826330934,24.7064782261434,0 79.6438282295628,24.7064766099457,0 79.6438389295632,24.7064670099433,0 79.6438407321502,24.7064653054781,0 79.6438424343404,24.7064635169484,0 79.643844031443,24.7064616492828,0 79.6438455190568,24.7064597076281,0 79.6438468930824,24.706457697335,0 79.6438481497333,24.7064556239432,0 79.6438492855466,24.7064534931665,0 79.6438499327052,24.7064520974126,0 79.6438505412853,24.7064518679679,0 79.6438528741303,24.7064508550836,0 79.6438551458599,24.7064497322416,0 79.6438766458647,24.7064384322384,0 79.6438772384496,24.706438102373,0 79.6438773933731,24.706438250275,0 79.6438792645327,24.7064398600551,0 79.6438812247796,24.7064413787882,0 79.6438832688114,24.7064428023661,0 79.6438853910993,24.7064441269382,0 79.6438875859027,24.7064453489217,0 79.6438898472848,24.7064464650112,0 79.6438921691288,24.7064474721879,0 79.6438945451544,24.7064483677274,0 79.6438969689346,24.7064491492073,0 79.6438994339134,24.7064498145139,0 79.6439019334233,24.7064503618475,0 79.6439044607032,24.7064507897276,0 79.6439070089172,24.706451096997,0 79.6439095711726,24.7064512828244,0 79.6439121405387,24.7064513467072,0 79.6439147100657,24.7064512884726,0 79.6439172728031,24.7064511082782,0 79.6439198218192,24.7064508066112,0 79.6439223502189,24.7064503842878,0 79.6439248511633,24.7064498424502,0 79.6439273178875,24.7064491825642,0 79.6439297437193,24.7064484064145,0 79.643932122097,24.7064475161006,0 79.6439344465874,24.7064465140308,0 79.643936710903,24.7064454029154,0 79.6439389089189,24.7064441857601,0 79.6439410346898,24.7064428658571,0 79.6439430824656,24.7064414467765,0 79.6439450467074,24.7064399323569,0 79.6439469221021,24.7064383266946,0 79.6439487035768,24.7064366341327,0 79.6439503731043,24.7064348731815,0 79.6439507186436,24.7064352755575,0 79.6439523997989,24.7064370372846,0 79.643954178503,24.7064387171749,0 79.6439560499891,24.7064403107266,0 79.643958009242,24.706441813669,0 79.6439600510109,24.7064432219745,0 79.6439621698242,24.7064445318689,0 79.6439643600037,24.7064457398418,0 79.6439666156798,24.706446842656,0 79.6439689308077,24.7064478373562,0 79.643971299183,24.7064487212764,0 79.6439737144587,24.706449492048,0 79.6439761701621,24.7064501476054,0 79.6439786597122,24.7064506861917,0 79.6439811764373,24.7064511063636,0 79.6439837135927,24.7064514069951,0 79.6439862643792,24.7064515872805,0 79.6439888219609,24.7064516467366,0 79.6439913794837,24.7064515852041,0 79.6439939300938,24.706451402848,0 79.6439964669558,24.7064511001568,0 79.6439989832711,24.7064506779419,0 79.6440014722963,24.7064501373346,0 79.644003927361,24.7064494797839,0 79.6440063418859,24.7064487070517,0 79.6440087094004,24.706447821209,0 79.6440567094138,24.7064285212033,0 79.6440589235304,24.706427570504,0 79.6440610834314,24.7064265208735,0 79.6440631838237,24.7064253748838,0 79.6440652195603,24.7064241353433,0 79.6441127195683,24.7063936353348,0 79.6441147770057,24.7063922400686,0 79.6441167525129,24.7063907492614,0 79.6441186407794,24.7063891669211,0 79.6441204367289,24.7063874973013,0 79.6441221355335,24.7063857448903,0 79.6441237326263,24.7063839143992,0 79.6441252237139,24.7063820107488,0 79.644126604788,24.7063800390565,0 79.6441278721359,24.7063780046229,0 79.6441290223505,24.7063759129169,0 79.6441300523399,24.7063737695616,0 79.6441309593351,24.7063715803189,0 79.6441317408979,24.7063693510742,0 79.6441323949274,24.7063670878201,0 79.6441329196652,24.7063647966409,0 79.6441333137007,24.7063624836958,0 79.6441335759748,24.7063601552027,0 79.6441336491599,24.7063588371676,0 79.6441342897391,24.706358733558,0 79.6441368153757,24.7063581989231,0 79.6441393068462,24.7063575440323,0 79.6441417572942,24.706356770688,0 79.6441441599764,24.7063558810181,0 79.6441465082807,24.7063548774711,0 79.6441487957447,24.7063537628086,0 79.6441968232522,24.7063288596559,0 79.6442022072445,24.7063269843327,0 79.644204576443,24.7063260941942,0 79.6442068919666,24.7063250931019,0 79.6442091475936,24.7063239837457,0 79.6442113372635,24.7063227691063,0 79.6442134550927,24.7063214524474,0 79.6442154953908,24.7063200373067,0 79.6442174526758,24.7063185274865,0 79.6442193216885,24.7063169270436,0 79.6442210974072,24.7063152402783,0 79.6442227750606,24.7063134717227,0 79.64422997506,24.7063054717208,0 79.6442302198481,24.706305197551,0 79.6442364198476,24.7062981975494,0 79.6442380086797,24.7062963034463,0 79.6442394857384,24.7062943352999,0 79.6442408468973,24.7062922986085,0 79.6442420883536,24.7062901990622,0 79.644243206639,24.7062880425265,0 79.6442441986294,24.7062858350262,0 79.6442450615534,24.7062835827284,0 79.6442457930003,24.7062812919254,0 79.644255992988,24.7062458919217,0 79.6442565936659,24.7062435568842,0 79.6442570577384,24.7062411959988,0 79.6442573838954,24.7062388159296,0 79.6442575712163,24.7062364233952,0 79.6442576191724,24.7062340251492,0 79.644257548697,24.7062321796732,0 79.6442582063981,24.7062321574736,0 79.6442607624557,24.7062319494309,0 79.6442633032461,24.7062316204644,0 79.6442658219188,24.7062311714612,0 79.6442683116829,24.7062306036318,0 79.6442707658253,24.7062299185073,0 79.6442731777293,24.7062291179349,0 79.6442755408919,24.7062282040731,0 79.6442778489414,24.7062271793859,0 79.6442800956548,24.706226046636,0 79.6442822749745,24.7062248088777,0 79.6442843810246,24.7062234694481,0 79.6442864081267,24.7062220319587,0 79.6442883508153,24.7062205002852,0 79.6442902038525,24.7062188785573,0 79.6442919622422,24.7062171711477,0 79.6442936212433,24.7062153826598,0 79.6442946414313,24.7062141593679,0 79.6442952777623,24.7062142185138,0 79.6442978452486,24.7062143344215,0 79.644300415859,24.706214328216,0 79.6443029826388,24.706214199914,0 79.6443055386433,24.7062139498626,0 79.6443080769573,24.7062135787385,0 79.6443105907131,24.7062130875456,0 79.6443130731097,24.7062124776129,0 79.6443155174308,24.7062117505906,0 79.6443581174439,24.7061979505865,0 79.6443604918497,24.7061971179815,0 79.6443628162223,24.7061961748906,0 79.6443650844059,24.7061951238115,0 79.6443672903933,24.7061939675279,0 79.6443694283422,24.7061927091021,0 79.6443714925906,24.7061913518669,0 79.6443734776714,24.7061898994168,0 79.6443753783273,24.7061883555985,0 79.6443771895248,24.7061867245007,0 79.6443789064669,24.706185010443,0 79.6443805246065,24.7061832179651,0 79.6443820396582,24.7061813518142,0 79.6443834476096,24.7061794169325,0 79.6443847447317,24.7061774184444,0 79.6443853728705,24.7061763262107,0 79.6444340171174,24.7061968029293,0 79.6444364139019,24.7061977426253,0 79.6444388616175,24.7061985655013,0 79.6444413534467,24.7061992692653,0 79.6444438824493,24.7061998519573,0 79.6444464415813,24.7062003119543,0 79.6444490237149,24.706200647975,0 79.6444516216583,24.7062008590837,0 79.6444542281756,24.7062009446922,0 79.6444568360071,24.7062009045622,0 79.6444594378893,24.7062007388054,0 79.6444620265754,24.7062004478836,0 79.6444645948552,24.7062000326069,0 79.6444671355755,24.7061994941321,0 79.6444696416599,24.7061988339589,0 79.6444721061281,24.706198053926,0 79.6444745221162,24.706197156206,0 79.6444768828951,24.7061961432994,0 79.6444791818893,24.7061950180272,0 79.6444814126957,24.7061937835236,0 79.6444835691009,24.7061924432271,0 79.644485645099,24.7061910008706,0 79.6444876349076,24.7061894604714,0 79.6444895329847,24.7061878263199,0 79.6444913340438,24.7061861029677,0 79.6444930330685,24.7061842952146,0 79.6444946253265,24.7061824080957,0 79.6444961063832,24.7061804468671,0 79.6444974721133,24.7061784169912,0 79.6444987187131,24.7061763241216,0 79.6444998427104,24.7061741740877,0 79.6445008409747,24.7061719728776,0 79.6445017107256,24.7061697266223,0 79.6445024495406,24.7061674415781,0 79.644503055362,24.7061651241094,0 79.6445035265023,24.706162780671,0 79.6445038616495,24.7061604177897,0 79.64450405987,24.7061580420468,0 79.6445041206117,24.7061556600594,0 79.6445040437054,24.7061532784617,0 79.6445038293655,24.7061509038872,0 79.6445034781889,24.7061485429494,0 79.6445029911536,24.7061462022243,0 79.6445023696162,24.7061438882312,0 79.6445016153079,24.7061416074152,0 79.6445007303296,24.7061393661289,0 79.6444997171461,24.7061371706147,0 79.6444985785794,24.7061350269878,0 79.6444973178007,24.7061329412185,0 79.6444959383215,24.7061309191163,0 79.6444944439841,24.7061289663132,0 79.6444928389505,24.7061270882481,0 79.6444911276911,24.7061252901519,0 79.6444893149721,24.7061235770328,0 79.6444578162219,24.706095339642,0 79.6444583051708,24.7060953052263,0 79.6444609104455,24.706094993906,0 79.6444634939264,24.7060945565392,0 79.644466048311,24.7060939943621,0 79.6444685663793,24.7060933089635,0 79.6444710410138,24.706092502281,0 79.6444734652199,24.7060915765946,0 79.6444758321455,24.7060905345208,0 79.6444835450306,24.7060869049293,0 79.6444986064753,24.7061126679338,0 79.6444998891042,24.7061147296927,0 79.6445012884744,24.7061167270819,0 79.6445028007248,24.7061186545904,0 79.6445044216829,24.7061205069,0 79.6445061468764,24.7061222788999,0 79.6445079715451,24.7061239657009,0 79.6445098906546,24.706125562649,0 79.6445118989099,24.7061270653378,0 79.6445139907699,24.7061284696215,0 79.6445161604628,24.7061297716252,0 79.6445184020022,24.7061309677566,0 79.6445207092034,24.7061320547155,0 79.6445230757006,24.7061330295028,0 79.6445254949642,24.7061338894288,0 79.6445279603192,24.706134632121,0 79.6445304649634,24.7061352555302,0 79.6445330019861,24.7061357579363,0 79.6445355643874,24.7061361379531,0 79.6445381450971,24.706136394532,0 79.6445407369949,24.7061365269652,0 79.6445433329293,24.7061365348873,0 79.6445459257378,24.7061364182763,0 79.6445485082665,24.706136177454,0 79.6445510733899,24.706135813085,0 79.6445536140304,24.7061353261745,0 79.6445561231782,24.7061347180659,0 79.64455859391,24.7061339904372,0 79.6445610194089,24.7061331452959,0 79.6445633929825,24.706132184974,0 79.644565708082,24.706131112121,0 79.6445679583195,24.7061299296972,0 79.6445701374865,24.7061286409649,0 79.6445722395703,24.7061272494799,0 79.6445742587709,24.7061257590816,0 79.6445761895172,24.7061241738821,0 79.644578026482,24.7061224982553,0 79.6445797645968,24.7061207368244,0 79.644581399066,24.7061188944493,0 79.6445829253798,24.7061169762136,0 79.644584339327,24.7061149874097,0 79.6445856370063,24.7061129335252,0 79.6445868148372,24.7061108202269,0 79.6445878695699,24.7061086533456,0 79.6445887982944,24.7061064388602,0 79.6445895984482,24.7061041828807,0 79.6445902678235,24.7061018916315,0 79.6445906513045,24.7061002339668,0 79.6445932135117,24.7061056658492,0 79.6445943202526,24.706107850022,0 79.6445955528395,24.7061099772113,0 79.6445969077695,24.7061120413715,0 79.6445983811916,24.7061140366361,0 79.6445999689184,24.7061159573344,0 79.6446016664374,24.7061177980077,0 79.6446034689241,24.7061195534246,0 79.6446053712558,24.7061212185961,0 79.6446073680259,24.7061227887897,0 79.6446094535595,24.7061242595428,0 79.6446116219293,24.7061256266754,0 79.6446138669726,24.706126886302,0 79.644616182309,24.7061280348427,0 79.644618561358,24.7061290690332,0 79.6446209973582,24.7061299859343,0 79.6446234833864,24.7061307829401,0 79.644626012377,24.7061314577854,0 79.6446285771426,24.7061320085524,0 79.6446311703938,24.7061324336756,0 79.6446337847605,24.7061327319469,0 79.644634491225,24.7061327777994,0 79.6446385547382,24.7061391159988,0 79.6446399225293,24.7061411266484,0 79.6446414038097,24.7061430690389,0 79.644642994507,24.7061449378299,0 79.6446446902475,24.7061467278834,0 79.6446464863689,24.7061484342776,0 79.644648377933,24.706150052321,0 79.6446503597389,24.7061515775648,0 79.644652426338,24.7061530058156,0 79.6446545720482,24.7061543331464,0 79.64465679097,24.7061555559079,0 79.6446590770028,24.7061566707382,0 79.6446614238611,24.706157674572,0 79.6446638250926,24.7061585646495,0 79.6446662740951,24.7061593385235,0 79.6446687641353,24.7061599940661,0 79.6446712883671,24.7061605294751,0 79.6446738398502,24.7061609432784,0 79.6446764115695,24.7061612343383,0 79.6446789964542,24.7061614018545,0 79.6446815873975,24.7061614453664,0 79.6446841772756,24.7061613647544,0 79.6446867589679,24.7061611602402,0 79.6446893253763,24.706160832386,0 79.6446918694445,24.7061603820933,0 79.6446943841778,24.7061598106001,0 79.6446968626622,24.7061591194776,0 79.6446992980832,24.7061583106261,0 79.6447016837448,24.7061573862695,0 79.6447040130878,24.7061563489492,0 79.6447062797079,24.7061552015172,0 79.6447084773731,24.7061539471283,0 79.6447106000411,24.7061525892314,0 79.6447126418758,24.70615113156,0 79.6447145972633,24.7061495781217,0 79.6447225972638,24.7061428781199,0 79.6447244898859,24.7061412061328,0 79.6447262823503,24.706139444443,0 79.6447279695698,24.7061375980505,0 79.6447295467557,24.7061356721957,0 79.6447310094319,24.7061336723443,0 79.644732353447,24.7061316041723,0 79.6447335749865,24.7061294735493,0 79.6447346705836,24.7061272865225,0 79.6447356371288,24.7061250492988,0 79.6447364718788,24.7061227682279,0 79.6447371724647,24.7061204497838,0 79.644737736898,24.7061181005465,0 79.6447381635767,24.7061157271834,0 79.64473845129,24.7061133364306,0 79.644739151287,24.7061056364302,0 79.6447392955715,24.7061033432872,0 79.6447393119975,24.7061010464083,0 79.6447392005224,24.7060987517389,0 79.6447389614348,24.7060964652187,0 79.6447385953537,24.7060941927663,0 79.6447381032265,24.7060919402637,0 79.6447374863271,24.7060897135415,0 79.6447367462525,24.7060875183636,0 79.6447358849182,24.7060853604119,0 79.6447349045537,24.7060832452724,0 79.6447338076968,24.7060811784199,0 79.6447325971865,24.7060791652044,0 79.6447312761563,24.706077210837,0 79.6447298480256,24.7060753203766,0 79.6447187664087,24.7060614214055,0 79.6447095352406,24.7060485537226,0 79.6447080333366,24.7060465771338,0 79.6447064182912,24.706044676448,0 79.6447046946918,24.7060428570636,0 79.644702867434,24.7060411241484,0 79.6447009417079,24.7060394826247,0 79.6446989229833,24.7060379371548,0 79.644696816994,24.7060364921284,0 79.644694629722,24.7060351516501,0 79.6446940363476,24.706034828485,0 79.6446943187852,24.7060062069715,0 79.6446942710795,24.7060037755213,0 79.6446940801255,24.7060013499452,0 79.6446937464771,24.7059989372807,0 79.6446932711024,24.7059965445282,0 79.6446926553808,24.7059941786302,0 79.6446919010986,24.7059918464511,0 79.6446910104446,24.7059895547578,0 79.6446899860028,24.7059873101994,0 79.6446888307457,24.7059851192886,0 79.6446875480251,24.7059829883821,0 79.6446861415629,24.7059809236628,0 79.6446846154399,24.7059789311212,0 79.644682974084,24.7059770165387,0 79.6446812222577,24.7059751854703,0 79.6446793650437,24.7059734432289,0 79.6446784650437,24.7059726432291,0 79.6446766596442,24.7059711164821,0 79.6446747733095,24.7059696737033,0 79.644672810714,24.7059683184683,0 79.6446707767215,24.7059670541354,0 79.6446686763725,24.7059658838378,0 79.644666799971,24.7059649520509,0 79.6446665939316,24.7059635322051,0 79.6446660857497,24.7059610798491,0 79.6446654299891,24.7059586568957,0 79.6446646286542,24.7059562707504,0 79.644662228652,24.705949770751,0 79.6446613416504,24.7059475604915,0 79.6446603297364,24.7059453954739,0 79.6446591956613,24.7059432815846,0 79.6446579425085,24.7059412245712,0 79.6446565736854,24.7059392300265,0 79.6446550929136,24.7059373033737,0 79.6446535042193,24.7059354498512,0 79.644651811922,24.7059336744985,0 79.6446500206231,24.7059319821427,0 79.6446481351929,24.7059303773853,0 79.6446461607578,24.7059288645895,0 79.6446441026863,24.7059274478685,0 79.6446419665739,24.7059261310742,0 79.6446397582288,24.705924917787,0 79.6446374836552,24.7059238113056,0 79.6446351490375,24.7059228146385,0 79.6446327607235,24.7059219304957,0 79.6446303252068,24.705921161281,0 79.6446278491095,24.7059205090859,0 79.6446253391639,24.7059199756836,0 79.6446228021943,24.7059195625244,0 79.6446202450986,24.7059192707318,0 79.6446196283248,24.7059192300259,0 79.6446189586079,24.7059189390723,0 79.6446165857947,24.7059180431067,0 79.6446145220561,24.7059173762248,0 79.6446072537386,24.7059077966459,0 79.6446028001713,24.7058994735912,0 79.6446015303439,24.7058972581827,0 79.6446001281847,24.7058951104025,0 79.644598597996,24.7058930368404,0 79.6445969444726,24.7058910438585,0 79.6445952545776,24.7058892256779,0 79.6445963113846,24.7058857504037,0 79.6445992397926,24.7058802521645,0 79.6446003060028,24.7058781101381,0 79.6446012485935,24.7058759202728,0 79.6446020650041,24.7058736885176,0 79.6446027530167,24.705871420935,0 79.6446033107624,24.7058691236852,0 79.644603736726,24.7058668030087,0 79.6446040297503,24.7058644652098,0 79.6446041890395,24.7058621166391,0 79.6446042141606,24.7058597636768,0 79.6446041050456,24.7058574127148,0 79.6446038619908,24.7058550701396,0 79.6446034856566,24.705852742315,0 79.6446029770651,24.7058504355645,0 79.6446023375982,24.7058481561545,0 79.6446015689929,24.7058459102774,0 79.6446006733372,24.7058437040339,0 79.6445996530642,24.7058415434177,0 79.6445985109455,24.705839434298,0 79.6445972500838,24.7058373824044,0 79.6445969678368,24.7058369744521,0 79.6445966972799,24.7058361199406,0 79.6445958449203,24.7058338770908,0 79.6445948646717,24.7058316782754,0 79.6445937592451,24.7058295295751,0 79.6445925316974,24.7058274369321,0 79.6445911854233,24.7058254061335,0 79.6445897241461,24.7058234427955,0 79.6445881519067,24.7058215523476,0 79.6445864730532,24.7058197400178,0 79.6445846922283,24.705818010818,0 79.644582814357,24.7058163695302,0 79.6445808446324,24.7058148206935,0 79.6445787885017,24.705813368591,0 79.6445766516511,24.7058120172385,0 79.6445744399901,24.7058107703732,0 79.6445721596348,24.7058096314431,0 79.6445698168915,24.705808603598,0 79.6445674182391,24.7058076896804,0 79.6445649703109,24.7058068922176,0 79.6445624798765,24.705806213415,0 79.6445599538233,24.7058056551499,0 79.6445573991369,24.705805218966,0 79.6445548228823,24.7058049060697,0 79.6445522321839,24.7058047173262,0 79.6445496342063,24.7058046532575,0 79.6445470361341,24.7058047140409,0 79.6445448422075,24.7058048710861,0 79.6445439894354,24.7058036762129,0 79.6445424893233,24.7058017940708,0 79.6445408849924,24.7057999850771,0 79.6445391807093,24.7057982540425,0 79.6445373810062,24.7057966055706,0 79.6445354906692,24.7057950440452,0 79.6445335147255,24.705793573619,0 79.6445314584297,24.7057921982023,0 79.6445293272504,24.705790921453,0 79.6445271268551,24.7057897467664,0 79.6445248630955,24.7057886772663,0 79.6445225419917,24.705787715797,0 79.6445201697165,24.7057868649154,0 79.6445177525785,24.7057861268843,0 79.6445152970058,24.7057855036664,0 79.6445128095287,24.705784996919,0 79.6445102967623,24.7057846079898,0 79.6445077653889,24.705784337913,0 79.6445052221404,24.705784187407,0 79.6445026737803,24.7057841568719,0 79.6445001270855,24.7057842463889,0 79.6444975888287,24.7057844557201,0 79.64449506576,24.7057847843087,0 79.6444925645891,24.7057852312808,0 79.6444910624242,24.7057855740231,0 79.6444908145641,24.7057838508374,0 79.644490344839,24.7057815310874,0 79.6444897431087,24.7057792369193,0 79.6444890110162,24.7057769745971,0 79.6444881505605,24.7057747502981,0 79.6444871640912,24.7057725700958,0 79.6444860543017,24.7057704399431,0 79.6444848242224,24.7057683656565,0 79.6444834772119,24.7057663528997,0 79.6444820169483,24.7057644071686,0 79.6444804474188,24.705762533776,0 79.6444787729089,24.7057607378371,0 79.644476997991,24.7057590242558,0 79.6444751275115,24.7057573977109,0 79.6444731665776,24.7057558626438,0 79.6444711205437,24.7057544232458,0 79.6444689949964,24.7057530834474,0 79.6444667957396,24.7057518469067,0 79.6444645287783,24.7057507170001,0 79.6444622003023,24.7057496968129,0 79.6444598166697,24.7057487891307,0 79.6444573843889,24.7057479964318,0 79.6444549101011,24.7057473208807,0 79.6444524005624,24.705746764322,0 79.6444498626252,24.7057463282754,0 79.6444490800763,24.7057462321635,0 79.6444494220948,24.7057455121906,0 79.644450305187,24.7057433591877,0 79.6444510671475,24.7057411679063,0 79.6444517060002,24.7057389440296,0 79.6444522200883,24.7057366933253,0 79.6444526080783,24.7057344216307,0 79.6444528689641,24.7057321348375,0 79.6444547689556,24.7057100348365,0 79.644454904234,24.7057076642973,0 79.6444549029333,24.7057052905393,0 79.6444547650573,24.7057029201249,0 79.6444544909869,24.7057005596072,0 79.6444540814799,24.7056982155119,0 79.6444535376684,24.7056958943192,0 79.6444528610557,24.7056936024462,0 79.6444520535124,24.7056913462288,0 79.644451117271,24.7056891319042,0 79.6444500549198,24.7056869655942,0 79.6444488693955,24.7056848532875,0 79.6444475639757,24.7056828008236,0 79.6444461422693,24.7056808138766,0 79.6444446082064,24.7056788979394,0 79.6444429660282,24.7056770583087,0 79.6444412202744,24.7056753000702,0 79.6444393757712,24.7056736280845,0 79.6444374376178,24.705672046974,0 79.6444354111722,24.7056705611095,0 79.6444333020366,24.7056691745989,0 79.6444311160418,24.7056678912751,0 79.644428859231,24.7056667146859,0 79.6444265378431,24.7056656480841,0 79.6444241582957,24.7056646944182,0 79.6444217271671,24.7056638563247,0 79.6444192511783,24.7056631361205,0 79.644416737174,24.7056625357967,0 79.6444141921044,24.7056620570128,0 79.6444116230052,24.7056617010924,0 79.644409036979,24.7056614690196,0 79.6444064411747,24.7056613614358,0 79.644405682034,24.7056613664616,0 79.6444057166586,24.7056610977548,0 79.6444058843641,24.7056587297419,0 79.6444059156369,24.7056563569504,0 79.6444058103906,24.7056539859354,0 79.6444055689159,24.7056516232473,0 79.64440519188,24.7056492754134,0 79.6444046803244,24.7056469489201,0 79.6444040356626,24.7056446501945,0 79.6444032596754,24.7056423855875,0 79.6444023545066,24.7056401613552,0 79.644401322657,24.7056379836426,0 79.6444001669773,24.705635858466,0 79.6443988906601,24.7056337916964,0 79.6443974972316,24.7056317890438,0 79.6443959905412,24.7056298560407,0 79.6443943747516,24.7056279980274,0 79.6443926543266,24.705626220137,0 79.6443908340192,24.7056245272813,0 79.644378706979,24.7056138269549,0 79.644367211902,24.7055992630635,0 79.6443669969518,24.7055974010958,0 79.6443665957251,24.7055950857357,0 79.6443660634803,24.705592792522,0 79.6443654016524,24.7055905276373,0 79.6443646120257,24.705588297188,0 79.6443636967292,24.7055861071875,0 79.6443626582305,24.7055839635404,0 79.6443614993295,24.7055818720259,0 79.6443602231508,24.705579838283,0 79.6443588331351,24.7055778677949,0 79.6443573330298,24.7055759658742,0 79.6443557268795,24.7055741376485,0 79.6443540190145,24.7055723880469,0 79.6443522140393,24.7055707217866,0 79.6443503168202,24.7055691433598,0 79.6443483324724,24.7055676570221,0 79.6443462663457,24.7055662667809,0 79.6443441240108,24.7055649763843,0 79.6443419112433,24.7055637893113,0 79.6443396340093,24.7055627087624,0 79.6443372984482,24.7055617376508,0 79.6443349108569,24.7055608785948,0 79.6443324776726,24.7055601339104,0 79.6443300054554,24.7055595056053,0 79.6443275008704,24.7055589953735,0 79.6443249706704,24.7055586045906,0 79.6443224216768,24.7055583343103,0 79.6443198607621,24.7055581852611,0 79.6443172948306,24.705558157845,0 79.6443147308004,24.7055582521358,0 79.6443124357812,24.7055584459103,0 79.6443122546488,24.7055563225236,0 79.6443119217178,24.7055539928419,0 79.6443114565682,24.7055516821369,0 79.6443108604597,24.7055493966665,0 79.6443101350068,24.7055471426202,0 79.644309282174,24.7055449261024,0 79.644308304271,24.7055427531158,0 79.6443072039462,24.7055406295453,0 79.6443059841794,24.705538561142,0 79.6443046482741,24.7055365535074,0 79.6443031998481,24.7055346120786,0 79.644301642824,24.7055327421134,0 79.6442999814186,24.705530948676,0 79.6442982201313,24.7055292366234,0 79.6442963637319,24.7055276105922,0 79.6442944172481,24.7055260749859,0 79.6442923859511,24.7055246339632,0 79.6442923024671,24.7055245808599,0 79.64429186799,24.7055234334092,0 79.6442908988986,24.7055212500344,0 79.6442898064414,24.7055191158165,0 79.6442885935937,24.7055170365675,0 79.6442872636586,24.7055150179502,0 79.6442858202579,24.7055130654619,0 79.6442842673225,24.7055111844201,0 79.6442826090817,24.7055093799474,0 79.6442808500515,24.7055076569581,0 79.6442789950224,24.7055060201446,0 79.6442770490463,24.7055044739645,0 79.6442750174228,24.7055030226286,0 79.6442729056849,24.7055016700894,0 79.6442707195834,24.7055004200305,0 79.6442684650721,24.7054992758562,0 79.6442661482907,24.7054982406824,0 79.6442637755488,24.7054973173284,0 79.6442613533081,24.7054965083088,0 79.6442588881654,24.7054958158269,0 79.6442563868341,24.7054952417684,0 79.6442538561262,24.7054947876969,0 79.6442513029339,24.7054944548489,0 79.6442487342104,24.7054942441308,0 79.644246570405,24.7054941702362,0 79.6442452721392,24.7054926367511,0 79.64423704729,24.7054834398779,0 79.6442274807815,24.7054677410009,0 79.644226197322,24.7054657558446,0 79.6442248045979,24.7054638331327,0 79.6442233062414,24.7054619778793,0 79.64422170616,24.7054601949229,0 79.6442200085267,24.7054584889131,0 79.6442182177686,24.7054568642991,0 79.644216338556,24.7054553253179,0 79.6442143757897,24.7054538759828,0 79.6442123345884,24.7054525200736,0 79.6442102202754,24.7054512611265,0 79.6442080383645,24.7054501024246,0 79.6442057945462,24.7054490469898,0 79.6442034946719,24.7054480975745,0 79.6442011447397,24.7054472566547,0 79.6441987508779,24.7054465264235,0 79.6441963193294,24.7054459087852,0 79.6441784193352,24.7054418087868,0 79.6441759459954,24.7054413034722,0 79.6441734475502,24.7054409146555,0 79.6441709305702,24.7054406433592,0 79.644168401675,24.705440490297,0 79.6441658675156,24.7054404558712,0 79.6441633347565,24.7054405401725,0 79.6441608100589,24.7054407429791,0 79.6441583000625,24.7054410637577,0 79.6441558113687,24.7054415016646,0 79.6441533505224,24.7054420555482,0 79.6441509239957,24.7054427239518,0 79.6441485381702,24.7054435051175,0 79.6441461993204,24.7054443969908,0 79.6441439135975,24.7054453972263,0 79.6441416870128,24.7054465031932,0 79.6441395254222,24.705447711983,0 79.6441374345104,24.7054490204167,0 79.6441354197766,24.705450425053,0 79.6441334865193,24.7054519221979,0 79.644131639823,24.7054535079139,0 79.6441298845443,24.7054551780307,0 79.6441282252997,24.7054569281559,0 79.6441273252996,24.7054579281557,0 79.6441255991791,24.7054599615293,0 79.6441251991791,24.7054604615292,0 79.6441237517632,24.7054623721317,0 79.6441224138679,24.7054643482319,0 79.644121189037,24.7054663845955,0 79.6441200805147,24.7054684758288,0 79.6441190912371,24.7054706163927,0 79.6441182238246,24.7054728006174,0 79.6441174805748,24.7054750227174,0 79.6441168634564,24.705477276807,0 79.6441163741039,24.7054795569156,0 79.6441160138135,24.7054818570039,0 79.644115889353,24.7054831076831,0 79.6441149921085,24.7054835599941,0 79.644112784219,24.7054848157807,0 79.6441106517066,24.7054861759378,0 79.6441086004775,24.7054876366985,0 79.6441066362128,24.705489194017,0 79.6441047643528,24.7054908435801,0 79.6441029900818,24.7054925808192,0 79.6441013183138,24.7054944009229,0 79.644099753679,24.70549629885,0 79.6440983005108,24.7054982693442,0 79.644096962834,24.7055003069479,0 79.6440960229224,24.7055019261284,0 79.6440938800927,24.7055009885708,0 79.6440915043412,24.7055000847967,0 79.6440890803101,24.7054992952252,0 79.6440866145728,24.7054986219973,0 79.6440841138154,24.7054980669385,0 79.6440815848192,24.705497631554,0 79.644079034442,24.7054973170245,0 79.6440764695996,24.7054971242029,0 79.644073897247,24.7054970536119,0 79.6440713243594,24.705497105443,0 79.6440687579139,24.7054972795557,0 79.6440662048696,24.7054975754779,0 79.6440636721496,24.705497992407,0 79.6440611666219,24.7054985292126,0 79.6440586950805,24.7054991844389,0 79.6440562642275,24.7054999563092,0 79.6440538806545,24.7055008427305,0 79.644051550825,24.7055018412991,0 79.6440492810568,24.7055029493072,0 79.6440470775046,24.7055041637502,0 79.6440449461438,24.705505481335,0 79.644042892754,24.7055068984888,0 79.6440409229032,24.7055084113686,0 79.644039041933,24.705510015872,0 79.6440372549441,24.7055117076482,0 79.6440355667821,24.7055134821097,0 79.6440339820248,24.7055153344446,0 79.6440325049695,24.70551725963,0 79.6440311396215,24.7055192524455,0 79.6440298896832,24.7055213074873,0 79.644028758544,24.7055234191826,0 79.6440277492712,24.7055255818054,0 79.6440268646017,24.7055277894913,0 79.6440261069342,24.7055300362538,0 79.6440254783236,24.7055323160003,0 79.6440227903931,24.7055432597001,0 79.6440210162745,24.705543736831,0 79.6440185945988,24.7055445150603,0 79.6440162204272,24.705545407116,0 79.6440139001658,24.7055464105911,0 79.6440116400755,24.705547522778,0 79.6440094462544,24.7055487406757,0 79.6440073246222,24.705550060998,0 79.6440052809035,24.7055514801822,0 79.6440033206129,24.7055529943991,0 79.6440014490398,24.7055545995628,0 79.6439996712342,24.7055562913423,0 79.643997991993,24.7055580651726,0 79.6439964158474,24.7055599162674,0 79.6439944272029,24.7055623813573,0 79.643972001248,24.7055717200233,0 79.6439696676185,24.705572760284,0 79.6439673970206,24.7055739110796,0 79.6439651957228,24.7055751692329,0 79.6439630698018,24.7055765312709,0 79.6439610251266,24.7055779934333,0 79.6439590673418,24.7055795516837,0 79.643957201852,24.7055812017204,0 79.6439554338073,24.7055829389881,0 79.6439537680886,24.7055847586911,0 79.6439522092942,24.7055866558057,0 79.6439507617274,24.7055886250947,0 79.6439494293844,24.7055906611216,0 79.6439482159434,24.7055927582658,0 79.6439471247542,24.7055949107378,0 79.6439461588291,24.7055971125954,0 79.6439453208348,24.7055993577602,0 79.6439446130846,24.705601640034,0 79.6439440375323,24.7056039531163,0 79.6439427564441,24.7056098095103,0 79.6439427038288,24.7056098797417,0 79.6439413640365,24.7056118843873,0 79.6439401401826,24.7056139499729,0 79.6439390355794,24.7056160709079,0 79.6439380532168,24.7056182414519,0 79.6439371957534,24.70562045573,0 79.6439364655102,24.7056227077493,0 79.6439358644635,24.7056249914145,0 79.6439353942402,24.7056273005446,0 79.6439350561129,24.7056296288899,0 79.6439348509968,24.7056319701485,0 79.6439347794471,24.7056343179838,0 79.6439348416575,24.705636666041,0 79.6439350374595,24.7056390079651,0 79.6439353663232,24.7056413374174,0 79.6439358273586,24.7056436480931,0 79.6439364193178,24.7056459337383,0 79.6439365216338,24.7056462535363,0 79.6439351883455,24.7056465877381,0 79.6439327491449,24.7056473256544,0 79.6439248491473,24.7056499256536,0 79.6439223924052,24.7056508025458,0 79.6439199903744,24.7056517979252,0 79.643917649897,24.7056529089567,0 79.6439153776396,24.7056541324755,0 79.6439131800748,24.7056554649966,0 79.6439110634619,24.7056569027243,0 79.6439090338301,24.7056584415634,0 79.6439070969606,24.7056600771307,0 79.6439052583705,24.7056618047673,0 79.6439035232968,24.7056636195523,0 79.6439018966817,24.7056655163162,0 79.6439003831586,24.7056674896564,0 79.6438989870387,24.7056695339518,0 79.6438982682529,24.7056707233916,0 79.643896245411,24.7056711819489,0 79.6438937695846,24.7056718707175,0 79.6438913366241,24.7056726769439,0 79.6438889532016,24.7056735984168,0 79.6438866258536,24.7056746326093,0 79.6438843609628,24.705675776685,0 79.6438821647405,24.7056770275063,0 79.6438800432098,24.7056783816431,0 79.6438631432124,24.7056897816399,0 79.6438609677196,24.7056913368023,0 79.6438588907443,24.7056930005766,0 79.6438569187754,24.7056947677646,0 79.6438550579743,24.705696632845,0 79.6438533141545,24.7056985899908,0 79.6438516927644,24.7057006330871,0 79.6438501988698,24.7057027557506,0 79.6438460988686,24.7057089557494,0 79.643844804259,24.7057110361048,0 79.6438436321345,24.7057131762026,0 79.6438425857884,24.7057153700301,0 79.6438416681604,24.7057176114234,0 79.6438408818287,24.7057198940854,0 79.6438402290025,24.7057222116026,0 79.6438397115159,24.7057245574639,0 79.643839330823,24.7057269250783,0 79.6438390879933,24.7057293077941,0 79.6438389837091,24.7057316989166,0 79.6438390182633,24.7057340917279,0 79.6438393762102,24.7057423245832,0 79.6438375574634,24.7057431234509,0 79.6438353482269,24.70574422365,0 79.6438332031519,24.7057454251426,0 79.6438311277987,24.7057467248144,0 79.6438292205535,24.7057480544564,0 79.6438149478873,24.7057538771356,0 79.6438127199449,24.7057548477162,0 79.6438105478293,24.7057559187057,0 79.6438084369588,24.7057570874326,0 79.6438063925989,24.7057583509816,0 79.6438044198494,24.7057597062006,0 79.6438025236312,24.7057611497092,0 79.6438007086744,24.7057626779064,0 79.6437989795064,24.7057642869803,0 79.6437943795064,24.7057687869792,0 79.6437926698527,24.7057705494529,0 79.6437910631258,24.7057723909662,0 79.6437895636972,24.7057743065089,0 79.6437881756466,24.7057762908692,0 79.6437869027504,24.7057783386481,0 79.643785748472,24.7057804442741,0 79.6437847159519,24.7057826020184,0 79.6437838079992,24.7057848060101,0 79.6437830270844,24.7057870502528,0 79.6437823753322,24.7057893286404,0 79.6437818545157,24.7057916349739,0 79.6437817683393,24.7057921514162,0 79.6437812754855,24.7057922924261,0 79.6437788031865,24.7057931345806,0 79.643776383613,24.7057940960733,0 79.643774023662,24.7057951741634,0 79.6437717300606,24.7057963657779,0 79.6437695093468,24.7057976675199,0 79.6437673678507,24.7057990756789,0 79.6437653116767,24.7058005862409,0 79.6437546116778,24.7058088862386,0 79.6437527063763,24.7058104434279,0 79.6437508917738,24.705812088541,0 79.6437491727261,24.7058138171757,0 79.6437475538333,24.7058156247061,0 79.6437460394276,24.7058175062954,0 79.6437446335616,24.7058194569083,0 79.6437433399972,24.7058214713251,0 79.6437421621961,24.7058235441552,0 79.6437411033102,24.7058256698518,0 79.6437401661728,24.7058278427265,0 79.6437393532919,24.7058300569647,0 79.6437386668427,24.7058323066412,0 79.6437381086621,24.7058345857358,0 79.6437376802438,24.7058368881498,0 79.6437373827343,24.7058392077217,0 79.6437372169297,24.7058415382446,0 79.643737209523,24.7058420521608,0 79.6437368745572,24.7058420111245,0 79.6437342758742,24.7058418194856,0 79.6437316697443,24.7058417533046,0 79.6437290634202,24.7058418127658,0 79.6437264641555,24.7058419977036,0 79.6437238791836,24.7058423076035,0 79.6437213156986,24.7058427416029,0 79.6437187808345,24.7058432984941,0 79.6437162816459,24.7058439767272,0 79.6437138250878,24.7058447744148,0 79.6437114179968,24.7058456893368,0 79.6437090670719,24.7058467189472,0 79.6437067788554,24.7058478603804,0 79.6437045597157,24.70584911046,0 79.6437024158283,24.7058504657069,0 79.6437003531597,24.7058519223496,0 79.6436983774503,24.7058534763343,0 79.6436964941984,24.7058551233363,0 79.643694708645,24.705856858772,0 79.6436930257594,24.7058586778117,0 79.6436914502249,24.705860575393,0 79.6436899864262,24.7058625462352,0 79.6436886384371,24.7058645848533,0 79.643687410009,24.705866685574,0 79.6436866056229,24.7058682551109,0 79.6436841065964,24.7058683062347,0 79.6436815384574,24.7058684813525,0 79.643678983791,24.7058687784417,0 79.643676449534,24.7058691966958,0 79.6436739425679,24.7058697349789,0 79.6436714697,24.7058703918294,0 79.6436690376452,24.7058711654638,0 79.6436666530074,24.7058720537813,0 79.6436643222619,24.7058730543698,0 79.6436620517375,24.7058741645124,0 79.6436520517397,24.7058793645108,0 79.6436497836194,24.7058806186871,0 79.6436475923887,24.7058819821735,0 79.6436454843539,24.7058834510459,0 79.643643465582,24.705885021077,0 79.643641541883,24.705886687748,0 79.6436397187934,24.7058884462624,0 79.6436380015599,24.7058902915592,0 79.6436363951247,24.7058922183276,0 79.6436349041112,24.7058942210225,0 79.6436335328105,24.7058962938799,0 79.6436322851692,24.7058984309343,0 79.6436311647781,24.7059006260353,0 79.6436301748615,24.7059028728653,0 79.6436293182686,24.705905164958,0 79.6436292187685,24.7059054866968,0 79.6436252023275,24.7059080332907,0 79.6436248315983,24.7059081731885,0 79.6436224417595,24.7059091434059,0 79.6436201114486,24.7059102277511,0 79.6436178471912,24.7059114231879,0 79.6436156553276,24.7059127263687,0 79.6436135419955,24.7059141336443,0 79.6436115131128,24.705915641074,0 79.6436095743608,24.7059172444367,0 79.6436077311685,24.7059189392426,0 79.6436059886972,24.7059207207458,0 79.6436043518264,24.7059225839577,0 79.6436028251395,24.7059245236609,0 79.6436014129116,24.7059265344237,0 79.6436001190975,24.7059286106156,0 79.6435989473199,24.7059307464228,0 79.6435979008602,24.7059329358644,0 79.6435969826488,24.7059351728096,0 79.6435961952568,24.7059374509944,0 79.6435955408891,24.7059397640394,0 79.6435950213781,24.7059421054674,0 79.6435946381786,24.7059444687219,0 79.6435943923636,24.7059468471853,0 79.6435942846214,24.7059492341973,0 79.6435943152539,24.7059516230737,0 79.6435944841752,24.7059540071251,0 79.6435946711375,24.7059558767556,0 79.6435947652974,24.7059579825333,0 79.6435937294146,24.7059597501546,0 79.6435926210185,24.7059619080718,0 79.6435916388438,24.7059641164227,0 79.6435907856284,24.7059663690514,0 79.6435900637508,24.7059686596782,0 79.6435894752234,24.7059709819177,0 79.6435890216867,24.7059733292964,0 79.643588704405,24.7059756952707,0 79.6435885242629,24.705978073245,0 79.6435884817624,24.7059804565904,0 79.6435885770221,24.705982838663,0 79.643588777021,24.705985738663,0 79.6435888115704,24.7059860874122,0 79.6435876274375,24.7059877622922,0 79.6435863918969,24.7059897179812,0 79.6435861278851,24.7059901887884,0 79.6435845133981,24.7059910550899,0 79.6435824500269,24.7059922928372,0 79.6435804568842,24.7059936231594,0 79.6435801190038,24.705993873244,0 79.6435778154768,24.7059934445743,0 79.6435753003266,24.7059930985237,0 79.6435727690178,24.7059928711435,0 79.6435702282554,24.705992763036,0 79.6435676847693,24.7059927744875,0 79.6435651452969,24.7059929054677,0 79.6435626165645,24.7059931556297,0 79.6435601052703,24.7059935243109,0 79.6435576180663,24.7059940105346,0 79.6435551615406,24.7059946130131,0 79.6435527422,24.7059953301503,0 79.643550366453,24.7059961600468,0 79.6435480405922,24.7059971005043,0 79.6435457707786,24.7059981490318,0 79.6435435630245,24.7059993028519,0 79.6435414231777,24.7060005589083,0 79.6435393569062,24.706001913874,0 79.6435373696832,24.70600336416,0 79.6435354667726,24.7060049059248,0 79.6435336532146,24.7060065350845,0 79.6435319338132,24.7060082473237,0 79.6435242113665,24.7060163464728,0 79.6435222353009,24.7060164816463,0 79.643519697457,24.7060167765246,0 79.6435171797173,24.7060171909788,0 79.6435146888285,24.7060177238983,0 79.6435122314655,24.706018373855,0 79.6435098142131,24.7060191391074,0 79.6435074435488,24.7060200176047,0 79.643505125825,24.7060210069929,0 79.6435028672526,24.7060221046208,0 79.6435006738837,24.7060233075471,0 79.6434985515959,24.7060246125484,0 79.643496506076,24.7060260161276,0 79.6434961275065,24.7060263050573,0 79.6434959259961,24.7060262496803,0 79.6434934797523,24.7060256998903,0 79.6434910060182,24.7060252646892,0 79.6434885112217,24.7060249452077,0 79.643470311228,24.7060230452086,0 79.6434677300857,24.7060228382015,0 79.6434651406143,24.7060227550591,0 79.6434625499317,24.70602279601,0 79.6434599651592,24.7060229609416,0 79.6434573934017,24.7060232494004,0 79.6434548417284,24.7060236605937,0 79.6434523171533,24.7060241933912,0 79.6434498266158,24.7060248463282,0 79.6434473769618,24.7060256176101,0 79.6434449749249,24.7060265051167,0 79.6434426271078,24.7060275064085,0 79.643440339964,24.7060286187332,0 79.6434381197804,24.7060298390332,0 79.6434359726598,24.7060311639543,0 79.6434339045041,24.7060325898544,0 79.6434319209983,24.7060341128142,0 79.6434300275945,24.7060357286473,0 79.6434282294973,24.7060374329122,0 79.6434265316492,24.7060392209243,0 79.6434249387173,24.7060410877688,0 79.6434234550801,24.706043028314,0 79.6434220848159,24.7060450372259,0 79.6434208316911,24.7060471089824,0 79.6434196991504,24.7060492378888,0 79.6434186903069,24.7060514180931,0 79.6434178079337,24.7060536436025,0 79.6434170544561,24.7060559082995,0 79.6434164319454,24.706058205959,0 79.6434159421127,24.7060605302653,0 79.6434155863044,24.7060628748294,0 79.6434153654986,24.7060652332065,0 79.6434152803023,24.7060675989141,0 79.6434153309496,24.7060699654493,0 79.6434155173013,24.7060723263071,0 79.6434158388453,24.706074674998,0 79.6434162946975,24.7060770050659,0 79.6434168836051,24.7060793101061,0 79.6434175272618,24.7060813417281,0 79.6434173930706,24.7060815468728,0 79.6434102935692,24.7060774462992,0 79.6434070916921,24.7060755609305,0 79.6434027883419,24.7060601445523,0 79.6434020609679,24.706057804104,0 79.6434011966339,24.7060555028492,0 79.6434001978499,24.7060532474708,0 79.6433990675164,24.7060510445189,0 79.6433978089161,24.7060489003909,0 79.6433964257041,24.7060468213136,0 79.6433949218974,24.7060448133248,0 79.6433933018632,24.7060428822561,0 79.6433915703062,24.7060410337152,0 79.643389732255,24.7060392730707,0 79.6433877930476,24.7060376054356,0 79.6433857583156,24.7060360356528,0 79.643383633968,24.7060345682813,0 79.6433814261742,24.7060332075822,0 79.6433791413457,24.7060319575073,0 79.6433723200714,24.7060284500396,0 79.6433722393845,24.706028161747,0 79.6433714570494,24.7060258782454,0 79.6433705433791,24.7060236358146,0 79.6433695009403,24.7060214407534,0 79.6433683326609,24.7060192992273,0 79.6433670418226,24.7060172172517,0 79.6433656320511,24.7060152006747,0 79.6433641073063,24.7060132551605,0 79.6433624718711,24.7060113861738,0 79.6433607303392,24.7060095989645,0 79.6433588876024,24.7060078985525,0 79.6433569488367,24.7060062897142,0 79.6433549194879,24.7060047769686,0 79.6433528052562,24.7060033645648,0 79.6433506120801,24.70600205647,0 79.6433483461201,24.7060008563585,0 79.643346013741,24.7059997676014,0 79.6433436214942,24.7059987932568,0 79.6433424121211,24.7059983693298,0 79.6433416265409,24.7059966891161,0 79.6433404904725,24.7059945725342,0 79.6433392350146,24.7059925130086,0 79.64333786359,24.7059905161543,0 79.6433363799379,24.7059885874155,0 79.6433347881032,24.7059867320506,0 79.6433330924259,24.7059849551182,0 79.6433312975291,24.7059832614628,0 79.6433294083062,24.7059816557019,0 79.6432845220046,24.7059454547318,0 79.643284572423,24.7059453020523,0 79.6432851893886,24.7059430047508,0 79.6432856737924,24.7059406810828,0 79.6432860243046,24.7059383374272,0 79.6432862399629,24.7059359802175,0 79.6432863201755,24.7059336159248,0 79.643286264722,24.7059312510393,0 79.6432860737547,24.7059288920531,0 79.6432857477978,24.7059265454419,0 79.6432852877463,24.7059242176476,0 79.6432846948629,24.7059219150603,0 79.6432839707753,24.7059196440009,0 79.6432831174711,24.7059174107039,0 79.643282137293,24.7059152213,0 79.6432810329315,24.7059130817994,0 79.6432798074183,24.7059109980754,0 79.6432784641177,24.7059089758482,0 79.6432770067173,24.7059070206691,0 79.6432754392177,24.7059051379053,0 79.6432737659222,24.7059033327253,0 79.6432719914241,24.7059016100847,0 79.6432701205946,24.7058999747123,0 79.6432681585696,24.7058984310974,0 79.643266110735,24.7058969834775,0 79.6432639827126,24.7058956358267,0 79.6432617803439,24.7058943918443,0 79.643259509675,24.7058932549452,0 79.643257176939,24.7058922282505,0 79.6432547885398,24.7058913145787,0 79.6432523510338,24.7058905164377,0 79.6432498711124,24.7058898360187,0 79.6432473555834,24.7058892751896,0 79.6432448113521,24.7058888354898,0 79.643242245403,24.7058885181265,0 79.64323966478,24.7058883239708,0 79.6432370765673,24.7058882535557,0 79.6432344878698,24.7058883070745,0 79.643231905794,24.7058884843803,0 79.6432293374281,24.7058887849864,0 79.6432267898225,24.7058892080676,0 79.643224269971,24.7058897524624,0 79.6432217847908,24.7058904166764,0 79.6432193411041,24.7058911988862,0 79.6432049411084,24.7058961988848,0 79.6432026325118,24.705897062003,0 79.6432003745298,24.7058980304346,0 79.6431981729151,24.7058991017123,0 79.6431960332763,24.7059002731069,0 79.6431939610646,24.7059015416343,0 79.6431874610657,24.7059057416331,0 79.6431862516044,24.7059065686056,0 79.6431862691779,24.7059065482865,0 79.643187769046,24.7059046133008,0 79.6431891556442,24.7059026090519,0 79.6431904251483,24.7059005410674,0 79.6431915740569,24.7058984150509,0 79.6431925992013,24.7058962368662,0 79.6431934977542,24.7058940125205,0 79.6431942672372,24.705891748149,0 79.6431949055282,24.7058894499966,0 79.6431954108667,24.7058871244018,0 79.6431957818589,24.7058847777786,0 79.6431960174818,24.7058824165992,0 79.6431961170854,24.7058800473758,0 79.643196080395,24.7058776766427,0 79.6431959075119,24.7058753109385,0 79.6431955989128,24.7058729567879,0 79.6431951554489,24.7058706206837,0 79.6431945783433,24.7058683090689,0 79.6431938691876,24.7058660283192,0 79.6431930299379,24.7058637847248,0 79.6431920629086,24.7058615844737,0 79.643190970767,24.7058594336342,0 79.6431897565252,24.7058573381384,0 79.6431884235322,24.7058553037658,0 79.6431638235244,24.7058199037722,0 79.6431625355263,24.7058181429869,0 79.643161535526,24.7058168429871,0 79.643159979428,24.7058149295129,0 79.6431583149431,24.7058130937353,0 79.6431565467113,24.7058113407721,0 79.6431546796623,24.70580967551,0 79.6431527190008,24.7058081025915,0 79.6431506701928,24.7058066264015,0 79.6431485389498,24.7058052510552,0 79.6431463312134,24.7058039803869,0 79.6431440531381,24.7058028179389,0 79.6431417110747,24.7058017669518,0 79.6431393115524,24.7058008303554,0 79.6431368612605,24.705800010761,0 79.6431343670298,24.7057993104531,0 79.6431318358136,24.7057987313843,0 79.6431292746685,24.7057982751687,0 79.6431288722838,24.7057982234537,0 79.6431193638267,24.7057931863961,0 79.6431192690635,24.7057924105371,0 79.6431188896316,24.705790255442,0 79.6431183966162,24.7057881196195,0 79.643116896614,24.7057823196198,0 79.6431162329858,24.7057800249295,0 79.6431154382652,24.7057777652698,0 79.6431145146488,24.7057755468857,0 79.643113464689,24.7057733759084,0 79.6431122912878,24.7057712583379,0 79.6431109976881,24.7057692000265,0 79.6431095874651,24.7057672066629,0 79.6431080645163,24.7057652837562,0 79.6431064330508,24.7057634366208,0 79.6431046975773,24.7057616703617,0 79.6431028628925,24.7057599898605,0 79.6431009340668,24.7057583997615,0 79.643098916431,24.7057569044593,0 79.6430968155614,24.7057555080867,0 79.6430946372641,24.7057542145027,0 79.6430923875595,24.7057530272826,0 79.6430900726651,24.7057519497074,0 79.6430876989787,24.7057509847554,0 79.6430852730605,24.7057501350934,0 79.6430828016151,24.7057494030696,0 79.643080291473,24.7057487907071,0 79.6430777495715,24.7057482996984,0 79.6430751829357,24.7057479314005,0 79.6430725986592,24.7057476868312,0 79.6430700038842,24.7057475666665,0 79.643067405782,24.7057475712385,0 79.6430661494224,24.7057476338548,0 79.6430656080112,24.7057461300909,0 79.6430646273516,24.7057438361234,0 79.6430635112234,24.7057415944179,0 79.6430622629476,24.7057394116448,0 79.6430608862386,24.7057372942991,0 79.6430593851929,24.705735248681,0 79.6430577642768,24.7057332808774,0 79.6430560283135,24.7057313967434,0 79.6430541824684,24.7057296018855,0 79.643052232234,24.7057279016443,0 79.6430459322341,24.7057227016457,0 79.6430439914174,24.7057211811299,0 79.6430419671155,24.7057197543436,0 79.6430398647466,24.7057184251058,0 79.6430376899378,24.705717196974,0 79.64303544851,24.7057160732356,0 79.6430331464626,24.7057150568982,0 79.6430307899571,24.705714150682,0 79.6430283853007,24.7057133570127,0 79.6430259389295,24.7057126780145,0 79.6430234573915,24.7057121155047,0 79.6430209473286,24.705711670989,0 79.643018415459,24.7057113456572,0 79.6430158685594,24.7057111403799,0 79.6430133134466,24.7057110557066,0 79.6430107569597,24.7057110918639,0 79.6430082059409,24.7057112487551,0 79.6430056672184,24.7057115259603,0 79.6430031475871,24.7057119227374,0 79.6430006537909,24.7057124380245,0 79.6429981925045,24.7057130704425,0 79.6429957703156,24.7057138182986,0 79.6429933937074,24.7057146795911,0 79.642991069041,24.7057156520148,0 79.6429888025384,24.7057167329669,0 79.6429866002659,24.7057179195542,0 79.6429844681182,24.7057192086008,0 79.6429824118019,24.7057205966564,0 79.6429804368209,24.705722080006,0 79.6429785484613,24.7057236546792,0 79.6429767517773,24.7057253164614,0 79.642975051578,24.7057270609047,0 79.6429676515775,24.7057350609029,0 79.642966022744,24.705736919039,0 79.6429645033881,24.7057388530222,0 79.6429630977338,24.7057408574757,0 79.6429618096892,24.7057429268267,0 79.6429606428354,24.7057450553219,0 79.6429596004164,24.7057472370435,0 79.6429586853304,24.705749465926,0 79.6429579001217,24.7057517357725,0 79.6429572469731,24.7057540402724,0 79.6429567277007,24.7057563730185,0 79.6429563437482,24.7057587275255,0 79.642956096183,24.7057610972472,0 79.6429559856934,24.7057634755953,0 79.6429559939759,24.7057642086877,0 79.6429555700279,24.7057649961343,0 79.6429545069065,24.7057672797372,0 79.6429535827426,24.7057696132522,0 79.6429528003284,24.7057719896294,0 79.6429521620278,24.7057744016888,0 79.6429516697693,24.7057768421431,0 79.6429513250401,24.705779303619,0 79.6429511288817,24.7057817786797,0 79.6429510818868,24.7057842598474,0 79.6429511662847,24.705786305459,0 79.6429479159948,24.7058261445337,0 79.6429477906435,24.7058285329918,0 79.6429478039004,24.7058309241626,0 79.6429479557283,24.7058333113383,0 79.6429482457014,24.7058356878221,0 79.6429486730061,24.7058380469471,0 79.6429492364438,24.7058403820954,0 79.6429494466085,24.7058410760166,0 79.6429461334449,24.7058660413308,0 79.6429453519567,24.7058666645576,0 79.6429435253692,24.70586827976,0 79.6429417921188,24.70586997863,0 79.6429401567916,24.7058717566723,0 79.6429386237149,24.7058736091822,0 79.642937196945,24.705875531258,0 79.6429358802573,24.7058775178138,0 79.6429346771357,24.7058795635931,0 79.6429297823738,24.7058884260745,0 79.6429280816284,24.7058891974598,0 79.6429258471549,24.7058903465701,0 79.6429236809335,24.705891600008,0 79.6429215887958,24.7058929543991,0 79.6429195763739,24.7058944060972,0 79.6429185826888,24.7058952027294,0 79.6429182610553,24.7058953528041,0 79.6429159941544,24.7058965529829,0 79.6429138000672,24.7058978612252,0 79.6429116849609,24.7058992738539,0 79.6429096547803,24.7059007868985,0 79.6429077152317,24.7059023961063,0 79.6429058717665,24.7059040969542,0 79.6429041295663,24.7059058846617,0 79.6429024935279,24.7059077542041,0 79.6429009682496,24.7059097003266,0 79.6428995580187,24.7059117175591,0 79.6428982667989,24.705913800232,0 79.6428970982194,24.7059159424913,0 79.6428960555648,24.7059181383158,0 79.6428951417656,24.7059203815336,0 79.6428943593904,24.7059226658398,0 79.6428937106382,24.7059249848137,0 79.6428931973323,24.7059273319375,0 79.6428928209157,24.7059297006141,0 79.6428925824462,24.7059320841857,0 79.6428924825942,24.7059344759528,0 79.6428925216403,24.7059368691929,0 79.6428925842224,24.705937709554,0 79.6428856982003,24.7059341385238,0 79.6428833856157,24.7059330122299,0 79.6428810109256,24.7059319995078,0 79.6428785808078,24.7059311032052,0 79.6428761020958,24.7059303258427,0 79.6428735817599,24.7059296696061,0 79.6428710268872,24.7059291363409,0 79.6428684446623,24.7059287275465,0 79.6428658423464,24.7059284443726,0 79.6428632272572,24.7059282876153,0 79.6428606067485,24.7059282577156,0 79.6428579881893,24.7059283547575,0 79.642855378943,24.7059285784682,0 79.6428527863469,24.7059289282184,0 79.6428502176915,24.7059294030248,0 79.6428476801998,24.7059300015521,0 79.6428451810075,24.7059307221173,0 79.6428427271423,24.7059315626942,0 79.6428403255046,24.7059325209189,0 79.6428379828477,24.705933594097,0 79.6428357057595,24.7059347792106,0 79.6428335006431,24.7059360729272,0 79.6428318747705,24.7059371421035,0 79.642831661358,24.7059372348916,0 79.6428293584001,24.7059383044957,0 79.6428271197757,24.7059394825784,0 79.6428249516027,24.7059407659202,0 79.6428228598061,24.7059421510141,0 79.6428208501022,24.7059436340748,0 79.6428189279832,24.7059452110496,0 79.6428170987018,24.705946877629,0 79.6428153672568,24.7059486292585,0 79.6428137383801,24.7059504611514,0 79.6428122165228,24.7059523683016,0 79.642810805844,24.7059543454972,0 79.6428095101986,24.7059563873351,0 79.6428083331273,24.7059584882354,0 79.6428072778469,24.7059606424567,0 79.6428063472412,24.7059628441123,0 79.6428055438533,24.7059650871853,0 79.6428048698786,24.7059673655461,0 79.642804327159,24.7059696729683,0 79.6428039171777,24.7059720031465,0 79.642803641055,24.7059743497126,0 79.6428034995455,24.7059767062541,0 79.6428034930359,24.7059790663312,0 79.6428036215441,24.7059814234943,0 79.6428038847188,24.7059837713018,0 79.6428042818409,24.7059861033377,0 79.6428048118251,24.705988413229,0 79.6428054732231,24.7059906946635,0 79.6428062642275,24.7059929414064,0 79.6428071826766,24.7059951473179,0 79.6428082260606,24.7059973063698,0 79.6428093915281,24.705999412662,0 79.6428118799601,24.7060036321798,0 79.6428121025109,24.706004257217,0 79.642811770017,24.7060043284103,0 79.6428092926237,24.7060049851596,0 79.6428068561178,24.7060057591024,0 79.6428044671376,24.7060066481302,0 79.6428021321917,24.7060076498207,0 79.6427998576419,24.7060087614449,0 79.6427976496849,24.7060099799742,0 79.6427955143364,24.7060113020886,0 79.6427934574142,24.7060127241862,0 79.6427914845222,24.7060142423924,0 79.6427896010357,24.7060158525709,0 79.6427878120861,24.7060175503347,0 79.6427875120861,24.7060178503347,0 79.6427858014915,24.7060196544736,0 79.6427841976612,24.7060215386764,0 79.6427827050778,24.7060234976768,0 79.6427813279131,24.7060255259993,0 79.6427800700162,24.7060276179748,0 79.642778934903,24.7060297677564,0 79.6427779257461,24.7060319693353,0 79.642777045366,24.7060342165582,0 79.6427762962235,24.7060365031441,0 79.6427756804124,24.7060388227021,0 79.6427751996538,24.7060411687491,0 79.6427748552915,24.7060435347278,0 79.642774648288,24.7060459140255,0 79.6427745792218,24.7060482999919,0 79.6427745792216,24.7060489999918,0 79.6427746449403,24.7060513274923,0 79.6427748419237,24.7060536488026,0 79.6427751696477,24.706055957749,0 79.6427756272409,24.7060582481905,0 79.6427762134862,24.7060605140357,0 79.6427769268244,24.7060627492581,0 79.6427777653583,24.7060649479131,0 79.6427787268578,24.706067104153,0 79.6427798087657,24.7060692122432,0 79.6427810082045,24.706071266577,0 79.6427823219842,24.7060732616907,0 79.6427837466108,24.7060751922781,0 79.6427852782952,24.7060770532045,0 79.6427869129639,24.7060788395207,0 79.6427886462692,24.7060805464758,0 79.6427904736013,24.7060821695299,0 79.6427923901002,24.7060837043664,0 79.6427935171166,24.7060845170168,0 79.6427927418268,24.7060851420187,0 79.6427908958742,24.7060867947834,0 79.6427891470378,24.7060885334525,0 79.6427875001013,24.70609035327,0 79.6427859595697,24.7060922492581,0 79.6427845296568,24.7060942162307,0 79.642783214274,24.7060962488073,0 79.6427820170193,24.7060983414282,0 79.6427809411677,24.7061004883692,0 79.6427799896619,24.7061026837578,0 79.6427791651047,24.7061049215889,0 79.6427784697515,24.706107195741,0 79.6427779055045,24.7061094999937,0 79.6427774739069,24.7061118280441,0 79.6427771761394,24.7061141735239,0 79.6427770277134,24.7061163177044,0 79.6427755335262,24.7061171481186,0 79.6427734274958,24.7061184590482,0 79.6427713982409,24.7061198674108,0 79.6427694511577,24.7061213694612,0 79.6427675914237,24.7061229612054,0 79.642765823984,24.7061246384108,0 79.6427641535387,24.7061263966173,0 79.6427625845296,24.7061282311498,0 79.6427611211289,24.70613013713,0 79.642759767228,24.7061321094896,0 79.6427540672262,24.7061409094879,0 79.6427527821641,24.7061430203138,0 79.6427516225147,24.7061451909002,0 79.6427505915969,24.7061474150347,0 79.6427496923615,24.7061496863514,0 79.6427489273823,24.7061519983495,0 79.6427482988486,24.7061543444119,0 79.6427478085594,24.7061567178236,0 79.642747457918,24.7061591117918,0 79.6427472479281,24.7061615194645,0 79.6427471791906,24.7061639339506,0 79.6427472519023,24.7061663483396,0 79.6427474658551,24.7061687557212,0 79.6427478204365,24.706171149205,0 79.6427492634831,24.7061792524847,0 79.6427482907972,24.7061796534327,0 79.6427459715868,24.7061807475453,0 79.6427437188465,24.7061819519907,0 79.6427415388604,24.7061832634092,0 79.6427394377096,24.7061846781424,0 79.6427374212553,24.706186192244,0 79.642729721256,24.7061922922424,0 79.6427278341349,24.7061938671609,0 79.6427260386748,24.7061955291048,0 79.6427243396786,24.7061972736282,0 79.6427227416911,24.7061990960645,0 79.6427212489869,24.7062009915389,0 79.6427198655591,24.7062029549809,0 79.6427185951083,24.7062049811382,0 79.642717441033,24.706207064591,0 79.6427164064202,24.7062091997659,0 79.6427154940376,24.7062113809515,0 79.6427147063259,24.706213602313,0 79.6427140453921,24.7062158579083,0 79.6427135130043,24.7062181417037,0 79.6427131105865,24.7062204475901,0 79.6427128392154,24.7062227693991,0 79.6427126996168,24.70622510092,0 79.642712692164,24.706227435916,0 79.6427128168772,24.7062297681409,0 79.6427130734227,24.7062320913561,0 79.6427134611141,24.7062343993469,0 79.6427139789146,24.7062366859396,0 79.6427146254388,24.7062389450173,0 79.6427153989575,24.7062411705372,0 79.6427162974015,24.7062433565459,0 79.6427173183673,24.706245497196,0 79.642718459124,24.706247586761,0 79.6427197166201,24.7062496196515,0 79.6427210874916,24.7062515904295,0 79.6427225680716,24.7062534938232,0 79.6427241543996,24.7062553247409,0 79.642725842232,24.706257078285,0 79.642727627054,24.7062587497647,0 79.6427295040911,24.7062603347088,0 79.6427421040916,24.7062704347116,0 79.6427440126435,24.7062718886473,0 79.6427459987891,24.7062732531022,0 79.6427637987913,24.7062848531056,0 79.6427659225165,24.7062861625748,0 79.642768117679,24.706287369736,0 79.6427703783786,24.7062884713446,0 79.6427726985386,24.7062894644394,0 79.6427750719229,24.7062903463513,0 79.6427774921519,24.7062911147096,0 79.6427799527203,24.7062917674492,0 79.6427824470145,24.7062923028156,0 79.64278496833,24.7062927193697,0 79.6427875098898,24.7062930159919,0 79.6427900648625,24.7062931918848,0 79.6427926263806,24.7062932465758,0 79.642795187559,24.7062931799179,0 79.6427977415135,24.7062929920901,0 79.6428048130706,24.706292303067,0 79.6428256783329,24.7063046193685,0 79.6428277104989,24.7063057564207,0 79.642829800304,24.7063068026613,0 79.6428319428891,24.7063077556576,0 79.6428341332725,24.7063086131936,0 79.6428363663611,24.7063093732756,0 79.6428386369627,24.7063100341362,0 79.6428508078275,24.7063132833723,0 79.6428527697354,24.7063147008764,0 79.6428550970909,24.7063161920512,0 79.6428575144517,24.706317558516,0 79.6428600138195,24.7063187957494,0 79.6428730138224,24.7063247957514,0 79.6428753748852,24.7063258148615,0 79.6428777915782,24.7063267186219,0 79.6428802571542,24.7063275045093,0 79.6428827647294,24.7063281703297,0 79.6428853073026,24.7063287142239,0 79.6428878777751,24.7063291346736,0 79.6428882280251,24.7063291746609,0 79.642889073241,24.7063308882825,0 79.642890222443,24.7063329333737,0 79.6428914841099,24.7063349223761,0 79.6428928549706,24.7063368501328,0 79.6428943314709,24.7063387116457,0 79.6428959097828,24.7063405020885,0 79.642897585814,24.7063422168192,0 79.6428993552192,24.7063438513919,0 79.6429012134108,24.7063454015686,0 79.6429031555712,24.7063468633303,0 79.6429051766647,24.706348232887,0 79.6429072714515,24.7063495066879,0 79.6429094345003,24.7063506814304,0 79.6429301345045,24.7063612814338,0 79.6429324413362,24.7063623907051,0 79.642934808989,24.7063633873122,0 79.6429372308749,24.7063642684822,0 79.6429397002552,24.7063650317633,0 79.6429422102589,24.7063656750315,0 79.6429447539019,24.7063661964971,0 79.6429473241067,24.706366594709,0 79.6429499137217,24.7063668685594,0 79.6429525155413,24.7063670172861,0 79.6429551223262,24.7063670404754,0 79.642957726823,24.7063669380627,0 79.6429603217848,24.706366710333,0 79.6429628999911,24.7063663579199,0 79.6429654542682,24.7063658818041,0 79.6429679775089,24.7063652833102,0 79.6429704626923,24.7063645641037,0 79.6429729029035,24.7063637261856,0 79.6429752913527,24.7063627718875,0 79.6429776213941,24.7063617038646,0 79.6429798865443,24.7063605250887,0 79.6429820805008,24.7063592388398,0 79.6429841971588,24.7063578486966,0 79.6429964719436,24.7063493296298,0 79.6429979513622,24.7063490654561,0 79.643000469108,24.7063484890264,0 79.6430029502521,24.7063477926362,0 79.6430053879506,24.7063469782063,0 79.6430077754791,24.7063460479833,0 79.6430101062521,24.7063450045332,0 79.6430123738403,24.7063438507342,0 79.6430129222818,24.7063435361213,0 79.6430143524452,24.7063439432609,0 79.6430168922065,24.7063445333623,0 79.6430194626385,24.7063449996498,0 79.6430220565137,24.7063453408122,0 79.6430246665386,24.7063455558902,0 79.6430272853743,24.706345644279,0 79.6430298740717,24.7063456061949,0 79.6430308708574,24.7063459994303,0 79.6430338539842,24.7063469742823,0 79.6430440539872,24.7063499742834,0 79.6430464258413,24.7063506125259,0 79.6430488296714,24.7063511415984,0 79.6430512594604,24.7063515601765,0 79.643053709126,24.7063518672126,0 79.6430646917641,24.7063529888443,0 79.6430694136184,24.7063560063609,0 79.6430698828961,24.7063563689847,0 79.6430719662731,24.706357892649,0 79.6430741366488,24.7063593113546,0 79.6430763876942,24.7063606209642,0 79.6430787128448,24.7063618176591,0 79.6430811053204,24.7063628979493,0 79.6430835581441,24.7063638586847,0 79.6430860641632,24.7063646970637,0 79.6430886160699,24.7063654106414,0 79.6430886933155,24.706365428137,0 79.6430883432623,24.7063655112262,0 79.6430859148301,24.7063662114503,0 79.6430835291053,24.7063670250156,0 79.643081192422,24.7063679497623,0 79.6430789109844,24.706368983235,0 79.6430766908499,24.7063701226897,0 79.6430745379131,24.7063713651012,0 79.6430559651708,24.7063827048946,0 79.6430535854716,24.7063831848947,0 79.6430510929453,24.7063838141963,0 79.6430486398648,24.7063845617384,0 79.6430462329464,24.7063854254742,0 79.6430438787802,24.7063864030391,0 79.6430420787806,24.7063872030388,0 79.6430388775427,24.7063887610347,0 79.6430339775438,24.706391361034,0 79.6430314434789,24.7063928008238,0 79.6430290091612,24.7063943777076,0 79.6430266834667,24.7063960859358,0 79.6430130252137,24.706406753919,0 79.6430046939048,24.7064112667108,0 79.6430025290375,24.7064125095936,0 79.6430004374351,24.7064138530961,0 79.6429984246963,24.7064152936222,0 79.6429964962087,24.706416827316,0 79.6429946571344,24.7064184500722,0 79.642992912396,24.706420157547,0 79.6429912666639,24.7064219451701,0 79.6429897243431,24.7064238081563,0 79.6429882895622,24.7064257415191,0 79.6429869661616,24.7064277400832,0 79.6429857576837,24.706429798499,0 79.6429846673634,24.7064319112568,0 79.6429836981191,24.7064340727011,0 79.6429828525453,24.7064362770463,0 79.6429821329053,24.7064385183921,0 79.6429815411255,24.7064407907389,0 79.6429810787899,24.7064430880041,0 79.642980747136,24.7064454040387,0 79.6429805470517,24.7064477326432,0 79.6429804790724,24.7064500675845,0 79.6429805433803,24.7064524026126,0 79.6429805579366,24.7064525751984,0 79.6429803788495,24.7064525191655,0 79.6429778796452,24.7064518690998,0 79.6429753464924,24.7064513399338,0 79.6429727863941,24.7064509331303,0 79.6429702064282,24.7064506498141,0 79.6429676137272,24.7064504907685,0 79.642965015459,24.7064504564331,0 79.6429624188068,24.7064505469028,0 79.6429598309495,24.7064507619276,0 79.6429572590414,24.706451100913,0 79.642954710193,24.7064515629218,0 79.6429521914508,24.7064521466767,0 79.6429497097783,24.7064528505639,0 79.6429472720362,24.7064536726374,0 79.6429448849642,24.7064546106244,0 79.6429425551614,24.7064556619318,0 79.642940289069,24.7064568236531,0 79.6429380929519,24.7064580925766,0 79.6429359728815,24.7064594651941,0 79.642933934719,24.706460937711,0 79.6429319840992,24.7064625060561,0 79.6429301264148,24.7064641658938,0 79.6429283668016,24.706465912635,0 79.6429267101243,24.7064677414508,0 79.642925160963,24.7064696472852,0 79.6429237236006,24.7064716248691,0 79.6429224020108,24.7064736687354,0 79.6429211998473,24.7064757732335,0 79.6429201204338,24.7064779325452,0 79.6429191667542,24.706480140701,0 79.6429183414454,24.7064823915959,0 79.6429176467888,24.7064846790072,0 79.642917084705,24.706486996611,0 79.642916656748,24.706489338,0 79.6429163641008,24.7064916967011,0 79.6429162075727,24.7064940661935,0 79.6429161875962,24.7064964399262,0 79.6429163042267,24.7064988113369,0 79.6429165571418,24.7065011738694,0 79.6429169456421,24.7065035209923,0 79.6429174686537,24.7065058462166,0 79.6429181247307,24.706508143114,0 79.6429189120591,24.7065104053343,0 79.6429208120574,24.7065154053348,0 79.6429216521955,24.7065174545217,0 79.642922600039,24.7065194641141,0 79.6429236533612,24.706521429391,0 79.6429247122929,24.7065231843261,0 79.6429146942559,24.7065299876192,0 79.6429135994094,24.7065302684704,0 79.6429111509873,24.7065310247525,0 79.642908749195,24.7065318969327,0 79.6429064006015,24.7065328826256,0 79.6429041116302,24.7065339791353,0 79.6429018885417,24.7065351834628,0 79.642899737416,24.7065364923141,0 79.6428976641367,24.7065379021096,0 79.6428956743743,24.7065394089933,0 79.6428937735708,24.706541008844,0 79.6428919669251,24.7065426972859,0 79.6428902593784,24.706544469701,0 79.6428886556008,24.7065463212418,0 79.6428871599789,24.7065482468442,0 79.6428866785409,24.706548940928,0 79.6428846128144,24.706548725513,0 79.6428820200709,24.7065485806295,0 79.6428794225756,24.7065485603928,0 79.6428768275042,24.7065486648589,0 79.6428742420259,24.7065488937392,0 79.6428716732834,24.7065492464013,0 79.6428691283731,24.7065497218711,0 79.6428666143255,24.7065503188349,0 79.642864138086,24.7065510356436,0 79.6428617064954,24.706551870317,0 79.6428593262712,24.7065528205491,0 79.642857003989,24.7065538837149,0 79.6428547460644,24.7065550568773,0 79.6428525587351,24.7065563367953,0 79.6428504480439,24.7065577199329,0 79.6428484198217,24.7065592024691,0 79.6428464796717,24.7065607803083,0 79.6428446329538,24.7065624490916,0 79.6428428847696,24.7065642042086,0 79.6428412399489,24.7065660408109,0 79.6428397030355,24.7065679538245,0 79.6428382782753,24.7065699379645,0 79.6428369696044,24.7065719877496,0 79.6428357806381,24.7065740975171,0 79.6428347146611,24.7065762614384,0 79.6428337746183,24.7065784735356,0 79.6428329631065,24.7065807276975,0 79.6428322823677,24.7065830176967,0 79.6428317342826,24.7065853372068,0 79.6428313203653,24.7065876798201,0 79.6428294203604,24.7066005798193,0 79.6428291410827,24.7066029466119,0 79.6428289987575,24.706605323562,0 79.6428289937804,24.7066077040608,0 79.6428291261655,24.7066100814901,0 79.6428293955444,24.70661244924,0 79.6428298011685,24.7066148007276,0 79.6428303419098,24.706617129415,0 79.6428310162651,24.7066194288279,0 79.6428318223594,24.7066216925734,0 79.6428327579516,24.7066239143577,0 79.6428338204406,24.7066260880036,0 79.6428342594919,24.7066268723332,0 79.6428342286738,24.7066268923357,0 79.6428249625278,24.7066255282835,0 79.6428224712966,24.706625220714,0 79.6428199661676,24.7066250292658,0 79.6428174536226,24.7066249544341,0 79.6428149401626,24.7066249964126,0 79.6428124322911,24.7066251550928,0 79.6427974322965,24.7066264550926,0 79.6427948464483,24.7066267421924,0 79.6427922807514,24.7066271533571,0 79.6427897423335,24.7066276874442,0 79.6427872382467,24.70662834297,0 79.6427847754476,24.7066291181135,0 79.6427823607782,24.7066300107212,0 79.6427800009467,24.7066310183132,0 79.6427777025089,24.7066321380904,0 79.6427754718503,24.706633366942,0 79.6427733151679,24.706634701454,0 79.6427712384531,24.706636137919,0 79.6427692474754,24.7066376723462,0 79.6427673477659,24.706639300473,0 79.6427655446023,24.7066410177762,0 79.6427638429939,24.7066428194848,0 79.6427622476681,24.7066447005936,0 79.6427607630568,24.7066466558766,0 79.6427593932844,24.7066486799017,0 79.6427581421565,24.706650767046,0 79.6427570131487,24.7066529115112,0 79.6427560093976,24.7066551073397,0 79.6427551336917,24.7066573484311,0 79.6427543884639,24.7066596285596,0 79.6427537757845,24.7066619413905,0 79.6427532973556,24.7066642804987,0 79.6427529545063,24.7066666393856,0 79.6427527481892,24.7066690114982,0 79.6427526789773,24.7066713902463,0 79.6427527470631,24.7066737690216,0 79.6427529522573,24.7066761412155,0 79.6427532939899,24.7066785002377,0 79.6427537713116,24.7066808395345,0 79.6427543828962,24.7066831526073,0 79.6427551270448,24.7066854330299,0 79.64275600169,24.706687674467,0 79.6427570044019,24.7066898706918,0 79.6427707324153,24.7067178403802,0 79.6427698356094,24.7067190344362,0 79.6427684945287,24.7067210354839,0 79.6427672690612,24.706723097476,0 79.6427661625169,24.7067252148435,0 79.6427651778843,24.7067273818674,0 79.6427643178229,24.706729592695,0 79.6427635846556,24.7067318413548,0 79.6427629803626,24.7067341217736,0 79.6427625065761,24.7067364277922,0 79.6427621645758,24.7067387531821,0 79.6427619552853,24.7067410916629,0 79.64276187927,24.7067434369185,0 79.6427619367351,24.7067457826145,0 79.6427621275254,24.7067481224156,0 79.642762361361,24.7067498043438,0 79.6427609903124,24.7067492344611,0 79.642758596945,24.7067483739481,0 79.642756157811,24.7067476283492,0 79.642753679517,24.7067469996841,0 79.6427511687755,24.7067464896556,0 79.6427486323871,24.706746099645,0 79.6427460772219,24.7067458307087,0 79.6427435102006,24.7067456835752,0 79.6427409382762,24.706745658643,0 79.6427383684151,24.7067457559797,0 79.6427358075778,24.7067459753215,0 79.6427332627006,24.7067463160744,0 79.6427307406764,24.7067467773155,0 79.6427282483364,24.7067473577953,0 79.6427257924312,24.7067480559417,0 79.6427233796128,24.7067488698637,0 79.6427210164167,24.7067497973567,0 79.6427187092435,24.7067508359085,0 79.6427164643425,24.7067519827061,0 79.6427142877943,24.7067532346433,0 79.642712185494,24.7067545883292,0 79.642710163136,24.7067560400971,0 79.642708226198,24.706757586015,0 79.6427063799263,24.7067592218955,0 79.6427046293217,24.7067609433077,0 79.6427029791258,24.7067627455891,0 79.6427014338084,24.7067646238581,0 79.642699997555,24.7067665730271,0 79.6426986742559,24.7067685878168,0 79.6426974674952,24.7067706627699,0 79.6426963805417,24.7067727922663,0 79.6426954163394,24.706774970538,0 79.6426879163338,24.7067932705355,0 79.6426870680285,24.7067955190654,0 79.6426863505222,24.7067978052845,0 79.642685765806,24.7068001228484,0 79.6426853155026,24.7068024653254,0 79.6426850008617,24.7068048262147,0 79.6426848227565,24.7068071989645,0 79.6426847816813,24.70680957699,0 79.64268487775,24.7068119536918,0 79.6426851106961,24.7068143224742,0 79.6426854798732,24.7068166767633,0 79.6426859842566,24.7068190100258,0 79.6426866224467,24.7068213157862,0 79.6426873926723,24.7068235876459,0 79.6426882927961,24.7068258193,0 79.6426893203199,24.7068280045553,0 79.6426904723923,24.7068301373473,0 79.64269126251,24.7068314244507,0 79.6426908273188,24.7068324395875,0 79.6426900132915,24.7068346755646,0 79.6426893280835,24.7068369472954,0 79.6426887735612,24.7068392485913,0 79.6426883512355,24.7068415731832,0 79.6426880622567,24.7068439147382,0 79.6426879074121,24.7068462668776,0 79.6426878871236,24.7068486231935,0 79.6426879844242,24.7068506267524,0 79.6426823348004,24.7068502039914,0 79.6426796780911,24.7068500708373,0 79.6426770173875,24.7068500684885,0 79.6426759439221,24.7068501203899,0 79.6426756172226,24.7068499837988,0 79.6426732803013,24.70684913526,0 79.6426708991555,24.7068483964125,0 79.6426684799505,24.7068477691694,0 79.6426660289501,24.7068472551549,0 79.6426635525005,24.7068468556996,0 79.6426610570137,24.706846571838,0 79.6426585489511,24.706846404305,0 79.6426560348065,24.7068463535344,0 79.6426535210897,24.7068464196575,0 79.6426510143091,24.7068466025034,0 79.642642714312,24.7068474025032,0 79.6426401626331,24.7068477100113,0 79.6426376319395,24.7068481384559,0 79.6426351290947,24.7068486866752,0 79.6426326608871,24.7068493531821,0 79.6426302340108,24.706850136169,0 79.6426278550481,24.7068510335124,0 79.6426255304511,24.7068520427783,0 79.6426232665245,24.7068531612296,0 79.6426210694086,24.7068543858328,0 79.6426189450625,24.7068557132664,0 79.6426168992476,24.7068571399303,0 79.6426149375126,24.7068586619551,0 79.6426130651782,24.7068602752127,0 79.6426112873225,24.7068619753277,0 79.6426096087673,24.706863757689,0 79.6426080340653,24.7068656174626,0 79.6426065674873,24.7068675496044,0 79.642605213011,24.706869548874,0 79.64260397431,24.706871609849,0 79.6426028547438,24.7068737269398,0 79.6426018573491,24.7068758944042,0 79.6426009848308,24.7068781063638,0 79.6426002395554,24.7068803568193,0 79.6425996235443,24.7068826396671,0 79.6425991384683,24.7068849487155,0 79.6425987856428,24.706887277702,0 79.642598566025,24.70688962031,0 79.6425984802104,24.7068919701859,0 79.6425985284318,24.7068943209563,0 79.6425987105584,24.7068966662455,0 79.6425990260963,24.7068989996926,0 79.6425993242338,24.7069005401543,0 79.6425990519024,24.7069010368531,0 79.6425980232665,24.7069031847171,0 79.6425971180725,24.7069053784647,0 79.6425963387614,24.7069076121802,0 79.6425956874347,24.7069098798402,0 79.6425951658487,24.7069121753296,0 79.64259477541,24.7069144924584,0 79.6425945171715,24.7069168249783,0 79.6425943918295,24.7069191665993,0 79.642594399722,24.706921511007,0 79.6425945408278,24.7069238518795,0 79.6425948147663,24.7069261829042,0 79.6425952207989,24.7069284977955,0 79.6425957578306,24.7069307903108,0 79.6425963388708,24.7069327637344,0 79.6425950403776,24.7069333639326,0 79.6425941065044,24.7069338532836,0 79.6425909000007,24.7069338532837,0 79.6425883156552,24.7069339150524,0 79.6425857383814,24.7069341001898,0 79.6425831752316,24.7069344081891,0 79.6425806332196,24.7069348382076,0 79.6425781193011,24.7069353890685,0 79.6425756403552,24.7069360592646,0 79.6425732031651,24.7069368469619,0 79.6425708143999,24.706937750005,0 79.642568480596,24.7069387659229,0 79.6425662081396,24.7069398919357,0 79.642564003249,24.7069411249621,0 79.6425618719574,24.7069424616282,0 79.642559820097,24.7069438982764,0 79.6425578532822,24.7069454309755,0 79.6425559768951,24.7069470555315,0 79.64255419607,24.706948767499,0 79.64255251568,24.7069505621934,0 79.6425509403232,24.7069524347039,0 79.6425494743104,24.7069543799066,0 79.642548121653,24.7069563924788,0 79.6425468860526,24.7069584669132,0 79.64254577089,24.7069605975335,0 79.6425447792168,24.7069627785096,0 79.6425439137466,24.7069650038735,0 79.6425431768476,24.7069672675359,0 79.6425425705363,24.7069695633025,0 79.6425420964717,24.7069718848913,0 79.642541755951,24.7069742259496,0 79.6425415499061,24.7069765800715,0 79.6425414789008,24.7069789408152,0 79.6425415431293,24.7069813017209,0 79.642541742416,24.7069836563282,0 79.6425420762155,24.7069859981942,0 79.6425425436144,24.7069883209106,0 79.6425431433337,24.7069906181217,0 79.6425438737325,24.7069928835415,0 79.6425447328121,24.7069951109709,0 79.6425457182218,24.7069972943149,0 79.6425468272651,24.7069994275991,0 79.6425480569072,24.7070015049861,0 79.6425494037835,24.7070035207914,0 79.6425508642084,24.707005469499,0 79.6425524341857,24.7070073457765,0 79.6425541094194,24.7070091444898,0 79.6425558853254,24.707010860717,0 79.6425577570441,24.7070124897618,0 79.642559719454,24.7070140271665,0 79.6425612229947,24.7070151440827,0 79.6425626032276,24.7070210467912,0 79.6425620957571,24.7070213547639,0 79.6425600401003,24.7070227476127,0 79.6425580661351,24.7070242358107,0 79.6425561791554,24.7070258153668,0 79.6425555457736,24.7070264034908,0 79.6425537939039,24.7070257729299,0 79.6425513129635,24.707025015833,0 79.6425487916486,24.7070243797061,0 79.6425462370222,24.7070238663312,0 79.6425436562404,24.7070234771463,0 79.6425410565326,24.7070232132417,0 79.6425384451813,24.7070230753567,0 79.6425358295016,24.7070230638774,0 79.6425332168206,24.707023178836,0 79.6425308824999,24.70702339508,0 79.6424895019125,24.7070159697782,0 79.6424884494221,24.7070156622189,0 79.6424860067555,24.7070150722684,0 79.6424835342758,24.7070145971292,0 79.6424810384451,24.7070142380431,0 79.6424785257867,24.7070139959486,0 79.6424760028677,24.7070138714784,0 79.6424734762821,24.7070138649578,0 79.6424709526335,24.707013976404,0 79.6424684385179,24.7070142055255,0 79.642465940506,24.7070145517237,0 79.642463465127,24.7070150140936,0 79.6424610188505,24.7070155914268,0 79.6424586080702,24.7070162822142,0 79.642456239087,24.7070170846506,0 79.6424539180926,24.7070179966386,0 79.6424516511531,24.7070190157945,0 79.6424494441936,24.7070201394547,0 79.6424473029823,24.7070213646824,0 79.6424452331155,24.7070226882751,0 79.6424432400031,24.7070241067737,0 79.6424428400031,24.7070244067736,0 79.6424408855168,24.7070259525568,0 79.6424390221898,24.7070275895895,0 79.6424372551206,24.7070293133922,0 79.6424355891446,24.707031119248,0 79.6424340288204,24.7070330022155,0 79.6424325784176,24.7070349571424,0 79.6424312419049,24.7070369786793,0 79.6424300229396,24.7070390612945,0 79.642428924857,24.7070411992895,0 79.642427950662,24.7070433868139,0 79.6424271030201,24.7070456178821,0 79.6424263842509,24.7070478863889,0 79.6424257963212,24.7070501861272,0 79.6424253408397,24.707052510804,0 79.6424250190527,24.7070548540582,0 79.6424248318409,24.7070572094781,0 79.6424247797164,24.7070595706183,0 79.6424248628219,24.707061931018,0 79.6424250809301,24.7070642842184,0 79.642425433444,24.7070666237804,0 79.6424259193992,24.7070689433022,0 79.6424265374659,24.7070712364367,0 79.6424272859529,24.7070734969093,0 79.642428162812,24.7070757185346,0 79.642429165644,24.7070778952334,0 79.6424302917046,24.7070800210495,0 79.6424315379128,24.7070820901662,0 79.6424329008584,24.7070840969215,0 79.642434376812,24.7070860358244,0 79.6424359617349,24.7070879015693,0 79.6424376512902,24.707089689051,0 79.6424394408548,24.7070913933783,0 79.6424413255319,24.7070930098877,0 79.6424433001642,24.7070945341558,0 79.64245063839,24.7070999045909,0 79.6424686608341,24.7071435379122,0 79.6424696210243,24.707145692775,0 79.6424707014597,24.7071477995897,0 79.642471899271,24.7071498527615,0 79.6424732112771,24.7071518468377,0 79.642474633994,24.7071537765228,0 79.6424761636433,24.7071556366923,0 79.6424777961629,24.7071574224061,0 79.6424795272172,24.7071591289221,0 79.6424813522094,24.7071607517083,0 79.6424832662928,24.7071622864552,0 79.6424852643843,24.7071637290871,0 79.6424873411776,24.7071650757727,0 79.6424894911576,24.7071663229359,0 79.6424917086146,24.7071674672644,0 79.6424939876599,24.7071685057195,0 79.6424963222411,24.7071694355433,0 79.6424987061583,24.7071702542665,0 79.6425006669324,24.7071708242168,0 79.6425074295825,24.7071762114141,0 79.6425164527602,24.7071883139352,0 79.6425179964554,24.7071902700426,0 79.6425196522818,24.7071921480645,0 79.6425214155153,24.7071939426431,0 79.6425232811257,24.7071956486586,0 79.6425252437904,24.7071972612436,0 79.6425272979099,24.7071987757977,0 79.6425294376241,24.7072001879998,0 79.6425316568284,24.7072014938211,0 79.6425337045914,24.7072025619506,0 79.6425372883205,24.7072089652346,0 79.6425429033609,24.7072204953657,0 79.6425425832788,24.7072203247921,0 79.6425402965916,24.7072192477962,0 79.6425379516501,24.707218280965,0 79.642535554809,24.7072174269186,0 79.6425331125635,24.7072166879714,0 79.642530631532,24.7072160661259,0 79.6425281184378,24.7072155630672,0 79.6425255800913,24.7072151801587,0 79.6425230233713,24.7072149184379,0 79.6425204552061,24.7072147786141,0 79.642512440948,24.7072145332798,0 79.6425110214587,24.7072138709026,0 79.6425086579055,24.7072129070085,0 79.6425062423504,24.7072120574796,0 79.642503781419,24.707211324646,0 79.642501281862,24.707210710518,0 79.6424987505356,24.7072102167802,0 79.6424961943833,24.7072098447869,0 79.6424936204168,24.7072095955584,0 79.6424910356964,24.7072094697785,0 79.6424884473122,24.7072094677921,0 79.6424858623642,24.7072095896047,0 79.6424832879429,24.7072098348821,0 79.6424807679217,24.7072101976524,0 79.6424805490538,24.7072101848967,0 79.6424779510406,24.7072101584716,0 79.6424753550975,24.7072102568094,0 79.6424727683991,24.7072104796383,0 79.6424701980945,24.7072108263425,0 79.6424676512876,24.7072112959637,0 79.6424651350173,24.707211887204,0 79.6424626562381,24.7072125984293,0 79.6424602218009,24.707213427674,0 79.642457838434,24.707214372646,0 79.6424555127247,24.7072154307338,0 79.6424532511006,24.707216599013,0 79.6424199515835,24.7072348720062,0 79.6424156091694,24.7072366355196,0 79.6424128616299,24.707232495393,0 79.6424114641585,24.7072305087468,0 79.6423971371777,24.7072112672878,0 79.6423963996572,24.7072100260319,0 79.6423950396294,24.7072079993793,0 79.6423935647125,24.7072060409306,0 79.6423919789956,24.7072041561155,0 79.6423902868751,24.7072023501595,0 79.6423884930423,24.7072006280696,0 79.6423866024705,24.7071989946201,0 79.6423846204012,24.7071974543397,0 79.6423825523295,24.7071960114988,0 79.6423804039892,24.7071946700975,0 79.6423781813362,24.7071934338548,0 79.642375890533,24.7071923061981,0 79.6423735379305,24.7071912902538,0 79.6423711300511,24.7071903888385,0 79.6423686735708,24.7071896044514,0 79.6423661752997,24.707188939267,0 79.6423636421645,24.7071883951297,0 79.6423610811878,24.7071879735479,0 79.64235849947,24.7071876756906,0 79.6423559041687,24.7071875023834,0 79.6423533024792,24.7071874541069,0 79.6423507016146,24.707187530995,0 79.6423481087856,24.7071877328344,0 79.6423455311807,24.7071880590655,0 79.6423429759461,24.707188508784,0 79.6423404501662,24.7071890807429,0 79.6423379608434,24.7071897733566,0 79.6423355148792,24.7071905847048,0 79.6423331190551,24.7071915125382,0 79.6423307800132,24.7071925542843,0 79.6423285042385,24.7071937070549,0 79.6423272042388,24.7071944070547,0 79.6423249518475,24.7071956956543,0 79.6423227785413,24.7071970929976,0 79.6423206906048,24.707198595044,0 79.642318694076,24.7072001974498,0 79.6423167947283,24.7072018955811,0 79.6423149980544,24.7072036845274,0 79.6423133092497,24.7072055591155,0 79.642311733198,24.7072075139243,0 79.6423102744569,24.707209543301,0 79.6423089372448,24.7072116413771,0 79.6423077254285,24.7072138020853,0 79.6423066425124,24.7072160191775,0 79.6423056916282,24.7072182862421,0 79.6423048755254,24.7072205967234,0 79.642277942556,24.7073045031948,0 79.642277665946,24.7073046540501,0 79.6422755200246,24.7073059679975,0 79.6422734521958,24.7073073825856,0 79.6422714681097,24.7073088939491,0 79.6422695731878,24.7073104979582,0 79.6422677726076,24.7073121902303,0 79.6422660712892,24.7073139661411,0 79.6422644738813,24.7073158208383,0 79.6422629847487,24.707317749254,0 79.6422616079603,24.7073197461189,0 79.6422603472781,24.7073218059769,0 79.6422592061468,24.7073239231994,0 79.6422581876845,24.7073260920013,0 79.6422572946741,24.7073283064566,0 79.642251394669,24.7073442064545,0 79.6422513874907,24.7073442276455,0 79.6422357108145,24.7073592656365,0 79.6422339675831,24.7073610284782,0 79.6422323282729,24.7073628726448,0 79.642230797423,24.7073647930304,0 79.642229379272,24.7073667843175,0 79.6422280777465,24.7073688409928,0 79.6422268964503,24.7073709573615,0 79.6422258386542,24.7073731275639,0 79.6422249994877,24.7073751260174,0 79.6422152236915,24.7073831427446,0 79.6421816841438,24.70739536819,0 79.6421792045185,24.7073963445833,0 79.6421767869693,24.707397443232,0 79.642174438713,24.7073986608564,0 79.6421721667591,24.7073999938218,0 79.6421699778898,24.7074014381493,0 79.6421678786388,24.7074029895274,0 79.6421658752727,24.707404643325,0 79.6421639737717,24.7074063946056,0 79.642162179812,24.7074082381413,0 79.6421604987485,24.7074101684291,0 79.6421497987471,24.7074231684263,0 79.6421482895543,24.7074251062545,0 79.6421468941615,24.7074271139929,0 79.6421456164407,24.7074291860702,0 79.6421444599374,24.7074313167366,0 79.6421434278608,24.7074335000797,0 79.642142523075,24.707435730041,0 79.6421417480904,24.7074380004324,0 79.6421411050578,24.7074403049541,0 79.6421405957614,24.7074426372109,0 79.6421402216144,24.7074449907314,0 79.6421399836552,24.7074473589845,0 79.6421398857051,24.7074496611017,0 79.6421375308898,24.7074496822282,0 79.6421349678106,24.7074498270813,0 79.6421324164281,24.7074500933587,0 79.6421298836308,24.7074504803413,0 79.6421273762571,24.7074509869844,0 79.6421249010769,24.70745161192,0 79.6421224647728,24.7074523534609,0 79.6421200739228,24.707453209605,0 79.6421177349821,24.7074541780406,0 79.6421154542656,24.7074552561532,0 79.6421132379311,24.7074564410318,0 79.6421110919627,24.7074577294774,0 79.6421090221543,24.7074591180112,0 79.6421070340942,24.7074606028843,0 79.6421051331501,24.7074621800876,0 79.6421033244544,24.7074638453627,0 79.6421016128906,24.7074655942136,0 79.6421000030796,24.7074674219183,0 79.6420984993681,24.7074693235423,0 79.6420971058158,24.7074712939513,0 79.6420958261852,24.7074733278252,0 79.6420946639314,24.7074754196727,0 79.6420936221923,24.707477563846,0 79.6420927037806,24.707479754556,0 79.6420919111759,24.7074819858877,0 79.6420912465183,24.7074842518169,0 79.6420907116022,24.7074865462255,0 79.6420903078719,24.7074888629189,0 79.6420900364175,24.707491195642,0 79.642089897972,24.7074935380968,0 79.642089892909,24.7074958839586,0 79.6420900188092,24.7074981824747,0 79.6420722710344,24.7075426290303,0 79.6420714707349,24.7075448033158,0</coordinates></LinearRing></outerBoundaryIs><innerBoundaryIs><LinearRing><coordinates>79.6430271540223,24.7074448790466,0 79.6430267007268,24.7074425723403,0 79.643026117007,24.70744029023,0 79.6430254044358,24.7074380388655,0 79.643024817748,24.7074364912216,0 79.6430280036466,24.7074340133003,0 79.6430283761763,24.707434139034,0 79.6430308156643,24.7074348337703,0 79.6430332912002,24.7074354123945,0 79.6430357961661,24.7074358733597,0 79.6430383238655,24.7074362154335,0 79.643040867541,24.7074364377015,0 79.6430434203925,24.7074365395695,0 79.6430459755955,24.7074365207651,0 79.6430485263191,24.7074363813387,0 79.6430510657445,24.707436121663,0 79.6430535870828,24.7074357424321,0 79.6430537066488,24.7074357185922,0 79.6430547831589,24.7074370013057,0 79.6430564712176,24.70743880745,0 79.6430582609105,24.7074405300057,0 79.6430588380081,24.7074410299557,0 79.6430579414612,24.7074415841328,0 79.6430577105607,24.7074417435709,0 79.6430274430497,24.7074469683193,0 79.6430271540223,24.7074448790466,0</coordinates></LinearRing></innerBoundaryIs><innerBoundaryIs><LinearRing><coordinates>79.6431911102688,24.7060367531333,0 79.6431892422801,24.706035145602,0 79.6431872854623,24.70603362882,0 79.6431852450921,24.7060322068774,0 79.6431831266713,24.7060308836083,0 79.6431809359123,24.706029662581,0 79.6431808937221,24.7060296417308,0 79.6431810643565,24.7060281891163,0 79.6431821643516,24.7060155891157,0 79.6431822637473,24.7060141681361,0 79.6431823637465,24.706012268136,0 79.643182420378,24.7060099203784,0 79.6431823432973,24.7060075731068,0 79.6431821327131,24.706005232672,0 79.643181789195,24.7060029054063,0 79.6431813136726,24.7060005976063,0 79.6431807074324,24.7059983155161,0 79.6431799721147,24.7059960653101,0 79.6431791097089,24.7059938530765,0 79.6431781225484,24.7059916848007,0 79.6431770133041,24.7059895663492,0 79.6431757849771,24.7059875034537,0 79.6431744408909,24.7059855016956,0 79.6431729846819,24.7059835664909,0 79.6431714202902,24.7059817030753,0 79.6431697519483,24.7059799164907,0 79.6431679841702,24.7059782115709,0 79.6431661217387,24.7059765929285,0 79.6431648327784,24.7059755839805,0 79.6431656710672,24.705973437576,0 79.6431664198602,24.7059711423662,0 79.643167034362,24.7059688141116,0 79.6431675128432,24.7059664593642,0 79.6431678539574,24.7059640847506,0 79.6431680567446,24.7059616969535,0 79.6431681206341,24.7059593026924,0 79.6431680753981,24.7059578623765,0 79.6431683219843,24.7059586181455,0 79.6431691848243,24.7059608339286,0 79.6431701728036,24.7059630056588,0 79.6431712832412,24.7059651274431,0 79.6431725131239,24.7059671935235,0 79.6431738591141,24.7059691982937,0 79.6431753175595,24.7059711363132,0 79.6431768845023,24.7059730023232,0 79.6431785556904,24.7059747912599,0 79.6431803265888,24.7059764982689,0 79.6431807586874,24.7059768735463,0 79.6431861919481,24.705984712969,0 79.6431870683994,24.7059864540434,0 79.6431883014313,24.7059885936195,0 79.6432055014242,24.7060165936241,0 79.6432067372541,24.7060184947982,0 79.6432080734982,24.7060203384171,0 79.6432179609628,24.7060332801318,0 79.6432182707215,24.7060346536305,0 79.6432189174959,24.7060369196916,0 79.6432196920284,24.7060391520669,0 79.643220592235,24.7060413447497,0 79.6432216156936,24.7060434918404,0 79.6432227596504,24.706045587562,0 79.643223758305,24.7060472016475,0 79.6432230653698,24.7060471429242,0 79.6432222153435,24.7060465257602,0 79.6432200846916,24.7060451402415,0 79.6432178767884,24.7060438596293,0 79.6432155978173,24.70604268751,0 79.6432132541604,24.7060416271662,0 79.6432108523813,24.7060406815674,0 79.6432083992062,24.7060398533617,0 79.6432059015051,24.7060391448685,0 79.643203366273,24.706038558072,0 79.6432008006097,24.7060380946155,0 79.6431982117006,24.7060377557969,0 79.6431956067957,24.7060375425651,0 79.6431929931902,24.7060374555172,0 79.6431918637118,24.7060374725263,0 79.6431911102688,24.7060367531333,0</coordinates></LinearRing></innerBoundaryIs><innerBoundaryIs><LinearRing><coordinates>79.6431663454351,24.7059288087052,0 79.6431661346028,24.7059264488811,0 79.6431657886326,24.7059241023994,0 79.643165308476,24.7059217757137,0 79.6431651951329,24.7059213503709,0 79.643166089317,24.7059210270384,0 79.6431684490918,24.7059200398858,0 79.6431707488817,24.7059189409229,0 79.643172982344,24.7059177331806,0 79.6431751433187,24.7059164199898,0 79.6431764764334,24.7059155141766,0 79.6431761342054,24.7059159176469,0 79.643174620982,24.7059179149558,0 79.6431732275403,24.7059199837216,0 79.643171957914,24.7059221179558,0 79.6431708157784,24.7059243114804,0 79.6431698044396,24.7059265579456,0 79.6431689268252,24.7059288508485,0 79.6431682268245,24.7059308508483,0 79.6431675069276,24.7059331088332,0 79.6431669167232,24.7059353980009,0 79.6431667844359,24.7059360650836,0 79.6431663454351,24.7059288087052,0</coordinates></LinearRing></innerBoundaryIs><innerBoundaryIs><LinearRing><coordinates>79.643069588587,24.7058934154225,0 79.6430671221421,24.7058941676366,0 79.6430647024206,24.7058950373172,0 79.6430637246057,24.7058954442365,0 79.6430633092503,24.7058942184442,0 79.6430626905529,24.7058926838754,0 79.643071815063,24.7058928534024,0 79.643069588587,24.7058934154225,0</coordinates></LinearRing></innerBoundaryIs><innerBoundaryIs><LinearRing><coordinates>79.6431241035908,24.706201445825,0 79.6431266532021,24.7062016551167,0 79.6431292112563,24.7062017435256,0 79.6431317708901,24.7062017108144,0 79.6431343252359,24.706201557071,0 79.6431368674406,24.7062012827078,0 79.6431393906833,24.706200888461,0 79.6431418881942,24.7062003753882,0 79.6431443532725,24.7061997448662,0 79.6431467793044,24.7061989985865,0 79.6431491597807,24.7061981385515,0 79.6431514883148,24.7061971670686,0 79.6431579883165,24.7061942670678,0 79.6431603446975,24.706193143077,0 79.6431626315123,24.7061919049693,0 79.6431648421446,24.7061905563268,0 79.6431669701986,24.7061891010514,0 79.6431690095173,24.7061875433535,0 79.6431709542007,24.7061858877399,0 79.6431727986223,24.7061841390006,0 79.643174537446,24.706182302195,0 79.6431761656408,24.7061803826374,0 79.643177678496,24.7061783858816,0 79.643180643786,24.7061742380048,0 79.6431807923713,24.7061742855541,0 79.643183285651,24.7061749513253,0 79.6431858137801,24.7061754965024,0 79.643188369774,24.7061759195791,0 79.6431909465715,24.7061762193866,0 79.6431935370537,24.7061763950968,0 79.6431961340639,24.706176446224,0 79.6431987304275,24.7061763726272,0 79.6432013189716,24.7061761745096,0 79.6432017174541,24.7061761246382,0 79.6432085201645,24.7061819590821,0 79.6432086621162,24.7061828043716,0 79.6432091836583,24.7061851043987,0 79.6432098354428,24.7061873765337,0 79.6432106157055,24.7061896146263,0 79.6432115223342,24.7061918126183,0 79.6432125528749,24.7061939645602,0 79.6432137045382,24.7061960646272,0 79.6432149742066,24.7061981071345,0 79.6432163584435,24.7062000865537,0 79.6432178535019,24.7062019975266,0 79.643219455335,24.7062038348807,0 79.6432308553336,24.7062162348835,0 79.6432325607752,24.7062179947905,0 79.6432343641698,24.7062196712303,0 79.6432362606293,24.7062212596591,0 79.6432382450136,24.7062227557715,0 79.643240311944,24.7062241555125,0 79.6432423927766,24.7062254168733,0 79.6432424541082,24.7062257576592,0 79.6432429892352,24.7062280075338,0 79.6432436492258,24.7062302295608,0 79.6432444323637,24.7062324179613,0 79.6432453366122,24.706234567044,0 79.6432540366061,24.7062537670463,0 79.6432546907112,24.7062551452486,0 79.6432614284041,24.7062687182922,0 79.643261529429,24.7062693369896,0 79.6432620500148,24.7062716725423,0 79.6432627048047,24.7062739797419,0 79.6432634919738,24.706276252158,0 79.6432644093279,24.7062784834567,0 79.6432652093273,24.7062802834569,0 79.6432662193966,24.7062823992557,0 79.6432673465241,24.7062844651284,0 79.6432685877636,24.7062864756747,0 79.6432699398704,24.7062884256388,0 79.64327139931,24.7062903099235,0 79.6432720298956,24.7062910416647,0 79.6432717509308,24.7062920237934,0 79.6432714494718,24.7062933765085,0 79.6432667773785,24.7062964912372,0 79.643261819288,24.7062961678832,0 79.6432591640816,24.7062960601707,0 79.6432565063761,24.7062960830124,0 79.6432538538581,24.7062962363422,0 79.6432512141993,24.7062965197167,0 79.6432485950342,24.7062969323163,0 79.6432460039379,24.7062974729477,0 79.6432434484046,24.7062981400473,0 79.6432409358252,24.7062989316856,0 79.6432384734668,24.7062998455731,0 79.643236068451,24.7063008790666,0 79.6432337277336,24.706302029177,0 79.6432314580846,24.706303292578,0 79.643229258085,24.7063045925777,0 79.6432270768703,24.7063059584536,0 79.6432249787561,24.7063074289573,0 79.6432229697499,24.7063089998783,0 79.6432210556039,24.7063106667187,0 79.6432192417988,24.7063124247058,0 79.6432175335281,24.7063142688061,0 79.643215935683,24.7063161937396,0 79.6432144528384,24.7063181939945,0 79.6432130892402,24.7063202638437,0 79.6432118487927,24.7063223973607,0 79.6432107350476,24.7063245884367,0 79.6432097511939,24.7063268307981,0 79.6432089000485,24.7063291180243,0 79.6432081840486,24.7063314435666,0 79.6432076052441,24.7063338007663,0 79.6432071652925,24.7063361828742,0 79.6432068654534,24.7063385830696,0 79.6432067065853,24.7063409944802,0 79.6432066891431,24.7063434102015,0 79.6432068131768,24.7063458233166,0 79.643206880287,24.7063464316641,0 79.6432060131664,24.7063478981812,0 79.6432048980027,24.7063500478558,0 79.6432039083368,24.7063522482053,0 79.6432030469164,24.7063544931206,0 79.643202316133,24.706356776369,0 79.6432017180157,24.7063590916115,0 79.6432016662744,24.7063593184768,0 79.6432007364071,24.7063586672503,0 79.6431986132286,24.7063573347916,0 79.6431964169342,24.7063561052026,0 79.6431941534905,24.7063549818238,0 79.6431918290467,24.7063539677069,0 79.6431894499177,24.7063530656071,0 79.643187022567,24.7063522779752,0 79.643184553589,24.706351606951,0 79.6431820496913,24.7063510543574,0 79.6431795176763,24.7063506216957,0 79.6431769644227,24.7063503101413,0 79.6431743968672,24.7063501205406,0 79.6431718219849,24.7063500534088,0 79.6431692467713,24.7063501089281,0 79.6431666782225,24.7063502869478,0 79.6431641233164,24.7063505869843,0 79.6431615889942,24.7063510082223,0 79.6431590821408,24.7063515495176,0 79.6431566095668,24.7063522093996,0 79.6431541779894,24.7063529860755,0 79.6431517940146,24.7063538774353,0 79.643149464119,24.7063548810574,0 79.6431473333894,24.7063559261566,0 79.6431461289703,24.7063560419542,0 79.6431435469874,24.7063564171971,0 79.6431409903402,24.7063569166495,0 79.6431384661838,24.7063575389137,0 79.6431359815821,24.7063582822482,0 79.6431335434887,24.7063591445727,0 79.6431311587267,24.706360123474,0 79.6431288339701,24.7063612162124,0 79.643126575725,24.7063624197298,0 79.6431243903114,24.7063637306582,0 79.643122337601,24.7063651092271,0 79.6431186653852,24.7063648377404,0 79.6431210469792,24.7063640704583,0 79.6431234298375,24.7063631725882,0 79.6431257582092,24.7063621624455,0 79.6431280257605,24.7063610427781,0 79.643130226323,24.7063598166318,0 79.6431323539107,24.706358487342,0 79.6431344027359,24.7063570585248,0 79.6431363672252,24.706355534067,0 79.6431382420348,24.7063539181154,0 79.6431391929031,24.706353008369,0 79.6431536388778,24.7063489769329,0 79.6431560672842,24.7063482358893,0 79.6431584504206,24.7063473809524,0 79.6431607818909,24.7063464144167,0 79.6431630554377,24.7063453388763,0 79.6431652649591,24.7063441572179,0 79.6431674045249,24.7063428726129,0 79.6431694683928,24.7063414885089,0 79.6431714510236,24.706340008621,0 79.643173347096,24.7063384369207,0 79.6431751515213,24.7063367776266,0 79.6431768594566,24.7063350351918,0 79.643178466318,24.706333214293,0 79.6431799677927,24.7063313198172,0 79.6431813598511,24.7063293568491,0 79.643182638757,24.7063273306569,0 79.643183801078,24.7063252466787,0 79.6431848436944,24.7063231105078,0 79.6431857638082,24.7063209278775,0 79.6431865589497,24.7063187046455,0 79.6431872269849,24.7063164467789,0 79.6431877661209,24.7063141603376,0 79.6431881749107,24.706311851458,0 79.6431884522572,24.706309526337,0 79.643188597416,24.7063071912149,0 79.6431886099975,24.706304852359,0 79.6431884899679,24.7063025160465,0 79.6431882376495,24.7063001885477,0 79.6431878537194,24.7062978761095,0 79.6431873392081,24.7062955849382,0 79.6431769391928,24.7062546849409,0 79.6431762830461,24.7062523817556,0 79.6431754949509,24.7062501133568,0 79.643174577097,24.706247886048,0 79.6431735320352,24.7062457060186,0 79.6431723626695,24.7062435793265,0 79.6431710722494,24.7062415118815,0 79.6431696643608,24.7062395094288,0 79.643168142916,24.7062375775329,0 79.643166512143,24.7062357215622,0 79.6431647765733,24.7062339466742,0 79.6431629410299,24.7062322578011,0 79.6431610106136,24.706230659636,0 79.6431589906886,24.70622915662,0 79.6431568868682,24.7062277529297,0 79.6431547049983,24.7062264524659,0 79.6431524511422,24.7062252588422,0 79.6431501315631,24.7062241753756,0 79.6431477527066,24.7062232050769,0 79.6431453211833,24.7062223506424,0 79.6431428437501,24.7062216144465,0 79.6431403272913,24.7062209985349,0 79.6431377787999,24.7062205046193,0 79.6431352053576,24.706220134072,0 79.6431326141159,24.7062198879227,0 79.6431300122752,24.7062197668556,0 79.6431274070658,24.7062197712071,0 79.6431248057272,24.7062199009649,0 79.6431140057311,24.7062207009648,0 79.6431114130714,24.7062209560657,0 79.6431088387502,24.7062213357366,0 79.6431062899344,24.7062218389207,0 79.6431037737203,24.706222464217,0 79.643101297113,24.7062232098846,0 79.6431000479066,24.7062236540086,0 79.6431012972356,24.706221757901,0 79.6431025175562,24.7062196642528,0 79.6431036158234,24.7062175149454,0 79.6431045890057,24.7062153159114,0 79.6431054344167,24.7062130732209,0 79.6431061497229,24.7062107930644,0 79.6431064230051,24.706209710047,0 79.6431079186985,24.7062092779876,0 79.6431103217593,24.7062084562215,0 79.6431126748917,24.7062075216255,0 79.6431149717526,24.706206476719,0 79.6431172061504,24.7062053243187,0 79.6431193720621,24.706204067531,0 79.643121463649,24.7062027097438,0 79.6431233469782,24.7062013474205,0 79.6431241035908,24.706201445825,0</coordinates></LinearRing></innerBoundaryIs><innerBoundaryIs><LinearRing><coordinates>79.6429774839061,24.7061993232347,0 79.6429928839062,24.7062125232381,0 79.6429947926577,24.7062140764969,0 79.6429967867734,24.7062155375182,0 79.642998860918,24.7062169023933,0 79.6430010095426,24.7062181674706,0 79.6430014658387,24.7062184065698,0 79.6430013379851,24.7062183840852,0 79.6429935709319,24.7062169891865,0 79.6429908960224,24.7062141785937,0 79.6429887157866,24.7062120324699,0 79.6429863878564,24.7062100199581,0 79.6429763878567,24.7062019199603,0 79.6429744818331,24.7062004528164,0 79.6429738406156,24.7062000077468,0 79.6429759047372,24.7061993543794,0 79.6429770479738,24.7061989296826,0 79.6429774839061,24.7061993232347,0</coordinates></LinearRing></innerBoundaryIs><innerBoundaryIs><LinearRing><coordinates>79.6437472927977,24.7060471445307,0 79.6437489852929,24.7060453710741,0 79.6437505743519,24.7060435194779,0 79.6437520556587,24.7060415947708,0 79.6437534251904,24.7060396021801,0 79.6437546792274,24.7060375471175,0 79.6437558143639,24.7060354351644,0 79.6437568275169,24.7060332720567,0 79.6437577159349,24.7060310636693,0 79.6437647148702,24.706012158481,0 79.6437667449904,24.7060111936567,0 79.6437689674395,24.706009998918,0 79.6437803674419,24.7060034989162,0 79.643782612938,24.7060021395299,0 79.6437847740167,24.7060006703929,0 79.6437868442571,24.7059990958702,0 79.6437888175083,24.7059974206396,0 79.6437906879077,24.7059956496786,0 79.6437907879077,24.7059955496786,0 79.6437925731437,24.7059936622743,0 79.643794241546,24.7059916876801,0 79.6437957880216,24.7059896319237,0 79.6437972078498,24.7059875012805,0 79.6437984966962,24.7059853022546,0 79.6437996506267,24.7059830415587,0 79.6438006661186,24.705980726094,0 79.6438027144305,24.7059756540796,0 79.6438029232618,24.7059756701907,0 79.6438054925867,24.7059757458676,0 79.6438080627432,24.7059756993958,0 79.6438106267776,24.7059755309012,0 79.6438131777525,24.7059752408396,0 79.6438157087658,24.7059748299959,0 79.6438182129694,24.7059742994816,0 79.643820683588,24.7059736507321,0 79.6438207843787,24.7059736189967,0 79.64382120277,24.7059737312741,0 79.6438236915282,24.7059742730807,0 79.6438262076453,24.705974696503,0 79.643828744378,24.7059750004064,0 79.6438312949278,24.7059751839762,0 79.6438338524592,24.7059752467206,0 79.643836410118,24.7059751884713,0 79.6438389610497,24.7059750093845,0 79.6438414984178,24.7059747099402,0 79.643844015422,24.7059742909408,0 79.6438458340925,24.7059738983898,0 79.643845983897,24.7059760044719,0 79.6438462861091,24.7059783494297,0 79.6438467221124,24.7059806767468,0 79.6438472907145,24.7059829800575,0 79.64384799036,24.7059852530615,0 79.6438488191353,24.7059874895417,0 79.6438497747735,24.7059896833807,0 79.6438508546607,24.705991828578,0 79.6438512345531,24.7059924897902,0 79.6438499677766,24.7059927763062,0 79.643847486186,24.7059934656548,0 79.6438450476042,24.7059942729924,0 79.6438450212966,24.7059942831583,0 79.6438428332323,24.7059942573679,0 79.6438402267804,24.7059943523887,0 79.6438376294475,24.7059945729093,0 79.6438350484695,24.7059949183153,0 79.6438324910369,24.7059953876445,0 79.6438299642747,24.7059959795894,0 79.643827475222,24.7059966925008,0 79.6438250308134,24.7059975243926,0 79.6438226378587,24.7059984729472,0 79.6438203030246,24.705999535522,0 79.6438180328158,24.7060007091567,0 79.6438109328173,24.7060046091556,0 79.643808756059,24.7060058767019,0 79.6438070689916,24.7060069763282,0 79.6438064209083,24.7060069268648,0 79.6438038284249,24.7060068537417,0 79.6438012353124,24.7060069049694,0 79.6437986487132,24.7060070804066,0 79.6437960757517,24.7060073795702,0 79.643793523515,24.7060078016362,0 79.6437909990329,24.7060083454419,0 79.6437885092589,24.7060090094897,0 79.6437860610507,24.7060097919503,0 79.6437836611518,24.7060106906687,0 79.6437813161722,24.7060117031694,0 79.6437790325712,24.7060128266635,0 79.6437768166385,24.7060140580565,0 79.6437746744778,24.7060153939567,0 79.6437726119894,24.7060168306844,0 79.6437706348543,24.7060183642824,0 79.6437687485182,24.7060199905265,0 79.6437669581768,24.7060217049374,0 79.6437652687615,24.706023502793,0 79.6437636849256,24.7060253791411,0 79.6437622110317,24.7060273288137,0 79.6437572110305,24.7060343288123,0 79.6437558202305,24.7060363951817,0 79.6437545529302,24.7060385268083,0 79.643753412788,24.7060407175383,0 79.6437524030955,24.7060429610475,0 79.6437515690341,24.7060451404178,0 79.6437512158168,24.7060452866079,0 79.6437488843699,24.706046391493,0 79.643747176615,24.7060472541734,0 79.6437472927977,24.7060471445307,0</coordinates></LinearRing></innerBoundaryIs><innerBoundaryIs><LinearRing><coordinates>79.6439908960997,24.7060446028147,0 79.6440044403637,24.7060509152999,0 79.6440060591195,24.7060516229595,0 79.6440037074936,24.7060524741805,0 79.6440013732726,24.7060534500805,0 79.643999097672,24.7060545353874,0 79.6439968868315,24.7060557271729,0 79.6439947467161,24.7060570222214,0 79.6439926831,24.7060584170389,0 79.643990701551,24.706059907862,0 79.6439898459094,24.7060606228662,0 79.6439901908292,24.7060592170307,0 79.6439906238353,24.706056886381,0 79.6439909227024,24.7060545382212,0 79.6439910866112,24.7060521789894,0 79.6439911151123,24.7060498151543,0 79.6439910081275,24.7060474531968,0 79.6439907659502,24.7060450995931,0 79.6439906831756,24.7060445856828,0 79.6439908960997,24.7060446028147,0</coordinates></LinearRing></innerBoundaryIs><innerBoundaryIs><LinearRing><coordinates>79.643974482368,24.7060858937128,0 79.6439740871825,24.7060882108173,0 79.6439738242374,24.7060905435414,0 79.6439737733806,24.7060914597989,0 79.6439733283672,24.7060915629541,0 79.6439707271973,24.7060923075582,0 79.6439545726979,24.7060973829189,0 79.6439559324475,24.7060937206561,0 79.6439576738773,24.7060932234131,0 79.6439601000138,24.7060924010164,0 79.6439624757013,24.7060914637359,0 79.6439647944261,24.7060904141413,0 79.6439670498308,24.7060892551106,0 79.6439692357315,24.7060879898214,0 79.643971346135,24.706086621743,0 79.6439733752548,24.7060851546264,0 79.6439749405737,24.7060838956708,0 79.643974482368,24.7060858937128,0</coordinates></LinearRing></innerBoundaryIs><innerBoundaryIs><LinearRing><coordinates>79.6439443981009,24.7062005293833,0 79.6439454908514,24.7062018766953,0 79.6439470810567,24.7062037339194,0 79.6439487752368,24.7062055127677,0 79.6439505687706,24.7062072083881,0 79.6439524567661,24.7062088161556,0 79.6439544340735,24.7062103316848,0 79.6439564952993,24.7062117508418,0 79.6439586348212,24.7062130697557,0 79.6439608468035,24.706214284829,0 79.6439631252127,24.7062153927473,0 79.643965463834,24.7062163904888,0 79.6439656969084,24.7062164766907,0 79.6439648805028,24.7062179095594,0 79.6439645504635,24.7062185710816,0 79.6439629205507,24.7062190681373,0 79.6439604960603,24.7062199397493,0 79.6439581252236,24.7062209268746,0 79.6439558146302,24.7062220267696,0 79.6439545245866,24.7062227221781,0 79.6439544511112,24.7062226541657,0 79.6439525317868,24.7062210550597,0 79.6439505231346,24.7062195502909,0 79.6439484307042,24.7062181440169,0 79.6439462602767,24.706216840123,0 79.6439440178486,24.7062156422116,0 79.6439417096155,24.7062145535923,0 79.6439393419546,24.706213577273,0 79.6439369214075,24.7062127159509,0 79.6439344546617,24.7062119720058,0 79.6439330803112,24.7062116295258,0 79.6439443981009,24.7062005293833,0</coordinates></LinearRing></innerBoundaryIs><innerBoundaryIs><LinearRing><coordinates>79.6434214813273,24.706443701848,0 79.6434031270764,24.7064419874391,0 79.6434005422764,24.7064418084289,0 79.6433979507572,24.7064417534741,0 79.6433953596487,24.7064418227261,0 79.6433927760793,24.7064420159941,0 79.6433902071571,24.7064423327467,0 79.6433881840087,24.7064426817177,0 79.6433896982135,24.7064421649262,0 79.6433920634318,24.7064412265225,0 79.6433943718495,24.7064401766967,0 79.643396617182,24.7064390183069,0 79.6433987933165,24.7064377545069,0 79.6434008943283,24.7064363887373,0 79.6434029144975,24.7064349247165,0 79.6434198160614,24.706422005703,0 79.6434214813273,24.706443701848,0</coordinates></LinearRing></innerBoundaryIs><innerBoundaryIs><LinearRing><coordinates>79.6433802182795,24.7064448121329,0 79.643377827124,24.7064457265446,0 79.643375491743,24.7064467542323,0 79.6433732185615,24.7064478923687,0 79.6433710138336,24.7064491378224,0 79.6433688836248,24.7064504871671,0 79.6433668337959,24.7064519366904,0 79.6433648699861,24.7064534824045,0 79.6433629975983,24.7064551200567,0 79.6433612217839,24.7064568451416,0 79.6433595474285,24.7064586529131,0 79.6433579791384,24.7064605383978,0 79.6433565212285,24.7064624964083,0 79.6433551777096,24.7064645215577,0 79.643353952278,24.7064666082744,0 79.6433528483053,24.7064687508176,0 79.6433518688285,24.7064709432927,0 79.6433510165424,24.7064731796677,0 79.6433502937919,24.70647545379,0 79.6433499751666,24.7064766963369,0 79.643349937996,24.7064766674145,0 79.643347857523,24.706475215017,0 79.6433456957633,24.7064738653173,0 79.6433434587851,24.7064726221041,0 79.643341152868,24.7064714888673,0 79.6433387844849,24.706470468788,0 79.643336360284,24.7064695647296,0 79.6433338870703,24.70646877923,0 79.6433313717864,24.7064681144941,0 79.643328821493,24.7064675723879,0 79.6433262433489,24.7064671544331,0 79.6433236445913,24.7064668618031,0 79.6433210325152,24.7064666953191,0 79.6433202383842,24.7064666832253,0 79.6433207357619,24.7064659032518,0 79.6433219118171,24.7064638167043,0 79.6433229675882,24.7064616771468,0 79.6433239002221,24.7064594903608,0 79.6433247071986,24.7064572622557,0 79.643325386337,24.7064549988526,0 79.6433259358021,24.7064527062678,0 79.6433263541091,24.7064503906966,0 79.6433266401276,24.7064480583963,0 79.64332676214,24.7064461896253,0 79.6433284589599,24.706446704141,0 79.6433309433837,24.7064473282179,0 79.6433334600365,24.7064478331598,0 79.6433360020774,24.7064482175942,0 79.6433385625966,24.7064484804762,0 79.643341134634,24.7064486210911,0 79.6433437111983,24.7064486390568,0 79.6433462852857,24.7064485343244,0 79.6433488498994,24.7064483071786,0 79.6433772499095,24.7064451071779,0 79.6433798000695,24.7064447579142,0 79.6433811540264,24.706444505904,0 79.6433802182795,24.7064448121329,0</coordinates></LinearRing></innerBoundaryIs><innerBoundaryIs><LinearRing><coordinates>79.6435308783553,24.7066816437883,0 79.643530784908,24.7066829453679,0 79.6435306822052,24.7066853824201,0 79.6435307237151,24.7066878209826,0 79.6435309093165,24.7066902539393,0 79.6435312384679,24.7066926741902,0 79.6435317102087,24.7066950746725,0 79.6435323231623,24.706697448381,0 79.64353307554,24.7066997883885,0 79.643533965146,24.7067020878666,0 79.6435349893845,24.7067043401046,0 79.6435361452663,24.7067065385301,0 79.6435374294184,24.7067086767276,0 79.6435388380933,24.7067107484573,0 79.6435403671803,24.7067127476733,0 79.6435685697324,24.7067475781833,0 79.6435682013395,24.706747453994,0 79.6435657529681,24.7067467581192,0 79.6435606850815,24.7067454484408,0 79.6435605208699,24.7067450181568,0 79.6435595335463,24.706742812892,0 79.6435584202427,24.7067406582801,0 79.6435571840596,24.7067385603221,0 79.6435558284401,24.7067365248609,0 79.6435543571597,24.7067345575655,0 79.643552774316,24.706732663915,0 79.6435510843175,24.7067308491835,0 79.6435492918708,24.706729118425,0 79.6435474019683,24.7067274764601,0 79.6435454198735,24.7067259278616,0 79.6435433511067,24.7067244769427,0 79.6435412014296,24.7067231277442,0 79.6435389768293,24.7067218840239,0 79.6435366835016,24.7067207492455,0 79.6435343278336,24.7067197265697,0 79.643531916386,24.7067188188446,0 79.6435294558751,24.7067180285983,0 79.6435269531535,24.7067173580318,0 79.6435244151916,24.7067168090126,0 79.6435218490579,24.7067163830698,0 79.6435192618993,24.7067160813898,0 79.6435166609213,24.7067159048127,0 79.6435140533679,24.7067158538303,0 79.6435114465014,24.7067159285846,0 79.6435088475823,24.7067161288674,0 79.6435070873304,24.7067163504568,0 79.6435098882112,24.7067135495752,0 79.6435115884164,24.7067117569928,0 79.6435131832188,24.7067098853151,0 79.6435146682166,24.706707939708,0 79.6435160393112,24.7067059255416,0 79.6435172927182,24.7067038483751,0 79.6435184249781,24.7067017139416,0 79.6435194329659,24.7066995281323,0 79.6435203138994,24.7066972969802,0 79.6435210653471,24.7066950266435,0 79.6435216852351,24.7066927233884,0 79.6435221718524,24.7066903935721,0 79.6435225238559,24.706688043625,0 79.643522740274,24.7066856800332,0 79.6435228205095,24.7066833093203,0 79.6435227643409,24.7066809380298,0 79.6435225719233,24.7066785727064,0 79.6435222437876,24.7066762198787,0 79.6435217808397,24.7066738860407,0 79.6435211843573,24.7066715776338,0 79.6435209899642,24.7066709700362,0 79.6435308783553,24.7066816437883,0</coordinates></LinearRing></innerBoundaryIs><innerBoundaryIs><LinearRing><coordinates>79.6434660670305,24.7067476316472,0 79.6434636165772,24.706748165365,0 79.6434611990785,24.7067488124563,0 79.6434599979203,24.7067491956852,0 79.6434577945629,24.7067489865406,0 79.6434551610648,24.70674886573,0 79.6434525242614,24.7067488734013,0 79.643449891659,24.7067490095326,0 79.6434476802074,24.7067492324608,0 79.6434496344945,24.706747837204,0 79.6434515735111,24.7067462981051,0 79.6434534223672,24.7067446690497,0 79.6434551760681,24.7067429544385,0 79.6434552154539,24.7067429116775,0 79.6434655746018,24.7067398363043,0 79.6434683392558,24.7067389317416,0 79.6434710402164,24.7067378787724,0 79.643472187507,24.7067373942025,0 79.6434711729087,24.7067389524357,0 79.6434699597089,24.70674106156,0 79.6434688700013,24.706743226215,0 79.6434679068208,24.7067454403719,0 79.6434670961013,24.706747457594,0 79.6434660670305,24.7067476316472,0</coordinates></LinearRing></innerBoundaryIs><innerBoundaryIs><LinearRing><coordinates>79.6433005438736,24.7072770954577,0 79.6433029848344,24.7072764332793,0 79.6433053852202,24.7072756571306,0 79.643307738659,24.707274769072,0 79.6433100389034,24.707273771461,0 79.643312279847,24.7072726669457,0 79.6433144555413,24.7072714584583,0 79.6433165602105,24.7072701492068,0 79.6433177160069,24.7072693896834,0 79.6433188459053,24.7072698264468,0 79.6433283896704,24.7072732477978,0 79.6433260141956,24.7072741292402,0 79.6433236812113,24.707275127273,0 79.6433214083261,24.7072762350028,0 79.6433192017157,24.7072774494198,0 79.6433174283881,24.7072784838611,0 79.6433161738902,24.7072784010865,0 79.6433135971039,24.7072783541224,0 79.6433110211413,24.7072784299361,0 79.6433084530081,24.7072786283214,0 79.6433058996883,24.7072789487387,0 79.6433033681261,24.7072793903167,0 79.643300865206,24.7072799518544,0 79.6432987583548,24.7072805324475,0 79.6432988111611,24.7072802720275,0 79.6432991461712,24.7072779569003,0 79.6432991954563,24.7072773931654,0 79.6433005438736,24.7072770954577,0</coordinates></LinearRing></innerBoundaryIs><innerBoundaryIs><LinearRing><coordinates>79.6438174694777,24.7062821997917,0 79.6438200348903,24.7062817679817,0 79.6438225717876,24.7062812131163,0 79.6438250731017,24.7062805367414,0 79.6438275318638,24.7062797407415,0 79.6438284580878,24.7062793896028,0 79.6438272652299,24.706294974471,0 79.643827061795,24.7062951248886,0 79.643817161796,24.7063028248866,0 79.6438162279066,24.7063035699047,0 79.6438114813189,24.7063074534761,0 79.643810977952,24.7063072086892,0 79.6438086434185,24.7063062123932,0 79.6438073165971,24.7063057213847,0 79.643807989911,24.7063047614978,0 79.643809261695,24.7063027223782,0 79.6438104157649,24.7063006256406,0 79.6438114490023,24.7062984769507,0 79.643812358615,24.7062962821149,0 79.643813142145,24.7062940470642,0 79.6438137974751,24.706291777838,0 79.6438162360074,24.7062823464434,0 79.6438174694777,24.7062821997917,0</coordinates></LinearRing></innerBoundaryIs><innerBoundaryIs><LinearRing><coordinates>79.6440782263486,24.7058854013849,0 79.6440807536596,24.705884944535,0 79.644083251475,24.7058843679912,0 79.644085713007,24.7058836733204,0 79.644086344479,24.7058834615964,0 79.6440877603035,24.7058851615541,0 79.6440894208529,24.7058869537433,0 79.6440898543864,24.7058873751098,0 79.6440882418767,24.7058886990276,0 79.6440864628109,24.7058903161883,0 79.6440847759099,24.7058920137708,0 79.644083486029,24.7058933799759,0 79.6440812168556,24.7058920725762,0 79.6440789944246,24.7058909415858,0 79.6440782718139,24.705889130234,0 79.6440772534184,24.7058869428292,0 79.6440765904479,24.7058856168893,0 79.6440782263486,24.7058854013849,0</coordinates></LinearRing></innerBoundaryIs></Polygon>
  </Placemark>
  
    </Document>
</kml>