<?xml version="1.0" encoding="UTF-8"?>
<kml xmlns="http://www.opengis.net/kml/2.2">
    <Document>
        <Placemark xmlns:ns0="http://www.opengis.net/kml/2.2">
	<Style><LineStyle><color>ff0000ff</color></LineStyle><PolyStyle><fill>0</fill></PolyStyle></Style>
	<ExtendedData><SchemaData schemaUrl="#Wave23_v27MAR2025">
		<SimpleData name="area(ha)">10.240724416903774</SimpleData>
		<SimpleData name="site_id">230071_1.1</SimpleData>
		<SimpleData name="Land_parc">230071</SimpleData>
		<SimpleData name="district">Chhatarpur</SimpleData>
		<SimpleData name="block">Bada Malahara</SimpleData>
		<SimpleData name="village">Chhaiguwan/Bhanguwah</SimpleData>
		<SimpleData name="Land Type">Community</SimpleData>
		<SimpleData name="Instance">Wave 2023</SimpleData>
	</SchemaData></ExtendedData>
      <Polygon><outerBoundaryIs><LinearRing><coordinates>79.3122509250048,24.5132647103744,0 79.3122503446372,24.5132644336805,0 79.3122479906445,24.5132634513285,0 79.3122455836049,24.5132625832304,0 79.3122431301376,24.5132618317731,0 79.3122406369892,24.5132611990232,0 79.3122381110155,24.5132606867205,0 79.3122355591627,24.5132602962739,0 79.3122329884482,24.5132600287571,0 79.3122304059408,24.5132598849057,0 79.3122278187424,24.5132598651153,0 79.3122252339674,24.5132599694402,0 79.3122226587234,24.5132601975936,0 79.3122201000923,24.5132605489481,0 79.3122175651098,24.5132610225376,0 79.3122150607469,24.5132616170597,0 79.3122125938903,24.5132623308795,0 79.3122101713234,24.5132631620341,0 79.3122077997081,24.5132641082381,0 79.312205485566,24.5132651668893,0 79.3122032352607,24.5132663350767,0 79.3122010549802,24.5132676095879,0 79.3121989507201,24.5132689869182,0 79.3121600507259,24.5132958869109,0 79.3121578731585,24.5132974832244,0 79.3121557977049,24.5132991896155,0 79.3121538310031,24.5133010006265,0 79.3121519793434,24.513302910465,0 79.312150248648,24.5133049130228,0 79.3121486444523,24.5133070018949,0 79.3121318840859,24.5133301935549,0 79.3120921449647,24.5133814985198,0 79.3120906948408,24.5133834795948,0 79.3120893610643,24.5133855279599,0 79.312088147356,24.5133876379007,0 79.3120870571019,24.513389803531,0 79.3120860933437,24.5133920188092,0 79.3120852587699,24.5133942775552,0 79.3120845557089,24.5133965734677,0 79.3120839861219,24.5133989001416,0 79.3120835515981,24.513401251086,0 79.3120832533496,24.5134036197424,0 79.3120830922086,24.5134059995028,0 79.3120830686244,24.5134083837282,0 79.312083182663,24.5134107657672,0 79.3120834340063,24.5134131389745,0 79.3120838219529,24.5134154967294,0 79.3120843454208,24.5134178324544,0 79.3120850029495,24.5134201396333,0 79.3120857927046,24.5134224118296,0 79.312086712483,24.5134246427044,0 79.3120877597187,24.5134268260342,0 79.3120889314902,24.513428955728,0 79.3120902245285,24.5134310258444,0 79.3120916352264,24.5134330306083,0 79.3120989900356,24.5134428998885,0 79.3120986598855,24.5134436542023,0 79.3120978694342,24.5134457540103,0 79.3120971928139,24.5134478868466,0 79.3120966316622,24.5134500475489,0 79.3120961873375,24.5134522308875,0 79.312095860915,24.513454431578,0 79.312095653185,24.5134566442939,0 79.3120926739545,24.5135012133379,0 79.3120850236145,24.5135021984914,0 79.3120824210085,24.5135025988518,0 79.3120798455235,24.5135031259657,0 79.3120773045285,24.513503778325,0 79.3120748052938,24.5135045540631,0 79.31207235497,24.5135054509606,0 79.3120699605681,24.5135064664513,0 79.3120676289388,24.5135075976296,0 79.3120653667534,24.5135088412591,0 79.3120631804843,24.5135101937815,0 79.3120610763868,24.513511651327,0 79.3120590604812,24.5135132097253,0 79.3120571385354,24.5135148645176,0 79.3120553160483,24.5135166109692,0 79.3120535982344,24.5135184440831,0 79.3120519900088,24.5135203586146,0 79.3120504959727,24.5135223490857,0 79.3120491204011,24.5135244098015,0 79.3120478672295,24.5135265348658,0 79.3120467400436,24.5135287181984,0 79.3120457420684,24.5135309535525,0 79.3120171420478,24.5136002535427,0 79.3120161772433,24.5136028227329,0 79.3120153830947,24.5136054403691,0 79.3120065259259,24.513638459853,0 79.3120063394373,24.5136386983102,0 79.3120049521238,24.513640683514,0 79.312003679918,24.5136427322456,0 79.3120025262862,24.5136448389229,0 79.3120014943716,24.5136469978061,0 79.3120005869857,24.5136492030133,0 79.3119998066008,24.5136514485361,0 79.3119991553431,24.5136537282564,0 79.311998634987,24.5136560359629,0 79.3119982469503,24.5136583653681,0 79.3119979922902,24.5136607101254,0 79.3119978717006,24.5136630638461,0 79.3119978855099,24.5136654201176,0 79.3119980336807,24.5136677725199,0 79.3119983158092,24.5136701146436,0 79.3119987311268,24.5136724401075,0 79.3119992785018,24.5136747425757,0 79.311999956443,24.5136770157748,0 79.3120007631032,24.5136792535114,0 79.3120016962846,24.5136814496886,0 79.3120027534446,24.5136835983226,0 79.3120036970306,24.5136852762534,0 79.3120031568697,24.5136850380516,0 79.3120007861181,24.5136841285844,0 79.3119983668106,24.5136833333296,0 79.311995905515,24.5136826544461,0 79.3119934089129,24.5136820937769,0 79.3119908837821,24.513681652844,0 79.3119883369775,24.5136813328444,0 79.3119857754131,24.5136811346469,0 79.3119832060427,24.5136810587895,0 79.3119806358414,24.5136811054781,0 79.3119780717868,24.513681274586,0 79.3119755208393,24.5136815656541,0 79.3119729899243,24.5136819778922,0 79.3119704859125,24.5136825101813,0 79.3119680156014,24.5136831610762,0 79.3119655856974,24.5136839288101,0 79.311963202797,24.5136848112987,0 79.311960873369,24.5136858061463,0 79.3119586037373,24.5136869106521,0 79.3119564000633,24.5136881218178,0 79.3119542683293,24.5136894363553,0 79.3119522143224,24.5136908506961,0 79.3119502436187,24.5136923610006,0 79.3119483615681,24.5136939631687,0 79.3119465732798,24.513695652851,0 79.3119448836086,24.5136974254604,0 79.3119432971415,24.5136992761849,0 79.3119418181853,24.5137012000002,0 79.3119404507549,24.5137031916837,0 79.3119391985626,24.5137052458285,0 79.3119380650077,24.5137073568581,0 79.3119370531675,24.5137095190418,0 79.3119361657889,24.5137117265097,0 79.3119354052809,24.5137139732692,0 79.3119347737081,24.5137162532209,0 79.311934272785,24.5137185601755,0 79.3119339038715,24.5137208878701,0 79.3119336679691,24.5137232299857,0 79.3119335657183,24.5137255801642,0 79.3119335973965,24.5137279320253,0 79.3119337629179,24.5137302791845,0 79.3119340618331,24.5137326152698,0 79.3119344933306,24.5137349339394,0 79.311935056239,24.5137372288988,0 79.3119357490302,24.5137394939178,0 79.311951998975,24.5137877412346,0 79.3119495650741,24.5138050346922,0 79.311949302166,24.513807388045,0 79.3119491743628,24.5138097507675,0 79.3119491820152,24.5138121163715,0 79.3119493251024,24.5138144783604,0 79.3119496032314,24.5138168302481,0 79.3119500156385,24.5138191655758,0 79.3119505611911,24.5138214779304,0 79.311951238391,24.5138237609617,0 79.3119520453786,24.5138260084003,0 79.3119529799377,24.5138282140743,0 79.311954039502,24.5138303719266,0 79.3119552211616,24.5138324760314,0 79.3119565216717,24.5138345206105,0 79.3119579374607,24.5138365000492,0 79.3119594646407,24.5138384089116,0 79.3119610990179,24.5138402419557,0 79.311962836104,24.5138419941477,0 79.3119646711287,24.5138436606757,0 79.3119665990527,24.5138452369633,0 79.3119686145817,24.5138467186817,0 79.3119707121807,24.5138481017619,0 79.3119728860894,24.5138493824057,0 79.3119751303379,24.5138505570963,0 79.3119774387631,24.5138516226077,0 79.3119798050258,24.513852576014,0 79.3119822226278,24.513853414697,0 79.31198468493,24.5138541363534,0 79.3119871851705,24.5138547390015,0 79.3119897164833,24.5138552209863,0 79.3119922719171,24.5138555809843,0 79.3120403719336,24.5138611809871,0 79.3120429187323,24.513861416253,0 79.3120454754396,24.5138615303522,0 79.3120480351738,24.5138615229777,0 79.3120505910451,24.5138613941493,0 79.312053136174,24.5138611442138,0 79.3120556637099,24.5138607738438,0 79.3120581668498,24.5138602840363,0 79.3120606388561,24.5138596761096,0 79.3120630730752,24.5138589517002,0 79.3120654629549,24.5138581127577,0 79.3120678020627,24.5138571615403,0 79.3120700841026,24.5138561006084,0 79.3120723029322,24.5138549328175,0 79.3120744525792,24.5138536613109,0 79.3120765272576,24.5138522895111,0 79.3120785213832,24.5138508211104,0 79.3120804295885,24.5138492600611,0 79.3120822467374,24.513847610565,0 79.3120839679388,24.513845877062,0 79.3120855885598,24.5138440642179,0 79.3120871042385,24.5138421769123,0 79.3120885108951,24.5138402202251,0 79.3120898047434,24.5138381994229,0 79.312090982301,24.513836119945,0 79.3120920403983,24.5138339873885,0 79.3120929761873,24.5138318074934,0 79.3120937871493,24.5138295861273,0 79.3120944711014,24.5138273292692,0 79.3120950262026,24.5138250429936,0 79.312095450959,24.5138227334544,0 79.3120957442271,24.513820406868,0 79.3120959052177,24.5138180694967,0 79.3120959334975,24.5138157276317,0 79.3120958289903,24.5138133875765,0 79.3120955919774,24.5138110556296,0 79.3120954557507,24.5138101997602,0 79.3120968430367,24.5138099066709,0 79.3120993019011,24.513809262739,0 79.3121017209911,24.5138085030923,0 79.3121040938061,24.5138076297721,0 79.3121064139702,24.5138066451251,0 79.3121086752487,24.5138055517971,0 79.3121108715654,24.5138043527261,0 79.3121129970185,24.5138030511342,0 79.3121150458966,24.5138016505188,0 79.3121170126941,24.5138001546436,0 79.3121188921261,24.5137985675281,0 79.3121206791422,24.5137968934372,0 79.3121223689406,24.5137951368694,0 79.3121239569805,24.5137933025447,0 79.3121254389947,24.5137913953922,0 79.3121485357968,24.5137599793582,0 79.3122227379185,24.5137761852046,0 79.3122931316195,24.513791861534,0 79.3122956945291,24.5137923666906,0 79.3122982831481,24.5137927465778,0 79.3123008901674,24.513793000123,0 79.3123035082262,24.5137931266102,0 79.3123061299323,24.5137931256823,0 79.3123087478834,24.513792997342,0 79.3123113546876,24.5137927419516,0 79.3123139429846,24.5137923602321,0 79.3123423429944,24.5137874602309,0 79.3123448827167,24.51378695834,0 79.3123473900394,24.5137863348174,0 79.3123498580091,24.5137855913923,0 79.3123522797814,24.5137847301265,0 79.3123546486399,24.5137837534085,0 79.3123569580152,24.5137826639469,0 79.3123592015028,24.5137814647633,0 79.3123613728807,24.5137801591833,0 79.3123625906466,24.5137793398591,0 79.3123741224485,24.5137867050286,0 79.3123629223968,24.513791105877,0 79.3123519787601,24.5137913741032,0 79.3123493616944,24.5137915019547,0 79.3123467557408,24.5137917567697,0 79.312344168252,24.5137921378293,0 79.3123416065287,24.5137926440583,0 79.3123390777989,24.5137932740284,0 79.3123365891976,24.5137940259621,0 79.3123341477463,24.5137948977377,0 79.3123317603338,24.5137958868956,0 79.3123294336961,24.5137969906448,0 79.3123271743981,24.513798205871,0 79.3123249888142,24.5137995291454,0 79.3123228831114,24.5138009567344,0 79.3123208632308,24.51380248461,0 79.3122633632361,24.513848384598,0 79.3122614593692,24.5138499867102,0 79.3122596498896,24.5138516779124,0 79.3122579397709,24.5138534535562,0 79.3122563337134,24.5138553087612,0 79.3122548361315,24.5138572384281,0 79.3122534511413,24.5138592372533,0 79.3122521825495,24.5138612997427,0 79.3122510338431,24.5138634202276,0 79.3122500081793,24.5138655928795,0 79.3122491083771,24.513867811727,0 79.3122483369099,24.5138700706712,0 79.3122476958979,24.5138723635035,0 79.3122471871032,24.5138746839217,0 79.312246811924,24.513877025548,0 79.3122465713917,24.5138793819464,0 79.3122464661674,24.5138817466401,0 79.3122464965403,24.5138841131297,0 79.3122466624269,24.5138864749106,0 79.3122469633712,24.5138888254914,0 79.3122473985462,24.5138911584113,0 79.3122479667557,24.5138934672582,0 79.3122486664381,24.5138957456861,0 79.31224949567,24.5138979874325,0 79.3122504521724,24.5139001863358,0 79.3122515333163,24.5139023363523,0 79.31225273613,24.5139044315725,0 79.3122540573076,24.5139064662375,0 79.3122554932178,24.5139084347549,0 79.3122570399138,24.513910331714,0 79.3122586931444,24.5139121519011,0 79.3122604483657,24.5139138903132,0 79.3122623007533,24.5139155421721,0 79.3122642452158,24.5139171029377,0 79.3122662764087,24.5139185683199,0 79.3122683887491,24.5139199342912,0 79.3122705764312,24.5139211970971,0 79.312272833442,24.5139223532667,0 79.3122751535779,24.5139233996221,0 79.3122775304619,24.5139243332873,0 79.3122799575609,24.5139251516963,0 79.3122824282039,24.5139258525994,0 79.3122849356002,24.5139264340702,0 79.3122874728581,24.5139268945105,0 79.3122900330036,24.5139272326547,0 79.3122926090002,24.5139274475735,0 79.3124292090483,24.513935547579,0 79.3124318316971,24.5139356390918,0 79.3124332577461,24.5139356194125,0 79.3124315844685,24.5139399481043,0 79.3124307919054,24.5139421816065,0 79.3124301273594,24.5139444497957,0 79.3124295926287,24.513946746534,0 79.3124291891603,24.5139490656065,0 79.312428918046,24.5139514007376,0 79.3124287800196,24.5139537456085,0 79.3124287754544,24.5139560938738,0 79.3124289043628,24.5139584391791,0 79.3124291663961,24.5139607751779,0 79.3124295608452,24.5139630955489,0 79.3124300866426,24.5139653940131,0 79.3124307423656,24.5139676643509,0 79.3124315262398,24.5139699004186,0 79.312432436144,24.5139720961653,0 79.3124334696159,24.5139742456493,0 79.312434623859,24.513976343054,0 79.3124358957499,24.5139783827039,0 79.3124372818467,24.5139803590794,0 79.3124387783987,24.5139822668326,0 79.3124403813562,24.5139841008009,0 79.3124420863815,24.5139858560216,0 79.3124438888607,24.513987527745,0 79.3124457839164,24.5139891114474,0 79.3124477664204,24.5139906028432,0 79.312449831008,24.5139919978967,0 79.3124519720924,24.5139932928327,0 79.3125081721015,24.5140253928429,0 79.3125104357694,24.5140266104247,0 79.3125127670318,24.5140277160949,0 79.3125151592855,24.5140287067216,0 79.3125176057545,24.5140295794989,0 79.3125200995094,24.5140303319548,0 79.3125226334866,24.5140309619579,0 79.3125252005088,24.5140314677237,0 79.3125277933049,24.5140318478198,0 79.312530404531,24.5140321011694,0 79.3125330267909,24.514032227055,0 79.3125356526571,24.51403222512,0 79.312538274692,24.51403209537,0 79.3125408854687,24.5140318381723,0 79.3125434775923,24.5140314542556,0 79.3125460437208,24.5140309447071,0 79.3125485765856,24.5140303109704,0 79.3125510690125,24.5140295548402,0 79.3125535139418,24.5140286784585,0 79.3125559044484,24.5140276843074,0 79.3125582337612,24.5140265752028,0 79.3125586409377,24.5140263685455,0 79.3125569325228,24.5140280941581,0 79.3125552741011,24.5140298586249,0 79.3125537172688,24.5140316989435,0 79.3125522661632,24.5140336102229,0 79.312550924641,24.5140355873839,0 79.3125496962672,24.5140376251718,0 79.3125485843065,24.5140397181711,0 79.312547591714,24.5140418608194,0 79.3125467211277,24.5140440474223,0 79.3125459748611,24.5140462721687,0 79.3125453548977,24.5140485291461,0 79.3125448628851,24.5140508123564,0 79.3125445001307,24.5140531157318,0 79.3125442675987,24.5140554331506,0 79.3125441659071,24.5140577584542,0 79.3125441953261,24.5140600854627,0 79.3125443557776,24.5140624079921,0 79.3125445417106,24.5140638848622,0 79.3125039577937,24.5140560344314,0 79.3124665515319,24.5140464653915,0 79.3124654986552,24.5140446253443,0 79.3124641858458,24.5140425964509,0 79.3124627590448,24.5140406330392,0 79.3124612221444,24.5140387404653,0 79.3124595793373,24.5140369238921,0 79.3124578351051,24.5140351882753,0 79.3124559942061,24.5140335383497,0 79.3124540616622,24.5140319786162,0 79.3124520427454,24.5140305133298,0 79.3124499429633,24.5140291464877,0 79.3124477680441,24.5140278818188,0 79.312445523921,24.5140267227729,0 79.3124432167159,24.5140256725121,0 79.312440852723,24.5140247339013,0 79.312438438391,24.5140239095012,0 79.3124359803064,24.5140232015607,0 79.3124334851748,24.514022612011,0 79.3124309598029,24.5140221424605,0 79.3124284110798,24.51402179419,0 79.3124258459586,24.5140215681497,0 79.3124232714368,24.5140214649561,0 79.3124206945378,24.5140214848909,0 79.3124181222912,24.5140216278995,0 79.3124155617142,24.514021893592,0 79.3124130197921,24.5140222812434,0 79.3124105034591,24.5140227897963,0 79.3124080195798,24.5140234178633,0 79.3124055749303,24.5140241637311,0 79.3124031761795,24.5140250253649,0 79.3124008298712,24.5140260004142,0 79.3123985424061,24.5140270862191,0 79.3123963200244,24.5140282798176,0 79.3123941687888,24.5140295779534,0 79.3123920945679,24.5140309770852,0 79.31239010302,24.5140324733963,0 79.3123881995783,24.5140340628047,0 79.3123863894351,24.5140357409745,0 79.3123846775286,24.5140375033277,0 79.312383068529,24.5140393450566,0 79.3123815668254,24.5140412611369,0 79.3123801765146,24.5140432463415,0 79.3123789013894,24.514045295255,0 79.3123777449282,24.5140474022877,0 79.312376710286,24.5140495616918,0 79.3123758002852,24.5140517675764,0 79.3123750174083,24.5140540139238,0 79.312374363791,24.514056294606,0 79.3123738412164,24.5140586034014,0 79.31237345111,24.5140609340114,0 79.3123731945361,24.5140632800783,0 79.3123730721947,24.514065635202,0 79.3123730844194,24.5140679929577,0 79.3123752843939,24.514133192957,0 79.3123754337669,24.5141355755331,0 79.3123757205517,24.5141379475572,0 79.3123761439467,24.5141403023998,0 79.3123763082178,24.5141409876432,0 79.3123756657973,24.5141412142492,0 79.3123733332589,24.5141421666455,0 79.3123710577176,24.5141432282112,0 79.3123688452719,24.5141443961014,0 79.3123667018515,24.514145667186,0 79.3123646332009,24.5141470380583,0 79.3123626448643,24.5141485050442,0 79.3123607421707,24.5141500642121,0 79.3123589302194,24.5141517113832,0 79.3123572138668,24.514153442143,0 79.3123555977127,24.5141552518529,0 79.3123540860887,24.5141571356626,0 79.312352683046,24.5141590885234,0 79.312351392345,24.5141611052014,0 79.3123502174448,24.5141631802916,0 79.3123491614944,24.5141653082327,0 79.3123482273237,24.5141674833216,0 79.3123474174365,24.5141696997287,0 79.3123467340034,24.5141719515139,0 79.312346178856,24.5141742326422,0 79.3123457534822,24.5141765369999,0 79.312345459022,24.5141788584111,0 79.3123452962646,24.5141811906542,0 79.3123452656463,24.5141835274786,0 79.3123453672491,24.5141858626212,0 79.3123456008007,24.5141881898238,0 79.3123459656751,24.5141905028491,0 79.3123490656688,24.5142071028498,0 79.3123495541836,24.5142093681552,0 79.3123501686592,24.5142116076433,0 79.3123509074879,24.514213815455,0 79.3123517687367,24.5142159858142,0 79.3123527501526,24.5142181130426,0 79.3123538491678,24.5142201915749,0 79.3123550629071,24.5142222159733,0 79.3123563881951,24.5142241809413,0 79.3123578215645,24.5142260813383,0 79.3123593592652,24.5142279121922,0 79.3123609972744,24.5142296687133,0 79.3123627313065,24.5142313463059,0 79.312364556825,24.5142329405811,0 79.3123664690538,24.5142344473679,0 79.3123684629902,24.5142358627242,0 79.3123705334175,24.5142371829471,0 79.312372674919,24.5142384045826,0 79.3124090749255,24.514258004589,0 79.3124112721408,24.5142591197821,0 79.3124135285595,24.5142601311851,0 79.3124158383296,24.5142610361749,0 79.3124181954609,24.5142618324045,0 79.3124205938402,24.5142625178089,0 79.3124230272474,24.5142630906105,0 79.3124254893714,24.5142635493237,0 79.3124402893763,24.5142659493248,0 79.3124426849215,24.5142662825055,0 79.3124450954565,24.5142665076783,0 79.3124475151674,24.5142666243001,0 79.3124499382183,24.5142666320896,0 79.3124523587651,24.5142665310282,0 79.31245477097,24.5142663213594,0 79.3124731155687,24.5142643098908,0 79.3124790592618,24.5142646481499,0 79.3124777117148,24.5142665428162,0 79.3124763423968,24.5142687251806,0 79.3124751081196,24.5142709739655,0 79.3124740127185,24.5142732821828,0 79.3124730595973,24.51427564266,0 79.3124604595866,24.5143097426556,0 79.3124597045457,24.514311974892,0 79.312459464677,24.5143128403218,0 79.3124456829995,24.5143246430887,0 79.3124438249873,24.5143263208576,0 79.3124420665659,24.5143280861912,0 79.312440412658,24.5143299341476,0 79.3124392289601,24.5143314095176,0 79.3124390955809,24.5143312498294,0 79.3124374013381,24.5143294298346,0 79.3124356041625,24.5143276944553,0 79.3124337090944,24.5143260485585,0 79.3124317214488,24.5143244967604,0 79.3124296468002,24.5143230434131,0 79.3124274909673,24.5143216925927,0 79.3124252599963,24.5143204480878,0 79.3124229601441,24.5143193133886,0 79.312420597861,24.5143182916776,0 79.3123962332083,24.5143084672227,0 79.3123724466086,24.514289876334,0 79.3123704649727,24.5142884068868,0 79.3123684029817,24.5142870331045,0 79.3123662661467,24.5142857586587,0 79.3123640601788,24.5142845869558,0 79.312361790974,24.5142835211274,0 79.3123594645972,24.5142825640221,0 79.3123570872662,24.514281718198,0 79.3123546653349,24.5142809859157,0 79.3123522052764,24.5142803691324,0 79.3123497136658,24.5142798694966,0 79.3123471971624,24.5142794883437,0 79.3123446624922,24.5142792266924,0 79.3123421164295,24.514279085242,0 79.3123395657793,24.5142790643705,0 79.3123370173587,24.5142791641338,0 79.312334477979,24.5142793842653,0 79.3123319544272,24.5142797241765,0 79.312329453448,24.514280182959,0 79.3123269817257,24.5142807593865,0 79.3123245458668,24.5142814519185,0 79.3123221523814,24.514282258704,0 79.3123198076666,24.5142831775868,0 79.3123175179894,24.5142842061108,0 79.3123152894692,24.5142853415272,0 79.3123131280623,24.5142865808013,0 79.3123110395455,24.5142879206208,0 79.3123090295009,24.5142893574048,0 79.3123071033008,24.5142908873133,0 79.3123052660932,24.5142925062571,0 79.3123035227885,24.5142942099094,0 79.3123018780462,24.5142959937167,0 79.3123003362621,24.5142978529114,0 79.312298901557,24.5142997825244,0 79.3122975777654,24.5143017773985,0 79.3122963684255,24.5143038322018,0 79.3122952767696,24.5143059414426,0 79.3122943057152,24.5143080994833,0 79.3122829147899,24.5143353984019,0 79.3122719764573,24.5143598524742,0 79.3122646629125,24.5143638438528,0 79.3122644102123,24.5143637049415,0 79.3122621393691,24.5143625302507,0 79.3122598038407,24.5143614670143,0 79.312257410156,24.5143605182045,0 79.3122549650065,24.5143596864736,0 79.3122524752275,24.5143589741468,0 79.312249947779,24.5143583832152,0 79.3122473897264,24.5143579153309,0 79.3122448082207,24.5143575718017,0 79.3122422104784,24.5143573535881,0 79.3122396037613,24.5143572612999,0 79.3122369953564,24.5143572951953,0 79.3122343925555,24.5143574551793,0 79.3122318026344,24.5143577408049,0 79.3122292328333,24.5143581512736,0 79.3122266903359,24.5143586854378,0 79.3122241822497,24.5143593418045,0 79.3122225708574,24.51435984922,0 79.3122221530474,24.5143597900028,0 79.3122196429304,24.5143594943338,0 79.3122171195448,24.5143593168177,0 79.31221458953,24.5143592579215,0 79.3122120595427,24.5143593178001,0 79.3122095362397,24.5143594962961,0 79.3122070262602,24.5143597929398,0 79.3122045362081,24.5143602069507,0 79.3122020726352,24.5143607372395,0 79.3121846551459,24.5143649204814,0 79.3121837373483,24.51435907793,0 79.3121833003975,24.5143567358744,0 79.3121827293698,24.5143544180969,0 79.3121820258473,24.514352131018,0 79.3121811917788,24.5143498809733,0 79.3121802294747,24.5143476741958,0 79.3121791416009,24.5143455167987,0 79.3121779311708,24.5143434147581,0 79.3121766015377,24.5143413738973,0 79.3121751563847,24.5143393998695,0 79.3121735997153,24.5143374981433,0 79.3121719358416,24.5143356739866,0 79.3121701693728,24.5143339324527,0 79.3121683052023,24.5143322783659,0 79.3121663484942,24.5143307163083,0 79.3121643046689,24.5143292506071,0 79.312162179388,24.5143278853223,0 79.312159978539,24.5143266242362,0 79.3121577082185,24.5143254708421,0 79.3121553747157,24.514324428335,0 79.3121529844947,24.514323499603,0 79.3121505441769,24.5143226872186,0 79.3121480605223,24.5143219934324,0 79.312145540411,24.5143214201663,0 79.3121429908241,24.5143209690083,0 79.3121404188244,24.5143206412081,0 79.3121378315366,24.5143204376738,0 79.3121352361281,24.5143203589693,0 79.3121326397884,24.5143204053126,0 79.3121300497099,24.5143205765752,0 79.3121274730675,24.5143208722828,0 79.3121249169988,24.5143212916162,0 79.3121223885845,24.5143218334138,0 79.3121198948289,24.5143224961747,0 79.3121174426399,24.5143232780629,0 79.3121150388105,24.5143241769127,0 79.3121126899997,24.5143251902338,0 79.3121104027141,24.5143263152194,0 79.3121081832898,24.514327548753,0 79.3121060378749,24.5143288874175,0 79.3120874176769,24.5143411748566,0 79.3120685282381,24.5143522742365,0 79.3120674072039,24.5143512800493,0 79.3120654743058,24.5143497358561,0 79.3120634562734,24.5143482856958,0 79.3120613585654,24.514346933491,0 79.3120591868556,24.5143456828992,0 79.3120569470184,24.5143445373032,0 79.3120546451122,24.5143434998015,0 79.3120522873635,24.5143425732006,0 79.3120155873732,24.5143291732056,0 79.312013067754,24.5143283251878,0 79.3120105014503,24.5143276038162,0 79.3120078960602,24.5143270112267,0 79.3120052592977,24.5143265491737,0 79.3120025989696,24.5143262190253,0 79.3119999229525,24.514326021759,0 79.3119972391694,24.5143259579587,0 79.3119945555665,24.5143260278136,0 79.311963347349,24.5143276185253,0 79.3119593663943,24.5143263113461,0 79.3119568638715,24.5143255579934,0 79.3119558656152,24.5143253106517,0 79.3119564233508,24.5143244937893,0 79.3119576895162,24.5143224000358,0 79.3119588326419,24.5143202478383,0 79.3119598495158,24.5143180432442,0 79.3119607372808,24.5143157924479,0 79.3119614934423,24.5143135017737,0 79.3119621158758,24.5143111776579,0 79.3119626028324,24.5143088266309,0 79.3119629529437,24.5143064552984,0 79.3119631652261,24.5143040703236,0 79.3119632390832,24.5143016784077,0 79.3119631743073,24.5142992862715,0 79.3119629710804,24.5142969006364,0 79.3119626299738,24.5142945282056,0 79.3119621519457,24.5142921756452,0 79.3119615383394,24.5142898495653,0 79.3119607908789,24.5142875565018,0 79.3119599116646,24.5142853028977,0 79.3119589031667,24.5142830950852,0 79.3119577682191,24.5142809392679,0 79.3119565100106,24.514278841503,0 79.3119551320766,24.514276807685,0 79.3119536382889,24.5142748435284,0 79.3119520328446,24.5142729545521,0 79.3119503202547,24.5142711460637,0 79.3119485053314,24.5142694231448,0 79.311946593174,24.5142677906364,0 79.3119445891555,24.5142662531255,0 79.3119424989067,24.5142648149322,0 79.3119403283008,24.5142634800975,0 79.3119380834368,24.514262252372,0 79.3119242834395,24.5142551523744,0 79.3119220139965,24.5142540548549,0 79.3119196852366,24.5142530668126,0 79.3119173034633,24.514252190922,0 79.3119148751236,24.5142514295538,0 79.3119124067905,24.514250784769,0 79.3119099051454,24.5142502583128,0 79.3119073769596,24.5142498516103,0 79.3119048290766,24.5142495657624,0 79.3119022683929,24.5142494015427,0 79.3118997018397,24.5142493593958,0 79.3118971363643,24.5142494394358,0 79.3118945789109,24.514249641446,0 79.311892036402,24.5142499648796,0 79.3118895157197,24.5142504088611,0 79.311887023687,24.5142509721888,0 79.3118845670493,24.5142516533379,0 79.3118821524562,24.5142524504645,0 79.3118797864437,24.5142533614112,0 79.311877475416,24.514254383712,0 79.3118752256286,24.5142555145998,0 79.3118730431713,24.5142567510136,0 79.3118475431762,24.5142720510093,0 79.3118453792981,24.5142734263056,0 79.3118432987466,24.5142749053262,0 79.3118413074546,24.5142764838534,0 79.3118394111006,24.514278157386,0 79.3118090111013,24.514306457379,0 79.3118072699663,24.5143081643803,0 79.311805627627,24.5143099514658,0 79.3118040884773,24.5143118138548,0 79.3118026566345,24.514313746565,0 79.3118013359293,24.514315744426,0 79.3118001298947,24.5143178020929,0 79.3117977288584,24.5143221659527,0 79.3117634326273,24.5143053246617,0 79.311761108645,24.5143042546857,0 79.3117587262499,24.5143032982768,0 79.311756292066,24.5143024580943,0 79.3117538128615,24.5143017364741,0 79.3117512955294,24.5143011354228,0 79.3117487470691,24.5143006566115,0 79.3117461745663,24.5143003013715,0 79.3117435851737,24.5143000706904,0 79.3117409860909,24.5142999652097,0 79.3117383845444,24.5142999852227,0 79.3117357877675,24.5143001306737,0 79.3117332029805,24.5143004011583,0 79.3117306373701,24.5143007959245,0 79.3117280980697,24.5143013138746,0 79.3117255921398,24.5143019535685,0 79.3117231265477,24.5143027132275,0 79.3117207081489,24.5143035907397,0 79.3117183436676,24.5143045836649,0 79.311716039678,24.5143056892426,0 79.3117138025862,24.5143069043988,0 79.3117116386122,24.5143082257548,0 79.3117095537727,24.5143096496366,0 79.3117075538645,24.5143111720854,0 79.3117056444482,24.514312788868,0 79.3117038308328,24.5143144954892,0 79.3117021180608,24.5143162872037,0 79.3117005108945,24.51431815903,0 79.3116990138026,24.5143201057634,0 79.3116976309474,24.5143221219914,0 79.3116963661741,24.5143242021079,0 79.3116952229991,24.5143263403293,0 79.311694204601,24.5143285307105,0 79.3116933138114,24.5143307671613,0 79.311692553107,24.5143330434635,0 79.3116919246029,24.5143353532879,0 79.3116914300467,24.5143376902123,0 79.3116910708134,24.514340047739,0 79.3116908479019,24.5143424193132,0 79.3116907848125,24.5143441651688,0 79.3116897959372,24.5143439125001,0 79.3116872209373,24.514343388488,0 79.3116846190075,24.5143429911411,0 79.3116819975855,24.5143427215953,0 79.3116793641647,24.5143425806211,0 79.3116767262726,24.5143425686214,0 79.3116740914499,24.5143426856307,0 79.3116711914509,24.5143428856307,0 79.3116686341822,24.5143431234287,0 79.3116660939198,24.5143434827567,0 79.3116635775583,24.5143439626391,0 79.3116610919274,24.5143445617737,0 79.3116586437736,24.5143452785342,0 79.3116562397414,24.5143461109752,0 79.3116538863556,24.5143470568375,0 79.3116515900038,24.5143481135538,0 79.3116493569185,24.514349278256,0 79.3116471931607,24.514350547783,0 79.311645104603,24.5143519186891,0 79.3116430969141,24.5143533872534,0 79.3116411755431,24.5143549494902,0 79.311639345705,24.5143566011592,0 79.3116376123661,24.5143583377776,0 79.311635980231,24.514360154632,0 79.3116354499154,24.5143608119792,0 79.3116340409097,24.5143608690091,0 79.3116314916938,24.5143610938941,0 79.3116289586661,24.5143614395009,0 79.3116264486515,24.5143619048981,0 79.3116239684126,24.514362488832,0 79.3116215246321,24.5143631897292,0 79.3116191238942,24.5143640057013,0 79.3116167726672,24.5143649345498,0 79.3116144772862,24.514365973772,0 79.3116131708091,24.5143666446308,0 79.3116065230418,24.5143373376043,0 79.3116141096052,24.5143377590786,0 79.3116170999989,24.5143378420684,0 79.3116195304874,24.5143378420685,0 79.3116279615178,24.5143381140373,0 79.3116305412198,24.5143381355069,0 79.311633118622,24.514338033578,0 79.3116356866778,24.5143378085293,0 79.3116382383663,24.514337460976,0 79.3116407667112,24.5143369918683,0 79.3116432648002,24.5143364024888,0 79.3116457258036,24.5143356944487,0 79.3116481429932,24.514334869684,0 79.3116505097604,24.5143339304493,0 79.3116528196345,24.5143328793126,0 79.3116550663006,24.5143317191475,0 79.3116572436162,24.5143304531261,0 79.3116593456288,24.5143290847094,0 79.3116613665915,24.5143276176387,0 79.3116633009791,24.5143260559249,0 79.311665143503,24.5143244038377,0 79.3116668891259,24.5143226658938,0 79.3116685330753,24.5143208468446,0 79.3116700708568,24.5143189516634,0 79.311671498266,24.5143169855315,0 79.3116728114006,24.5143149538242,0 79.3116740066705,24.5143128620961,0 79.3116750808079,24.514310716066,0 79.3116760308761,24.514308521601,0 79.3116768542777,24.5143062847006,0 79.3116775487616,24.5143040114804,0 79.311678112429,24.5143017081553,0 79.311678543739,24.5142993810226,0 79.3116788415124,24.5142970364444,0 79.311679004935,24.5142946808309,0 79.3116790335602,24.514292320622,0 79.3116789273096,24.5142899622705,0 79.3116786864737,24.514287612224,0 79.3116783117111,24.5142852769076,0 79.3116778040462,24.5142829627057,0 79.311677164867,24.5142806759454,0 79.311676395921,24.5142784228785,0 79.3116754993105,24.5142762096648,0 79.3116744774867,24.5142740423551,0 79.3116733332434,24.5142719268749,0 79.3116720697088,24.5142698690076,0 79.3116706903373,24.5142678743794,0 79.3116691989002,24.5142659484436,0 79.3116675994749,24.5142640964655,0 79.3116658964342,24.5142623235084,0 79.3116640944341,24.5142606344194,0 79.3116621984013,24.5142590338165,0 79.3116602135193,24.5142575260756,0 79.3116581452149,24.5142561153188,0 79.3116344452177,24.5142408153234,0 79.3116322629525,24.5142394845657,0 79.3116300064862,24.5142382617787,0 79.3116276821941,24.514237150417,0 79.311625296643,24.5142361536208,0 79.3116228565728,24.5142352742061,0 79.3116203688775,24.5142345146576,0 79.3116178405857,24.5142338771213,0 79.3116152788405,24.5142333633985,0 79.3116126908797,24.5142329749404,0 79.3116100840151,24.5142327128448,0 79.3116074656119,24.514232577852,0 79.3115095500391,24.5142299154974,0 79.3114385299682,24.5142243241393,0 79.3114359742338,24.5142241839319,0 79.311433413991,24.5142241652139,0 79.3114308561341,24.5142242680357,0 79.3114283075509,24.5142244921204,0 79.3114257751043,24.5142248368646,0 79.3114232656136,24.5142253013401,0 79.3114207858365,24.5142258842959,0 79.3114183424506,24.5142265841623,0 79.3114159420355,24.5142273990548,0 79.311413591055,24.5142283267789,0 79.3114112958399,24.5142293648365,0 79.3114090625708,24.5142305104323,0 79.3114068972615,24.5142317604813,0 79.3114048057428,24.5142331116175,0 79.3114027936467,24.5142345602024,0 79.3114008663915,24.5142361023354,0 79.3113990291669,24.5142377338636,0 79.3113972869203,24.5142394503938,0 79.3113956443431,24.5142412473035,0 79.3113941058586,24.5142431197541,0 79.3113926756095,24.5142450627034,0 79.3113913574474,24.5142470709194,0 79.3113901549218,24.5142491389942,0 79.3113890712709,24.5142512613591,0 79.3113881094127,24.5142534322987,0 79.3113872719374,24.5142556459672,0 79.3113865611002,24.5142578964036,0 79.3113859788152,24.5142601775478,0 79.3113855266504,24.5142624832572,0 79.3113852058234,24.5142648073228,0 79.3113850171981,24.5142671434865,0 79.3113849612826,24.5142694854572,0 79.3113850382273,24.5142718269286,0 79.3113852478251,24.5142741615954,0 79.3113855895116,24.5142764831709,0 79.3113860623667,24.5142787854033,0 79.311386665117,24.5142810620934,0 79.3113873961396,24.5142833071102,0 79.3113882534658,24.5142855144084,0 79.3113892347871,24.5142876780442,0 79.3113903374609,24.5142897921912,0 79.311391558518,24.5142918511565,0 79.3113928946703,24.5142938493955,0 79.3113943423197,24.5142957815275,0 79.311395897568,24.5142976423495,0 79.3113975562272,24.5142994268507,0 79.3113993138308,24.5143011302256,0 79.311401165646,24.5143027478875,0 79.3114031066861,24.5143042754803,0 79.3114051317242,24.5143057088904,0 79.3114072353073,24.5143070442578,0 79.3114094117708,24.5143082779868,0 79.3114116552539,24.514309406755,0 79.3114139597153,24.514310427523,0 79.3114163189494,24.5143113375419,0 79.3114187266033,24.5143121343613,0 79.3114632726139,24.5143256918509,0 79.3114609850712,24.5143429773696,0 79.3114597289951,24.5143427934353,0 79.311438133299,24.5143380866814,0 79.3114355972492,24.514337597973,0 79.3114330366501,24.5143372317785,0 79.3114304585669,24.5143369891083,0 79.3114278701132,24.514336870632,0 79.3114252784308,24.5143368766766,0 79.3114226906709,24.5143370072253,0 79.3114201139735,24.5143372619179,0 79.3114175554482,24.5143376400517,0 79.3114150221545,24.5143381405833,0 79.3114125210823,24.5143387621317,0 79.3113972210873,24.5143429621305,0 79.3113947351007,24.5143437108659,0 79.311392296006,24.5143445791578,0 79.3113899106664,24.5143455645632,0 79.3113875857938,24.5143466643093,0 79.31138532793,24.5143478753015,0 79.3113831434282,24.5143491941324,0 79.3113810384352,24.5143506170911,0 79.3113790188739,24.5143521401735,0 79.3113770904272,24.5143537590941,0 79.3113752585213,24.5143554692974,0 79.3113735283108,24.5143572659713,0 79.3113719046643,24.5143591440603,0 79.3113703921504,24.5143610982797,0 79.311368995025,24.5143631231308,0 79.3113677172195,24.514365212916,0 79.3113665623292,24.5143673617551,0 79.3113655336039,24.5143695636015,0 79.3113646339382,24.5143718122597,0 79.3113603339345,24.5143835122582,0 79.3113595721312,24.5143857807937,0 79.3113589416848,24.5143880828241,0 79.3113588660112,24.5143884372165,0 79.3113585287157,24.5143878270185,0 79.311357328373,24.5143857872077,0 79.3113560152338,24.5143838064251,0 79.3113545927565,24.5143818898877,0 79.3113530646874,24.5143800426429,0 79.311351435051,24.5143782695558,0 79.3113497081393,24.5143765752962,0 79.3113478885004,24.5143749643261,0 79.3113459809267,24.5143734408885,0 79.311343990442,24.5143720089955,0 79.3113419222888,24.5143706724183,0 79.311339781914,24.514369434677,0 79.3113375749545,24.5143682990315,0 79.3113353072228,24.5143672684727,0 79.3113329846915,24.5143663457148,0 79.3113310116525,24.5143656696277,0 79.3113168166365,24.5142842850545,0 79.3113200546996,24.5142783433615,0 79.3113211514775,24.5142761908188,0 79.3113221230045,24.5142739884797,0 79.3113229665915,24.51427174244,0 79.3113236799036,24.5142694589163,0 79.3113242609664,24.5142671442292,0 79.3113247081715,24.5142648047856,0 79.3113250202813,24.5142624470607,0 79.3113251964318,24.5142600775805,0 79.3113252361355,24.5142577029034,0 79.3113251392824,24.5142553296022,0 79.3113249061408,24.5142529642459,0 79.3113245373557,24.5142506133816,0 79.3113240339482,24.5142482835162,0 79.3113233973114,24.5142459810986,0 79.3113226292076,24.5142437125014,0 79.3113217317628,24.514241484004,0 79.3113207074611,24.5142393017746,0 79.3113195591375,24.5142371718532,0 79.3113182899705,24.5142351001354,0 79.311316903473,24.5142330923553,0 79.3113154034828,24.5142311540703,0 79.3113137941515,24.5142292906453,0 79.3113120799337,24.5142275072381,0 79.3113102655741,24.5142258087848,0 79.3113083560945,24.5142241999867,0 79.3113063567804,24.5142226852967,0 79.3113042731655,24.5142212689073,0 79.311302111017,24.5142199547388,0 79.3112998763195,24.5142187464288,0 79.3112975752584,24.5142176473217,0 79.3112952142027,24.5142166604597,0 79.3112927996876,24.5142157885743,0 79.3112903383962,24.5142150340788,0 79.3112828383985,24.5142129340796,0 79.3112802869531,24.5142122876375,0 79.3112777012824,24.5142117673418,0 79.311275088831,24.5142113746905,0 79.3112724571209,24.5142111108143,0 79.3112698137293,24.5142109764728,0 79.3112671662673,24.5142109720528,0 79.3112645223575,24.5142110975671,0 79.3112618896124,24.5142113526544,0 79.3112592756123,24.51421173658,0 79.3112566878835,24.5142122482387,0 79.3112541338766,24.5142128861572,0 79.3112516209454,24.5142136484989,0 79.3112491563251,24.5142145330687,0 79.311246747112,24.5142155373197,0 79.3112444002427,24.5142166583606,0 79.3112421224745,24.5142178929634,0 79.3112399203656,24.5142192375736,0 79.3112378002564,24.5142206883197,0 79.3112357682513,24.5142222410245,0 79.3112338302008,24.5142238912175,0 79.3111816302028,24.5142707912058,0 79.3111798750027,24.5142724509949,0 79.3111782148801,24.5142741907436,0 79.3111766541805,24.5142760058982,0 79.3111751969889,24.5142778917077,0 79.3111738471192,24.5142798432361,0 79.3111726081047,24.5142818553754,0 79.3111714831884,24.5142839228591,0 79.3111704753147,24.5142860402757,0 79.3111695871217,24.514288202083,0 79.311168820934,24.5142904026226,0 79.3111681787572,24.5142926361349,0 79.311167662272,24.5142948967738,0 79.3111672728305,24.5142971786223,0 79.3111670114518,24.5142994757077,0 79.3111668788201,24.5143017820177,0 79.3111668752827,24.5143040915157,0 79.3111670008487,24.5143063981568,0 79.3111672551895,24.5143086959035,0 79.3111676376395,24.5143109787417,0 79.3111817722549,24.5143829947644,0 79.311166753576,24.5143859589775,0 79.3111649589079,24.5143826642895,0 79.3111637126097,24.514380522505,0 79.3111623423316,24.514378445083,0 79.3111608520325,24.5143764380255,0 79.3111592460181,24.514374507131,0 79.3111575289283,24.5143726579783,0 79.3111557057241,24.5143708959097,0 79.3111550810113,24.5143703537184,0 79.3111618543299,24.5143584619171,0 79.3111630386338,24.5143562357363,0 79.3111640877565,24.5143539534968,0 79.311164998542,24.5143516220638,0 79.3111657682506,24.5143492484507,0 79.3111663945669,24.5143468397975,0 79.3111668756068,24.5143444033499,0 79.3111672099234,24.514341946437,0 79.311167396511,24.5143394764494,0 79.3111674348082,24.5143370008172,0 79.3111673247001,24.5143345269875,0 79.311164147694,24.5142919264513,0 79.3111657590168,24.5142899056931,0 79.3111672382797,24.5142879437912,0 79.3111686023032,24.5142859131894,0 79.3111698472845,24.5142838195484,0 79.3111709697532,24.5142816687047,0 79.3111719665801,24.5142794666542,0 79.3111728349863,24.5142772195357,0 79.311173572551,24.5142749336134,0 79.311174177218,24.51427261526,0 79.3111746473017,24.5142702709383,0 79.3111749814917,24.5142679071835,0 79.3111751788563,24.5142655305853,0 79.3111752388454,24.5142631477688,0 79.3111751612916,24.5142607653767,0 79.3111749464113,24.5142583900505,0 79.3111745948035,24.5142560284118,0 79.3111741074483,24.5142536870443,0 79.3111734857044,24.514251372475,0 79.311172731305,24.5142490911564,0 79.3111718463532,24.5142468494479,0 79.311170833316,24.514244653599,0 79.3111696950174,24.514242509731,0 79.3111684346308,24.5142404238205,0 79.3111670556696,24.5142384016822,0 79.3111655619781,24.5142364489535,0 79.3111639577203,24.5142345710779,0 79.3111622473684,24.5142327732904,0 79.3111604356904,24.5142310606027,0 79.3111585277366,24.5142294377894,0 79.3111565288261,24.5142279093744,0 79.3111544445311,24.5142264796184,0 79.311152280662,24.5142251525072,0 79.3111500432512,24.5142239317405,0 79.3111313432548,24.5142143317437,0 79.311129053821,24.5142132276285,0 79.3111267042593,24.5142122348679,0 79.3111243010341,24.5142113561933,0 79.3111218507576,24.5142105940224,0 79.3111193601715,24.5142099504521,0 79.3110789601842,24.514200550456,0 79.3110762182501,24.5141999880229,0 79.3110734457669,24.5141995693209,0 79.3110706517274,24.514199295708,0 79.3110678451944,24.5141991680717,0 79.3110650352712,24.5141991868261,0 79.3110253352854,24.5142004868264,0 79.3110226822097,24.5142006392652,0 79.3110200419582,24.5142009222186,0 79.3110174221952,24.5142013348654,0 79.3110148305255,24.5142018760077,0 79.3110122744724,24.5142025440746,0 79.3110097614556,24.5142033371268,0 79.3110072987702,24.5142042528623,0 79.311004893565,24.5142052886227,0 79.3110025528219,24.5142064414014,0 79.3109924528242,24.5142117413999,0 79.310990246941,24.5142129702334,0 79.3109881143576,24.5142143029896,0 79.310986060917,24.5142157360168,0 79.3109840922454,24.5142172653887,0 79.3109822137367,24.514218886915,0 79.3109804305378,24.5142205961531,0 79.3109787475344,24.5142223884196,0 79.3109771693376,24.5142242588042,0 79.3109757002716,24.5142262021822,0 79.3109743443614,24.514228213229,0 79.3109731053221,24.5142302864346,0 79.3109719865484,24.5142324161187,0 79.3109709911056,24.5142345964462,0 79.3109706978248,24.5142353470336,0 79.3107970706377,24.5141603588616,0 79.3107211045034,24.5141203715449,0 79.3107206367454,24.5141201284204,0 79.3104704367937,24.5139917284627,0 79.3104681255238,24.5139906148786,0 79.310465753078,24.5139896147725,0 79.3104633261061,24.5139887309477,0 79.3104608514108,24.5139879658814,0 79.3104583359286,24.5139873217181,0 79.3104557867103,24.5139868002633,0 79.3104532109012,24.5139864029788,0 79.3104506157211,24.513986130978,0 79.3104033157376,24.5139823309802,0 79.3104008419547,24.5139821894221,0 79.3103983635233,24.5139821617096,0 79.3103958866981,24.5139822479127,0 79.3103934177299,24.5139824478137,0 79.3103909628498,24.5139827609082,0 79.3103619079094,24.5139871498729,0 79.3101658077796,24.5139867580656,0 79.3101632477644,24.5139868137488,0 79.3101606943548,24.513986990881,0 79.3101581544289,24.513987288985,0 79.3101556348285,24.5139877072578,0 79.3101531423407,24.5139882445727,0 79.3101506836794,24.5139888994824,0 79.3101482654677,24.5139896702227,0 79.3101458942193,24.5139905547174,0 79.3101435763219,24.5139915505841,0 79.3100289763515,24.5140441505691,0 79.3100267060413,24.514045261369,0 79.3100245021516,24.5140464790089,0 79.3100223706833,24.5140478001734,0 79.3100203174398,24.5140492212652,0 79.3100183480118,24.5140507384148,0 79.3100164677618,24.5140523474915,0 79.3100146818094,24.5140540441138,0 79.3100129950173,24.5140558236622,0 79.3100114119784,24.5140576812914,0 79.3100099370031,24.5140596119432,0 79.3100085741074,24.5140616103609,0 79.3100073270024,24.5140636711032,0 79.3100061990836,24.514065788559,0 79.3100051934223,24.5140679569628,0 79.3100043127565,24.5140701704105,0 79.3100035594843,24.5140724228751,0 79.3100029356567,24.5140747082237,0 79.3100024429722,24.5140770202337,0 79.3100020827724,24.5140793526098,0 79.3100018560381,24.5140816990013,0 79.3100017633865,24.5140840530195,0 79.31000180507,24.5140864082548,0 79.3100019809751,24.5140887582942,0 79.3100022906229,24.5140910967391,0 79.3100027331701,24.5140934172222,0 79.310003307412,24.5140957134253,0 79.3100040117848,24.5140979790961,0 79.3100048443707,24.5141002080658,0 79.3100058029028,24.5141023942651,0 79.3100068847712,24.5141045317414,0 79.31000808703,24.5141066146747,0 79.3100094064057,24.5141086373936,0 79.310010839306,24.5141105943906,0 79.3100123818293,24.514112480337,0 79.3100140297756,24.5141142900979,0 79.3100157786577,24.5141160187454,0 79.3100176237139,24.5141176615728,0 79.3100195599202,24.5141192141069,0 79.3100215820049,24.5141206721205,0 79.310023684462,24.5141220316437,0 79.3100258615669,24.5141232889746,0 79.3100281073918,24.5141244406899,0 79.3100304158217,24.5141254836535,0 79.3100327805711,24.5141264150257,0 79.3100351952012,24.5141272322704,0 79.3100376531374,24.5141279331625,0 79.3100401476871,24.5141285157936,0 79.310042672058,24.5141289785772,0 79.3100452193769,24.5141293202533,0 79.3100477827077,24.5141295398915,0 79.3100503550709,24.5141296368938,0 79.3100529294624,24.5141296109961,0 79.3100554988726,24.514129462269,0 79.3100580563055,24.5141291911172,0 79.3102821563845,24.5140999911113,0 79.3102830512574,24.5140998668369,0 79.3103512917736,24.5140898032797,0 79.3104164963066,24.5140875086926,0 79.3104200504532,24.5140872657559,0 79.310423924222,24.5140868718137,0 79.3104681747527,24.5141179209372,0 79.3104704315967,24.5141194138643,0 79.3104727769117,24.5141207879083,0 79.3104752032256,24.5141220386915,0 79.3104777028078,24.5141231622288,0 79.3105706469915,24.514162000028,0 79.310504181167,24.5142273470782,0 79.3105024886038,24.5142291001047,0 79.3105008975587,24.5142309309919,0 79.3104994123036,24.5142328348239,0 79.310498036826,24.5142348064894,0 79.3104967748191,24.5142368406947,0 79.310495629671,24.5142389319782,0 79.3104946044563,24.5142410747251,0 79.3104937019277,24.5142432631825,0 79.3104929245083,24.5142454914746,0 79.3104922742853,24.5142477536189,0 79.3104917530045,24.5142500435418,0 79.3104913620655,24.5142523550951,0 79.3104911025179,24.5142546820727,0 79.3104909750585,24.5142570182269,0 79.3104909800297,24.5142593572856,0 79.3104911174179,24.5142616929687,0 79.3104913868545,24.5142640190052,0 79.3104917876159,24.51426632915,0 79.3104923186262,24.5142686172007,0 79.3104929784597,24.5142708770143,0 79.310493765345,24.5142731025234,0 79.3104946771692,24.5142752877529,0 79.3104957114843,24.5142774268357,0 79.3104968655133,24.5142795140287,0 79.3104981361578,24.5142815437281,0 79.3104995200063,24.5142835104843,0 79.3105010133434,24.5142854090171,0 79.3105245133389,24.5143137090229,0 79.3105262051016,24.514315634586,0 79.3105280094686,24.5143174725856,0 79.3105299210357,24.5143192175166,0 79.3105319340771,24.5143208641524,0 79.3105340425635,24.5143224075611,0 79.3105362401795,24.5143238431198,0 79.3105385203429,24.5143251665288,0 79.310540876224,24.5143263738242,0 79.3105433007665,24.5143274613899,0 79.3105969007793,24.5143498613979,0 79.3105993448643,24.5143508109367,0 79.3107408334973,24.514401713378,0 79.3106926429018,24.5144383987599,0 79.3106906918603,24.5144399652728,0 79.310688833566,24.5144416234993,0 79.3106870731625,24.5144433688498,0 79.3106854155223,24.5144451964932,0 79.3106838652338,24.5144471013707,0 79.310682426588,24.51444907821,0 79.3106811035668,24.5144511215392,0 79.3106798998323,24.5144532257027,0 79.3106788187163,24.5144553848764,0 79.3106778632113,24.5144575930838,0 79.3106770359619,24.5144598442128,0 79.310676339258,24.5144621320326,0 79.310675775028,24.5144644502107,0 79.3106753448335,24.5144667923305,0 79.3106750498654,24.5144691519094,0 79.3106748909401,24.5144715224163,0 79.3106748684974,24.5144738972897,0 79.3106749825997,24.5144762699564,0 79.3106752329308,24.514478633849,0 79.3106756187981,24.5144809824244,0 79.3106761391335,24.5144833091821,0 79.3106767924967,24.5144856076818,0 79.3106775770794,24.5144878715614,0 79.3106784907098,24.5144900945548,0 79.3106795308591,24.5144922705089,0 79.3106806946483,24.5144943934009,0 79.3106819788562,24.5144964573549,0 79.3106833799282,24.514498456658,0 79.3106848939863,24.5145003857763,0 79.3106865168397,24.5145022393702,0 79.3106882439964,24.5145040123092,0 79.310695843996,24.514511412311,0 79.3106976623722,24.5145130924089,0 79.3106995744031,24.5145146830913,0 79.3107015748431,24.5145161799945,0 79.3107036582042,24.5145175790116,0 79.3107058187707,24.5145188763046,0 79.3107080506152,24.5145200683144,0 79.3107103476149,24.5145211517709,0 79.3107309476196,24.5145302517741,0 79.3107332219616,24.514531192321,0 79.3107355453794,24.5145320264352,0 79.3107379119275,24.5145327519821,0 79.3107403155498,24.5145333671052,0 79.3107427500957,24.5145338702302,0 79.3107452093353,24.5145342600699,0 79.3107476869755,24.5145345356265,0 79.3107501766761,24.5145346961949,0 79.3107526720661,24.5145347413642,0 79.3107551667599,24.514534671019,0 79.3107576543737,24.5145344853391,0 79.3107601285417,24.5145341847997,0 79.3107625829328,24.5145337701699,0 79.3107650112663,24.5145332425107,0 79.3108009274232,24.5145245545637,0 79.3108833451699,24.51451824364,0 79.3108837395216,24.5145201879735,0 79.3108843384233,24.5145224714946,0 79.3108850663071,24.5145247234302,0 79.3108859212033,24.5145269376861,0 79.3108869007983,24.5145291082701,0 79.3108880024412,24.5145312293082,0 79.3108892231506,24.5145332950603,0 79.3108905596231,24.5145352999361,0 79.3108920082419,24.51453723851,0 79.3108935650868,24.5145391055359,0 79.3108952259445,24.5145408959611,0 79.3108969863206,24.5145426049403,0 79.310898841451,24.5145442278488,0 79.3109177677304,24.5145599434246,0 79.3109282503584,24.514572711743,0 79.3109298067185,24.5145745104018,0 79.3109314609421,24.5145762343965,0 79.3109332087569,24.5145778792746,0 79.310935045649,24.514579440788,0 79.3109369668746,24.514580914904,0 79.3109389674717,24.5145822978156,0 79.3109410422737,24.5145835859512,0 79.3109431859221,24.514584775984,0 79.3109453928808,24.5145858648407,0 79.31094765745,24.5145868497092,0 79.3109499737813,24.5145877280459,0 79.3109523358924,24.5145884975825,0 79.310954737683,24.5145891563315,0 79.3109571729502,24.5145897025916,0 79.3109596354047,24.5145901349522,0 79.3109621186868,24.5145904522965,0 79.3110053187018,24.5145949522989,0 79.311007878207,24.5145951573122,0 79.3110104459064,24.5145952401433,0 79.3110130148373,24.5145952005675,0 79.3110155780333,24.5145950386921,0 79.3110181285439,24.5145947549561,0 79.3110206594527,24.5145943501288,0 79.3110231638967,24.5145938253082,0 79.3110256350846,24.5145931819172,0 79.3110280663153,24.5145924217007,0 79.3110304509958,24.5145915467201,0 79.3110327826598,24.514590559348,0 79.3110350549843,24.514589462262,0 79.3110372618075,24.5145882584371,0 79.3110393971452,24.5145869511376,0 79.3110414552068,24.5145855439086,0 79.3110434304117,24.5145840405661,0 79.3110453174035,24.5145824451867,0 79.3110471110653,24.5145807620966,0 79.3110488065332,24.5145789958598,0 79.3110503992096,24.5145771512659,0 79.3110518847757,24.5145752333169,0 79.311053259203,24.5145732472137,0 79.3110545187645,24.514571198342,0 79.3110556600445,24.5145690922578,0 79.3110566799484,24.5145669346722,0 79.3110575757105,24.5145647314359,0 79.3110583449016,24.5145624885234,0 79.311061744898,24.5145515885222,0 79.3110624448022,24.5145490727068,0 79.3110629854828,24.5145465242406,0 79.3110633651515,24.5145439515519,0 79.3110635825529,24.5145413631489,0 79.3110639875585,24.5145336390576,0 79.3110760732042,24.5145238194675,0 79.3110983928368,24.5145129437182,0 79.3111006167011,24.5145117914762,0 79.3111027723702,24.5145105354216,0 79.3111048540601,24.5145091789245,0 79.3111068561856,24.5145077256245,0 79.3111081878277,24.5145066516618,0 79.3111082748071,24.5145068833147,0 79.3111092449901,24.5145090835467,0 79.3111103401792,24.5145112341034,0 79.3111115573493,24.5145133290445,0 79.3111128931382,24.5145153625833,0 79.3111143438561,24.5145173291025,0 79.3111159054957,24.5145192231702,0 79.3111175737434,24.5145210395543,0 79.3111193439911,24.5145227732377,0 79.3111212113488,24.5145244194313,0 79.3111231706585,24.514525973588,0 79.3111252165081,24.5145274314148,0 79.3111273432463,24.5145287888849,0 79.3111295449986,24.5145300422484,0 79.3111318156831,24.5145311880433,0 79.311135615684,24.5145329880439,0 79.3111379522653,24.5145340244459,0 79.3111403452064,24.5145349469401,0 79.3111427878793,24.5145357529713,0 79.3111452735183,24.514536440307,0 79.3111477952384,24.5145370070433,0 79.311150346055,24.5145374516106,0 79.3111529189027,24.5145377727774,0 79.3111555066552,24.5145379696541,0 79.3111581021447,24.5145380416954,0 79.3111606981823,24.5145379887018,0 79.3111632875773,24.5145378108201,0 79.3111658631576,24.514537508543,0 79.3111684177892,24.5145370827077,0 79.3111709443961,24.5145365344937,0 79.3111734359802,24.5145358654195,0 79.3111758856402,24.5145350773383,0 79.3111782865909,24.5145341724329,0 79.311180632182,24.5145331532099,0 79.3111829159167,24.5145320224922,0 79.3111851314694,24.5145307834118,0 79.3111872727034,24.5145294394007,0 79.3111893336879,24.5145279941816,0 79.3111913087142,24.5145264517575,0 79.3111931923118,24.5145248164007,0 79.3111949792636,24.5145230926409,0 79.31119666462,24.5145212852525,0 79.3111982437127,24.5145193992418,0 79.311199712168,24.5145174398326,0 79.3112010659186,24.5145154124523,0 79.3112023012147,24.5145133227162,0 79.3112034146348,24.5145111764127,0 79.3112039453139,24.514509996939,0 79.3112042820724,24.5145109461536,0 79.3112051975293,24.5145131331493,0 79.3112062357195,24.5145152737642,0 79.3112073938488,24.514517362237,0 79.3112086688002,24.5145193929471,0 79.3112100571424,24.5145213604288,0 79.3112115551389,24.5145232593871,0 79.3112131587579,24.5145250847111,0 79.3112148636836,24.5145268314882,0 79.3112166653274,24.5145284950172,0 79.3112185588403,24.5145300708208,0 79.3112205391263,24.5145315546581,0 79.3112226008555,24.5145329425353,0 79.3112430008581,24.5145459425393,0 79.3112452050653,24.51454726855,0 79.311247483583,24.5145484848782,0 79.3112498298979,24.5145495880469,0 79.3112522373027,24.5145505749025,0 79.3112546989152,24.5145514426238,0 79.3112572076988,24.5145521887304,0 79.3112597564816,24.5145528110894,0 79.3112623379775,24.5145533079216,0 79.3112649448069,24.5145536778069,0 79.3112675695177,24.5145539196878,0 79.3112702046069,24.5145540328729,0 79.3112728425416,24.5145540170386,0 79.3112754757807,24.5145538722302,0 79.3112777467118,24.5145536353751,0 79.3112939089504,24.514562369007,0 79.3112959222637,24.5145633996342,0 79.3112979860326,24.5145643430275,0 79.3113181860373,24.5145730430305,0 79.3113204161049,24.5145739426335,0 79.3113226920063,24.5145747403822,0 79.3113540920151,24.5145849403861,0 79.3113565365034,24.514585669416,0 79.3113590191806,24.514586280949,0 79.3113615333053,24.5145867733247,0 79.3113640720504,24.514587145206,0 79.3113666285219,24.514587395583,0 79.3113691957778,24.5145875237759,0 79.3113717668469,24.5145875294365,0 79.3113735173638,24.5145874497556,0 79.3113928304417,24.5145883100308,0 79.3113942737846,24.5145999770886,0 79.3113946260603,24.5146022883472,0 79.3113951084114,24.5146045798612,0 79.311395719549,24.514606845507,0 79.3113964578399,24.5146090792298,0 79.3113973213109,24.5146112750603,0 79.3113983076547,24.5146134271303,0 79.3113994142354,24.5146155296888,0 79.3114006380957,24.5146175771168,0 79.3114019759651,24.5146195639429,0 79.3114034242681,24.5146214848575,0 79.3114049791345,24.5146233347272,0 79.311406636409,24.5146251086084,0 79.3114083916628,24.5146268017606,0 79.311410240205,24.514628409659,0 79.3114121770958,24.5146299280067,0 79.311414197159,24.5146313527462,0 79.3114343971612,24.5146448527502,0 79.3114365179173,24.5146461937787,0 79.3114387123356,24.5146474316284,0 79.3114409744255,24.51464856292,0 79.3114432980113,24.514649584565,0 79.3114456767495,24.5146504937743,0 79.311448104146,24.5146512880656,0 79.3114505735739,24.5146519652705,0 79.3114530782916,24.5146525235402,0 79.3114556114611,24.5146529613507,0 79.3114581661666,24.5146532775066,0 79.3114607354338,24.5146534711448,0 79.3114633122484,24.5146535417368,0 79.3114658895755,24.5146534890897,0 79.311468460379,24.5146533133473,0 79.3114710176405,24.5146530149895,0 79.3114735543784,24.5146525948306,0 79.3114760636674,24.5146520540178,0 79.311478538657,24.5146513940276,0 79.3114809725903,24.5146506166617,0 79.3114833588227,24.5146497240423,0 79.3114856908394,24.5146487186064,0 79.3114879622742,24.5146476030989,0 79.3114901669258,24.5146463805651,0 79.3114922987754,24.5146450543426,0 79.3114943520029,24.5146436280521,0 79.3114963210031,24.5146421055874,0 79.3114982004004,24.5146404911049,0 79.3114999850639,24.5146387890122,0 79.3115016701215,24.5146370039561,0 79.3115032509728,24.51463514081,0 79.3115047233022,24.5146332046602,0 79.3115272986426,24.5146017980275,0 79.3115519473882,24.5146035745119,0 79.3115767841351,24.5146070292477,0 79.3115793485141,24.5146073233055,0 79.3115819262044,24.5146074941039,0 79.3115845101335,24.5146075411744,0 79.3115870932117,24.5146074643878,0 79.3115896683516,24.5146072639548,0 79.3115922284876,24.5146069404253,0 79.3115947665952,24.5146064946871,0 79.3115972757105,24.514605927963,0 79.3115997489489,24.5146052418082,0 79.3116021795246,24.5146044381052,0 79.3116588795415,24.5145841380994,0 79.3116612630202,24.5145832181257,0 79.3116635905213,24.514582185119,0 79.3116658556466,24.5145810419189,0 79.311668052169,24.5145797916681,0 79.3116701740506,24.5145784378036,0 79.3116722154582,24.5145769840469,0 79.3116741707801,24.5145754343946,0 79.3116760346411,24.5145737931066,0 79.3116778019175,24.5145720646948,0 79.3116794677511,24.5145702539105,0 79.3116810275625,24.5145683657316,0 79.3116824770638,24.5145664053486,0 79.3116838122704,24.5145643781506,0 79.3116850295118,24.5145622897104,0 79.3116860393743,24.5145603141409,0 79.3117070746526,24.5145718867412,0 79.3117092881123,24.5145730344493,0 79.3117115632924,24.5145740762376,0 79.3117138941433,24.5145750093359,0 79.3117160438359,24.514575751626,0 79.3116964293961,24.5146328688058,0 79.3116957248414,24.5146351237029,0 79.3116951492332,24.5146374090351,0 79.3116947041249,24.5146397186341,0 79.3116943907181,24.5146420462664,0 79.3116942098585,24.5146443856495,0 79.3116941620344,24.5146467304695,0 79.3116942473747,24.5146490743975,0 79.3116944656493,24.5146514111073,0 79.311694816269,24.5146537342919,0 79.3116952982874,24.5146560376812,0 79.3116959104035,24.5146583150581,0 79.3116966509653,24.5146605602759,0 79.311697517974,24.5146627672748,0 79.3116985090895,24.514664930098,0 79.3116996216367,24.5146670429079,0 79.3117008526129,24.5146691000021,0 79.3117021986956,24.5146710958284,0 79.3117036562518,24.5146730249999,0 79.3117052213474,24.5146748823099,0 79.3117068897581,24.5146766627453,0 79.311708656981,24.5146783615007,0 79.3117105182463,24.5146799739911,0 79.3117124685302,24.5146814958645,0 79.3117145025691,24.5146829230131,0 79.3117166148728,24.514684251585,0 79.3117187997403,24.5146854779945,0 79.3117210512746,24.5146865989314,0 79.3117233633986,24.5146876113702,0 79.311725729872,24.5146885125784,0 79.3117281443074,24.5146893001236,0 79.3117306001884,24.51468997188,0 79.3117330908863,24.5146905260348,0 79.3117356096787,24.5146909610922,0 79.3117381497674,24.5146912758779,0 79.3117407042965,24.5146914695423,0 79.3117432663713,24.5146915415627,0 79.3117458290767,24.5146914917448,0 79.3117483854958,24.514691320223,0 79.3117509287288,24.5146910274603,0 79.3117534519115,24.5146906142467,0 79.3117559482337,24.5146900816976,0 79.3117584109577,24.5146894312505,0 79.3117608334366,24.5146886646607,0 79.311763209132,24.5146877839974,0 79.3117655316319,24.5146867916376,0 79.3117677946677,24.5146856902595,0 79.3117699921315,24.514684482836,0 79.3117721180923,24.5146831726258,0 79.311774166812,24.5146817631652,0 79.311776132761,24.5146802582585,0 79.3117780106333,24.5146786619674,0 79.3117797953603,24.5146769786003,0 79.3117814821251,24.5146752127008,0 79.3118008910866,24.5146537949028,0 79.3118012240399,24.5146558098901,0 79.3118017409669,24.5146581167622,0 79.3118023886736,24.5146603958321,0 79.3118031653976,24.5146626408981,0 79.3118040690252,24.5146648458506,0 79.3118050970974,24.5146670046896,0 79.3118062468167,24.5146691115403,0 79.3118075150542,24.5146711606695,0 79.311808898359,24.514673146501,0 79.3118103929666,24.514675063631,0 79.31181199481,24.5146769068425,0 79.3118136995301,24.5146786711196,0 79.3118155024881,24.5146803516613,0 79.3118173987776,24.5146819438946,0 79.3118193832383,24.5146834434865,0 79.3118214504703,24.5146848463564,0 79.3118235948479,24.5146861486867,0 79.3118258105358,24.5146873469334,0 79.3118280915047,24.5146884378358,0 79.3118304315475,24.5146894184254,0 79.3118328242964,24.5146902860337,0 79.3118501243012,24.5146960860359,0 79.3118527382298,24.5146968873374,0 79.3118553969934,24.5146975538158,0 79.3118580922917,24.5146980833904,0 79.3118608157104,24.514698474408,0 79.3118635587476,24.5146987256479,0 79.31186631284,24.5146988363258,0 79.3119074128547,24.5146994363268,0 79.3119098569561,24.514699416609,0 79.3119122969914,24.514699286172,0 79.3119147269722,24.514699045336,0 79.3119171409355,24.514698694692,0 79.3119195329571,24.5146982351006,0 79.3119218971669,24.5146976676895,0 79.3119242277629,24.5146969938512,0 79.3119265190258,24.5146962152394,0 79.3119276503006,24.5146958013584,0 79.3119731532095,24.5146851278367,0 79.3119756197555,24.5146844863254,0 79.3119780465418,24.5146837284335,0 79.3119804270135,24.5146828562082,0 79.3119827547408,24.5146818720055,0 79.3119850234362,24.5146807784838,0 79.3119872269717,24.5146795785967,0 79.3119893593953,24.5146782755855,0 79.3119914149471,24.5146768729695,0 79.3119933880749,24.5146753745375,0 79.3119952734492,24.5146737843368,0 79.3119970659771,24.5146721066627,0 79.3119987608171,24.5146703460468,0 79.3120003533911,24.5146685072447,0 79.3120018393975,24.5146665952233,0 79.3120032148224,24.5146646151469,0 79.3120044759506,24.5146625723642,0 79.3120056193757,24.5146604723927,0 79.3120066420092,24.5146583209048,0 79.3120075410889,24.5146561237119,0 79.3120083141863,24.5146538867487,0 79.3120089592131,24.5146516160576,0 79.3120094744271,24.5146493177718,0 79.3120098584367,24.5146469980995,0 79.3120101102045,24.5146446633061,0 79.3120102290507,24.5146423196981,0 79.3120102146541,24.5146399736061,0 79.3120091616546,24.5146094989077,0 79.3120178559334,24.5146010480655,0 79.3120377028404,24.5145863179372,0 79.3120386680258,24.5145877052856,0 79.3120401290869,24.5145895858561,0 79.3120416932605,24.5145913956684,0 79.3120433564606,24.5145931299946,0 79.3120451143423,24.5145947843039,0 79.3120469623133,24.5145963542746,0 79.3120488955461,24.5145978358056,0 79.3120509089902,24.5145992250263,0 79.312052997386,24.5146005183077,0 79.3120551552776,24.5146017122713,0 79.3120563660041,24.5146023070907,0 79.3120496970223,24.5146350236907,0 79.3120492866189,24.5146373813785,0 79.3120490130247,24.5146397556205,0 79.3120488770051,24.5146421397761,0 79.3120488789403,24.5146445271768,0 79.3120490188251,24.5146469111451,0 79.3120492962682,24.5146492850132,0 79.3120497104936,24.5146516421414,0 79.3120502603427,24.5146539759369,0 79.3120509442776,24.5146562798722,0 79.3120517603855,24.5146585475032,0 79.3120527063836,24.5146607724873,0 79.312053779626,24.5146629486015,0 79.3120549771109,24.5146650697591,0 79.312056295489,24.5146671300273,0 79.3120577310729,24.5146691236437,0 79.3120592798472,24.5146710450322,0 79.3120609374801,24.5146728888186,0 79.3120626993352,24.5146746498459,0 79.3120645604847,24.5146763231887,0 79.312066515723,24.5146779041666,0 79.3120685595813,24.5146793883576,0 79.3120706863431,24.5146807716106,0 79.3120728900598,24.5146820500565,0 79.3120751645677,24.5146832201197,0 79.3120775035052,24.5146842785275,0 79.3120799003301,24.5146852223196,0 79.3120823483388,24.5146860488561,0 79.3120848406841,24.5146867558253,0 79.3120873703951,24.5146873412498,0 79.3120899303961,24.5146878034922,0 79.3120925135271,24.5146881412597,0 79.312095112563,24.5146883536074,0 79.3120977202343,24.5146884399415,0 79.3121003292475,24.5146884000205,0 79.3121029323053,24.514688233956,0 79.312105522127,24.5146879422125,0 79.3121080914689,24.5146875256061,0 79.3121106331446,24.5146869853019,0 79.3121425331553,24.5146793852999,0 79.3121448849834,24.5146787676293,0 79.3121472004508,24.5146780440421,0 79.3121494738629,24.5146772163179,0 79.3121516996286,24.5146762864923,0 79.3121538722742,24.514675256852,0 79.3121726123903,24.5146658293099,0 79.3121819920678,24.5146668442748,0 79.312220597445,24.514673549924,0 79.3122231852369,24.5146739345489,0 79.3122257917055,24.5146741928665,0 79.3122284094914,24.5146743241475,0 79.3122310312035,24.5146743280213,0 79.3122336494392,24.5146742044769,0 79.3122362568061,24.5146739538632,0 79.3122388459423,24.5146735768877,0 79.3122414095375,24.5146730746148,0 79.3122439403533,24.5146724484627,0 79.312246431244,24.5146717001993,0 79.3122488751767,24.5146708319374,0 79.3122512652509,24.5146698461284,0 79.3122535947184,24.5146687455558,0 79.3122558570018,24.5146675333269,0 79.3122580457136,24.5146662128646,0 79.3122601546742,24.5146647878972,0 79.3123108546811,24.5146285878874,0 79.3123128490043,24.5146270854393,0 79.3123147546407,24.5146254895438,0 79.3123165663659,24.5146238045764,0 79.312318279213,24.5146220351563,0 79.3123198884861,24.5146201861347,0 79.3123213897733,24.5146182625807,0 79.3123227789587,24.5146162697678,0 79.3123240522337,24.5146142131595,0 79.3123252061077,24.5146120983941,0 79.3123262374172,24.5146099312693,0 79.3123271433348,24.5146077177265,0 79.3123279213769,24.5146054638341,0 79.3123280083837,24.5146051566327,0 79.3123281417045,24.5146063990748,0 79.3123285344446,24.5146087631583,0 79.3123290634578,24.5146111048975,0 79.3123297272596,24.5146134177216,0 79.3123395272487,24.5146442177241,0 79.3123401988,24.5146461633503,0 79.3123409657558,24.5146480792255,0 79.3123424657547,24.5146515792259,0 79.3123434834064,24.5146537804325,0 79.3123446269649,24.5146559292757,0 79.3123458932246,24.5146580197318,0 79.312347278636,24.5146600459411,0 79.3123487793158,24.5146620022239,0 79.3123503910572,24.5146638830965,0 79.3123521093424,24.5146656832865,0 79.3123539293549,24.5146673977478,0 79.3123558459929,24.5146690216746,0 79.3123578538838,24.5146705505148,0 79.3123599473992,24.5146719799828,0 79.3123621206709,24.5146733060717,0 79.3123643676068,24.5146745250643,0 79.3123666819085,24.5146756335436,0 79.3123690570888,24.5146766284023,0 79.3123714864896,24.5146775068519,0 79.3123739633012,24.5146782664298,0 79.3123764805806,24.5146789050069,0 79.3123790312716,24.5146794207932,0 79.3123816082244,24.5146798123428,0 79.3123842042154,24.5146800785582,0 79.3123868119677,24.5146802186931,0 79.3123894241714,24.5146802323548,0 79.3123920335043,24.514680119505,0 79.312394632652,24.5146798804599,0 79.3123972143288,24.5146795158897,0 79.3123997712979,24.5146790268162,0 79.3124022963919,24.5146784146105,0 79.3124047825326,24.5146776809885,0 79.3124072227509,24.5146768280068,0 79.3124096102067,24.5146758580564,0 79.3124119382077,24.5146747738561,0 79.3124142002282,24.5146735784451,0 79.3124163899273,24.5146722751743,0 79.3124185011673,24.5146708676969,0 79.3124205280299,24.5146693599582,0 79.3124224648336,24.5146677561847,0 79.3124243061494,24.5146660608718,0 79.3124260468157,24.5146642787719,0 79.3124276819534,24.5146624148803,0 79.3124491407766,24.514636581751,0 79.3124683263082,24.514650890211,0 79.3124703623911,24.5146523295173,0 79.312472477715,24.5146536697519,0 79.3124746665274,24.5146549072699,0 79.3124769228756,24.5146560387059,0 79.3124792406234,24.5146570609827,0 79.3124816134675,24.5146579713204,0 79.3124840349549,24.5146587672432,0 79.3124864985003,24.5146594465865,0 79.3124889974038,24.5146600075029,0 79.3124915248697,24.5146604484668,0 79.3124940740244,24.5146607682792,0 79.3124966379352,24.5146609660701,0 79.3124992096296,24.5146610413018,0 79.3125017821137,24.5146609937697,0 79.3125043483914,24.5146608236029,0 79.3125069014837,24.5146605312643,0 79.3125094344474,24.5146601175489,0 79.3125119403938,24.5146595835818,0 79.312514412508,24.5146589308152,0 79.3125168440668,24.5146581610243,0 79.3125192284577,24.5146572763026,0 79.3125215591961,24.5146562790561,0 79.3125238299434,24.5146551719968,0 79.3125260345243,24.5146539581356,0 79.3125281669433,24.5146526407735,0 79.3125302214011,24.5146512234932,0 79.3125321923107,24.514649710149,0 79.3125340743119,24.5146481048566,0 79.3125358622867,24.5146464119815,0 79.3125375513725,24.5146446361278,0 79.3125391369757,24.5146427821248,0 79.3125406147844,24.5146408550146,0 79.3125419807794,24.5146388600382,0 79.312543231246,24.5146368026208,0 79.3125443627834,24.5146346883579,0 79.3125453723144,24.5146325229992,0 79.3125462570934,24.5146303124334,0 79.3125470147144,24.5146280626724,0 79.3125476431169,24.5146257798345,0 79.312548140592,24.514623470128,0 79.3125485057867,24.5146211398341,0 79.3125487377079,24.5146187952903,0 79.312548835725,24.5146164428727,0 79.3125487995713,24.5146140889787,0 79.3125486293451,24.5146117400099,0 79.3125483255095,24.5146094023544,0 79.3125478888907,24.5146070823695,0 79.3125473206762,24.5146047863646,0 79.3125466224111,24.5146025205838,0 79.3125429975253,24.5145918334342,0 79.3125494336598,24.5145906915395,0 79.3125656953907,24.5145915457565,0 79.3125738717927,24.5146070337564,0 79.3125750414072,24.514609110302,0 79.312576326867,24.5146111287081,0 79.3125777247297,24.5146130835693,0 79.312579231252,24.5146149696506,0 79.3125808423994,24.5146167819012,0 79.3125825538572,24.5146185154679,0 79.3125843610423,24.5146201657082,0 79.3125862591151,24.5146217282028,0 79.3125882429925,24.5146231987674,0 79.3125903073619,24.5146245734639,0 79.3125924466948,24.5146258486109,0 79.3125946552622,24.5146270207936,0 79.3125969271496,24.5146280868728,0 79.312599256273,24.5146290439937,0 79.312601636395,24.5146298895931,0 79.3126040611418,24.5146306214065,0 79.3126065240198,24.5146312374742,0 79.3126090184336,24.5146317361462,0 79.3126115377033,24.5146321160873,0 79.3126128562107,24.5146322512921,0 79.3126121932505,24.5146340717749,0 79.312611498555,24.5146363813996,0 79.3126014704339,24.5146735497981,0 79.3125881832235,24.5146804731332,0 79.3125858518339,24.5146817672517,0 79.3125714518368,24.5146902672494,0 79.3125693151869,24.514691602334,0 79.3125672579711,24.5146930380634,0 79.3125652858468,24.5146945704892,0 79.3125634042374,24.5146961953973,0 79.3125616183174,24.514697908319,0 79.3125599329981,24.5146997045437,0 79.3125583529142,24.5147015791319,0 79.312556882411,24.5147035269283,0 79.3125555255324,24.5147055425765,0 79.3125542860099,24.5147076205332,0 79.3125531672522,24.5147097550842,0 79.312552172336,24.5147119403593,0 79.3125518175616,24.5147128514592,0 79.3125498966744,24.5147142646932,0 79.3125479921172,24.5147158210272,0 79.31254617812,24.5147174654331,0 79.3125444595422,24.5147191935061,0 79.312542840987,24.5147210006173,0 79.3125413267901,24.514722881926,0 79.3125399210075,24.5147248323928,0 79.3125386274049,24.5147268467931,0 79.3125374494474,24.5147289197309,0 79.3125363902903,24.5147310456535,0 79.3125354527709,24.5147332188663,0 79.3125346394004,24.514735433548,0 79.3125339523575,24.5147376837662,0 79.3125333934827,24.5147399634932,0 79.3125329642729,24.5147422666225,0 79.3125326658779,24.5147445869847,0 79.3125305185059,24.5147660606253,0 79.3125298688052,24.514766690638,0 79.312529379782,24.5147666081123,0 79.3125268254345,24.5147663021487,0 79.3125242571143,24.5147661185844,0 79.3125216818229,24.5147660579199,0 79.312519106581,24.5147661203205,0 79.3125165384093,24.5147663056162,0 79.3125139843089,24.5147666133018,0 79.3125114512429,24.5147670425384,0 79.3125089461167,24.514767592156,0 79.3125064757598,24.5147682606561,0 79.3125040469069,24.5147690462163,0 79.3125016661792,24.5147699466951,0 79.3124993400673,24.5147709596376,0 79.3124970749123,24.5147720822822,0 79.3124948768896,24.5147733115686,0 79.3124927519913,24.5147746441454,0 79.3124907060103,24.5147760763799,0 79.3124887445242,24.5147776043674,0 79.3124868728804,24.5147792239425,0 79.3124865215785,24.5147795614131,0 79.3124863581846,24.5147795678862,0 79.3124837515307,24.5147797984013,0 79.3124811619166,24.5147801551316,0 79.3124785966377,24.5147806370721,0 79.312476062921,24.5147812428651,0 79.3124735679043,24.5147819708039,0 79.3124711186168,24.5147828188378,0 79.3124687219584,24.5147837845778,0 79.3124663846812,24.514784865303,0 79.3124641133696,24.514786057969,0 79.3124619144224,24.5147873592157,0 79.3124597940345,24.5147887653772,0 79.3124577581794,24.5147902724922,0 79.3124558125926,24.5147918763147,0 79.3124539627552,24.5147935723265,0 79.3124522138786,24.5147953557496,0 79.3124505708896,24.5147972215596,0 79.312449038417,24.5147991645004,0 79.312447620778,24.5148011790981,0 79.3124463219663,24.5148032596772,0 79.3124455430839,24.5148046771025,0 79.3124286436437,24.5148115152763,0 79.3124271430541,24.514812150184,0 79.3124185430563,24.5148159501829,0 79.3124162197717,24.5148170471277,0 79.3124139632558,24.5148182551269,0 79.3124117798445,24.5148195707888,0 79.3124096756681,24.5148209904193,0 79.3124076566347,24.5148225100325,0 79.3124057284133,24.5148241253617,0 79.3124038964177,24.5148258318714,0 79.3124021657917,24.5148276247702,0 79.3124005413946,24.5148294990241,0 79.3123990277872,24.5148314493708,0 79.3123976292193,24.514833470334,0 79.3123963496178,24.5148355562394,0 79.312395834301,24.514836511563,0 79.3123944264307,24.5148364615582,0 79.3123918510137,24.5148364931528,0 79.312389280908,24.514836647669,0 79.3123867231173,24.5148369246858,0 79.312384184612,24.5148373234481,0 79.3123816723098,24.5148378428694,0 79.3123791930569,24.5148384815341,0 79.3123767536097,24.5148392377019,0 79.3123743606159,24.514840109312,0 79.3123720205968,24.5148410939892,0 79.3123697399291,24.5148421890503,0 79.312367524828,24.5148433915109,0 79.3123653813299,24.5148446980942,0 79.312363315276,24.5148461052397,0 79.3123613322967,24.5148476091128,0 79.3123594377957,24.5148492056151,0 79.3123576369358,24.514850890396,0 79.3123559346246,24.5148526588643,0 79.3123543355011,24.5148545062007,0 79.312352843923,24.514856427371,0 79.3123439099868,24.5148685950596,0 79.3123424457649,24.5148685579403,0 79.3123398050017,24.5148686204006,0 79.3123371716772,24.5148688120843,0 79.3123345533401,24.5148691324421,0 79.3123319574958,24.5148695805555,0 79.3123293915857,24.5148701551401,0 79.3123268629649,24.5148708545488,0 79.312324378882,24.5148716767766,0 79.3123219464577,24.5148726194666,0 79.3123195726648,24.5148736799165,0 79.3123172643078,24.5148748550865,0 79.3123124643088,24.5148774550858,0 79.3123102775386,24.5148787114277,0 79.3123081656019,24.5148800707212,0 79.3123061342832,24.5148815292432,0 79.3123041891461,24.5148830829989,0 79.312302335518,24.5148847277329,0 79.3123005784759,24.5148864589403,0 79.3123003967586,24.5148866579218,0 79.3122886000016,24.514886657922,0 79.312287246369,24.5148866869425,0 79.3122860209428,24.5148857982165,0 79.3122839040476,24.5148844224492,0 79.3122817109764,24.5148831504808,0 79.3122794478033,24.5148819858342,0 79.3122771207964,24.514880931735,0 79.3122747364005,24.5148799911026,0 79.3122723012198,24.5148791665424,0 79.3122698219986,24.5148784603379,0 79.3122673056035,24.5148778744452,0 79.3122647590039,24.5148774104868,0 79.312262189253,24.5148770697479,0 79.3122596034681,24.5148768531721,0 79.3122570088107,24.5148767613593,0 79.3122544124672,24.5148767945637,0 79.3122518216284,24.5148769526934,0 79.31224924347,24.5148772353104,0 79.3122466851325,24.5148776416321,0 79.3122441537016,24.5148781705329,0 79.3122416561883,24.5148788205481,0 79.3122391995099,24.5148795898773,0 79.3122367904705,24.5148804763899,0 79.3122344357421,24.5148814776305,0 79.3122321418464,24.514882590826,0 79.3122299151369,24.5148838128933,0 79.3122277617805,24.5148851404477,0 79.3122256877412,24.5148865698124,0 79.3122236987635,24.5148880970287,0 79.312221800356,24.5148897178666,0 79.3122199977766,24.514891427837,0 79.3122163663989,24.5148950592139,0 79.3122081705145,24.5148915382379,0 79.312205814304,24.5148905937841,0 79.3122034074948,24.5148897629712,0 79.3122009566292,24.5148890480575,0 79.3121984683693,24.5148884509863,0 79.3121959494788,24.5148879733807,0 79.3121934068049,24.5148876165389,0 79.3121908472592,24.5148873814309,0 79.3121882777993,24.5148872686958,0 79.3121857054096,24.5148872786401,0 79.3121831370826,24.5148874112366,0 79.3121805797998,24.514887666125,0 79.3121780405125,24.5148880426125,0 79.3121755261231,24.5148885396755,0 79.3121730434666,24.514889155963,0 79.3121705992914,24.5148898897998,0 79.3121682002415,24.514890739191,0 79.3121658528381,24.5148917018278,0 79.3121635634622,24.5148927750934,0 79.3121613383369,24.5148939560705,0 79.3121591835107,24.5148952415488,0 79.3121580366125,24.5148960065368,0 79.3121482104027,24.5148906049931,0 79.3121459563731,24.5148894384739,0 79.3121436385522,24.5148883817655,0 79.3121412633252,24.5148874377787,0 79.3121388372355,24.5148866091142,0 79.3121363669663,24.5148858980546,0 79.3121338593228,24.514885306559,0 79.3121313212131,24.5148848362566,0 79.3121287596291,24.5148844884431,0 79.3121261816276,24.5148842640767,0 79.3121235943103,24.5148841637754,0 79.3121210048049,24.5148841878156,0 79.3121184202449,24.5148843361309,0 79.3121158477502,24.5148846083129,0 79.3121132944076,24.5148850036118,0 79.3121107672511,24.5148855209385,0 79.3121082732423,24.5148861588679,0 79.312105819252,24.5148869156426,0 79.3121034120402,24.514887789178,0 79.3121010582385,24.5148887770675,0 79.3120987643309,24.5148898765898,0 79.3120965366369,24.5148910847159,0 79.3120943812933,24.5148923981175,0 79.3120923042376,24.5148938131766,0 79.3120903111917,24.514895325995,0 79.3120884076461,24.5148969324051,0 79.3120865988446,24.5148986279816,0 79.3120848897701,24.5149004080535,0 79.3120832851309,24.514902267717,0 79.3120817893473,24.5149042018492,0 79.31208040654,24.5149062051219,0 79.3120791405183,24.5149082720165,0 79.31207799477,24.5149103968391,0 79.3120769724512,24.5149125737363,0 79.3120760763783,24.514914796711,0 79.3120753090199,24.5149170596394,0 79.3120746724898,24.5149193562877,0 79.3120741685415,24.514921680329,0 79.3120737985634,24.514924025361,0 79.3120737828265,24.5149241833783,0 79.3120723885086,24.5149241594964,0 79.3120697204031,24.5149242459451,0 79.3120670613146,24.5149244643095,0 79.3120418613236,24.514927164309,0 79.3120392894817,24.5149275028878,0 79.3120367406875,24.5149279648715,0 79.3120342220097,24.5149285489789,0 79.3120317404334,24.5149292535899,0 79.3120293028407,24.5149300767505,0 79.312026915992,24.5149310161779,0 79.3120245865066,24.5149320692666,0 79.312022320845,24.5149332330961,0 79.3120201252907,24.5149345044388,0 79.3120180059326,24.5149358797688,0 79.3120159686483,24.5149373552718,0 79.312014019088,24.5149389268559,0 79.3120121626583,24.5149405901625,0 79.3120104045077,24.5149423405788,0 79.3120087495123,24.5149441732502,0 79.3120072022617,24.5149460830942,0 79.3120057670471,24.5149480648142,0 79.3120044478487,24.5149501129142,0 79.3120032483252,24.5149522217141,0 79.3120021718032,24.5149543853657,0 79.3120012212682,24.5149565978683,0 79.3120003993564,24.5149588530861,0 79.3119997083472,24.5149611447645,0 79.311999150157,24.514963466548,0 79.311998726334,24.5149658119976,0 79.3119984380534,24.5149681746085,0 79.3119982861147,24.5149705478285,0 79.3119982709395,24.5149729250759,0 79.3119983925697,24.5149752997577,0 79.311998650668,24.5149776652883,0 79.3119990445187,24.5149800151072,0 79.3119995730295,24.5149823426976,0 79.3120002347347,24.5149846416045,0 79.3120010277991,24.514986905452,0 79.3120019500234,24.514989127962,0 79.3120029988498,24.5149913029705,0 79.3120041713698,24.5149934244457,0 79.3120054643315,24.514995486504,0 79.3120068741491,24.5149974834266,0 79.3120083969127,24.5149994096754,0 79.3120100283993,24.5150012599084,0 79.3120117640841,24.5150030289941,0 79.3120135991536,24.5150047120263,0 79.3120155285186,24.5150063043375,0 79.3120224285189,24.515011704339,0 79.3120244126576,24.5150131774797,0 79.312026477494,24.5150145546612,0 79.31202861749,24.5150158321898,0 79.3120308269057,24.515017006639,0 79.3120319167093,24.5150175188237,0 79.3120157015178,24.5150344390171,0 79.3120140318268,24.5150362772824,0 79.3120124708211,24.5150381938283,0 79.312011022877,24.5150401832816,0 79.3120096920537,24.5150422400651,0 79.312008482082,24.5150443584126,0 79.3120073963543,24.5150465323853,0 79.3120064379142,24.5150487558887,0 79.3120056094488,24.5150510226892,0 79.3120049132805,24.5150533264319,0 79.3120043513612,24.5150556606583,0 79.3120039252662,24.5150580188246,0 79.3120036361899,24.5150603943195,0 79.3120034849428,24.5150627804836,0 79.3120034719489,24.5150651706273,0 79.3120035972448,24.5150675580499,0 79.312003860479,24.5150699360584,0 79.3120042609137,24.515072297986,0 79.3120045447939,24.5150735357198,0 79.311995707976,24.5150730418971,0 79.3119929793823,24.5150729586525,0 79.3119902499332,24.51507301362,0 79.3119875279856,24.5150732066312,0 79.3119848218735,24.5150735370953,0 79.3119821398823,24.5150740040004,0 79.3119794902236,24.5150746059169,0 79.3119735902256,24.5150761059165,0 79.3119709175216,24.5150768607077,0 79.3119682958627,24.5150777528598,0 79.3119540794605,24.5150830150518,0 79.3119522993496,24.5150828296393,0 79.3119497283628,24.5150826856352,0 79.3119471526655,24.5150826645871,0 79.3119445792775,24.5150827665525,0 79.3119420152125,24.5150829912536,0 79.3119394674586,24.5150833380778,0 79.3119369429596,24.5150838060799,0 79.3119344485957,24.5150843939844,0 79.3119319911653,24.5150851001891,0 79.3119295773658,24.5150859227692,0 79.3119272137759,24.5150868594828,0 79.3119249068374,24.5150879077771,0 79.3119226628378,24.5150890647948,0 79.3119204878927,24.5150903273827,0 79.3119183879301,24.5150916920997,0 79.311916368673,24.5150931552263,0 79.3119144356249,24.5150947127749,0 79.3119125940542,24.5150963605005,0 79.31191084898,24.5150980939123,0 79.3119092051583,24.515099908286,0 79.3119076670692,24.5151017986767,0 79.3119062389048,24.5151037599323,0 79.3119049245573,24.5151057867075,0 79.311903727609,24.5151078734784,0 79.3119026513221,24.5151100145576,0 79.3119016986299,24.51511220411,0 79.3119008721289,24.5151144361679,0 79.3119001740716,24.515116704648,0 79.3118927010606,24.5151436690865,0 79.311890655141,24.5151432244456,0 79.3118881403121,24.5151428024484,0 79.3118856049667,24.5151425002098,0 79.3118830559128,24.5151423185415,0 79.3118804999954,24.5151422579314,0 79.3118588716675,24.5151422579319,0 79.3118488871226,24.5151418238223,0 79.3118487591645,24.5151416667847,0 79.3118470823991,24.5151398222172,0 79.3118453008915,24.5151380617596,0 79.3118434196737,24.5151363903843,0 79.3118414440593,24.5151348128123,0 79.3118393796286,24.5151333334996,0 79.3118372322129,24.5151319566245,0 79.3118350078776,24.5151306860762,0 79.3118327129056,24.5151295254435,0 79.3118303537792,24.5151284780047,0 79.3118279371619,24.5151275467182,0 79.3118254698797,24.5151267342147,0 79.3118229589016,24.515126042789,0 79.31182041132,24.5151254743943,0 79.3118178343309,24.5151250306359,0 79.311815235213,24.5151247127672,0 79.3118126213079,24.5151245216863,0 79.3118099999987,24.5151244579326,0 79.311808202703,24.5151244579327,0 79.3117910977885,24.5151231216114,0 79.3117884838954,24.5151229811993,0 79.3117858655415,24.5151229678559,0 79.3117832501009,24.5151230816187,0 79.3117806449396,24.5151233221674,0 79.3117780573945,24.5151236888245,0 79.311775494753,24.5151241805574,0 79.3117729642322,24.5151247959812,0 79.3117704729588,24.5151255333627,0 79.31173383496,24.515137369097,0 79.3117311506789,24.5151369629228,0 79.3117285985784,24.5151366391359,0 79.3117260314835,24.5151364376825,0 79.3117234563947,24.5151363591121,0 79.3117208803339,24.5151364036387,0 79.3117183103261,24.5151365711411,0 79.3117157533795,24.5151368611625,0 79.3117132164668,24.5151372729119,0 79.3117107065061,24.5151378052666,0 79.3117082303418,24.5151384567748,0 79.3117057947263,24.51513922566,0 79.3117034063016,24.5151401098253,0 79.3117010715806,24.5151411068598,0 79.3116987969301,24.5151422140446,0 79.3116965885529,24.5151434283603,0 79.3116944524711,24.5151447464957,0 79.3116923945099,24.5151461648563,0 79.3116904202811,24.5151476795742,0 79.3116885351683,24.5151492865189,0 79.3116867443123,24.5151509813083,0 79.3116850525965,24.5151527593207,0 79.3116834646342,24.5151546157078,0 79.3116819847558,24.5151565454071,0 79.3116806169967,24.5151585431564,0 79.3116796722506,24.5151600979881,0 79.3116736127572,24.5151676567347,0 79.311641201474,24.5152027770099,0 79.311639494113,24.5152047347733,0 79.31161709411,24.5152319347673,0 79.3116156067644,24.5152338418548,0 79.3116142295639,24.5152358169746,0 79.311612966218,24.5152378548068,0 79.3116118201296,24.5152399498626,0 79.3116107943855,24.5152420964989,0 79.3116098917487,24.5152442889339,0 79.3116091146503,24.5152465212623,0 79.3116084651835,24.5152487874712,0 79.3116079450975,24.5152510814568,0 79.3116075557934,24.5152533970403,0 79.3116072983195,24.5152557279845,0 79.3116071733695,24.5152580680113,0 79.31160718128,24.5152604108177,0 79.3116073220295,24.5152627500935,0 79.311607595239,24.5152650795378,0 79.3116080001727,24.5152673928764,0 79.3116085357398,24.5152696838782,0 79.3116092004979,24.5152719463726,0 79.3116099926563,24.5152741742656,0 79.3116109100815,24.5152763615563,0 79.3116119503024,24.5152785023533,0 79.3116131105172,24.5152805908904,0 79.3116143876009,24.5152826215422,0 79.3116154881933,24.5152841786599,0 79.311612238898,24.5152866003037,0 79.3116103097803,24.515288115336,0 79.31160846852,24.5152897192731,0 79.3116067200058,24.5152914078562,0 79.3116050688801,24.5152931766021,0 79.3116035195268,24.5152950208146,0 79.3116020760596,24.5152969355972,0 79.3116007423111,24.5152989158659,0 79.3115995218223,24.515300956363,0 79.3115984178339,24.5153030516708,0 79.311597433277,24.515305196226,0 79.3115965707658,24.5153073843346,0 79.3115958325902,24.5153096101871,0 79.3115952207102,24.5153118678737,0 79.3115947367504,24.5153141513998,0 79.3115943819958,24.5153164547028,0 79.3115941573883,24.5153187716669,0 79.3115940635242,24.5153210961405,0 79.3115941006527,24.5153234219519,0 79.3115942686753,24.5153257429259,0 79.3115945671459,24.5153280529002,0 79.3115949952721,24.5153303457414,0 79.311595551917,24.5153326153619,0 79.3115962356028,24.5153348557357,0 79.3115970445143,24.5153370609143,0 79.3115979765037,24.5153392250429,0 79.3115990290965,24.5153413423755,0 79.3116029784915,24.5153487726,0 79.3116024566356,24.5153499605079,0 79.3116016242615,24.5153521829922,0 79.3116009193923,24.5153544420875,0 79.3116003439373,24.5153567316749,0 79.3115998994549,24.5153590455531,0 79.3115995871492,24.515361377455,0 79.3115994078659,24.5153637210645,0 79.3115993882415,24.5153647281023,0 79.3115977127611,24.5153655749607,0 79.3115955081005,24.5153668322132,0 79.3115933788235,24.5153681938917,0 79.3115913308333,24.5153696562211,0 79.3115893698073,24.5153712151475,0 79.3115875011822,24.515372866349,0 79.3115857301382,24.5153746052481,0 79.3115840615852,24.5153764270241,0 79.311582500149,24.5153783266263,0 79.3115810501582,24.5153802987887,0 79.3115797156327,24.5153823380438,0 79.3115785002721,24.5153844387383,0 79.3115774074459,24.5153865950483,0 79.3115764401835,24.515388800996,0 79.3115756011667,24.5153910504659,0 79.3115748927213,24.5153933372217,0 79.3115743168113,24.515395654924,0 79.3115738750335,24.5153979971474,0 79.3115735686124,24.5154003573986,0 79.3115733983977,24.5154027291343,0 79.3115733648612,24.5154051057794,0 79.3115734680959,24.5154074807451,0 79.3115737078156,24.5154098474474,0 79.3115740833557,24.515412199325,0 79.3115761833515,24.5154232993254,0 79.3115766827955,24.5154255860934,0 79.3115773106457,24.5154278462123,0 79.3115780652267,24.5154300736508,0 79.3115789445248,24.5154322624649,0 79.3115799461934,24.5154344068132,0 79.3115802760585,24.515435022839,0 79.3115480467061,24.5154113464489,0 79.3115480263511,24.5154112984553,0 79.3115469940731,24.5154091909977,0 79.3115458453446,24.5154071345994,0 79.3115445831719,24.5154051346425,0 79.3115152831617,24.51536133465,0 79.3115138766803,24.515359350771,0 79.311512358583,24.5153574369985,0 79.3115107330353,24.5153555985839,0 79.3115090044978,24.5153538405719,0 79.3115071777135,24.5153521677864,0 79.311505257695,24.5153505848174,0 79.311503249711,24.5153490960086,0 79.3115011592712,24.5153477054452,0 79.3114989921118,24.5153464169429,0 79.3114967541793,24.5153452340374,0 79.3114944516148,24.5153441599745,0 79.3114920907362,24.5153431977015,0 79.3114896780219,24.5153423498586,0 79.3114872200923,24.5153416187726,0 79.3114847236919,24.5153410064493,0 79.3114821956707,24.515340514569,0 79.3114796429656,24.5153401444815,0 79.3114770725812,24.5153398972022,0 79.3114744915704,24.5153397734097,0 79.3114719070157,24.5153397734436,0 79.3114693260088,24.5153398973039,0 79.3114667556322,24.5153401446506,0 79.3114642029387,24.5153405148052,0 79.3114616749329,24.5153410067518,0 79.3114591785517,24.5153416191405,0 79.3114567206451,24.5153423502911,0 79.3114543079574,24.5153431981972,0 79.311451947109,24.5153441605323,0 79.3114496445782,24.5153452346556,0 79.3114474066829,24.5153464176198,0 79.3114452395639,24.5153477061789,0 79.3114431491678,24.5153490967971,0 79.3114411412304,24.5153505856585,0 79.3114392212617,24.5153521686779,0 79.3114373945299,24.5153538415113,0 79.3114356660475,24.5153555995686,0 79.3114340405575,24.5153574380257,0 79.3114325225201,24.5153593518379,0 79.311431116101,24.5153613357538,0 79.3114298251591,24.5153633843295,0 79.3114286532369,24.5153654919439,0 79.3114276035502,24.5153676528135,0 79.3114266789791,24.5153698610091,0 79.3114258820608,24.5153721104715,0 79.3114252149819,24.515374395028,0 79.311424679573,24.51537670841,0 79.3114242773031,24.5153790442696,0 79.3114240092762,24.5153813961972,0 79.3114238762276,24.5153837577392,0 79.3114238785226,24.5153861224156,0 79.3114240161547,24.5153884837377,0 79.3114242887463,24.5153908352262,0 79.3114246955494,24.5153931704285,0 79.3114252354479,24.5153954829369,0 79.3114259069602,24.515397766406,0 79.3114267082437,24.5154000145699,0 79.3114276370998,24.5154022212597,0 79.3114286909796,24.5154043804204,0 79.3114572909636,24.5154590804279,0 79.3114585232762,24.5154612804739,0 79.3114594630716,24.5154627535577,0 79.3114566384853,24.5154649241285,0 79.3114408720425,24.5154677348593,0 79.3114405104491,24.5154664224231,0 79.3114397476254,24.5154641610965,0 79.3114388563206,24.5154619394538,0 79.3114378389844,24.5154597636008,0 79.311436698413,24.5154576395178,0 79.3114354377409,24.5154555730426,0 79.3114340604332,24.5154535698546,0 79.311432570275,24.5154516354594,0 79.3114309713621,24.5154497751735,0 79.3114292680889,24.5154479941097,0 79.3114274651366,24.515446297163,0 79.3114255674605,24.5154446889974,0 79.3114235802761,24.5154431740327,0 79.311421509045,24.5154417564326,0 79.3114193594597,24.5154404400933,0 79.3114171374283,24.5154392286326,0 79.3114148490577,24.51543812538,0 79.3114125006372,24.5154371333678,0 79.3114100986213,24.5154362553223,0 79.3114076496116,24.5154354936568,0 79.311405160339,24.5154348504647,0 79.311402637645,24.5154343275136,0 79.3114000884629,24.5154339262409,0 79.311397519799,24.5154336477495,0 79.3113949387128,24.5154334928046,0 79.3113923522984,24.5154334618323,0 79.311389767664,24.5154335549175,0 79.3113871919134,24.5154337718045,0 79.3113846321257,24.5154341118972,0 79.3113820953362,24.5154345742608,0 79.3113795885171,24.5154351576246,0 79.3113771185581,24.5154358603853,0 79.3113746922475,24.5154366806115,0 79.3113723162538,24.5154376160488,0 79.3113699971073,24.5154386641262,0 79.3113677411818,24.5154398219632,0 79.3113655546775,24.5154410863778,0 79.3113634436038,24.5154424538946,0 79.3113614137628,24.5154439207553,0 79.3113594707333,24.5154454829283,0 79.3113253707355,24.5154743829209,0 79.3113235044944,24.5154760505791,0 79.3113217371989,24.515477806152,0 79.311321108573,24.5154785009772,0 79.3113205990407,24.515478106327,0 79.3113039990419,24.5154659063304,0 79.3113021605071,24.5154646265325,0 79.3113018465701,24.5154639651084,0 79.3112946278721,24.5154224136702,0 79.3112941526437,24.515420076852,0 79.3112935436358,24.5154177661594,0 79.3112928025372,24.5154154879986,0 79.3112919314023,24.5154132486858,0 79.3112909326464,24.5154110544294,0 79.3112898090386,24.5154089113129,0 79.3112885636941,24.5154068252781,0 79.3112872000655,24.5154048021085,0 79.3112857219334,24.5154028474132,0 79.311284133396,24.5154009666116,0 79.3112824388575,24.5153991649182,0 79.3112806430158,24.5153974473282,0 79.31127875085,24.5153958186034,0 79.3112767676061,24.5153942832595,0 79.3112746987825,24.5153928455532,0 79.3112725501149,24.5153915094705,0 79.3112703275607,24.5153902787157,0 79.3112680372816,24.515389156701,0 79.3112656856274,24.5153881465372,0 79.3112632791181,24.5153872510248,0 79.3112608244256,24.5153864726468,0 79.3112583283556,24.5153858135611,0 79.3112557978283,24.515385275595,0 79.3112532398595,24.5153848602401,0 79.3112506615411,24.5153845686478,0 79.3112480700215,24.5153844016266,0 79.3112454724855,24.5153843596396,0 79.3112428761348,24.5153844428032,0 79.3112402881678,24.5153846508868,0 79.3112377157593,24.5153849833136,0 79.3112351660415,24.5153854391618,0 79.3112326460834,24.5153860171676,0 79.3112324679151,24.5153860672887,0 79.3112326499478,24.515385157963,0 79.3112329833082,24.515382794843,0 79.3112331799218,24.5153804189217,0 79.3112332392405,24.5153780368185,0 79.3112331610993,24.5153756551699,0 79.3112329457157,24.5153732806113,0 79.31123259369,24.5153709197582,0 79.3112321060027,24.515368579188,0 79.3112314840128,24.5153662654216,0 79.3112307294529,24.5153639849052,0 79.3112298444254,24.5153617439923,0 79.311228831396,24.5153595489261,0 79.3112276931869,24.5153574058222,0 79.3112264329693,24.5153553206512,0 79.3112250542542,24.5153532992225,0 79.3112235608827,24.5153513471678,0 79.3112219570153,24.5153494699256,0 79.3112072570132,24.5153331699292,0 79.3112058431772,24.5153316704574,0 79.3112043588225,24.5153302291616,0 79.3112028068056,24.5153288488155,0 79.3111813068057,24.5153105488202,0 79.3111793280506,24.5153089527015,0 79.3111772588847,24.5153074556242,0 79.3111751052228,24.5153060618681,0 79.3111728732214,24.5153047754172,0 79.3111705692607,24.5153035999488,0 79.3111681999268,24.5153025388233,0 79.3111657719926,24.5153015950737,0 79.3111632923984,24.5153007713981,0 79.3111607682324,24.5153000701507,0 79.31115820671,24.5152994933363,0 79.3111051589509,24.5152889153644,0 79.3110881981192,24.5152733887233,0 79.3110863264378,24.515271762684,0 79.3110843643789,24.5152702284202,0 79.3110823173119,24.5152687901305,0 79.3110801908384,24.5152674517508,0 79.3110779907777,24.5152662169436,0 79.3110757231503,24.5152650890879,0 79.3110733941615,24.5152640712702,0 79.3110710101847,24.5152631662757,0 79.3110685777437,24.5152623765809,0 79.3110661034948,24.515261704347,0 79.311063594209,24.5152611514133,0 79.3110610567529,24.5152607192931,0 79.3110584980703,24.5152604091689,0 79.3110559251631,24.5152602218893,0 79.3110533450721,24.5152601579669,0 79.3110507648578,24.5152602175764,0 79.3110481915809,24.5152604005549,0 79.3110456322833,24.5152607064016,0 79.3110430939686,24.5152611342795,0 79.3110405835828,24.5152616830178,0 79.3110381079957,24.5152623511148,0 79.3110356739819,24.5152631367422,0 79.3110332882019,24.5152640377502,0 79.3110309571846,24.5152650516731,0 79.3110286873088,24.5152661757364,0 79.3110264847861,24.515267406864,0 79.3110243556436,24.5152687416869,0 79.3110223057079,24.5152701765523,0 79.3110203405887,24.5152717075337,0 79.3110184656635,24.5152733304416,0 79.311016686063,24.5152750408348,0 79.3110150066573,24.5152768340328,0 79.311013432042,24.5152787051284,0 79.3110119665261,24.5152806490015,0 79.3110106141201,24.5152826603325,0 79.3110093785247,24.5152847336175,0 79.3110082631213,24.5152868631828,0 79.3110072709621,24.5152890432008,0 79.3110071250208,24.5152894179956,0 79.3109806090887,24.5152931954045,0 79.3109780484665,24.5152936237679,0 79.3109755161005,24.5152941750934,0 79.3109730190394,24.5152948478464,0 79.3109705642337,24.5152956401545,0 79.3109681585161,24.5152965498122,0 79.310965808583,24.5152975742876,0 79.3109635209751,24.5152987107291,0 79.3109613020599,24.5152999559735,0 79.3109591580136,24.5153013065547,0 79.310957094804,24.5153027587134,0 79.3109557312176,24.5153038277765,0 79.3109543491661,24.5153028453279,0 79.3109522455087,24.515301504238,0 79.3109500685466,24.515300264943,0 79.3109478241586,24.5152991307897,0 79.3109455184055,24.5152981048407,0 79.3109431575139,24.5152971898666,0 79.3109407478592,24.5152963883381,0 79.3109382959484,24.5152957024198,0 79.3109358084029,24.5152951339639,0 79.31093329194,24.5152946845056,0 79.3109307533553,24.5152943552584,0 79.3109281995041,24.5152941471116,0 79.3109256372829,24.5152940606273,0 79.3109230736109,24.5152940960389,0 79.310920515411,24.5152942532509,0 79.3109179695914,24.5152945318386,0 79.3109154430271,24.5152949310499,0 79.3109129425407,24.5152954498067,0 79.3109104748848,24.515296086708,0 79.3109080467231,24.515296840034,0 79.3109056646126,24.5152977077504,0 79.3109033349861,24.5152986875139,0 79.3109010641345,24.5152997766788,0 79.3108988581903,24.5153009723039,0 79.3108967231103,24.5153022711604,0 79.3108946646603,24.5153036697408,0 79.3108926883989,24.5153051642685,0 79.3108907996629,24.5153067507075,0 79.3108890035528,24.5153084247737,0 79.3108882449112,24.5153092095598,0 79.3107666353057,24.5153077535862,0 79.3107662299924,24.5153059686699,0 79.3107655763679,24.5153036929675,0 79.310764794028,24.5153014515167,0 79.3107638850983,24.5152992504074,0 79.3107628520482,24.5152970956195,0 79.3107616976844,24.5152949930075,0 79.3107604251431,24.5152929482838,0 79.3107590378817,24.5152909670036,0 79.3107575396692,24.5152890545499,0 79.310755934576,24.5152872161185,0 79.310754226963,24.5152854567042,0 79.3107524214695,24.5152837810871,0 79.3107505230008,24.5152821938197,0 79.3107485367149,24.5152806992142,0 79.3107464680081,24.5152793013314,0 79.310744322501,24.5152780039691,0 79.3107421060224,24.5152768106521,0 79.3107398245944,24.5152757246225,0 79.3107374844153,24.5152747488309,0 79.310735091843,24.5152738859282,0 79.3107326533778,24.5152731382591,0 79.3107301756447,24.5152725078547,0 79.3107052756525,24.5152668078571,0 79.3107027531769,24.5152662942482,0 79.3107002047692,24.5152659021789,0 79.3106976374205,24.5152656327246,0 79.3106950581733,24.5152654866247,0 79.3106924741031,24.5152654642798,0 79.310690621586,24.5152655370884,0 79.3106791547129,24.5152508235762,0 79.310668472286,24.5152351603947,0 79.3106706087326,24.5152357188786,0 79.3106731604628,24.5152362538007,0 79.3106757396112,24.5152366641417,0 79.3106783389172,24.5152369487466,0 79.3106809510634,24.515237106814,0 79.3106835686961,24.5152371378991,0 79.3106861844463,24.5152370419143,0 79.3106887909503,24.5152368191298,0 79.3106913808704,24.5152364701729,0 79.3106939469156,24.5152359960257,0 79.3106964818621,24.5152353980233,0 79.3106989785736,24.5152346778489,0 79.3107014300214,24.5152338375302,0 79.3107038293045,24.5152328794325,0 79.3107192293087,24.5152262794306,0 79.3107215227191,24.5152252291974,0 79.3107237533849,24.5152240713512,0 79.3107259152791,24.5152228090202,0 79.3107280025604,24.5152214456152,0 79.3107300095895,24.5152199848198,0 79.3107319309435,24.515218430581,0 79.3107337614313,24.515216787098,0 79.3107354961071,24.5152150588114,0 79.310737130284,24.5152132503908,0 79.3107386595467,24.5152113667222,0 79.3107425881064,24.5152062553687,0 79.3107572968301,24.5151973647609,0 79.3107594322305,24.5151959985805,0 79.3107614858218,24.5151945311617,0 79.3107634518765,24.515192966597,0 79.3107653249111,24.5151913092502,0 79.3107670997017,24.5151895637436,0 79.3107687712982,24.5151877349456,0 79.3107690933061,24.5151873422555,0 79.3107689588319,24.5151882434737,0 79.3107687454959,24.5151905517252,0 79.3107686618611,24.5151928669504,0 79.3107687081477,24.5151951830527,0 79.310768884234,24.515197493933,0 79.3107691896561,24.5151997935062,0 79.3107696236099,24.5152020757168,0 79.3107744236017,24.5152239757179,0 79.3107749919174,24.5152262595916,0 79.3107756889483,24.5152285134199,0 79.3107765128178,24.5152307311349,0 79.3107774613078,24.5152329067657,0 79.3107785318647,24.5152350344548,0 79.3107797216061,24.5152371084738,0 79.3107810273288,24.5152391232387,0 79.3107824455176,24.515241073325,0 79.310783972354,24.5152429534826,0 79.3107856037274,24.5152447586493,0 79.3107873352455,24.5152464839651,0 79.3107891622467,24.5152481247849,0 79.3107910798118,24.515249676691,0 79.3107930827783,24.5152511355051,0 79.3107951657535,24.5152524972998,0 79.3107973231293,24.5152537584084,0 79.3107995490974,24.5152549154358,0 79.3108018376646,24.5152559652669,0 79.3108041826695,24.515256905075,0 79.3108065777985,24.51525773233,0 79.310809016603,24.5152584448046,0 79.310811492517,24.5152590405805,0 79.3108139988746,24.5152595180538,0 79.3108165289278,24.515259875939,0 79.3108190758648,24.5152601132724,0 79.3108216328284,24.5152602294152,0 79.3108241929344,24.5152602240545,0 79.3108267492902,24.5152600972049,0 79.3108292950132,24.5152598492079,0 79.3108318232494,24.5152594807311,0 79.3108343271921,24.5152589927666,0 79.3108368000997,24.5152583866282,0 79.3108374372609,24.5152581975427,0 79.3108394299229,24.5152586699905,0 79.3108418642397,24.5152591288545,0 79.3108443207242,24.5152594749771,0 79.3108467931429,24.51525970748,0 79.3108492752217,24.5152598257731,0 79.3108517606622,24.5152598295563,0 79.3108542431575,24.5152597188199,0 79.3108852431686,24.5152576188198,0 79.3108879174658,24.5152573704807,0 79.310890573012,24.5152569892577,0 79.3108932019253,24.5152564762821,0 79.3108957964028,24.5152558330768,0 79.3108983487436,24.5152550615506,0 79.3109008513722,24.5152541639936,0 79.3109032968604,24.5152531430699,0 79.3109056779499,24.5152520018097,0 79.3109079875731,24.5152507436004,0 79.3109102188749,24.5152493721764,0 79.3109123652326,24.5152478916085,0 79.3109641652392,24.5152100915983,0 79.3109661615301,24.5152085540902,0 79.3109680661845,24.5152069221694,0 79.310969873875,24.5152052004004,0 79.3109715795452,24.5152033935993,0 79.3109731784243,24.5152015068197,0 79.3109746660402,24.5151995453391,0 79.3109760382317,24.515197514644,0 79.3109772911609,24.5151954204144,0 79.3109784213232,24.5151932685079,0 79.3109794255574,24.5151910649436,0 79.3109803010547,24.515188815885,0 79.3109810453661,24.5151865276231,0 79.31098165641,24.515184206558,0 79.3109821324769,24.5151818591822,0 79.3109824722356,24.5151794920613,0 79.3109826747354,24.5151771118164,0 79.3109827394102,24.5151747251052,0 79.3109826660789,24.5151723386036,0 79.3109824549468,24.5151699589866,0 79.3109821066043,24.5151675929103,0 79.3109816220259,24.5151652469929,0 79.3109810025669,24.5151629277959,0 79.31098024996,24.5151606418063,0 79.3109793663103,24.5151583954184,0 79.3109783540895,24.5151561949152,0 79.3109772161287,24.5151540464519,0 79.3109759556111,24.5151519560378,0 79.3109740769384,24.5151490264268,0 79.3109741845747,24.5151487949999,0 79.3109750613862,24.5151466011936,0 79.3109758129914,24.5151443688273,0 79.3109764373776,24.5151421038783,0 79.310976766904,24.5151405799517,0 79.3109783643044,24.5151405033845,0 79.3109809215419,24.515140258086,0 79.3109834613396,24.5151398912325,0 79.3109859767998,24.5151394038205,0 79.3109884610912,24.5151387971735,0 79.3109909074667,24.5151380729391,0 79.3109933092824,24.5151372330843,0 79.3109956600155,24.5151362798899,0 79.3109979532817,24.5151352159447,0 79.311000182853,24.5151340441381,0 79.3110023426742,24.5151327676525,0 79.3110044268797,24.5151313899547,0 79.3110064298091,24.5151299147862,0 79.3110178692879,24.5151210303172,0 79.3110183991043,24.5151208489827,0 79.3110193737071,24.5151204606967,0 79.3110288579594,24.5151251719619,0 79.3110311455794,24.515126238773,0 79.3110334907605,24.5151271952557,0 79.3110358871515,24.5151280388196,0 79.3110383282625,24.5151287671802,0 79.3110408074825,24.5151293783649,0 79.3110433180973,24.5151298707186,0 79.3110458533077,24.5151302429078,0 79.3110484062478,24.5151304939246,0 79.3110509700037,24.5151306230892,0 79.3110535376324,24.5151306300518,0 79.3110561021802,24.5151305147935,0 79.3110586567017,24.5151302776264,0 79.3110611942788,24.5151299191929,0 79.3110637080394,24.5151294404637,0 79.3110661911756,24.5151288427352,0 79.3110686369626,24.5151281276262,0 79.3110710387767,24.5151272970735,0 79.3110733901134,24.5151263533262,0 79.3110756846049,24.5151252989402,0 79.3110761903234,24.5151250355531,0 79.3110772002898,24.5151264513843,0 79.3110787198533,24.515128356263,0 79.3110803460724,24.5151301859366,0 79.3110820745089,24.5151319354116,0 79.3110839004457,24.5151335999134,0 79.3110858188994,24.5151351748994,0 79.3110878246344,24.5151366560712,0 79.3110899121767,24.5151380393864,0 79.311092075829,24.5151393210697,0 79.3110943096865,24.5151404976234,0 79.3110966076526,24.5151415658363,0 79.3110989634559,24.5151425227931,0 79.3111013706669,24.5151433658822,0 79.3111038227161,24.5151440928027,0 79.3111063129113,24.5151447015707,0 79.3111088344567,24.5151451905247,0 79.3111113804703,24.5151455583303,0 79.3111139440038,24.5151458039838,0 79.3111165180609,24.5151459268146,0 79.3111190956166,24.5151459264877,0 79.3111216696364,24.5151458030038,0 79.3111242330953,24.5151455567,0 79.3111267789974,24.5151451882484,0 79.3111293003944,24.5151446986547,0 79.3111317904052,24.515144089255,0 79.3111342422339,24.5151433617125,0 79.3111366491894,24.5151425180127,0 79.3111390047026,24.5151415604582,0 79.3111413023449,24.5151404916624,0 79.3111435358458,24.515139314542,0 79.3111456991097,24.5151380323097,0 79.3111477862327,24.5151366484649,0 79.3111497915187,24.5151351667843,0 79.3111509287867,24.5151342326046,0 79.3111534935463,24.515134007751,0 79.3111560548491,24.5151336583183,0 79.3111585925854,24.5151331864136,0 79.3111610997643,24.515132593337,0 79.311163569479,24.5151318807221,0 79.3111659949262,24.5151310505321,0 79.3111683694243,24.5151301050539,0 79.3111706864321,24.5151290468921,0 79.3111729395668,24.5151278789617,0 79.3111751226215,24.5151266044801,0 79.3111772295826,24.5151252269581,0 79.3111792546457,24.5151237501905,0 79.3111811922324,24.5151221782454,0 79.311183037005,24.5151205154532,0 79.3111847838816,24.5151187663945,0 79.3111864280501,24.5151169358874,0 79.3111879649811,24.5151150289747,0 79.3111893904408,24.5151130509094,0 79.3111907005024,24.5151110071405,0 79.3111918915569,24.5151089032983,0 79.3111929603233,24.5151067451782,0 79.3111939038574,24.5151045387254,0 79.3111947195601,24.5151022900181,0 79.3111954051842,24.515100005251,0 79.311195958841,24.5150976907181,0 79.3111963790054,24.5150953527952,0 79.3111966645198,24.515092997923,0 79.3111968145979,24.5150906325884,0 79.3111968288261,24.5150882633073,0 79.3111967071653,24.5150858966067,0 79.3111964499506,24.5150835390061,0 79.3111960578907,24.5150811970002,0 79.3111955320654,24.5150788770407,0 79.3111948739235,24.5150765855185,0 79.3111940852778,24.5150743287461,0 79.311193168301,24.5150721129405,0 79.3111813682925,24.5150457129436,0 79.3111803129384,24.515043519837,0 79.3111791318756,24.5150413810572,0 79.3111778284323,24.515039302631,0 79.3111764062811,24.5150372904148,0 79.3111748694295,24.5150353500785,0 79.3111747744003,24.5150352426016,0 79.3111749358703,24.5150344961707,0 79.3111753053173,24.515032144527,0 79.3111755390252,24.5150297783566,0 79.3111756363467,24.5150274042134,0 79.3111755970122,24.5150250286737,0 79.3111754211307,24.5150226583174,0 79.3111751091894,24.51502029971,0 79.3111750847391,24.5150201717369,0 79.3111954758699,24.5150271678575,0 79.3111979115436,24.5150279377706,0 79.3112003878308,24.5150285902829,0 79.3112028979767,24.5150291236144,0 79.3112054351339,24.5150295363103,0 79.3112079923813,24.5150298272449,0 79.3112105627433,24.5150299956245,0 79.3112131392082,24.5150300409898,0 79.3112157147478,24.515029963217,0 79.3112182823363,24.5150297625183,0 79.3112208349699,24.5150294394412,0 79.3112233656852,24.515028994867,0 79.3112258675788,24.5150284300084,0 79.311228333826,24.5150277464062,0 79.3112307576991,24.5150269459253,0 79.3112331325862,24.5150260307492,0 79.311235452009,24.5150250033744,0 79.3112377096403,24.5150238666034,0 79.3112398993216,24.5150226235372,0 79.31124201508,24.5150212775667,0 79.3112440511438,24.5150198323635,0 79.311246001959,24.5150182918699,0 79.311247862204,24.5150166602882,0 79.3112496268044,24.515014942069,0 79.3112512909466,24.5150131418994,0 79.3112528500911,24.51501126469,0 79.3112542999847,24.5150093155617,0 79.3112556366723,24.5150072998312,0 79.3112568565077,24.5150052229973,0 79.3112579561633,24.5150030907252,0 79.3112589326395,24.5150009088315,0 79.3112597832725,24.5149986832681,0 79.311260505742,24.5149964201059,0 79.3112610980772,24.5149941255186,0 79.3112615586622,24.5149918057655,0 79.3112618862408,24.5149894671744,0 79.3112620799192,24.5149871161248,0 79.3112621391692,24.5149847590299,0 79.3112620638292,24.5149824023196,0 79.3112618541046,24.5149800524226,0 79.3112615105677,24.5149777157492,0 79.3112610341554,24.5149753986733,0 79.3112604261675,24.5149731075157,0 79.3112596882624,24.5149708485263,0 79.311258822453,24.5149686278672,0 79.3112578311011,24.5149664515962,0 79.311256716911,24.5149643256497,0 79.3112554829221,24.5149622558271,0 79.3112541325005,24.5149602477744,0 79.3112526693299,24.5149583069695,0 79.3112517913294,24.5149572634511,0 79.3112505139298,24.5149498664335,0 79.3112825292807,24.5149368551315,0 79.3112847520056,24.5149358903942,0 79.3112869194075,24.5149348254869,0 79.3112890260978,24.5149336630571,0 79.3112910668387,24.5149324059949,0 79.3112930365568,24.5149310574255,0 79.3112949303547,24.5149296207018,0 79.3112967435242,24.5149280993958,0 79.3112984715573,24.5149264972897,0 79.3113001101578,24.5149248183667,0 79.3113016552519,24.514923066801,0 79.3113585552451,24.514855166786,0 79.3113601544726,24.5148531450091,0 79.3113616291353,24.5148510454605,0 79.3113629747262,24.5148488745573,0 79.3113641871324,24.5148466389348,0 79.3113652626482,24.5148443454262,0 79.3113661979864,24.5148420010413,0 79.3113964979603,24.5147590010306,0 79.311397245326,24.5147567621945,0 79.3113978648355,24.5147544909215,0 79.3113983548227,24.5147521933193,0 79.3113987139701,24.5147498755664,0 79.3113989413119,24.5147475438958,0 79.3113990362367,24.5147452045775,0 79.3113989984892,24.5147428639024,0 79.311398828171,24.5147405281648,0 79.3113985257401,24.514738203646,0 79.3113980920098,24.5147358965967,0 79.3113975281464,24.5147336132211,0 79.3113968356663,24.5147313596595,0 79.3113960164316,24.514729141972,0 79.3113950726454,24.5147269661222,0 79.3113940068457,24.5147248379614,0 79.3113928218986,24.5147227632126,0 79.3113915209905,24.5147207474549,0 79.3113901076199,24.514718796109,0 79.3113885855874,24.5147169144225,0 79.311386958986,24.5147151074553,0 79.31138523219,24.5147133800668,0 79.3113834098428,24.5147117369021,0 79.3113814968451,24.5147101823799,0 79.3113794983412,24.5147087206805,0 79.3113774197053,24.5147073557346,0 79.3113752665272,24.5147060912129,0 79.3113730445971,24.5147049305157,0 79.3113707598901,24.5147038767643,0 79.31136841855,24.5147029327925,0 79.3113660268732,24.5147021011386,0 79.311363591291,24.5147013840392,0 79.3113611183533,24.5147007834227,0 79.3113586147099,24.514700300904,0 79.3113560870937,24.5146999377809,0 79.3113535423017,24.5146996950298,0 79.3113509871772,24.5146995733035,0 79.3113484285913,24.5146995729293,0 79.3113458734244,24.5146996939083,0 79.3113433285477,24.5146999359151,0 79.3113408008047,24.5147002982989,0 79.311338296993,24.5147007800852,0 79.3113358238455,24.5147013799784,0 79.311333388013,24.5147020963654,0 79.3113309960457,24.5147029273197,0 79.311328654376,24.5147038706066,0 79.3113263693009,24.5147049236896,0 79.3113241469654,24.5147060837369,0 79.3113219933457,24.5147073476288,0 79.311319914233,24.5147087119665,0 79.3113179152185,24.5147101730812,0 79.3113160016778,24.5147117270438,0 79.311263401681,24.5147567270323,0 79.3112615952773,24.5147583539933,0 79.3112598825837,24.514760063688,0 79.3112582681208,24.5147618516041,0 79.3112567561497,24.5147637130226,0 79.3112553506611,24.5147656430304,0 79.3112540553645,24.5147676365335,0 79.3112528736789,24.5147696882704,0 79.3112518087229,24.5147717928258,0 79.3112508633076,24.5147739446449,0 79.3112500399282,24.5147761380483,0 79.3112493407579,24.5147783672468,0 79.3112487676421,24.5147806263567,0 79.3112483220935,24.5147829094154,0 79.311248005288,24.514785210397,0 79.3112463380101,24.5148004723499,0 79.3112256343595,24.5148372788189,0 79.3112234499862,24.5148386722281,0 79.3112219375307,24.5148369284358,0 79.311220238616,24.5148351663515,0 79.3112184417903,24.5148334875344,0 79.3112165519219,24.5148318965329,0 79.3112145741309,24.5148303976577,0 79.3112125137759,24.5148289949697,0 79.311210376439,24.5148276922691,0 79.3112081679109,24.5148264930854,0 79.3112058941752,24.5148254006675,0 79.3112035613922,24.5148244179753,0 79.3112011758822,24.514823547671,0 79.3111987441082,24.5148227921126,0 79.3111962726587,24.5148221533472,0 79.3111937682296,24.5148216331054,0 79.3111912376063,24.5148212327966,0 79.3111886876449,24.5148209535055,0 79.3111861252542,24.5148207959888,0 79.3111835573764,24.5148207606731,0 79.3111809909687,24.5148208476542,0 79.3111784329844,24.5148210566964,0 79.3111758903538,24.5148213872333,0 79.3111733699658,24.5148218383695,0 79.3111708786488,24.5148224088826,0 79.3111684231527,24.514823097227,0 79.31116601013,24.5148239015377,0 79.3111636461185,24.5148248196355,0 79.3111613375231,24.5148258490332,0 79.3111590905984,24.5148269869416,0 79.3111569114321,24.5148282302778,0 79.3111548059282,24.5148295756733,0 79.3111527797913,24.514831019483,0 79.3111508385106,24.514832557795,0 79.3111489873459,24.5148341864417,0 79.3111472313125,24.5148359010106,0 79.311145575168,24.5148376968562,0 79.3111440233995,24.5148395691131,0 79.3111430102628,24.5148409335421,0 79.3111218824463,24.5148489404154,0 79.3111048701117,24.5148521251269,0 79.3111032166186,24.5148482141726,0 79.3111022187988,24.5148460265743,0 79.3111010968444,24.5148438899146,0 79.3110998538491,24.5148418100851,0 79.3110984932402,24.5148397928207,0 79.3110970187695,24.5148378436837,0 79.3110954345028,24.5148359680488,0 79.3110937448085,24.5148341710879,0 79.3110919543457,24.5148324577557,0 79.3110900680515,24.5148308327767,0 79.311088091127,24.5148293006316,0 79.3110860290236,24.5148278655451,0 79.3110838874272,24.5148265314744,0 79.311081672243,24.5148253020978,0 79.3110793895792,24.5148241808054,0 79.31107704573,24.514823170689,0 79.3110746471583,24.5148222745339,0 79.311072200478,24.5148214948111,0 79.3110697124354,24.5148208336706,0 79.3110671898911,24.5148202929355,0 79.3110646398007,24.5148198740967,0 79.3110620691959,24.5148195783092,0 79.3110594851648,24.5148194063886,0 79.3110568948326,24.5148193588089,0 79.3110543053419,24.5148194357013,0 79.3110517238329,24.5148196368539,0 79.3110491574238,24.5148199617119,0 79.3110466131913,24.5148204093795,0 79.3110440981508,24.5148209786225,0 79.3110416192373,24.5148216678711,0 79.311039183286,24.5148224752248,0 79.311036797014,24.5148233984575,0 79.311034467001,24.5148244350234,0 79.3110321996718,24.5148255820642,0 79.3110300012785,24.5148268364173,0 79.3110278778827,24.5148281946237,0 79.3109981040461,24.514848324207,0 79.3109971487049,24.5148476134477,0 79.3109970058857,24.5148472546488,0 79.3109960036274,24.5148450934066,0 79.3109948799139,24.5148429827618,0 79.3109936377847,24.5148409284236,0 79.3109922805995,24.5148389359483,0 79.3109908120291,24.5148370107253,0 79.3109892360458,24.5148351579618,0 79.3109875569122,24.5148333826692,0 79.3109857791702,24.5148316896494,0 79.3109839076281,24.5148300834815,0 79.3109819473481,24.5148285685101,0 79.3109799036323,24.5148271488326,0 79.3109777820086,24.5148258282891,0 79.3109755882155,24.5148246104514,0 79.3109733281868,24.5148234986135,0 79.3109710080354,24.5148224957826,0 79.3109686340369,24.5148216046713,0 79.3109672160001,24.5148211496546,0 79.3109557303574,24.5147940394196,0 79.3109554762481,24.5147921336053,0 79.3109550953392,24.5147897902043,0 79.310954580578,24.5147874683149,0 79.3109539333825,24.5147851743324,0 79.3109531555352,24.5147829145756,0 79.3109522491787,24.5147806952687,0 79.3109512168096,24.5147785225247,0 79.3109500612713,24.5147764023282,0 79.3109487857467,24.5147743405191,0 79.3109473937493,24.5147723427766,0 79.310945889113,24.5147704146032,0 79.3109442759825,24.51476856131,0 79.3109425588008,24.5147667880017,0 79.3109407422979,24.5147650995629,0 79.3109388314771,24.5147635006441,0 79.3109368316018,24.5147619956494,0 79.3109347481804,24.5147605887243,0 79.3109325869515,24.514759283744,0 79.310930353868,24.514758084303,0 79.310928055081,24.514756993705,0 79.3109256969221,24.5147560149541,0 79.3109232858867,24.5147551507461,0 79.3109208286159,24.5147544034614,0 79.310918331878,24.5147537751584,0 79.3109158025501,24.5147532675676,0 79.3109132475991,24.5147528820872,0 79.3109106740623,24.514752619779,0 79.3109080890284,24.5147524813655,0 79.3109054996176,24.5147524672278,0 79.3109029129623,24.5147525774051,0 79.3109003361873,24.5147528115937,0 79.31089777639,24.5147531691486,0 79.3108952406212,24.514753649085,0 79.3108951273565,24.514753676262,0 79.3108927158229,24.5147534662604,0 79.3108901916955,24.5147533653211,0 79.31088766523,24.5147533827338,0 79.3108851430511,24.5147535184528,0 79.3108826317726,24.5147537721222,0 79.3108801379794,24.5147541430768,0 79.3108776682109,24.514754630344,0 79.3108752289431,24.514755232646,0 79.3108728265724,24.5147559484034,0 79.310865872188,24.5147582021393,0 79.3108557793799,24.514759838811,0 79.310856705942,24.514757875527,0 79.3108602059396,24.5147498755258,0 79.3108610944121,24.5147476815683,0 79.3108618574473,24.5147454484397,0 79.3108624929955,24.514743182139,0 79.3108629993494,24.5147408887542,0 79.3108633751489,24.5147385744462,0 79.3108636193843,24.514736245432,0 79.3108637313996,24.5147339079681,0 79.3108637108938,24.5147315683337,0 79.3108635579221,24.514729232814,0 79.3108632728955,24.5147269076828,0 79.3108628565795,24.5147245991863,0 79.3108623100926,24.514722313526,0 79.3108616349028,24.5147200568419,0 79.310860832824,24.5147178351961,0 79.3108599060108,24.5147156545569,0 79.3108588569528,24.514713520782,0 79.3108576884684,24.5147114396037,0 79.3108564036964,24.5147094166126,0 79.3108550060881,24.5147074572432,0 79.310853499398,24.5147055667591,0 79.3108518876737,24.5147037502386,0 79.3108501752447,24.5147020125617,0 79.3108483667112,24.5147003583962,0 79.3108425030795,24.5146952662967,0 79.3108313201423,24.5146623139426,0 79.310830509178,24.5146601240021,0 79.3108295767174,24.5146579749267,0 79.3108285252068,24.5146558723547,0 79.310827357405,24.5146538218023,0 79.3108260763759,24.5146518286495,0 79.3108246854803,24.5146498981253,0 79.3108231883673,24.5146480352947,0 79.3108215889649,24.514646245045,0 79.3108198914691,24.5146445320731,0 79.3107895906877,24.5146154859967,0 79.3107892545882,24.5146134812005,0 79.3107887247702,24.5146111493921,0 79.3107881330042,24.5146090953727,0 79.3107882788628,24.51460733278,0 79.3107883390724,24.5146049784225,0 79.3107882650021,24.5146026243959,0 79.3107880568535,24.5146002771069,0 79.3107877151932,24.5145979429437,0 79.3107872409509,24.514595628259,0 79.3107866354174,24.5145933393524,0 79.3107859002406,24.5145910824533,0 79.3107850374215,24.5145888637039,0 79.3107840493082,24.5145866891428,0 79.3107829385901,24.5145845646882,0 79.3107817082899,24.514582496122,0 79.310780361756,24.5145804890738,0 79.3107789026532,24.5145785490061,0 79.3107773349525,24.5145766811989,0 79.3107756629205,24.5145748907355,0 79.3107738911077,24.5145731824888,0 79.3107720243363,24.5145715611079,0 79.3107700676869,24.5145700310056,0 79.3107680264846,24.5145685963461,0 79.3107659062846,24.5145672610339,0 79.3107637128573,24.5145660287031,0 79.3107614521723,24.5145649027078,0 79.310759130382,24.5145638861122,0 79.3107567538056,24.5145629816832,0 79.3107543289109,24.5145621918823,0 79.3107518622975,24.5145615188588,0 79.3107493606785,24.5145609644446,0 79.3107468308621,24.5145605301485,0 79.3107442797335,24.5145602171524,0 79.3107417142358,24.5145600263083,0 79.3107391413511,24.5145599581354,0 79.3107365680817,24.5145600128193,0 79.3107340014309,24.5145601902112,0 79.3107314483841,24.5145604898284,0 79.3107289158896,24.5145609108553,0 79.3107264108397,24.5145614521461,0 79.310723940052,24.5145621122278,0 79.3107215102511,24.5145628893037,0 79.3107191280497,24.5145637812591,0 79.3107114280519,24.5145668812582,0 79.3107090979797,24.514567886566,0 79.3107068284346,24.5145690017762,0 79.3107046256038,24.5145702238485,0 79.3107024954926,24.5145715494514,0 79.3107004439082,24.5145729749709,0 79.3106984764436,24.5145744965209,0 79.3106965984625,24.5145761099533,0 79.3106948150846,24.5145778108694,0 79.3106931311718,24.5145795946325,0 79.3106915513147,24.5145814563794,0 79.3106900798204,24.5145833910347,0 79.3106887207005,24.5145853933243,0 79.3106874776601,24.5145874577893,0 79.3106863540881,24.5145895788018,0 79.3106853530476,24.5145917505794,0 79.3106844772676,24.5145939672014,0 79.3106837291356,24.5145962226249,0 79.3106831106912,24.514598510701,0 79.3106826236205,24.5146008251922,0 79.3106822692512,24.5146031597886,0 79.3106820485495,24.5146055081256,0 79.3106819621171,24.5146078638012,0 79.3106820101895,24.5146102203934,0 79.3106821926358,24.5146125714776,0 79.3106825089586,24.5146149106443,0 79.3106829582954,24.5146172315165,0 79.3106835394215,24.5146195277669,0 79.3106837757939,24.514620362024,0 79.3106834914364,24.5146221822366,0 79.3106832604689,24.5146245312859,0 79.3106831639128,24.514626888166,0 79.3106832020316,24.5146292464434,0 79.3106833747214,24.5146315996805,0 79.3106836815107,24.5146339414535,0 79.310684121562,24.51463626537,0 79.3106846936743,24.5146385650864,0 79.3106853962857,24.5146408343249,0 79.3106862274783,24.5146430668912,0 79.3106871849831,24.5146452566908,0 79.3106882661865,24.5146473977462,0 79.3107140382213,24.5146951176142,0 79.3107013075042,24.5147004357655,0 79.3106987740355,24.5147015753334,0 79.3106963159507,24.5147028456094,0 79.3106948815962,24.5147036893294,0 79.3106939964094,24.5147024944412,0 79.3106924220842,24.514700593777,0 79.3106907402483,24.514698771833,0 79.3106889555957,24.5146970336941,0 79.3106870731071,24.5146953842113,0 79.3106850980363,24.5146938279881,0 79.3106830358955,24.5146923693676,0 79.3106808924399,24.5146910124207,0 79.3106786736517,24.5146897609345,0 79.3106763857231,24.5146886184018,0 79.3106740350396,24.5146875880112,0 79.3106716281615,24.5146866726384,0 79.3106691718064,24.5146858748381,0 79.3106666728294,24.5146851968369,0 79.310664138205,24.5146846405269,0 79.310661575007,24.5146842074609,0 79.3106589903889,24.5146838988474,0 79.3106563915643,24.5146837155477,0 79.3106537857859,24.5146836580734,0 79.3106511803263,24.5146837265849,0 79.310648582457,24.514683920891,0 79.3106459994284,24.5146842404494,0 79.3106434384493,24.5146846843682,0 79.3106409066671,24.5146852514086,0 79.3106384111478,24.514685939988,0 79.310635958856,24.5146867481846,0 79.3106168771798,24.5146935630697,0 79.3106083213003,24.5146893177857,0 79.3106060193331,24.5146882459553,0 79.3106036592139,24.5146872858123,0 79.3106012474106,24.514686439988,0 79.3105987905328,24.5146857108004,0 79.3105962953136,24.5146851002479,0 79.3105937685913,24.5146846100037,0 79.3105912172904,24.5146842414113,0 79.3105886484028,24.514683995481,0 79.3105860689685,24.5146838728865,0 79.3105834860566,24.514683873964,0 79.3105809067456,24.5146839987104,0 79.3105783381042,24.5146842467839,0 79.3105757871716,24.5146846175047,0 79.310573260939,24.5146851098567,0 79.3105707663294,24.5146857224907,0 79.3105683101795,24.5146864537278,0 79.3105658992202,24.5146873015639,0 79.3105635400589,24.5146882636755,0 79.310561239161,24.5146893374261,0 79.310559002832,24.5146905198728,0 79.3105568372008,24.5146918077752,0 79.3105547482022,24.5146931976039,0 79.3105527415613,24.5146946855498,0 79.3105508227772,24.5146962675353,0 79.3105387251265,24.5147067795705,0 79.3105386813307,24.5147067165853,0 79.3105364813301,24.5147036165858,0 79.3105350057592,24.5147016528736,0 79.3105334189822,24.5146997631407,0 79.3105317254211,24.5146979526535,0 79.3105299297952,24.514696226457,0 79.3105280371085,24.5146945893619,0 79.3105260526354,24.5146930459302,0 79.3105239819061,24.514691600463,0 79.310523225414,24.5146911280194,0 79.3105253121286,24.5146903941252,0 79.3105276898988,24.5146894232214,0 79.3105300083751,24.5146883389003,0 79.3105322611001,24.5146871441819,0 79.3105344418001,24.5146858423935,0 79.3105365444014,24.5146844371607,0 79.3105385630482,24.5146829323972,0 79.3105404921185,24.5146813322939,0 79.3105423262395,24.5146796413072,0 79.3105440603033,24.5146778641466,0 79.3105456894802,24.5146760057617,0 79.3105472092328,24.5146740713282,0 79.3105486153286,24.5146720662336,0 79.3105499038515,24.5146699960623,0 79.3105510712129,24.5146678665799,0 79.3105521141615,24.5146656837171,0 79.3105530297926,24.5146634535534,0 79.3105538155563,24.5146611823,0 79.310554469264,24.5146588762824,0 79.3105549890952,24.5146565419232,0 79.3105553736021,24.5146541857236,0 79.3105556217138,24.5146518142459,0 79.3105556948237,24.5146502469252,0 79.3105893314455,24.5146232554197,0 79.3105908988039,24.5146230154266,0 79.3105933888159,24.5146225119315,0 79.3105958470689,24.5146218913999,0 79.310598266996,24.5146211554896,0 79.3106006421327,24.5146203061663,0 79.3106029661343,24.5146193456989,0 79.3106052327927,24.5146182766532,0 79.3106074360526,24.5146171018848,0 79.3106095700286,24.5146158245321,0 79.3106116290201,24.5146144480073,0 79.3106136075267,24.5146129759874,0 79.3106155002633,24.5146114124049,0 79.3106265300025,24.5146018159093,0 79.3106279929281,24.5146018406162,0 79.3106305982443,24.5146017586217,0 79.3106331951906,24.5146015508426,0 79.3106357765176,24.5146012178589,0 79.3106383350191,24.5146007606001,0 79.310640863553,24.5146001803429,0 79.3106433550607,24.5145994787069,0 79.3106458025868,24.5145986576509,0 79.3106481992991,24.5145977194669,0 79.3106505385067,24.5145966667739,0 79.3106528136798,24.5145955025106,0 79.3106550184669,24.5145942299272,0 79.3106571467132,24.514592852576,0 79.3106591924775,24.5145913743022,0 79.3106611500489,24.5145897992325,0 79.3106630139628,24.5145881317637,0 79.3106647790159,24.5145863765507,0 79.3106664402809,24.5145845384935,0 79.3106679931202,24.5145826227229,0 79.3106694331989,24.5145806345871,0 79.3106707564971,24.5145785796361,0 79.3106719593206,24.5145764636064,0 79.3106730383116,24.5145742924051,0 79.3106739904581,24.5145720720933,0 79.310674813102,24.5145698088692,0 79.310675503947,24.5145675090506,0 79.3106760610644,24.5145651790578,0 79.3106764828991,24.5145628253951,0 79.3106767682734,24.5145604546329,0 79.3106769163908,24.5145580733894,0 79.3106769268377,24.514555688312,0 79.310676799585,24.5145533060588,0 79.310676534988,24.5145509332801,0 79.3106761337852,24.5145485765996,0 79.3106755970968,24.5145462425962,0 79.3106736970941,24.5145389425967,0 79.3106730365383,24.5145366692432,0 79.3106722474463,24.5145344304584,0 79.3106713319609,24.5145322323215,0 79.3106702925679,24.5145300808013,0 79.3106691320897,24.5145279817397,0 79.3106678536773,24.5145259408367,0 79.3106664608023,24.5145239636339,0 79.3106649572467,24.5145220555003,0 79.3106633470932,24.5145202216171,0 79.3106616347141,24.514518466964,0 79.310659824759,24.5145167963055,0 79.3106579221426,24.514515214178,0 79.3106233221441,24.5144879141854,0 79.3106213379285,24.514486429067,0 79.3106192720815,24.5144850402473,0 79.3106171301801,24.5144837514756,0 79.3106149180066,24.5144825662311,0 79.3106126415331,24.5144814877135,0 79.3106103069053,24.5144805188345,0 79.3106079204257,24.5144796622096,0 79.3106054885372,24.5144789201515,0 79.3106030178048,24.5144782946634,0 79.3106005148986,24.514477787434,0 79.3105979865757,24.5144773998325,0 79.3105954396615,24.5144771329053,0 79.3105928810317,24.5144769873731,0 79.3105903175939,24.5144769636287,0 79.3105877562682,24.5144770617363,0 79.3105852039694,24.5144772814309,0 79.3105826675878,24.5144776221195,0 79.3105818150216,24.5144777574246,0 79.3105813348433,24.5144758819745,0 79.310580633346,24.5144736610304,0 79.3105798084949,24.514471475857,0 79.3105771084927,24.5144648758577,0 79.3105761425134,24.5144626902011,0 79.310575053133,24.5144605536671,0 79.3105738433229,24.5144584720832,0 79.310572516383,24.5144564511271,0 79.3105710759324,24.5144544963108,0 79.3105695259002,24.5144526129664,0 79.310567870514,24.5144508062307,0 79.3105661142891,24.5144490810316,0 79.3105642620157,24.5144474420748,0 79.3105623187458,24.5144458938305,0 79.3105602897799,24.5144444405217,0 79.310558180652,24.5144430861124,0 79.310555997115,24.5144418342966,0 79.3105537451244,24.5144406884889,0 79.3105514308227,24.5144396518145,0 79.3105490605223,24.5144387271008,0 79.3105466406883,24.5144379168703,0 79.3105441779209,24.5144372233327,0 79.3105416789373,24.5144366483797,0 79.3105391505537,24.5144361935795,0 79.3105365996664,24.5144358601727,0 79.3105340332329,24.5144356490686,0 79.3105314582535,24.514435560843,0 79.3105288817514,24.5144355957366,0 79.3105263107541,24.5144357536541,0 79.3105237522742,24.5144360341649,0 79.3105212132901,24.5144364365038,0 79.3105187007269,24.5144369595734,0 79.3105162214378,24.5144376019471,0 79.3105137821851,24.5144383618727,0 79.310511389622,24.5144392372775,0 79.3105090502743,24.5144402257738,0 79.3105067705228,24.5144413246655,0 79.3105045565855,24.5144425309552,0 79.310502414501,24.5144438413528,0 79.310500350112,24.514445252284,0 79.3104983690492,24.5144467599006,0 79.310496476716,24.5144483600903,0 79.310494678274,24.5144500484887,0 79.3104929786283,24.5144518204905,0 79.3104913824148,24.5144536712625,0 79.3104898939874,24.5144555957567,0 79.3104604939812,24.5144957957484,0 79.3104591367951,24.5144977589654,0 79.3104578917871,24.51449978346,0 79.3104567622539,24.5145018638715,0 79.3104557511867,24.5145039946907,0 79.3104548612626,24.5145061702754,0 79.3104540948384,24.5145083848646,0 79.3104534539433,24.5145106325939,0 79.3104529402746,24.5145129075114,0 79.3104525551925,24.5145152035932,0 79.3104522997166,24.5145175147591,0 79.3104521745235,24.5145198348891,0 79.3104521799447,24.5145221578396,0 79.3104523159658,24.5145244774594,0 79.3104525822267,24.514526787606,0 79.3104529780223,24.5145290821622,0 79.3104535023046,24.514531355052,0 79.3104541536852,24.5145336002568,0 79.3104549304394,24.5145358118312,0 79.3104558305101,24.5145379839189,0 79.3104568515142,24.5145401107683,0 79.3104579907478,24.5145421867474,0 79.3104592451944,24.514544206359,0 79.3104606115322,24.5145461642552,0 79.3104620861431,24.5145480552514,0 79.3104621529127,24.5145481321744,0 79.3104625224154,24.5145495778566,0 79.3104602930502,24.5145506680741,0 79.3104580473308,24.5145519110887,0 79.310455877036,24.5145532616084,0 79.3104476770374,24.5145586616069,0 79.3104456374873,24.5145600796887,0 79.31044368113,24.5145615927102,0 79.310441813239,24.5145631965929,0 79.3104400388495,24.5145648870135,0 79.3104383627445,24.5145666594152,0 79.3104367894421,24.5145685090204,0 79.3104353231833,24.5145704308432,0 79.3104339679205,24.5145724197033,0 79.310432727307,24.5145744702394,0 79.3104316046869,24.5145765769241,0 79.3104306030865,24.5145787340788,0 79.3104297252056,24.5145809358885,0 79.3104289734106,24.514583176418,0 79.3104283497281,24.5145854496279,0 79.3104278558392,24.5145877493904,0 79.3104276020764,24.5145893723727,0 79.3103819132946,24.5146115047221,0 79.3103796800675,24.5146126554496,0 79.3103775151666,24.5146139107299,0 79.3103754244339,24.5146152671755,0 79.3103734135112,24.5146167211261,0 79.3103714878251,24.5146182686582,0 79.310369652572,24.5146199055957,0 79.3103679127045,24.5146216275213,0 79.3103662729175,24.5146234297884,0 79.3103647376361,24.5146253075335,0 79.3103633110032,24.5146272556896,0 79.3103619968687,24.5146292689994,0 79.3103607987788,24.5146313420301,0 79.3103597199664,24.5146334691876,0 79.3103587633429,24.5146356447317,0 79.3103579314897,24.5146378627916,0 79.3103572266516,24.5146401173818,0 79.3103566507305,24.5146424024185,0 79.3103562052807,24.5146447117352,0 79.3103558915041,24.5146470391003,0 79.3103483914772,24.5147177390965,0 79.3103482110868,24.5147200606245,0 79.3103481617123,24.5147223875736,0 79.310348243485,24.5147247137582,0 79.3103484561876,24.5147270329951,0 79.3103487992547,24.5147293391196,0 79.3103492717743,24.5147316260017,0 79.3103498724905,24.5147338875624,0 79.3103505998064,24.5147361177904,0 79.3103514517889,24.5147383107574,0 79.3103524261732,24.5147404606343,0 79.3103535203693,24.5147425617063,0 79.3103547314687,24.5147446083887,0 79.3103560562521,24.514746595241,0 79.3103574911982,24.5147485169819,0 79.3103590324926,24.5147503685033,0 79.3103606760385,24.5147521448835,0 79.3103760760371,24.5147679448872,0 79.3103777922244,24.5147696180334,0 79.3103795991172,24.5147712092322,0 79.310381492047,24.5147727143723,0 79.3103834661233,24.5147741295651,0 79.3103855162458,24.5147754511543,0 79.3103876371177,24.5147766757253,0 79.3103898232595,24.5147778001144,0 79.310392069023,24.5147788214165,0 79.310394368606,24.5147797369929,0 79.3104032686083,24.5147830369941,0 79.3104057459006,24.5147838855395,0 79.3104082693374,24.5147846113934,0 79.3104096416305,24.5147849333086,0 79.3104088288027,24.5147868921946,0 79.3104080372027,24.514789150982,0 79.3104073763781,24.5147914446952,0 79.3104068481537,24.5147937670009,0 79.3104064539879,24.5147961114869,0 79.3104061949691,24.5147984716797,0 79.3104060718125,24.5148008410625,0 79.3104060848581,24.514803213093,0 79.31040623407,24.5148055812219,0 79.3104065190361,24.5148079389103,0 79.3104069389697,24.5148102796482,0 79.3104074927112,24.5148125969727,0 79.3104081927103,24.5148151969729,0 79.3104088723117,24.5148174650772,0 79.3104096800964,24.514819697721,0 79.3104106138721,24.5148218888443,0 79.3104116711042,24.5148240325003,0 79.3104128489234,24.5148261228705,0 79.3104141441328,24.5148281542815,0 79.310415553217,24.5148301212197,0 79.3104170723516,24.5148320183465,0 79.3104186974133,24.5148338405128,0 79.3104204239915,24.514835582773,0 79.3104222474001,24.5148372403983,0 79.3104240063611,24.5148386808669,0 79.310426931989,24.5148482533267,0 79.310427026826,24.5148516748043,0 79.3104268151906,24.5148514460812,0 79.3104250571378,24.5148497350874,0 79.3104232042125,24.5148481100567,0 79.3104212614292,24.5148465753867,0 79.3104192340455,24.5148451352306,0 79.3104171275479,24.5148437934857,0 79.3104149476372,24.5148425537831,0 79.3104127002126,24.5148414194776,0 79.3104103913561,24.5148403936391,0 79.3104080273162,24.5148394790437,0 79.3104056144903,24.5148386781664,0 79.3104031594081,24.5148379931745,0 79.3104006687136,24.5148374259219,0 79.3103981491472,24.5148369779437,0 79.3103956075275,24.5148366504521,0 79.3103930507325,24.5148364443335,0 79.3103842697934,24.5148359466291,0 79.3103351993122,24.5147991038119,0 79.3103331351956,24.5147976360138,0 79.3103309890038,24.5147962703044,0 79.3103287667622,24.5147950105176,0 79.3103264747094,24.5147938601903,0 79.3103241192803,24.5147928225518,0 79.3103217070874,24.5147919005153,0 79.3103192449028,24.5147910966692,0 79.3103167396387,24.5147904132704,0 79.3103141983286,24.5147898522373,0 79.3103116281069,24.514789415145,0 79.3103090361893,24.5147891032206,0 79.3103064298523,24.5147889173399,0 79.310303816413,24.5147888580246,0 79.3103012032083,24.5147889254413,0 79.3102985975747,24.5147891194007,0 79.3102960068271,24.5147894393583,0 79.3102934382389,24.5147898844158,0 79.3102908990211,24.5147904533238,0 79.3102883963023,24.5147911444851,0 79.3102859371087,24.5147919559594,0 79.3102835283443,24.5147928854684,0 79.3102811767714,24.5147939304028,0 79.3102788889918,24.5147950878289,0 79.3102766714284,24.5147963544974,0 79.3102745303066,24.5147977268523,0 79.3102724716375,24.5147992010406,0 79.3102705012007,24.5148007729239,0 79.3102686245279,24.5148024380893,0 79.3102668468877,24.5148041918617,0 79.3102651732707,24.5148060293179,0 79.3102636083754,24.5148079452992,0 79.3102621565952,24.5148099344267,0 79.3102608220057,24.5148119911162,0 79.3102596083538,24.5148141095936,0 79.3102585190466,24.5148162839115,0 79.3102575571422,24.5148185079658,0 79.3102567253412,24.5148207755125,0 79.3102516915111,24.514835807073,0 79.3102510883417,24.5148338164296,0 79.3102502779107,24.5148315960159,0 79.3102493427606,24.5148294170265,0 79.3102482854064,24.514827285321,0 79.3102471086915,24.5148252066321,0 79.3102458157803,24.5148231865497,0 79.3102444101496,24.5148212305062,0 79.3102428955795,24.5148193437617,0 79.310241276143,24.5148175313902,0 79.3102395561949,24.5148157982653,0 79.3102377403607,24.5148141490478,0 79.3102358335234,24.5148125881727,0 79.3102338408109,24.5148111198376,0 79.3102317675819,24.514809747991,0 79.3102296194117,24.5148084763221,0 79.3102274020772,24.5148073082507,0 79.3102251215413,24.5148062469179,0 79.3102227839366,24.5148052951778,0 79.3102203955495,24.51480445559,0 79.3102179628028,24.514803730412,0 79.3102154922386,24.5148031215942,0 79.3102129905007,24.5148026307737,0 79.3102104643167,24.5148022592704,0 79.3102079204801,24.5148020080834,0 79.310182520489,24.5148001080846,0 79.3101799124472,24.5147999764634,0 79.310177300447,24.5147999713058,0 79.3101746918086,24.5148000926261,0 79.310172093843,24.5148003400843,0 79.3101695138314,24.514800712987,0 79.3101669590045,24.5148012102889,0 79.3101644365224,24.5148018305965,0 79.3101619534547,24.5148025721711,0 79.3101595167604,24.5148034329345,0 79.3101571332686,24.5148044104743,0 79.3101548096593,24.5148055020508,0 79.3101525524447,24.5148067046047,0 79.3101503679508,24.5148080147659,0 79.3101482622999,24.5148094288623,0 79.3101462413933,24.5148109429309,0 79.3101443108949,24.5148125527284,0 79.3101432811143,24.5148135074846,0 79.3101428851142,24.5148133788101,0 79.310140399896,24.5148127034896,0 79.3101378793382,24.5148121485359,0 79.3101353304,24.5148117154812,0 79.3101329802873,24.5148114320721,0 79.3101321357741,24.514809259639,0 79.3101203357649,24.514781259642,0 79.3101193501755,24.5147790908106,0 79.3101182426211,24.5147769718187,0 79.3101170161004,24.514774908403,0 79.3101156739337,24.5147729061499,0 79.3101142197548,24.5147709704801,0 79.3101126575007,24.5147691066341,0 79.3101109914008,24.5147673196578,0 79.3101092259658,24.5147656143892,0 79.3101073659753,24.514763995445,0 79.3101054164649,24.5147624672081,0 79.3101033827125,24.514761033816,0 79.3101012702241,24.5147596991494,0 79.3100990847189,24.5147584668215,0 79.3100968321138,24.5147573401686,0 79.3100945185071,24.5147563222411,0 79.3100921501627,24.5147554157947,0 79.3100897334923,24.5147546232834,0 79.3100872750386,24.5147539468529,0 79.3100847814575,24.5147533883344,0 79.3100822594998,24.51475294924,0 79.3100797159932,24.5147526307585,0 79.3100771578239,24.5147524337521,0 79.3100745919175,24.5147523587542,0 79.3100720252209,24.5147524059678,0 79.3100694646828,24.514752575265,0 79.3100669172353,24.5147528661877,0 79.3100643897754,24.5147532779481,0 79.3100618891455,24.5147538094314,0 79.3100594221157,24.5147544591988,0 79.3100569953649,24.5147552254912,0 79.3100442993391,24.5147595758778,0 79.3100095411159,24.5147690293508,0 79.3100071114837,24.5147697533131,0 79.3100047260754,24.51477059139,0 79.310002391289,24.5147715413339,0 79.3100001133865,24.5147726005968,0 79.3099978984775,24.5147737663376,0 79.3099957525027,24.5147750354298,0 79.3099936812178,24.5147764044696,0 79.3099916901782,24.5147778697849,0 79.309989784724,24.5147794274457,0 79.3099879699659,24.5147810732742,0 79.3099862507713,24.514782802856,0 79.3099846317512,24.5147846115523,0 79.3099831172481,24.514786494512,0 79.3099817113239,24.5147884466848,0 79.3099804177495,24.5147904628346,0 79.3099792399945,24.5147925375541,0 79.3099781812176,24.5147946652785,0 79.3099772442587,24.5147968403012,0 79.3099764316308,24.5147990567884,0 79.3099757455134,24.5148013087954,0 79.3099751877468,24.5148035902819,0 79.309974759827,24.5148058951288,0 79.3099744629016,24.5148082171543,0 79.3099742977672,24.5148105501305,0 79.3099742648666,24.5148128878,0 79.3099743642881,24.5148152238929,0 79.309974595765,24.5148175521438,0 79.3099749586765,24.5148198663078,0 79.3099754520491,24.5148221601782,0 79.3099760745598,24.5148244276026,0 79.3099768245387,24.5148266624994,0 79.3099776999745,24.5148288588746,0 79.309978698519,24.5148310108371,0 79.3099798174942,24.5148331126151,0 79.3099810538987,24.5148351585716,0 79.3099824044164,24.5148371432189,0 79.3099838654252,24.514839061234,0 79.3099854330064,24.5148409074727,0 79.3099871029555,24.5148426769831,0 79.3099951072184,24.5148507272509,0 79.3099952767711,24.5148530204002,0 79.3099955841066,24.5148553580922,0 79.3099960242464,24.5148576779427,0 79.3099965959932,24.5148599736408,0 79.3099972977914,24.5148622389408,0 79.3099981277319,24.51486446768,0 79.3099990835567,24.514866653795,0 79.3100001626656,24.5148687913386,0 79.3100013621229,24.5148708744955,0 79.3100026786653,24.5148728975985,0 79.3100041087113,24.5148748551436,0 79.3100056483703,24.5148767418053,0 79.3100072934537,24.514878552451,0 79.3100090394861,24.5148802821547,0 79.3100108817173,24.5148819262107,0 79.3100128151356,24.5148834801465,0 79.3100148344809,24.5148849397344,0 79.3100169342598,24.5148863010037,0 79.3100191087596,24.5148875602509,0 79.3100213520647,24.5148887140503,0 79.3100223278928,24.5148891563507,0 79.3100247910716,24.5149044014666,0 79.3100252362669,24.5149067326847,0 79.31002581438,24.5149090393531,0 79.3100265238223,24.5149113151324,0 79.310027362644,24.5149135537682,0 79.3100283285397,24.5149157491079,0 79.3100294188549,24.5149178951182,0 79.3100306305931,24.5149199859011,0 79.310031960424,24.5149220157106,0 79.3100334046929,24.5149239789681,0 79.3100349594306,24.514925870278,0 79.3100349887431,24.5149259022948,0 79.3100346705029,24.5149264200587,0 79.3100335145664,24.5149285576914,0 79.3100324836365,24.5149307481967,0 79.310031580591,24.5149329854603,0 79.3100171805789,24.5149717854552,0 79.3100164189413,24.5149740275394,0 79.3100157857463,24.5149763028222,0 79.3100152827069,24.5149786051488,0 79.3100149111839,24.514980928291,0 79.3100146721821,24.5149832659645,0 79.3100145663483,24.5149856118454,0 79.310014574425,24.5149862983592,0 79.3100011082407,24.5150108644496,0 79.3099996807205,24.5150120308406,0 79.3099978421488,24.5150136998029,0 79.3099961018311,24.5150154547363,0 79.3099944645629,24.5150172908053,0 79.3099929348556,24.5150192029506,0 79.3099915169243,24.5150211859033,0 79.309990214676,24.5150232341995,0 79.309989031699,24.5150253421951,0 79.309987971253,24.5150275040817,0 79.30998703626,24.5150297139022,0 79.3099862292964,24.5150319655676,0 79.3099855525858,24.5150342528734,0 79.3099850079927,24.5150365695171,0 79.3099845970179,24.5150389091151,0 79.3099843207937,24.5150412652209,0 79.3099841800814,24.5150436313423,0 79.3099841752686,24.5150460009594,0 79.3099843063685,24.5150483675428,0 79.3099845730201,24.5150507245716,0 79.3099849744884,24.515053065551,0 79.3099855096674,24.5150553840305,0 79.3099861770822,24.5150576736215,0 79.309986974894,24.5150599280153,0 79.3099879009044,24.5150621409998,0 79.3099889525617,24.5150643064773,0 79.3099901269682,24.5150664184808,0 79.3099914208878,24.5150684711908,0 79.3099928307552,24.5150704589512,0 79.3099943526855,24.5150723762846,0 79.3099959824851,24.515074217908,0 79.3099977156632,24.5150759787467,0 79.309999547444,24.5150776539489,0 79.3100014727801,24.5150792388986,0 79.3100034863664,24.5150807292285,0 79.3100055826543,24.515082120832,0 79.3100077558677,24.5150834098746,0 79.3100100000184,24.5150845928044,0 79.3100123089226,24.5150856663619,0 79.3100146762182,24.5150866275888,0 79.3100289762219,24.5150920275908,0 79.3100314109513,24.5150928788562,0 79.3100338914174,24.5150936112975,0 79.3100364106979,24.5150942228705,0 79.3100389617625,24.5150947118686,0 79.3100415374918,24.5150950769272,0 79.3100441306979,24.5150953170274,0 79.3100467341438,24.5150954314993,0 79.3100493405642,24.5150954200233,0 79.3100519426854,24.5150952826315,0 79.3100973427016,24.5150917826312,0 79.3100999209234,24.5150915212599,0 79.3101024805679,24.515091136275,0 79.3101050145601,24.5150906287408,0 79.3101075158958,24.51509000006,0 79.3101099776611,24.5150892519705,0 79.3101123930514,24.5150883865399,0 79.3101147553904,24.5150874061605,0 79.3101170581483,24.515086313542,0 79.3101192949602,24.5150851117046,0 79.3101214596432,24.5150838039703,0 79.3101235462141,24.5150823939537,0 79.3101255489053,24.5150808855523,0 79.3101274621812,24.5150792829355,0 79.3101292807533,24.5150775905329,0 79.310130999595,24.5150758130226,0 79.3101326139553,24.5150739553177,0 79.3101341193718,24.5150720225532,0 79.3101355116836,24.5150700200713,0 79.3101367870421,24.5150679534071,0 79.3101379419221,24.515065828273,0 79.3101389731314,24.5150636505431,0 79.3101398778198,24.5150614262368,0 79.3101406534865,24.5150591615024,0 79.3101412979876,24.5150568625997,0 79.3101418095416,24.5150545358831,0 79.3101441713166,24.5150421129267,0 79.3101449527354,24.5150436865274,0 79.3101461976854,24.5150458691025,0 79.3101475708349,24.5150479863348,0 79.3101490680997,24.515050031927,0 79.3101506850265,24.5150519997949,0 79.310152416806,24.5150538840855,0 79.3101726168041,24.5150746840903,0 79.3101743757153,24.5150764028018,0 79.3101762301805,24.5150780352674,0 79.3101781751547,24.515079577046,0 79.3101802053466,24.5150810239433,0 79.3101823152333,24.5150823720231,0 79.3101844990749,24.515083617618,0 79.3101867509303,24.5150847573394,0 79.3101890646735,24.5150857880867,0 79.3101914340101,24.5150867070559,0 79.3101938524944,24.515087511747,0 79.310196313547,24.5150881999707,0 79.3101988104727,24.5150887698549,0 79.3102013364788,24.5150892198491,0 79.3102038846934,24.5150895487293,0 79.3102064481841,24.5150897556006,0 79.3102090199772,24.5150898399004,0 79.3102115930762,24.5150898013992,0 79.310214160481,24.5150896402019,0 79.3102167152073,24.5150893567469,0 79.3102192503049,24.5150889518054,0 79.3102217588772,24.5150884264789,0 79.3102242340999,24.5150877821967,0 79.3102266692391,24.5150870207115,0 79.3102290576702,24.5150861440948,0 79.3102313928956,24.5150851547314,0 79.3102336685624,24.5150840553129,0 79.3102358784797,24.5150828488302,0 79.3102380166356,24.5150815385654,0 79.3102400772134,24.5150801280831,0 79.3102420546072,24.5150786212204,0 79.3102439434378,24.5150770220767,0 79.3102457385666,24.5150753350023,0 79.3102474351102,24.5150735645869,0 79.310249028453,24.5150717156468,0 79.3102503071059,24.5150700612423,0 79.3102525692776,24.5150714750997,0 79.3102548179602,24.5150728001951,0 79.3102571418234,24.5150740118521,0 79.3102595340379,24.5150751065098,0 79.3102619875734,24.5150760809513,0 79.3102644952195,24.5150769323129,0 79.3102670496066,24.5150776580926,0 79.310269643228,24.5150782561574,0 79.3102722684615,24.5150787247498,0 79.310274917592,24.5150790624927,0 79.3102775828342,24.5150792683934,0 79.3102782264725,24.5150793020722,0 79.3102784308504,24.5150798722854,0 79.3102793515039,24.5150820526317,0 79.3102803942748,24.515084186455,0 79.3102815563673,24.5150862680343,0 79.310282834666,24.5150882917888,0 79.3102842257435,24.5150902522928,0 79.3102857258704,24.5150921442901,0 79.3103052258667,24.5151154442949,0 79.3103068397195,24.5151172720578,0 79.3103071085209,24.5151175460051,0 79.3103070427733,24.5151177331561,0 79.3103063742025,24.515120052668,0 79.3103058412459,24.5151224013985,0 79.3103054454083,24.5151247727153,0 79.3103051878077,24.5151271599223,0 79.310302387794,24.5151627599206,0 79.3103022698723,24.5151651219897,0 79.310302287295,24.5151674864678,0 79.3103024400142,24.5151698468676,0 79.3103027276111,24.515172196713,0 79.3103031492965,24.5151745295567,0 79.3103037039134,24.5151768389985,0 79.3103043899403,24.5151791187019,0 79.3103052054949,24.5151813624122,0 79.3103061483396,24.5151835639735,0 79.3103072158875,24.5151857173456,0 79.3103084052099,24.5151878166202,0 79.3103097130434,24.5151898560378,0 79.3103111358,24.5151918300028,0 79.3103126695761,24.5151937330996,0 79.3103129349247,24.5151940285996,0 79.3102825777707,24.5151792489019,0 79.3102803178916,24.5151782156878,0 79.310278003171,24.5151772896621,0 79.3102756396777,24.5151764732525,0 79.3102738468127,24.5151759481856,0 79.3102755659069,24.515168769062,0 79.3102757486088,24.5151684982881,0 79.3102769900656,24.5151664223184,0 79.3102781109144,24.5151642896795,0 79.3102791080752,24.5151621062319,0 79.3102799788079,24.5151598779755,0 79.3102807207198,24.5151576110335,0 79.3102813317721,24.5151553116353,0 79.3102818102858,24.5151529860996,0 79.3102821549457,24.5151506408169,0 79.3102823648049,24.5151482822318,0 79.3102824392868,24.5151459168257,0 79.3102823781865,24.5151435510986,0 79.3102821816721,24.5151411915515,0 79.3102818502835,24.5151388446681,0 79.3102813849315,24.5151365168976,0 79.3102807868947,24.5151342146368,0 79.3102800578165,24.515131944212,0 79.3102791997005,24.5151297118622,0 79.3102782149047,24.515127523722,0 79.3102771061353,24.5151253858041,0 79.3102758764391,24.5151233039835,0 79.3102745291953,24.5151212839809,0 79.3102730681061,24.5151193313472,0 79.3102714971864,24.5151174514482,0 79.3102698207531,24.5151156494496,0 79.310268043413,24.5151139303034,0 79.3102661700501,24.5151122987336,0 79.3102642058122,24.5151107592237,0 79.3102621560971,24.5151093160042,0 79.3102570560977,24.5151059160052,0 79.3102548668788,24.5151045375488,0 79.310252599714,24.5151032689387,0 79.3102502611807,24.5151021138553,0 79.3102478580635,24.5151010756498,0 79.3102453973343,24.5151001573342,0 79.3102428861321,24.5150993615728,0 79.3102403317424,24.5150986906741,0 79.3102377415759,24.5150981465846,0 79.3102351231473,24.5150977308827,0 79.3102324840531,24.5150974447746,0 79.3102298319498,24.5150972890902,0 79.3102271745317,24.5150972642813,0 79.3102245195084,24.5150973704197,0 79.3102218745827,24.5150976071977,0 79.310219247428,24.5150979739282,0 79.3101166005413,24.5151149023498,0 79.3100704815623,24.5151185232619,0 79.3100698005486,24.5151185810829,0 79.3100468005568,24.5151206810826,0 79.3100442214688,24.5151209795352,0 79.310041663142,24.515121401859,0 79.3100391326785,24.5151219468816,0 79.3100366371033,24.51512261309,0 79.3100341833443,24.5151233986347,0 79.3100317782134,24.5151243013349,0 79.3100294283874,24.5151253186846,0 79.3100271403899,24.5151264478596,0 79.3100249205724,24.5151276857252,0 79.3100227750974,24.5151290288449,0 79.310020709921,24.5151304734901,0 79.3100187307764,24.5151320156502,0 79.3100168431579,24.5151336510442,0 79.3100150523057,24.5151353751319,0 79.3100133631914,24.5151371831271,0 79.3100017631904,24.5151502831241,0 79.3100002007176,24.5151521445643,0 79.3099987461001,24.5151540777888,0 79.3099974032701,24.515156077572,0 79.3099961758574,24.5151581385078,0 79.3099950671801,24.5151602550254,0 79.309994080235,24.5151624214032,0 79.3099932176901,24.5151646317853,0 79.3099924818771,24.5151668801964,0 79.3099918747849,24.5151691605587,0 79.3099913980546,24.515171466708,0 79.3099910529751,24.5151737924102,0 79.309990840479,24.5151761313787,0 79.3099907611408,24.5151784772906,0 79.309990815175,24.5151808238046,0 79.3099910024355,24.5151831645776,0 79.3099913224161,24.5151854932819,0 79.309991774252,24.5151878036228,0 79.3099923567216,24.5151900893548,0 79.3099930682504,24.5151923442992,0 79.3099939069151,24.5151945623605,0 79.3099948704486,24.5151967375429,0 79.3099959562463,24.5151988639663,0 79.3099971613731,24.5152009358826,0 79.3099984825713,24.5152029476911,0 79.3099999162694,24.5152048939535,0 79.3100014585919,24.5152067694086,0 79.3100031053695,24.5152085689867,0 79.3100048521509,24.5152102878232,0 79.310006694214,24.5152119212718,0 79.3100086265794,24.5152134649169,0 79.3100106440235,24.5152149145857,0 79.3100127410929,24.5152162663596,0 79.3100149121187,24.5152175165844,0 79.3100171512322,24.5152186618805,0 79.3100194523807,24.515219699152,0 79.3100398523856,24.515228299155,0 79.3100422591924,24.5152292437713,0 79.3100447173911,24.5152300702146,0 79.310047220056,24.5152307761564,0 79.3100497601361,24.5152313596078,0 79.3100523304749,24.5152318189249,0 79.3100549238307,24.5152321528137,0 79.3100575328968,24.5152323603334,0 79.3100601503226,24.5152324408995,0 79.3100627687335,24.5152323942848,0 79.3100653807525,24.5152322206208,0 79.3100679790203,24.5152319203967,0 79.3100705562166,24.5152314944583,0 79.3101080415846,24.5152243543944,0 79.3101071952643,24.5152265779388,0 79.3101064732196,24.5152288528345,0 79.3101058826017,24.5152311592527,0 79.3101054250371,24.515233490842,0 79.3101051017856,24.515235841182,0 79.3101049137375,24.5152382038004,0 79.3101048614107,24.5152405721912,0 79.3101049449491,24.5152429398324,0 79.3101051641229,24.5152453002043,0 79.3101055183284,24.515247646807,0 79.3101060065902,24.5152499731786,0 79.310106627564,24.5152522729128,0 79.3101073795395,24.5152545396768,0 79.3101082604462,24.5152567672286,0 79.3101092678581,24.5152589494341,0 79.3101103990013,24.5152610802839,0 79.3101116507608,24.5152631539105,0 79.3101130196897,24.5152651646034,0 79.3101145020182,24.5152671068259,0 79.3101160936644,24.5152689752295,0 79.3101177902454,24.5152707646692,0 79.3101195870893,24.5152724702172,0 79.3101214792479,24.5152740871771,0 79.3101234615109,24.5152756110961,0 79.3101255284195,24.5152770377777,0 79.3101276742821,24.5152783632933,0 79.3101298931895,24.5152795839926,0 79.3101321790314,24.5152806965143,0 79.3101345255133,24.5152816977948,0 79.3101369261736,24.5152825850767,0 79.3101393744014,24.5152833559167,0 79.310141863455,24.5152840081922,0 79.3101443864802,24.5152845401069,0 79.3101469365292,24.5152849501962,0 79.31014950658,24.5152852373306,0 79.3101520895551,24.5152854007196,0 79.3101546783419,24.5152854399132,0 79.3101572658115,24.5152853548034,0 79.3101598448387,24.5152851456247,0 79.3101624083214,24.515284812953,0 79.310212962462,24.5152770092989,0 79.3102241544832,24.515286503221,0 79.3102260570833,24.5152880359005,0 79.3102280432127,24.5152894771501,0 79.3102301076285,24.5152908231651,0 79.3102322448812,24.5152920703925,0 79.3102344493291,24.5152932155399,0 79.3102367151528,24.5152942555845,0 79.3102390363712,24.5152951877806,0 79.3102414068569,24.5152960096677,0 79.3102438203523,24.515296719076,0 79.3102462704866,24.515297314133,0 79.3102487507919,24.5152977932679,0 79.3102512547208,24.5152981552158,0 79.3102537756637,24.5152983990213,0 79.3102563069658,24.5152985240408,0 79.3102588419452,24.5152985299443,0 79.3102613739101,24.5152984167162,0 79.3102638961769,24.5152981846554,0 79.3102651485641,24.5152980095944,0 79.3102645660588,24.515298977902,0 79.3102634388299,24.5153011091706,0 79.3102624352881,24.5153032915821,0 79.3102615581941,24.5153055191328,0 79.3102608099608,24.5153077856947,0 79.3102601926466,24.5153100850327,0 79.3102597079496,24.5153124108212,0 79.3102593572034,24.5153147566621,0 79.3102591413728,24.5153171161021,0 79.3102590610515,24.5153194826503,0 79.3102591164605,24.5153218497964,0 79.3102593074474,24.5153242110286,0 79.3102596334869,24.515326559851,0 79.3102600936819,24.5153288898021,0 79.3102606867665,24.5153311944724,0 79.3102614111092,24.5153334675216,0 79.3102615648775,24.5153338701641,0 79.3102614054291,24.5153340204638,0 79.3102597011191,24.5153358056175,0 79.3102581015723,24.5153376701577,0 79.3102566111988,24.5153396089437,0 79.3102552341074,24.5153416166303,0 79.310253974095,24.5153436876824,0 79.3102528346353,24.51534581639,0 79.3102518188699,24.5153479968842,0 79.3102509295993,24.5153502231533,0 79.3102501692751,24.5153524890597,0 79.3102495399936,24.515354788356,0 79.3102490434898,24.5153571147032,0 79.3102486811325,24.5153594616874,0 79.3102484539208,24.5153618228381,0 79.310248362481,24.5153641916454,0 79.3102484070654,24.5153665615786,0 79.3102484692882,24.5153673767536,0 79.3102334713938,24.5153748213593,0 79.3102312130809,24.515376014055,0 79.3102290267918,24.5153773142434,0 79.3102269186328,24.515378718293,0 79.3102248944922,24.5153802222823,0 79.3102229600234,24.5153818220105,0 79.3102211206294,24.5153835130095,0 79.3102193814479,24.5153852905564,0 79.3102177473363,24.5153871496863,0 79.3102162228588,24.5153890852067,0 79.3102148122733,24.5153910917116,0 79.3102135195197,24.5153931635967,0 79.3102123482087,24.5153952950752,0 79.3102113016118,24.5153974801938,0 79.3102107061583,24.5153989268757,0 79.3102078788891,24.5153985734665,0 79.3102053221763,24.5153983157895,0 79.3102027542604,24.5153981803688,0 79.3102001821205,24.5153981675726,0 79.3101976127469,24.5153982774356,0 79.3101950531225,24.5153985096592,0 79.310192510204,24.5153988636124,0 79.3101899909022,24.5153993383331,0 79.3101875020641,24.5153999325312,0 79.3101850504537,24.5154006445918,0 79.3101826427339,24.5154014725796,0 79.3101802854483,24.5154024142445,0 79.3101779850034,24.5154034670271,0 79.3101757476514,24.5154046280664,0 79.3101735794728,24.5154058942067,0 79.3101714863602,24.5154072620072,0 79.3101694740022,24.5154087277503,0 79.3101675478678,24.5154102874527,0 79.310165713192,24.5154119368753,0 79.3101639749608,24.5154136715355,0 79.3101636103273,24.515414075843,0 79.310161163298,24.5155969658333,0 79.3100933370979,24.5155962061578,0 79.3100926385248,24.5155970987592,0 79.3100912336644,24.5155991106175,0 79.3100899470215,24.5156011876155,0 79.3100887821951,24.515603323944,0 79.3100877424429,24.5156055136277,0 79.3100868306733,24.5156077505421,0 79.3100860494364,24.5156100284306,0 79.3100854009173,24.515612340922,0 79.3100848869299,24.5156146815484,0 79.3100845089119,24.5156170437631,0 79.3100842679204,24.515619420959,0 79.3100841646297,24.5156218064873,0 79.3100841993285,24.5156241936756,0 79.3100843719199,24.5156265758471,0 79.3100846819212,24.5156289463389,0 79.3100851284652,24.5156312985208,0 79.310085710303,24.5156336258138,0 79.3100864258072,24.5156359217085,0 79.3100872729766,24.5156381797835,0 79.3100882494417,24.5156403937229,0 79.310089061488,24.5156419865653,0 79.3100882346493,24.5156437312853,0 79.3100873333864,24.5156459432713,0 79.3100865597438,24.5156481953394,0 79.3100859158371,24.5156504813309,0 79.310085850352,24.5156507770129,0 79.3100838403707,24.5156520937504,0 79.3100818304605,24.5156535611929,0 79.3100799068413,24.5156551224483,0 79.310078074738,24.515656773276,0 79.3100504747383,24.5156829732696,0 79.3100487068432,24.5156847432481,0 79.3100470441603,24.5156865966128,0 79.3100454913805,24.5156885281349,0 79.3100440528844,24.5156905323652,0 79.3100427327304,24.5156926036493,0 79.310041534643,24.5156947361436,0 79.3100404620021,24.5156969238319,0 79.3100395178341,24.5156991605423,0 79.3100387048025,24.5157014399645,0 79.3100380252012,24.5157037556677,0 79.3100374809475,24.5157061011188,0 79.3100370735768,24.5157084697008,0 79.3100368042384,24.5157108547315,0 79.3100366736922,24.515713249482,0 79.3100366823064,24.5157156471962,0 79.3100368300569,24.5157180411098,0 79.3100371165268,24.5157204244689,0 79.3100375409078,24.5157227905495,0 79.3100381020028,24.5157251326764,0 79.3100387982287,24.5157274442419,0 79.3100396276213,24.5157297187246,0 79.3100405878409,24.5157319497077,0 79.3100416761783,24.515734130897,0 79.3100424425234,24.5157354731496,0 79.310036040546,24.5157355633184,0 79.3100334683118,24.515735661005,0 79.3100309051483,24.5157358813126,0 79.3100283580337,24.5157362236413,0 79.3100258339029,24.5157366870591,0 79.3100233396277,24.5157372703043,0 79.3100208819991,24.5157379717891,0 79.310018467708,24.5157387896036,0 79.3100161033275,24.5157397215212,0 79.3100137952947,24.5157407650048,0 79.3100115498933,24.5157419172135,0 79.3100093732365,24.5157431750102,0 79.3100072712505,24.5157445349706,0 79.3100052496579,24.5157459933921,0 79.3100033139626,24.5157475463041,0 79.3100014694348,24.5157491894788,0 79.3099997210961,24.5157509184424,0 79.3099980737066,24.5157527284878,0 79.3099965317513,24.5157546146871,0 79.3099950994283,24.515756571905,0 79.3099937806373,24.5157585948129,0 79.3099925789685,24.5157606779033,0 79.3099914976937,24.5157628155048,0 79.3099905397567,24.5157650017978,0 79.3099897077655,24.51576723083,0 79.3099890039853,24.5157694965327,0 79.3099884303321,24.5157717927374,0 79.3099879883679,24.5157741131927,0 79.3099876792957,24.5157764515808,0 79.3099875039572,24.5157788015356,0 79.3099874628297,24.515781156659,0 79.3099875560251,24.5157835105391,0 79.3099878560233,24.5157879105391,0 79.3099880759813,24.5157901982935,0 79.309988422825,24.5157924728523,0 79.309988895657,24.5157947283284,0 79.3099890387993,24.5157952626137,0 79.3099625752735,24.5158013775708,0 79.3098594051513,24.5160227671048,0 79.3098576853424,24.5160221505389,0 79.3098552200274,24.516021401066,0 79.3098527150138,24.5160207713514,0 79.3098501772459,24.5160202631409,0 79.3098476137593,24.5160198778433,0 79.3098450316604,24.5160196165268,0 79.3098424381075,24.5160194799157,0 79.3098398402906,24.5160194683889,0 79.3098372454115,24.5160195819783,0 79.3098346606639,24.5160198203689,0 79.3098320932132,24.5160201829,0 79.3098295501771,24.5160206685664,0 79.3098270386056,24.5160212760218,0 79.3098245654614,24.5160220035822,0 79.3098221376005,24.5160228492306,0 79.3098197617538,24.5160238106226,0 79.3098174445075,24.516024885093,0 79.3098151922857,24.5160260696631,0 79.3098130113322,24.5160273610491,0 79.3098109076929,24.5160287556707,0 79.3098088871999,24.5160302496619,0 79.3098069554544,24.5160318388809,0 79.3098051178116,24.5160335189219,0 79.3098033793661,24.5160352851276,0 79.3098017449371,24.5160371326014,0 79.3098002190558,24.5160390562219,0 79.3097988059523,24.5160410506561,0 79.309797509544,24.516043110375,0 79.309796333425,24.5160452296686,0 79.3097958949576,24.5160460741238,0 79.3097956330656,24.5160461797504,0 79.3097933470846,24.5160472345229,0 79.3097911239825,24.5160483963659,0 79.309788969745,24.5160496621511,0 79.3097869441142,24.5160509930297,0 79.3097753724388,24.5160518954707,0 79.3097482687758,24.5160396342871,0 79.3097457038866,24.5160385563795,0 79.309743075825,24.5160376144242,0 79.3097403931914,24.5160368115039,0 79.3097376647649,24.5160361502462,0 79.3097348994743,24.5160356328149,0 79.3097098994826,24.5160316328167,0 79.3097073605754,24.5160312885961,0 79.3097048055386,24.5160310656365,0 79.3097022412865,24.5160309645412,0 79.3096996747577,24.5160309855837,0 79.3096971128975,24.5160311287072,0 79.3096945626384,24.5160313935242,0 79.3096920308813,24.5160317793183,0 79.3096895244773,24.5160322850455,0 79.3096870502089,24.5160329093372,0 79.3096846147713,24.516033650504,0 79.309682224755,24.5160345065405,0 79.3096798866275,24.5160354751301,0 79.3096776067158,24.5160365536517,0 79.3096753911893,24.5160377391869,0 79.3096732460434,24.5160390285276,0 79.3096711770829,24.5160404181849,0 79.3096691899064,24.5160419043981,0 79.3096672898914,24.5160434831456,0 79.3096654821792,24.5160451501553,0 79.3096637716617,24.5160469009163,0 79.3096621629675,24.5160487306908,0 79.3096606604499,24.5160506345274,0 79.3096592681746,24.5160526072744,0 79.3096579899092,24.5160546435934,0 79.3096568291128,24.5160567379741,0 79.3096557889265,24.5160588847491,0 79.3096548721651,24.516061078109,0 79.3096547939763,24.5160612989766,0 79.3096390156424,24.5160625294682,0 79.3096025192771,24.5161017729642,0 79.3096018618624,24.5161019693967,0 79.3095994549049,24.5161028183487,0 79.3095970997334,24.5161037812367,0 79.3095948027859,24.5161048554287,0 79.3095925703408,24.5161060379885,0 79.3095904085006,24.5161073256835,0 79.3095883231746,24.5161087149938,0 79.309586320063,24.5161102021217,0 79.3095844046413,24.5161117830023,0 79.3095825821452,24.5161134533142,0 79.3095808575566,24.5161152084917,0 79.3095792355895,24.516117043737,0 79.3095777206775,24.5161189540335,0 79.3095763169618,24.5161209341595,0 79.3095750282792,24.5161229787023,0 79.3095738581524,24.5161250820732,0 79.3095728097799,24.5161272385226,0 79.3095718860274,24.516129442156,0 79.30957108942,24.5161316869498,0 79.3095709687292,24.516132099297,0 79.309582001967,24.5161322229152,0 79.3095953397635,24.5164032447699,0 79.3095330945535,24.516402547354,0 79.3095331042477,24.5164031098197,0 79.3095332845354,24.5164055010609,0 79.3095336032959,24.5164078801759,0 79.3095340596306,24.5164102404574,0 79.309534652253,24.5164125752508,0 79.3095353794922,24.5164148779736,0 79.309536239298,24.5164171421337,0 79.3095372292462,24.5164193613476,0 79.3095433292423,24.5164320613492,0 79.3095444185463,24.5164341784977,0 79.3095456262973,24.5164362411578,0 79.3095469492501,24.5164382437872,0 79.3095483838499,24.5164401810048,0 79.309549926242,24.5164420476053,0 79.3095515722819,24.5164438385731,0 79.3095533175468,24.5164455490959,0 79.309555157347,24.5164471745775,0 79.3095570867391,24.5164487106502,0 79.3095591005388,24.5164501531866,0 79.3095611933349,24.5164514983106,0 79.3095633595043,24.5164527424078,0 79.3095655932262,24.5164538821354,0 79.3095665476191,24.5164543113722,0 79.3095664625188,24.5164564484034,0 79.3095665052814,24.5164588325025,0 79.309566685576,24.51646121121,0 79.3095670028998,24.5164635778892,0 79.3095674563672,24.5164659259372,0 79.3095680447133,24.5164682488029,0 79.3095687662965,24.5164705400054,0 79.3095696191036,24.5164727931524,0 79.3095706007553,24.5164750019576,0 79.3095717085127,24.5164771602584,0 79.3095729392854,24.5164792620331,0 79.3095742896393,24.5164813014179,0 79.309575755807,24.5164832727228,0 79.309577333698,24.516485170448,0 79.3095790189098,24.5164869892986,0 79.3095808067409,24.5164887242003,0 79.3095826922031,24.5164903703125,0 79.309584670036,24.5164919230426,0 79.3095867347215,24.5164933780586,0 79.309588880499,24.5164947313009,0 79.309591101382,24.516495978994,0 79.309593391174,24.5164971176568,0 79.3095957434867,24.5164981441125,0 79.309598151757,24.5164990554972,0 79.3096006092659,24.5164998492682,0 79.309603109157,24.5165005232108,0 79.3096056444555,24.5165010754448,0 79.309608208088,24.5165015044294,0 79.3096107929019,24.5165018089678,0 79.3096133916856,24.5165019882103,0 79.3096159971885,24.5165020416568,0 79.3096186021413,24.5165019691582,0 79.3096260371473,24.5165015822068,0 79.3095860717818,24.5165512302061,0 79.3095846109755,24.5165531469105,0 79.3095832605299,24.5165551302055,0 79.3095820240634,24.5165571747773,0 79.309580904889,24.5165592751477,0 79.3095799060054,24.5165614256889,0 79.3095790300889,24.516563620639,0 79.3095782794865,24.5165658541167,0 79.3095776562093,24.5165681201379,0 79.3095771619273,24.5165704126309,0 79.3095767979648,24.5165727254533,0 79.3095765652972,24.5165750524083,0 79.3095764645477,24.5165773872609,0 79.3095764959864,24.5165797237554,0 79.309576659529,24.5165820556312,0 79.3095769547374,24.5165843766406,0 79.3095773808205,24.5165866805645,0 79.3095779366367,24.51658896123,0 79.3095786206969,24.5165912125263,0 79.3095794311681,24.5165934284213,0 79.3095803658788,24.5165956029777,0 79.3095814223246,24.5165977303693,0 79.3095825976748,24.5165998048957,0 79.3095838887804,24.5166018209988,0 79.3095852921818,24.5166037732764,0 79.3095868041189,24.5166056564978,0 79.3095884205406,24.5166074656171,0 79.309590137116,24.5166091957869,0 79.3096027969661,24.516621310486,0 79.3096026929575,24.516621486531,0 79.3096015802001,24.5166236327687,0 79.3096005923827,24.5166258295897,0 79.3095997322407,24.5166280709109,0 79.3095990021558,24.5166303505259,0 79.3095984041499,24.5166326621223,0 79.3095979398787,24.516634999299,0 79.3095976106278,24.5166373555843,0 79.3095974173091,24.5166397244535,0 79.3095973604578,24.516642099347,0 79.3095974402313,24.5166444736884,0 79.3095976564089,24.5166468409032,0 79.3095980083918,24.5166491944362,0 79.3095984952054,24.5166515277704,0 79.3095991155017,24.5166538344447,0 79.309599867563,24.5166561080716,0 79.3096007493069,24.5166583423553,0 79.3096017582917,24.5166605311089,0 79.3096028917236,24.5166626682715,0 79.3096041464638,24.5166647479254,0 79.309605519038,24.5166667643116,0 79.3096070056455,24.5166687118467,0 79.3096086021696,24.5166705851378,0 79.3096103041895,24.5166723789976,0 79.3096121069922,24.5166740884588,0 79.3096140055856,24.5166757087877,0 79.3096159947124,24.5166772354976,0 79.3096180688644,24.5166786643608,0 79.3096202222982,24.5166799914208,0 79.3096224490509,24.5166812130028,0 79.3096247429563,24.5166823257241,0 79.3096270976624,24.5166833265036,0 79.309629506649,24.5166842125699,0 79.3096319632452,24.5166849814696,0 79.3096344606487,24.5166856310734,0 79.3096369919439,24.5166861595826,0 79.3096395501214,24.5166865655337,0 79.3096798501351,24.5166919655363,0 79.3096825176621,24.5166922553538,0 79.3096851984753,24.5166924119168,0 79.3096878846286,24.5166924347614,0 79.3096905681597,24.5166923238198,0 79.3096932411142,24.5166920794208,0 79.3096992411164,24.5166913794207,0 79.3097017607276,24.5166910247248,0 79.309704256952,24.5166905514371,0 79.309706723126,24.516689960821,0 79.309709152666,24.5166892544531,0 79.3097115390865,24.5166884342192,0 79.3097138760169,24.5166875023087,0 79.3097161572186,24.5166864612095,0 79.3097183766021,24.5166853137008,0 79.3097205282427,24.5166840628458,0 79.3097226063966,24.5166827119838,0 79.3097246055162,24.5166812647207,0 79.3097265202648,24.5166797249202,0 79.3097283455309,24.5166780966927,0 79.3097300764421,24.5166763843848,0 79.3097317083777,24.5166745925674,0 79.3097332369812,24.5166727260239,0 79.3097346581719,24.5166707897369,0 79.3097349867629,24.5166703160538,0 79.3100095436071,24.5168412337211,0 79.3101324520111,24.5167939224041,0 79.3101363833009,24.516796636094,0 79.3101385038525,24.5167980210284,0 79.3101407013523,24.5167993016195,0 79.3101429696727,24.5168004742963,0 79.3101450473546,24.5168014196963,0 79.3101452134035,24.5167890101342,0 79.3102809162009,24.5167367736748,0 79.3102789553,24.5167332054675,0 79.3102793347992,24.516733583918,0 79.3102811917327,24.5167352502223,0 79.3102831420622,24.5167368246816,0 79.3102851803678,24.5167383029204,0 79.310287300985,24.5167396808308,0 79.3102894980208,24.5167409545836,0 79.3102917653698,24.5167421206392,0 79.310294096731,24.5167431757571,0 79.3102964856257,24.5167441170052,0 79.3102989254153,24.5167449417677,0 79.3103014093197,24.5167456477528,0 79.3103039304362,24.5167462329985,0 79.3103064817589,24.5167466958785,0 79.3103090561975,24.5167470351064,0 79.310311646598,24.5167472497395,0 79.3103142457616,24.5167473391813,0 79.3103168464654,24.5167473031834,0 79.3103194414822,24.5167471418457,0 79.3103220236005,24.5167468556166,0 79.3103245856448,24.5167464452915,0 79.3103271204951,24.5167459120107,0 79.3103296211073,24.5167452572561,0 79.3103320805323,24.5167444828474,0 79.3103344919354,24.5167435909364,0 79.3103368486155,24.5167425840019,0 79.3103391440233,24.516741464842,0 79.3103413717802,24.5167402365669,0 79.3103435256953,24.5167389025898,0 79.3103455997829,24.5167374666179,0 79.3103475882792,24.5167359326416,0 79.3103494856582,24.5167343049238,0 79.3103512866474,24.5167325879878,0 79.3103529862417,24.516730786605,0 79.3103545797181,24.5167289057813,0 79.3103560626483,24.5167269507434,0 79.3103574309115,24.5167249269244,0 79.3103586807052,24.5167228399482,0 79.3103598085563,24.5167206956145,0 79.3103608113307,24.5167184998824,0 79.3103616862416,24.5167162588536,0 79.3103624308576,24.516713978756,0 79.3103630431097,24.5167116659257,0 79.3103635212963,24.5167093267901,0 79.3103638640885,24.5167069678494,0 79.3103640705338,24.5167045956591,0 79.3103641400586,24.5167022168114,0 79.3103640724695,24.5166998379171,0 79.3103638679545,24.5166974655868,0 79.3103635270819,24.5166951064134,0 79.3103623270792,24.5166882064136,0 79.3103618583281,24.5166858992596,0 79.3103612591653,24.5166836175098,0 79.3103605312102,24.5166813673305,0 79.3103596764298,24.5166791548023,0 79.3103591344792,24.5166779545156,0 79.3103592051353,24.5166779410964,0 79.3103617338506,24.5166773313721,0 79.3103642237055,24.5166765999267,0 79.3103672897124,24.5166756164906,0 79.310395191007,24.5166693340801,0 79.3103984923437,24.5166684783149,0 79.3104331923548,24.516658278312,0 79.3104356278195,24.516657497557,0 79.3104380153346,24.5166566013653,0 79.3104403483687,24.5166555921885,0 79.3104426205396,24.5166544727874,0 79.3104448256315,24.5166532462242,0 79.310446957612,24.5166519158543,0 79.3104490106489,24.5166504853172,0 79.3104506421662,24.516649219879,0 79.3104646157255,24.5166473833533,0 79.3104671773941,24.516646983421,0 79.3104697124947,24.5166464606449,0 79.3104722139947,24.5166458164751,0 79.310474674955,24.5166450526986,0 79.3104770885487,24.5166441714342,0 79.3104794480804,24.5166431751265,0 79.3104817470047,24.5166420665393,0 79.3104839789442,24.5166408487479,0 79.3104861377076,24.5166395251305,0 79.3104882173062,24.5166380993587,0 79.3104902119713,24.5166365753879,0 79.3104921161695,24.5166349574455,0 79.3104939246186,24.5166332500198,0 79.3104956323018,24.5166314578472,0 79.3104972344819,24.5166295858993,0 79.3104987267145,24.5166276393689,0 79.31050010486,24.5166256236559,0 79.3105013650954,24.5166235443518,0 79.3105017838045,24.5166227586025,0 79.3105038134679,24.5166232485213,0 79.3105062752405,24.5166237813786,0 79.3105087636286,24.5166241980941,0 79.3105112720908,24.5166244975724,0 79.310513794033,24.5166246790264,0 79.3105163228257,24.5166247419788,0 79.3105188518212,24.5166246862644,0 79.3105213743715,24.5166245120294,0 79.3105238838455,24.5166242197321,0 79.3105263736462,24.5166238101406,0 79.3105288372288,24.5166232843318,0 79.3105312681169,24.5166226436879,0 79.3105336599206,24.516621889893,0 79.3105360063521,24.5166210249285,0 79.3105383012435,24.5166200510683,0 79.310540538562,24.5166189708724,0 79.3105844183312,24.5165964510782,0 79.3105930417045,24.5165927311916,0 79.3105953522452,24.516591665867,0 79.3105975985701,24.516590491191,0 79.3105997745019,24.5165892103939,0 79.310601874057,24.5165878269976,0 79.310603891462,24.5165863448063,0 79.3106058211692,24.5165847678959,0 79.3106076578722,24.5165831006027,0 79.3106093965202,24.5165813475116,0 79.3106110323322,24.5165795134433,0 79.3106125608099,24.5165776034414,0 79.3106139777501,24.516575622758,0 79.3106152792565,24.5165735768399,0 79.31061646175,24.5165714713131,0 79.310617521979,24.5165693119676,0 79.3106184570279,24.5165671047412,0 79.3106192643255,24.5165648557036,0 79.3106199416519,24.5165625710394,0 79.3106204871443,24.5165602570311,0 79.3106208993029,24.516557920042,0 79.3106211769942,24.5165555664985,0 79.3106213194547,24.5165532028726,0 79.3106213262926,24.516550835664,0 79.310621197489,24.5165484713822,0 79.3106209333983,24.5165461165287,0 79.3106205347465,24.5165437775791,0 79.3106200026301,24.5165414609652,0 79.3106193385122,24.5165391730574,0 79.310618544219,24.5165369201472,0 79.3106176219349,24.5165347084298,0 79.310616574196,24.5165325439873,0 79.3106154038834,24.5165304327714,0 79.3106141142154,24.5165283805878,0 79.3106127087383,24.5165263930799,0 79.3106111913172,24.5165244757129,0 79.3106095661247,24.5165226337594,0 79.3106041940634,24.5165168616532,0 79.3106049454603,24.5165165883571,0 79.3106063334385,24.5165160031652,0 79.3106090582122,24.5165165592414,0 79.3106115210858,24.5165170020225,0 79.3106140053839,24.5165173296389,0 79.3106165046778,24.5165175412428,0 79.3106190124994,24.5165176362865,0 79.310621522359,24.516517614524,0 79.3106240277613,24.5165174760117,0 79.3106265222229,24.5165172211081,0 79.3106289992883,24.5165168504728,0 79.3106314525472,24.5165163650649,0 79.3106338756511,24.5165157661406,0 79.3106362623292,24.5165150552499,0 79.3106386064051,24.5165142342324,0 79.3106409018128,24.5165133052128,0 79.3106431426121,24.5165122705953,0 79.3106453230041,24.5165111330573,0 79.3106474373462,24.5165098955425,0 79.3106604015693,24.516501875303,0 79.3106693093987,24.5165011774544,0 79.310671891744,24.5165009123154,0 79.3106744552508,24.5165005231561,0 79.3106769928086,24.5165000110558,0 79.3106794973788,24.516499377435,0 79.3106819620144,24.5164986240512,0 79.310684379879,24.516497752994,0 79.3106867442663,24.5164967666796,0 79.3106890486179,24.5164956678437,0 79.3106912865422,24.5164944595343,0 79.3106934518318,24.5164931451028,0 79.3106955384807,24.5164917281952,0 79.3106975407011,24.5164902127415,0 79.3106994529394,24.5164886029454,0 79.3107012698914,24.5164869032719,0 79.3107029865176,24.5164851184355,0 79.3107045980562,24.5164832533868,0 79.3107061000375,24.5164813132991,0 79.3107074882953,24.5164793035536,0 79.3107087589788,24.5164772297249,0 79.3107099085637,24.5164750975651,0 79.3107109338612,24.5164729129885,0 79.3107118320274,24.5164706820543,0 79.310712600571,24.5164684109508,0 79.3107132373604,24.5164661059772,0 79.3107137406293,24.5164637735271,0 79.3107141089816,24.5164614200699,0 79.3107143413957,24.5164590521337,0 79.310714437227,24.5164566762864,0 79.3107144344678,24.5164565163767,0 79.3107434670041,24.5164502277383,0 79.3107459741199,24.5164496205958,0 79.3107484429034,24.5164488937645,0 79.3107508665337,24.5164480492525,0 79.3107532383146,24.5164470893931,0 79.3107555516932,24.5164460168383,0 79.310757800278,24.5164448345514,0 79.3107599778565,24.5164435457988,0 79.3107620784123,24.5164421541413,0 79.3107640961418,24.5164406634238,0 79.3107660254704,24.5164390777648,0 79.3107678610676,24.5164374015455,0 79.3107695978618,24.5164356393969,0 79.3107712310546,24.5164337961877,0 79.3107727561337,24.5164318770103,0 79.3107741688856,24.5164298871672,0 79.3107754654068,24.5164278321561,0 79.3107766421154,24.5164257176546,0 79.3107776957604,24.5164235495048,0 79.3107786234305,24.5164213336971,0 79.3107794225628,24.5164190763533,0 79.3107800909495,24.5164167837104,0 79.3107806267438,24.5164144621023,0 79.3107810284654,24.5164121179436,0 79.3107812950045,24.5164097577107,0 79.3107813980431,24.5164078883253,0 79.3107813999613,24.5164078879871,0 79.3107839016238,24.5164073214607,0 79.3107863675418,24.5164066361968,0 79.3107887909876,24.5164058340651,0 79.3107911653495,24.5164049172539,0 79.3107934841495,24.5164038882646,0 79.3107957410615,24.5164027499044,0 79.310797929928,24.5164015052792,0 79.3108000447772,24.5164001577845,0 79.3108020798393,24.5163987110967,0 79.310804029562,24.5163971691626,0 79.3108058886262,24.5163955361892,0 79.3108076519598,24.5163938166315,0 79.310809314752,24.5163920151809,0 79.3108108724663,24.5163901367523,0 79.3108123208528,24.5163881864704,0 79.31081365596,24.5163861696562,0 79.3108148741454,24.5163840918119,0 79.3108159720854,24.5163819586065,0 79.3108169467847,24.51637977586,0 79.3108177955839,24.5163775495273,0 79.3108185161675,24.5163752856825,0 79.3108191065694,24.5163729905018,0 79.3108195651789,24.5163706702473,0 79.3108198907448,24.516368331249,0 79.3108200823788,24.5163659798883,0 79.3108201203218,24.516364415635,0 79.3108213944178,24.5163637748712,0 79.310823596298,24.5163625255122,0 79.3108257234596,24.5163611721245,0 79.310827770037,24.5163597184401,0 79.3108297303868,24.5163581684674,0 79.3108315991031,24.5163565264807,0 79.3108333710331,24.5163547970077,0 79.3108350412905,24.5163529848175,0 79.3108366052697,24.5163510949072,0 79.3108380586579,24.5163491324882,0 79.3108393974473,24.5163471029721,0 79.3108406179463,24.5163450119551,0 79.3108417167893,24.5163428652034,0 79.3108426909463,24.5163406686366,0 79.3108435377309,24.5163384283118,0 79.31084418977,24.5163363570104,0 79.3108449062981,24.5163364221431,0 79.3108474815174,24.5163365324236,0 79.3108500595173,24.5163365194871,0 79.3108526332595,24.516336383369,0 79.3108551957173,24.5163361244407,0 79.3108577398951,24.5163357434094,0 79.3108602588468,24.5163352413151,0 79.3108627456954,24.5163346195288,0 79.3108651936516,24.5163338797479,0 79.3108675960319,24.5163330239921,0 79.3108699462778,24.5163320545978,0 79.3108722379727,24.5163309742115,0 79.3108744648601,24.5163297857828,0 79.3108766208601,24.5163284925563,0 79.3108787000868,24.5163270980626,0 79.3108806968635,24.5163256061089,0 79.3108826057389,24.5163240207684,0 79.3108844215014,24.5163223463692,0 79.3108861391938,24.5163205874827,0 79.3108877541267,24.5163187489109,0 79.3108892618909,24.5163168356732,0 79.3108906583702,24.5163148529931,0 79.3108919397521,24.5163128062835,0 79.3108931025381,24.5163107011322,0 79.3108941435538,24.5163085432864,0 79.310895059957,24.5163063386375,0 79.3108958492459,24.5163040932042,0 79.3108965092656,24.516301813117,0 79.3108970382142,24.5162995046008,0 79.3108974346476,24.516297173958,0 79.3108976974835,24.5162948275517,0 79.3108978260043,24.5162924717877,0 79.3108978198592,24.5162901130977,0 79.310897679065,24.5162877579211,0 79.310897404006,24.5162854126878,0 79.3108931039946,24.5162560126886,0 79.3108927303094,24.5162538559429,0 79.3108922430638,24.5162517182543,0 79.3108916433979,24.5162496046248,0 79.3108909327149,24.5162475200005,0 79.3108904304425,24.516246263922,0 79.3108910472602,24.5162455126316,0 79.3108925506103,24.516243455802,0 79.3108939285245,24.5162413266988,0 79.3108951768628,24.5162391317189,0 79.3108962918749,24.5162368774568,0 79.3108972702107,24.5162345706853,0 79.3109011702076,24.5162245706839,0 79.3109019771301,24.5162223161635,0 79.310902653485,24.5162200259718,0 79.3109029706177,24.516218673563,0 79.3109037399682,24.5162191283206,0 79.3109123124668,24.5162350990122,0 79.3109135008153,24.516237174937,0 79.3109148053095,24.5162391916427,0 79.3109162224338,24.5162411436947,0 79.3109177483694,24.5162430258326,0 79.3109193790041,24.5162448329842,0 79.3109211099437,24.5162465602795,0 79.3109229365234,24.5162482030639,0 79.310924853821,24.5162497569101,0 79.3109268566696,24.5162512176309,0 79.3109289396719,24.5162525812898,0 79.3109310972145,24.516253844212,0 79.3109333234832,24.516255002994,0 79.3109356124785,24.5162560545133,0 79.3109379580319,24.5162569959359,0 79.3109403538226,24.5162578247251,0 79.3109613538285,24.5162645247277,0 79.3109638309944,24.51626524866,0 79.3109663464083,24.516265852177,0 79.3109688930829,24.516266333602,0 79.3109714639438,24.5162666915979,0 79.3109740518498,24.5162669251701,0 79.3109766496119,24.5162670336698,0 79.310979250014,24.5162670167956,0 79.3109818458327,24.5162668745944,0 79.3109844298572,24.5162666074613,0 79.3109869949094,24.5162662161382,0 79.3109895338641,24.5162657017122,0 79.3109920396685,24.5162650656122,0 79.3109945053619,24.5162643096054,0 79.3109969240949,24.5162634357916,0 79.3109992891488,24.5162624465983,0 79.3110015939537,24.5162613447733,0 79.3110038321074,24.5162601333772,0 79.3110039544597,24.5162600589243,0 79.3110047482837,24.5162603057581,0 79.3110072273585,24.5162609466769,0 79.3110097396174,24.5162614683369,0 79.3110122782118,24.5162618693161,0 79.3110126073881,24.5162619052455,0 79.3110150175666,24.5162801241699,0 79.3110153915225,24.5162824440653,0 79.3110158966473,24.5162847430635,0 79.3110165315781,24.5162870149607,0 79.3110172946016,24.5162892536262,0 79.3110181836587,24.5162914530191,0 79.3110191963503,24.5162936072044,0 79.3110203299436,24.5162957103689,0 79.3110215813799,24.5162977568374,0 79.311022947282,24.5162997410875,0 79.311024423964,24.5163016577647,0 79.3110260074413,24.5163035016969,0 79.3110276934408,24.5163052679083,0 79.3110294774129,24.5163069516328,0 79.3110313545436,24.516308548327,0 79.3110333197675,24.5163100536821,0 79.3110353677814,24.5163114636359,0 79.3110374930589,24.5163127743838,0 79.3110396898649,24.5163139823888,0 79.3110419522714,24.516315084391,0 79.3110442741732,24.5163160774166,0 79.3110466493049,24.5163169587862,0 79.3110490712571,24.5163177261211,0 79.3110515334943,24.516318377351,0 79.3110540293722,24.5163189107183,0 79.3110565521556,24.5163193247839,0 79.3110590950369,24.5163196184303,0 79.3110616511542,24.5163197908652,0 79.3110642136098,24.5163198416233,0 79.3110667754889,24.5163197705676,0 79.3110693298785,24.5163195778898,0 79.3110718698855,24.5163192641098,0 79.3110743886557,24.5163188300745,0 79.3110768793923,24.516318276955,0 79.3110793353742,24.516317606244,0 79.3110817499737,24.5163168197512,0 79.3110841166753,24.5163159195991,0 79.3110864290924,24.5163149082167,0 79.311088680985,24.5163137883332,0 79.3110908662764,24.5163125629706,0 79.3110929790696,24.5163112354355,0 79.3110950136633,24.5163098093102,0 79.3110969645671,24.5163082884432,0 79.31113226457,24.5162792884357,0 79.3111342519367,24.5162775621783,0 79.3111361240086,24.5162757448923,0 79.3111396075627,24.5162796673199,0 79.311141187346,24.5162813591639,0 79.3111428563334,24.5162829777273,0 79.3111446104698,24.5162845190774,0 79.3111464454928,24.5162859794691,0 79.3111483569439,24.5162873553538,0 79.3111503401786,24.5162886433885,0 79.311152390378,24.5162898404435,0 79.3111545025606,24.5162909436102,0 79.3111754462234,24.5163012645535,0 79.311176162622,24.5163025764011,0 79.3111772634613,24.5163044775198,0 79.3111784620537,24.5163063284917,0 79.3111797556766,24.5163081251126,0 79.3111811413919,24.5163098633015,0 79.3111842413913,24.5163135633022,0 79.311185898978,24.5163154359914,0 79.3111876634273,24.516317225085,0 79.3111895297114,24.5163189254848,0 79.3111914925121,24.5163205323453,0 79.3111935462362,24.5163220410876,0 79.3111956850314,24.5163234474124,0 79.3111979028031,24.5163247473123,0 79.3112001932315,24.5163259370832,0 79.3112025497898,24.5163270133345,0 79.3112049657627,24.5163279729995,0 79.3112074342658,24.5163288133434,0 79.3112099482647,24.5163295319717,0 79.3112126482655,24.516330231972,0 79.3112140946703,24.5163305696462,0 79.3112145127682,24.5163329562494,0 79.311222212754,24.5163703562511,0 79.3112227579692,24.5163726693962,0 79.3112234349192,24.5163749532241,0 79.3112242417441,24.5163772014592,0 79.3112251762268,24.5163794079238,0 79.3112262357995,24.516381566555,0 79.3112274175508,24.5163836714213,0 79.3112287182335,24.516385716739,0 79.3112301342735,24.516387696888,0 79.3112329342728,24.5163913968887,0 79.311234472181,24.5163933187362,0 79.3112361187441,24.5163951636921,0 79.311237869378,24.5163969266201,0 79.3112397192088,24.5163986026121,0 79.3112416630866,24.5164001870021,0 79.3112436955995,24.5164016753791,0 79.311245811089,24.5164030635994,0 79.3112480036654,24.5164043477981,0 79.3112502672245,24.5164055244,0 79.3112525954646,24.5164065901294,0 79.3112549819036,24.5164075420192,0 79.3112574198978,24.5164083774194,0 79.3112599026595,24.5164090940041,0 79.3112624232767,24.5164096897784,0 79.311264974732,24.5164101630836,0 79.3112675499219,24.516410512602,0 79.3112701416771,24.5164107373605,0 79.311272742782,24.5164108367335,0 79.311275345995,24.5164108104441,0 79.3112779440686,24.5164106585657,0 79.3112805297699,24.5164103815211,0 79.3112830959,24.5164099800815,0 79.3112856353147,24.5164094553646,0 79.3112881409443,24.5164088088312,0 79.3112899521366,24.5164082455683,0 79.3112903020233,24.5164103993257,0 79.3112908128262,24.5164127079289,0 79.3112914545495,24.5164149890127,0 79.3112922254464,24.5164172363666,0 79.3112931234178,24.516419443872,0 79.311294146019,24.5164216055189,0 79.311295290466,24.516423715422,0 79.3112965536429,24.5164257678369,0 79.3112979321106,24.5164277571759,0 79.3112994221162,24.5164296780229,0 79.311301019603,24.5164315251481,0 79.3113027202217,24.5164332935227,0 79.3113045193424,24.5164349783321,0 79.3113064120668,24.5164365749894,0 79.3113083932418,24.5164380791474,0 79.3113104574735,24.5164394867112,0 79.311312599142,24.5164407938484,0 79.3113148124164,24.5164419970003,0 79.3113170912709,24.5164430928912,0 79.3113194295011,24.5164440785375,0 79.3113218207412,24.5164449512557,0 79.3113231231731,24.5164453559259,0 79.3113230610546,24.5164471071448,0 79.3113231109045,24.5164494497222,0 79.3113232935368,24.5164517867778,0 79.3113236084596,24.5164541120157,0 79.3113240548246,24.5164564191717,0 79.3113246314292,24.5164587020306,0 79.31132533672,24.5164609544423,0 79.3113261687972,24.516463170339,0 79.311327125419,24.5164653437511,0 79.3113282040085,24.5164674688237,0 79.3113294016599,24.5164695398318,0 79.3113307151469,24.5164715511963,0 79.311332140931,24.5164734974986,0 79.3113336751711,24.5164753734955,0 79.3113353137342,24.5164771741332,0 79.311337052206,24.5164788945607,0 79.3113388859031,24.5164805301433,0 79.3113408098857,24.5164820764749,0 79.3113428189706,24.5164835293898,0 79.3113449077455,24.5164848849737,0 79.3113470705833,24.5164861395749,0 79.3113493016573,24.5164872898135,0 79.3113515949573,24.5164883325908,0 79.3113539443052,24.5164892650976,0 79.3113563433718,24.5164900848218,0 79.3113587856943,24.5164907895551,0 79.3113612646932,24.5164913773989,0 79.31136377369,24.5164918467697,0 79.3113663059258,24.516492196403,0 79.3113688545787,24.5164924253568,0 79.3113714127829,24.5164925330144,0 79.3113739736465,24.5164925190858,0 79.3113746017717,24.516492485801,0 79.3113746312818,24.5164928272718,0 79.3113749662947,24.516495155066,0 79.3113754331399,24.5164974637753,0 79.3113760305543,24.5164997471542,0 79.3113767569218,24.5165019990257,0 79.3113776102777,24.5165042132983,0 79.3113785883133,24.5165063839819,0 79.311379688383,24.5165085052046,0 79.311380907511,24.5165105712281,0 79.3113822423993,24.5165125764634,0 79.3113836894367,24.5165145154862,0 79.311385244709,24.5165163830511,0 79.3113869040087,24.516518174106,0 79.3113886628474,24.5165198838058,0 79.3113905164669,24.5165215075255,0 79.3113924598531,24.5165230408727,0 79.3113944877488,24.5165244796995,0 79.3113965946681,24.5165258201137,0 79.3113987749116,24.5165270584891,0 79.3114010225813,24.5165281914758,0 79.311403331597,24.5165292160089,0 79.3114056957124,24.5165301293169,0 79.3114081085322,24.5165309289291,0 79.3114105635293,24.5165316126824,0 79.3114130540627,24.5165321787272,0 79.3114131230899,24.5165321909693,0 79.3114126901079,24.5165341628008,0 79.3114123160921,24.5165364861544,0 79.3114120746453,24.5165388241599,0 79.3114119664208,24.5165411704899,0 79.3114119917115,24.5165435187942,0 79.3114121504491,24.5165458627174,0 79.3114124422039,24.5165481959161,0 79.3114128661863,24.5165505120756,0 79.311413421249,24.5165528049277,0 79.3114141058896,24.5165550682669,0 79.3114149182553,24.5165572959678,0 79.3114158561476,24.5165594820015,0 79.3114169170281,24.5165616204516,0 79.3114180980258,24.5165637055308,0 79.3114193959443,24.516565731596,0 79.3114208072711,24.5165676931639,0 79.3114223281865,24.5165695849258,0 79.3114239545744,24.5165714017619,0 79.3114256820332,24.516573138755,0 79.3114275058877,24.5165747912043,0 79.3114294212019,24.5165763546376,0 79.3114314227923,24.5165778248236,0 79.3114335052417,24.5165791977835,0 79.3114356629142,24.5165804698015,0 79.3114378899705,24.516581637435,0 79.3114401803831,24.5165826975241,0 79.3114425279535,24.5165836471996,0 79.3114449263282,24.5165844838914,0 79.3114473690163,24.5165852053351,0 79.3114498494069,24.5165858095782,0 79.3114523607871,24.5165862949854,0 79.3114548963603,24.5165866602429,0 79.3114574492641,24.5165869043624,0 79.3114600125895,24.516587026683,0 79.3114699845432,24.5165872648202,0 79.3114711282578,24.5165885602421,0 79.3114728231847,24.5165902898214,0 79.3114746131145,24.5165919373387,0 79.3114764933076,24.5165934984313,0 79.311478458785,24.5165949689654,0 79.3114805043421,24.516596345047,0 79.3114826245623,24.5165976230321,0 79.3114848138311,24.5165987995367,0 79.3114870663513,24.5165998714452,0 79.3114893761581,24.5166008359193,0 79.3114917371351,24.5166016904049,0 79.3114941430304,24.5166024326394,0 79.3114965874729,24.5166030606573,0 79.3114990639899,24.5166035727957,0 79.3115015660233,24.5166039676982,0 79.3115037948341,24.5166042122657,0 79.3115050555577,24.5166059565218,0 79.3115065563585,24.5166078181066,0 79.3115081594186,24.5166096069084,0 79.3115098605286,24.5166113182302,0 79.3115116552219,24.5166129475783,0 79.3115135387857,24.5166144906743,0 79.3115155062743,24.5166159434664,0 79.3115175525213,24.5166173021396,0 79.3115196721536,24.5166185631265,0 79.3115251459055,24.5166216398767,0 79.3115251032148,24.5166222098233,0 79.3115250630338,24.5166246052866,0 79.3115251618132,24.5166269993267,0 79.3115253992748,24.5166293852006,0 79.3115257747498,24.5166317561886,0 79.3115262871806,24.5166341056125,0 79.311526935124,24.516636426855,0 79.311527716755,24.5166387133782,0 79.3115286298722,24.516640958742,0 79.3115296719035,24.5166431566222,0 79.3115381718986,24.5166598566244,0 79.3115393239608,24.5166619733778,0 79.3115405955939,24.5166640320323,0 79.3115419833084,24.5166660269392,0 79.3115434832966,24.5166679526244,0 79.3115450914426,24.5166698038041,0 79.3115468033336,24.5166715753986,0 79.3115486142724,24.5166732625467,0 79.3115505192898,24.5166748606191,0 79.3115514458997,24.5166755598567,0 79.3115513288226,24.5166769151638,0 79.3115512599375,24.5166792628821,0 79.3115513246018,24.5166816107009,0 79.3115515226404,24.5166839522652,0 79.3115518535173,24.5166862812373,0 79.311552316337,24.5166885913131,0 79.3115529098468,24.5166908762401,0 79.3115536324401,24.5166931298335,0 79.3115544821612,24.5166953459936,0 79.3115554567101,24.5166975187217,0 79.3115565534489,24.5166996421371,0 79.3115645534448,24.5167141421392,0 79.311565764724,24.5167162030032,0 79.3115670910958,24.5167182036734,0 79.3115685289967,24.5167201387742,0 79.3115687649138,24.516720423348,0 79.3115686619573,24.5167207963088,0 79.3115681610447,24.5167231168232,0 79.311567793671,24.5167254581573,0 79.3115675608448,24.516727813883,0 79.3115674632053,24.5167301775326,0 79.3115675010205,24.5167325426166,0 79.3115676741868,24.5167349026418,0 79.3115679822286,24.5167372511285,0 79.3115684243002,24.5167395816291,0 79.311568999188,24.516741887745,0 79.3115697053135,24.5167441631449,0 79.3115705407381,24.5167464015816,0 79.3115715031682,24.5167485969094,0 79.3115725899613,24.516750743101,0 79.3115737981337,24.516752834264,0 79.3115751243683,24.5167548646572,0 79.311576565024,24.5167568287059,0 79.3115781161454,24.516758721018,0 79.3115797734739,24.516760536398,0 79.3115815324592,24.5167622698619,0 79.3115958457415,24.5167756544253,0 79.3115977633832,24.5167913993215,0 79.31159811549,24.5167937345356,0 79.3115986003573,24.5167960497487,0 79.3115992166629,24.5167983386475,0 79.3115999627262,24.51680059499,0 79.3116008365128,24.5168028126235,0 79.3116018356398,24.5168049855005,0 79.3116029573826,24.5168071076957,0 79.3116041986824,24.5168091734219,0 79.3116055561542,24.5168111770461,0 79.3116070260961,24.5168131131043,0 79.3116086044998,24.516814976317,0 79.311610287061,24.5168167616034,0 79.3116120691915,24.5168184640951,0 79.3116139460314,24.5168200791494,0 79.3116159124627,24.5168216023621,0 79.311617963123,24.5168230295795,0 79.3116200924203,24.5168243569097,0 79.311622294548,24.516825580733,0 79.3116245635011,24.5168266977122,0 79.3116268930922,24.5168277048013,0 79.3116292769686,24.5168285992539,0 79.3116296123289,24.516828706741,0 79.3116286139935,24.5168298776726,0 79.3116271318693,24.5168318177524,0 79.3116257629318,24.5168338262428,0 79.3116245109446,24.5168358976219,0 79.31162337935,24.5168380261945,0 79.3116223712592,24.5168402061085,0 79.3116214894438,24.5168424313704,0 79.3116207363282,24.5168446958621,0 79.311620113983,24.5168469933578,0 79.3116196241194,24.5168493175408,0 79.3116192680841,24.5168516620209,0 79.311619046856,24.5168540203523,0 79.3116189610433,24.5168563860511,0 79.3116190108821,24.5168587526132,0 79.3116191962353,24.5168611135318,0 79.3116195165932,24.516863462316,0 79.3116199710752,24.516865792508,0 79.3116205584316,24.5168680977013,0 79.3116212770476,24.5168703715581,0 79.3116221249476,24.5168726078266,0 79.3116230998002,24.5168748003585,0 79.3116241989252,24.5168769431257,0 79.3116254193009,24.516879030237,0 79.3116267575718,24.5168810559539,0 79.3116282100585,24.5168830147072,0 79.3116297727677,24.5168849011115,0 79.3116314414029,24.5168867099802,0 79.3116332113764,24.5168884363402,0 79.3116350778218,24.516890075445,0 79.3116370356075,24.5168916227881,0 79.311639079351,24.5168930741152,0 79.3116412034331,24.5168944254362,0 79.3116434020139,24.5168956730357,0 79.3116456690488,24.5168968134835,0 79.3116479983048,24.5168978436443,0 79.3116503833778,24.5168987606856,0 79.3116528177105,24.5168995620862,0 79.3116552946098,24.5169002456427,0 79.3116868946196,24.516908145646,0 79.3116893562219,24.5169086992866,0 79.3116918456542,24.5169091365285,0 79.3116943563457,24.5169094562175,0 79.3116968816696,24.5169096575097,0 79.3116994149603,24.516909739874,0 79.3117019495312,24.5169097030928,0 79.3117044786924,24.5169095472633,0 79.3117069957684,24.5169092727968,0 79.3117094941152,24.5169088804177,0 79.3117119671386,24.5169083711617,0 79.3117128935325,24.5169081573786,0 79.3117284811544,24.5169171228091,0 79.3117294072177,24.516917948288,0 79.3117313528255,24.516919509273,0 79.3117333852088,24.5169209747846,0 79.3117354987773,24.5169223407917,0 79.3117376877172,24.5169236035369,0 79.3117399460076,24.5169247595468,0 79.3117422674367,24.5169258056416,0 79.311744645619,24.5169267389438,0 79.3117470740129,24.5169275568863,0 79.3117495459387,24.5169282572192,0 79.3117520545971,24.516928838016,0 79.3117545930875,24.5169292976793,0 79.3117571544273,24.5169296349445,0 79.3117597315713,24.5169298488842,0 79.3117623174306,24.5169299389096,0 79.3117649048924,24.5169299047734,0 79.3117674868394,24.5169297465692,0 79.3117700561695,24.5169294647323,0 79.3117726058154,24.5169290600379,0 79.3117785457797,24.5169279696891,0 79.3117817183696,24.516933273126,0 79.3117831131779,24.5169354571353,0 79.3117846395046,24.5169375662367,0 79.3117862925573,24.5169395938081,0 79.3117880671458,24.516941533483,0 79.311789957698,24.5169433791713,0 79.3117919582779,24.5169451250776,0 79.3118119582783,24.516961625082,0 79.3118139317086,24.5169631689927,0 79.3118159911805,24.5169646157823,0 79.3118181309904,24.5169659614439,0 79.3118203452122,24.5169672022508,0 79.3118226277139,24.5169683347666,0 79.3118249721741,24.516969355855,0 79.3118273721001,24.5169702626881,0 79.3118298208454,24.5169710527545,0 79.3118323116284,24.5169717238661,0 79.3118348375509,24.5169722741644,0 79.3118373916178,24.5169727021253,0 79.3118399667555,24.5169730065636,0 79.3118425558325,24.5169731866362,0 79.3118451516785,24.5169732418444,0 79.3118477471044,24.5169731720354,0 79.3118503349224,24.5169729774023,0 79.3118529079657,24.5169726584844,0 79.3118554591084,24.5169722161647,0 79.3118579812852,24.5169716516682,0 79.3118604675113,24.5169709665584,0 79.3118629109011,24.5169701627325,0 79.3118831109071,24.5169629627304,0 79.3118854573028,24.5169620619645,0 79.3118877498204,24.5169610517207,0 79.3118899823625,24.5169599346859,0 79.3118921489914,24.5169587138311,0 79.3118942439443,24.5169573924034,0 79.3118962616494,24.5169559739174,0 79.3119124051547,24.5169440065307,0 79.3119450566465,24.5169384920557,0 79.3119474957765,24.5169380215284,0 79.3119499058193,24.5169374388931,0 79.3119522806233,24.5169367456371,0 79.3119546141268,24.5169359435297,0 79.3119573141276,24.5169349435294,0 79.3119596736644,24.5169340033777,0 79.3119619764109,24.5169329519415,0 79.311964216102,24.5169317920812,0 79.3119663866442,24.5169305269526,0 79.3119684821322,24.5169291599976,0 79.3119704968649,24.5169276949353,0 79.3119724253609,24.5169261357516,0 79.3119742623733,24.5169244866885,0 79.3119760029043,24.5169227522327,0 79.3119776422184,24.5169209371029,0 79.3119791758557,24.5169190462376,0 79.3119805996435,24.5169170847812,0 79.3119819097083,24.5169150580701,0 79.3119831024858,24.5169129716184,0 79.3119841747309,24.5169108311026,0 79.3119851235263,24.5169086423464,0 79.3119859462906,24.5169064113046,0 79.3119864634311,24.5169047230406,0 79.3119884614761,24.516904281414,0 79.311990983067,24.5169035919872,0 79.3119934608915,24.5169027805287,0 79.3119958879,24.5169018493471,0 79.3119982571876,24.5169008010918,0 79.3120005620133,24.516899638745,0 79.3120027958196,24.5168983656139,0 79.3120049522512,24.5168969853205,0 79.3120156926724,24.5168897126587,0 79.3120174656595,24.5168900454794,0 79.3120200477711,24.5168904011641,0 79.3120226468338,24.5168906313692,0 79.3120252555682,24.51689073545,0 79.3120278666677,24.516890713115,0 79.3120304728191,24.5168905644267,0 79.312033066723,24.5168902898016,0 79.3120356411145,24.5168898900089,0 79.3120381887831,24.5168893661682,0 79.3120407025934,24.5168887197469,0 79.3120431755045,24.5168879525553,0 79.3120456005903,24.5168870667423,0 79.3120479710587,24.5168860647888,0 79.3120502802703,24.5168849495011,0 79.3120525217575,24.5168837240029,0 79.3120546892424,24.5168823917267,0 79.3120567766542,24.5168809564038,0 79.3120587781465,24.5168794220544,0 79.3120606881135,24.5168777929759,0 79.31206137554,24.5168771411312,0 79.3120625048243,24.5168770498611,0 79.31206501916,24.5168767266832,0 79.3120675119955,24.5168762855945,0 79.3120699767293,24.5168757277629,0 79.3120724068347,24.5168750546657,0 79.3120747958765,24.5168742680852,0 79.3120771375283,24.5168733701045,0 79.3120794255892,24.5168723631015,0 79.3120816540002,24.5168712497427,0 79.3120838168602,24.5168700329765,0 79.3120859084417,24.5168687160251,0 79.3120873303766,24.5168677183316,0 79.3120898679185,24.5168682407664,0 79.3120923786139,24.5168686954218,0 79.3120949117002,24.5168690303506,0 79.3120974603616,24.5168692446513,0 79.31210001774,24.5168693377474,0 79.3121025769543,24.5168693093883,0 79.3121051311181,24.5168691596505,0 79.3121076733588,24.5168688889367,0 79.3121101968358,24.5168684979755,0 79.3121126947591,24.5168679878188,0 79.3121151604072,24.5168673598392,0 79.3121175871457,24.5168666157267,0 79.3121199684449,24.5168657574833,0 79.3121222978971,24.5168647874185,0 79.3121245692344,24.5168637081425,0 79.3121267763452,24.5168625225592,0 79.3121289132905,24.5168612338589,0 79.3121309743205,24.5168598455092,0 79.3121437743222,24.5168507455068,0 79.31214663225,24.5168485501939,0 79.3121568808977,24.5168400528965,0 79.3121620864584,24.5168378405329,0 79.3121644031961,24.5168367875072,0 79.3121661182524,24.516835902535,0 79.3121665528013,24.5168359499488,0 79.3121691525529,24.5168361068884,0 79.3121717577347,24.5168361380537,0 79.3121743610825,24.5168360433576,0 79.3121769553372,24.5168358230642,0 79.312179533265,24.5168354777878,0 79.3121820876779,24.5168350084911,0 79.312184611453,24.5168344164828,0 79.3121870975534,24.5168337034135,0 79.3121895390466,24.5168328712715,0 79.3121919291251,24.5168319223772,0 79.3121942611244,24.5168308593764,0 79.3121965285419,24.5168296852332,0 79.3121987250554,24.5168284032214,0 79.3122008445402,24.5168270169159,0 79.3122028810863,24.5168255301821,0 79.3122048290151,24.5168239471656,0 79.3122066828952,24.5168222722804,0 79.3122084375571,24.5168205101967,0 79.3122100881082,24.5168186658279,0 79.3122116299463,24.5168167443167,0 79.3122130587722,24.516814751021,0 79.3122143706016,24.5168126914989,0 79.3122155617769,24.5168105714929,0 79.3122166289765,24.5168083969145,0 79.3122175692248,24.5168061738273,0 79.3122183798999,24.5168039084299,0 79.3122190587414,24.5168016070391,0 79.3122196038566,24.5167992760721,0 79.3122200137253,24.5167969220284,0 79.3122202872048,24.5167945514719,0 79.3122204235325,24.5167921710127,0 79.3122204223283,24.5167897872883,0 79.3122202835955,24.5167874069454,0 79.312220007721,24.5167850366212,0 79.312219595474,24.5167826829252,0 79.3122190480041,24.5167803524201,0 79.3122183668377,24.5167780516045,0 79.3122175538743,24.5167757868936,0 79.3122166113807,24.5167735646025,0 79.3122155419849,24.5167713909276,0 79.3122143486687,24.5167692719299,0 79.3122130347596,24.516767213518,0 79.3122027347561,24.5167520135206,0 79.3122021574364,24.5167511819541,0 79.3121957574345,24.5167421819558,0 79.3121942469294,24.5167401781499,0 79.3121926205656,24.5167382517496,0 79.3121908830718,24.5167364083562,0 79.3121890395,24.5167346533295,0 79.3121870952104,24.5167329917724,0 79.3121850558564,24.516731428516,0 79.3121829273676,24.5167299681057,0 79.3121807159328,24.5167286147877,0 79.3121784279818,24.5167273724969,0 79.3121768684267,24.5167266266221,0 79.3121786765832,24.5167254147938,0 79.3121806543976,24.5167239396409,0 79.3121825462091,24.5167223729077,0 79.3121843469575,24.5167207187848,0 79.3121860518266,24.5167189816963,0 79.3121876562562,24.5167171662884,0 79.3121891559551,24.5167152774169,0 79.312190546912,24.5167133201338,0 79.3121918254066,24.5167112996743,0 79.3121929880192,24.5167092214424,0 79.3121940316403,24.5167070909968,0 79.3121949534786,24.5167049140358,0 79.3121957510683,24.516702696382,0 79.3121964222762,24.516700443967,0 79.3121969653071,24.5166981628153,0 79.3121973787085,24.5166958590282,0 79.3121976613746,24.5166935387677,0 79.3121978125495,24.5166912082396,0 79.3121978318288,24.5166888736776,0 79.312197719161,24.5166865413257,0 79.3121954191492,24.5166565413258,0 79.3121951788952,24.5166542478625,0 79.3121948110557,24.5166519686016,0 79.3121943165892,24.5166497094802,0 79.3121936967835,24.5166474763832,0 79.3121929532532,24.5166452751275,0 79.3121920879352,24.5166431114473,0 79.3121911030835,24.5166409909788,0 79.3121900012636,24.5166389192454,0 79.3121887853456,24.516636901644,0 79.3121874584969,24.5166349434301,0 79.3121860241738,24.5166330497047,0 79.3121844861126,24.5166312254009,0 79.3121828483197,24.5166294752706,0 79.3121811150616,24.5166278038729,0 79.3121792908531,24.5166262155616,0 79.3121773804461,24.516624714474,0 79.3121458804482,24.5166012144806,0 79.3121438572054,24.5165997833206,0 79.3121430236649,24.5165992544899,0 79.3121430246337,24.5165983712873,0 79.3121428937637,24.5165960263244,0 79.3121426298024,24.5165936907593,0 79.3121422334638,24.5165913709109,0 79.3121417058203,24.5165890730553,0 79.3121410482993,24.5165868034094,0 79.3121402626797,24.5165845681136,0 79.3121393510871,24.5165823732152,0 79.3121383159877,24.5165802246526,0 79.3121371601819,24.5165781282385,0 79.3121358867967,24.5165760896447,0 79.3121344992772,24.5165741143866,0 79.3121330013772,24.516572207808,0 79.3121145013736,24.5165499078126,0 79.312112896508,24.5165480743801,0 79.3121111895777,24.5165463198063,0 79.3121093852043,24.5165446488418,0 79.3121074882733,24.5165430660107,0 79.3121055039206,24.5165415755988,0 79.312103437519,24.5165401816413,0 79.3121012946633,24.5165388879123,0 79.3120990811553,24.5165376979148,0 79.3120968029883,24.5165366148706,0 79.3120944663304,24.5165356417122,0 79.3120934837278,24.516535287703,0 79.3120934214407,24.5165339720154,0 79.312093176479,24.516531630097,0 79.3120927984942,24.5165293030353,0 79.3120922885127,24.5165269971506,0 79.3120916479198,24.5165247187059,0 79.3120908784553,24.5165224738897,0 79.3120899822093,24.5165202687989,0 79.3120889616158,24.5165181094227,0 79.312087819447,24.5165160016262,0 79.3120865588051,24.5165139511342,0 79.312085183114,24.516511963516,0 79.3120836961102,24.5165100441701,0 79.3120821018325,24.5165081983096,0 79.3120631672819,24.5164874130225,0 79.3120597648225,24.5164734062529,0 79.3120591503916,24.5164711523382,0 79.3120584100463,24.5164689303259,0 79.3120575457472,24.5164667461,0 79.3120565597829,24.5164646054444,0 79.3120554547643,24.5164625140275,0 79.3120542336175,24.5164604773875,0 79.3120528995762,24.5164585009173,0 79.3120514561728,24.5164565898509,0 79.3120499072297,24.5164547492486,0 79.3120318072269,24.516434349253,0 79.3120301138865,24.5164325404199,0 79.3120283186336,24.5164308158125,0 79.3120264264652,24.5164291802311,0 79.3120244426481,24.5164276382283,0 79.3120223727041,24.5164261940962,0 79.3120202223947,24.5164248518543,0 79.3120179977052,24.5164236152388,0 79.3120157048279,24.5164224876917,0 79.3120133501449,24.5164214723514,0 79.3120109402102,24.5164205720441,0 79.3120084817319,24.5164197892757,0 79.3120059815529,24.516419126225,0 79.3120036375675,24.5164186255234,0 79.3120047556859,24.5164176890348,0 79.3120065641086,24.5164160072746,0 79.3120082740288,24.5164142413701,0 79.3120098807763,24.5164123961445,0 79.3120113799625,24.5164104766377,0 79.3120127674928,24.5164084880926,0 79.3120140395772,24.5164064359404,0 79.3120151927414,24.5164043257862,0 79.3120162238358,24.5164021633936,0 79.312017130044,24.5163999546686,0 79.312017908891,24.5163977056441,0 79.3120185582495,24.5163954224628,0 79.3120190763458,24.5163931113607,0 79.312019461765,24.5163907786502,0 79.3120197134543,24.5163884307028,0 79.3120198307263,24.5163860739313,0 79.3120198132606,24.5163837147728,0 79.3120196611051,24.516381359671,0 79.3120193746752,24.5163790150584,0 79.3120189547534,24.5163766873387,0 79.3120184024866,24.5163743828699,0 79.3120177193831,24.516372107946,0 79.3120169073088,24.5163698687806,0 79.3120159684817,24.5163676714895,0 79.3120149054661,24.5163655220743,0 79.3120137211653,24.5163634264057,0 79.3120124188141,24.5163613902076,0 79.3120110019696,24.5163594190414,0 79.3120094745017,24.5163575182911,0 79.3120078405822,24.5163556931482,0 79.3120061046741,24.5163539485977,0 79.3120042715186,24.5163522894045,0 79.3119741420843,24.516326409002,0 79.3119739784207,24.5163260475602,0 79.3119728786662,24.5163239354915,0 79.3119716607916,24.5163218783874,0 79.3119703280679,24.5163198817731,0 79.3119688840745,24.5163179510111,0 79.31196733269,24.5163160912872,0 79.311965678081,24.5163143075963,0 79.3119639246915,24.5163126047292,0 79.311962077231,24.5163109872594,0 79.3119601406615,24.5163094595313,0 79.3119581201842,24.5163080256481,0 79.3119560212259,24.5163066894611,0 79.311953849424,24.5163054545589,0 79.3119516106118,24.5163043242584,0 79.3119493108022,24.5163033015954,0 79.3119469561724,24.5163023893167,0 79.3119445530463,24.5163015898723,0 79.3119421078786,24.5163009054096,0 79.3119396272365,24.5163003377669,0 79.3119377507811,24.5163000018023,0 79.3119381256571,24.5162991364696,0 79.3119389459505,24.516296911636,0 79.3119396386939,24.5162946507888,0 79.3119402020131,24.5162923600445,0 79.311940634384,24.5162900456005,0 79.3119409346371,24.5162877137185,0 79.3119411019598,24.516285370707,0 79.3119411358996,24.5162830229051,0 79.3119410363647,24.5162806766645,0 79.3119408036243,24.5162783383328,0 79.3119404383081,24.5162760142362,0 79.3119399414045,24.5162737106623,0 79.3119393142578,24.5162714338434,0 79.3119385585647,24.5162691899391,0 79.3119376763696,24.5162669850203,0 79.3119371516172,24.5162658586792,0 79.3119373694398,24.5162656831756,0 79.3119392207891,24.5162640257966,0 79.3119409745222,24.5162622818113,0 79.3119426258061,24.516260456026,0 79.31194417009,24.5162585534723,0 79.3119456031179,24.5162565793935,0 79.3119469209407,24.5162545392299,0 79.3119481199265,24.5162524386041,0 79.3119491967711,24.5162502833051,0 79.3119501485067,24.5162480792727,0 79.3119509725106,24.516245832581,0 79.3119516665118,24.5162435494217,0 79.3119522285978,24.516241236087,0 79.3119526572194,24.5162388989521,0 79.3119529511956,24.5162365444579,0 79.311953109716,24.5162341790933,0 79.311953132344,24.5162318093768,0 79.311953019017,24.5162294418393,0 79.3119527700474,24.5162270830053,0 79.3119523861214,24.5162247393756,0 79.3119518682971,24.5162224174091,0 79.3119512180015,24.5162201235047,0 79.3119504370267,24.5162178639843,0 79.3119495275252,24.5162156450748,0 79.3119484920033,24.5162134728915,0 79.3119473333148,24.5162113534204,0 79.3119460546531,24.5162092925028,0 79.3119446595419,24.5162072958183,0 79.311943151826,24.5162053688695,0 79.3119415356607,24.5162035169669,0 79.3119398154998,24.5162017452142,0 79.3119379960839,24.5162000584941,0 79.3119360824272,24.5161984614551,0 79.3119340798034,24.5161969584984,0 79.3119319937318,24.516195553766,0 79.3119298299611,24.5161942511292,0 79.3119100565351,24.5161830162315,0 79.3119090201039,24.5161812335816,0 79.3119076462501,24.5161791498114,0 79.311906151659,24.5161771368053,0 79.311904540674,24.5161752004131,0 79.3119028179766,24.5161733462624,0 79.3118923111799,24.5161626366369,0 79.3118918837595,24.5161613884357,0 79.3118909903257,24.5161591875992,0 79.3118899730382,24.5161570322369,0 79.3118888346486,24.5161549281786,0 79.311887578236,24.5161528811154,0 79.3118862071989,24.5161508965841,0 79.3118847252455,24.5161489799526,0 79.3118749252436,24.516136979955,0 79.3118733031599,24.5161350998947,0 79.3118715743661,24.5161333011979,0 79.3118697437293,24.5161315889287,0 79.3118678164033,24.5161299679076,0 79.3118657978143,24.5161284426983,0 79.3118656568788,24.5161283472461,0 79.3118652866391,24.5161269123465,0 79.3118645100014,24.5161245081569,0 79.3118614099984,24.5161158081577,0 79.3118606554618,24.5161138453002,0 79.3118598028666,24.5161119163389,0 79.3118588540241,24.5161100253721,0 79.3118582005817,24.5161087985016,0 79.3118582946012,24.5161085521188,0 79.3118590208913,24.516106268968,0 79.3118596147693,24.5161039539941,0 79.3118597630429,24.5161031993144,0 79.3118601864774,24.5161029296567,0 79.3118724864793,24.5160946296544,0 79.3118745020989,24.5160931943631,0 79.3118764338354,24.5160916655624,0 79.3118782765122,24.516090047349,0 79.3118800251914,24.5160883440595,0 79.3118816751869,24.5160865602583,0 79.311883222077,24.5160847007257,0 79.3118846617165,24.5160827704447,0 79.3118859902473,24.5160807745882,0 79.3118867032647,24.5160796382162,0 79.3118882246967,24.5160797190496,0 79.311890797154,24.5160797328439,0 79.3118933669006,24.5160796239484,0 79.3118959269509,24.5160793926591,0 79.3118984703456,24.5160790396048,0 79.3119009901707,24.5160785657452,0 79.3119034795762,24.5160779723685,0 79.311905931795,24.5160772610877,0 79.3119083401608,24.5160764338364,0 79.3119106981268,24.5160754928633,0 79.3119129992829,24.5160744407265,0 79.3119152373737,24.516073280286,0 79.3119174063151,24.5160720146965,0 79.3119195002111,24.5160706473984,0 79.3119215133696,24.5160691821084,0 79.3119234403179,24.51606762281,0 79.3119252758178,24.5160659737419,0 79.3119270148797,24.5160642393869,0 79.3119286527761,24.5160624244598,0 79.3119301850545,24.5160605338943,0 79.3119316075495,24.5160585728298,0 79.3119329163942,24.5160565465971,0 79.3119341080307,24.5160544607045,0 79.3119351792195,24.5160523208224,0 79.3119361270488,24.5160501327677,0 79.3119369489419,24.5160479024885,0 79.3119376426647,24.5160456360476,0 79.3119382063312,24.5160433396063,0 79.3119420746291,24.5160254047421,0 79.311966192354,24.5160248265775,0 79.3119687770162,24.5160247024854,0 79.3119713510099,24.5160244545584,0 79.3119739072521,24.5160240834787,0 79.3119764387087,24.5160235902673,0 79.3119789384138,24.5160229762816,0 79.3119813994889,24.516022243211,0 79.3119838151617,24.5160213930727,0 79.311986178785,24.5160204282061,0 79.3119884838547,24.5160193512663,0 79.3119907240278,24.5160181652167,0 79.3119973523812,24.5160144401916,0 79.3119994509474,24.5160142856965,0 79.3120020263276,24.5160139705477,0 79.3120045800035,24.5160135317939,0 79.3120071048932,24.5160129706519,0 79.3120095939944,24.516012288678,0 79.3120120404043,24.5160114877633,0 79.3120144373384,24.5160105701289,0 79.3120167781494,24.5160095383199,0 79.3120190563456,24.5160083951975,0 79.3120212656092,24.5160071439319,0 79.3120233998132,24.5160057879933,0 79.3120254530389,24.5160043311419,0 79.3120274195924,24.516002777418,0 79.3120292940198,24.5160011311304,0 79.3120310711229,24.5159993968447,0 79.3120327459734,24.5159975793705,0 79.3120343139265,24.515995683748,0 79.3120357706339,24.5159937152344,0 79.3120371120558,24.5159916792886,0 79.3120383344721,24.5159895815571,0 79.3120394344928,24.5159874278572,0 79.3120404090672,24.5159852241617,0 79.3120412554927,24.515982976582,0 79.3120417743771,24.5159813203138,0 79.3120434965578,24.515980492379,0 79.3120459666174,24.5159792275896,0 79.3121308019934,24.5159033701321,0 79.3121316646836,24.5159032769271,0 79.3121342063858,24.5159028781909,0 79.3121367218459,24.5159023584982,0 79.3121392041922,24.5159017192686,0 79.3121416466436,24.5159009622485,0 79.312144042528,24.5159000895058,0 79.3121463853005,24.5158991034245,0 79.3121486685611,24.5158980066984,0 79.3121508860727,24.5158968023235,0 79.3121530317776,24.5158954935899,0 79.3121550998142,24.5158940840725,0 79.3121570845332,24.5158925776219,0 79.3121589805129,24.5158909783534,0 79.3121607825739,24.5158892906356,0 79.3121624857936,24.515887519079,0 79.312164085519,24.515885668523,0 79.3121655773804,24.515883744023,0 79.3121669573021,24.515881750836,0 79.3121682215147,24.5158796944069,0 79.3121693665647,24.5158775803535,0 79.3121703893241,24.5158754144508,0 79.3121712869989,24.5158732026153,0 79.3121720571371,24.5158709508894,0 79.3121722582548,24.5158702332481,0 79.3121762698062,24.5158588226009,0 79.3121770002136,24.5158565404457,0 79.3121775982551,24.5158542262664,0 79.3121780622714,24.5158518864847,0 79.3121783909748,24.5158495275933,0 79.3121785834532,24.5158471561382,0 79.3121786391724,24.5158447786998,0 79.3121785579778,24.5158424018756,0 79.3121783400948,24.5158400322611,0 79.312177986128,24.5158376764318,0 79.3121774970597,24.5158353409251,0 79.3121772677992,24.5158344910798,0 79.3121822629548,24.5158394367792,0 79.3121838431522,24.5158409307904,0 79.3121854968586,24.5158423566506,0 79.3121872205663,24.5158437113355,0 79.3121920205666,24.5158473113365,0 79.3121940667736,24.5158487655102,0 79.3121961935943,24.5158501194022,0 79.3121983951637,24.5158513692791,0 79.3122006654108,24.5158525116942,0 79.3122029980751,24.5158535434973,0 79.3122053867241,24.5158544618429,0 79.3122078247709,24.5158552641987,0 79.3122103054922,24.5158559483521,0 79.3122128220472,24.5158565124165,0 79.3122153674963,24.5158569548363,0 79.3122179348201,24.5158572743916,0 79.3122205169389,24.5158574702012,0 79.3122231067323,24.5158575417251,0 79.3122256970587,24.515857488766,0 79.3122277111851,24.5158573505557,0 79.3122291329938,24.5158591077569,0 79.3122307912826,24.5158609458103,0 79.3122325532901,24.5158627012264,0 79.3122344141049,24.5158643691121,0 79.3122363685399,24.5158659448181,0 79.3122384111472,24.5158674239523,0 79.312240536233,24.5158688023915,0 79.3122427378736,24.5158700762933,0 79.3122450099322,24.5158712421068,0 79.3122473460752,24.5158722965823,0 79.3122497397908,24.5158732367805,0 79.3122521844064,24.5158740600805,0 79.3122546731079,24.5158747641875,0 79.3122571989579,24.5158753471386,0 79.3122597549156,24.5158758073091,0 79.3122623338564,24.515876143416,0 79.3122649285915,24.5158763545226,0 79.3122675318882,24.5158764400404,0 79.3122701364897,24.5158763997311,0 79.3122727351358,24.5158762337068,0 79.3122753205827,24.5158759424306,0 79.3122778856236,24.5158755267142,0 79.3122804231085,24.5158749877166,0 79.3122829259641,24.51587432694,0 79.3122853872138,24.5158735462266,0 79.3122877999969,24.5158726477523,0 79.3122901575877,24.5158716340219,0 79.3122924534146,24.515870507861,0 79.3122946810779,24.5158692724087,0 79.312296834368,24.515867931109,0 79.3123226343723,24.5158509311043,0 79.3123246906747,24.515849499904,0 79.3123266622721,24.5158479721825,0 79.3123285437584,24.515846352129,0 79.3123303299741,24.5158446441858,0 79.3123320160215,24.5158428530363,0 79.3123335972772,24.5158409835918,0 79.3123350694053,24.5158390409787,0 79.3123364283691,24.5158370305236,0 79.3123376704422,24.5158349577396,0 79.3123387922187,24.5158328283102,0 79.3123397906227,24.5158306480746,0 79.3123406629163,24.5158284230113,0 79.3123414067078,24.5158261592214,0 79.3123420199576,24.5158238629125,0 79.3123425009841,24.5158215403814,0 79.3123425202072,24.5158214107987,0 79.3123426426743,24.5158213490159,0 79.31234482829,24.515820106229,0 79.3123455182288,24.5158196666975,0 79.3123460612499,24.5158225824904,0 79.312346562332,24.5158249038804,0 79.3123471956761,24.5158271980588,0 79.3123479595419,24.5158294587221,0 79.3123488518307,24.5158316796589,0 79.312349870091,24.5158338547672,0 79.3123510115248,24.5158359780706,0 79.3123522729961,24.5158380437351,0 79.3123536510389,24.5158400460852,0 79.312355141867,24.5158419796193,0 79.312356741384,24.5158438390249,0 79.3123584451954,24.515845619193,0 79.3123602486196,24.5158473152325,0 79.3123621467017,24.5158489224835,0 79.3123641342265,24.5158504365299,0 79.3123662057332,24.5158518532117,0 79.3123683555301,24.5158531686365,0 79.3123705777106,24.51585437919,0 79.3123728661689,24.5158554815462,0 79.3123752146174,24.5158564726762,0 79.3123776166035,24.5158573498568,0 79.3123800655276,24.515858110678,0 79.3123825546611,24.5158587530493,0 79.3123850771648,24.5158592752056,0 79.3123876261081,24.5158596757125,0 79.3123901944874,24.5158599534694,0 79.312392775246,24.5158601077131,0 79.3123953612931,24.51586013802,0 79.3123979455231,24.5158600443066,0 79.3124005208359,24.5158598268306,0 79.3124030801554,24.5158594861894,0 79.3124056164498,24.5158590233189,0 79.3124081227504,24.515858439491,0 79.3124105921709,24.5158577363097,0 79.3124130179265,24.5158569157072,0 79.3124153933521,24.5158559799379,0 79.3124177119211,24.5158549315732,0 79.312419967263,24.5158537734934,0 79.3124221531811,24.5158525088804,0 79.3124242636695,24.515851141209,0 79.3124262929294,24.5158496742367,0 79.3124282353852,24.5158481119944,0 79.3124747306459,24.5158086938852,0 79.3124757980226,24.5158082862849,0 79.312478142106,24.5158072552684,0 79.3124804235505,24.5158061126707,0 79.3124826360167,24.5158048616669,0 79.3124847733567,24.515803505733,0 79.3124868296313,24.5158020486368,0 79.3124887991268,24.5158004944274,0 79.3124906763703,24.5157988474234,0 79.3124924561455,24.5157971122015,0 79.3124970303614,24.5157924100349,0 79.3125015891727,24.5157931493012,0 79.3125041464051,24.5157935010193,0 79.3125067202666,24.515793729671,0 79.3125093036868,24.5157938346281,0 79.312511889569,24.5157938156023,0 79.3125144708102,24.5157936726459,0 79.3125170403195,24.5157934061516,0 79.3125195910388,24.5157930168515,0 79.3125221159613,24.5157925058149,0 79.3125246081512,24.5157918744456,0 79.3125270607625,24.5157911244779,0 79.312529467058,24.5157902579722,0 79.3125318204276,24.5157892773084,0 79.3125341144069,24.5157881851805,0 79.3125363426943,24.5157869845886,0 79.3125384991688,24.5157856788306,0 79.3125405779066,24.5157842714933,0 79.3125425731977,24.5157827664427,0 79.3125444795609,24.5157811678131,0 79.3125462917596,24.5157794799958,0 79.3125480048158,24.5157777076273,0 79.3125496140238,24.515775855576,0 79.3125511149631,24.5157739289296,0 79.3125525035108,24.5157719329804,0 79.3125537758525,24.5157698732113,0 79.3125545500723,24.5157684506134,0 79.3125558111796,24.5157683850975,0 79.3125584296108,24.5157681202149,0 79.3125610288572,24.5157677278442,0 79.3125636015089,24.515767209104,0 79.3125661402319,24.515766565473,0 79.3125686377888,24.5157657987862,0 79.3125794218285,24.5157621925488,0 79.3125818907112,24.5157627967414,0 79.3125843928311,24.5157632835033,0 79.3125869191621,24.5157636509629,0 79.3125894629136,24.5157638981327,0 79.3125920172479,24.5157640243482,0 79.3125945752991,24.5157640292701,0 79.312597130191,24.5157639128853,0 79.3125996750563,24.5157636755065,0 79.3126022030543,24.5157633177718,0 79.3126047073898,24.5157628406429,0 79.3126071813312,24.5157622454022,0 79.3126096182285,24.5157615336498,0 79.3126100933805,24.515761369591,0 79.3126114131888,24.5157620944463,0 79.3126136756869,24.5157631950776,0 79.3126159975887,24.5157641867559,0 79.3126183726315,24.5157650668065,0 79.3126207944095,24.5157658328558,0 79.3126232563907,24.5157664828375,0 79.3126257519345,24.5157670149986,0 79.3126282743102,24.5157674279037,0 79.3126308167143,24.5157677204391,0 79.3126333722896,24.5157678918158,0 79.3126359341431,24.5157679415716,0 79.3126384953651,24.5157678695723,0 79.3126410490475,24.515767676012,0 79.3126435883025,24.5157673614129,0 79.3126461062813,24.5157669266234,0 79.3126485961925,24.5157663728163,0 79.3126510513202,24.5157657014853,0 79.3126534650425,24.515764914441,0 79.3126558308493,24.5157640138064,0 79.3126581423593,24.5157630020106,0 79.3126603933382,24.5157618817825,0 79.3126625777146,24.5157606561437,0 79.3126646895968,24.5157593283999,0 79.3126667232886,24.5157579021323,0 79.3126686733049,24.5157563811878,0 79.3126705343861,24.5157547696687,0 79.3126723015125,24.5157530719214,0 79.3126739699179,24.5157512925253,0 79.3126755351021,24.5157494362796,0 79.3126769928438,24.515747508191,0 79.312678339211,24.5157455134598,0 79.3126795705724,24.5157434574663,0 79.3126806836068,24.5157413457558,0 79.312681675312,24.515739184024,0 79.3126825430134,24.5157369781015,0 79.3126832843706,24.5157347339381,0 79.3126838333689,24.5157326952988,0 79.312689554651,24.5157339666945,0 79.3126920784809,24.515734463952,0 79.3126946272844,24.5157348397466,0 79.3126971940832,24.5157350930493,0 79.3126997718497,24.5157352231667,0 79.3127023535263,24.5157352297426,0 79.3127049320448,24.5157351127588,0 79.3127075003453,24.5157348725358,0 79.3127100513963,24.5157345097311,0 79.3127125782132,24.5157340253381,0 79.312715073878,24.5157334206831,0 79.3127175315578,24.5157326974215,0 79.3127199445239,24.5157318575334,0 79.3127223061697,24.5157309033185,0 79.3127246100295,24.5157298373892,0 79.3127268497955,24.5157286626639,0 79.3127290193355,24.5157273823588,0 79.3127311127097,24.5157259999793,0 79.3127331241865,24.5157245193102,0 79.3127350482589,24.5157229444053,0 79.3127368796589,24.5157212795766,0 79.3127386133725,24.5157195293821,0 79.3127402446529,24.5157176986137,0 79.3127417690339,24.5157157922837,0 79.3127431823419,24.5157138156115,0 79.3127444807075,24.515711774009,0 79.3127456605759,24.5157096730657,0 79.3127461291229,24.5157087190345,0 79.312747326857,24.5157082375807,0 79.3127493785303,24.5157072922277,0 79.3127504145251,24.5157078796294,0 79.3127526747084,24.5157090160855,0 79.3127549967088,24.5157100429358,0 79.3127573741821,24.5157109573749,0 79.3127598006327,24.5157117569043,0 79.3127622694309,24.5157124393395,0 79.3127647738314,24.5157130028159,0 79.3127673069916,24.515713445794,0 79.3127698619905,24.5157137670636,0 79.3127724318472,24.5157139657467,0 79.3127750095403,24.5157140413007,0 79.3128307095602,24.5157143413019,0 79.3128333027411,24.5157142928931,0 79.3128358895585,24.5157141198719,0 79.3128384628639,24.5157138227165,0 79.3128410155458,24.515713402248,0 79.3128435405502,24.5157128596285,0 79.3128460308993,24.5157121963573,0 79.3128484797111,24.5157114142675,0 79.3128508802184,24.5157105155203,0 79.3128532257875,24.5157095025993,0 79.3128555099366,24.5157083783037,0 79.3128577263533,24.5157071457405,0 79.3128598689129,24.5157058083158,0 79.3128619316943,24.5157043697256,0 79.3128639089972,24.5157028339452,0 79.3128657953574,24.5157012052189,0 79.3128675855621,24.5156994880474,0 79.312869274664,24.5156976871761,0 79.3128708579953,24.5156958075818,0 79.3128723311808,24.5156938544585,0 79.3128736901491,24.5156918332036,0 79.3128749311449,24.5156897494028,0 79.3128760507388,24.5156876088146,0 79.3128770458369,24.5156854173545,0 79.3128771020672,24.5156852724604,0 79.3128775360439,24.5156853221995,0 79.3128800827566,24.5156854922723,0 79.3128826356757,24.5156855415702,0 79.3128851879637,24.5156854699612,0 79.3128877327844,24.5156852776371,0 79.3128902633218,24.515684965113,0 79.3128927727981,24.5156845332261,0 79.3128952544919,24.515683983133,0 79.3128977017564,24.5156833163071,0 79.3129001080367,24.5156825345345,0 79.3129024668879,24.515681639909,0 79.312904771992,24.5156806348268,0 79.3129070171752,24.51567952198,0 79.3129091964237,24.515678304349,0 79.3129113039009,24.5156769851953,0 79.312913333962,24.5156755680521,0 79.3129152811698,24.5156740567151,0 79.3129171403088,24.5156724552321,0 79.3129189063996,24.5156707678925,0 79.3129205747118,24.5156689992159,0 79.3129221407771,24.5156671539393,0 79.3129236004009,24.5156652370052,0 79.3129249496739,24.5156632535478,0 79.312926184982,24.5156612088796,0 79.3129273030167,24.5156591084771,0 79.3129283007834,24.515656957966,0 79.3129291756098,24.5156547631061,0 79.3129299251527,24.5156525297762,0 79.3129305474045,24.515650263958,0 79.3129357610162,24.5156289614398,0 79.312937566287,24.5156285943355,0 79.3129400631733,24.515627959047,0 79.3129425201553,24.5156272046817,0 79.3129449304543,24.5156263333208,0 79.31294728742,24.5156253473686,0 79.3129495845496,24.5156242495452,0 79.3129518155052,24.5156230428796,0 79.3129539741316,24.5156217307011,0 79.312956054473,24.5156203166299,0 79.3129580507899,24.5156188045674,0 79.3129599575742,24.5156171986856,0 79.3129617695651,24.5156155034151,0 79.3129634817633,24.5156137234332,0 79.3129650894448,24.5156118636509,0 79.312966588174,24.5156099291993,0 79.3129679738158,24.5156079254158,0 79.3129709445541,24.5156033687931,0 79.3129751437778,24.5156023588529,0 79.3129776566909,24.5156016888021,0 79.3129801272304,24.5156008977691,0 79.3129825484434,24.5155999879799,0 79.3129849135161,24.5155989619952,0 79.3129872157923,24.5155978227021,0 79.3129894487929,24.5155965733071,0 79.3129916062337,24.5155952173262,0 79.3129936820429,24.5155937585756,0 79.3129956703788,24.5155922011606,0 79.3129975656455,24.5155905494642,0 79.3129993625092,24.5155888081347,0 79.3130010559132,24.5155869820727,0 79.3130026410917,24.5155850764172,0 79.3130041135836,24.5155830965313,0 79.3130054692448,24.5155810479869,0 79.3130067042603,24.5155789365492,0 79.3130078151543,24.5155767681603,0 79.3130087988004,24.5155745489227,0 79.3130096524305,24.515572285082,0 79.3130103736422,24.5155699830091,0 79.3130109604058,24.5155676491827,0 79.31301141107,24.515565290171,0 79.3130117243666,24.5155629126127,0 79.3130118994137,24.515560523199,0 79.3130119357189,24.5155581286544,0 79.3130118331799,24.5155557357177,0 79.3130115920853,24.5155533511233,0 79.3130112131137,24.5155509815822,0 79.3130106973315,24.5155486337627,0 79.3130100461904,24.5155463142725,0 79.3130092615228,24.5155440296391,0 79.313008345537,24.5155417862921,0 79.3130073008108,24.5155395905449,0 79.3130051081337,24.5155352970346,0 79.3130062736766,24.515535678959,0 79.3130087236279,24.5155363528882,0 79.3130112084659,24.5155369097265,0 79.3130137215102,24.5155373479769,0 79.3130162560045,24.5155376664609,0 79.3130188051348,24.5155378643225,0 79.313021362048,24.5155379410297,0 79.3130239198697,24.5155378963763,0 79.3130264717233,24.5155377304822,0 79.3130290107483,24.5155374437936,0 79.3130315301185,24.5155370370811,0 79.3130340230606,24.5155365114382,0 79.3130364828724,24.5155358682781,0 79.3130389029408,24.5155351093299,0 79.3130412767595,24.515534236634,0 79.3130435979464,24.5155332525366,0 79.3130458602611,24.5155321596835,0 79.3130480576215,24.5155309610128,0 79.31305018412,24.5155296597471,0 79.3130522340396,24.5155282593848,0 79.313054201869,24.5155267636908,0 79.3130560823178,24.5155251766861,0 79.3130578703305,24.5155235026374,0 79.3130595611,24.5155217460454,0 79.3130611500808,24.5155199116327,0 79.3130744500791,24.5155037116291,0 79.3130759483776,24.5155017834076,0 79.3130773342037,24.5154997860153,0 79.313078603751,24.5154977249382,0 79.3130797535326,24.5154956058377,0 79.3130807803903,24.5154934345341,0 79.3130816815037,24.5154912169913,0 79.3130824543977,24.5154889593004,0 79.3130828535122,24.5154875358722,0 79.3130841251809,24.5154873006399,0 79.3130865973191,24.5154867201507,0 79.3130890333408,24.5154860234769,0 79.3130914267278,24.5154852124829,0 79.3130937710757,24.5154842893386,0 79.3130960601116,24.5154832565142,0 79.3130982877102,24.5154821167735,0 79.3131004479111,24.515480873166,0 79.3131025349339,24.5154795290195,0 79.313104543194,24.5154780879308,0 79.3131064673178,24.5154765537558,0 79.3131083021566,24.5154749305997,0 79.3131100428008,24.5154732228059,0 79.3131232859868,24.5154595363315,0 79.3131508831265,24.5154539914085,0 79.3131534095137,24.5154534194996,0 79.3131558994256,24.5154527265039,0 79.3131583459343,24.5154519143496,0 79.3131607422327,24.5154509852962,0 79.3131630816535,24.515449941929,0 79.3131653576875,24.5154487871507,0 79.3131675640021,24.5154475241745,0 79.3131696944584,24.5154461565144,0 79.3131717431287,24.5154446879757,0 79.313173704313,24.5154431226444,0 79.3131921738695,24.5154275774324,0 79.3132020613012,24.515423302791,0 79.313200821349,24.5154315436771,0 79.3132005340998,24.5154339151318,0 79.3132003842015,24.51543629716,0 79.313200372073,24.5154386831073,0 79.313200497748,24.5154410663082,0 79.3132007608756,24.5154434401049,0 79.3132011607206,24.5154457978659,0 79.313201696166,24.5154481330046,0 79.3132023657161,24.5154504389974,0 79.3132031675003,24.5154527094023,0 79.3132040992788,24.5154549378766,0 79.3132051584485,24.5154571181948,0 79.3132063420506,24.5154592442659,0 79.3132076467785,24.5154613101505,0 79.3132090689873,24.5154633100772,0 79.3132106047038,24.515465238459,0 79.3132122496379,24.5154670899088,0 79.3132139991942,24.5154688592543,0 79.3132158484852,24.5154705415526,0 79.3132177923446,24.515472132104,0 79.313219825342,24.5154736264651,0 79.313221941798,24.5154750204612,0 79.3132241358,24.5154763101979,0 79.3132264012188,24.5154774920724,0 79.3132287317257,24.5154785627828,0 79.3132311208101,24.515479519338,0 79.3132335617977,24.5154803590657,0 79.3132360478695,24.51548107962,0 79.3132385720802,24.5154816789881,0 79.3132411273781,24.5154821554954,0 79.3132437066247,24.5154825078108,0 79.3132463026146,24.51548273495,0 79.3132489080955,24.5154828362786,0 79.3132515157887,24.5154828115134,0 79.3132541184093,24.5154826607236,0 79.3132567086865,24.5154823843305,0 79.313259279384,24.5154819831062,0 79.3132618233204,24.5154814581716,0 79.3132643333887,24.5154808109931,0 79.3132668025768,24.5154800433788,0 79.3132692239868,24.515479157473,0 79.313271590854,24.5154781557506,0 79.313317290866,24.5154574557447,0 79.3133196299792,24.515456323791,0 79.313321899399,24.5154550787292,0 79.3133240925978,24.5154537241403,0 79.3133262032671,24.5154522639207,0 79.313328225336,24.5154507022704,0 79.3133301529883,24.5154490436813,0 79.3133319806796,24.515447292924,0 79.3133337031526,24.5154454550342,0 79.3133353154532,24.5154435352984,0 79.3133368129436,24.5154415392383,0 79.3133381913167,24.5154394725953,0 79.3133394466079,24.5154373413137,0 79.3133405752064,24.5154351515238,0 79.3133585751963,24.5153976515179,0 79.3133595460403,24.5153954769306,0 79.3133603919337,24.5153932590821,0 79.3133611105859,24.515391003978,0 79.3133617000511,24.5153887177242,0 79.313361944726,24.5153874848537,0 79.3133627942897,24.5153871333547,0 79.3133650785186,24.5153860538007,0 79.3133672981832,24.5153848668489,0 79.3133694472567,24.5153835757223,0 79.3133715199038,24.5153821839266,0 79.3133735104969,24.5153806952407,0 79.313375413631,24.5153791137069,0 79.3133771302197,24.515377530254,0 79.3133778848748,24.5153776175475,0 79.3133804411142,24.515377790476,0 79.31338300372,24.5153778417118,0 79.3133855657759,24.5153777711166,0 79.3133881203675,24.5153775788809,0 79.3134012203722,24.5153762788807,0 79.3134037900965,24.5153759611605,0 79.3134063380274,24.5153755203572,0 79.3134088571274,24.5153749576887,0 79.3134113404382,24.5153742747089,0 79.3134137811009,24.5153734733044,0 79.3134161723739,24.5153725556886,0 79.3134185076523,24.5153715243963,0 79.3134472449284,24.5153579704759,0 79.31344850601,24.5153579145752,0 79.3134487594413,24.5153578908526,0 79.3134487871726,24.5153579154659,0 79.3134507396272,24.5153594749148,0 79.3134527788905,24.5153609384091,0 79.3134548993358,24.5153623019106,0 79.3134570951119,24.515363561657,0 79.3134593601601,24.5153647141723,0 79.3134616882305,24.5153657562762,0 79.3134640728991,24.5153666850934,0 79.3134665075859,24.515367498061,0 79.3134689855729,24.5153681929356,0 79.3134715000226,24.5153687678,0 79.3134740439968,24.5153692210679,0 79.3134766104759,24.5153695514886,0 79.3134791923783,24.5153697581504,0 79.3134817825795,24.515369840483,0 79.3134843739326,24.5153697982593,0 79.3134869592872,24.5153696315957,0 79.3134895315094,24.5153693409521,0 79.3134920835017,24.5153689271306,0 79.3134946082224,24.5153683912729,0 79.3134970987051,24.5153677348577,0 79.3134995480776,24.5153669596962,0 79.3135019495815,24.5153660679273,0 79.3135042965903,24.5153650620117,0 79.3135065826277,24.515363944725,0 79.3135088013861,24.5153627191501,0 79.313510946743,24.5153613886689,0 79.3135130127789,24.5153599569524,0 79.3135149937929,24.5153584279513,0 79.3135168843189,24.5153568058845,0 79.3135186791401,24.5153550952277,0 79.3135203733043,24.5153533007013,0 79.3135209704394,24.5153525965997,0 79.3135480488858,24.5153485524163,0 79.3135506967027,24.5153480886856,0 79.3135533128833,24.5153474933292,0 79.3135545131508,24.5153471555219,0 79.3135557497391,24.5153476404076,0 79.3135581574328,24.5153484517303,0 79.3135606079696,24.5153491474394,0 79.3135630947225,24.5153497256536,0 79.3135656109666,24.5153501848091,0 79.3135681498972,24.5153505236644,0 79.3135707046482,24.515350741303,0 79.3135732683108,24.5153508371363,0 79.3135758339522,24.5153508109053,0 79.313578394634,24.5153506626808,0 79.3135809434314,24.5153503928637,0 79.3135834734517,24.5153500021836,0 79.3135859778529,24.5153494916972,0 79.3135884498624,24.5153488627848,0 79.313590882795,24.5153481171472,0 79.3135932700715,24.5153472568009,0 79.3135956052359,24.5153462840726,0 79.3135978819732,24.5153452015927,0 79.3136000941264,24.5153440122886,0 79.3136022357132,24.5153427193765,0 79.3136043009421,24.515341326353,0 79.3136062842281,24.5153398369851,0 79.3136070242015,24.5153392196765,0 79.3136070422859,24.5153392361833,0 79.31360909952,24.5153409149872,0 79.313611256021,24.5153424860508,0 79.3136135050573,24.51534394447,0 79.3136158396084,24.5153452856921,0 79.3136462396139,24.5153616856974,0 79.313648493478,24.5153628300809,0 79.3136508095897,24.5153638652072,0 79.3136531816276,24.515364788251,0 79.3136556031174,24.515365596693,0 79.3136580674499,24.5153662883267,0 79.3136605678991,24.5153668612643,0 79.3136630976404,24.5153673139421,0 79.3136656497689,24.5153676451244,0 79.3136682173191,24.5153678539075,0 79.3136707932831,24.5153679397215,0 79.3136733706301,24.5153679023321,0 79.3136759423256,24.5153677418414,0 79.3136785013504,24.5153674586874,0 79.31368104072,24.515367053643,0 79.3136835535035,24.5153665278136,0 79.3136860328425,24.5153658826346,0 79.31368847197,24.5153651198667,0 79.3136908642287,24.5153642415919,0 79.3136932030892,24.5153632502074,0 79.3136954821678,24.515362148419,0 79.3136976952441,24.5153609392338,0 79.3136998362778,24.5153596259523,0 79.3137018994252,24.5153582121589,0 79.3137038790551,24.5153567017123,0 79.3137057697644,24.5153550987351,0 79.3137065542416,24.5153543603214,0 79.3137085320597,24.5153546936184,0 79.3137110857335,24.5153549989395,0 79.3137136533414,24.5153551819315,0 79.3137162278877,24.5153552420959,0 79.313718802358,24.5153551792688,0 79.3137213697381,24.5153549936214,0 79.3137239230331,24.5153546856594,0 79.3137264552863,24.5153542562219,0 79.3137289595985,24.515353706479,0 79.3137314291467,24.5153530379284,0 79.3137338572024,24.5153522523916,0 79.3137362371503,24.5153513520089,0 79.3137385625061,24.5153503392334,0 79.3137408269342,24.5153492168245,0 79.3137430242653,24.5153479878401,0 79.3137451485125,24.5153466556287,0 79.3137469136525,24.5153454199912,0 79.3137475615724,24.5153462470588,0 79.313749169682,24.5153480886064,0 79.3137508806622,24.5153498508447,0 79.3137526898481,24.5153515289692,0 79.3137545923071,24.5153531184044,0 79.3137565828521,24.5153546148168,0 79.3137586560559,24.5153560141264,0 79.3137608062661,24.5153573125181,0 79.3137630276201,24.5153585064518,0 79.3137653140616,24.5153595926724,0 79.3137676593564,24.5153605682182,0 79.3137700571104,24.5153614304296,0 79.3137725007861,24.5153621769555,0 79.3137749837208,24.5153628057608,0 79.313777499145,24.515363315131,0 79.3137800402003,24.5153637036772,0 79.3137825999587,24.5153639703402,0 79.313785171441,24.5153641143928,0 79.3137877476363,24.5153641354424,0 79.3137903215204,24.5153640334314,0 79.3137928860759,24.5153638086382,0 79.3137954343105,24.5153634616755,0 79.3137979592766,24.5153629934893,0 79.3138004540898,24.5153624053562,0 79.3138029119482,24.5153616988796,0 79.3138053261504,24.5153608759857,0 79.3138076901143,24.5153599389183,0 79.3138099973945,24.515358890232,0 79.3138122417003,24.5153577327862,0 79.3138144169126,24.5153564697366,0 79.3138165171008,24.5153551045268,0 79.3138185365388,24.5153536408791,0 79.3138189060422,24.5153533430689,0 79.3138196218248,24.5153535104902,0 79.3138221278859,24.5153539716321,0 79.3138246566878,24.5153543134038,0 79.3138272014427,24.5153545348878,0 79.31382975532,24.5153546354896,0 79.3138323114646,24.5153546149393,0 79.3138348630152,24.5153544732919,0 79.3138374031232,24.5153542109277,0 79.3138399249702,24.5153538285509,0 79.3138424217873,24.5153533271879,0 79.3138448868724,24.5153527081845,0 79.3138672868796,24.5153465081828,0 79.3138699882127,24.5153456819058,0 79.3138726329313,24.5153447143879,0 79.3138752122217,24.5153436088536,0 79.3139049122293,24.5153299088496,0 79.313907249802,24.5153287573909,0 79.3139095162974,24.5153274925626,0 79.3139117051534,24.5153261180266,0 79.3139138100327,24.5153246377626,0 79.3139158248413,24.5153230560561,0 79.3139177437459,24.5153213774868,0 79.3139195611907,24.5153196069143,0 79.3139407611901,24.5152978069091,0 79.313942439409,24.5152959867016,0 79.3139440103817,24.5152940880571,0 79.3139454697363,24.5152921162589,0 79.3139468134119,24.5152900767942,0 79.3139480376693,24.5152879753383,0 79.3139491391018,24.5152858177392,0 79.3139501146442,24.5152836100008,0 79.3139509615819,24.5152813582669,0 79.313951677558,24.5152790688035,0 79.3139522605802,24.5152767479816,0 79.3139527090261,24.5152744022595,0 79.3139530216477,24.5152720381649,0 79.3139531975751,24.5152696622765,0 79.3139532363187,24.5152672812059,0 79.3139531377707,24.5152649015789,0 79.3139529022054,24.5152625300176,0 79.3139525302783,24.5152601731215,0 79.3139520230244,24.5152578374492,0 79.3139513818553,24.5152555295004,0 79.3139506085552,24.5152532556977,0 79.313949705276,24.5152510223683,0 79.3139486745313,24.5152488357273,0 79.3139475191896,24.5152467018594,0 79.3139462424657,24.5152446267028,0 79.3139448479127,24.5152426160322,0 79.3139433394111,24.5152406754427,0 79.3139417211589,24.5152388103345,0 79.3139415095926,24.515238591288,0 79.3139415420392,24.5152383352982,0 79.3139417046367,24.5152359982663,0 79.313941734553,24.5152336566643,0 79.3139416317075,24.5152313167935,0 79.3139413963771,24.5152289849507,0 79.3139410291949,24.515226667411,0 79.3139407291943,24.5152250674111,0 79.3139403255021,24.5152232008897,0 79.3139416264021,24.5152221716257,0 79.3139434653921,24.5152205574673,0 79.3139452108347,24.5152188585865,0 79.3139468580737,24.5152170795157,0 79.3139484027143,24.5152152250009,0 79.313949840636,24.5152132999897,0 79.3139511680025,24.5152113096176,0 79.3139523812728,24.5152092591945,0 79.3139534772101,24.5152071541906,0 79.3139544528907,24.5152050002214,0 79.3139553057116,24.5152028030334,0 79.3139560333978,24.5152005684883,0 79.3139566340079,24.5151983025472,0 79.3139571059396,24.5151960112554,0 79.3139587504029,24.5151867136935,0 79.3139610235879,24.5151859501157,0 79.3139634222992,24.5151850098995,0 79.3139657633226,24.5151839549638,0 79.3139680401093,24.5151827882599,0 79.3139702462903,24.5151815130513,0 79.3139723756941,24.5151801329053,0 79.3139744223642,24.5151786516827,0 79.3139763805751,24.5151770735268,0 79.313978244849,24.5151754028525,0 79.3139800099711,24.5151736443332,0 79.3139816710034,24.5151718028881,0 79.3139832232996,24.5151698836684,0 79.3139846625173,24.5151678920428,0 79.3139859846306,24.5151658335826,0 79.3139871859409,24.5151637140461,0 79.3139882630879,24.5151615393624,0 79.3139892130583,24.5151593156149,0 79.3139900331948,24.5151570490241,0 79.3139907212031,24.5151547459305,0 79.3139912751587,24.5151524127768,0 79.3139916935119,24.5151500560895,0 79.3139919750924,24.5151476824612,0 79.3139921191127,24.5151452985318,0 79.3139921251698,24.5151429109699,0 79.3139919932467,24.5151405264545,0 79.3139917237126,24.5151381516558,0 79.3139913173214,24.515135793217,0 79.31399077521,24.5151334577356,0 79.3139900988948,24.5151311517447,0 79.3139851988894,24.5151160517459,0 79.3139844093849,24.5151138310105,0 79.3139834954154,24.5151116506017,0 79.3139824594268,24.5151095163544,0 79.313970751478,24.515086986482,0 79.3139735715763,24.5150725334483,0 79.3139739590367,24.5150701952127,0 79.3139742121232,24.5150678416204,0 79.3139743301411,24.5150654791311,0 79.3139743127665,24.515063114229,0 79.313974160047,24.5150607534048,0 79.3139738724019,24.515058403138,0 79.3139734506207,24.5150560698792,0 79.3139728958608,24.5150537600325,0 79.3139727690022,24.5150533385182,0 79.3139743543639,24.5150528113165,0 79.3139767169384,24.515051895816,0 79.313979024302,24.5150508691851,0 79.3139812702149,24.5150497342,0 79.3139834486039,24.5150484939299,0 79.3139855535782,24.5150471517287,0 79.3139875794456,24.5150457112261,0 79.3139895207278,24.5150441763172,0 79.3139913721751,24.5150425511529,0 79.313993128781,24.5150408401278,0 79.3139947857954,24.5150390478689,0 79.3139963387372,24.5150371792228,0 79.3139977834072,24.5150352392425,0 79.3139991158986,24.5150332331743,0 79.3140003326082,24.5150311664427,0 79.3140014302458,24.5150290446367,0 79.3140024058432,24.515026873494,0 79.3140032567621,24.5150246588858,0 79.3140039807016,24.5150224068006,0 79.314004575704,24.5150201233287,0 79.3140050401604,24.5150178146448,0 79.3140053728147,24.5150154869921,0 79.3140055727674,24.515013146665,0 79.3140056394779,24.515010799992,0 79.3140056394735,24.5149996999918,0 79.3140055732271,24.5149973615215,0 79.3140053746677,24.5149950293307,0 79.3140050443284,24.514992709682,0 79.3140045830964,24.5149904088045,0 79.3140039922101,24.5149881328765,0 79.3140032732563,24.5149858880096,0 79.3140025941747,24.5149841139265,0 79.3140031784202,24.5149836315738,0 79.3140049598917,24.514982002377,0 79.3140066481661,24.5149802921214,0 79.3140082388434,24.5149785052643,0 79.3140097277779,24.5149766464626,0 79.3140111110893,24.5149747205607,0 79.3140123851723,24.5149727325779,0 79.3140135467064,24.5149706876953,0 79.3140145926646,24.5149685912421,0 79.3140155203207,24.5149664486822,0 79.3140315203086,24.5149265486767,0 79.3140323336332,24.5149243467226,0 79.314033022004,24.5149221093856,0 79.3140335835962,24.5149198425972,0 79.3140340169211,24.5149175523665,0 79.3140343208298,24.5149152447653,0 79.3140344945166,24.5149129259109,0 79.3140345375212,24.5149106019509,0 79.3140344497295,24.5149082790462,0 79.3140342313744,24.5149059633548,0 79.3140338830345,24.5149036610159,0 79.3140334056335,24.514901378133,0 79.3140328004369,24.5148991207583,0 79.3140320690492,24.5148968948759,0 79.3140312134093,24.5148947063871,0 79.3140302357856,24.5148925610934,0 79.3140291387697,24.5148904646822,0 79.31402792527,24.5148884227112,0 79.3140265985035,24.5148864405937,0 79.3140251619876,24.5148845235845,0 79.3140236195304,24.5148826767656,0 79.3140219752212,24.514880905033,0 79.3140202334191,24.5148792130837,0 79.3140183987417,24.5148776054031,0 79.3140164760528,24.5148760862533,0 79.3140144704496,24.5148746596616,0 79.3139778291071,24.5148499545193,0 79.3139765021501,24.5148489058426,0 79.3139745435092,24.5148475090215,0 79.3139725105317,24.5148462041373,0 79.3139704083677,24.5148449944958,0 79.3139682423427,24.5148438831614,0 79.3139671298723,24.514843345592,0 79.3139634552439,24.5148359963402,0 79.3139655764026,24.5148351710288,0 79.3139678699009,24.5148341474922,0 79.3139701024928,24.5148330168338,0 79.3139722682062,24.514831782078,0 79.3139743612483,24.5148304465277,0 79.3139763760203,24.5148290137552,0 79.3139783071331,24.5148274875931,0 79.3139801494212,24.5148258721236,0 79.3139818979567,24.5148241716678,0 79.3139835480624,24.5148223907744,0 79.3139850953246,24.5148205342068,0 79.3139865356046,24.5148186069313,0 79.3139878650498,24.5148166141031,0 79.3139890801042,24.5148145610525,0 79.3139901775175,24.5148124532714,0 79.3139911543544,24.5148102963978,0 79.3140124543395,24.5147595963905,0 79.3140133255594,24.5147573467958,0 79.3140140656136,24.5147550582172,0 79.3140146724336,24.5147527370517,0 79.3140151443233,24.5147503897875,0 79.3140154799636,24.5147480229855,0 79.3140156784164,24.5147456432615,0 79.3140157391269,24.5147432572672,0 79.3140156619255,24.5147408716719,0 79.314015447028,24.5147384931437,0 79.314015095035,24.5147361283311,0 79.3140146069305,24.5147337838442,0 79.3140139840788,24.5147314662362,0 79.3140132282208,24.5147291819853,0 79.3140123414694,24.5147269374764,0 79.31401182123,24.5147258108206,0 79.3140118365769,24.5147249199902,0 79.3140117401671,24.5147225388884,0 79.3140115065721,24.5147201657578,0 79.3140111364427,24.51471780721,0 79.3140106308101,24.514715469816,0 79.314009991083,24.514713160088,0 79.3140092190438,24.514710884461,0 79.3140083168434,24.5147086492748,0 79.3140072869953,24.5147064607569,0 79.3140061323688,24.5147043250046,0 79.3140048561807,24.5147022479681,0 79.3140034619865,24.5147002354342,0 79.3140019536706,24.5146982930099,0 79.3140003354351,24.5146964261067,0 79.3139986117885,24.5146946399261,0 79.313996787533,24.5146929394444,0 79.3139962530303,24.5146924911781,0 79.3139964016615,24.5146922954176,0 79.314000987129,24.5146858757608,0 79.3140013031742,24.5146859353069,0 79.3140038292593,24.5146862876682,0 79.3140063718956,24.5146865199008,0 79.314008924263,24.5146866313819,0 79.3140114795158,24.5146866218124,0 79.3140140308003,24.5146864912179,0 79.3140165712734,24.5146862399488,0 79.3140190941212,24.514685868679,0 79.3140215925768,24.5146853784043,0 79.314024059939,24.5146847704397,0 79.3140264895899,24.5146840464159,0 79.3140288750127,24.5146832082749,0 79.3140312098092,24.5146822582647,0 79.3140334877171,24.5146811989334,0 79.3140357026267,24.5146800331223,0 79.314037848597,24.5146787639584,0 79.3140589486009,24.5146655639547,0 79.3140608322417,24.514664325118,0 79.3141145322496,24.514627225108,0 79.3141165787108,24.5146257316435,0 79.3141185357182,24.5146241409763,0 79.3141203977633,24.5146224575838,0 79.3141221596045,24.5146206862046,0 79.3141238162824,24.5146188318249,0 79.3141253631337,24.5146168996647,0 79.3141267958042,24.5146148951628,0 79.314128110261,24.5146128239616,0 79.3141293028041,24.5146106918913,0 79.3141303700766,24.5146085049534,0 79.3141313090743,24.5146062693041,0 79.314132117154,24.5146039912363,0 79.3141327920411,24.5146016771625,0 79.3141333318358,24.5145993335968,0 79.3141337350187,24.5145969671359,0 79.3141340004548,24.5145945844411,0 79.314134127397,24.5145921922195,0 79.314134115488,24.514589797205,0 79.3141327154719,24.5145485972046,0 79.314132570074,24.5145462643952,0 79.3141322929397,24.5145439415942,0 79.3141318848117,24.5145416350249,0 79.3141313467832,24.514539350867,0 79.314130680296,24.5145370952403,0 79.3141298871355,24.5145348741881,0 79.3141289694269,24.5145326936608,0 79.3141279296288,24.5145305595007,0 79.3141203578523,24.5145160411512,0 79.314122569404,24.5145151105207,0 79.314124830632,24.5145140259865,0 79.3141270275156,24.5145128358853,0 79.3141291541724,24.5145115434036,0 79.3141312049079,24.5145101520022,0 79.3141331742312,24.5145086654068,0 79.3141350568692,24.5145070875979,0 79.3141368477809,24.5145054228001,0 79.3141385421711,24.5145036754712,0 79.3141401355027,24.5145018502897,0 79.3141416235095,24.5144999521429,0 79.3141430022072,24.5144979861133,0 79.3141442679042,24.5144959574649,0 79.3141454172115,24.5144938716298,0 79.3141464470517,24.514491734193,0 79.3141473546673,24.5144895508777,0 79.3141481376281,24.51448732753,0 79.3141487938376,24.514485070103,0 79.3141493215388,24.5144827846412,0 79.3141497193186,24.5144804772644,0 79.3141499861121,24.5144781541505,0 79.3141501212048,24.5144758215201,0 79.3141501242351,24.514473485619,0 79.3141499951948,24.5144711527017,0 79.3141497344295,24.514468829015,0 79.3141493426373,24.5144665207807,0 79.3141488208674,24.5144642341793,0 79.3141481705169,24.5144619753334,0 79.3141473933271,24.5144597502914,0 79.314146491379,24.514457565011,0 79.3141382700493,24.5144391058151,0 79.3141454876239,24.5144330364897,0 79.3141473314017,24.5144314030928,0 79.3141490798535,24.5144296841869,0 79.3141507282483,24.5144278844231,0 79.3141522721261,24.5144260086708,0 79.3141537073096,24.5144240620054,0 79.3141550299156,24.514422049694,0 79.3141562363656,24.5144199771814,0 79.3141573233952,24.5144178500751,0 79.3141582880632,24.5144156741304,0 79.3141591277596,24.514413455235,0 79.3141598402123,24.5144111993924,0 79.3141604234937,24.5144089127064,0 79.3141608760256,24.514406601364,0 79.3141609315761,24.514406197635,0 79.3141626102262,24.5144045561496,0 79.3141642958754,24.5144027216478,0 79.3141658727349,24.5144008078798,0 79.3141673363599,24.51439882024,0 79.3141686826249,24.5143967643309,0 79.3141699077353,24.5143946459474,0 79.3141706100762,24.5143932579343,0 79.3142195451557,24.5143811854381,0 79.3142220099112,24.5143805138593,0 79.314224433072,24.5143797256897,0 79.3142268080545,24.5143788230707,0 79.3142291284062,24.5143778084544,0 79.3142313878232,24.5143766845977,0 79.3142335801669,24.5143754545536,0 79.314235699481,24.5143741216643,0 79.3142377400077,24.5143726895508,0 79.314239696203,24.5143711621041,0 79.3142415627524,24.5143695434739,0 79.3142433345846,24.514367838058,0 79.314245006886,24.5143660504896,0 79.314246575113,24.5143641856254,0 79.314248035005,24.5143622485319,0 79.3142493825957,24.5143602444718,0 79.3142506142239,24.51435817889,0 79.3142517265435,24.5143560573984,0 79.3142527165324,24.5143538857607,0 79.3142533670975,24.5143522191376,0 79.3142553753901,24.5143528253599,0 79.3142578719253,24.514353448252,0 79.3142604007209,24.5143539505308,0 79.3142629548209,24.5143543308146,0 79.3142655271998,24.5143545880576,0 79.3142681107818,24.514354721552,0 79.3142706984602,24.5143547309306,0 79.314273283117,24.5143546161677,0 79.3142758576427,24.5143543775789,0 79.3142784149555,24.5143540158205,0 79.314280948021,24.5143535318876,0 79.3142834498716,24.5143529271114,0 79.3142859136252,24.5143522031554,0 79.3142883325051,24.514351362011,0 79.3142906998574,24.514350405992,0 79.3142930091703,24.514349337728,0 79.3142952540917,24.5143481601575,0 79.3142967271391,24.5143472905389,0 79.3142969314121,24.51434775495,0 79.3142980323651,24.5143499197852,0 79.3142992568856,24.5143520283314,0 79.3143006015477,24.5143540746897,0 79.3143020625893,24.514356053135,0 79.3143036359231,24.5143579581321,0 79.3143053171472,24.5143597843515,0 79.3143071015582,24.514361526684,0 79.3143089841638,24.5143631802551,0 79.314310959697,24.5143647404386,0 79.3143130226311,24.5143662028695,0 79.3143151671944,24.5143675634565,0 79.3143675672021,24.5143989634662,0 79.3143697775254,24.5144002131463,0 79.3143720566881,24.5144013546325,0 79.3143743983695,24.5144023847592,0 79.3143767960754,24.5144033006696,0 79.3143792431564,24.5144040998237,0 79.314381732826,24.5144047800051,0 79.3143842581797,24.5144053393275,0 79.3143868122141,24.5144057762398,0 79.3143893878462,24.5144060895304,0 79.3143919779329,24.5144062783303,0 79.3143945752913,24.514406342116,0 79.3143971727183,24.5144062807106,0 79.3143997630104,24.5144060942843,0 79.3144023389841,24.5144057833542,0 79.3144048934955,24.5144053487826,0 79.3144074194604,24.5144047917747,0 79.3144099098734,24.5144041138752,0 79.314412357828,24.514403316964,0 79.3144147565354,24.5144024032513,0 79.3144170993434,24.514401375271,0 79.3144193797546,24.5144002358739,0 79.3144215914449,24.51439898822,0 79.3144237282807,24.5143976357693,0 79.3144252944419,24.5143965285956,0 79.314425848101,24.5143975663462,0 79.3144271129979,24.5143996503468,0 79.314428496369,24.5144016703509,0 79.3144411963653,24.5144191703542,0 79.3144426516254,24.5144210680274,0 79.3144442114433,24.5144228948464,0 79.3144458717056,24.5144246459933,0 79.3144476280339,24.5144263168504,0 79.3144494757966,24.5144279030113,0 79.314451410121,24.514429400293,0 79.314453425906,24.5144308047472,0 79.3144555178356,24.51443211267,0 79.3144576803932,24.5144333206123,0 79.314459907876,24.5144344253886,0 79.3144621944096,24.5144354240855,0 79.3144645339642,24.5144363140692,0 79.3144669203702,24.5144370929928,0 79.3144693473342,24.5144377588021,0 79.3144718084561,24.5144383097414,0 79.3144742972455,24.5144387443577,0 79.3144768071393,24.5144390615049,0 79.3144793315184,24.5144392603465,0 79.3144818637258,24.5144393403584,0 79.3144843970837,24.5144393013293,0 79.3144869249113,24.5144391433624,0 79.3144894405424,24.5144388668741,0 79.3144919373431,24.5144384725936,0 79.3145004414053,24.5144369229651,0 79.3145338089248,24.5144501309408,0 79.3145362603588,24.5144510308165,0 79.314538760915,24.514451809372,0 79.3145413034269,24.5144524643761,0 79.3145438806076,24.5144529939515,0 79.3145464850709,24.5144533965803,0 79.3145473797188,24.5144534901703,0 79.3145472314504,24.5144551838252,0 79.3145471607416,24.5144575640333,0 79.3145472273039,24.5144599443416,0 79.3145474309521,24.5144623181274,0 79.3145477711198,24.5144646787866,0 79.3145482468604,24.5144670197513,0 79.3145488568504,24.5144693345085,0 79.3145495993926,24.514471616618,0 79.3145504724213,24.5144738597307,0 79.3145514735074,24.5144760576058,0 79.3145525998658,24.5144782041283,0 79.3145538483627,24.5144802933263,0 79.3145552155246,24.5144823193872,0 79.3145566975477,24.514484276674,0 79.3145582903089,24.5144861597413,0 79.3145599893767,24.5144879633501,0 79.314561790024,24.5144896824822,0 79.3145636872411,24.5144913123548,0 79.3145656757496,24.5144928484333,0 79.314567750017,24.5144942864439,0 79.3145699042724,24.5144956223859,0 79.3145721325222,24.5144968525425,0 79.314574428567,24.514497973491,0 79.3145767860187,24.5144989821128,0 79.3145791983186,24.5144998756017,0 79.314581658755,24.5145006514719,0 79.3145841604826,24.5145013075647,0 79.3145866965411,24.5145018420548,0 79.3145892598748,24.5145022534551,0 79.3145918433518,24.514502540621,0 79.3145944397845,24.5145027027536,0 79.3145970419492,24.5145027394017,0 79.3145996426061,24.5145026504634,0 79.314613342611,24.5145018504634,0 79.3146158154316,24.5145016488025,0 79.3146182740347,24.5145013335916,0 79.3146207121958,24.5145009056287,0 79.314703412224,24.5144844056245,0 79.3147059143686,24.5144838434091,0 79.3147083810239,24.5144831624542,0 79.3147108054637,24.5144823646168,0 79.3147131810767,24.5144814520723,0 79.3147155013846,24.5144804273094,0 79.3147177600603,24.5144792931224,0 79.3147199509446,24.5144780526042,0 79.3147220680629,24.5144767091375,0 79.3147241056422,24.514475266386,0 79.3147260581261,24.5144737282839,0 79.3147279201903,24.5144720990254,0 79.3147296867571,24.5144703830535,0 79.3147313530092,24.5144685850474,0 79.3147329144029,24.5144667099103,0 79.3147343666804,24.5144647627553,0 79.3147357058814,24.5144627488924,0 79.3147369283542,24.514460673813,0 79.3147380307649,24.5144585431759,0 79.3147390101076,24.5144563627911,0 79.3147398637116,24.5144541386044,0 79.3147405892491,24.5144518766808,0 79.3147411847418,24.5144495831886,0 79.3147416485657,24.5144472643818,0 79.3147419794561,24.5144449265838,0 79.3147421765107,24.5144425761694,0 79.3147422391921,24.5144402195482,0 79.3147421673293,24.5144378631463,0 79.3147419611184,24.5144355133896,0 79.3147416211217,24.5144331766856,0 79.3147411482664,24.5144308594063,0 79.3147405438418,24.5144285678708,0 79.3147398094962,24.5144263083279,0 79.3147389472322,24.5144240869393,0 79.314737959401,24.5144219097624,0 79.3147368486964,24.5144197827343,0 79.314733948695,24.514414582735,0 79.3147327095932,24.5144124981215,0 79.3147313524764,24.5144104759616,0 79.3147298810946,24.5144085218427,0 79.3147282995134,24.5144066411646,0 79.3147266121032,24.5144048391239,0 79.3147248235265,24.5144031206999,0 79.3147229387256,24.5144014906412,0 79.3147209629085,24.5143999534517,0 79.3147189015348,24.5143985133791,0 79.3147167603005,24.5143971744027,0 79.3147145451223,24.5143959402221,0 79.3147122621211,24.5143948142478,0 79.3147099176052,24.514393799591,0 79.3147075180532,24.5143928990553,0 79.3146577155437,24.5143755931662,0 79.3146552723407,24.5143676997498,0 79.3146545138382,24.5143654707479,0 79.3146536304012,24.5143632806041,0 79.3146526243924,24.5143611351758,0 79.3146514985023,24.5143590402007,0 79.3146502557422,24.514357001282,0 79.3146488994357,24.5143550238725,0 79.3146474332103,24.5143531132608,0 79.3146458609873,24.5143512745568,0 79.3146441869716,24.5143495126779,0 79.3146424156402,24.5143478323364,0 79.3146405517306,24.5143462380261,0 79.3146386002277,24.5143447340111,0 79.3146365663507,24.5143433243137,0 79.3146344555392,24.5143420127041,0 79.314626885389,24.5143375660563,0 79.3146288752648,24.5143265808254,0 79.3146292302424,24.5143242441103,0 79.3146293417417,24.514323058584,0 79.3146299495266,24.5143228237643,0 79.3146322207346,24.5143218181667,0 79.3146344327842,24.5143207076511,0 79.3146365798906,24.5143194951217,0 79.3146386564384,24.5143181837497,0 79.3146406569972,24.5143167769645,0 79.3146425763348,24.5143152784451,0 79.314644409432,24.5143136921107,0 79.3146461514946,24.5143120221097,0 79.3146477979668,24.5143102728096,0 79.3146493445428,24.5143084487852,0 79.3146507871779,24.5143065548068,0 79.3146521220992,24.5143045958275,0 79.3146533458157,24.5143025769705,0 79.314654455127,24.5143005035156,0 79.3146554471322,24.5142983808853,0 79.3146563192368,24.5142962146307,0 79.3146599192337,24.5142865146295,0 79.3146606947626,24.514284227462,0 79.3146613366363,24.5142819058852,0 79.3146618430487,24.5142795564323,0 79.3146622125746,24.5142771857149,0 79.3146624441741,24.5142748004044,0 79.3146625371956,24.5142724072132,0 79.3146624913772,24.5142700128762,0 79.3146623068479,24.5142676241311,0 79.3146619841271,24.5142652477002,0 79.3146615241227,24.5142628902709,0 79.3146609281295,24.5142605584774,0 79.3146601978245,24.5142582588815,0 79.314659335263,24.5142559979545,0 79.3146583428722,24.5142537820589,0 79.3146572234449,24.5142516174304,0 79.3146559801312,24.5142495101605,0 79.31465461643,24.5142474661793,0 79.3146531361789,24.5142454912388,0 79.3146515435434,24.5142435908966,0 79.3146498430054,24.5142417705005,0 79.3146294430036,24.5142210705053,0 79.3146283513984,24.5142199983587,0 79.3146085734339,24.514201194316,0 79.3146085072878,24.5141999015427,0 79.3146082490176,24.5141975342152,0 79.3146078547903,24.5141951826247,0 79.3146073257007,24.5141928533027,0 79.3146066632184,24.5141905527189,0 79.3146058691836,24.5141882872633,0 79.3146049458017,24.5141860632282,0 79.3146038956373,24.514183886791,0 79.3146027216074,24.5141817639968,0 79.3146014269729,24.5141797007417,0 79.3146000153296,24.5141777027564,0 79.3145978345287,24.5141747876058,0 79.3145977375082,24.5141743139277,0 79.3145971214426,24.5141719923263,0 79.314596371998,24.5141697037961,0 79.3145954912733,24.5141674547469,0 79.3145944817353,24.5141652514778,0 79.3145933462116,24.5141631001598,0 79.3145920878825,24.5141610068184,0 79.3145907102725,24.5141589773166,0 79.31458921724,24.5141570173387,0 79.3145876129666,24.5141551323743,0 79.3145859019457,24.5141533277027,0 79.3145794019452,24.5141468277043,0 79.3145779503818,24.5141454368251,0 79.3145764353881,24.5141441037734,0 79.3145713353881,24.5141398037745,0 79.3145692690075,24.5141381562526,0 79.3145671058218,24.514136616259,0 79.3145648525066,24.514135188546,0 79.3145625160156,24.5141338775197,0 79.3145601035595,24.5141326872258,0 79.3145576225828,24.5141316213377,0 79.3145550807421,24.5141306831446,0 79.3145529782477,24.5141300287818,0 79.3145516524429,24.5141287755653,0 79.3145497847896,24.5141271838128,0 79.314547829665,24.5141256825595,0 79.3145457923015,24.514124275823,0 79.3145436781514,24.5141229673682,0 79.3145414928726,24.5141217606967,0 79.3145392423135,24.5141206590377,0 79.3145369324969,24.5141196653397,0 79.3145355004865,24.514119130158,0 79.3145358386919,24.5141173132188,0 79.314536138238,24.5141149695722,0 79.3145363035267,24.5141126148065,0 79.3145363341062,24.5141102553556,0 79.314536229893,24.514107897666,0 79.314535991172,24.5141055481796,0 79.3145356185952,24.5141032133156,0 79.3145351131809,24.5141008994535,0 79.3145344763097,24.5140986129153,0 79.3145337097219,24.5140963599485,0 79.3145328155119,24.5140941467085,0 79.314531796123,24.5140919792426,0 79.3145306543403,24.5140898634728,0 79.3145293932836,24.5140878051799,0 79.3145293659826,24.5140877656191,0 79.3145310211378,24.514088070563,0 79.3145335593894,24.514088413718,0 79.3145361137067,24.5140886356799,0 79.3145386771818,24.5140887358485,0 79.3145412428821,24.5140887139528,0 79.3145438038691,24.5140885700521,0 79.3145463532167,24.5140883045355,0 79.3145488840307,24.5140879181211,0 79.3145513894667,24.514087411854,0 79.3145538627491,24.5140867871032,0 79.3145562971893,24.5140860455582,0 79.3145586862035,24.5140851892246,0 79.3145610233311,24.5140842204182,0 79.3145633022514,24.5140831417589,0 79.3145655168015,24.5140819561639,0 79.3145676609924,24.5140806668395,0 79.3145697290254,24.5140792772725,0 79.3145717153077,24.5140777912208,0 79.3145736144678,24.5140762127033,0 79.3145754213695,24.5140745459887,0 79.3145771311264,24.5140727955847,0 79.3145787391145,24.5140709662249,0 79.3145802409854,24.5140690628566,0 79.3145816326773,24.5140670906272,0 79.3146111744114,24.5140227356852,0 79.3146477464319,24.5139992483164,0 79.3146497998574,24.5139978555442,0 79.3146517716891,24.5139963673401,0 79.3146536566343,24.5139947876985,0 79.314655449634,24.5139931208593,0 79.3146571458756,24.5139913712962,0 79.3146587408065,24.5139895437051,0 79.3146602301457,24.5139876429914,0 79.3146616098959,24.5139856742565,0 79.3146628763538,24.5139836427847,0 79.3146640261202,24.5139815540284,0 79.3146650561091,24.5139794135938,0 79.314665963556,24.5139772272261,0 79.3146667460253,24.5139750007933,0 79.3146674014169,24.5139727402714,0 79.3146679279715,24.5139704517276,0 79.3146683242761,24.5139681413044,0 79.3146685892669,24.5139658152031,0 79.3146687222327,24.5139634796669,0 79.3146687228165,24.5139611409644,0 79.3146685910169,24.5139588053729,0 79.3146683271876,24.513956479161,0 79.3146679320367,24.5139541685724,0 79.3146674066248,24.5139518798087,0 79.3146667523622,24.5139496190131,0 79.3146659710049,24.5139473922535,0 79.3146650646501,24.5139452055067,0 79.3146640357304,24.5139430646418,0 79.3146628870076,24.513940975405,0 79.3146616215648,24.5139389434039,0 79.3146602427985,24.5139369740925,0 79.3146587544094,24.5139350727562,0 79.3146571603922,24.5139332444985,0 79.3146554650255,24.5139314942263,0 79.3146536728595,24.5139298266375,0 79.3146517887046,24.5139282462078,0 79.3146498176177,24.5139267571793,0 79.3146477648894,24.5139253635483,0 79.3146456360292,24.5139240690556,0 79.3146434367511,24.5139228771755,0 79.3146411729578,24.513921791107,0 79.3146388507256,24.5139208137653,0 79.3146370408812,24.5139201536889,0 79.3146376814822,24.5139194660647,0 79.3146392647139,24.5139175725966,0 79.3146407364825,24.5139156052954,0 79.3146420926829,24.5139135696479,0 79.3146433295327,24.5139114713317,0 79.3146444435824,24.5139093161991,0 79.3146454317247,24.5139071102607,0 79.3146462912038,24.5139048596691,0 79.3146470196224,24.5139025707012,0 79.3146476149491,24.5139002497411,0 79.3146480755233,24.513897903262,0 79.3146484000607,24.5138955378084,0 79.314648587656,24.5138931599775,0 79.3146486377861,24.5138907764014,0 79.314648550311,24.5138883937277,0 79.3146483254749,24.513886018602,0 79.3146479639048,24.5138836576486,0 79.3146460639008,24.513873257649,0 79.3146455680256,24.5138709233087,0 79.3146449384827,24.513868616099,0 79.3146441770194,24.5138663424224,0 79.3146432857485,24.5138641085886,0 79.3146422671435,24.5138619207964,0 79.314641124031,24.513859785117,0 79.3146398595832,24.513857707477,0 79.3146384773089,24.5138556936419,0 79.314636981044,24.5138537492001,0 79.3146353749408,24.5138518795475,0 79.3146336634561,24.5138500898725,0 79.3146318513394,24.5138483851414,0 79.3146299436194,24.5138467700849,0 79.3146279455899,24.5138452491848,0 79.3146258627958,24.5138438266617,0 79.3146237010166,24.5138425064631,0 79.3146214662515,24.5138412922526,0 79.314619164702,24.5138401873997,0 79.3146168027548,24.5138391949703,0 79.3146143869646,24.5138383177184,0 79.3146119240351,24.5138375580785,0 79.314609420801,24.5138369181586,0 79.314606884209,24.5138363997344,0 79.314604321298,24.5138360042447,0 79.3145773213072,24.5138325042464,0 79.3145747603615,24.5138322345026,0 79.3145721875128,24.5138320875074,0 79.3145715871221,24.5138320819534,0 79.3145702040512,24.5138305498321,0 79.314568452983,24.5138288051621,0 79.3145666043031,24.5138271469308,0 79.3145646631014,24.5138255797035,0 79.3145626347225,24.5138241077955,0 79.3145605247511,24.5138227352592,0 79.3145583389967,24.5138214658736,0 79.3145415389996,24.5138122658766,0 79.3145393418998,24.5138111314769,0 79.3145385952749,24.5138107907853,0 79.3145379295078,24.5138091103095,0 79.3145369228957,24.5138069327487,0 79.3145357930541,24.5138048063947,0 79.3145345430824,24.5138027370804,0 79.3145331764095,24.513800730482,0 79.3145316967842,24.5137987921041,0 79.3145220967822,24.5137868921065,0 79.3145205434649,24.5137850664754,0 79.3145188899565,24.5137833160557,0 79.3145171406003,24.5137816454453,0 79.3145152999912,24.5137800590325,0 79.314513372964,24.5137785609841,0 79.3145030729647,24.5137709609862,0 79.3145010044653,24.5137695154147,0 79.3144988555222,24.5137681716613,0 79.314496632116,24.5137669334661,0 79.3144943404348,24.5137658042748,0 79.3144919868565,24.5137647872303,0 79.3144895779313,24.5137638851629,0 79.3144871203634,24.5137631005834,0 79.3144846209925,24.5137624356751,0 79.3144820867746,24.5137618922886,0 79.3144795247626,24.5137614719361,0 79.3144769420869,24.5137611757877,0 79.3144743459352,24.5137610046674,0 79.3144717435328,24.5137609590516,0 79.3144691421225,24.5137610390671,0 79.3144665489443,24.5137612444913,0 79.3144639712152,24.5137615747525,0 79.3144614161092,24.5137620289315,0 79.3144588907374,24.5137626057643,0 79.3144586286701,24.5137626792559,0 79.3144588494117,24.5137613616713,0 79.3144591074166,24.5137589946451,0 79.3144592287837,24.5137566184705,0 79.314459213176,24.5137542397455,0 79.3144590606369,24.5137518650753,0 79.31445877159,24.5137495010539,0 79.3144583468379,24.5137471542455,0 79.31445778756,24.5137448311667,0 79.3144570953093,24.5137425382683,0 79.3144562720081,24.5137402819169,0 79.3144553199425,24.5137380683781,0 79.3144542417562,24.5137359037983,0 79.314453040443,24.513733794188,0 79.3144517193387,24.5137317454051,0 79.3144502821117,24.5137297631387,0 79.314448732753,24.513727852893,0 79.3144470755646,24.5137260199723,0 79.3144453151482,24.5137242694663,0 79.3144434563922,24.5137226062357,0 79.3144415044578,24.5137210348989,0 79.3144394647652,24.5137195598192,0 79.314437342978,24.5137181850924,0 79.314435144988,24.5137169145359,0 79.3144328768986,24.5137157516778,0 79.3144305450076,24.513714699747,0 79.3144281557902,24.5137137616645,0 79.3144257158807,24.5137129400351,0 79.3144232320542,24.5137122371403,0 79.3144207112076,24.5137116549319,0 79.3144181603408,24.5137111950265,0 79.314415586537,24.5137108587012,0 79.314412996943,24.5137106468899,0 79.3144103987495,24.5137105601808,0 79.3144081566232,24.5137105935022,0 79.3144095982253,24.5137090332416,0 79.314411156416,24.5137071562278,0 79.3144126054014,24.5137052073593,0 79.3144139412312,24.5137031919495,0 79.3144151602636,24.5137011154928,0 79.3144162591751,24.5136989836503,0 79.3144172349697,24.513696802234,0 79.3144180849872,24.5136945771911,0 79.3144188069102,24.5136923145876,0 79.3144193987706,24.5136900205921,0 79.3144198589547,24.5136877014587,0 79.314420186208,24.5136853635099,0 79.3144203796383,24.5136830131197,0 79.3144204387182,24.513680656696,0 79.3144203632867,24.513678300663,0 79.3144179632712,24.5136387006629,0 79.3144177384781,24.5136362255848,0 79.3144173652489,24.513633765564,0 79.3144168447134,24.5136313280467,0 79.3144161784474,24.5136289204111,0 79.3144153684674,24.513626549945,0 79.3144150684671,24.5136257499451,0 79.3144141753202,24.5136235553843,0 79.3144131589893,24.5136214061535,0 79.3144120222093,24.5136193080362,0 79.3144107680394,24.5136172666786,0 79.3144093998547,24.5136152875742,0 79.3144079213369,24.5136133760489,0 79.314406336465,24.5136115372466,0 79.3144046495039,24.5136097761156,0 79.3144028649933,24.5136080973954,0 79.3144009877354,24.5136065056033,0 79.3143990227821,24.5136050050231,0 79.3143969754211,24.5136035996929,0 79.314394851162,24.5136022933944,0 79.3143926557214,24.5136010896431,0 79.3143903950072,24.5135999916782,0 79.3143880751033,24.5135990024545,0 79.3143857022525,24.513598124634,0 79.3143832828404,24.513597360579,0 79.3143808233777,24.5135967123456,0 79.314378330483,24.5135961816782,0 79.3143758108648,24.5135957700049,0 79.3143732713036,24.5135954784335,0 79.3143707186334,24.5135953077487,0 79.3143681597237,24.5135952584098,0 79.3143656014605,24.5135953305495,0 79.3143630507284,24.5135955239737,0 79.3143605143914,24.513595838162,0 79.3143579992751,24.5135962722687,0 79.3143555121478,24.5135968251257,0 79.3143530597024,24.5135974952453,0 79.3143334272398,24.5136033713209,0 79.3143333305486,24.5136032739581,0 79.3143314856953,24.5136016021465,0 79.314329547267,24.513600021451,0 79.3143275206325,24.5135985362495,0 79.314325411405,24.5135971506556,0 79.3143232254261,24.5135958685068,0 79.3143209687504,24.5135946933544,0 79.3143186476281,24.513593628453,0 79.3143162684879,24.5135926767522,0 79.3143138379193,24.5135918408877,0 79.314311362654,24.5135911231747,0 79.3143088495479,24.5135905256009,0 79.3143063055612,24.5135900498215,0 79.3143037377401,24.5135896971542,0 79.3143011531964,24.5135894685758,0 79.3142985590886,24.5135893647193,0 79.3142959626014,24.5135893858725,0 79.3142933709262,24.5135895319766,0 79.314290791241,24.5135898026271,0 79.3142882306909,24.5135901970743,0 79.3142856963675,24.5135907142258,0 79.3142831952901,24.5135913526492,0 79.3142822408976,24.51359164659,0 79.314281067311,24.5135898972204,0 79.3142796198846,24.5135879709738,0 79.3142780654164,24.5135861158625,0 79.3142764080748,24.5135843368608,0 79.3142746523037,24.513582638739,0 79.314272802811,24.5135810260504,0 79.3142708645561,24.5135795031193,0 79.3142688427362,24.5135780740293,0 79.3142667427726,24.5135767426125,0 79.3142645702962,24.5135755124388,0 79.3142623311323,24.5135743868068,0 79.314260031285,24.5135733687349,0 79.3142576769212,24.5135724609529,0 79.3142552743539,24.513571665895,0 79.3142528300254,24.5135709856931,0 79.3142503504898,24.5135704221709,0 79.3142478423959,24.5135699768396,0 79.3142453124689,24.5135696508934,0 79.3142427674926,24.5135694452061,0 79.314240214291,24.5135693603292,0 79.3142376597105,24.5135693964906,0 79.3142351106007,24.513569553593,0 79.3142325737971,24.5135698312154,0 79.3142300561018,24.5135702286131,0 79.3142275642657,24.5135707447208,0 79.3142251049705,24.5135713781544,0 79.3142226848106,24.5135721272156,0 79.3142203102754,24.5135729898956,0 79.3142179877321,24.5135739638814,0 79.3142157234082,24.5135750465613,0 79.3142135233755,24.5135762350322,0 79.3142113935331,24.5135775261072,0 79.314209339592,24.5135789163246,0 79.3142073670596,24.5135804019565,0 79.3142054812252,24.5135819790193,0 79.3142036871454,24.5135836432843,0 79.3142019896309,24.513585390289,0 79.3141794896295,24.5136097902833,0 79.3141779020084,24.5136116047613,0 79.3141764185676,24.5136134916,0 79.3141750432398,24.5136154457972,0 79.314173779671,24.5136174621724,0 79.3141726312109,24.5136195353799,0 79.3141716009042,24.5136216599238,0 79.3141706914823,24.5136238301718,0 79.3141699053561,24.5136260403703,0 79.3141692446095,24.5136282846603,0 79.3141687109944,24.5136305570919,0 79.3141683059253,24.5136328516408,0 79.3141680304762,24.5136351622242,0 79.3141678853771,24.5136374827166,0 79.3141678710128,24.5136398069663,0 79.3141679384176,24.5136411513981,0 79.3141673658991,24.5136391618039,0 79.3141665735017,24.5136368991128,0 79.3141656520809,24.513634677702,0 79.3141646041892,24.5136325037253,0 79.3141634327297,24.5136303832056,0 79.3141621409477,24.5136283220173,0 79.3141607324218,24.5136263258705,0 79.314135032415,24.513591925877,0 79.3141335010932,24.5135899883798,0 79.3141318597965,24.5135881277832,0 79.3141301131296,24.5135863493071,0 79.3141282659924,24.5135846579406,0 79.3141272653088,24.5135838339166,0 79.3141752064989,24.5135050615272,0 79.3141764080911,24.5135029590242,0 79.3141774872885,24.5135008016633,0 79.3141784411098,24.5134985954042,0 79.3141792669203,24.5134963463412,0 79.3141799624388,24.513494060687,0 79.314180525744,24.5134917447556,0 79.3141809552799,24.5134894049442,0 79.31418124986,24.5134870477163,0 79.3141814086705,24.5134846795834,0 79.3141814312727,24.5134823070872,0 79.3141813176043,24.5134799367813,0 79.3141810679791,24.5134775752134,0 79.3141806830869,24.5134752289069,0 79.3141801639907,24.5134729043432,0 79.3141795121246,24.5134706079437,0 79.3141787292893,24.5134683460517,0 79.3141778176471,24.5134661249154,0 79.3141767797165,24.5134639506704,0 79.3141756183644,24.5134618293227,0 79.3141743367991,24.5134597667323,0 79.3141729385607,24.5134577685967,0 79.3141714275115,24.5134558404356,0 79.3141698078258,24.5134539875752,0 79.3141680839775,24.5134522151337,0 79.3141662607287,24.5134505280074,0 79.3141643431157,24.5134489308565,0 79.3141623364358,24.5134474280931,0 79.3141602462321,24.5134460238683,0 79.3141580782784,24.513444722061,0 79.3141558385635,24.5134435262673,0 79.3141535332742,24.5134424397905,0 79.3141511687785,24.5134414656318,0 79.3141487516081,24.513440606482,0 79.3141462884401,24.5134398647146,0 79.3141437860785,24.5134392423785,0 79.3141412514358,24.5134387411929,0 79.3141386915136,24.5134383625422,0 79.3141361133833,24.5134381074723,0 79.3141335241666,24.513437976688,0 79.3141309310158,24.5134379705503,0 79.3141283410942,24.5134380890764,0 79.3141257615561,24.5134383319387,0 79.314123199527,24.5134386984664,0 79.3141206620842,24.5134391876471,0 79.3141181562369,24.5134397981294,0 79.3141156889073,24.513440528227,0 79.314113266911,24.513441375923,0 79.3140327480449,24.5134718000053,0 79.314032461472,24.5134714913885,0 79.3140307093258,24.5134697912249,0 79.3140288633687,24.513468176296,0 79.3140269285472,24.5134666509293,0 79.3140249100458,24.513465219212,0 79.3140228132733,24.5134638849805,0 79.3140206438482,24.5134626518102,0 79.3140184075837,24.5134615230053,0 79.314016110472,24.5134605015906,0 79.3140137586685,24.5134595903031,0 79.3140113584751,24.5134587915847,0 79.3140099774568,24.5134584047827,0 79.3140108695185,24.5134579261059,0 79.3140130331678,24.5134566207508,0 79.314015118915,24.5134552132466,0 79.3140171210051,24.5134537074769,0 79.3140190339136,24.5134521075965,0 79.3140208523626,24.5134504180198,0 79.3140225713344,24.5134486434089,0 79.314024186086,24.5134467886602,0 79.3140256921619,24.5134448588916,0 79.3140270854065,24.5134428594276,0 79.3140283619755,24.5134407957853,0 79.3140295183465,24.5134386736588,0 79.3140305513289,24.5134364989034,0 79.3140314580723,24.51343427752,0 79.314032236075,24.5134320156379,0 79.3140328831901,24.513429719498,0 79.3140333976322,24.513427395436,0 79.3140337779818,24.5134250498646,0 79.3140340231895,24.5134226892557,0 79.3140341325785,24.5134203201228,0 79.3140341058472,24.513417949003,0 79.3140340058463,24.513415449003,0 79.3140338712415,24.513413382186,0 79.3140336331962,24.51341132319,0 79.3140314331902,24.5133957231904,0 79.31403104401,24.5133934297766,0 79.3140305265136,24.5133911576948,0 79.314029882069,24.5133889129507,0 79.3140291123796,24.513386701478,0 79.3140282194799,24.5133845291222,0 79.3140272057302,24.5133824016255,0 79.31402607381,24.5133803246114,0 79.3140248267114,24.5133783035701,0 79.3140234677308,24.5133763438439,0 79.3140220004605,24.5133744506129,0 79.3140204287788,24.5133726288814,0 79.3140187568402,24.5133708834648,0 79.3140169890641,24.5133692189767,0 79.3140151301233,24.513367639817,0 79.3140131849315,24.5133661501597,0 79.3140111586304,24.5133647539425,0 79.3140090565761,24.513363454856,0 79.314006884325,24.513362256334,0 79.3140046476189,24.5133611615447,0 79.3140023523703,24.5133601733818,0 79.3140000046459,24.5133592944573,0 79.3139976106517,24.5133585270946,0 79.3139951767156,24.5133578733219,0 79.3139779891914,24.5133536925735,0 79.3139479149894,24.5133397388382,0 79.3139456031318,24.5133387342853,0 79.3139432374507,24.5133378407685,0 79.3139408243115,24.5133370606919,0 79.3139383702075,24.5133363961546,0 79.3139358817419,24.5133358489445,0 79.3139333656108,24.5133354205342,0 79.3139308285842,24.5133351120764,0 79.3139282774889,24.5133349244011,0 79.3139257191891,24.5133348580132,0 79.3139231605685,24.5133349130915,0 79.3139206085119,24.5133350894876,0 79.3139180698862,24.513335386727,0 79.3139174347819,24.5133354919612,0 79.3139167628273,24.5133341567662,0 79.3139155664196,24.5133320728414,0 79.3139142529105,24.5133300488103,0 79.3139128258717,24.5133280901766,0 79.3139112891834,24.5133262022658,0 79.313909647024,24.5133243902114,0 79.3139079038587,24.5133226589405,0 79.3139060644272,24.5133210131606,0 79.3139041337313,24.5133194573467,0 79.3139021170205,24.5133179957291,0 79.3139000197786,24.5133166322822,0 79.313897847708,24.5133153707133,0 79.3138956067149,24.5133142144526,0 79.3138933028926,24.5133131666442,0 79.3138909425056,24.5133122301372,0 79.3138885319718,24.5133114074779,0 79.3138860778457,24.5133107009032,0 79.3138835868004,24.5133101123345,0 79.3138810656091,24.513309643372,0 79.3138593656163,24.5133061433736,0 79.3138567944894,24.5133057923014,0 79.3138545885602,24.5133055990681,0 79.3138546387025,24.5133039931953,0 79.3138545748365,24.513301601989,0 79.3138543726284,24.5132992172346,0 79.3138540326457,24.5132968456273,0 79.3138535558431,24.5132944938256,0 79.3138529435592,24.5132921684324,0 79.3138521975131,24.5132898759763,0 79.3138513197993,24.5132876228935,0 79.313850312882,24.5132854155098,0 79.3138491795883,24.5132832600225,0 79.3138479230999,24.5132811624832,0 79.3138465469445,24.5132791287809,0 79.3138450549859,24.5132771646254,0 79.3138434514127,24.5132752755311,0 79.313841740727,24.5132734668019,0 79.3138399277318,24.5132717435157,0 79.3138380175171,24.5132701105109,0 79.313836015446,24.5132685723722,0 79.3138091225236,24.5132489989354,0 79.3138032139372,24.5132411013231,0 79.3138017259717,24.5132392183288,0 79.3138001340789,24.5132374078808,0 79.3137984424764,24.513235674776,0 79.3137966556461,24.5132340236062,0 79.3137947783221,24.5132324587459,0 79.3137928154783,24.5132309843413,0 79.3137907723152,24.5132296042986,0 79.3137886542459,24.5132283222743,0 79.3137864668823,24.513227141665,0 79.3137842160196,24.5132260655986,0 79.3137819076214,24.5132250969262,0 79.3137795478037,24.5132242382142,0 79.3137771428187,24.5132234917378,0 79.3137746990382,24.5132228594746,0 79.3137722229371,24.5132223430998,0 79.3137697210755,24.5132219439815,0 79.313767200082,24.5132216631772,0 79.3137646666359,24.5132215014308,0 79.3137621274494,24.5132214591709,0 79.31375958925,24.5132215365095,0 79.3137570587625,24.5132217332416,0 79.3137545426912,24.5132220488461,0 79.3137533200906,24.5132222613397,0 79.3137423515318,24.5132122465709,0 79.3137404712934,24.5132106176596,0 79.313738500241,24.5132090812454,0 79.3137364438036,24.5132076415601,0 79.3137346949083,24.513206545314,0 79.3137568055295,24.5131589621754,0 79.3137577458101,24.5131567832945,0 79.3137585612855,24.5131545627185,0 79.3137592497597,24.5131523064271,0 79.3137598093787,24.5131500204964,0 79.3137602386356,24.5131477110823,0 79.3137605363743,24.5131453844037,0 79.3137607017931,24.5131430467261,0 79.3137607344466,24.5131407043448,0 79.3137606342468,24.5131383635676,0 79.3137604014635,24.5131360306979,0 79.3137600367237,24.5131337120181,0 79.3137595410096,24.513131413772,0 79.313758915656,24.5131291421486,0 79.313758162347,24.5131269032653,0 79.3137572831113,24.5131247031511,0 79.3137562803164,24.5131225477308,0 79.3137551566629,24.5131204428087,0 79.3137539151767,24.5131183940532,0 79.3137525592009,24.5131164069813,0 79.3137510923872,24.5131144869441,0 79.3137495186854,24.5131126391121,0 79.3137478423335,24.5131108684613,0 79.3137460678457,24.51310917976,0 79.3137442000005,24.5131075775555,0 79.313742243828,24.5131060661626,0 79.3137402045958,24.5131046496513,0 79.3137380877954,24.5131033318361,0 79.3137358991273,24.5131021162657,0 79.3137336444853,24.5131010062137,0 79.3137313299409,24.5131000046692,0 79.3137289617271,24.5130991143293,0 79.3137265462211,24.5130983375916,0 79.3137240899277,24.5130976765478,0 79.3137215994615,24.5130971329781,0 79.3137190815291,24.5130967083462,0 79.3137165429111,24.5130964037956,0 79.3137139904437,24.5130962201464,0 79.3137114310005,24.5130961578932,0 79.3137088714737,24.5130962172037,0 79.3137063187561,24.513096397918,0 79.3137037797218,24.5130966995497,0 79.3137012612082,24.5130971212863,0 79.3136987699975,24.5130976619922,0 79.3136963127982,24.5130983202114,0 79.3136938962273,24.5130990941712,0 79.3136915267925,24.5130999817876,0 79.3136892108745,24.5131009806702,0 79.3136869547097,24.5131020881291,0 79.3136847643738,24.5131033011821,0 79.3136826457653,24.5131046165625,0 79.3136441141819,24.5131299000077,0 79.3136419533384,24.5131287886263,0 79.3136401979147,24.5131279924212,0 79.3136403987101,24.5131261985535,0 79.3136405268416,24.5131237910231,0 79.3136405143388,24.5131213806673,0 79.3136403612371,24.5131189743581,0 79.3136400679733,24.5131165789562,0 79.3136396353833,24.5131142012909,0 79.3136390647005,24.5131118481411,0 79.313638357552,24.513109526216,0 79.3136229575358,24.5130637262199,0 79.3136221372696,24.5130614954027,0 79.3136211910354,24.5130593067347,0 79.3136201214057,24.513057166166,0 79.3136189312881,24.5130550795155,0 79.3136176239182,24.513053052456,0 79.31361620285,24.5130510904979,0 79.3136146719466,24.5130491989748,0 79.3136130353698,24.5130473830289,0 79.3136112975687,24.5130456475967,0 79.3136094632674,24.5130439973961,0 79.3136075374526,24.5130424369131,0 79.3136055253595,24.51304097039,0 79.313603432458,24.5130396018133,0 79.3136012644377,24.5130383349037,0 79.3135990271924,24.5130371731052,0 79.313596726804,24.5130361195762,0 79.313594369526,24.5130351771806,0 79.3135919617669,24.5130343484804,0 79.313589510072,24.5130336357284,0 79.3135870211063,24.5130330408622,0 79.313584501636,24.5130325654989,0 79.3135819585103,24.5130322109309,0 79.3135793986428,24.513031978122,0 79.3135768289923,24.5130318677051,0 79.3135750407952,24.5130318762381,0 79.3135749869628,24.5130317618846,0 79.3135738405087,24.5130296401354,0 79.3135642178389,24.5130129477606,0 79.3135639741798,24.5130085923845,0 79.3135639276981,24.5130078738022,0 79.3135609239606,24.5129669701842,0 79.3135619137407,24.5129617384785,0 79.3135664975157,24.5129405750548,0 79.3135669456973,24.5129381653395,0 79.3135672506629,24.5129357369611,0 79.3135674115183,24.5129332970394,0 79.3135674277919,24.5129308527284,0 79.313567299436,24.5129284111949,0 79.313567026827,24.5129259795974,0 79.313566610764,24.5129235650654,0 79.3135660524671,24.5129211746783,0 79.3135653535732,24.5129188154447,0 79.3135645161315,24.512916494282,0 79.3135635425973,24.5129142179958,0 79.3135470425861,24.5128785180002,0 79.3135459680959,24.5128763538693,0 79.3135447705926,24.5128742444857,0 79.3135434533965,24.5128721956977,0 79.3135420201595,24.5128702131859,0 79.3135404748553,24.5128683024467,0 79.3135388217685,24.5128664687778,0 79.3135370654822,24.5128647172632,0 79.313535210866,24.5128630527589,0 79.3135332630617,24.5128614798801,0 79.31353122747,24.5128600029875,0 79.3135291097343,24.5128586261759,0 79.3135269157265,24.5128573532626,0 79.3135246515295,24.5128561877769,0 79.3135223234208,24.51285513295,0 79.3135199378553,24.5128541917066,0 79.3135175014471,24.5128533666563,0 79.3135150209513,24.5128526600866,0 79.3135125032451,24.5128520739565,0 79.3135099553091,24.5128516098911,0 79.3135073842076,24.5128512691771,0 79.3135047970691,24.512851052759,0 79.3135022010665,24.5128509612369,0 79.3134996033974,24.5128509948646,0 79.3134970112641,24.5128511535488,0 79.3134944318532,24.5128514368495,0 79.3134918723164,24.5128518439814,0 79.3134893397502,24.5128523738156,0 79.3134890842795,24.512852440385,0 79.3134883843041,24.5128508693444,0 79.3134872836986,24.5128487276768,0 79.3134860619323,24.5128466417262,0 79.3134847223631,24.5128446172257,0 79.3134832686727,24.5128426597395,0 79.3134817048565,24.5128407746476,0 79.3134800352126,24.5128389671312,0 79.3134782643298,24.5128372421578,0 79.3134399643285,24.5128018421666,0 79.3134381900107,24.5128002820117,0 79.3134363328764,24.512798804743,0 79.3134343975457,24.5127974140354,0 79.3134323888332,24.5127961133488,0 79.3134303117359,24.5127949059187,0 79.3134281714211,24.5127937947491,0 79.3134259732134,24.5127927826042,0 79.3134237225813,24.5127918720019,0 79.3134214251237,24.5127910652076,0 79.3134190865561,24.5127903642283,0 79.3133724865701,24.5127775642334,0 79.3133698910944,24.5127769213083,0 79.3133672611913,24.5127764087103,0 79.313364604672,24.5127760279619,0 79.3133619294267,24.5127757801939,0 79.3133592434015,24.5127756661423,0 79.3133565545742,24.5127756861457,0 79.3133538709311,24.5127758401448,0 79.3133512004431,24.5127761276823,0 79.3133485510419,24.5127765479039,0 79.3133459305968,24.5127770995617,0 79.3132961306134,24.5127888995586,0 79.3132936386966,24.5127895543945,0 79.3132911878167,24.5127903280934,0 79.3132887847413,24.5127912185188,0 79.3132864361061,24.512792223212,0 79.3132841483966,24.5127933393987,0 79.3132819279297,24.5127945639968,0 79.313279780837,24.5127958936247,0 79.3132777130472,24.5127973246109,0 79.3132757302701,24.5127988530039,0 79.313273837981,24.5128004745835,0 79.313272041405,24.5128021848718,0 79.313270345503,24.5128039791463,0 79.3132687549581,24.5128058524523,0 79.3132672741621,24.512807799617,0 79.3132659072041,24.5128098152637,0 79.3132646578587,24.5128118938265,0 79.3132635295757,24.5128140295658,0 79.3132625254707,24.5128162165842,0 79.3132616483164,24.5128184488426,0 79.3132609005349,24.512820720177,0 79.3132608989844,24.5128207259734,0 79.3132571334491,24.5128209827143,0 79.3132545837092,24.5128212176196,0 79.3132520507392,24.5128215733359,0 79.3132495413724,24.5128220489034,0 79.3132470623783,24.5128226430393,0 79.3132446204446,24.5128233541407,0 79.313242222159,24.5128241802893,0 79.3132398739915,24.5128251192564,0 79.3132375822767,24.5128261685088,0 79.3132353531971,24.5128273252159,0 79.3132331927662,24.5128285862574,0 79.3132311068122,24.5128299482311,0 79.3132291009625,24.512831407463,0 79.3132280404411,24.5128322648742,0 79.3132573680564,24.5128325927197,0 79.3132561625228,24.5129228701984,0 79.3131724941612,24.5129219348742,0 79.3131716740038,24.5129233748609,0 79.3131708230594,24.512925077169,0 79.3131649147312,24.5129224877161,0 79.3131633002552,24.5129218320931,0 79.3131574925968,24.5129217671676,0 79.313157517464,24.5129199050798,0 79.3131568899528,24.5129197263903,0 79.3131541134612,24.5129190946697,0 79.3131129264092,24.5129108759396,0 79.3131041416507,24.5129080739047,0 79.3131015129892,24.5129073101452,0 79.31309884179,24.5129066819699,0 79.3130961364,24.5129061913418,0 79.3130934052731,24.512905839794,0 79.3130906569433,24.512905628425,0 79.3130878999986,24.5129055578953,0 79.3130828000004,24.5129055578953,0 79.3130804264204,24.5129056101634,0 79.3130780583369,24.5129057668467,0 79.3130757012337,24.5129060275822,0 79.3130733605692,24.5129063917663,0 79.3130710417637,24.5129068585555,0 79.3130687501869,24.512907426869,0 79.3130492501932,24.5129127268675,0 79.3130467985925,24.5129134575034,0 79.3130443920568,24.5129143043221,0 79.3130420371584,24.512915265011,0 79.3130397403285,24.5129163369466,0 79.3130375078396,24.5129175172013,0 79.3130353457886,24.512918802552,0 79.3130332600802,24.5129201894883,0 79.3130312564102,24.5129216742226,0 79.3130293402507,24.5129232527,0 79.3130275168348,24.5129249206098,0 79.313025791142,24.512926673397,0 79.3130241678853,24.5129285062746,0 79.3130226514978,24.5129304142372,0 79.3130212461206,24.5129323920742,0 79.3130199555919,24.512934434384,0 79.3130187834361,24.5129365355892,0 79.3130177328543,24.5129386899515,0 79.3130168067156,24.5129408915872,0 79.3130076067084,24.512964591584,0 79.3130067946589,24.5129668741902,0 79.3130064204088,24.5129681536519,0 79.313006390248,24.5129680422891,0 79.313005692998,24.5129657322982,0 79.3130048627469,24.5129634594171,0 79.3130039018347,24.5129612300512,0 79.3130028129693,24.5129590504834,0 79.3130015992195,24.5129569268563,0 79.313000264006,24.5129548651548,0 79.3129988110916,24.5129528711891,0 79.312997244571,24.5129509505789,0 79.3129955688592,24.5129491087367,0 79.3129937886785,24.5129473508534,0 79.312991909046,24.5129456818831,0 79.312989935259,24.5129441065293,0 79.31298787288,24.5129426292318,0 79.3129857277214,24.5129412541539,0 79.3129835058286,24.5129399851709,0 79.3129812134635,24.5129388258591,0 79.3129788570866,24.5129377794857,0 79.3129764433386,24.5129368489997,0 79.312973979022,24.5129360370234,0 79.312971471082,24.5129353458451,0 79.3129689265864,24.5129347774127,0 79.3129663527062,24.5129343333282,0 79.3129637566953,24.5129340148431,0 79.3129611458698,24.512933822855,0 79.3129585275876,24.512933757905,0 79.3129559092277,24.512933820176,0 79.3129268092381,24.5129352201761,0 79.3129242147471,24.5129354078877,0 79.3129216346841,24.5129357205122,0 79.3129190762283,24.5129361571796,0 79.3129165464984,24.5129367166748,0 79.3129140525335,24.5129373974412,0 79.312911601273,24.5129381975844,0 79.3129091995377,24.5129391148781,0 79.3129068540104,24.5129401467699,0 79.3129045712175,24.5129412903884,0 79.312902357511,24.5129425425517,0 79.3129002190504,24.5129438997755,0 79.3128981617862,24.5129453582834,0 79.3128961914425,24.512946914017,0 79.3128943135021,24.5129485626474,0 79.3128925331901,24.5129502995875,0 79.3128908554605,24.512952120004,0 79.3128892849814,24.5129540188317,0 79.3128878261227,24.5129559907871,0 79.3128864829439,24.5129580303832,0 79.3128852591822,24.5129601319448,0 79.3128709591759,24.5129863319403,0 79.3128698662562,24.5129884727638,0 79.3128688972646,24.5129906629772,0 79.312868054856,24.5129928965797,0 79.3128673413383,24.5129951674519,0 79.3128667586664,24.5129974693722,0 79.3128663084366,24.512999796034,0 79.3128659918824,24.5130021410629,0 79.3128659878341,24.5130021934865,0 79.3128539706163,24.5129992718682,0 79.3128514524124,24.5129987239228,0 79.3128489062657,24.5129982975645,0 79.3128463391841,24.5129979939669,0 79.3128437582329,24.5129978139656,0 79.3128411705159,24.512997758056,0 79.3128385831553,24.5129978263919,0 79.3128360032724,24.5129980187854,0 79.3128334379678,24.5129983347068,0 79.3128308943021,24.5129987732867,0 79.3128283792763,24.5129993333179,0 79.3128258998126,24.513000013259,0 79.3128234627353,24.5130008112387,0 79.312821074752,24.5130017250605,0 79.3128187424353,24.5130027522094,0 79.3128164722044,24.5130038898584,0 79.3128142703078,24.5130051348762,0 79.312812252161,24.5130064144986,0 79.3128122492696,24.5130064132827,0 79.3128099005216,24.5130055560341,0 79.3128075068537,24.5130048100154,0 79.3128068068539,24.5130046100155,0 79.3128038963563,24.5130038671328,0 79.31276039637,24.5129940671369,0 79.3127578475668,24.5129935579156,0 79.3127552729081,24.5129931726718,0 79.3127526795923,24.5129929124827,0 79.3127500748703,24.5129927780758,0 79.3127474660246,24.5129927698268,0 79.3127448603495,24.5129928877589,0 79.3127422651302,24.5129931315423,0 79.3127396876227,24.5129935004953,0 79.3127371350337,24.5129939935865,0 79.3127346144999,24.5129946094372,0 79.3127321330687,24.5129953463254,0 79.3127296976779,24.512996202191,0 79.3127273151368,24.5129971746409,0 79.3127249921067,24.5129982609563,0 79.3127227350827,24.5129994580998,0 79.3127205503752,24.5130007627244,0 79.3127184440927,24.5130021711825,0 79.3127164221241,24.513003679536,0 79.3127144901227,24.5130052835677,0 79.3127126534902,24.5130069787928,0 79.3127109173618,24.5130087604716,0 79.3127092865916,24.5130106236227,0 79.312707765739,24.5130125630367,0 79.3127073128316,24.5130132102753,0 79.3127069695745,24.5130125656092,0 79.3127057073837,24.513010482045,0 79.3127043268186,24.5130084623026,0 79.3127028317238,24.5130065120066,0 79.3127012262628,24.5130046365881,0 79.3126995149066,24.5130028412698,0 79.3126977024208,24.5130011310513,0 79.312695793853,24.5129995106953,0 79.3126937945181,24.5129979847139,0 79.3126917099838,24.5129965573569,0 79.312689546055,24.512995232599,0 79.312687308758,24.5129940141296,0 79.3126850043232,24.5129929053416,0 79.3126826391678,24.512991909323,0 79.3126802198783,24.5129910288473,0 79.3126777531921,24.5129902663666,0 79.3126752459782,24.5129896240041,0 79.3126727052188,24.5129891035488,0 79.3126701379894,24.51298870645,0 79.3126675514391,24.5129884338135,0 79.3126649527709,24.5129882863986,0 79.3126623492217,24.5129882646158,0 79.3126597480417,24.5129883685257,0 79.3126571564746,24.512988597839,0 79.3126545817376,24.512988951917,0 79.3126520310006,24.5129894297738,0 79.312649511367,24.5129900300787,0 79.3126470298533,24.5129907511598,0 79.3126445933702,24.5129915910092,0 79.3126422087027,24.5129925472879,0 79.3126057087125,24.5130082472834,0 79.3126033161452,24.5130093499454,0 79.3126009925182,24.5130105697984,0 79.3125987446818,24.5130119032461,0 79.3125965792632,24.5130133463571,0 79.3125946340884,24.5130147968615,0 79.3125738278119,24.5129957164563,0 79.3125720298979,24.51299414866,0 79.3125701480301,24.5129926656321,0 79.3125681869772,24.5129912711309,0 79.3125661517087,24.51298996869,0 79.3125640473822,24.5129887616099,0 79.3125618793302,24.5129876529496,0 79.3125596530467,24.5129866455184,0 79.3125573741733,24.5129857418693,0 79.3125550484849,24.5129849442921,0 79.3125526818749,24.512984254808,0 79.3125502803405,24.5129836751642,0 79.3125478499674,24.5129832068296,0 79.3124844499884,24.5129725068345,0 79.3124819865195,24.5129721497299,0 79.3124795064739,24.5129719069874,0 79.3124770161895,24.5129717792274,0 79.3124745220303,24.5129717667764,0 79.3124720303705,24.5129718696661,0 79.3124695475775,24.5129720876337,0 79.3124670799963,24.5129724201222,0 79.3124646339329,24.5129728662817,0 79.3124622156384,24.5129734249723,0 79.3124598312929,24.5129740947659,0 79.3124574869898,24.5129748739511,0 79.31245518872,24.5129757605364,0 79.3124381556097,24.5129828003512,0 79.3124359465051,24.5129819501401,0 79.3124335432541,24.5129811564955,0 79.3124310983209,24.5129804777439,0 79.3124286182621,24.5129799157053,0 79.3124261097285,24.512979471887,0 79.3124235794472,24.5129791474792,0 79.3124210342036,24.5129789433518,0 79.3124184808232,24.5129788600523,0 79.3124159261533,24.512978897804,0 79.3124133770449,24.5129790565057,0 79.3124108403338,24.5129793357317,0 79.3124083228227,24.5129797347334,0 79.3124058312627,24.5129802524407,0 79.3124033723355,24.5129808874653,0 79.312400952635,24.5129816381042,0 79.3123985786502,24.5129825023445,0 79.3123962567474,24.5129834778685,0 79.3123657567554,24.5129971778646,0 79.3123634828309,24.5129982673211,0 79.3123612739102,24.5129994635045,0 79.3123591359719,24.5130007631772,0 79.3123570748025,24.5130021628215,0 79.3123550959806,24.5130036586493,0 79.312353204862,24.5130052466121,0 79.3123514065652,24.5130069224118,0 79.3123468941931,24.5130113522409,0 79.3123464486027,24.5130110864057,0 79.3123441991967,24.5130098215909,0 79.3123418790623,24.5130086686807,0 79.3123394948436,24.5130076309764,0 79.3123370533679,24.5130067114497,0 79.3123345616266,24.5130059127337,0 79.312332026755,24.5130052371155,0 79.312329456012,24.5130046865299,0 79.312326856759,24.5130042625535,0 79.3123242364394,24.5130039664004,0 79.3123216025565,24.5130037989187,0 79.3123189626528,24.513003760588,0 79.3123163242879,24.513003851518,0 79.3123136950169,24.5130040714483,0 79.3123110823689,24.5130044197492,0 79.3123084938256,24.5130048954232,0 79.3123059367994,24.5130054971083,0 79.3123034186126,24.5130062230814,0 79.3123009464763,24.5130070712637,0 79.3122985274697,24.5130080392263,0 79.3122775254515,24.513017063113,0 79.312273534387,24.5130158082803,0 79.312270747332,24.5130150155178,0 79.3122679139203,24.5130143749217,0 79.312235013931,24.5130078749245,0 79.3122324504013,24.5130074330023,0 79.3122298649262,24.513007115665,0 79.3122272647332,24.5130069237997,0 79.3122246570912,24.5130068579427,0 79.3122220492895,24.5130069182781,0 79.3122194486183,24.5130071046373,0 79.3122168623474,24.5130074164993,0 79.3122142977068,24.5130078529923,0 79.3122117618658,24.513008412896,0 79.312209261913,24.5130090946454,0 79.3122068048372,24.5130098963347,0 79.3122043975068,24.5130108157226,0 79.3122020466514,24.5130118502393,0 79.3121997588429,24.5130129969926,0 79.3121975404765,24.5130142527769,0 79.3121953977537,24.5130156140818,0 79.3121933366642,24.5130170771017,0 79.3121913629699,24.5130186377469,0 79.312189482188,24.5130202916547,0 79.3121876995763,24.5130220342016,0 79.3121860201178,24.5130238605165,0 79.3121844485075,24.5130257654939,0 79.3121829891386,24.5130277438087,0 79.3121816460909,24.5130297899305,0 79.3121804231187,24.5130318981394,0 79.3121793236408,24.5130340625422,0 79.3121783507307,24.5130362770883,0 79.3121775071082,24.513038535587,0 79.3121767951316,24.5130408317249,0 79.3121762167912,24.5130431590831,0 79.3121757737037,24.5130455111558,0 79.3121754671078,24.5130478813677,0 79.3121752978605,24.5130502630931,0 79.3121752664349,24.5130526496739,0 79.312175372919,24.5130550344386,0 79.312175471971,24.5130559987121,0 79.3121593867467,24.5130566920412,0 79.3121431617416,24.5130464702884,0 79.3121340717011,24.5130406948498,0 79.3121126682133,24.5130072767805,0 79.3121112847932,24.5130052425481,0 79.3121097853612,24.5130032783359,0 79.312108174141,24.5130013896766,0 79.3121064556713,24.5129995818904,0 79.3121046347926,24.5129978600695,0 79.3121027166342,24.5129962290642,0 79.3121007065992,24.5129946934686,0 79.3120986103497,24.5129932576084,0 79.3120964337904,24.5129919255282,0 79.3120941830526,24.5129907009803,0 79.3120918644761,24.512989587414,0 79.3120894845921,24.5129885879662,0 79.3120870501044,24.512987705452,0 79.3120845678706,24.5129869423575,0 79.3120820448829,24.5129863008322,0 79.312079488248,24.5129857826831,0 79.3120769051678,24.5129853893699,0 79.3120743029184,24.5129851220003,0 79.31207168883,24.5129849813277,0 79.312069070266,24.5129849677481,0 79.3120664546027,24.5129850812999,0 79.3120638492079,24.5129853216632,0 79.3120612614208,24.512985688161,0 79.3120586985307,24.5129861797608,0 79.3120561677569,24.5129867950779,0 79.3120536762284,24.5129875323791,0 79.3120512309634,24.5129883895874,0 79.3120488388498,24.5129893642882,0 79.3120465066259,24.512990453736,0 79.3120192066325,24.5130040537321,0 79.3120169654098,24.5130052410475,0 79.3120147953675,24.5130065343265,0 79.3120127024845,24.5130079300058,0 79.3120106925274,24.5130094242399,0 79.3120087710339,24.5130110129119,0 79.3120069432983,24.5130126916446,0 79.3120052143563,24.5130144558127,0 79.3120035889718,24.5130163005556,0 79.3120020716229,24.5130182207904,0 79.3120007934109,24.5130200314376,0 79.3120005907491,24.5130199930962,0 79.3119980091912,24.5130195698202,0 79.3119954066977,24.5130192726529,0 79.3119927906223,24.5130191024341,0 79.3119901683569,24.5130190596447,0 79.3119875473112,24.5130191444056,0 79.3119849348913,24.5130193564773,0 79.3119823384789,24.5130196952606,0 79.3119797654106,24.5130201597982,0 79.3119772229569,24.5130207487775,0 79.3119747183019,24.5130214605342,0 79.3119722585228,24.5130222930572,0 79.31196985057,24.5130232439941,0 79.3119675012476,24.5130243106579,0 79.3119652171939,24.5130254900345,0 79.3119630048627,24.5130267787915,0 79.3119608705054,24.5130281732873,0 79.3119588201529,24.5130296695816,0 79.3119568595987,24.5130312634463,0 79.3119549943826,24.5130329503779,0 79.3119532297751,24.5130347256097,0 79.3119515707623,24.5130365841254,0 79.311950022032,24.5130385206736,0 79.3119485879602,24.5130405297823,0 79.3119472725994,24.5130426057745,0 79.311946079666,24.5130447427843,0 79.311945012531,24.5130469347731,0 79.3119440742097,24.5130491755472,0 79.3119432673535,24.513051458775,0 79.3119425942422,24.5130537780049,0 79.3119420567778,24.5130561266837,0 79.311941656479,24.5130584981748,0 79.311941394477,24.5130608857771,0 79.3119411092859,24.5130644302794,0 79.3119142198844,24.5131986803755,0 79.3116928753848,24.5132025909341,0 79.3116139852907,24.5130780814902,0 79.3116056978434,24.5130725441378,0 79.3116035545949,24.5130711899909,0 79.3116013362283,24.5130699412145,0 79.3115990489259,24.5130688012886,0 79.311596699062,24.51306777339,0 79.3115942931853,24.5130668603833,0 79.3115918380006,24.5130660648129,0 79.3115893403501,24.5130653888959,0 79.3115868071944,24.513064834516,0 79.3115842455928,24.5130644032182,0 79.3115816626843,24.5130640962044,0 79.3115790656668,24.5130639143302,0 79.311576461778,24.5130638581025,0 79.3115738582744,24.5130639276779,0 79.3115712624115,24.5130641228627,0 79.3115686814236,24.5130644431127,0 79.3115661225035,24.5130648875356,0 79.3115635927825,24.5130654548927,0 79.3115610993104,24.5130661436031,0 79.3115586490363,24.5130669517473,0 79.3115562487885,24.5130678770731,0 79.3115539052562,24.5130689170019,0 79.3115516249705,24.5130700686356,0 79.3115494142861,24.5130713287647,0 79.3115472793639,24.5130726938774,0 79.3115467877601,24.5130730449543,0 79.3115453902503,24.5130725539072,0 79.3115429616386,24.5130718301115,0 79.3115404953415,24.5130712222797,0 79.3115379979688,24.5130707320407,0 79.3115354762135,24.5130703607084,0 79.3115329368338,24.5130701092778,0 79.3115303866355,24.513069978423,0 79.3115278324529,24.5130699684945,0 79.3115252811313,24.513070079519,0 79.3115230169323,24.5130702859106,0 79.3115446422858,24.5130430004692,0 79.3115461121817,24.5130410391461,0 79.3115474671475,24.5130390097202,0 79.3115487034228,24.5130369178237,0 79.3115498175765,24.5130347692622,0 79.3115508065167,24.5130325699986,0 79.3115516674987,24.5130303261364,0 79.3115523981331,24.5130280439028,0 79.3115529963922,24.5130257296319,0 79.3115534606157,24.5130233897462,0 79.3115537895152,24.5130210307396,0 79.3115539821779,24.5130186591591,0 79.3115540380692,24.5130162815862,0 79.3115539570339,24.5130139046196,0 79.311553739297,24.5130115348559,0 79.3115533854628,24.5130091788718,0 79.3115528965132,24.5130068432058,0 79.3115522738052,24.5130045343401,0 79.311551519067,24.5130022586824,0 79.3115506343932,24.5130000225482,0 79.3115496222391,24.5129978321435,0 79.3115484854136,24.5129956935471,0 79.3115472270717,24.5129936126943,0 79.3115458507057,24.51299159536,0 79.3115443601354,24.5129896471428,0 79.3115427594976,24.5129877734496,0 79.3115410532344,24.5129859794804,0 79.3115392460811,24.5129842702139,0 79.3115373430531,24.5129826503938,0 79.3115353494319,24.5129811245155,0 79.3115332707503,24.5129796968138,0 79.3115311127772,24.512978371251,0 79.3115288815015,24.5129771515057,0 79.3115265831156,24.5129760409631,0 79.3115242239982,24.5129750427054,0 79.3115218106964,24.5129741595029,0 79.3115193499079,24.5129733938067,0 79.311516848462,24.5129727477418,0 79.3115143133008,24.5129722231014,0 79.3115117514601,24.5129718213413,0 79.3115091700497,24.5129715435766,0 79.3115065762338,24.5129713905781,0 79.3115039772107,24.5129713627704,0 79.311480548986,24.5129716768232,0 79.3114545306145,24.5129576146751,0 79.3114191641741,24.512937801546,0 79.3114169263898,24.5129366204469,0 79.3114146241034,24.5129355481368,0 79.3114122636272,24.5129345875557,0 79.3114098514328,24.5129337413372,0 79.3114073941337,24.5129330118014,0 79.311404898467,24.5129324009484,0 79.3114023712752,24.512931910453,0 79.3113998194869,24.51293154166,0 79.3113972500984,24.5129312955805,0 79.3113946701541,24.5129311728892,0 79.3113920867274,24.5129311739224,0 79.3113895069014,24.5129312986773,0 79.311386937749,24.512931546812,0 79.3113843863141,24.512931917646,0 79.3113818595919,24.5129324101627,0 79.3113793645099,24.5129330230117,0 79.3113769079088,24.5129337545128,0 79.311374496524,24.5129346026604,0 79.3113721369666,24.5129355651292,0 79.3113698357057,24.5129366392805,0 79.3113675990509,24.5129378221691,0 79.3113654331342,24.5129391105521,0 79.311363343894,24.5129405008969,0 79.3113613370582,24.5129419893919,0 79.3113594181291,24.5129435719559,0 79.3113575923677,24.5129452442501,0 79.3113558647797,24.5129470016896,0 79.3113542401016,24.5129488394559,0 79.3113527227877,24.5129507525106,0 79.3113513169982,24.5129527356086,0 79.3113500265871,24.5129547833129,0 79.3113488550925,24.5129568900093,0 79.3113478057263,24.5129590499219,0 79.3113468813654,24.5129612571289,0 79.3113460845441,24.5129635055788,0 79.3113454174472,24.5129657891071,0 79.3113448819036,24.512968101453,0 79.3113444793816,24.5129704362768,0 79.3113442109848,24.5129727871772,0 79.311344077449,24.5129751477086,0 79.3113440791405,24.5129775113993,0 79.3113442160545,24.5129798717687,0 79.3113444878157,24.5129822223455,0 79.3113448936791,24.5129845566851,0 79.3113454325318,24.5129868683874,0 79.3113461028965,24.5129891511144,0 79.3113469029353,24.5129913986077,0 79.3113478304547,24.5129936047053,0 79.3113488829118,24.5129957633588,0 79.311350057421,24.5129978686497,0 79.3113513507623,24.5129999148061,0 79.3113527593897,24.513001896218,0 79.3113542794411,24.5130038074529,0 79.3113559067491,24.5130056432709,0 79.311357636852,24.5130073986388,0 79.3113594650066,24.5130090687437,0 79.3113613862005,24.5130106490069,0 79.3113633951664,24.5130121350957,0 79.3113654863963,24.5130135229358,0 79.3113805467753,24.5130229772462,0 79.3113933770075,24.5130830566389,0 79.3113940434257,24.5130857399019,0 79.3113948872883,24.5130883810303,0 79.3114262872577,24.5131765810383,0 79.3114271336627,24.513178766294,0 79.3114281015754,24.5131809089084,0 79.3114291884428,24.51318300323,0 79.3114303913981,24.5131850437347,0 79.3114317072683,24.5131870250402,0 79.3114331325826,24.5131889419207,0 79.3114346635815,24.5131907893199,0 79.3114362962267,24.5131925623651,0 79.3114380262118,24.5131942563795,0 79.3114398489738,24.5131958668949,0 79.3114417597047,24.5131973896633,0 79.3114437533648,24.5131988206682,0 79.3114458246954,24.5132001561349,0 79.3114479682329,24.513201392541,0 79.3114501783236,24.5132025266253,0 79.3114524491378,24.5132035553964,0 79.3114547746859,24.5132044761408,0 79.311457148834,24.5132052864298,0 79.3114595653197,24.5132059841262,0 79.3114620177692,24.5132065673896,0 79.3114644997138,24.5132070346817,0 79.3114871427775,24.5132107460482,0 79.311487803291,24.5132124314482,0 79.3114887886741,24.5132145874881,0 79.311489894688,24.5132166939815,0 79.3114911183684,24.5132187452828,0 79.3114924564359,24.5132207358947,0 79.3114939053044,24.5132226604823,0 79.3114954610911,24.5132245138876,0 79.3114971196263,24.5132262911435,0 79.3114988764652,24.513227987487,0 79.3115007268994,24.5132295983718,0 79.3115026659699,24.5132311194808,0 79.3115046884798,24.5132325467373,0 79.3115067890087,24.5132338763164,0 79.3115089619274,24.5132351046547,0 79.3115112014123,24.5132362284602,0 79.3115182014139,24.5132395284614,0 79.3115204898581,24.5132405399278,0 79.3115228321925,24.5132414422352,0 79.3115252222021,24.5132422329893,0 79.3115276535452,24.5132429100921,0 79.3115301197706,24.5132434717469,0 79.3115326143345,24.5132439164634,0 79.311535130618,24.5132442430617,0 79.3115376619445,24.5132444506751,0 79.3115402015973,24.5132445387529,0 79.3115427428379,24.5132445070612,0 79.3115452789235,24.5132443556842,0 79.3115478031248,24.5132440850235,0 79.3115503087444,24.5132436957973,0 79.3115527891338,24.5132431890384,0 79.3115552377116,24.5132425660913,0 79.311557647981,24.513241828609,0 79.3115600135466,24.5132409785483,0 79.3115623281317,24.5132400181647,0 79.3115645855948,24.5132389500064,0 79.3115865743584,24.5132278798051,0 79.3116230120359,24.5132687158448,0 79.3116216502283,24.5132679486194,0 79.3116193598698,24.5132668063904,0 79.3116170067324,24.5132657765088,0 79.3116145973935,24.5132648618535,0 79.3116121385877,24.5132640649809,0 79.3116096371876,24.5132633881184,0 79.3116071001852,24.5132628331581,0 79.3116045346716,24.513262401651,0 79.3116019478179,24.5132620948034,0 79.3115993468549,24.5132619134728,0 79.3115967390524,24.5132618581663,0 79.3115941316999,24.5132619290383,0 79.3115915320852,24.5132621258907,0 79.3115385166309,24.5132674347131,0 79.3115379049304,24.5132671746736,0 79.3115354953125,24.5132662881966,0 79.3115330380498,24.5132655189575,0 79.3115305399509,24.5132648690875,0 79.3115280079375,24.5132643403873,0 79.3115254490253,24.5132639343218,0 79.3115228703046,24.5132636520162,0 79.3115202789205,24.5132634942527,0 79.3115176820532,24.5132634614684,0 79.3115150868981,24.5132635537541,0 79.3115125006459,24.5132637708542,0 79.3115099304625,24.513264112167,0 79.3115073834695,24.513264576747,0 79.3115048667241,24.5132651633067,0 79.3115023871996,24.5132658702211,0 79.3114999517663,24.5132666955313,0 79.3114975671724,24.5132676369507,0 79.311495240025,24.5132686918706,0 79.3114929767723,24.5132698573681,0 79.3114907836853,24.513271130214,0 79.3114886668406,24.5132725068812,0 79.3114866321035,24.5132739835555,0 79.3114846851119,24.5132755561452,0 79.3114828312606,24.513277220293,0 79.3114810756861,24.5132789713877,0 79.311479423253,24.5132808045777,0 79.3114778785396,24.5132827147833,0 79.3114764458262,24.5132846967118,0 79.3114751290825,24.5132867448717,0 79.311473931957,24.5132888535878,0 79.3114728577665,24.5132910170175,0 79.3114719094877,24.5132932291662,0 79.3114710897479,24.5132954839045,0 79.3114704008184,24.5132977749849,0 79.3114698446082,24.5133000960594,0 79.3114694226585,24.5133024406967,0 79.3114691361383,24.5133048024002,0 79.3114689858417,24.5133071746261,0 79.3114689721849,24.5133095508015,0 79.3114690952059,24.5133119243425,0 79.3114693545639,24.5133142886723,0 79.3114697495401,24.51331663724,0 79.3114702790403,24.513318963538,0 79.3114709415972,24.5133212611208,0 79.311471735375,24.513323523622,0 79.3114726581745,24.5133257447728,0 79.3114737074386,24.5133279184188,0 79.31147488026,24.5133300385373,0 79.3114761733892,24.5133320992537,0 79.3114775832431,24.5133340948583,0 79.3114791059152,24.5133360198215,0 79.3114811844468,24.5133385069546,0 79.3114829856713,24.5133908213728,0 79.3114831342366,24.5133931772956,0 79.3114834171605,24.5133955228961,0 79.3114838336697,24.5133978517641,0 79.3114843826262,24.5134001575354,0 79.3114850625296,24.5134024339089,0 79.3114858715221,24.5134046746638,0 79.3114868073928,24.5134068736767,0 79.3114878675842,24.5134090249381,0 79.311489049199,24.5134111225691,0 79.3114903490083,24.5134131608374,0 79.3114917634598,24.513415134173,0 79.3115121634547,24.5134420341781,0 79.3115136467476,24.5134438875637,0 79.3115152311677,24.5134456695123,0 79.3115169126119,24.5134473754096,0 79.3115186867264,24.5134490008382,0 79.311520548917,24.5134505415893,0 79.3115224943618,24.513451993673,0 79.311524518023,24.5134533533292,0 79.3115266146605,24.5134546170372,0 79.311528778845,24.5134557815246,0 79.3115310049726,24.513456843776,0 79.3115332872787,24.5134578010408,0 79.3115356198534,24.5134586508401,0 79.3115379966566,24.5134593909734,0 79.3115404115335,24.5134600195242,0 79.311542858231,24.5134605348649,0 79.3115453304135,24.513460935661,0 79.3115478216793,24.5134612208747,0 79.3115720216877,24.5134634208759,0 79.3115746179069,24.5134635937586,0 79.3115772204785,24.5134636411203,0 79.3115798221581,24.5134635628293,0 79.3115824157036,24.5134633591034,0 79.3115849938958,24.5134630305098,0 79.3115875495583,24.5134625779631,0 79.3115900755771,24.5134620027229,0 79.311592564921,24.5134613063906,0 79.3115950106606,24.5134604909043,0 79.3115974059883,24.5134595585341,0 79.3115997442363,24.5134585118752,0 79.3116020188962,24.513457353841,0 79.3116042236361,24.5134560876551,0 79.3116063523192,24.5134547168419,0 79.3116339318097,24.5134359417994,0 79.311658141039,24.513442424604,0 79.3116607536237,24.5134430536986,0 79.3116633999264,24.5134435510148,0 79.3116660720132,24.5134439150619,0 79.3116687618727,24.5134441447482,0 79.3116714614406,24.5134442393852,0 79.3116741626231,24.5134441986891,0 79.3116768573218,24.513444022782,0 79.3116795374577,24.5134437121911,0 79.3116821949954,24.5134432678479,0 79.3116848219673,24.5134426910843,0 79.3117246219805,24.5134328910817,0 79.3117270387101,24.5134322349889,0 79.311729415659,24.5134314668142,0 79.3117317466221,24.5134305885629,0 79.3117340255144,24.5134296025275,0 79.3117362463868,24.5134285112823,0 79.3117384034419,24.5134273176758,0 79.3117404910485,24.513426024824,0 79.3117425037569,24.5134246361019,0 79.311744436313,24.5134231551348,0 79.3117462836719,24.5134215857887,0 79.3117480410109,24.5134199321604,0 79.3117497037426,24.5134181985668,0 79.3117512675263,24.5134163895333,0 79.3117527282799,24.5134145097825,0 79.3117540821899,24.5134125642215,0 79.3117553257221,24.5134105579291,0 79.3117564556302,24.5134084961429,0 79.3117735556217,24.5133751961374,0 79.3117746078005,24.5133729970545,0 79.3117871523683,24.5133447574398,0 79.3118684885469,24.5133256195093,0 79.311871278786,24.513324882229,0 79.3118740167778,24.5133239960173,0 79.3118766930353,24.5133229639448,0 79.3118792982853,24.5133217895877,0 79.3120143002837,24.513256348938,0 79.3120183571698,24.5132549170959,0 79.3120206979898,24.5132540270653,0 79.312022985758,24.5132530282097,0 79.3120252144358,24.5132519231659,0 79.3120273781401,24.5132507148506,0 79.3120294711594,24.5132494064535,0 79.3120314879691,24.5132480014283,0 79.3120334232453,24.5132465034836,0 79.3120352718797,24.5132449165737,0 79.3120370289924,24.5132432448873,0 79.3120386899454,24.5132414928372,0 79.3120402503544,24.5132396650481,0 79.3120417061003,24.5132377663447,0 79.3120430533405,24.513235801739,0 79.3120442885189,24.5132337764168,0 79.3120454083749,24.5132316957243,0 79.3120464099526,24.5132295651537,0 79.3120472906081,24.5132273903291,0 79.3120480480168,24.5132251769911,0 79.3120505832826,24.5132170409357,0 79.3120519959044,24.5132172286427,0 79.3120545811609,24.5132174459139,0 79.3120571753295,24.5132175384651,0 79.3120597712276,24.5132175060402,0 79.3120623616679,24.5132173487289,0 79.3120649394782,24.5132170669668,0 79.3120674975212,24.5132166615341,0 79.3120700287144,24.5132161335532,0 79.3120725260496,24.5132154844859,0 79.3120749826124,24.5132147161294,0 79.3120773916011,24.5132138306111,0 79.312079746346,24.5132128303826,0 79.3120820403274,24.5132117182134,0 79.3120842671939,24.5132104971828,0 79.3120864207798,24.5132091706714,0 79.3120884951226,24.5132077423521,0 79.3120904844788,24.5132062161794,0 79.3120905406179,24.5132061682907,0 79.3120923116519,24.5132075937569,0 79.3120943592356,24.5132091541196,0 79.312096495909,24.51321061106,0 79.3120987154393,24.513211960328,0 79.312101011352,24.5132131979879,0 79.3121033769497,24.5132143204291,0 79.3121058053318,24.5132153243775,0 79.3121082894145,24.5132162069045,0 79.3121108219516,24.5132169654357,0 79.3121133955554,24.5132175977584,0 79.3121160027186,24.513218102028,0 79.3121315027238,24.5132207020292,0 79.3121340625885,24.5132210681448,0 79.3121366399297,24.5132213108046,0 79.31213922764,24.5132214293393,0 79.3121418185832,24.5132214234222,0 79.3121444056145,24.5132212930695,0 79.3121469815996,24.5132210386406,0 79.3121495394348,24.5132206608373,0 79.3121520720664,24.5132201607014,0 79.3121545725103,24.513219539612,0 79.312157033871,24.513218799282,0 79.312159449361,24.5132179417529,0 79.312161812319,24.5132169693896,0 79.3121641162289,24.5132158848734,0 79.3121663547371,24.5132146911951,0 79.3121685216707,24.5132133916466,0 79.3121706110538,24.5132119898115,0 79.3121726171248,24.5132104895556,0 79.3121745343515,24.5132088950161,0 79.3121763574468,24.5132072105903,0 79.3121780813833,24.5132054409233,0 79.3121797014068,24.5132035908952,0 79.3121812130499,24.5132016656077,0 79.312182612144,24.5131996703703,0 79.3121838948308,24.5131976106851,0 79.3121850575732,24.5131954922321,0 79.3121860971646,24.5131933208531,0 79.3121863394042,24.513192732653,0 79.3121864460155,24.5131930647222,0 79.3121873137966,24.5131953188812,0 79.3121883107494,24.5131975278617,0 79.3121894340796,24.5131996854726,0 79.3121906806386,24.5132017856662,0 79.3121920469326,24.5132038225561,0 79.3121935291322,24.5132057904333,0 79.3121951230829,24.5132076837821,0 79.3121968243172,24.5132094972959,0 79.3121986280668,24.5132112258916,0 79.3122005292762,24.5132128647244,0 79.3122025226165,24.5132144092007,0 79.3122046025009,24.5132158549918,0 79.3122067630997,24.5132171980453,0 79.3122234631023,24.5132269980484,0 79.3122256917493,24.5132282311573,0 79.3122279884108,24.5132293549474,0 79.312230346687,24.5132303662871,0 79.3122327600065,24.5132312623583,0 79.3122352216444,24.5132320406641,0 79.3122377247414,24.5132326990357,0 79.3122402623225,24.5132332356385,0 79.3122428273166,24.5132336489773,0 79.3122454125763,24.5132339379003,0 79.3122480108977,24.5132341016023,0 79.3122506150404,24.5132341396273,0 79.3122532177479,24.5132340518693,0 79.3122558117678,24.5132338385727,0 79.3122583898716,24.5132335003321,0 79.3122609448754,24.5132330380898,0 79.3122634696596,24.5132324531339,0 79.3122659571888,24.5132317470945,0 79.3122670560165,24.513231376003,0 79.3122509250048,24.5132647103744,0</coordinates></LinearRing></outerBoundaryIs><innerBoundaryIs><LinearRing><coordinates>79.3134756702962,24.5134008646483,0 79.3134876007786,24.5134037967153,0 79.3134901710537,24.5134043613118,0 79.3134927706885,24.5134047991542,0 79.3134953922213,24.5134051089859,0 79.3134980281277,24.5134052899176,0 79.3135006708419,24.51340534143,0 79.3135033127788,24.5134052633751,0 79.3135059463553,24.5134050559771,0 79.3135085640123,24.5134047198312,0 79.3135111582366,24.5134042559022,0 79.3135292582428,24.5134005559013,0 79.3135299218442,24.5134004158415,0 79.3135465815331,24.5133967886704,0 79.3135511001849,24.5133999621748,0 79.3135517154558,24.5134011312044,0 79.3135529407797,24.5134031807833,0 79.3135542803531,24.5134051696189,0 79.3135557305883,24.5134070923847,0 79.3135572876012,24.513408943931,0 79.313558947222,24.5134107192992,0 79.3135607050058,24.5134124137345,0 79.313562556245,24.5134140226989,0 79.3135644959817,24.5134155418831,0 79.3135665190207,24.5134169672187,0 79.3135686199442,24.5134182948882,0 79.3135707931253,24.513419521336,0 79.3135730327439,24.5134206432773,0 79.3135753328019,24.5134216577073,0 79.3135776871393,24.5134225619093,0 79.3135800894508,24.5134233534617,0 79.3135825333024,24.5134240302444,0 79.3135850121492,24.513424590445,0 79.3135875193522,24.5134250325631,0 79.3136033193575,24.5134274325642,0 79.3136051235635,24.5134276627942,0 79.3136054095879,24.5134283801784,0 79.3136064258764,24.5134305648718,0 79.3136075663068,24.5134326976531,0 79.3136088277242,24.5134347726222,0 79.3136102066389,24.5134367840388,0 79.3136116992363,24.5134387263383,0 79.3136133013872,24.5134405941476,0 79.3136150086593,24.5134423822994,0 79.3136168163296,24.5134440858469,0 79.3136187193971,24.5134457000773,0 79.3136207125973,24.5134472205249,0 79.3136360977102,24.5134583422957,0 79.3136359789025,24.5134603886165,0 79.3136359773345,24.5134627567237,0 79.3136361114996,24.5134651216477,0 79.3136363810286,24.5134674768804,0 79.3136367851796,24.5134698159403,0 79.3136373228407,24.5134721323903,0 79.3136379925321,24.5134744198559,0 79.3136387924108,24.513476672042,0 79.3136397202758,24.5134788827508,0 79.3136407735735,24.5134810458985,0 79.3136419494054,24.5134831555322,0 79.3136432445356,24.5134852058464,0 79.3136446554001,24.5134871911986,0 79.3136461781161,24.5134891061255,0 79.3136478084934,24.513490945357,0 79.3136495420451,24.5134927038319,0 79.3136513740007,24.5134943767109,0 79.3136532993187,24.5134959593903,0 79.3136553127008,24.5134974475146,0 79.3136574086062,24.5134988369887,0 79.3136595812671,24.5135001239888,0 79.3136618247046,24.5135013049731,0 79.3136641327448,24.5135023766916,0 79.313666499036,24.513503336195,0 79.3136689170665,24.5135041808429,0 79.3136713801819,24.5135049083108,0 79.3136738816038,24.5135055165967,0 79.3136764144485,24.5135060040266,0 79.3136789717458,24.5135063692593,0 79.3136815464581,24.5135066112896,0 79.3136841314999,24.5135067294514,0 79.3136867197574,24.5135067234196,0 79.3136893041077,24.5135065932107,0 79.3136918774391,24.5135063391832,0 79.3136944326696,24.513505962036,0 79.3136969627676,24.513505462807,0 79.3136994607703,24.5135048428701,0 79.3137019198033,24.5135041039314,0 79.3137207546808,24.5134979387626,0 79.3137217104585,24.5134981495316,0 79.3137242734574,24.5134985851446,0 79.3137268580257,24.5134988962939,0 79.3137294569484,24.5134990821111,0 79.3137320629702,24.5134991420773,0 79.3137346688162,24.5134990760251,0 79.313737267212,24.513498884139,0 79.3137398509039,24.5134985669546,0 79.3137424126792,24.5134981253574,0 79.3137449453865,24.51349756058,0 79.3137474419556,24.5134968741992,0 79.313747652692,24.5134968049632,0 79.3137577648436,24.5135106640324,0 79.3137592550953,24.5135125950061,0 79.3137608537809,24.5135144519583,0 79.3137625565169,24.5135162297972,0 79.3137643586341,24.5135179236477,0 79.3137662551911,24.5135195288655,0 79.3137682409876,24.5135210410487,0 79.3137703105782,24.513522456051,0 79.3137724582882,24.5135237699924,0 79.3137746782283,24.51352497927,0 79.3137769643115,24.5135260805678,0 79.3137793102692,24.5135270708661,0 79.3137817096686,24.5135279474495,0 79.3137885498769,24.5135302583309,0 79.3137883289698,24.5135318024486,0 79.3137881289303,24.513534133768,0 79.3137880611118,24.5135364714372,0 79.3137881256961,24.5135388091831,0 79.3137883225101,24.5135411407323,0 79.3137886510255,24.5135434598279,0 79.3137891103608,24.5135457602465,0 79.3137896992833,24.5135480358149,0 79.3137904162127,24.5135502804265,0 79.313791259225,24.5135524880577,0 79.3137922260581,24.5135546527844,0 79.3137933141173,24.5135567687974,0 79.3137945204828,24.5135588304182,0 79.3137958419173,24.5135608321144,0 79.3137972748747,24.5135627685144,0 79.3137988155096,24.5135646344218,0 79.3138004596876,24.5135664248293,0 79.3138022029965,24.5135681349324,0 79.3138171198358,24.5135820280718,0 79.3138156251487,24.5135835244605,0 79.3138139929606,24.5135853398998,0 79.3138124662764,24.513587230616,0 79.3138110492362,24.5135891914821,0 79.3138097456824,24.5135912171809,0 79.31380855915,24.5135933022192,0 79.3138074928564,24.5135954409431,0 79.3138065496932,24.513597627553,0 79.3138057322179,24.5135998561196,0 79.3138050426472,24.5136021205994,0 79.3138049833271,24.5136023637155,0 79.3138024716283,24.5136077866972,0 79.3138015377248,24.5136099575885,0 79.3138007276523,24.5136121697256,0 79.3138000435745,24.5136144172,0 79.3137994873185,24.5136166940089,0 79.3137990603701,24.5136189940711,0 79.3137987638696,24.5136213112431,0 79.313798598609,24.513623639336,0 79.3137985650296,24.5136259721316,0 79.3137986632212,24.513628303399,0 79.3137988929216,24.5136306269117,0 79.3137992535171,24.5136329364636,0 79.3137997440448,24.513635225886,0 79.3138003631943,24.5136374890641,0 79.3138011093121,24.5136397199529,0 79.3138019804052,24.513641912594,0 79.3138029741471,24.5136440611309,0 79.3138040878835,24.5136461598249,0 79.3138051055522,24.5136479577074,0 79.3138053035982,24.513649632566,0 79.3138057172687,24.5136519733636,0 79.3138062647095,24.513654291058,0 79.3138069444099,24.5136565792545,0 79.3138077544947,24.5136588316395,0 79.3138086927286,24.5136610419984,0 79.3138097565231,24.5136632042327,0 79.3138109429429,24.5136653123763,0 79.3138119654896,24.5136669163454,0 79.3138118960726,24.5136670082153,0 79.313810542671,24.5136690160767,0 79.3138093057577,24.5136710858832,0 79.3138081887106,24.5136732119827,0 79.31380719458,24.5136753885691,0 79.3138063260808,24.5136776096988,0 79.3138055855846,24.5136798693062,0 79.3138049751136,24.5136821612208,0 79.3138044963349,24.513684479184,0 79.3138041505558,24.5136868168656,0 79.3138039387208,24.5136891678822,0 79.313803722578,24.5136926879007,0 79.3137533095774,24.5137079404307,0 79.3137508678122,24.5137087449666,0 79.3137484756626,24.5137096658627,0 79.3137461397475,24.5137107005709,0 79.3137438665299,24.5137118462283,0 79.3137416622995,24.5137130996651,0 79.3137395331552,24.5137144574132,0 79.3137374849878,24.5137159157158,0 79.3137355234644,24.5137174705382,0 79.3137336540123,24.5137191175783,0 79.3137318818039,24.513720852279,0 79.3137302117427,24.5137226698407,0 79.3137286484495,24.5137245652344,0 79.3137271962497,24.5137265332159,0 79.3137258591614,24.51372856834,0 79.313724640884,24.5137306649759,0 79.3137235447883,24.5137328173225,0 79.3137225739072,24.5137350194245,0 79.3137217309269,24.5137372651891,0 79.3137210181797,24.5137395484025,0 79.3137204376379,24.5137418627475,0 79.3137199909076,24.5137442018205,0 79.3137196792249,24.5137465591498,0 79.3137195034522,24.5137489282129,0 79.3137194640758,24.513751302455,0 79.3137195243104,24.5137527739813,0 79.3137177062699,24.5137538396758,0 79.3137156088685,24.5137552157773,0 79.3137135929864,24.5137566903446,0 79.3137116641397,24.5137582593427,0 79.3137098276065,24.5137599184785,0 79.3137080884121,24.5137616632117,0 79.3137064513157,24.5137634887684,0 79.313704920797,24.513765390153,0 79.3137035010439,24.5137673621626,0 79.3137021959414,24.5137693994012,0 79.3137010090609,24.5137714962942,0 79.31369994365,24.5137736471036,0 79.313699002624,24.5137758459441,0 79.313698188558,24.5137780867989,0 79.3136975036796,24.5137803635362,0 79.3136969498628,24.5137826699259,0 79.3136965286231,24.5137849996571,0 79.3136962411132,24.5137873463547,0 79.3136960881198,24.5137897035972,0 79.3136960700615,24.5137920649345,0 79.3136961869878,24.513794423905,0 79.3136964385787,24.5137967740538,0 79.3136968241458,24.51379910895,0 79.3136973426341,24.5138014222044,0 79.3137004426295,24.5138136222051,0 79.3137011989759,24.5138162401436,0 79.3137021255216,24.5138188118805,0 79.3137032189327,24.5138213281622,0 79.3137067189304,24.5138287281631,0 79.3137078257774,24.5138309073165,0 79.3137090577948,24.5138330294946,0 79.3137104114917,24.5138350886841,0 79.3137118830323,24.51383707905,0 79.3137134682469,24.5138389949526,0 79.3137151626438,24.5138408309631,0 79.3137169614216,24.513842581879,0 79.3137188594835,24.5138442427389,0 79.3137364594838,24.5138588427427,0 79.3137383868055,24.5138603606081,0 79.3137403970446,24.5138617856009,0 79.3137424848612,24.5138631139359,0 79.3137446447088,24.5138643420842,0 79.31374687085,24.5138654667833,0 79.3137491573709,24.5138664850455,0 79.3137514981975,24.5138673941656,0 79.3137538871114,24.5138681917288,0 79.3137563177664,24.5138688756162,0 79.3137587837055,24.5138694440111,0 79.3137612783781,24.5138698954036,0 79.3137637951569,24.5138702285945,0 79.3137663273563,24.5138704426988,0 79.3137688682494,24.5138705371476,0 79.3137714110864,24.5138705116901,0 79.3137739491123,24.5138703663939,0 79.3137764755848,24.513870101645,0 79.3137789837924,24.5138697181466,0 79.3137814670721,24.5138692169176,0 79.3137839188269,24.5138685992893,0 79.3137863325439,24.5138678669027,0 79.3137887018111,24.5138670217032,0 79.3137910203345,24.5138660659361,0 79.313793281955,24.5138650021404,0 79.3137954806647,24.5138638331421,0 79.3137976106225,24.5138625620465,0 79.3137996661705,24.5138611922304,0 79.3138016418479,24.5138597273326,0 79.3138170687101,24.513847673144,0 79.3138193085073,24.5138468442555,0 79.3138551232177,24.513832480067,0 79.3138635931187,24.5138297126736,0 79.3138638893906,24.5138296148953,0 79.3138882973885,24.5138214788963,0 79.3139003615338,24.5138283005078,0 79.3139026098057,24.5138294980148,0 79.3139049239395,24.5138305854339,0 79.3139072975018,24.5138315597419,0 79.3139097238937,24.5138324182303,0 79.3139121963694,24.5138331585122,0 79.3139147080551,24.5138337785296,0 79.313917251968,24.5138342765587,0 79.3139198210358,24.5138346512149,0 79.3139224081159,24.5138349014567,0 79.313925006016,24.5138350265883,0 79.3139276075136,24.5138350262619,0 79.3139302053761,24.5138349004783,0 79.3139327923812,24.5138346495873,0 79.3139353613365,24.5138342742863,0 79.3139379051,24.5138337756188,0 79.3139391903659,24.5138334580009,0 79.3139337209513,24.5138599083922,0 79.3139332942738,24.5138623304431,0 79.3139330120407,24.5138647701252,0 79.3139328750856,24.513867220233,0 79.3139328838129,24.5138696735298,0 79.313933038197,24.51387212277,0 79.3139333377818,24.5138745607195,0 79.3139337816825,24.5138769801778,0 79.3139458816612,24.5139334801805,0 79.3139464400741,24.5139357704647,0 79.3139471278108,24.5139380311053,0 79.3139479430131,24.5139402559937,0 79.3139488834781,24.5139424391181,0 79.3139499466646,24.5139445745791,0 79.3139511296998,24.5139466566067,0 79.3139524293868,24.5139486795748,0 79.3139538422138,24.5139506380172,0 79.3139553643632,24.5139525266419,0 79.3139569917219,24.5139543403455,0 79.3139587198925,24.5139560742272,0 79.3139605442054,24.5139577236018,0 79.3139624597309,24.5139592840124,0 79.3139644612931,24.5139607512427,0 79.3139665434836,24.513962121328,0 79.3139687006758,24.5139633905661,0 79.3139709270409,24.5139645555274,0 79.3139732165629,24.5139656130639,0 79.3139755630551,24.5139665603182,0 79.3139779601772,24.5139673947305,0 79.3139804014516,24.5139681140462,0 79.3139828802817,24.5139687163216,0 79.3139853899695,24.5139691999292,0 79.3139879237334,24.5139695635624,0 79.3139904747269,24.5139698062384,0 79.3139930360567,24.5139699273016,0 79.3139956008019,24.5139699264248,0 79.3139981620322,24.5139698036104,0 79.3139996850144,24.5139696576765,0 79.3139992792292,24.5139709332394,0 79.3139986841535,24.5139732541449,0 79.3139982238208,24.5139756005563,0 79.3139978995148,24.51397796593,0 79.3139977121399,24.5139803436695,0 79.3139976622188,24.5139827271436,0 79.3139977498905,24.5139851097054,0 79.3139979749107,24.5139874847104,0 79.3139983366518,24.5139898455353,0 79.313998834105,24.5139921855961,0 79.313999465883,24.5139944983669,0 79.3140002302239,24.5139967773978,0 79.3140011249962,24.5139990163332,0 79.3140021477045,24.514001208929,0 79.3140032954966,24.5140033490706,0 79.3140045651717,24.5140054307896,0 79.3140059531888,24.5140074482804,0 79.3140074556772,24.5140093959168,0 79.3140090684466,24.5140112682671,0 79.3140107869994,24.5140130601097,0 79.3140126065428,24.5140147664476,0 79.3140145220027,24.5140163825221,0 79.314016528037,24.5140179038263,0 79.3140186190515,24.5140193261176,0 79.3140207892147,24.5140206454295,0 79.3140443823117,24.5140341807032,0 79.3140403724362,24.514037900389,0 79.3140382544149,24.5140399934652,0 79.3140329464497,24.5140455832681,0 79.3140137107408,24.5140549545097,0 79.3140114782437,24.5140561112819,0 79.3140093144878,24.5140573726696,0 79.3140072253239,24.5140587352619,0 79.3140052164012,24.5140601953743,0 79.3140032931518,24.5140617490587,0 79.3140014607763,24.5140633921139,0 79.3139997242295,24.5140651200969,0 79.313998088207,24.5140669283352,0 79.3139965571328,24.5140688119394,0 79.3139951351468,24.514070765816,0 79.3139938260942,24.5140727846819,0 79.3139926335146,24.5140748630778,0 79.313991560633,24.5140769953838,0 79.3139906103503,24.5140791758341,0 79.3139900018048,24.5140808151386,0 79.3139896988065,24.5140807229593,0 79.3139133988292,24.5140594229677,0 79.3139109121081,24.5140587933072,0 79.31390839281,24.5140582834482,0 79.3139058478247,24.5140578947853,0 79.3139032841121,24.5140576283812,0 79.3139007086834,24.5140574849645,0 79.3138981285819,24.5140574649275,0 79.3138955508635,24.514057568325,0 79.3138929825777,24.5140577948741,0 79.3138904307482,24.5140581439553,0 79.3138879023537,24.514058614614,0 79.3138854043089,24.514059205563,0 79.3138829434452,24.5140599151862,0 79.3138805264926,24.5140607415429,0 79.3138781600609,24.5140616823732,0 79.3138758506219,24.5140627351042,0 79.3138736044912,24.5140638968569,0 79.3138714278116,24.5140651644542,0 79.3138693265358,24.5140665344294,0 79.3138673064103,24.5140680030359,0 79.3138653729598,24.5140695662575,0 79.3138635314717,24.5140712198191,0 79.3138617869821,24.5140729591986,0 79.3138615483714,24.5140732236239,0 79.3138613370507,24.5140715765155,0 79.3138609074656,24.5140692689574,0 79.3138603477215,24.5140669848755,0 79.3138596593236,24.5140647304114,0 79.3138588441226,24.5140625116268,0 79.3138579043107,24.5140603344877,0 79.3138568424148,24.514058204848,0 79.3138556612901,24.5140561284339,0 79.3138543641125,24.5140541108286,0 79.3138529543698,24.514052157457,0 79.3138514358527,24.5140502735713,0 79.3138498126441,24.5140484642371,0 79.3138480891086,24.5140467343192,0 79.3138462698804,24.5140450884691,0 79.3138443598511,24.5140435311122,0 79.3138423641565,24.514042066436,0 79.3138402881626,24.5140406983787,0 79.3138381374513,24.5140394306187,0 79.3138359178056,24.5140382665648,0 79.3138336351937,24.5140372093471,0 79.3138312957531,24.514036261808,0 79.3138289057741,24.5140354264954,0 79.313826471683,24.5140347056554,0 79.3138240000246,24.514034101226,0 79.3138214974447,24.5140336148325,0 79.3138189706723,24.5140332477828,0 79.3138164265015,24.5140330010637,0 79.313813871773,24.5140328753386,0 79.3138113133561,24.5140328709456,0 79.3138087581298,24.5140329878965,0 79.3138062129648,24.5140332258769,0 79.3138036847045,24.5140335842468,0 79.3138011801469,24.5140340620426,0 79.3137987060263,24.5140346579797,0 79.3137962689952,24.5140353704557,0 79.3137938756063,24.5140361975549,0 79.3137915322951,24.5140371370533,0 79.3137892453622,24.5140381864248,0 79.3137872162354,24.5140392413265,0 79.3137781028754,24.5140391893494,0 79.3137604757381,24.5140198704471,0 79.3137587438003,24.5140180716103,0 79.3137569099338,24.5140163594304,0 79.3137549793103,24.5140147387359,0 79.3137529573742,24.5140132140972,0 79.3137508498276,24.5140117898139,0 79.313748662614,24.5140104699028,0 79.3137464019016,24.5140092580859,0 79.3137440740657,24.5140081577809,0 79.313741685671,24.5140071720905,0 79.3137392434531,24.5140063037946,0 79.3137367542991,24.5140055553419,0 79.3137342252288,24.514004928843,0 79.3137316633743,24.5140044260647,0 79.3137290759604,24.5140040484248,0 79.3137264702836,24.5140037969885,0 79.3137238536923,24.5140036724647,0 79.3137152536954,24.5140034724649,0 79.313712516353,24.5140034783035,0 79.3137097835775,24.5140036230297,0 79.3137070637804,24.5140039061982,0 79.3137043653334,24.5140043269373,0 79.3136868578322,24.5140075162908,0 79.3136844566759,24.5139871655759,0 79.3137255007853,24.5139453706445,0 79.313727175321,24.5139435730221,0 79.3137287447995,24.513941697725,0 79.313730204924,24.5139397498871,0 79.3137315516974,24.5139377348408,0 79.3137327814325,24.5139356581026,0 79.313733890763,24.5139335253577,0 79.3137348766519,24.513931342445,0 79.3137357364001,24.5139291153403,0 79.3137364676541,24.5139268501406,0 79.3137370684119,24.5139245530473,0 79.3137375370289,24.5139222303488,0 79.3137378722221,24.5139198884039,0 79.3137380730741,24.5139175336239,0 79.3137381390348,24.5139151724554,0 79.3137380699239,24.5139128113623,0 79.3137378659303,24.5139104568084,0 79.3137375276127,24.5139081152396,0 79.3137370558972,24.5139057930662,0 79.3137364520753,24.5139034966455,0 79.3137357177998,24.5139012322642,0 79.3137348550811,24.5138990061214,0 79.313733866281,24.5138968243113,0 79.3137327541063,24.5138946928069,0 79.3137315216019,24.5138926174436,0 79.3137301721418,24.5138906039028,0 79.3137287094204,24.513888657697,0 79.3137271374421,24.5138867841539,0 79.3137254605103,24.5138849884028,0 79.3137236832159,24.5138832753597,0 79.3137218104244,24.5138816497142,0 79.3137198472628,24.5138801159169,0 79.3137177991056,24.5138786781665,0 79.3137156715598,24.5138773403992,0 79.3137134704498,24.5138761062772,0 79.3137112018015,24.5138749791792,0 79.3137088718255,24.5138739621906,0 79.3137064869004,24.5138730580956,0 79.3137040535553,24.5138722693693,0 79.3137015784517,24.5138715981709,0 79.3136990683656,24.5138710463378,0 79.3136965301686,24.5138706153809,0 79.3136939708093,24.5138703064799,0 79.3136913972943,24.5138701204805,0 79.3136888166689,24.5138700578917,0 79.3136862359979,24.5138701188851,0 79.3136836623462,24.5138703032936,0 79.3136811027593,24.5138706106124,0 79.3136785642447,24.5138710400001,0 79.3136760537516,24.5138715902812,0 79.313673578153,24.5138722599494,0 79.313671144226,24.5138730471712,0 79.3136687586339,24.5138739497916,0 79.3136313605845,24.5138891599015,0 79.313628481456,24.5138852915348,0 79.3136269542991,24.5138833521002,0 79.3136253170789,24.513881489345,0 79.313623574386,24.5138797084923,0 79.3136217311066,24.5138780145352,0 79.3136197924091,24.5138764122234,0 79.3136177637292,24.5138749060494,0 79.3136156507551,24.5138735002365,0 79.3136134594113,24.5138721987262,0 79.3136111958419,24.5138710051679,0 79.3135667958509,24.5138490051752,0 79.3135644935388,24.513847934715,0 79.3135621331617,24.5138469759417,0 79.3135597211863,24.5138461314822,0 79.3135572642209,24.5138454036501,0 79.313554768997,24.5138447944396,0 79.3135522423508,24.5138443055196,0 79.3135496912047,24.5138439382297,0 79.3135471225483,24.5138436935762,0 79.3135445434191,24.5138435722294,0 79.3135419608833,24.5138435745217,0 79.3135393820162,24.5138437004468,0 79.3135368138835,24.5138439496598,0 79.3135345343083,24.5138442819998,0 79.3135345534306,24.5138441140957,0 79.3135421316752,24.5138380990745,0 79.3135439943048,24.5138365425529,0 79.3135457675473,24.513834900962,0 79.3135474467672,24.5138331785932,0 79.313549027575,24.5138313799489,0 79.3135505058383,24.5138295097308,0 79.3135518776927,24.513827572828,0 79.3135531395521,24.5138255743037,0 79.3135542881178,24.5138235193821,0 79.3135553203876,24.5138214134352,0 79.3135562336628,24.5138192619679,0 79.3135570255561,24.5138170706044,0 79.3135576939974,24.5138148450732,0 79.3135582372394,24.513812591192,0 79.313558653862,24.5138103148527,0 79.3135589427761,24.5138080220057,0 79.3135591032265,24.5138057186449,0 79.3135591347938,24.5138034107915,0 79.3135590373953,24.5138011044782,0 79.3135588112858,24.5137988057342,0 79.3135584570563,24.5137965205685,0 79.3131885624885,24.5137226941457,0 79.3131814809321,24.5137116485941,0 79.3131863207783,24.5137055150138,0 79.3131904467358,24.5136717285731,0 79.3132637766388,24.5135525854375,0 79.3134973881552,24.5134639522116,0 79.3134977422372,24.5134633155433,0 79.3134987885883,24.5134611631448,0 79.3134997107932,24.5134589637357,0 79.3135005063405,24.5134567233051,0 79.3135011730638,24.5134544479544,0 79.3135017091475,24.5134521438796,0 79.3135021131318,24.5134498173553,0 79.3135023839164,24.5134474747168,0 79.3135025207642,24.5134451223438,0 79.3135025233023,24.5134427666422,0 79.3135023915238,24.5134404140269,0 79.3135021257877,24.5134380709046,0 79.3135017268176,24.513435743656,0 79.3135011957,24.5134334386187,0 79.3135005338812,24.5134311620697,0 79.3134997431635,24.5134289202084,0 79.3134988257001,24.5134267191399,0 79.3134977839895,24.5134245648582,0 79.3134966208685,24.5134224632296,0 79.3134953395044,24.5134204199773,0 79.3134939433867,24.5134184406655,0 79.3134924363173,24.5134165306842,0 79.3134908224001,24.5134146952347,0 79.3134891060302,24.5134129393151,0 79.3134872918816,24.5134112677073,0 79.3134853848945,24.5134096849632,0 79.3134833902621,24.5134081953931,0 79.313481313416,24.5134068030532,0 79.3134791600119,24.5134055117351,0 79.313476935914,24.5134043249555,0 79.3134746471788,24.513403245946,0 79.3134740385293,24.5134029948506,0 79.3134756702962,24.5134008646483,0</coordinates></LinearRing></innerBoundaryIs><innerBoundaryIs><LinearRing><coordinates>79.3127075885145,24.5137715024464,0 79.3127079137048,24.5137723170822,0 79.3127067851305,24.5137733509755,0 79.3127050506391,24.5137751165602,0 79.312704602143,24.5137756244445,0 79.3127039183139,24.5137726187817,0 79.3127040658215,24.5137708067554,0 79.3127075885145,24.5137715024464,0</coordinates></LinearRing></innerBoundaryIs><innerBoundaryIs><LinearRing><coordinates>79.3125253495461,24.5137355122447,0 79.312407141191,24.5137588666575,0 79.3123960227498,24.5137099714735,0 79.3125253495461,24.5137355122447,0</coordinates></LinearRing></innerBoundaryIs><innerBoundaryIs><LinearRing><coordinates>79.3105108273965,24.5153071194804,0 79.310515825616,24.5153031345671,0 79.3105155957361,24.5153038333456,0 79.3105149783595,24.5153061451754,0 79.3105144950041,24.5153084835607,0 79.3105141470132,24.5153108420025,0 79.310513935354,24.515313213946,0 79.3105138606148,24.515315592799,0 79.3105138710943,24.515315992428,0 79.3105132039677,24.5153172198901,0 79.3105108273965,24.5153071194804,0</coordinates></LinearRing></innerBoundaryIs><innerBoundaryIs><LinearRing><coordinates>79.3111731128729,24.5154222499661,0 79.3111756682892,24.5154227093579,0 79.3111782466392,24.5154230447458,0 79.3111808407396,24.5154232551955,0 79.3111834433631,24.5154233401205,0 79.3111860472589,24.5154232992842,0 79.3111875792911,24.5154232011061,0 79.3111869571688,24.5154238993735,0 79.3111854384262,24.5154257980212,0 79.3111840298686,24.515427766488,0 79.3111827353224,24.5154297994267,0 79.3111815583041,24.5154318913148,0 79.3111805020111,24.5154340364696,0 79.311179569313,24.5154362290639,0 79.3111787627431,24.5154384631416,0 79.3111780844928,24.5154407326338,0 79.3111775364044,24.5154430313754,0 79.3111775065822,24.5154431976418,0 79.311172634048,24.5154221395932,0 79.3111731128729,24.5154222499661,0</coordinates></LinearRing></innerBoundaryIs><innerBoundaryIs><LinearRing><coordinates>79.3111910622612,24.5154990648256,0 79.3111992694589,24.5155098057967,0 79.3111946688952,24.5155173694313,0 79.3111901374859,24.5154977856717,0 79.3111910622612,24.5154990648256,0</coordinates></LinearRing></innerBoundaryIs><innerBoundaryIs><LinearRing><coordinates>79.3108884145282,24.5160853067355,0 79.3108831385241,24.5160858647744,0 79.3108872070637,24.5160828293494,0 79.3108884145282,24.5160853067355,0</coordinates></LinearRing></innerBoundaryIs><innerBoundaryIs><LinearRing><coordinates>79.3107797661123,24.5151641418394,0 79.3107790987078,24.5151650905066,0 79.3107792610044,24.5151640510335,0 79.3107797661123,24.5151641418394,0</coordinates></LinearRing></innerBoundaryIs><innerBoundaryIs><LinearRing><coordinates>79.3108181275807,24.5147871173024,0 79.3108180351248,24.5147873334659,0 79.3108179823113,24.5147871710247,0 79.3108181275807,24.5147871173024,0</coordinates></LinearRing></innerBoundaryIs><innerBoundaryIs><LinearRing><coordinates>79.3105113538421,24.5149736342653,0 79.3105119742976,24.5149713521376,0 79.3105124640138,24.5149690435437,0 79.3105128216615,24.5149667147489,0 79.3105130462702,24.5149643720734,0 79.3105131372303,24.5149620218747,0 79.310513094295,24.5149596705312,0 79.3105129794838,24.5149581462657,0 79.3105141618058,24.5149589001135,0 79.3105163597776,24.5149601502029,0 79.310517096077,24.5149605214795,0 79.3105167444582,24.5149616073427,0 79.3105161441593,24.5149638913822,0 79.31051567454,24.5149662009009,0 79.310515336872,24.5149685296443,0 79.3105151320697,24.5149708713062,0 79.3105150606879,24.5149732195451,0 79.3105151229197,24.5149755680019,0 79.3105153185968,24.5149779103168,0 79.310515360734,24.5149782090838,0 79.3105139945547,24.514977866742,0 79.3105114942247,24.5149773661122,0 79.3105101000457,24.5149771555923,0 79.310510604331,24.5149758837335,0 79.3105113538421,24.5149736342653,0</coordinates></LinearRing></innerBoundaryIs><innerBoundaryIs><LinearRing><coordinates>79.3124981359983,24.5149305562801,0 79.3124969933433,24.5149310813823,0 79.3124969995645,24.5149303454646,0 79.3124981359983,24.5149305562801,0</coordinates></LinearRing></innerBoundaryIs><innerBoundaryIs><LinearRing><coordinates>79.3125816709155,24.5149240717966,0 79.3125842197982,24.5149236017515,0 79.3125867380767,24.514923009505,0 79.3125892187573,24.5149222967017,0 79.3125916549507,24.5149214653214,0 79.312594039891,24.5149205176728,0 79.3125963669548,24.5149194563878,0 79.3125986296794,24.5149182844139,0 79.3126008217807,24.5149170050057,0 79.312602937171,24.5149156217165,0 79.3126030621075,24.5149155305509,0 79.3126063460048,24.5149235954231,0 79.3126043307381,24.5149232448964,0 79.3126017469077,24.5149229237741,0 79.3125991481431,24.5149227279939,0 79.3125965417027,24.5149226581024,0 79.3125939348666,24.5149227142951,0 79.3125913349158,24.5149228964148,0 79.312588749112,24.5149232039529,0 79.3125861846776,24.5149236360505,0 79.3125836487752,24.5149241915007,0 79.3125811484877,24.5149248687521,0 79.3125786907986,24.514925665913,0 79.3125762825723,24.514926580757,0 79.3125739305352,24.5149276107288,0 79.3125716412566,24.5149287529517,0 79.3125694211307,24.5149300042354,0 79.3125672763583,24.5149313610849,0 79.31256521293,24.5149328197105,0 79.312563236609,24.5149343760382,0 79.3125613529153,24.5149360257211,0 79.3125595671102,24.5149377641515,0 79.3125578841816,24.5149395864738,0 79.3125566383671,24.5149410899149,0 79.3125554765006,24.5149399176034,0 79.3125536572327,24.5149382635137,0 79.3125517464756,24.514936698155,0 79.3125497493926,24.5149352257572,0 79.3125476713802,24.514933850299,0 79.3125455180536,24.5149325754972,0 79.3125432952316,24.5149314047965,0 79.3125410089207,24.5149303413605,0 79.3125386652989,24.5149293880627,0 79.3125364724197,24.5149286182898,0 79.3125386384178,24.5149286355648,0 79.3125411729146,24.5149285364783,0 79.3125436984948,24.5149283183355,0 79.3125790985074,24.5149244183348,0 79.3125816709155,24.5149240717966,0</coordinates></LinearRing></innerBoundaryIs><innerBoundaryIs><LinearRing><coordinates>79.3126695688485,24.5150189641283,0 79.3126720925113,24.5150195263777,0 79.3126746450169,24.5150199663376,0 79.3126840622862,24.5150213557716,0 79.312677052674,24.5150273689173,0 79.3126750215801,24.5150292154804,0 79.3126731109837,24.5150311667324,0 79.3126713273193,24.5150332161019,0 79.312661327318,24.5150454160992,0 79.3126598152597,24.5150473663587,0 79.3126584181902,24.5150493871345,0 79.3126571400292,24.515051472757,0 79.3126559843629,24.5150536173745,0 79.3126549544335,24.5150558149701,0 79.3126540531307,24.5150580593781,0 79.3126532829833,24.5150603443015,0 79.312652646152,24.5150626633295,0 79.3126521444236,24.5150650099558,0 79.3126517792057,24.5150673775966,0 79.3126515515231,24.5150697596091,0 79.3126514620145,24.5150721493102,0 79.3126515109311,24.5150745399952,0 79.3126516981356,24.5150769249567,0 79.3126520231029,24.5150792975034,0 79.3126524849211,24.5150816509786,0 79.3126530822946,24.5150839787794,0 79.312653745688,24.5150860613463,0 79.3126521230449,24.5150874693631,0 79.3126503466402,24.5150891808206,0 79.3126486704324,24.5150909748864,0 79.3126470990038,24.5150928466562,0 79.3126461213502,24.5150941465522,0 79.3126345160186,24.5150736488364,0 79.3126370917353,24.5150662370716,0 79.3126538304646,24.5150341391567,0 79.3126548974202,24.5150319448174,0 79.3126558353109,24.5150297016661,0 79.3126566414822,24.5150274160523,0 79.3126573136522,24.5150250944453,0 79.3126578499182,24.5150227434166,0 79.3126582487623,24.5150203696209,0 79.3126585090557,24.5150179797771,0 79.3126586300615,24.5150155806499,0 79.3126586246846,24.5150148872998,0 79.3126599009004,24.515015528385,0 79.3126622403408,24.5150165608921,0 79.3126646359278,24.515017479328,0 79.3126670810224,24.5150182811475,0 79.3126695688485,24.5150189641283,0</coordinates></LinearRing></innerBoundaryIs><innerBoundaryIs><LinearRing><coordinates>79.3129482391349,24.5149252826361,0 79.3129471580187,24.5149231622343,0 79.3129459582733,24.5149210959321,0 79.3129446431218,24.5149190892804,0 79.3129432160973,24.5149171476702,0 79.3129430034726,24.5149168884654,0 79.3129430244018,24.5149165136596,0 79.3129430199769,24.5149141328859,0 79.3129428783701,24.5149117556367,0 79.3129425999753,24.5149093885242,0 79.3129421855667,24.5149070381324,0 79.3129416362971,24.5149047109989,0 79.3129409536941,24.5149024135966,0 79.3129407009337,24.5149017114638,0 79.3129409377024,24.5149015398828,0 79.3129425409048,24.5149002473775,0 79.3129467764933,24.5149032692597,0 79.3129541170767,24.5149099070229,0 79.3129560236019,24.5149115419963,0 79.3129580220617,24.5149130823268,0 79.3129601068507,24.514914523694,0 79.312962272121,24.5149158620548,0 79.3129645117995,24.5149170936554,0 79.312966819604,24.5149182150413,0 79.3129691890614,24.5149192230669,0 79.3129716135255,24.5149201149051,0 79.312974086196,24.5149208880541,0 79.3129766001373,24.5149215403455,0 79.312979148298,24.5149220699495,0 79.3129817235308,24.5149224753808,0 79.3129828506256,24.5149225970429,0 79.3129829204414,24.5149234270034,0 79.312983247616,24.5149257428429,0 79.3129850708322,24.5149364598224,0 79.3129831952736,24.5149358418756,0 79.3129807214357,24.514935158384,0 79.3129782118776,24.514934594335,0 79.3129756734835,24.5149341512759,0 79.3129731132168,24.514933830422,0 79.3129705381006,24.5149336326535,0 79.312967955199,24.514933558513,0 79.3129653715974,24.5149336082038,0 79.312962794383,24.5149337815896,0 79.3129602306255,24.5149340781948,0 79.312957687358,24.5149344972057,0 79.3129551715569,24.5149350374729,0 79.3129526901236,24.5149356975144,0 79.3129516824134,24.5149360187934,0 79.3129513241587,24.5149341894541,0 79.3129507433043,24.51493191084,0 79.3129500341889,24.5149296628225,0 79.3129491987177,24.514927451441,0 79.3129482391349,24.5149252826361,0</coordinates></LinearRing></innerBoundaryIs><innerBoundaryIs><LinearRing><coordinates>79.3131827098767,24.5147932997609,0 79.3131843180643,24.5147934713029,0 79.3131574279773,24.514805676269,0 79.3131619045611,24.5147906152037,0 79.3131827098767,24.5147932997609,0</coordinates></LinearRing></innerBoundaryIs><innerBoundaryIs><LinearRing><coordinates>79.313244698481,24.5147737563893,0 79.3132461692217,24.5147718005837,0 79.3132475255491,24.5147697767413,0 79.3132487637121,24.5147676904593,0 79.3132498802865,24.5147655475078,0 79.3132508721842,24.5147633538133,0 79.3132517366619,24.5147611154428,0 79.3132524713287,24.5147588385871,0 79.3132530741529,24.514756529543,0 79.3132535434672,24.5147541946965,0 79.3132538779738,24.5147518405052,0 79.3132540767474,24.5147494734798,0 79.3132541392383,24.5147471001668,0 79.3132540652737,24.5147447271299,0 79.3132538550582,24.5147423609321,0 79.3132535091732,24.5147400081175,0 79.3132530285753,24.5147376751933,0 79.3132524145936,24.5147353686115,0 79.3132516689263,24.5147330947512,0 79.3132507936355,24.5147308599013,0 79.3132497911422,24.5147286702425,0 79.3132486642187,24.5147265318307,0 79.3132474159818,24.5147244505801,0 79.3132460498837,24.5147224322465,0 79.3132445697027,24.5147204824121,0 79.3132429795322,24.5147186064695,0 79.3132412837703,24.5147168096068,0 79.3132394871068,24.5147150967935,0 79.3132375945107,24.5147134727667,0 79.3132356112163,24.5147119420179,0 79.3132335427086,24.5147105087807,0 79.3132329323893,24.5147101303822,0 79.3132322781767,24.5146969570238,0 79.3132391227979,24.5146999157933,0 79.313241058721,24.5147007065551,0 79.3132430299862,24.5147014204952,0 79.3132691259959,24.5147102832925,0 79.313288507255,24.5147224362965,0 79.3132906754738,24.5147237208756,0 79.3132929142016,24.5147248998717,0 79.3132952173025,24.5147259700533,0 79.3132975784637,24.514726928487,0 79.3132999912134,24.5147277725459,0 79.3133024489385,24.5147284999165,0 79.3133049449025,24.5147291086051,0 79.3133074722641,24.5147295969433,0 79.313310024096,24.5147299635926,0 79.3133125934039,24.5147302075481,0 79.3133151731453,24.5147303281411,0 79.3133177562495,24.5147303250411,0 79.3133203356363,24.5147301982565,0 79.3133229042359,24.5147299481348,0 79.3133254550077,24.5147295753617,0 79.3133276486372,24.5147291460042,0 79.3133277393558,24.5147298730678,0 79.3133281570122,24.5147321656684,0 79.3133287030865,24.5147344355623,0 79.313329376131,24.5147366767322,0 79.3133301743614,24.5147388832368,0 79.3133310956619,24.5147410492271,0 79.3133321375901,24.5147431689612,0 79.3133415829505,24.5147611336787,0 79.3133406884292,24.5147612563146,0 79.3133382042561,24.5147616565366,0 79.3133357456852,24.514762172393,0 79.313333319142,24.5147628025356,0 79.3133309309686,24.5147635453175,0 79.3133285874067,24.5147643987973,0 79.3133262945814,24.5147653607444,0 79.3133240584852,24.5147664286447,0 79.3133218849623,24.514767599707,0 79.3133197796935,24.5147688708707,0 79.3133177481811,24.5147702388136,0 79.3133157957346,24.5147716999603,0 79.313313927457,24.514773250492,0 79.3133121482311,24.5147748863563,0 79.3133104627071,24.5147766032776,0 79.3133088752903,24.5147783967688,0 79.3132929210957,24.5147973952232,0 79.3132924396049,24.5147968137055,0 79.3132907840756,24.5147950168,0 79.3132890285777,24.5147933011593,0 79.3132871778693,24.5147916714334,0 79.3132852369664,24.5147901320394,0 79.3132832111295,24.5147886871497,0 79.3132811058494,24.5147873406804,0 79.3132789268321,24.5147860962808,0 79.3132766799835,24.5147849573238,0 79.3132743713933,24.5147839268962,0 79.3132720073186,24.514783007791,0 79.3132695941669,24.5147822024991,0 79.3132671384786,24.5147815132033,0 79.3132646469094,24.5147809417717,0 79.3132621262124,24.5147804897531,0 79.3132595832196,24.5147801583726,0 79.3132570248233,24.5147799485284,0 79.3132544579577,24.5147798607893,0 79.3132518895798,24.514779895393,0 79.3132493266509,24.5147800522458,0 79.3132467761173,24.5147803309225,0 79.3132366092607,24.5147816882119,0 79.3132377572421,24.5147807941943,0 79.3132396419694,24.5147791625243,0 79.3132414303356,24.5147774424568,0 79.3132431173948,24.514775638749,0 79.313244698481,24.5147737563893,0</coordinates></LinearRing></innerBoundaryIs><innerBoundaryIs><LinearRing><coordinates>79.3135940418196,24.5145642538288,0 79.3135877173089,24.5145723555743,0 79.3135898578031,24.5145555405054,0 79.3135940418196,24.5145642538288,0</coordinates></LinearRing></innerBoundaryIs><innerBoundaryIs><LinearRing><coordinates>79.3135808438103,24.5144937712748,0 79.3135790384638,24.5144920343312,0 79.3135771348953,24.5144903875102,0 79.3135751384715,24.5144888354549,0 79.3135730548211,24.5144873825411,0 79.3135708898186,24.5144860328651,0 79.313568649568,24.5144847902321,0 79.3135663403853,24.5144836581455,0 79.313563968781,24.514482639797,0 79.3135615414414,24.5144817380579,0 79.3135590652102,24.5144809554703,0 79.3135565470686,24.5144802942407,0 79.3135539941162,24.5144797562334,0 79.3135514135507,24.5144793429651,0 79.3135488126476,24.514479055601,0 79.3135461987398,24.5144788949513,0 79.3135435791969,24.5144788614689,0 79.3135409614042,24.5144789552483,0 79.3134977614197,24.5144815552482,0 79.3134951928826,24.5144817716577,0 79.3134926402169,24.5144821105871,0 79.3134901103992,24.5144825711099,0 79.3134876103436,24.5144831519675,0 79.3134851468832,24.5144838515725,0 79.3134827267507,24.5144846680127,0 79.3134803565606,24.5144855990566,0 79.3134780427908,24.5144866421598,0 79.313475791765,24.5144877944712,0 79.3134736096355,24.5144890528416,0 79.3134715023663,24.5144904138317,0 79.3134694757166,24.5144918737218,0 79.3134675352255,24.5144934285218,0 79.3134656861966,24.5144950739824,0 79.3134639336833,24.5144968056065,0 79.3134622824755,24.5144986186612,0 79.3134607370861,24.5145005081914,0 79.3134593017387,24.5145024690329,0 79.3134579803564,24.5145044958264,0 79.3134567765504,24.5145065830326,0 79.313455693611,24.514508724947,0 79.313454734498,24.5145109157154,0 79.3134539018326,24.5145131493504,0 79.3134531978907,24.5145154197473,0 79.3134526245962,24.5145177207008,0 79.3134521835158,24.5145200459222,0 79.3134518758553,24.5145223890565,0 79.3134517024554,24.5145247436998,0 79.31345166379,24.5145271034165,0 79.3134517599649,24.5145294617573,0 79.3134519907172,24.5145318122767,0 79.3134523196782,24.5145344015261,0 79.3134198627126,24.5145638422768,0 79.3134180087629,24.5145656179942,0 79.3134162630958,24.5145674833238,0 79.3134146308774,24.5145694327455,0 79.3134131169376,24.5145714604906,0 79.3134117257568,24.5145735605584,0 79.3134104614516,24.5145757267343,0 79.3134097665383,24.5145770911213,0 79.3134096374874,24.5145769750623,0 79.3134076679895,24.5145753833348,0 79.3134056086592,24.5145738898042,0 79.3134034653382,24.5145724987073,0 79.3133667653434,24.5145499987141,0 79.3133645796991,24.5145487334036,0 79.3133623245865,24.5145475746233,0 79.3133600062027,24.5145465255573,0 79.3133576309185,24.5145455890886,0 79.3133552052612,24.5145447677906,0 79.3133527358966,24.5145440639202,0 79.3133502296102,24.5145434794116,0 79.3133476932895,24.514543015871,0 79.3133451339041,24.5145426745723,0 79.3133425584872,24.5145424564533,0 79.3133399741161,24.5145423621134,0 79.3133373878925,24.5145423918118,0 79.3133348069234,24.514542545467,0 79.3133322383012,24.5145428226566,0 79.3133296890844,24.5145432226191,0 79.3133271662783,24.5145437442552,0 79.3133246768155,24.5145443861316,0 79.3133222275369,24.5145451464843,0 79.3133198251733,24.514546023224,0 79.3133174763262,24.5145470139413,0 79.3133151874503,24.5145481159139,0 79.3133129648353,24.5145493261134,0 79.313310814589,24.5145506412143,0 79.3133089234165,24.5145519340112,0 79.3133074493065,24.5145513132015,0 79.3133068970464,24.5145511119726,0 79.3133154662388,24.5145122209524,0 79.3133159030648,24.5145099371442,0 79.3133162111537,24.514507635828,0 79.3133163896928,24.5145053230744,0 79.3133164382113,24.5145030049842,0 79.3133163382058,24.5144890049839,0 79.3133162550323,24.514486663427,0 79.3133160391943,24.5144843289716,0 79.313315691273,24.5144820079052,0 79.3133152122057,24.5144797064796,0 79.3133146032825,24.5144774308933,0 79.3133138661437,24.5144751872756,0 79.3133130027746,24.5144729816694,0 79.3133120155007,24.5144708200154,0 79.3133109069811,24.5144687081358,0 79.3133096802016,24.5144666517188,0 79.3133083384663,24.5144646563031,0 79.3133068853892,24.5144627272633,0 79.313305324884,24.5144608697952,0 79.3133036611538,24.5144590889015,0 79.3133018986797,24.5144573893791,0 79.3133000422088,24.5144557758054,0 79.3132980967413,24.5144542525265,0 79.3132960675173,24.5144528236452,0 79.3132939600023,24.5144514930101,0 79.3132917798727,24.5144502642052,0 79.3132895330005,24.5144491405401,0 79.3132872254375,24.5144481250413,0 79.313284863399,24.514447220444,0 79.3132824532468,24.5144464291847,0 79.3132800014725,24.5144457533945,0 79.3132775146799,24.5144451948937,0 79.3132749995668,24.5144447551864,0 79.3132724629075,24.5144444354571,0 79.3132699115343,24.5144442365669,0 79.3132673523192,24.5144441590515,0 79.3132647921551,24.5144442031196,0 79.3132622379377,24.5144443686527,0 79.3132596965465,24.5144446552047,0 79.3132571748265,24.514445062004,0 79.3132546795699,24.5144455879548,0 79.3132522174974,24.5144462316405,0 79.3132497952403,24.5144469913274,0 79.3132474193229,24.5144478649694,0 79.3132450961444,24.5144488502134,0 79.3132404955183,24.5144509356628,0 79.313239616705,24.5144502419163,0 79.3132375204832,24.5144487590288,0 79.3132353402742,24.5144473812417,0 79.313233082366,24.5144461125288,0 79.3132307532707,24.5144449565492,0 79.3132283597058,24.5144439166369,0 79.3132259085746,24.5144429957911,0 79.3132234069464,24.5144421966677,0 79.3132208620364,24.5144415215714,0 79.3132182811842,24.5144409724493,0 79.3132074326159,24.5144389435194,0 79.3132552727763,24.5143884779495,0 79.3132569328262,24.5143866300782,0 79.3132584835657,24.51438470435,0 79.3132599206408,24.5143827061718,0 79.3132612400166,24.5143806411538,0 79.3132624379888,24.5143785150939,0 79.3132635111939,24.5143763339613,0 79.3132644566186,24.5143741038801,0 79.3132652716086,24.5143718311114,0 79.3132659538757,24.5143695220364,0 79.3132665015042,24.5143671831384,0 79.3132669129566,24.514364820984,0 79.3132671870777,24.5143624422056,0 79.3132673230979,24.5143600534818,0 79.3132673206353,24.5143576615195,0 79.3132671796967,24.5143552730344,0 79.313266900678,24.5143528947326,0 79.3132664843625,24.5143505332917,0 79.3132659319191,24.5143481953417,0 79.3132652448988,24.5143458874469,0 79.3132644252307,24.514343616087,0 79.313263475216,24.5143413876392,0 79.3132623975222,24.5143392083603,0 79.3132611951749,24.514337084369,0 79.3132598715501,24.5143350216287,0 79.313258430364,24.5143330259309,0 79.313256875663,24.5143311028789,0 79.3132486756615,24.5143215028809,0 79.3132470233647,24.5143196700198,0 79.3132452679589,24.5143179192339,0 79.3132434143067,24.514316255373,0 79.3132414675428,24.5143146830459,0 79.3132394330596,24.5143132066079,0 79.3132373164927,24.5143118301489,0 79.313235123705,24.5143105574816,0 79.3132328607706,24.5143093921313,0 79.3132219800358,24.5143041288946,0 79.3132360973768,24.5142351030925,0 79.3132365138835,24.5142327142117,0 79.3132367899244,24.514230308347,0 79.3132369247067,24.5142278924075,0 79.3132369178433,24.5142254733309,0 79.3132367693541,24.5142230580642,0 79.3132364796653,24.5142206535432,0 79.313236049609,24.5142182666729,0 79.3132354804201,24.5142159043079,0 79.3132347737332,24.5142135732319,0 79.3132339315776,24.5142112801393,0 79.3132329563718,24.514209031615,0 79.3132318509163,24.5142068341161,0 79.3132306183857,24.5142046939533,0 79.3132292623193,24.5142026172723,0 79.3132212253486,24.5141910265458,0 79.3132184132463,24.5141550774166,0 79.3132181602626,24.5141527164862,0 79.3132177720714,24.5141503709751,0 79.3132172497446,24.5141480473607,0 79.3132165947248,24.5141457520597,0 79.3132158088208,24.5141434914109,0 79.313214894203,24.5141412716571,0 79.3132138533972,24.5141390989285,0 79.3132126892776,24.5141369792251,0 79.3132114050591,24.5141349184007,0 79.3132100042881,24.5141329221464,0 79.3132084908329,24.514130995975,0 79.3132068688732,24.5141291452057,0 79.313205142888,24.5141273749497,0 79.3132033176439,24.5141256900956,0 79.3132013981812,24.5141240952963,0 79.3131993898009,24.5141225949559,0 79.3131972980492,24.5141211932177,0 79.3131951287027,24.5141198939528,0 79.3131928877521,24.5141187007491,0 79.3131905813859,24.5141176169017,0 79.3131882159735,24.5141166454039,0 79.3131857980471,24.5141157889384,0 79.3131833342839,24.5141150498705,0 79.3131808314879,24.5141144302411,0 79.3131782965706,24.5141139317614,0 79.3131757365325,24.514113555808,0 79.3131731584432,24.5141133034191,0 79.3131705694225,24.5141131752917,0 79.31316797662,24.5141131717796,0 79.3131653871959,24.5141132928925,0 79.3131628083012,24.514113538296,0 79.3131602470576,24.5141139073124,0 79.3131577105383,24.5141143989226,0 79.313155205748,24.5141150117689,0 79.3131527396038,24.514115744159,0 79.3131503189163,24.5141165940703,0 79.3131479503702,24.5141175591558,0 79.3131456405066,24.5141186367502,0 79.3131433957044,24.5141198238776,0 79.3131412221626,24.5141211172599,0 79.3131398817534,24.5141220099363,0 79.3131083208413,24.5140775150488,0 79.3130999992707,24.5140596236858,0 79.3130989162108,24.5140574558202,0 79.3130977095937,24.5140553432819,0 79.3130963827834,24.5140532919608,0 79.3130949394793,24.5140513075761,0 79.3130933837054,24.5140493956605,0 79.3130917197992,24.5140475615446,0 79.3130899524,24.514045810342,0 79.3130880864354,24.5140441469353,0 79.3130861271079,24.514042575962,0 79.3130840798802,24.5140411018023,0 79.3130819504602,24.5140397285662,0 79.3130797447848,24.5140384600824,0 79.3130774690037,24.5140372998876,0 79.313075129462,24.5140362512165,0 79.3130727326824,24.5140353169928,0 79.3130702853475,24.5140344998212,0 79.3130677942806,24.5140338019801,0 79.3130652664268,24.5140332254151,0 79.3130627088343,24.5140327717338,0 79.3130601286337,24.514032442201,0 79.3130575330187,24.5140322377355,0 79.3130549292263,24.5140321589073,0 79.313052324516,24.5140322059363,0 79.3130497261499,24.5140323786913,0 79.3130471413725,24.5140326766907,0 79.3130445773904,24.5140330991035,0 79.3130420413521,24.5140336447522,0 79.3130395403284,24.5140343121153,0 79.3130370812923,24.5140350993323,0 79.3130346710997,24.5140360042082,0 79.3130323164706,24.5140370242203,0 79.3130300239698,24.5140381565246,0 79.313027799989,24.5140393979642,0 79.3130256507288,24.5140407450778,0 79.3130235821815,24.5140421941097,0 79.3130216001145,24.5140437410197,0 79.3130197100538,24.5140453814949,0 79.3130179172693,24.5140471109617,0 79.3130162267592,24.514048924598,0 79.3130146432368,24.5140508173473,0 79.3130131711172,24.5140527839325,0 79.3130118145048,24.5140548188706,0 79.3130105771819,24.5140569164879,0 79.3130094625983,24.5140590709362,0 79.3130084738615,24.5140612762087,0 79.3130076137282,24.5140635261569,0 79.3130068845966,24.5140658145077,0 79.3130062884995,24.5140681348811,0 79.3130058270989,24.5140704808076,0 79.3130055016813,24.5140728457466,0 79.312999699487,24.5141263839888,0 79.3129962896328,24.5141219037278,0 79.312994753051,24.5141199938023,0 79.31299310896,24.5141181603452,0 79.3129913618973,24.5141164084167,0 79.3129895166849,24.514114742852,0 79.3129875784155,24.5141131682481,0 79.3129855524386,24.5141116889509,0 79.312983444346,24.5141103090431,0 79.3129812599557,24.5141090323332,0 79.3129790052969,24.514107862345,0 79.3129766865921,24.5141068023076,0 79.312974310241,24.5141058551466,0 79.3129718828021,24.5141050234761,0 79.3129694109753,24.5141043095917,0 79.3129669015826,24.5141037154634,0 79.3129643615499,24.5141032427312,0 79.3129617978876,24.5141028926998,0 79.3129592176713,24.5141026663351,0 79.3129373104163,24.514101274582,0 79.3129044878576,24.5140662638613,0 79.3128953893735,24.5140474253478,0 79.312893539433,24.5140208326027,0 79.3128933028818,24.5140184392236,0 79.3128929274575,24.5140160607535,0 79.3128924142241,24.5140137039328,0 79.312891764636,24.5140113754408,0 79.3128909805343,24.5140090818764,0 79.312890064141,24.5140068297394,0 79.3128890180531,24.5140046254124,0 79.3128878452354,24.5140024751423,0 79.3128865490114,24.514000385023,0 79.3128851330548,24.5139983609779,0 79.3128836013782,24.513996408743,0 79.3128819583225,24.5139945338509,0 79.312880208544,24.5139927416151,0 79.3128783570016,24.5139910371146,0 79.3128764089424,24.51398942518,0 79.3128384089441,24.5139596251881,0 79.312836446421,24.5139581643226,0 79.3128344046304,24.513956797421,0 79.312832288941,24.5139555280776,0 79.3128301049159,24.5139543596301,0 79.3128278582978,24.5139532951506,0 79.3128255549939,24.5139523374382,0 79.3128232010608,24.5139514890112,0 79.3128208026877,24.5139507521004,0 79.3128183661809,24.5139501286434,0 79.3128158979473,24.5139496202795,0 79.3128134044766,24.5139492283455,0 79.3128108923253,24.5139489538719,0 79.3128083680989,24.5139487975804,0 79.3128058384346,24.513948759882,0 79.3128033099839,24.5139488408758,0 79.3128007893953,24.5139490403488,0 79.3127982832963,24.5139493577766,0 79.3127957982766,24.5139497923244,0 79.312793653193,24.513950272881,0 79.3127976428589,24.5139465714851,0 79.3127996879254,24.5139466396621,0 79.3128022570711,24.5139466028419,0 79.3128048206378,24.513946443699,0 79.312807371673,24.5139461626651,0 79.312809903258,24.5139457605024,0 79.312812408527,24.5139452383016,0 79.3128148806854,24.5139445974789,0 79.3128173130285,24.5139438397724,0 79.3128560306793,24.513930739818,0 79.3128668017633,24.5139332813094,0 79.3128810356669,24.5139372143621,0 79.3128835923339,24.5139378527836,0 79.3128861827793,24.5139383646832,0 79.3128887995293,24.513938748584,0 79.3128914350341,24.5139390033783,0 79.31289408169,24.5139391283311,0 79.3128967318609,24.5139391230818,0 79.3128993779006,24.5139389876456,0 79.312902012175,24.5139387224132,0 79.3129046270837,24.5139383281499,0 79.3129427543984,24.513931612546,0 79.3129913798851,24.5139503146554,0 79.3129937884753,24.5139511738179,0 79.3129962429443,24.5139519163751,0 79.312998736554,24.5139525402885,0 79.3130012624583,24.5139530438452,0 79.3130038137229,24.5139534256627,0 79.3130063833437,24.5139536846929,0 79.3130089642661,24.5139538202246,0 79.3130115494047,24.5139538318857,0 79.3130141316622,24.5139537196442,0 79.3130167039496,24.5139534838083,0 79.3130192592051,24.5139531250253,0 79.3130217904134,24.5139526442804,0 79.3130242906257,24.5139520428933,0 79.3130267529779,24.513951322515,0 79.3130291707101,24.5139504851232,0 79.3130315371847,24.5139495330168,0 79.313033845905,24.5139484688097,0 79.3130360905326,24.5139472954236,0 79.3130382649054,24.5139460160797,0 79.3130403630539,24.5139446342903,0 79.313042379218,24.5139431538489,0 79.3130429650772,24.5139426754065,0 79.3130581540029,24.5139590794515,0 79.3130598576274,24.5139608254947,0 79.3130616578758,24.5139624884009,0 79.3130635499084,24.5139640636997,0 79.313065528639,24.5139655471564,0 79.3130675887481,24.5139669347828,0 79.3130697246975,24.5139682228486,0 79.3130719307451,24.5139694078913,0 79.3130742009605,24.5139704867248,0 79.3130765292406,24.5139714564492,0 79.3130789093264,24.5139723144574,0 79.3130813348193,24.5139730584428,0 79.313083799199,24.5139736864055,0 79.3130862958404,24.5139741966572,0 79.3130888180319,24.5139745878262,0 79.3130913589931,24.513974858861,0 79.313093911893,24.513975009033,0 79.3130964698687,24.5139750379383,0 79.3130990260436,24.5139749454994,0 79.3131075868501,24.5139744322651,0 79.3131074359786,24.513976111331,0 79.3131073609932,24.5139785358979,0 79.3131074284514,24.5139809606498,0 79.3131076381583,24.5139833785865,0 79.313111338146,24.514015178587,0 79.3131116615693,24.5140174223507,0 79.3131121074969,24.5140196484638,0 79.3131126748078,24.5140218513308,0 79.3131133620761,24.5140240254148,0 79.3131141675745,24.5140261652514,0 79.3131150892782,24.5140282654619,0 79.3131161248706,24.5140303207676,0 79.3131172717488,24.5140323260024,0 79.3131185270299,24.5140342761261,0 79.3131326270252,24.5140549761298,0 79.3131340613622,24.5140569631148,0 79.3131356082219,24.5140588781344,0 79.3131372633,24.5140607158598,0 79.3131390219912,24.5140624711776,0 79.313140879402,24.5140641392035,0 79.3131428303638,24.514065715296,0 79.3131448694482,24.5140671950697,0 79.3131469909812,24.514068574407,0 79.3131491890595,24.5140698494697,0 79.3131514575669,24.51407101671,0 79.3131537901911,24.5140720728799,0 79.3131561804415,24.5140730150407,0 79.3131586216671,24.5140738405706,0 79.313161107075,24.5140745471727,0 79.3131636297495,24.5140751328807,0 79.313166182671,24.5140755960648,0 79.313168758736,24.5140759354363,0 79.3131713507764,24.5140761500509,0 79.3131739515796,24.5140762393112,0 79.3131765539089,24.5140762029691,0 79.3131791505231,24.5140760411255,0 79.3131817341969,24.5140757542309,0 79.3131842977412,24.5140753430835,0 79.3131868340227,24.5140748088274,0 79.3132694739917,24.5140552875782,0 79.3132704015388,24.5140568604589,0 79.3132717347072,24.5140588644857,0 79.3132731798698,24.514060802436,0 79.3132747331234,24.5140626690756,0 79.3132763902728,24.5140644593629,0 79.3132781468421,24.5140661684625,0 79.313279998087,24.5140677917582,0 79.3132819390075,24.5140693248656,0 79.3132839643613,24.514070763644,0 79.3132860686781,24.5140721042073,0 79.3132882462743,24.5140733429349,0 79.3133926462932,24.514129342953,0 79.3133949360405,24.514130497698,0 79.3133972894301,24.5141315398453,0 79.3133996998536,24.5141324664685,0 79.3134021605422,24.5141332749656,0 79.3134046645861,24.5141339630661,0 79.3134072049538,24.5141345288379,0 79.3134097745117,24.5141349706922,0 79.3134123660442,24.5141352873883,0 79.3134149722741,24.5141354780369,0 79.3134175858829,24.5141355421025,0 79.3134201995314,24.5141354794053,0 79.3134228058801,24.5141352901214,0 79.3134253976103,24.5141349747822,0 79.3134279674442,24.5141345342734,0 79.3134305081654,24.5141339698318,0 79.3134330126393,24.5141332830424,0 79.3134354738332,24.5141324758339,0 79.3134378848359,24.5141315504729,0 79.313440238877,24.5141305095579,0 79.3134425293463,24.5141293560119,0 79.3134447498118,24.5141280930742,0 79.3134468940383,24.5141267242912,0 79.3134489560046,24.5141252535066,0 79.3134509299206,24.5141236848504,0 79.3134528102434,24.5141220227275,0 79.3134545916928,24.5141202718054,0 79.3134562692664,24.5141184370008,0 79.3134578382535,24.5141165234659,0 79.313459294248,24.5141145365742,0 79.3134606331617,24.514112481905,0 79.3134618512346,24.514110365228,0 79.3134629450463,24.514108192487,0 79.3134639115252,24.5141059697832,0 79.3134647479576,24.5141037033581,0 79.3134654519945,24.5141013995762,0 79.313466021659,24.5140990649065,0 79.3134664553514,24.5140967059051,0 79.313466751854,24.5140943291962,0 79.3133862682551,24.514012196152,0 79.313426158617,24.5139627034544,0 79.3135156097315,24.5139989981012,0 79.3135099246946,24.5140822156802,0 79.3135109591237,24.5140844317433,0 79.3135121213255,24.514086594146,0 79.3135134079885,24.5140886967265,0 79.3135148154462,24.5140907334936,0 79.3135163396883,24.5140926986436,0 79.3135179763714,24.5140945865768,0 79.3135197208318,24.5140963919136,0 79.3135215680988,24.5140981095098,0 79.3135235129087,24.5140997344712,0 79.3135255497197,24.5141012621674,0 79.3135276727281,24.5141026882453,0 79.3135298758843,24.5141040086413,0 79.3135321529106,24.5141052195931,0 79.3135344973186,24.5141063176501,0 79.313536902428,24.5141072996833,0 79.3135393613855,24.5141081628944,0 79.3135418671844,24.5141089048239,0 79.3135444126845,24.5141095233576,0 79.3135469906324,24.5141100167329,0 79.3135495936824,24.5141103835441,0 79.3135522144171,24.5141106227459,0 79.3135537144176,24.514110722746,0 79.3135553964055,24.5141108084963,0 79.3135921964186,24.5141121084975,0 79.3135948807313,24.5141121364559,0 79.3135975627328,24.5141120307957,0 79.3136283940463,24.5141100461496,0 79.3136284220159,24.5141101005729,0 79.3136294285906,24.5141118548529,0 79.3136447285841,24.5141371548569,0 79.3136460322765,24.5141391838968,0 79.313647449786,24.5141411480087,0 79.3136489772589,24.5141430418531,0 79.3136506105428,24.5141448602817,0 79.3136523451978,24.5141465983509,0 79.3136541765081,24.514148251336,0 79.3136560994954,24.5141498147433,0 79.313658108932,24.5141512843226,0 79.3136601993554,24.514152656079,0 79.3136623650827,24.5141539262834,0 79.3136646002264,24.5141550914826,0 79.3136668987103,24.5141561485092,0 79.313669254286,24.5141570944895,0 79.3136716605499,24.5141579268521,0 79.3136741109606,24.514158643334,0 79.3136765988568,24.5141592419876,0 79.3136791174749,24.5141597211854,0 79.3136816599682,24.5141600796247,0 79.313684219425,24.5141603163311,0 79.3136867888875,24.5141604306611,0 79.3136893613705,24.514160422304,0 79.3136919298807,24.5141602912824,0 79.3136944874358,24.5141600379524,0 79.313697027083,24.5141596630029,0 79.3136995419184,24.5141591674531,0 79.3137020251052,24.5141585526501,0 79.3137044698932,24.5141578202652,0 79.313706869636,24.5141569722895,0 79.3137092178101,24.5141560110282,0 79.3137115080319,24.5141549390944,0 79.3137137340755,24.5141537594022,0 79.3137140274849,24.5141535846147,0 79.3137524846919,24.5141868861326,0 79.3137544114912,24.5141884690137,0 79.3137564264055,24.5141899572224,0 79.3137585238845,24.5141913466595,0 79.3137790932821,24.5142042335138,0 79.31377833533,24.5142055115741,0 79.3137772289591,24.5142076338552,0 79.3137762448694,24.5142098059651,0 79.3137753857309,24.5142120220108,0 79.3137746538745,24.5142142759798,0 79.3137740512859,24.5142165617571,0 79.3137735795998,24.5142188731411,0 79.313773240096,24.5142212038608,0 79.3137730336957,24.5142235475929,0 79.3137729609587,24.5142258979786,0 79.3137730220826,24.5142282486411,0 79.3137732169013,24.5142305932028,0 79.3137735448864,24.5142329253029,0 79.313774005148,24.5142352386141,0 79.3137745964375,24.5142375268602,0 79.3137753171506,24.514239783833,0 79.3137761653319,24.5142420034092,0 79.3137771386803,24.5142441795669,0 79.313778234555,24.514246306402,0 79.3137794499829,24.5142483781442,0 79.3137807816663,24.5142503891727,0 79.3137822259924,24.5142523340315,0 79.3137837790425,24.5142542074439,0 79.3137854366031,24.5142560043273,0 79.3137871941771,24.5142577198066,0 79.3137890469961,24.5142593492274,0 79.3137909900332,24.5142608881692,0 79.3137930180168,24.5142623324565,0 79.3137951254448,24.514263678171,0 79.3137973065997,24.5142649216616,0 79.3137995555637,24.5142660595545,0 79.3138018662352,24.5142670887627,0 79.3138042323453,24.5142680064937,0 79.3138066474744,24.5142688102578,0 79.31380910507,24.5142694978741,0 79.3138115984647,24.5142700674773,0 79.3138141208934,24.5142705175218,0 79.3138166655128,24.5142708467866,0 79.313819225419,24.5142710543785,0 79.3138217936668,24.5142711397343,0 79.313864393682,24.5142715397352,0 79.3138670083102,24.5142715008801,0 79.3138696170162,24.514271335337,0 79.3138722124722,24.5142710435708,0 79.3138747873874,24.5142706264011,0 79.3138773345291,24.5142700849998,0 79.3138798467422,24.5142694208877,0 79.31388231697,24.5142686359302,0 79.3138847382736,24.5142677323322,0 79.3138871038516,24.514266712632,0 79.3138894070591,24.514265579694,0 79.3138916414265,24.5142643367004,0 79.3138938006773,24.514262987143,0 79.3138958787463,24.5142615348125,0 79.3138978697961,24.5142599837887,0 79.313899768234,24.5142583384282,0 79.3139015687272,24.5142566033529,0 79.3139032662182,24.5142547834366,0 79.3139048559388,24.5142528837915,0 79.3139063334233,24.5142509097536,0 79.3139072099855,24.5142495941131,0 79.313907280679,24.5142496095917,0 79.3139077126831,24.5142501657659,0 79.3139092475162,24.5142519453055,0 79.3139107166396,24.5142534831421,0 79.3139108085579,24.5142537083765,0 79.3139117501138,24.5142557139135,0 79.3139127965265,24.5142576754645,0 79.3139132272389,24.5142583926715,0 79.3138949848592,24.514266387787,0 79.3138926888979,24.5142674624185,0 79.3138904574454,24.5142686453453,0 79.3138882965983,24.5142699333354,0 79.3138862122602,24.51427132287,0 79.3138842101259,24.5142728101526,0 79.3138822956655,24.5142743911198,0 79.3138804741095,24.5142760614521,0 79.3138787504348,24.514277816586,0 79.3138771293505,24.5142796517262,0 79.3138756152858,24.5142815618589,0 79.3138742123773,24.5142835417652,0 79.3138729244579,24.514285586036,0 79.3138717550464,24.5142876890858,0 79.3138707073378,24.514289845169,0 79.3138697841946,24.5142920483947,0 79.3138690741552,24.5142940502346,0 79.3138683048062,24.5142941750597,0 79.3138657661096,24.5142947148468,0 79.3138632621097,24.5142953765368,0 79.3138607997937,24.5142961582833,0 79.3138583860329,24.514297057905,0 79.3138416860376,24.5143037579031,0 79.3138393168028,24.514304777845,0 79.3138370100435,24.514305911348,0 79.3138347722563,24.5143071552197,0 79.3138326097435,24.514308505957,0 79.3138305285957,24.5143099597557,0 79.3138285346739,24.5143115125214,0 79.3138266335938,24.514313159881,0 79.3138248307094,24.514314897195,0 79.3138231310984,24.5143167195705,0 79.3138215395473,24.5143186218751,0 79.3138200605386,24.5143205987512,0 79.3138186982376,24.5143226446313,0 79.3138050982332,24.5143443446273,0 79.3138038557712,24.5143464550269,0 79.3138027375011,24.5143486227934,0 79.313801746576,24.5143508418144,0 79.3138008857902,24.5143531058329,0 79.3138001575708,24.514355408465,0 79.3137995639712,24.5143577432179,0 79.3137991066651,24.5143601035083,0 79.313798786942,24.5143624826809,0 79.3137986057034,24.5143648740271,0 79.3137985634605,24.514367270804,0 79.3137986603323,24.5143696662534,0 79.3137988960457,24.5143720536208,0 79.313799269936,24.5143744261746,0 79.313799780949,24.5143767772248,0 79.3138004276439,24.5143791001421,0 79.313801208197,24.5143813883766,0 79.3138065081921,24.5143955883779,0 79.313807424653,24.5143978451489,0 79.3138084713117,24.5144000540075,0 79.3138096451914,24.5144022086713,0 79.313810942953,24.5144043030118,0 79.3138123609055,24.514406331072,0 79.3138138950159,24.5144082870836,0 79.3138155409205,24.5144101654831,0 79.3138172939382,24.5144119609279,0 79.3138191490827,24.5144136683112,0 79.3138211010776,24.5144152827768,0 79.3138231443708,24.5144167997326,0 79.3138252731507,24.514418214864,0 79.3138274813623,24.5144195241459,0 79.313829762725,24.5144207238545,0 79.3138321107499,24.5144218105773,0 79.3138345187585,24.5144227812235,0 79.3138630064752,24.5144334437709,0 79.3138695984751,24.5144382379533,0 79.3138715761176,24.51443960353,0 79.3138736261935,24.514440876551,0 79.3138757435331,24.5144420538062,0 79.313877922797,24.5144431323268,0 79.3138801584898,24.5144441093931,0 79.3138824449736,24.5144449825413,0 79.3138847764828,24.5144457495695,0 79.3138871471377,24.5144464085434,0 79.3138895509604,24.5144469578014,0 79.3138919818891,24.5144473959584,0 79.3138951794725,24.5144478963439,0 79.3138952321626,24.5144496280156,0 79.3138954364829,24.5144519658779,0 79.3138957732375,24.5144542908759,0 79.3138962415176,24.5144565967339,0 79.313896840059,24.5144588772279,0 79.3138975672463,24.5144611262022,0 79.3138984211166,24.5144633375863,0 79.3138993993651,24.5144655054112,0 79.3139004993512,24.5144676238253,0 79.3139017181058,24.5144696871105,0 79.3139044181047,24.5144739871112,0 79.3139057633158,24.5144760052438,0 79.3139072221463,24.514477956183,0 79.313908790596,24.5144798345794,0 79.3139104643644,24.5144816352825,0 79.3139122388619,24.5144833533546,0 79.3139141092228,24.5144849840849,0 79.3139159538413,24.5144864315993,0 79.3139152943666,24.5144884387275,0 79.3139146818236,24.5144907315552,0 79.3139142011038,24.5144930505421,0 79.3139138535214,24.5144953893481,0 79.3139136400265,24.5144977415794,0 79.3139121074566,24.5145224428457,0 79.3139108547068,24.5145288758734,0 79.313910029055,24.5145289935175,0 79.3139074910432,24.51452948133,0 79.3139049845525,24.514530090483,0 79.313902516508,24.5145308192933,0 79.3139000937285,24.5145316657474,0 79.3138977229077,24.5145326275067,0 79.3138954105959,24.5145337019141,0 79.3138931631816,24.514534886001,0 79.313890986874,24.5145361764961,0 79.313888887686,24.5145375698338,0 79.3138868714173,24.5145390621648,0 79.3138849436385,24.5145406493657,0 79.3138831096757,24.5145423270516,0 79.3138813745959,24.5145440905872,0 79.3138797431929,24.5145459351001,0 79.3138782199741,24.5145478554942,0 79.3138768091477,24.5145498464638,0 79.3138755146116,24.5145519025082,0 79.3138743399426,24.5145540179467,0 79.3138732883861,24.5145561869349,0 79.3138723628472,24.5145584034801,0 79.3138715658832,24.5145606614584,0 79.313870899696,24.5145629546312,0 79.313870366126,24.5145652766631,0 79.3138699666476,24.5145676211384,0 79.3138697023644,24.5145699815799,0 79.3138695740065,24.5145723514659,0 79.3138695819287,24.5145747242489,0 79.313869726109,24.5145770933733,0 79.3138700061491,24.5145794522934,0 79.3138704212753,24.514581794492,0 79.3138709703407,24.514584113498,0 79.3138716518283,24.5145864029043,0 79.3138724638553,24.5145886563855,0 79.3138734041782,24.5145908677158,0 79.3138744701989,24.5145930307856,0 79.3138756589723,24.5145951396185,0 79.3138769672141,24.5145971883883,0 79.3138779822629,24.5145986018388,0 79.3138768452647,24.5145998149989,0 79.3138752331278,24.5146016280782,0 79.3138737257196,24.5146035150709,0 79.3138723270809,24.5146054709187,0 79.3138710409613,24.5146074903782,0 79.3138705172462,24.5146084202574,0 79.3138696395617,24.5146078828996,0 79.3138674610372,24.5146066232044,0 79.313865213594,24.5146054693025,0 79.3138629033637,24.5146044243421,0 79.3138605366493,24.514603491174,0 79.3138581199076,24.5146026723442,0 79.3138556597324,24.5146019700867,0 79.3138531628354,24.5146013863175,0 79.313850636029,24.5146009226291,0 79.3138480862069,24.5146005802867,0 79.3138455203257,24.5146003602242,0 79.3138429453858,24.5146002630421,0 79.3138403684123,24.5146002890054,0 79.3138377964358,24.5146004380434,0 79.3138352364734,24.5146007097495,0 79.3138076364832,24.5146043097488,0 79.3138050642566,24.5146047090058,0 79.313802518693,24.5146052321055,0 79.3138000069101,24.5146058775853,0 79.3137975359311,24.5146066436404,0 79.3137951126653,24.5146075281287,0 79.3137927438882,24.5146085285772,0 79.3137904362233,24.5146096421885,0 79.3137881961231,24.5146108658487,0 79.3137860298512,24.5146121961365,0 79.3137839434646,24.5146136293321,0 79.3137819427972,24.5146151614281,0 79.3137800334431,24.5146167881408,0 79.313778220741,24.5146185049215,0 79.3137765097594,24.51462030697,0 79.3137749052826,24.5146221892476,0 79.3137734117967,24.5146241464911,0 79.3137726671304,24.5146252414792,0 79.3137714603264,24.5146251077436,0 79.3137703578554,24.5146246354146,0 79.3137679876977,24.5146237539604,0 79.313765570786,24.5146229861021,0 79.3137631136192,24.5146223339044,0 79.3137606228044,24.514621799121,0 79.3137581050392,24.5146213831899,0 79.3137555670936,24.5146210872295,0 79.313753015792,24.5146209120356,0 79.3137504579945,24.5146208580792,0 79.3137479005788,24.5146209255056,0 79.3137453504217,24.5146211141333,0 79.3137443636808,24.5146212344864,0 79.3137393567584,24.5146203594901,0 79.3137369025168,24.5146199889978,0 79.3137344309856,24.5146197321446,0 79.3137319484466,24.5146195895833,0 79.3137294612096,24.5146195616762,0 79.3137269755962,24.5146196484942,0 79.3137244979238,24.5146198498168,0 79.3137220344899,24.5146201651321,0 79.3137195915556,24.5146205936388,0 79.3137171753299,24.5146211342478,0 79.3137147919539,24.514621785585,0 79.3137138535757,24.5146220899406,0 79.3137127749756,24.5146220585941,0 79.3137101923606,24.5146221072944,0 79.3137076160709,24.5146222795962,0 79.3137050531684,24.5146225750271,0 79.313702510678,24.5146229927775,0 79.3136999955688,24.5146235317021,0 79.313697514735,24.5146241903238,0 79.3136950749765,24.5146249668373,0 79.3136926829808,24.5146258591141,0 79.3136917687851,24.5146262523722,0 79.3136851753964,24.5146270070371,0 79.3136826218791,24.5146273616383,0 79.3136800921416,24.5146278380096,0 79.3136798888723,24.5146278865559,0 79.3136793886638,24.5146275846723,0 79.3136771788169,24.51462639687,0 79.3136760664369,24.5146258680374,0 79.3136967653792,24.5145998979169,0 79.3136982259345,24.5145979613484,0 79.3136995742216,24.5145959577837,0 79.3137008065776,24.5145938926656,0 79.3137019196548,24.5145917716044,0 79.3137029104292,24.5145896003624,0 79.3137037762093,24.5145873848379,0 79.313704514643,24.5145851310499,0 79.3137051237243,24.5145828451211,0 79.3137056017985,24.5145805332615,0 79.313705947567,24.5145782017517,0 79.3137061600903,24.5145758569256,0 79.3137062387911,24.5145735051532,0 79.3137061834556,24.5145711528235,0 79.3137059942342,24.5145688063269,0 79.3137056716408,24.5145664720381,0 79.313705216552,24.5145641562985,0 79.313704630204,24.5145618653992,0 79.3137039141897,24.5145596055638,0 79.3137030704543,24.5145573829313,0 79.3137021012899,24.51455520354,0 79.3136955012857,24.5145414035417,0 79.3136944025037,24.5145392608638,0 79.3136931824888,24.5145371738211,0 79.3136727824805,24.5145043738264,0 79.3136714460014,24.514502350176,0 79.3136699955483,24.514500393325,0 79.3136684351001,24.5144985086418,0 79.3136667689378,24.5144967012965,0 79.3136650016321,24.5144949762474,0 79.3136631380314,24.5144933382269,0 79.313661183248,24.5144917917284,0 79.3136591426446,24.5144903409947,0 79.3136570218193,24.5144889900054,0 79.3136548265901,24.5144877424669,0 79.3136525629792,24.5144866018014,0 79.3136502371966,24.5144855711383,0 79.3136478556224,24.5144846533049,0 79.3136454247903,24.5144838508192,0 79.3136429513686,24.5144831658827,0 79.3136404421429,24.5144826003742,0 79.3136379039967,24.5144821558453,0 79.3136353438929,24.5144818335154,0 79.3136327688549,24.5144816342687,0 79.3136301859466,24.5144815586519,0 79.3136276022539,24.5144816068724,0 79.3136250248647,24.5144817787979,0 79.3136224608495,24.5144820739567,0 79.3136199172423,24.5144824915392,0 79.313617401021,24.5144830303997,0 79.3136149190884,24.5144836890601,0 79.3136124782533,24.5144844657133,0 79.3136100852116,24.5144853582289,0 79.3136077465283,24.5144863641582,0 79.313605468619,24.5144874807418,0 79.3136032577329,24.5144887049165,0 79.3136011199351,24.514490033324,0 79.3135990610902,24.51449146232,0 79.3135970868464,24.5144929879844,0 79.3135952026196,24.5144946061317,0 79.3135934135789,24.5144963123229,0 79.3135917246322,24.5144981018773,0 79.3135901404128,24.5144999698856,0 79.3135886652668,24.5145019112232,0 79.3135878907628,24.5145030538174,0 79.3135869856262,24.5145015188188,0 79.3135856210878,24.5144994726846,0 79.3135841397686,24.5144974957018,0 79.3135825458448,24.5144955934442,0 79.3135808438103,24.5144937712748,0</coordinates></LinearRing></innerBoundaryIs><innerBoundaryIs><LinearRing><coordinates>79.3141999883157,24.5141677009259,0 79.3142006602825,24.5141700206596,0 79.3142014660383,24.5141723044428,0 79.314201745598,24.5141730302236,0 79.3142014501351,24.5141731318004,0 79.3141934560378,24.5141694422176,0 79.3141942426202,24.514169011625,0 79.3141964068785,24.5141676799129,0 79.3141984911973,24.5141662454227,0 79.3141994824363,24.51416548496,0 79.3141999883157,24.5141677009259,0</coordinates></LinearRing></innerBoundaryIs><innerBoundaryIs><LinearRing><coordinates>79.3141021058456,24.5137510927448,0 79.3141000675165,24.513749694542,0 79.3140979530238,24.513748394466,0 79.3140957680051,24.5137471959828,0 79.3140935182856,24.5137461022877,0 79.3140912098635,24.5137451162965,0 79.3140905457185,24.5137448699723,0 79.3141007511368,24.5137433407503,0 79.3141053178357,24.513744136661,0 79.3141158912725,24.5137604410849,0 79.3141158542608,24.5137604863001,0 79.3141151323687,24.5137614708339,0 79.3141145355273,24.5137610028561,0 79.3141040625768,24.5137525853465,0 79.3141021058456,24.5137510927448,0</coordinates></LinearRing></innerBoundaryIs><innerBoundaryIs><LinearRing><coordinates>79.3140447290564,24.5139155996367,0 79.3140473517305,24.5139193463156,0 79.3140487941578,24.5139212933066,0 79.3140503454686,24.5139231689138,0 79.3140520014514,24.5139249680451,0 79.3140537576103,24.5139266858161,0 79.3140556091774,24.513928317563,0 79.314057551126,24.513929858856,0 79.3140595781839,24.5139313055105,0 79.3140616848478,24.513932653599,0 79.3140638653982,24.5139338994616,0 79.3140661139153,24.5139350397159,0 79.3140684242944,24.5139360712661,0 79.3140707902632,24.5139369913118,0 79.3140732053983,24.513937797355,0 79.3140756631427,24.5139384872075,0 79.314078156824,24.5139390589964,0 79.314080679672,24.5139395111692,0 79.3140816471799,24.5139396371193,0 79.3140819467145,24.5139455045197,0 79.3140626750178,24.5139395966363,0 79.3140601834637,24.5139388992168,0 79.3140576551436,24.513938323112,0 79.3140550971086,24.5139378699286,0 79.3140525164924,24.5139375409304,0 79.3140499204918,24.5139373370348,0 79.3140473163467,24.5139372588105,0 79.3140447113193,24.5139373064757,0 79.3140421126746,24.5139374798974,0 79.314041623249,24.5139375364498,0 79.3140421688742,24.5139357377378,0 79.3140427254162,24.5139334470723,0 79.3140431511064,24.5139311330413,0 79.3140434447944,24.5139288018976,0 79.3140447290564,24.5139155996367,0</coordinates></LinearRing></innerBoundaryIs><innerBoundaryIs><LinearRing><coordinates>79.3134163308737,24.5131751453157,0 79.313413789022,24.5131748622167,0 79.3134112345406,24.5131747001562,0 79.3134086743098,24.5131746595708,0 79.3134061152257,24.5131747405698,0 79.3134035641809,24.513174942935,0 79.3134010280468,24.5131752661214,0 79.3133985136541,24.5131757092585,0 79.3133960277755,24.5131762711526,0 79.3133881440028,24.5131782531071,0 79.3133870211072,24.5131781011363,0 79.3133814241006,24.5131769305207,0 79.3133809328813,24.5131744744288,0 79.3133804118673,24.5131722013006,0 79.3133797637597,24.5131699556991,0 79.3133789902739,24.5131677435688,0 79.3133780934575,24.5131655707654,0 79.3133770756846,24.5131634430407,0 79.3133759396493,24.5131613660271,0 79.3133746883588,24.5131593452225,0 79.3133733251256,24.5131573859765,0 79.3133718535581,24.5131554934753,0 79.313370277552,24.5131536727286,0 79.313368601279,24.5131519285563,0 79.3133668291765,24.5131502655753,0 79.3133649659355,24.5131486881878,0 79.3133630164882,24.5131472005694,0 79.3133609859951,24.5131458066579,0 79.3133588798312,24.5131445101433,0 79.3133567035717,24.5131433144575,0 79.3133544629775,24.5131422227657,0 79.3133521639798,24.5131412379578,0 79.31335116398,24.5131408379579,0 79.313348881664,24.513139986507,0 79.3133476516836,24.5131395919601,0 79.3133712911008,24.5131142721813,0 79.3133828258733,24.5131086124533,0 79.3133834188552,24.5131086043029,0 79.3133859694223,24.5131084480956,0 79.3133861278882,24.513108430811,0 79.3133920773224,24.5131121167398,0 79.313392010527,24.5131134834655,0 79.3133919630799,24.5131158861609,0 79.3133920554458,24.5131182877619,0 79.313392287363,24.5131206814629,0 79.3133926581742,24.5131230604805,0 79.3133931668286,24.5131254180729,0 79.3133938118849,24.5131277475591,0 79.3133945915148,24.5131300423377,0 79.3133955035093,24.5131322959056,0 79.3133965452838,24.5131345018766,0 79.313397713886,24.5131366539993,0 79.3133990060045,24.5131387461749,0 79.3134004179774,24.5131407724747,0 79.3134279906264,24.5131781104545,0 79.3134262359517,24.5131774680064,0 79.313423812467,24.5131767116023,0 79.3134213493547,24.5131760712555,0 79.3134188532492,24.5131755486908,0 79.3134163308737,24.5131751453157,0</coordinates></LinearRing></innerBoundaryIs><innerBoundaryIs><LinearRing><coordinates>79.3135419820014,24.5132855432908,0 79.3135443169092,24.5132865340144,0 79.3135467051069,24.513287411987,0 79.3135479674312,24.5132878074474,0 79.3135475904636,24.5132880259977,0 79.3135420277347,24.5132914444346,0 79.313538980649,24.513284045578,0 79.3135397067374,24.5132844425121,0 79.3135419820014,24.5132855432908,0</coordinates></LinearRing></innerBoundaryIs><innerBoundaryIs><LinearRing><coordinates>79.3143319435741,24.5141418648504,0 79.314330652225,24.5141398405164,0 79.3143292477741,24.5141378802372,0 79.3143277340079,24.5141359892976,0 79.3143261150072,24.5141341727956,0 79.3143245391633,24.514132581103,0 79.3143268882214,24.5141239762519,0 79.3143309630247,24.514137389163,0 79.3143317137462,24.5141396326133,0 79.3143325908539,24.5141418373463,0 79.3143335919784,24.514143997406,0 79.3143347144155,24.5141461069574,0 79.3143359551329,24.5141481603019,0 79.3143362350719,24.5141485715626,0 79.3143353645805,24.5141489799413,0 79.3143351057765,24.5141482668311,0 79.3143341733556,24.5141460836947,0 79.31433311834,24.5141439477817,0 79.3143319435741,24.5141418648504,0</coordinates></LinearRing></innerBoundaryIs><innerBoundaryIs><LinearRing><coordinates>79.3143152137657,24.5140283799926,0 79.3143130187756,24.5140146613378,0 79.3143125883688,24.5140123808439,0 79.3143120307888,24.5140101235283,0 79.3143113475011,24.5140078953236,0 79.3143105403015,24.5140057020859,0 79.3143096113115,24.5140035495796,0 79.314309467232,24.5140032601231,0 79.314309740031,24.5140031833932,0 79.3143121898744,24.5140023623139,0 79.314314588854,24.5140014238966,0 79.3143169302616,24.5140003707654,0 79.3143192075499,24.513999205865,0 79.3143214143509,24.5139979324529,0 79.314323544494,24.5139965540899,0 79.3143255920226,24.5139950746303,0 79.3143275512112,24.5139934982109,0 79.3143294165815,24.51399182924,0 79.3143311829174,24.5139900723844,0 79.3143328452798,24.5139882325568,0 79.3143343990201,24.5139863149018,0 79.3143358397937,24.5139843247817,0 79.3143371635719,24.5139822677615,0 79.314338366653,24.5139801495931,0 79.3143394456729,24.5139779761994,0 79.3143403976143,24.513975753658,0 79.3143412198154,24.5139734881836,0 79.314341909977,24.5139711861111,0 79.3143424661694,24.5139688538777,0 79.3143425707067,24.5139682684358,0 79.3143439199138,24.5139683704046,0 79.3143464880082,24.5139684417065,0 79.3143490566774,24.5139683905982,0 79.314351618956,24.5139682172183,0 79.3143541678959,24.5139679220368,0 79.3143566965853,24.5139675058543,0 79.314359198167,24.5139669697992,0 79.3143616658575,24.5139663153253,0 79.3143640929653,24.5139655442072,0 79.3143664729087,24.513964658536,0 79.3143687992342,24.5139636607133,0 79.3143710656333,24.513962553445,0 79.3143732659605,24.5139613397336,0 79.3143992659657,24.5139461397293,0 79.3144013894065,24.5139448260357,0 79.3144030389961,24.5139436869489,0 79.3144042052994,24.5139440208243,0 79.3144067088748,24.5139446077783,0 79.3144092426081,24.5139450739822,0 79.3144117995471,24.5139454181567,0 79.3144143726761,24.5139456393574,0 79.3144169549347,24.5139457369774,0 79.3144195392376,24.5139457107488,0 79.3144214807822,24.5139455978319,0 79.3144217378646,24.5139463308938,0 79.3144226720147,24.5139485762327,0 79.3144237354046,24.5139507729204,0 79.3144249250225,24.5139529147349,0 79.3144262374988,24.5139549956097,0 79.3144276691159,24.5139570096505,0 79.3144292158187,24.5139589511529,0 79.3144308732264,24.5139608146174,0 79.3144326366444,24.513962594766,0 79.3144335058502,24.5139633834849,0 79.3144307586685,24.5139653910404,0 79.314408109003,24.5139818544514,0 79.3144061011893,24.5139833951939,0 79.3144041856168,24.5139850312977,0 79.3144023676893,24.5139867581473,0 79.3144006525348,24.5139885708714,0 79.3143990449919,24.5139904643565,0 79.3143975495953,24.5139924332611,0 79.3143961705634,24.5139944720312,0 79.3143949117863,24.5139965749154,0 79.3143937768151,24.5139987359816,0 79.3143927688513,24.5140009491337,0 79.3143918907385,24.5140032081285,0 79.3143911449536,24.5140055065934,0 79.3143905336006,24.5140078380448,0 79.3143899994092,24.5140101434986,0 79.3143829071966,24.5140227830774,0 79.3143818114028,24.5140248655233,0 79.3143808335385,24.5140269965538,0 79.3143799761667,24.514029170583,0 79.314379241535,24.5140313819121,0 79.3143786315691,24.5140336247444,0 79.3143781478678,24.5140358932007,0 79.3143779096365,24.5140374236707,0 79.3143764081326,24.5140382168836,0 79.3143742212032,24.5140395178463,0 79.3143721124803,24.5140409227408,0 79.3143700878583,24.5140424276401,0 79.3143681529962,24.5140440283377,0 79.3143663133025,24.5140457203595,0 79.3143645739196,24.5140474989757,0 79.3143629397092,24.5140493592149,0 79.3143614152395,24.5140512958772,0 79.3143600047716,24.5140533035494,0 79.314358712248,24.5140553766194,0 79.3143575412817,24.5140575092928,0 79.3143564951457,24.5140596956082,0 79.3143542940183,24.5140646481417,0 79.314349548943,24.5140670324825,0 79.3143473367265,24.5140682134875,0 79.3143451944758,24.5140694979363,0 79.3143431279638,24.5140708823678,0 79.3143411427593,24.5140723630511,0 79.3143392442122,24.5140739359962,0 79.3143374374385,24.5140755969642,0 79.3143357273071,24.5140773414792,0 79.3143341255431,24.5140791567749,0 79.3143336891055,24.5140773364136,0 79.3143329755456,24.5140749787263,0 79.3143321234342,24.514072659869,0 79.3143217391076,24.5140467476017,0 79.3143152137657,24.5140283799926,0</coordinates></LinearRing></innerBoundaryIs><innerBoundaryIs><LinearRing><coordinates>79.3137917379365,24.5150822858089,0 79.3137941001306,24.5150833075842,0 79.3137954109724,24.5150837987044,0 79.3137925153576,24.5150870325916,0 79.3137911916268,24.5150868802968,0 79.3137886543051,24.5150867093146,0 79.3137861107235,24.5150866582264,0 79.3137835676451,24.5150867271682,0 79.313781031832,24.5150869159565,0 79.313779308583,24.515087126516,0 79.3137789165488,24.5150866266062,0 79.3137712128816,24.5150773303591,0 79.3137811726349,24.5150756934556,0 79.3137829770062,24.5150771022582,0 79.3137850515595,24.5150785556386,0 79.313787207298,24.5150799064998,0 79.3137894381758,24.5150811510533,0 79.3137917379365,24.5150822858089,0</coordinates></LinearRing></innerBoundaryIs><innerBoundaryIs><LinearRing><coordinates>79.3136049329483,24.5150732004829,0 79.313602395855,24.5150735495976,0 79.3135998820269,24.5150740189037,0 79.3135973982612,24.5150746071322,0 79.3135949512737,24.5150753126925,0 79.3135925476811,24.5150761336768,0 79.3135901939824,24.5150770678653,0 79.313587896542,24.5150781127319,0 79.313585661572,24.5150792654515,0 79.3135834951156,24.515080522907,0 79.3135814030309,24.5150818816985,0 79.3135793909745,24.5150833381518,0 79.3135774643872,24.5150848883288,0 79.3135756284782,24.5150865280379,0 79.3135738882117,24.5150882528454,0 79.3135722482934,24.5150900580875,0 79.313571012908,24.5150915716389,0 79.3135696033949,24.5150905808419,0 79.313567429087,24.5150892150487,0 79.3135651781176,24.5150879575081,0 79.3135628569186,24.5150868118135,0 79.3135604721226,24.5150857812386,0 79.313555541005,24.5150837959837,0 79.3135335403062,24.5150718118647,0 79.3135313053632,24.5150706653012,0 79.3135290083759,24.5150696264395,0 79.3135266555393,24.5150686980814,0 79.3135242531988,24.5150678827306,0 79.3135218078333,24.5150671825861,0 79.313519326038,24.5150665995361,0 79.313516814506,24.515066135153,0 79.3135142800109,24.5150657906893,0 79.313511729388,24.5150655670739,0 79.3135091695163,24.51506546491,0 79.3135066072995,24.5150654844731,0 79.3135040496479,24.5150656257104,0 79.3135015034592,24.515065888241,0 79.3134989756004,24.5150662713569,0 79.313496472889,24.5150667740248,0 79.3134940020747,24.5150673948891,0 79.3134915698212,24.5150681322753,0 79.313489182688,24.5150689841948,0 79.3134868471132,24.5150699483499,0 79.3134845693957,24.5150710221404,0 79.3134823556784,24.5150722026703,0 79.3134802119315,24.5150734867558,0 79.3134781439366,24.5150748709338,0 79.313476157271,24.5150763514713,0 79.3134742572926,24.5150779243752,0 79.3134724491256,24.5150795854037,0 79.3134707376465,24.5150813300768,0 79.313469127471,24.5150831536895,0 79.3134676229418,24.5150850513234,0 79.3134662281164,24.5150870178608,0 79.3134649467567,24.5150890479981,0 79.3134637823185,24.5150911362599,0 79.313462737942,24.5150932770145,0 79.313461816444,24.5150954644883,0 79.3134610203098,24.5150976927818,0 79.3134603516864,24.5150999558855,0 79.3134598123771,24.5151022476957,0 79.3134594038364,24.5151045620318,0 79.3134591271662,24.5151068926519,0 79.3134589831125,24.5151092332706,0 79.3134589721476,24.5151115598381,0 79.3134585933492,24.5151119080607,0 79.3134582661045,24.5151116676294,0 79.3134561501798,24.5151102745836,0 79.3134539567931,24.5151089857283,0 79.3134516920669,24.5151078046611,0 79.3134493623232,24.515106734679,0 79.3134469740651,24.5151057787687,0 79.3134445339592,24.5151049395985,0 79.3134420488169,24.5151042195109,0 79.3134395255752,24.515103620516,0 79.3134369712775,24.5151031442857,0 79.3134343930539,24.5151027921495,0 79.3134317981013,24.5151025650903,0 79.31343119047,24.5151025414451,0 79.3134305249477,24.5151008335446,0 79.3134295322905,24.5150986538278,0 79.3134284164124,24.5150965245849,0 79.313427180367,24.5150944516421,0 79.3134258275362,24.5150924406714,0 79.313424361622,24.5150904971755,0 79.3134227866354,24.5150886264724,0 79.313421106886,24.5150868336807,0 79.31341932697,24.515085123706,0 79.3134174517579,24.5150835012273,0 79.3134154863807,24.5150819706842,0 79.3134071385232,24.515075806861,0 79.3133979535291,24.5150578915885,0 79.3134004517636,24.5150411123586,0 79.3134006420937,24.5150409288393,0 79.3134024543561,24.5150389694798,0 79.3134160114664,24.5150234371567,0 79.3134267831555,24.5150133548532,0 79.3134285273021,24.5150116351186,0 79.3134301714407,24.5150098348016,0 79.3134558326724,24.514980203871,0 79.3134574200168,24.5149810530298,0 79.3134597162366,24.5149821379885,0 79.3134620713982,24.5149831114549,0 79.31346447904,24.5149839707584,0 79.3134669325566,24.5149847135414,0 79.3134694252167,24.5149853377659,0 79.3134719501814,24.5149858417195,0 79.3134745005235,24.5149862240194,0 79.313477069246,24.5149864836169,0 79.3134796493014,24.5149866197996,0 79.3134822336112,24.5149866321941,0 79.3134848150852,24.5149865207662,0 79.3134873866411,24.5149862858218,0 79.3134899412236,24.5149859280053,0 79.3134924718242,24.5149854482984,0 79.3134949714999,24.5149848480173,0 79.3134974333929,24.5149841288089,0 79.3134998507488,24.5149832926463,0 79.3135022169354,24.5149823418236,0 79.313504525461,24.5149812789494,0 79.313537325469,24.5149651789448,0 79.3135399231469,24.5149638092839,0 79.3135732134428,24.5149450012063,0 79.3136055837611,24.5149305936072,0 79.313607846142,24.5149295196713,0 79.3136100448893,24.514928340277,0 79.3136121741357,24.5149270585715,0 79.3136142281992,24.5149256779751,0 79.3136162015986,24.5149242021718,0 79.3136180890678,24.5149226350999,0 79.3136198855701,24.514920980941,0 79.3136215863117,24.5149192441094,0 79.3136231867539,24.5149174292398,0 79.313624682626,24.5149155411751,0 79.3136260699364,24.5149135849538,0 79.3136273449829,24.5149115657958,0 79.3136285043631,24.5149094890895,0 79.3136295449832,24.5149073603765,0 79.3136304640663,24.5149051853373,0 79.3136312591598,24.5149029697759,0 79.313631928142,24.5149007196047,0 79.3136324692278,24.5148984408282,0 79.3136328809732,24.5148961395273,0 79.3136331622795,24.514893821843,0 79.3136333123961,24.5148914939602,0 79.3136333309224,24.5148891620908,0 79.3136332178089,24.5148868324574,0 79.3136329733575,24.5148845112766,0 79.3136325982206,24.5148822047424,0 79.3136320933991,24.51487991901,0 79.3136314602403,24.5148776601788,0 79.3136307004336,24.5148754342764,0 79.3136298160068,24.5148732472427,0 79.3136288093197,24.5148711049139,0 79.3136276830589,24.5148690130066,0 79.3136264402298,24.5148669771033,0 79.3136250841488,24.5148650026366,0 79.3135846386344,24.5148093576402,0 79.3136112562258,24.5148101200019,0 79.3136138142244,24.5148101325658,0 79.3136163694967,24.5148100238144,0 79.3136189151743,24.5148097940399,0 79.3136214444145,24.5148094438601,0 79.3136228655114,24.5148091775359,0 79.313626693357,24.5148151200678,0 79.3136280452459,24.5148170999201,0 79.3136295071946,24.5148190131828,0 79.3136310752935,24.5148208547393,0 79.3136327453491,24.5148226196646,0 79.3136345128952,24.5148243032388,0 79.3136363732047,24.5148259009596,0 79.3136383213027,24.5148274085542,0 79.3136403519795,24.5148288219908,0 79.3136424598044,24.5148301374896,0 79.3136446391404,24.5148313515324,0 79.3136468841593,24.5148324608725,0 79.3136491888574,24.5148334625433,0 79.3136515470712,24.514834353866,0 79.3136539524941,24.5148351324569,0 79.3136563986934,24.5148357962339,0 79.3136588791271,24.5148363434218,0 79.3136613871618,24.5148367725573,0 79.3136639160904,24.5148370824927,0 79.3136664591498,24.5148372723991,0 79.313666536688,24.5148372745082,0 79.3136524712736,24.5148476282137,0 79.3136504861146,24.5148491702094,0 79.3136485926421,24.5148508058859,0 79.3136467961308,24.514852530687,0 79.313645101585,24.5148543398078,0 79.3136435137253,24.5148562282088,0 79.3136420369747,24.5148581906295,0 79.3136406754472,24.5148602216035,0 79.3136394329353,24.514862315473,0 79.3136383129003,24.5148644664052,0 79.3136373184623,24.5148666684085,0 79.3136364523913,24.5148689153488,0 79.3136357171,24.514871200967,0 79.3136351146367,24.514873518896,0 79.3136346466796,24.514875862679,0 79.3136343145323,24.514878225787,0 79.31363411912,24.5148806016372,0 79.3136340609871,24.5148829836112,0 79.3136341402955,24.5148853650738,0 79.3136343568244,24.514887739391,0 79.3136347099705,24.5148900999488,0 79.3136351987501,24.5148924401715,0 79.3136358218018,24.5148947535401,0 79.3136365773897,24.5148970336103,0 79.3136374634092,24.5148992740306,0 79.3136384773922,24.51490146856,0 79.313639616514,24.5149036110853,0 79.3136408776014,24.5149056956381,0 79.3136422571415,24.5149077164117,0 79.3136437512914,24.5149096677768,0 79.3136453558888,24.5149115442976,0 79.313647066464,24.5149133407468,0 79.3136488782519,24.5149150521201,0 79.3136507862055,24.5149166736501,0 79.3136527850098,24.51491820082,0 79.313654869097,24.5149196293754,0 79.3136570326613,24.514920955337,0 79.313659269676,24.514922175011,0 79.3136615739095,24.514923285,0 79.3136639389429,24.5149242822117,0 79.3136663581881,24.5149251638684,0 79.313668824906,24.5149259275141,0 79.313671332225,24.5149265710214,0 79.3136738731607,24.5149270925978,0 79.3136764406349,24.5149274907905,0 79.3136790274955,24.51492776449,0 79.3136816265363,24.5149279129341,0 79.3136842305175,24.5149279357092,0 79.3136868321851,24.5149278327518,0 79.3136894242918,24.5149276043488,0 79.313691999617,24.5149272511364,0 79.3136945509865,24.5149267740985,0 79.3136970712933,24.5149261745641,0 79.3136995535166,24.5149254542031,0 79.3137019907417,24.5149246150223,0 79.3137043761794,24.5149236593594,0 79.3137067031848,24.5149225898764,0 79.3137187037147,24.5149167066096,0 79.313740280863,24.5149278293419,0 79.3137428241891,24.5149290525322,0 79.3137454410259,24.5149301381941,0 79.3137481224987,24.5149310826457,0 79.3137578434113,24.5149342123069,0 79.3137570567609,24.5149352742841,0 79.3137556632717,24.5149372658944,0 79.313754385685,24.5149393215364,0 79.3137532275068,24.514941435569,0 79.3137521919153,24.5149436021911,0 79.3137512817521,24.5149458154572,0 79.313750499515,24.5149480692939,0 79.3137498473504,24.5149503575164,0 79.313749430845,24.5149522117529,0 79.3136752503477,24.5149661852866,0 79.3136739154384,24.5149664544338,0 79.3136311154528,24.5149756544314,0 79.3136285699479,24.5149762675863,0 79.3136260638058,24.5149770040736,0 79.3136236041597,24.514977861797,0 79.3136211980101,24.5149788383153,0 79.3136188522054,24.5149799308492,0 79.3136165734222,24.514981136289,0 79.3136143681463,24.514982451204,0 79.3136122426543,24.5149838718515,0 79.313610202996,24.5149853941882,0 79.3136082549763,24.5149870138811,0 79.31360640414,24.5149887263204,0 79.3136046557546,24.5149905266321,0 79.3136030147966,24.5149924096922,0 79.3136014859364,24.5149943701411,0 79.3136000735253,24.5149964023991,0 79.3135987815835,24.5149985006819,0 79.313597613788,24.5150006590174,0 79.3135965734626,24.5150028712626,0 79.3135956635683,24.515005131121,0 79.3135948866948,24.5150074321606,0 79.3135942450533,24.5150097678322,0 79.3135937404699,24.5150121314881,0 79.3135933743809,24.5150145164008,0 79.3135931478282,24.5150169157825,0 79.3135930614566,24.515019322804,0 79.3135929614508,24.5150342228036,0 79.3135930126465,24.5150365745004,0 79.3135931976579,24.515038920565,0 79.3135935159825,24.5150412546276,0 79.3135939667563,24.5150435703515,0 79.3135945487553,24.5150458614492,0 79.3135952603994,24.5150481217005,0 79.3135960997565,24.5150503449688,0 79.3135970645478,24.5150525252179,0 79.3135981521538,24.5150546565284,0 79.3135993596216,24.5150567331137,0 79.3136006836731,24.5150587493359,0 79.3136021207133,24.5150606997209,0 79.3136036668408,24.5150625789734,0 79.3136053178577,24.5150643819913,0 79.3136070692816,24.5150661038792,0 79.3136089163572,24.5150677399624,0 79.3136108540699,24.5150692857987,0 79.3136128771586,24.5150707371912,0 79.3136149801306,24.5150720901994,0 79.313616904128,24.5150731956951,0 79.3136151762159,24.5150730198949,0 79.3136126150139,24.5150728820873,0 79.313610049445,24.5150728662759,0 79.3136074864464,24.5150729725035,0 79.3136049329483,24.5150732004829,0</coordinates></LinearRing></innerBoundaryIs><innerBoundaryIs><LinearRing><coordinates>79.3137674202735,24.5148022590636,0 79.3137543065363,24.5148060373499,0 79.3137553824595,24.5148040482627,0 79.3137564127077,24.5148018602415,0 79.3137609426746,24.5147914950562,0 79.3137678106421,24.5147997967444,0 79.3137674202735,24.5148022590636,0</coordinates></LinearRing></innerBoundaryIs><innerBoundaryIs><LinearRing><coordinates>79.3130989385678,24.5148429043204,0 79.3131014517999,24.5148432922334,0 79.3131039835733,24.5148435608857,0 79.3131065271318,24.5148437095605,0 79.3131090756881,24.5148437378611,0 79.3131116224413,24.5148436457119,0 79.3131141605954,24.5148434333588,0 79.3131166833775,24.5148431013686,0 79.3131191840555,24.5148426506271,0 79.3131216559564,24.5148420823371,0 79.3131240924839,24.514841398015,0 79.3131243284766,24.5148413193202,0 79.3131198492358,24.5148599827952,0 79.3130912231469,24.5148409195744,0 79.3130915768292,24.5148410369433,0 79.3130939944858,24.5148417751689,0 79.3130964505834,24.5148423981821,0 79.3130989385678,24.5148429043204,0</coordinates></LinearRing></innerBoundaryIs><innerBoundaryIs><LinearRing><coordinates>79.3130082308643,24.5152075837485,0 79.3130056668129,24.5152077243653,0 79.3130031142349,24.5152079868805,0 79.3130005800484,24.5152083705827,0 79.3129980711219,24.5152088744317,0 79.3129955942555,24.5152094970622,0 79.3129933449847,24.5152101794973,0 79.312993471793,24.5152091191894,0 79.3129936181092,24.5152067301424,0 79.3129936258602,24.5152043373583,0 79.3129934950243,24.5152019475598,0 79.3129932259691,24.5151995674613,0 79.3129928194506,24.5151972037501,0 79.3129922766108,24.5151948630673,0 79.3129915989751,24.5151925519893,0 79.3129907884473,24.5151902770092,0 79.3129898473046,24.5151880445191,0 79.3129887781915,24.5151858607913,0 79.3129879904403,24.5151844563725,0 79.3129888312207,24.5151838699858,0 79.312990806576,24.5151823358226,0 79.312992691179,24.5151807088961,0 79.3129944798323,24.5151789936932,0 79.312996167603,24.5151771949441,0 79.3130037475186,24.5151686737299,0 79.313005890975,24.5151709399034,0 79.3130076142859,24.5151726691822,0 79.3130094332299,24.5151743144282,0 79.3130113429187,24.51517587122,0 79.3130133382202,24.5151773353739,0 79.3130154137723,24.5151787029551,0 79.3130175639971,24.5151799702884,0 79.3130197831162,24.5151811339679,0 79.3130320861621,24.5151872034739,0 79.3130197070341,24.5152075153344,0 79.3130192111386,24.5152083820484,0 79.3130184627441,24.5152082429168,0 79.3130159223218,24.5152078954427,0 79.3130133655771,24.5152076694033,0 79.3130107994396,24.5152075654113,0 79.3130082308643,24.5152075837485,0</coordinates></LinearRing></innerBoundaryIs><innerBoundaryIs><LinearRing><coordinates>79.3128855930503,24.5152480629305,0 79.3128839908379,24.5152478133366,0 79.312881395407,24.5152475373958,0 79.3128787876493,24.515247387552,0 79.3128761748781,24.5152473642256,0 79.3128735644209,24.5152474674819,0 79.3128709635989,24.5152476970314,0 79.3128683797058,24.5152480522303,0 79.3128658199882,24.5152485320825,0 79.3128632916248,24.5152491352421,0 79.3128608017064,24.5152498600178,0 79.3128588377565,24.5152505383917,0 79.3128577557152,24.5152344192527,0 79.3128608747332,24.515233793086,0 79.3128634828469,24.5152332009419,0 79.3128660518563,24.5152324797609,0 79.312868574141,24.5152316316824,0 79.312871042219,24.5152306592219,0 79.3128740449982,24.5152293863047,0 79.3128754429025,24.5152291815162,0 79.3128937583111,24.5152438668475,0 79.3128923850365,24.515244431616,0 79.3128900578998,24.5152455279097,0 79.3128877975826,24.5152467355746,0 79.3128856104462,24.5152480512119,0 79.3128855930503,24.5152480629305,0</coordinates></LinearRing></innerBoundaryIs><innerBoundaryIs><LinearRing><coordinates>79.312691881842,24.515430307217,0 79.3126916176022,24.5154308170746,0 79.3126914634631,24.515430894277,0 79.3126892288342,24.5154321594545,0 79.3126870709991,24.5154335316922,0 79.3126849960791,24.5154350070974,0 79.3126726776305,24.5154442581062,0 79.3126721115769,24.5154434181631,0 79.3126706557294,24.515441489673,0 79.3126690924437,24.5154396329159,0 79.3126674259338,24.5154378528968,0 79.3126656606922,24.5154361544143,0 79.3126638014774,24.5154345420469,0 79.3126618533013,24.515433020141,0 79.3126598214155,24.5154315927991,0 79.3126577112972,24.515430263869,0 79.3126555286348,24.5154290369329,0 79.3126539590117,24.5154282542335,0 79.3126565033904,24.5154232071816,0 79.3126575311042,24.5154210185436,0 79.3126584312014,24.5154187833529,0 79.3126592011757,24.5154165078335,0 79.3126598388831,24.5154141983214,0 79.3126603425481,24.5154118612474,0 79.312660710768,24.5154095031192,0 79.3126609425177,24.515407130503,0 79.3126610371518,24.5154047500053,0 79.3126609944068,24.5154023682546,0 79.3126608144017,24.5153999918828,0 79.3126606727441,24.515398934528,0 79.3126608669578,24.5153991409761,0 79.3126626675755,24.5154008623105,0 79.3126645649526,24.5154024943242,0 79.3126665538032,24.5154040324705,0 79.3126686285867,24.5154054724645,0 79.3126707835231,24.5154068102946,0 79.3126730126091,24.5154080422336,0 79.3126984852915,24.5154212935247,0 79.3126974211108,24.5154224441538,0 79.3126958707808,24.5154243085648,0 79.3126944282529,24.5154262440502,0 79.312693097412,24.5154282453975,0 79.312691881842,24.515430307217,0</coordinates></LinearRing></innerBoundaryIs><innerBoundaryIs><LinearRing><coordinates>79.3126386587828,24.5153664921851,0 79.3126364414448,24.5153652437302,0 79.3126341552144,24.5153641040272,0 79.3126318064577,24.5153630762498,0 79.3126294017146,24.5153621632596,0 79.3126269476813,24.515361367599,0 79.3126265661682,24.5153612541763,0 79.3126361387506,24.5153497670733,0 79.3126517484169,24.5153363873568,0 79.3126549096466,24.5153346403612,0 79.3126570786083,24.5153333698808,0 79.3126591721579,24.5153319975839,0 79.3126611845914,24.5153305272094,0 79.312663110426,24.5153289627636,0 79.3126649444145,24.5153273085089,0 79.3126666815601,24.5153255689523,0 79.3126683171299,24.5153237488333,0 79.3126698466677,24.5153218531111,0 79.3126712660061,24.5153198869506,0 79.3126725712781,24.5153178557087,0 79.3126737589274,24.5153157649196,0 79.3126748257182,24.51531362028,0 79.312675768744,24.5153114276328,0 79.3126765854354,24.5153091929522,0 79.3126772735673,24.5153069223267,0 79.3126778312649,24.5153046219426,0 79.3126782570088,24.5153022980676,0 79.3126785496388,24.5152999570332,0 79.3126787083578,24.5152976052176,0 79.3126787155153,24.5152969133622,0 79.3126846588051,24.5152978024608,0 79.3127189104509,24.5153172117403,0 79.312685233184,24.5153250519482,0 79.3126827272317,24.5153257002272,0 79.3126802621554,24.5153264685755,0 79.3126778448226,24.5153273548528,0 79.3126754819674,24.5153283565899,0 79.3126731801726,24.5153294709963,0 79.3126709458504,24.5153306949672,0 79.3126687852254,24.515332025093,0 79.3126667043168,24.5153334576681,0 79.3126647089217,24.5153349887016,0 79.3126628045989,24.5153366139282,0 79.3126609966536,24.5153383288204,0 79.3126592901224,24.5153401286006,0 79.3126576897595,24.515342008255,0 79.3126562000233,24.5153439625471,0 79.3126548250639,24.5153459860327,0 79.3126535687118,24.5153480730745,0 79.3126524344669,24.5153502178583,0 79.3126514254892,24.5153524144093,0 79.3126505445894,24.515354656608,0 79.3126497942218,24.515356938208,0 79.3126491764765,24.5153592528533,0 79.3126486930747,24.5153615940955,0 79.3126483453629,24.5153639554122,0 79.31264813431,24.5153663302253,0 79.3126480605038,24.5153687119188,0 79.31264812415,24.5153710938577,0 79.3126483250712,24.5153734694063,0 79.3126484231684,24.5153741558204,0 79.3126467189622,24.5153724996649,0 79.3126448367627,24.5153708538433,0 79.3126428622941,24.5153693011524,0 79.3126408010543,24.5153678459156,0 79.3126386587828,24.5153664921851,0</coordinates></LinearRing></innerBoundaryIs><innerBoundaryIs><LinearRing><coordinates>79.3125186194482,24.5152033063506,0 79.312518170332,24.5152020764586,0 79.3125172218943,24.5151998715523,0 79.3125161483094,24.5151977152162,0 79.3125149525353,24.5151956133915,0 79.3125136378666,24.5151935718693,0 79.3125122079255,24.5151915962742,0 79.3125106666518,24.5151896920496,0 79.312509018292,24.515187864442,0 79.3125085191767,24.5151873667375,0 79.3125185274324,24.5151842872738,0 79.3125209971918,24.5151834596764,0 79.3125234152392,24.5151825128399,0 79.3125257747032,24.5151814494553,0 79.3125280688788,24.5151802725442,0 79.3125302912464,24.5151789854512,0 79.3125324354908,24.5151775918339,0 79.3125344955184,24.5151760956525,0 79.3125364654753,24.515174501159,0 79.3125383397632,24.5151728128844,0 79.3125401130558,24.5151710356264,0 79.312541780314,24.5151691744356,0 79.3125431482689,24.5151674695655,0 79.3125802346124,24.5151731131405,0 79.3125432135316,24.5151935468506,0 79.3125410344144,24.5151948220632,0 79.3125389313391,24.5151962000133,0 79.3125369100863,24.5151976769134,0 79.3125349762116,24.5151992487041,0 79.3125331350304,24.5152009110651,0 79.3125313916035,24.5152026594272,0 79.3125297507229,24.5152044889849,0 79.3125283382981,24.5152062438747,0 79.312526591899,24.5152055483141,0 79.3125241513313,24.5152047135301,0 79.3125216660008,24.5152039977871,0 79.3125191428384,24.5152034030811,0 79.3125186194482,24.5152033063506,0</coordinates></LinearRing></innerBoundaryIs><innerBoundaryIs><LinearRing><coordinates>79.3120625303793,24.5151986684262,0 79.3120625119755,24.5151962920952,0 79.3120624467784,24.5151945073447,0 79.3120633965465,24.5151925238577,0 79.3120643094617,24.5151903078345,0 79.3120644297841,24.5151899617631,0 79.3120648123019,24.515190221892,0 79.3120669604326,24.5151915289943,0 79.312069155222,24.5151927179944,0 79.3120673968499,24.5151942209527,0 79.3120656252371,24.5151959003173,0 79.3120639508632,24.5151976612152,0 79.3120625004672,24.5151992686603,0 79.3120625303793,24.5151986684262,0</coordinates></LinearRing></innerBoundaryIs><innerBoundaryIs><LinearRing><coordinates>79.3117726039887,24.5152420276297,0 79.3117713662508,24.5152424512228,0 79.3117674195525,24.5152260749058,0 79.3117816758925,24.5152229946651,0 79.311792834954,24.5152331326368,0 79.3117933850074,24.5152336246269,0 79.3117984132265,24.5152380524628,0 79.3117824368146,24.5152399231181,0 79.3117799375989,24.5152402755187,0 79.3117774613994,24.5152407446094,0 79.3117750147204,24.5152413291582,0 79.3117726039887,24.5152420276297,0</coordinates></LinearRing></innerBoundaryIs><innerBoundaryIs><LinearRing><coordinates>79.311875285877,24.5153838369189,0 79.3118776885323,24.5153846020107,0 79.3118801310968,24.515385252778,0 79.3118826070769,24.5153857874908,0 79.3118851098899,24.5153862047274,0 79.3118876328818,24.5153865033787,0 79.3118901693452,24.5153866826505,0 79.3118927125364,24.5153867420663,0 79.3118952556944,24.5153866814681,0 79.3118977920578,24.515386501017,0 79.3119003148836,24.5153862011929,0 79.3119028174646,24.5153857827927,0 79.3119052931474,24.5153852469289,0 79.3119073910146,24.5153846869403,0 79.3119058579529,24.5153854342222,0 79.3119036246351,24.5153866656487,0 79.3119014655419,24.5153880033046,0 79.3118993867036,24.515389443454,0 79.3118973939265,24.5153909820745,0 79.3118954927764,24.5153926148688,0 79.311893688563,24.5153943372764,0 79.3118919863256,24.5153961444869,0 79.3118903908185,24.5153980314525,0 79.3118889064979,24.5153999929031,0 79.3118875375096,24.5154020233603,0 79.311886287677,24.5154041171531,0 79.311885160491,24.5154062684337,0 79.3118841590999,24.5154084711933,0 79.3118832863003,24.5154107192799,0 79.3118825445302,24.5154130064145,0 79.3118819358613,24.5154153262091,0 79.3118818693771,24.5154156553522,0 79.311881441119,24.5154151161336,0 79.3118798143428,24.5154132785235,0 79.3118780846209,24.5154115213766,0 79.3118762567,24.5154098495146,0 79.3118743355963,24.5154082675255,0 79.3118723265816,24.5154067797505,0 79.311870235169,24.5154053902723,0 79.3118680670976,24.5154041029038,0 79.311865828317,24.5154029211779,0 79.3118635249708,24.5154018483373,0 79.3118611633797,24.5154008873261,0 79.3118587500244,24.5154000407816,0 79.311857637511,24.5153997105546,0 79.3118597998537,24.5153930454424,0 79.311860468507,24.5153907679464,0 79.3118610062523,24.51538846161,0 79.3118614116223,24.5153861327274,0 79.3118616835106,24.5153837876542,0 79.3118618211753,24.5153814327902,0 79.3118618242407,24.5153790745618,0 79.3118617119335,24.5153770637944,0 79.311866200156,24.5153796784284,0 79.3118683806113,24.5153808775238,0 79.3118706257218,24.5153819721967,0 79.3118729295186,24.5153829595367,0 79.311875285877,24.5153838369189,0</coordinates></LinearRing></innerBoundaryIs><innerBoundaryIs><LinearRing><coordinates>79.3118354105301,24.5155405337986,0 79.3118346915343,24.515542788562,0 79.311834434809,24.5155437835004,0 79.3118332389568,24.5155439476229,0 79.3118327861133,24.5155424120958,0 79.3118319907176,24.5155401825885,0 79.3118318470906,24.5155398412226,0 79.3118331338505,24.5155392243881,0 79.3118353542979,24.5155380205613,0 79.3118367753435,24.5155371552,0 79.3118362567346,24.5155383163028,0 79.3118354105301,24.5155405337986,0</coordinates></LinearRing></innerBoundaryIs><innerBoundaryIs><LinearRing><coordinates>79.3118711764661,24.5154830899576,0 79.3118709104628,24.5154832882524,0 79.31186893416,24.5154849320809,0 79.3118670579777,24.5154866713475,0 79.311865287414,24.5154885009552,0 79.3118636276574,24.5154904155426,0 79.3118620835716,24.5154924094992,0 79.3118601835712,24.5154950094987,0 79.3118585713849,24.5154973700462,0 79.3118583758328,24.5154977000282,0 79.3118583241735,24.5154969483967,0 79.311860005732,24.515491082953,0 79.3118700196453,24.5154814426907,0 79.3118704968568,24.5154821684021,0 79.3118711764661,24.5154830899576,0</coordinates></LinearRing></innerBoundaryIs><innerBoundaryIs><LinearRing><coordinates>79.312406650641,24.5153834217559,0 79.312408120925,24.5153843532071,0 79.3123988426457,24.5153823105996,0 79.3123961894375,24.5153817966379,0 79.3123935093715,24.5153814168328,0 79.3123908105451,24.5153811723319,0 79.3123766401896,24.5153802475316,0 79.3123769438015,24.5153800839059,0 79.3123790938148,24.5153787821996,0 79.312381166576,24.5153773795188,0 79.3123831564256,24.5153758796933,0 79.3123850579306,24.5153742868182,0 79.3123857280557,24.5153736635407,0 79.3123868448449,24.5153740184422,0 79.3123893422515,24.5153746794522,0 79.3123918742467,24.5153752191877,0 79.3123944338003,24.5153756361502,0 79.312397013806,24.515375929182,0 79.3123980044439,24.5153759934679,0 79.3123989494074,24.5153770177827,0 79.312400733265,24.5153787562245,0 79.3124026149664,24.5153804060596,0 79.3124045892613,24.5153819626845,0 79.312406650641,24.5153834217559,0</coordinates></LinearRing></innerBoundaryIs><innerBoundaryIs><LinearRing><coordinates>79.3123065154624,24.5153897956151,0 79.3123062203896,24.5153888120749,0 79.3123054042904,24.5153865620315,0 79.3123044602095,24.5153843542898,0 79.3123033907507,24.5153821949387,0 79.3123021988637,24.5153800899335,0 79.312301898361,24.5153796212297,0 79.3123028632564,24.515378691105,0 79.3123037597871,24.5153792590955,0 79.3123059089904,24.5153804766283,0 79.3123081235293,24.5153815918527,0 79.312310397591,24.5153826018414,0 79.3123127252062,24.5153835039434,0 79.3123148037875,24.5153841969446,0 79.312313394424,24.5153849667772,0 79.3123112237744,24.5153863000106,0 79.3123091333595,24.515387736569,0 79.3123071290486,24.5153892724188,0 79.3123065154624,24.5153897956151,0</coordinates></LinearRing></innerBoundaryIs><innerBoundaryIs><LinearRing><coordinates>79.3120625410076,24.5155246433758,0 79.3120627789127,24.5155247025057,0 79.3120637135302,24.5155260009736,0 79.3120652359567,24.5155278937247,0 79.3120668639805,24.5155297114225,0 79.3120685931892,24.5155314491409,0 79.312069111742,24.5155319186483,0 79.3120683258854,24.515531969749,0 79.3120657838488,24.5155322569659,0 79.3120632615285,24.5155326644919,0 79.312060765722,24.5155331912288,0 79.3120583031554,24.5155338357569,0 79.3120558804649,24.5155345963395,0 79.3120535041795,24.5155354709267,0 79.3120511807031,24.5155364571616,0 79.3120489162973,24.5155375523865,0 79.3120467170644,24.5155387536498,0 79.3120445889312,24.5155400577142,0 79.3120425376328,24.5155414610654,0 79.3120405686973,24.5155429599213,0 79.3120386874308,24.5155445502429,0 79.3120368989031,24.5155462277443,0 79.3120352079341,24.5155479879047,0 79.3120336190809,24.5155498259807,0 79.3120200049275,24.5155664446312,0 79.3120098639427,24.5155702769799,0 79.3120074784338,24.515571246838,0 79.3120051523279,24.5155723307718,0 79.3120028921363,24.5155735257471,0 79.3120007041856,24.5155748284189,0 79.3119985946003,24.5155762351408,0 79.3119965692855,24.5155777419751,0 79.3119946339104,24.515579344704,0 79.3119927938926,24.5155810388411,0 79.3119910543825,24.5155828196442,0 79.3119894202494,24.5155846821285,0 79.3119878960676,24.5155866210806,0 79.3119864861034,24.515588631073,0 79.3119851943037,24.5155907064793,0 79.3119840242845,24.5155928414902,0 79.3119829793207,24.5155950301292,0 79.3119820623376,24.5155972662701,0 79.3119812759019,24.5155995436535,0 79.3119806222149,24.5156018559044,0 79.3119801031066,24.5156041965506,0 79.3119797200299,24.5156065590401,0 79.3119794740572,24.5156089367599,0 79.3119793658771,24.5156113230543,0 79.3119793957922,24.5156137112436,0 79.311979563719,24.5156160946428,0 79.3119798691873,24.5156184665804,0 79.3119803113422,24.5156208204169,0 79.3119807043829,24.515622405326,0 79.3119659737363,24.5156353851949,0 79.3119641636414,24.5156370657616,0 79.3119624519921,24.5156388305625,0 79.3119608434644,24.5156406747767,0 79.3119593424526,24.5156425933659,0 79.3119579530572,24.5156445810889,0 79.3119566790738,24.5156466325156,0 79.3119555239828,24.5156487420417,0 79.3119544909397,24.5156509039045,0 79.3119535827666,24.5156531121979,0 79.3119528019445,24.5156553608893,0 79.3119521506064,24.5156576438356,0 79.3119516305319,24.5156599548002,0 79.3119512431415,24.5156622874699,0 79.3119509894937,24.5156646354721,0 79.3119508702813,24.5156669923925,0 79.31195088583,24.5156693517925,0 79.3119510360974,24.5156717072263,0 79.3119513206729,24.5156740522594,0 79.3119517387792,24.5156763804856,0 79.3119521709041,24.5156781898996,0 79.3119517905216,24.515678516839,0 79.3119500076857,24.5156802179549,0 79.3119483243173,24.5156820018835,0 79.3119467450049,24.5156838637623,0 79.311945274053,24.5156857985165,0 79.3119439154713,24.5156878008724,0 79.3119426729626,24.5156898653722,0 79.3119415499139,24.5156919863886,0 79.3119405493861,24.5156941581404,0 79.3119396741064,24.515696374708,0 79.3119389264607,24.5156986300497,0 79.3119383084868,24.515700918018,0 79.311937821869,24.5157032323767,0 79.3119374679339,24.5157055668174,0 79.3119372476461,24.5157079149772,0 79.3119371616061,24.5157102704556,0 79.3119372100484,24.5157126268322,0 79.3119373928409,24.5157149776843,0 79.3119377094855,24.5157173166041,0 79.3119381591191,24.5157196372164,0 79.311938740516,24.5157219331959,0 79.3119394520917,24.5157241982843,0 79.3119402919065,24.5157264263077,0 79.3119412576714,24.5157286111932,0 79.3119422026399,24.5157304643643,0 79.3119408667929,24.515729100682,0 79.3119390422941,24.5157274239066,0 79.3119371242777,24.5157258368958,0 79.3119351180127,24.5157243440092,0 79.3119330290106,24.515722949348,0 79.31193086301,24.5157216567433,0 79.3119286259611,24.5157204697462,0 79.3118837149825,24.5156980575283,0 79.3118836257605,24.515697648022,0 79.3118830080534,24.5156954142892,0 79.3118822665768,24.5156932123029,0 79.3118814032623,24.5156910478001,0 79.31188107201,24.5156903328648,0 79.3118921802894,24.5156836949878,0 79.3118943539427,24.5156823187166,0 79.3118964439148,24.515680837912,0 79.3118984442067,24.5156792568242,0 79.311900349077,24.5156775799917,0 79.3119021530581,24.5156758122274,0 79.3119038509719,24.5156739586053,0 79.3119054379449,24.515672024446,0 79.311906909422,24.5156700153012,0 79.3119082611796,24.5156679369377,0 79.3119094893377,24.5156657953211,0 79.3119105903711,24.5156635965985,0 79.3119173903671,24.5156489965963,0 79.3119183291666,24.5156468271094,0 79.3119191441878,24.5156446161386,0 79.3119198332532,24.5156423695909,0 79.3119203945218,24.5156400934685,0 79.3119208264941,24.5156377938524,0 79.3119211280159,24.5156354768866,0 79.3119212982818,24.5156331487614,0 79.3119213368367,24.5156308156969,0 79.3119212435777,24.5156284839263,0 79.311921018754,24.5156261596794,0 79.3119206629663,24.5156238491661,0 79.3119201771651,24.5156215585592,0 79.3119195626483,24.5156192939788,0 79.3119188210577,24.5156170614749,0 79.3119179543748,24.5156148670124,0 79.3119169649149,24.5156127164541,0 79.3119158553218,24.5156106155458,0 79.3119146285598,24.5156085699004,0 79.3119054671954,24.5155941875531,0 79.3119066150659,24.5155936314616,0 79.3119088182579,24.5155924258792,0 79.311910949931,24.5155911170834,0 79.3119130043145,24.5155897086174,0 79.3119149758467,24.5155882042941,0 79.3119168591903,24.5155866081859,0 79.3119186492469,24.5155849246139,0 79.3119203411704,24.5155831581358,0 79.311925648241,24.5155773173924,0 79.311927216796,24.515577339591,0 79.3119297746909,24.51557725433,0 79.3119323243111,24.5155770478178,0 79.311934858795,24.5155767206103,0 79.3119373713218,24.5155762735879,0 79.3119398551297,24.5155757079538,0 79.3119423035342,24.5155750252302,0 79.3119447099461,24.5155742272545,0 79.3119946099609,24.5155563272494,0 79.3119971325167,24.5155553475746,0 79.311999591732,24.5155542412729,0 79.3120019800204,24.5155530117571,0 79.3120042900145,24.5155516628201,0 79.3120065145881,24.5155501986232,0 79.3120086468786,24.5155486236833,0 79.3120106803083,24.5155469428589,0 79.3120344803096,24.5155261428537,0 79.3120362895743,24.5155244771775,0 79.312038001716,24.5155227276721,0 79.3120438389276,24.5155164414444,0 79.3120531523875,24.5155210692509,0 79.3120554207472,24.5155221279693,0 79.3120577457884,24.5155230782011,0 79.3120601213177,24.515523917415,0 79.3120625410076,24.5155246433758,0</coordinates></LinearRing></innerBoundaryIs><innerBoundaryIs><LinearRing><coordinates>79.3122012528593,24.515721131901,0 79.3121902974629,24.5157254046514,0 79.3121884536761,24.5157252858395,0 79.3121865395289,24.5157160444381,0 79.3121960025047,24.5157159387059,0 79.3121988471917,24.5157158317604,0 79.3121989117009,24.5157158259113,0 79.3122012528593,24.515721131901,0</coordinates></LinearRing></innerBoundaryIs><innerBoundaryIs><LinearRing><coordinates>79.3118242192835,24.5159794244538,0 79.3118267347001,24.5159800131454,0 79.3118292804816,24.5159804799568,0 79.3118318495782,24.5159808235954,0 79.3118344348758,24.5159810431095,0 79.3118358592267,24.5159810951468,0 79.3118376005202,24.5159833113396,0 79.3118374296225,24.5159850597479,0 79.3118359421161,24.5159847922385,0 79.3118333778497,24.515984457832,0 79.3118307979356,24.5159842470068,0 79.3118282094839,24.5159841603439,0 79.3118256196282,24.5159841980822,0 79.3118232348375,24.5159843476187,0 79.311822818005,24.5159841631458,0 79.3118204436965,24.5159832490131,0 79.3118180204779,24.515982449501,0 79.3118089741757,24.5159797067398,0 79.3118136219756,24.5159753842842,0 79.3118145989141,24.5159758884511,0 79.3118169243433,24.5159769450596,0 79.311819307304,24.515977888284,0 79.3118217411973,24.5159787155123,0 79.3118242192835,24.5159794244538,0</coordinates></LinearRing></innerBoundaryIs><innerBoundaryIs><LinearRing><coordinates>79.3113033893882,24.5156416704079,0 79.3113012332293,24.5156404459599,0 79.3113008443067,24.5156402496893,0 79.3113032311226,24.5156382953074,0 79.3113050679401,24.5156377211973,0 79.3113074668909,24.5156368405049,0 79.3113098121378,24.5156358460735,0 79.3113120972439,24.5156347406326,0 79.3113143159375,24.5156335272162,0 79.311316462129,24.5156322091546,0 79.311318529928,24.5156307900655,0 79.3113205136591,24.5156292738437,0 79.3113224078777,24.5156276646507,0 79.3113242073848,24.5156259669032,0 79.3113259072415,24.5156241852608,0 79.3113275027823,24.5156223246135,0 79.3113289896281,24.5156203900681,0 79.3113303636979,24.5156183869342,0 79.3113316212205,24.5156163207097,0 79.3113327587445,24.5156141970655,0 79.3113337731478,24.5156120218304,0 79.3113339749054,24.515611517525,0 79.3113360457553,24.5156126594511,0 79.3113383245699,24.5156137716753,0 79.311340663876,24.5156147732723,0 79.3113430572635,24.5156156614975,0 79.3113454981739,24.5156164339169,0 79.3113479197984,24.5156170725589,0 79.3113455871656,24.5156176066957,0 79.3113431470435,24.515618289879,0 79.3113407487913,24.5156190875748,0 79.3113383988243,24.5156199976495,0 79.3113361034282,24.5156210176687,0 79.311333868743,24.5156221449038,0 79.3113317007462,24.5156233763398,0 79.3113296052372,24.5156247086826,0 79.3113275878209,24.5156261383684,0 79.3113256538939,24.5156276615729,0 79.3113238086293,24.5156292742217,0 79.3113220569629,24.515630972001,0 79.3113204035802,24.5156327503697,0 79.3113188529038,24.5156346045707,0 79.3113174090817,24.5156365296441,0 79.3113160759759,24.5156385204407,0 79.3113148571524,24.5156405716353,0 79.3113137558714,24.5156426777411,0 79.3113127750786,24.5156448331246,0 79.3113119173977,24.5156470320203,0 79.311311636254,24.515647890694,0 79.3113112432799,24.5156475300192,0 79.3113094060306,24.5156459283536,0 79.3113074812012,24.5156444152354,0 79.3113054738836,24.5156429946674,0 79.3113033893882,24.5156416704079,0</coordinates></LinearRing></innerBoundaryIs><innerBoundaryIs><LinearRing><coordinates>79.3112464610734,24.5160451689733,0 79.3112470388301,24.5160427874851,0 79.3112474751332,24.5160403809193,0 79.3112477687085,24.5160379563037,0 79.3112479186987,24.5160355207187,0 79.3112479246657,24.5160330812769,0 79.3112477865923,24.5160306451021,0 79.3112475048816,24.5160282193085,0 79.3112470803562,24.5160258109801,0 79.311246514256,24.5160234271498,0 79.311245080165,24.5160180879272,0 79.3112466548175,24.5160172706579,0 79.3112488218148,24.5160160050965,0 79.3112509138211,24.5160146379834,0 79.3112529251566,24.5160131730299,0 79.3112548503608,24.5160116142135,0 79.311256684207,24.5160099657661,0 79.3112584217162,24.5160082321632,0 79.3112600581715,24.5160064181113,0 79.3112615891299,24.5160045285355,0 79.311263010435,24.5160025685657,0 79.311264318228,24.5160005435233,0 79.3112655089585,24.5159984589059,0 79.3112665793936,24.5159963203733,0 79.3112675266273,24.5159941337312,0 79.3112683480879,24.5159919049164,0 79.3112687909451,24.5159904584774,0 79.3112750448684,24.5160094220076,0 79.3112758513289,24.5160384549932,0 79.3112749967921,24.5160429287355,0 79.311274619323,24.5160452631992,0 79.3112743757102,24.5160476125208,0 79.3112742666193,24.51604997028,0 79.3112742923486,24.5160523300334,0 79.3112744528277,24.5160546853323,0 79.3112747476181,24.5160570297399,0 79.3112751759141,24.5160593568493,0 79.3112757365453,24.516061660301,0 79.3112764279796,24.5160639338,0 79.3112772483275,24.5160661711332,0 79.311278195347,24.5160683661864,0 79.3112792664501,24.5160705129606,0 79.3112804587097,24.5160726055894,0 79.3112817688675,24.5160746383536,0 79.3112818358355,24.5160747308433,0 79.3112807694349,24.516074572264,0 79.311278265073,24.5160743190785,0 79.3112757498496,24.5160741831928,0 79.3112732303238,24.5160741649614,0 79.311253790263,24.5160744785115,0 79.3112373935377,24.516071455884,0 79.3112383683136,24.5160638115661,0 79.3112438979876,24.5160520939144,0 79.3112448883558,24.5160498289922,0 79.3112457435501,24.5160475184293,0 79.3112464610734,24.5160451689733,0</coordinates></LinearRing></innerBoundaryIs><innerBoundaryIs><LinearRing><coordinates>79.311299115414,24.5159094986196,0 79.3112982902979,24.5159072759358,0 79.3112973400129,24.5159050954994,0 79.3112971908987,24.5159047991441,0 79.311299016372,24.5159032028111,0 79.3113007936322,24.5159014763366,0 79.3113215936316,24.5158801763315,0 79.3113232411196,24.5158783989508,0 79.3113247861552,24.5158765461484,0 79.3113262246207,24.5158746228625,0 79.3113275526822,24.5158726342187,0 79.3113287668003,24.5158705855174,0 79.3113298637391,24.5158684822186,0 79.3113308405751,24.5158663299279,0 79.311331471412,24.5158647083575,0 79.3113327337156,24.5158649540407,0 79.3113352513579,24.5158653818949,0 79.3113377898716,24.5158656896655,0 79.3113403424191,24.5158658765235,0 79.3113429021249,24.5158659419655,0 79.3113448177689,24.515865899948,0 79.3113634844983,24.515883103611,0 79.3113653320762,24.5158847203615,0 79.3113672687067,24.5158862473816,0 79.3113692891901,24.5158876805716,0 79.3113713881017,24.5158890160834,0 79.3113735598061,24.5158902503312,0 79.3113757984725,24.5158913800013,0 79.3113780980902,24.5158924020607,0 79.3113804524851,24.515893313765,0 79.3113828553358,24.5158941126667,0 79.3113853001908,24.5158947966205,0 79.3113877804861,24.5158953637903,0 79.3113902895623,24.5158958126532,0 79.3113911369653,24.5158959229178,0 79.3113688965646,24.5159214865873,0 79.3113683759471,24.5159220956301,0 79.3113533027362,24.5159400436235,0 79.3113515844082,24.515937900333,0 79.3113500174292,24.5159360485301,0 79.3113483475915,24.5159342735708,0 79.3113465793894,24.5159325802324,0 79.3113447175818,24.5159309730722,0 79.3113427671797,24.5159294564158,0 79.3113407334323,24.5159280343451,0 79.3113386218133,24.5159267106875,0 79.3113364380059,24.5159254890055,0 79.3113341878876,24.5159243725871,0 79.3113318775144,24.5159233644371,0 79.3113295131046,24.5159224672688,0 79.3113271010215,24.5159216834968,0 79.3113246477573,24.5159210152307,0 79.3113221599145,24.5159204642689,0 79.311319644189,24.5159200320943,0 79.3113171073515,24.5159197198701,0 79.3113145562299,24.5159195284367,0 79.3113119976901,24.5159194583091,0 79.3113094386183,24.5159195096763,0 79.3113068859019,24.5159196823999,0 79.3113043464113,24.515919976015,0 79.3113018269814,24.5159203897315,0 79.3113012590815,24.5159205111004,0 79.3113011247642,24.5159186902564,0 79.3113008191653,24.5159163595811,0 79.3113003815595,24.5159140465911,0 79.3112998131301,24.5159117575407,0 79.311299115414,24.5159094986196,0</coordinates></LinearRing></innerBoundaryIs><innerBoundaryIs><LinearRing><coordinates>79.3114260328034,24.5160629385495,0 79.3114250148998,24.5160635950901,0 79.311400762825,24.5160572762031,0 79.3114352227817,24.5160585353946,0 79.311435134078,24.5160585653083,0 79.3114327682608,24.5160594940704,0 79.3114304586124,24.516060534469,0 79.3114282114207,24.5160616836716,0 79.3114260328034,24.5160629385495,0</coordinates></LinearRing></innerBoundaryIs><innerBoundaryIs><LinearRing><coordinates>79.311652960681,24.5163519222426,0 79.3116534332426,24.5163542640086,0 79.311653512949,24.5163545681496,0 79.3116517791893,24.5163551855107,0 79.3116434855569,24.5163583753701,0 79.3116341090957,24.5163201592443,0 79.311634430708,24.516320109786,0 79.3116369155052,24.5163196059095,0 79.3116393685977,24.5163189854743,0 79.3116417834581,24.5163182501312,0 79.3116441536612,24.5163174018369,0 79.3116464729002,24.5163164428485,0 79.311648735004,24.5163153757177,0 79.3116509339538,24.5163142032839,0 79.3116530638985,24.5163129286667,0 79.3116542516784,24.5163121349482,0 79.3116524342252,24.5163424256367,0 79.3116523601563,24.5163448060163,0 79.3116524233902,24.5163471866574,0 79.311652623751,24.5163495609352,0 79.311652960681,24.5163519222426,0</coordinates></LinearRing></innerBoundaryIs><innerBoundaryIs><LinearRing><coordinates>79.3115227915921,24.516433235616,0 79.311520981522,24.5164349438866,0 79.3115192723396,24.5164367370379,0 79.3115176687928,24.5164386100888,0 79.311516175336,24.5164405578362,0 79.3115147961178,24.5164425748696,0 79.3115135349695,24.5164446555858,0 79.3115123953944,24.5164467942049,0 79.3115113805582,24.5164489847862,0 79.3115104932798,24.5164512212446,0 79.3115097360241,24.5164534973673,0 79.3115091108945,24.5164558068318,0 79.3115086196277,24.5164581432226,0 79.3115085371149,24.5164586894214,0 79.3114997786913,24.5164542903048,0 79.3115000737103,24.5164528935498,0 79.3115004320157,24.5164505358516,0 79.3115006539854,24.516448164151,0 79.3115007390021,24.5164457850426,0 79.3115006868296,24.5164434051416,0 79.3115004976129,24.5164410310656,0 79.3115001718781,24.5164386694156,0 79.3114997105309,24.5164363267584,0 79.3114991148542,24.5164340096078,0 79.3114983865043,24.5164317244068,0 79.3114975275064,24.5164294775094,0 79.311496540249,24.5164272751634,0 79.3114954274771,24.5164251234922,0 79.311494192285,24.5164230284789,0 79.311492838107,24.5164209959486,0 79.3114917165354,24.5164194965523,0 79.3114926994246,24.5164199261884,0 79.3114950785872,24.5164208298305,0 79.3114975060559,24.5164216186327,0 79.3114999752138,24.5164222904447,0 79.3115024793302,24.5164228434355,0 79.3115050115793,24.5164232760975,0 79.3115075650586,24.5164235872513,0 79.3115101328076,24.516423776049,0 79.311512707827,24.5164238419757,0 79.3115152830977,24.5164237848518,0 79.3115178515997,24.516423604833,0 79.3115204063319,24.51642330241,0 79.3115229403302,24.5164228784072,0 79.3115254466875,24.5164223339803,0 79.3115279185716,24.5164216706134,0 79.3115279671038,24.5164216550296,0 79.3115288099936,24.5164231588169,0 79.3115301282481,24.516425231602,0 79.3115314425132,24.5164270664681,0 79.3115309362817,24.5164273424384,0 79.3115287755307,24.5164286662843,0 79.3115266940166,24.5164300924492,0 79.3115246975218,24.5164316169714,0 79.3115227915921,24.516433235616,0</coordinates></LinearRing></innerBoundaryIs><innerBoundaryIs><LinearRing><coordinates>79.3116342393651,24.5165306820158,0 79.3116319089778,24.5165297545881,0 79.3116259666284,24.5165275544161,0 79.3116261148099,24.5165275971996,0 79.311628669789,24.5165281995693,0 79.3116312563096,24.51652867612,0 79.3116338669753,24.5165290254891,0 79.3116364943209,24.5165292466775,0 79.3116388019634,24.5165293275301,0 79.3116387607255,24.5165311486575,0 79.3116388219751,24.5165329141115,0 79.3116387282522,24.5165328597728,0 79.3116365144685,24.5165317179935,0 79.3116342393651,24.5165306820158,0</coordinates></LinearRing></innerBoundaryIs><innerBoundaryIs><LinearRing><coordinates>79.3116706518299,24.5165731868398,0 79.3116720922245,24.5165737619426,0 79.3116722733967,24.5165744948743,0 79.3116725690745,24.516575456508,0 79.311671625717,24.5165742786896,0 79.3116706518299,24.5165731868398,0</coordinates></LinearRing></innerBoundaryIs><innerBoundaryIs><LinearRing><coordinates>79.3118984855942,24.516820475893,0 79.3118988250775,24.5168305190588,0 79.311890587419,24.5168283772674,0 79.3118880598988,24.5168277857163,0 79.3118855017363,24.5168273172234,0 79.3118829200836,24.5168269730984,0 79.3118803221587,24.5168267543035,0 79.3118777152252,24.5168266614505,0 79.3118751065715,24.5168266947988,0 79.3118725034912,24.5168268542554,0 79.3118699132621,24.5168271393743,0 79.3118673431262,24.5168275493585,0 79.3118657197759,24.5168278900725,0 79.3118663704831,24.5168166978321,0 79.3118664398444,24.5168144556241,0 79.3118663873812,24.5168122130319,0 79.3118662132231,24.5168099755926,0 79.3118659178,24.5168077488307,0 79.3118655018414,24.5168055382442,0 79.3118649663744,24.5168033492913,0 79.3118643127211,24.5168011873767,0 79.3118635424953,24.5167990578384,0 79.311862657599,24.5167969659343,0 79.3118619473384,24.5167954033624,0 79.311861959034,24.5167953503145,0 79.3118621706643,24.5167953037578,0 79.3118646155349,24.5167946419735,0 79.3118670197761,24.5167938655233,0 79.3118693769679,24.5167929764803,0 79.3118716808162,24.5167919772186,0 79.311873925169,24.5167908704065,0 79.3118761040332,24.5167896589994,0 79.3118782115909,24.5167883462322,0 79.3118802422142,24.5167869356101,0 79.3118821904809,24.5167854309,0 79.3118840511887,24.5167838361198,0 79.3118858193689,24.516782155528,0 79.3118865098288,24.5167814274715,0 79.3118868008828,24.5167835666018,0 79.3118872139274,24.5167857343172,0 79.3118877419366,24.5167878810424,0 79.3118883836561,24.5167900016769,0 79.3118984855942,24.516820475893,0</coordinates></LinearRing></innerBoundaryIs><innerBoundaryIs><LinearRing><coordinates>79.3127934166584,24.5155878855389,0 79.3127941967311,24.5155901245749,0 79.3127951008679,24.5155923180118,0 79.3127934240369,24.5155918198098,0 79.3127909669099,24.5155912159364,0 79.3127884790264,24.5155907287511,0 79.3127874186656,24.515590572906,0 79.3127870906824,24.5155891409812,0 79.3127864924351,24.515586832965,0 79.3127860117617,24.5155853341211,0 79.3127880634274,24.5155828239822,0 79.3127902440721,24.5155828299466,0 79.3127921482745,24.5155827438659,0 79.3127922435198,24.515583311303,0 79.3127927649993,24.5155856123947,0 79.3127934166584,24.5155878855389,0</coordinates></LinearRing></innerBoundaryIs><innerBoundaryIs><LinearRing><coordinates>79.3123686986551,24.5155765208339,0 79.3123708490405,24.5155758533507,0 79.312370400482,24.5155772169387,0 79.3123698398499,24.5155793092905,0 79.3123685068857,24.5155782018922,0 79.3123668825727,24.5155769872713,0 79.3123686986551,24.5155765208339,0</coordinates></LinearRing></innerBoundaryIs><innerBoundaryIs><LinearRing><coordinates>79.313443913758,24.5129144115755,0 79.313443947078,24.5129141215966,0 79.3134453767899,24.5129140981554,0 79.3134479569929,24.5129139318041,0 79.3134505241217,24.5129136419608,0 79.3134530711206,24.5129132294223,0 79.3134555909894,24.5129126953223,0 79.313455609642,24.5129126904135,0 79.3134563466025,24.5129147751059,0 79.3134422852787,24.5129213816118,0 79.313442951675,24.5129191282859,0 79.3134435012579,24.5129167816342,0 79.313443913758,24.5129144115755,0</coordinates></LinearRing></innerBoundaryIs><innerBoundaryIs><LinearRing><coordinates>79.3116415495817,24.513326197262,0 79.3116416395357,24.5133260318293,0 79.3116426763653,24.513323841834,0 79.3116435852427,24.5133216047632,0 79.3116443636274,24.5133193268697,0 79.3116450093437,24.5133170145207,0 79.3116455205867,24.5133146741795,0 79.3116458959273,24.5133123123878,0 79.3116461343166,24.5133099357471,0 79.3116462350881,24.5133075509006,0 79.3116461979603,24.5133051645142,0 79.3116460230368,24.5133027832584,0 79.3116457108066,24.513300413789,0 79.3116452621424,24.5132980627291,0 79.3116446782985,24.5132957366504,0 79.3116439609067,24.5132934420546,0 79.3116431488214,24.5132912833106,0 79.3116469085087,24.5132954968229,0 79.3116667261118,24.5133348843419,0 79.31166331839,24.5133415751084,0 79.3116559682974,24.5133390196128,0 79.3116415495817,24.513326197262,0</coordinates></LinearRing></innerBoundaryIs><innerBoundaryIs><LinearRing><coordinates>79.3118622823354,24.5145930432958,0 79.3118567507636,24.5146029126904,0 79.3118511269526,24.5146027742577,0 79.3118488367498,24.5146027725562,0 79.3118622823354,24.5145930432958,0</coordinates></LinearRing></innerBoundaryIs><innerBoundaryIs><LinearRing><coordinates>79.3120055718327,24.5145033491769,0 79.3120071409345,24.5145014486056,0 79.3120081402724,24.5145000951725,0 79.3120088255702,24.5145035690783,0 79.3120055718327,24.5145033491769,0</coordinates></LinearRing></innerBoundaryIs><innerBoundaryIs><LinearRing><coordinates>79.3123268706976,24.5145775779658,0 79.3123259248607,24.5145753784448,0 79.312324854489,24.5145732272344,0 79.3123236625168,24.5145711302322,0 79.3123223522121,24.5145690931872,0 79.3123209271672,24.5145671216842,0 79.3123193912888,24.5145652211281,0 79.3123177487878,24.5145633967294,0 79.3123160041671,24.5145616534898,0 79.3123141622098,24.5145599961885,0 79.3123122279655,24.5145584293691,0 79.3123102067373,24.5145569573271,0 79.3123081040664,24.5145555840982,0 79.3123059257173,24.5145543134472,0 79.3123036776622,24.5145531488576,0 79.3123013660643,24.5145520935222,0 79.3122989972609,24.5145511503343,0 79.3122965777462,24.5145503218798,0 79.3122941141534,24.5145496104297,0 79.3122916132367,24.5145490179347,0 79.3122890818525,24.5145485460191,0 79.3122865269406,24.5145481959766,0 79.3122839555055,24.5145479687669,0 79.312281374597,24.514547865013,0 79.3122787912907,24.5145478849993,0 79.3122762126689,24.5145480286709,0 79.3122736458012,24.514548295634,0 79.3122710977245,24.5145486851568,0 79.3122685754248,24.5145491961712,0 79.3122673873857,24.5145494973342,0 79.3122604108109,24.5145409628846,0 79.3122588045988,24.5145391019832,0 79.3122580263506,24.5145382917228,0 79.3122584263525,24.5145382226363,0 79.3122609518435,24.5145376589644,0 79.3122634413808,24.5145369743751,0 79.3122658880536,24.5145361707687,0 79.31226828507,24.5145352503761,0 79.3122706257762,24.5145342157523,0 79.3122729036744,24.5145330697692,0 79.3122751124412,24.514531815608,0 79.3122772459452,24.5145304567504,0 79.3122792982641,24.5145289969683,0 79.3122812637005,24.514527440314,0 79.3122831367986,24.5145257911089,0 79.3122849123587,24.5145240539308,0 79.3122865854521,24.5145222336023,0 79.3122881514342,24.5145203351763,0 79.312289605958,24.5145183639229,0 79.3122909449858,24.5145163253142,0 79.3122921648005,24.5145142250091,0 79.3122932620161,24.5145120688382,0 79.3122942335867,24.5145098627867,0 79.3122950768152,24.5145076129785,0 79.312295789361,24.5145053256591,0 79.312296369246,24.5145030071778,0 79.3122968148605,24.5145006639707,0 79.312296858671,24.5145003303596,0 79.3122985217079,24.5145009175089,0 79.3123009222261,24.5145016382032,0 79.3123033599189,24.5145022455257,0 79.3123058283945,24.5145027378839,0 79.3123083211805,24.514503113987,0 79.3123108317409,24.5145033728487,0 79.3123133534927,24.5145035137902,0 79.312315879824,24.5145035364421,0 79.3123421802263,24.5145031560669,0 79.312348708485,24.5145096415667,0 79.3123484254593,24.514510644655,0 79.3123479181638,24.5145129205846,0 79.3123420241986,24.5145433409909,0 79.3123295884625,24.514588561788,0 79.3123293620989,24.5145867369156,0 79.3123289368172,24.5145844055282,0 79.3123283787431,24.5145820977031,0 79.3123276894066,24.5145798197672,0 79.3123268706976,24.5145775779658,0</coordinates></LinearRing></innerBoundaryIs><innerBoundaryIs><LinearRing><coordinates>79.3122008038741,24.5145263977705,0 79.3122011802728,24.5145266372106,0 79.3122011010906,24.5145266687824,0 79.3122008038741,24.5145263977705,0</coordinates></LinearRing></innerBoundaryIs><innerBoundaryIs><LinearRing><coordinates>79.3121846838462,24.5145164331388,0 79.3121822988548,24.514515589208,0 79.3121798692769,24.5145148594665,0 79.3121774016385,24.5145142458745,0 79.3121773914323,24.5145142438497,0 79.3121842558484,24.5145095542976,0 79.3121889583084,24.5145156191539,0 79.3121905353128,24.5145175423884,0 79.3121922219974,24.5145193860749,0 79.3121940018429,24.5145211334626,0 79.3121936519737,24.5145209009492,0 79.3121915079389,24.5145196259014,0 79.3121892945807,24.5145184541999,0 79.3121870178446,24.5145173889919,0 79.3121846838462,24.5145164331388,0</coordinates></LinearRing></innerBoundaryIs><innerBoundaryIs><LinearRing><coordinates>79.3124462519813,24.5143952009599,0 79.3124482155396,24.5143967804251,0 79.3124502677879,24.5143982625068,0 79.3124524029635,24.5143996430434,0 79.3124533043172,24.5144001626066,0 79.3124504160244,24.5144010611865,0 79.3124479224894,24.514401906198,0 79.3124454823327,24.5144028728922,0 79.3124431026419,24.5144039584611,0 79.3124195846367,24.5144154210178,0 79.3124186927168,24.5144144196272,0 79.3124272335511,24.5144024154908,0 79.3124392494245,24.5143878062582,0 79.3124393908666,24.5143880018033,0 79.312440947246,24.5143899239072,0 79.312442612725,24.5143917678809,0 79.3124443826267,24.5143935285465,0 79.3124462519813,24.5143952009599,0</coordinates></LinearRing></innerBoundaryIs><innerBoundaryIs><LinearRing><coordinates>79.3125759241833,24.514387578675,0 79.3125771463943,24.5143855212674,0 79.312578250353,24.5143834086406,0 79.3125792330889,24.5143812464793,0 79.3125800919577,24.5143790406015,0 79.3125808246482,24.5143767969429,0 79.3125814291889,24.5143745215408,0 79.3125819039532,24.5143722205179,0 79.3125822476635,24.5143699000658,0 79.3125824593949,24.5143675664285,0 79.3125825385778,24.5143652258854,0 79.312582484999,24.5143628847345,0 79.3125822988028,24.5143605492754,0 79.3125819804902,24.5143582257925,0 79.3125815309177,24.5143559205378,0 79.312580951295,24.5143536397145,0 79.3125802431819,24.5143513894597,0 79.3125794084837,24.5143491758285,0 79.3125789109273,24.5143479595807,0 79.3125896623982,24.514327044595,0 79.3126053363851,24.5143180880293,0 79.3126075723632,24.5143167316477,0 79.3126097244558,24.5143152660745,0 79.3126117863002,24.5143136956427,0 79.3126137518003,24.5143120249956,0 79.3126156151449,24.5143102590725,0 79.312617370825,24.5143084030945,0 79.3126190136497,24.5143064625489,0 79.3126277896949,24.5142954924906,0 79.312628131895,24.5142960373956,0 79.3126294309926,24.5142978905668,0 79.3126308272983,24.5142996835837,0 79.3126323174911,24.5143014121814,0 79.3126338980264,24.5143030722486,0 79.312639698026,24.5143088722499,0 79.3126414932385,24.5143105755895,0 79.3126433835382,24.5143121905219,0 79.3126449978935,24.5143134314064,0 79.3126437657687,24.5143136912275,0 79.3126412856557,24.5143143408162,0 79.3126388460422,24.5143151081201,0 79.3126364535975,24.5143159910415,0 79.3126341148621,24.5143169871667,0 79.3126318362296,24.5143180937724,0 79.3126296239293,24.5143193078334,0 79.3126274840093,24.5143206260308,0 79.3126254223195,24.5143220447608,0 79.3126234444964,24.514323560145,0 79.3126215559468,24.5143251680405,0 79.3126197618336,24.5143268640518,0 79.3126180670616,24.5143286435422,0 79.3126164762641,24.5143305016469,0 79.3126149937898,24.5143324332865,0 79.3126136236916,24.51433443318,0 79.312612369715,24.5143364958602,0 79.312593837775,24.5143689484891,0 79.3125924909371,24.5143703461505,0 79.3125908451127,24.5143721463329,0 79.3125893037715,24.5143740223436,0 79.3125878710797,24.5143759691121,0 79.31258655091,24.514377981376,0 79.3125853468306,24.5143800536964,0 79.3125842620962,24.5143821804719,0 79.3125832996388,24.5143843559537,0 79.3125824620599,24.5143865742617,0 79.3125817516235,24.5143888293997,0 79.3125811702499,24.5143911152722,0 79.3125807195104,24.5143934257006,0 79.3125804006236,24.5143957544398,0 79.3125802144513,24.5143980951952,0 79.3125801614967,24.5144004416399,0 79.3125802419029,24.5144027874315,0 79.3125802525527,24.5144029040674,0 79.3125800865751,24.514402782015,0 79.3125779798619,24.5144013931852,0 79.312575796207,24.5144001076839,0 79.3125735416584,24.5143989290717,0 79.3125712224605,24.5143978606129,0 79.3125688450368,24.5143969052669,0 79.3125683016732,24.5143967174575,0 79.3125699231735,24.5143951479295,0 79.3125715824616,24.5143933650533,0 79.312573138469,24.5143915058517,0 79.3125745870089,24.5143895753274,0 79.3125759241833,24.514387578675,0</coordinates></LinearRing></innerBoundaryIs><innerBoundaryIs><LinearRing><coordinates>79.3126989191861,24.5143184239331,0 79.3127011800823,24.5143172749376,0 79.3127033720673,24.5143160191275,0 79.3127054891183,24.5143146599533,0 79.3127075254183,24.5143132011496,0 79.3127094753723,24.5143116467246,0 79.3127113336226,24.5143100009494,0 79.3127188336227,24.5143030009477,0 79.3127206042315,24.5143012588353,0 79.3127222720735,24.5142994338001,0 79.3127238325168,24.5142975309105,0 79.3127252812278,24.5142955554511,0 79.3127266141832,24.5142935129081,0 79.3127278276812,24.514291408954,0 79.3127289183516,24.5142892494318,0 79.3127298831657,24.5142870403388,0 79.3127307194437,24.5142847878101,0 79.3127314248635,24.5142824981013,0 79.3127319974658,24.5142801775713,0 79.3127324356604,24.5142778326645,0 79.3127327382305,24.5142754698932,0 79.3127329043358,24.5142730958192,0 79.3127329335149,24.5142707170357,0 79.3127328256868,24.5142683401488,0 79.312732581151,24.5142659717597,0 79.3127322005867,24.5142636184457,0 79.3127316850506,24.5142612867424,0 79.3127310359746,24.5142589831252,0 79.3127302551613,24.5142567139918,0 79.312729344779,24.5142544856437,0 79.3127283073562,24.5142523042697,0 79.3127271457738,24.5142501759275,0 79.3127258632578,24.5142481065281,0 79.3127244633699,24.5142461018184,0 79.3127078388006,24.5142236229142,0 79.3127086811673,24.5142232080882,0 79.3127127491507,24.5142244865974,0 79.3127130888107,24.5142249993007,0 79.3127145375808,24.5142269487419,0 79.3127160956061,24.5142288263269,0 79.3127177586376,24.5142306269353,0 79.31271952214,24.5142323456566,0 79.3127213813041,24.5142339778036,0 79.3127233310597,24.5142355189253,0 79.3127253660895,24.5142369648188,0 79.3127274808438,24.514238311541,0 79.3127296695555,24.5142395554193,0 79.3127319262555,24.5142406930614,0 79.3127342447897,24.5142417213648,0 79.312736618835,24.5142426375252,0 79.3127390419172,24.5142434390442,0 79.3127415074282,24.5142441237358,0 79.3127440086444,24.5142446897329,0 79.3127465387444,24.5142451354919,0 79.3127482272312,24.5142453500559,0 79.31274763142,24.5142462516658,0 79.3127464244079,24.5142483120714,0 79.3127453355941,24.5142504268836,0 79.3127443678986,24.514252590431,0 79.3127435239164,24.5142547969116,0 79.3127428059108,24.5142570404083,0 79.3127422158074,24.5142593149045,0 79.3127417551887,24.5142616143008,0 79.3127414252899,24.5142639324308,0 79.3127412269957,24.5142662630779,0 79.3127411608379,24.514268599992,0 79.3127411608357,24.5142742752119,0 79.3127351149592,24.5142973965701,0 79.3127345795117,24.5142997106261,0 79.3127341772784,24.5143020471662,0 79.3127339093638,24.5143043997754,0 79.3127337765033,24.5143067619946,0 79.3127337790617,24.5143091273382,0 79.312733917032,24.5143114893122,0 79.3127341900355,24.5143138414316,0 79.3127345973226,24.5143161772388,0 79.3127351377751,24.5143184903205,0 79.3127358099092,24.5143207743263,0 79.3127366118795,24.5143230229853,0 79.3127375414842,24.5143252301237,0 79.312738596171,24.5143273896819,0 79.3127397730443,24.5143294957306,0 79.312741068873,24.5143315424878,0 79.3127424800993,24.5143335243338,0 79.3127440028486,24.5143354358276,0 79.3127456329403,24.514337271721,0 79.3127473658988,24.5143390269736,0 79.3127491969663,24.5143406967663,0 79.3127511211156,24.5143422765146,0 79.3127531330638,24.5143437618812,0 79.3127552272871,24.5143451487881,0 79.3127573980357,24.5143464334275,0 79.3127596393498,24.5143476122723,0 79.3127619450758,24.514348682086,0 79.3127643088832,24.5143496399314,0 79.3127667242822,24.5143504831787,0 79.3127691846412,24.5143512095127,0 79.3127716832053,24.5143518169392,0 79.3127742131144,24.5143523037907,0 79.3127767674228,24.5143526687303,0 79.3127793391175,24.5143529107561,0 79.3127819211378,24.5143530292037,0 79.3127845063947,24.5143530237479,0 79.3127870877903,24.5143528944035,0 79.3127896582373,24.5143526415258,0 79.3127922106784,24.5143522658091,0 79.312794738106,24.5143517682848,0 79.3127972335808,24.5143511503189,0 79.3127996902514,24.5143504136081,0 79.3128021013731,24.5143495601751,0 79.3128044603259,24.5143485923629,0 79.3128067606333,24.5143475128287,0 79.3128178155941,24.5143419853489,0 79.3128361127163,24.5143412873675,0 79.3128359667639,24.5143415351624,0 79.3128348592872,24.5143436775988,0 79.3128338762304,24.5143458702611,0 79.312833020303,24.5143481071056,0 79.3128322938641,24.5143503819671,0 79.3128316989161,24.5143526885754,0 79.3128312370988,24.5143550205728,0 79.3128309096851,24.5143573715318,0 79.3128307175773,24.5143597349725,0 79.3128306613052,24.5143621043806,0 79.3128306717395,24.5143624144386,0 79.3128108038197,24.514365828593,0 79.3127880296838,24.5143692006197,0 79.3127812363355,24.5143646042693,0 79.3127790963487,24.5143632350012,0 79.3127768801776,24.5143619712428,0 79.3127745940304,24.5143608165343,0 79.3127722443113,24.5143597741103,0 79.3127698376024,24.5143588468908,0 79.3127673806454,24.5143580374734,0 79.3127648803231,24.5143573481253,0 79.3127623436395,24.5143567807777,0 79.3127597777004,24.5143563370198,0 79.3127571896939,24.5143560180947,0 79.3127545868695,24.5143558248958,0 79.3127519765185,24.5143557579643,0 79.3127493659531,24.5143558174877,0 79.3127467624863,24.5143560032992,0 79.3127441734111,24.5143563148784,0 79.31274160598,24.5143567513524,0 79.3127390673852,24.5143573114985,0 79.312736564738,24.5143579937477,0 79.3127341050489,24.5143587961887,0 79.3127316952083,24.5143597165738,0 79.3127293419666,24.5143607523246,0 79.3127270519159,24.5143619005398,0 79.3127248314713,24.5143631580029,0 79.3127226868528,24.5143645211914,0 79.3127206240681,24.5143659862866,0 79.3127189685174,24.5143672962769,0 79.3126990110231,24.5143351199115,0 79.3126976795619,24.5143330982905,0 79.3126962344306,24.5143311431056,0 79.3126946795798,24.5143292597017,0 79.3126930192602,24.5143274532278,0 79.3126912580108,24.5143257286223,0 79.3126894006466,24.5143240906001,0 79.3126874522451,24.514322543639,0 79.3126872135706,24.5143223733059,0 79.3126893132099,24.5143218932072,0 79.3126917859951,24.5143211999804,0 79.3126942156807,24.5143203891544,0 79.3126965955907,24.514319462957,0 79.3126989191861,24.5143184239331,0</coordinates></LinearRing></innerBoundaryIs><innerBoundaryIs><LinearRing><coordinates>79.3129202848147,24.5142445100131,0 79.3129218282457,24.5142454972088,0 79.3129143497219,24.5142435551113,0 79.3129159081187,24.5142417621844,0 79.3129161843904,24.5142414076886,0 79.3129163073531,24.514241516075,0 79.3129182533551,24.5142430605627,0 79.3129202848147,24.5142445100131,0</coordinates></LinearRing></innerBoundaryIs><innerBoundaryIs><LinearRing><coordinates>79.3129881988636,24.514268014906,0 79.3129910268292,24.5142681350257,0 79.3130137485798,24.5142685029898,0 79.3130152962744,24.5142686420044,0 79.3130303126586,24.5142785012486,0 79.3130316412415,24.5142826612425,0 79.3130324437595,24.5142849465177,0 79.3130333779084,24.5142871895338,0 79.3130344410473,24.514289383949,0 79.3130356301701,24.514291523559,0 79.3130369419148,24.5142936023142,0 79.3130383725727,24.5142956143374,0 79.3130399180989,24.5142975539397,0 79.3130415741234,24.5142994156373,0 79.3130433359643,24.5143011941665,0 79.3130451986401,24.5143028844987,0 79.3130471568844,24.5143044818547,0 79.3130492051605,24.5143059817184,0 79.3130513376773,24.5143073798489,0 79.3130519053316,24.5143077117133,0 79.3130502308632,24.5143090480198,0 79.3130484223519,24.5143106468738,0 79.3130467052328,24.514312327963,0 79.3130450839667,24.5143140869202,0 79.3130435627659,24.5143159191753,0 79.3130421455824,24.5143178199683,0 79.3130408360982,24.5143197843608,0 79.3130396377151,24.5143218072493,0 79.3130385535468,24.5143238833783,0 79.3130375864099,24.514326007354,0 79.313036738817,24.5143281736583,0 79.3130360129702,24.5143303766631,0 79.3130354107552,24.5143326106449,0 79.3130351937069,24.5143336385837,0 79.3130329151228,24.5143333174883,0 79.3130303117726,24.5143330790177,0 79.313027698266,24.5143329671453,0 79.3130250819524,24.5143329821856,0 79.3130224701887,24.5143331240964,0 79.3130198703191,24.5143333924787,0 79.3130172896545,24.5143337865777,0 79.3130147354516,24.5143343052852,0 79.3130122148927,24.5143349471427,0 79.3130097350657,24.5143357103452,0 79.3130094368891,24.5143358185271,0 79.3130087820991,24.5143351122599,0 79.3130070200497,24.514333400919,0 79.3130051630052,24.514331775836,0 79.3130045214175,24.5143312702059,0 79.3130040581194,24.5143263361003,0 79.3130037400836,24.5143237953423,0 79.3130032653011,24.5143212751393,0 79.3130026352955,24.5143187835797,0 79.3130018520887,24.5143163286599,0 79.3130009181945,24.5143139182586,0 79.3129998366101,24.5143115601118,0 79.3129832365999,24.5142780601162,0 79.312982137496,24.5142759847118,0 79.3129809239791,24.514273963373,0 79.3129795992163,24.5142720013753,0 79.3129781666654,24.5142701038395,0 79.312976630065,24.514268275718,0 79.3129749934257,24.514266521782,0 79.3129734264022,24.5142650065287,0 79.3129771011747,24.5142660636549,0 79.3129798250895,24.5142667693494,0 79.3129825887587,24.514267330942,0 79.3129853830833,24.5142677465836,0 79.3129881988636,24.514268014906,0</coordinates></LinearRing></innerBoundaryIs><innerBoundaryIs><LinearRing><coordinates>79.3130402734925,24.514594574993,0 79.3130406279892,24.5145968991595,0 79.313041108544,24.514599177386,0 79.3130402480029,24.5145991579309,0 79.3130377073466,24.5145992202728,0 79.3130351735699,24.5145994022335,0 79.3130326533961,24.5145997033302,0 79.3130301535125,24.5146001227638,0 79.3130276805526,24.5146006594214,0 79.3130252410782,24.514601311879,0 79.3130228415626,24.5146020784053,0 79.3130204883728,24.5146029569663,0 79.313018187753,24.5146039452308,0 79.3130172507429,24.5146044030252,0 79.3130162787441,24.5146034158988,0 79.3130144490473,24.5146017430289,0 79.3130125260414,24.5146001601918,0 79.3130105150118,24.5145986717378,0 79.3130084214858,24.514597281758,0 79.3130062512176,24.5145959940728,0 79.313004010172,24.5145948122213,0 79.3130017045086,24.5145937394519,0 79.3129993405645,24.5145927787131,0 79.3129969248371,24.5145919326455,0 79.312994463966,24.5145912035745,0 79.3129920033925,24.5145906029452,0 79.3129930820314,24.5145896875695,0 79.3129948695578,24.5145880042275,0 79.3129965590441,24.5145862381593,0 79.3129981459235,24.514584394139,0 79.3130196605585,24.5145580099279,0 79.3130215088326,24.5145590689817,0 79.313023752681,24.5145602105229,0 79.3130260583934,24.5145612437271,0 79.3130284197266,24.5145621657967,0 79.3130308302868,24.514562974235,0 79.3130332835468,24.514563666853,0 79.3130357728641,24.5145642417753,0 79.3130382914981,24.514564697445,0 79.3130408326292,24.5145650326285,0 79.3130422794633,24.5145651536096,0 79.313040184592,24.5145852044423,0 79.313040006974,24.5145875454972,0 79.3130399625648,24.5145898918339,0 79.3130400514844,24.5145922371118,0 79.3130402734925,24.514594574993,0</coordinates></LinearRing></innerBoundaryIs><innerBoundaryIs><LinearRing><coordinates>79.3129397608082,24.5146090345536,0 79.3129383581082,24.5146110229898,0 79.3129370712355,24.5146130759527,0 79.3129359037269,24.5146151877998,0 79.3129131294539,24.5146592116802,0 79.3129106358045,24.5146593778194,0 79.3129080849476,24.514659670613,0 79.3129055542225,24.5146600845748,0 79.3129030505001,24.514660618581,0 79.3129005805778,24.5146612711817,0 79.3128981511616,24.5146620406051,0 79.3128957688472,24.5146629247622,0 79.3128934401026,24.5146639212525,0 79.3128911712504,24.5146650273707,0 79.3128889684503,24.5146662401136,0 79.3128868376831,24.5146675561885,0 79.3128847847336,24.5146689720225,0 79.3128828151756,24.5146704837715,0 79.3128809343565,24.5146720873312,0 79.3128791473827,24.5146737783479,0 79.3128774591057,24.5146755522304,0 79.3128758741092,24.5146774041629,0 79.3128743966965,24.5146793291172,0 79.3128730308787,24.5146813218672,0 79.312871780364,24.5146833770025,0 79.3128706485476,24.5146854889435,0 79.3128696385023,24.5146876519564,0 79.3128693817003,24.5146882923322,0 79.3128602937785,24.5146832076511,0 79.3128604868767,24.5146831489616,0 79.3128629155482,24.5146822778786,0 79.3128652905056,24.5146812905711,0 79.3128676051102,24.5146801897992,0 79.3128698528918,24.5146789786398,0 79.312872027567,24.5146776604785,0 79.312874123057,24.514676239,0 79.3128761335041,24.5146747181779,0 79.3128780532884,24.5146731022633,0 79.3128798770435,24.5146713957734,0 79.3128815996713,24.5146696034782,0 79.3128832163566,24.514667730388,0 79.3128847225801,24.5146657817387,0 79.3128861141314,24.5146637629773,0 79.3128937141291,24.514652062975,0 79.3128950979803,24.5146497853514,0 79.312896335882,24.5146474384642,0 79.3128974237092,24.5146450301338,0 79.3128983578369,24.5146425683858,0 79.3128997903321,24.5146384095245,0 79.3129054748413,24.514629517324,0 79.3129106960653,24.5146262080969,0 79.3129128282863,24.5146247778464,0 79.3129148737095,24.5146232451503,0 79.3129168264617,24.5146216144095,0 79.3129186809356,24.5146198903066,0 79.3129204318064,24.5146180777921,0 79.3129220740466,24.5146161820705,0 79.3129236029406,24.5146142085853,0 79.3129250140983,24.514612163003,0 79.3129263034678,24.5146100511975,0 79.3129274673468,24.5146078792326,0 79.3129333278399,24.5145961582398,0 79.3129338233839,24.5145964375284,0 79.3129360744401,24.5145975629553,0 79.312938386385,24.514598579818,0 79.3129407529693,24.5145994853678,0 79.3129431677958,24.5146002771569,0 79.3129456243371,24.514600953045,0 79.3129471087512,24.5146012855766,0 79.3129464482263,24.5146018324083,0 79.3129446237905,24.514603510081,0 79.3129428979605,24.5146052729297,0 79.31294127548,24.5146071161093,0 79.3129397608082,24.5146090345536,0</coordinates></LinearRing></innerBoundaryIs><innerBoundaryIs><LinearRing><coordinates>79.3126204936699,24.5144570761001,0 79.3126340545603,24.5144672003294,0 79.3126337891771,24.5144672573448,0 79.3126311556659,24.5144679666309,0 79.3126283748082,24.5144687931835,0 79.3126204936699,24.5144570761001,0</coordinates></LinearRing></innerBoundaryIs><innerBoundaryIs><LinearRing><coordinates>79.3140452652413,24.5141429617381,0 79.3140449674408,24.51414527339,0 79.3140448002701,24.5141475960133,0 79.3140447641737,24.514149923433,0 79.3140447653085,24.5141499511941,0 79.3140439557983,24.5141476941755,0 79.3140430108749,24.5141454654703,0 79.3140419383269,24.5141432856562,0 79.3140408806074,24.5141412796379,0 79.314040422929,24.5141398125609,0 79.3140420230828,24.5141396981067,0 79.3140445670751,24.5141393937456,0 79.3140460666618,24.5141391411993,0 79.3140456928799,24.5141406672038,0 79.3140452652413,24.5141429617381,0</coordinates></LinearRing></innerBoundaryIs><innerBoundaryIs><LinearRing><coordinates>79.3132789412867,24.5148650289073,0 79.313275913721,24.5148666754784,0 79.3132747474377,24.5148661291595,0 79.3132783562986,24.5148642080918,0 79.3132789412867,24.5148650289073,0</coordinates></LinearRing></innerBoundaryIs></Polygon>
  </Placemark>
  
    </Document>
</kml>