<?xml version="1.0" encoding="UTF-8"?>
<kml xmlns="http://www.opengis.net/kml/2.2">
    <Document>
        <Placemark xmlns:ns0="http://www.opengis.net/kml/2.2">
	<Style><LineStyle><color>ff0000ff</color></LineStyle><PolyStyle><fill>0</fill></PolyStyle></Style>
	<ExtendedData><SchemaData schemaUrl="#Wave23_v27MAR2025">
		<SimpleData name="area(ha)">22.392587292921569</SimpleData>
		<SimpleData name="site_id">230004_1.2</SimpleData>
		<SimpleData name="Land_parc">230004</SimpleData>
		<SimpleData name="district">Chhatarpur</SimpleData>
		<SimpleData name="block">Satai</SimpleData>
		<SimpleData name="village">Satai</SimpleData>
		<SimpleData name="Land Type">Community</SimpleData>
		<SimpleData name="Instance">Wave 2023</SimpleData>
	</SchemaData></ExtendedData>
      <Polygon><outerBoundaryIs><LinearRing><coordinates>79.652346581704,24.7063518223266,0 79.6523461713352,24.7063530515844,0 79.6523455532292,24.7063553168337,0 79.6523450641332,24.7063576082429,0 79.6523447053553,24.7063599196847,0 79.6523444778547,24.7063622449786,0 79.652343277848,24.7063795449779,0 79.6523431815315,24.7063819366195,0 79.652343081528,24.7063908366193,0 79.6523431236018,24.7063932192546,0 79.6523433032355,24.706395596543,0 79.6523436199289,24.7063979618614,0 79.6523440727996,24.7064003086203,0 79.6523446605859,24.7064026302817,0 79.6523453816503,24.7064049203775,0 79.6523462339839,24.7064071725277,0 79.6523472152123,24.7064093804579,0 79.6523483226018,24.7064115380169,0 79.6523495530672,24.7064136391939,0 79.6523509031805,24.706415678135,0 79.6523523691804,24.70641764916,0 79.6523539469828,24.7064195467777,0 79.6523556321918,24.7064213657013,0 79.6523574201127,24.7064231008634,0 79.6523583929227,24.7064239503292,0 79.6523583914962,24.7064243187731,0 79.6523585170177,24.7064266727952,0 79.6523587768441,24.7064290176258,0 79.6523591702675,24.7064313468749,0 79.6523596962156,24.7064336541949,0 79.6523603532551,24.7064359332979,0 79.6523611395956,24.7064381779728,0 79.652362053094,24.7064403821027,0 79.652363091261,24.7064425396808,0 79.6523642512673,24.7064446448273,0 79.6523655299518,24.7064466918053,0 79.6523669238298,24.7064486750366,0 79.6523684291027,24.7064505891163,0 79.6523700416685,24.7064524288283,0 79.6523717571325,24.706454189159,0 79.6523735708198,24.7064558653112,0 79.6523754777879,24.7064574527171,0 79.6523774728399,24.7064589470508,0 79.6523795505388,24.7064603442398,0 79.6523817052227,24.7064616404766,0 79.6523839310196,24.7064628322288,0 79.6523862218637,24.7064639162485,0 79.6523885715122,24.7064648895817,0 79.6523909735619,24.7064657495758,0 79.6523934214666,24.7064664938871,0 79.6523959085554,24.7064671204874,0 79.6523984280506,24.7064676276689,0 79.6524009730861,24.7064680140496,0 79.6524035367262,24.7064682785765,0 79.6524061119844,24.7064684205286,0 79.652406708901,24.7064684249226,0 79.6524069313389,24.7064686648436,0 79.6524086936644,24.7064703765109,0 79.6524105510934,24.7064720020952,0 79.652412498594,24.706473537193,0 79.6524176156013,24.7064773629938,0 79.6524318718339,24.7064966050205,0 79.6524333683123,24.706498515791,0 79.6524349715781,24.7065003528568,0 79.6524352791159,24.7065006698918,0 79.6524304912421,24.7064995339921,0 79.6523899213263,24.7064815029195,0 79.6523875759347,24.7064805287484,0 79.6523851781552,24.7064796675595,0 79.6523827345043,24.7064789216933,0 79.6523802516235,24.7064782931768,0 79.6523777362606,24.7064777837183,0 79.6523751952519,24.7064773947023,0 79.6523726355033,24.7064771271862,0 79.6523700639718,24.706476981897,0 79.6523674876461,24.7064769592295,0 79.6523649135283,24.7064770592454,0 79.6523623486142,24.7064772816728,0 79.6523597998747,24.7064776259072,0 79.6523572742368,24.7064780910131,0 79.6523547785646,24.7064786757264,0 79.652352319641,24.706479378458,0 79.6523499041486,24.7064801972979,0 79.6523475386523,24.7064811300208,0 79.6523452295811,24.7064821740917,0 79.6523429832106,24.706483326673,0 79.6523408056458,24.7064845846323,0 79.652338702805,24.7064859445507,0 79.6523366804033,24.7064874027321,0 79.6523347439371,24.7064889552137,0 79.6523328986694,24.706490597776,0 79.6523311496151,24.7064923259549,0 79.652329501528,24.7064941350535,0 79.6523279588871,24.7064960201552,0 79.6523265258851,24.7064979761365,0 79.6523252064165,24.7064999976816,0 79.6523240040674,24.7065020792963,0 79.6523229221056,24.7065042153232,0 79.6523219634715,24.706506399957,0 79.6523211307706,24.7065086272602,0 79.652320426266,24.7065108911797,0 79.6523198518724,24.7065131855625,0 79.6523194091509,24.7065155041729,0 79.6523190993047,24.7065178407094,0 79.652318923176,24.7065201888219,0 79.6523188812433,24.7065225421285,0 79.6523189736208,24.7065248942336,0 79.6523192000572,24.7065272387445,0 79.6523195599373,24.7065295692894,0 79.652320052283,24.7065318795343,0 79.6523206757562,24.7065341632005,0 79.6523214286623,24.7065364140813,0 79.6523223089552,24.7065386260594,0 79.6523233142424,24.7065407931231,0 79.6523244417918,24.7065429093827,0 79.6523256885389,24.7065449690867,0 79.6523270510953,24.7065469666371,0 79.6523285257579,24.7065488966051,0 79.6523792257474,24.706611696618,0 79.6523809281363,24.7066136863011,0 79.6523827496464,24.7066155859163,0 79.6523846845784,24.7066173895199,0 79.6523867268782,24.7066190914686,0 79.6523888701559,24.7066206864375,0 79.6523911077054,24.706622169436,0 79.6523934325256,24.706623535824,0 79.6524117995189,24.7066336787927,0 79.6524305666474,24.7066570232777,0 79.6524321353877,24.7066588722482,0 79.6524338068627,24.7066606445066,0 79.6524355765848,24.7066623352946,0 79.6524374398026,24.7066639400728,0 79.6524393915136,24.7066654545324,0 79.6524414264776,24.7066668746074,0 79.6524435392313,24.7066681964851,0 79.6524457241021,24.7066694166165,0 79.652447975224,24.7066705317257,0 79.6524502865531,24.7066715388188,0 79.6524526518838,24.706672435192,0 79.6524550648656,24.7066732184385,0 79.6524552917635,24.7066732801997,0 79.6524552793494,24.7066738106742,0 79.6524553583668,24.7066761606349,0 79.6524555711944,24.7066785036514,0 79.652455917255,24.7066808333697,0 79.65245639561,24.7066831434718,0 79.6524570049623,24.7066854276928,0 79.6524577436594,24.7066876798381,0 79.6524586096979,24.7066898938003,0 79.6524596007293,24.706692063575,0 79.6524607140659,24.7066941832783,0 79.6524619466886,24.7066962471615,0 79.6525017466732,24.706758947172,0 79.6525031080106,24.7067609675291,0 79.6525045836476,24.7067629197696,0 79.6525061695093,24.7067647985024,0 79.6525078612165,24.7067665985397,0 79.6525096540979,24.7067683149108,0 79.6525115432025,24.7067699428762,0 79.6525135233138,24.7067714779405,0 79.6525155889639,24.7067729158647,0 79.6525177344488,24.7067742526782,0 79.6525199538439,24.7067754846894,0 79.6525222410207,24.7067766084963,0 79.6525245896632,24.7067776209957,0 79.652526993286,24.7067785193916,0 79.6525294452518,24.7067793012031,0 79.6525319387897,24.7067799642715,0 79.652534467014,24.7067805067657,0 79.6525370229434,24.7067809271877,0 79.6525395995199,24.7067812243765,0 79.6525421896285,24.7067813975115,0 79.6525447861171,24.7067814461145,0 79.6525473818155,24.7067813700514,0 79.652549969556,24.7067811695323,0 79.6525523425415,24.7067808702877,0 79.6525515915222,24.7067828507218,0 79.6525508699576,24.7067851362073,0 79.6525502811641,24.7067874532375,0 79.6525498267759,24.7067897953806,0 79.6525495080545,24.7067921561349,0 79.6525493258845,24.7067945289474,0 79.6525492807717,24.7067969072314,0 79.6525493728414,24.7067992843849,0 79.6525496018378,24.7068016538093,0 79.6525499671255,24.7068040089273,0 79.6525504676903,24.7068063432014,0 79.6525511021429,24.7068086501518,0 79.6525518687219,24.7068109233747,0 79.6525527652996,24.70681315656,0 79.652553789387,24.7068153435084,0 79.6525549381414,24.7068174781493,0 79.6525562083741,24.7068195545572,0 79.652557596559,24.7068215669681,0 79.6525590988427,24.7068235097959,0 79.652567598841,24.706833909798,0 79.6525691642165,24.7068357261542,0 79.6525708293173,24.7068374669318,0 79.6525725897777,24.7068391275665,0 79.6525744409819,24.7068407037045,0 79.6525763780762,24.7068421912134,0 79.652578395982,24.7068435861929,0 79.6525804894085,24.7068448849858,0 79.6525826528669,24.7068460841866,0 79.652584880685,24.7068471806513,0 79.6525871670216,24.706848171505,0 79.6525912507761,24.7068498256847,0 79.6525913347857,24.7068505190716,0 79.6525917440495,24.7068528112809,0 79.6525922818119,24.7068550812307,0 79.6525929466497,24.7068573229137,0 79.6525937368035,24.7068595303975,0 79.6525946501822,24.7068616978401,0 79.6525956843687,24.7068638195058,0 79.6525968366261,24.7068658897797,0 79.6525981039051,24.706867903183,0 79.6525994828519,24.7068698543875,0 79.6526009698173,24.7068717382295,0 79.6526025608662,24.7068735497236,0 79.6526042517881,24.7068752840757,0 79.6526060381081,24.7068769366963,0 79.6526079150988,24.7068785032117,0 79.6526098777931,24.7068799794763,0 79.6526119209968,24.7068813615833,0 79.6526140393027,24.7068826458751,0 79.6526393824339,24.7068971673067,0 79.6526638262006,24.7069144398776,0 79.6526713917553,24.7069237011634,0 79.6526729901808,24.7069255547522,0 79.6526746924389,24.7069273295177,0 79.6526764938792,24.7069290206117,0 79.652678389581,24.7069306234146,0 79.6526803743655,24.7069321335481,0 79.6526824428109,24.7069335468869,0 79.6526845892668,24.70693485957,0 79.6526868078697,24.7069360680116,0 79.6526890925589,24.7069371689106,0 79.6526914370932,24.7069381592596,0 79.6526938350681,24.7069390363532,0 79.652696279933,24.7069397977955,0 79.6526987650091,24.7069404415064,0 79.6527012835078,24.7069409657275,0 79.6527038285494,24.7069413690267,0 79.6527060538252,24.7069416130834,0 79.652715560907,24.7069498178244,0 79.6527175425369,24.7069514380744,0 79.6527196167068,24.7069529586013,0 79.6527217774105,24.706954375002,0 79.6527240183912,24.7069556831752,0 79.6527263331596,24.7069568793325,0 79.6527287150129,24.7069579600104,0 79.6527311570537,24.7069589220794,0 79.6527336522107,24.7069597627537,0 79.6527361932585,24.7069604795989,0 79.652738772839,24.7069610705392,0 79.6527453381694,24.7069624041222,0 79.6527451438571,24.7069646823235,0 79.6527450787418,24.7069670649614,0 79.6527451513617,24.7069694474183,0 79.6527453615146,24.7069718230544,0 79.6527457086146,24.7069741852488,0 79.6527475086107,24.7069843852492,0 79.6527480151099,24.7069868259783,0 79.6527486678027,24.7069892375627,0 79.6527494647131,24.7069916127005,0 79.6527504034281,24.7069939442006,0 79.6527514811057,24.7069962250037,0 79.6527526944829,24.7069984482043,0 79.6527540398859,24.707000607071,0 79.6527555132413,24.7070026950674,0 79.6527752132362,24.7070289950725,0 79.6527766792095,24.7070308495656,0 79.6527782461269,24.7070326338472,0 79.6527799099657,24.7070343433366,0 79.6527816664546,24.7070359736453,0 79.6527835110843,24.707037520588,0 79.6527854391193,24.7070389801933,0 79.6527874456099,24.7070403487142,0 79.6527895254052,24.7070416226375,0 79.6527916731658,24.7070427986926,0 79.6527938833782,24.7070438738605,0 79.6527961503681,24.707044845381,0 79.6527984683159,24.7070457107599,0 79.652800831271,24.7070464677758,0 79.652803233167,24.7070471144852,0 79.6528168688319,24.7070504453356,0 79.6528237614211,24.7070566238291,0 79.6528407404475,24.7070882031972,0 79.6528419949544,24.7070903839918,0 79.6528433778135,24.7070924990277,0 79.6528448849073,24.707094542007,0 79.652846511748,24.7070965068466,0 79.6528482534916,24.7070983876957,0 79.6528501049517,24.7071001789539,0 79.6528520606153,24.7071018752873,0 79.6528541146591,24.7071034716449,0 79.6528562609668,24.7071049632731,0 79.6528757609692,24.707117763277,0 79.6528778599639,24.7071190677324,0 79.6528800295165,24.7071202720039,0 79.6528822639023,24.7071213729137,0 79.6528845572255,24.7071223675571,0 79.6528869034348,24.7071232533094,0 79.6528892963394,24.7071240278334,0 79.6528917296252,24.7071246890855,0 79.6528941968716,24.7071252353208,0 79.6528966915683,24.707125665098,0 79.6528992071326,24.707125977283,0 79.652901736927,24.7071261710522,0 79.652904274276,24.7071262458941,0 79.6529068124845,24.7071262016114,0 79.652909344855,24.7071260383208,0 79.6529118647055,24.7071257564532,0 79.6529143653868,24.7071253567525,0 79.6529148691104,24.7071252516325,0 79.6529150632185,24.7071262063803,0 79.6529156703251,24.7071285111124,0 79.652916409021,24.7071307835574,0 79.6529172772698,24.7071330174501,0 79.6529182726776,24.7071352066318,0 79.6529193925001,24.707137345067,0 79.6529206336501,24.70713942686,0 79.6529219927057,24.7071414462715,0 79.6529320013594,24.7071554785132,0 79.6529320070985,24.7071561326186,0 79.6529321605455,24.7071584702656,0 79.6529324464799,24.707160797499,0 79.6529328641323,24.7071631080569,0 79.652933412379,24.7071653957225,0 79.6529340897448,24.7071676543402,0 79.6529348944071,24.707169877833,0 79.652935824201,24.7071720602182,0 79.6529368766245,24.7071741956235,0 79.6529380488461,24.7071762783035,0 79.6529393377116,24.7071783026541,0 79.6529407397531,24.7071802632286,0 79.6529422511982,24.7071821547518,0 79.65294386798,24.707183972134,0 79.6529455857484,24.7071857104854,0 79.6529473998814,24.7071873651285,0 79.6529493054977,24.7071889316113,0 79.6529818269953,24.7072143023034,0 79.6529815758521,24.707215787178,0 79.6529813140226,24.7072181599418,0 79.6529811897136,24.7072205420252,0 79.652981203272,24.7072229267817,0 79.6529813546601,24.7072253075571,0 79.6529816434554,24.7072276777085,0 79.6529820688521,24.7072300306225,0 79.6529826296633,24.7072323597339,0 79.6529833243241,24.7072346585438,0 79.6529841508964,24.707236920638,0 79.6529851070736,24.7072391397046,0 79.6529897070706,24.7072490397059,0 79.6529907712584,24.7072511741058,0 79.6529919553489,24.7072532551401,0 79.6529932561466,24.7072552771926,0 79.6529946701408,24.7072572348061,0 79.6529961935156,24.7072591226977,0 79.6529978221597,24.7072609357723,0 79.6529995516778,24.7072626691368,0 79.6530013774023,24.7072643181134,0 79.6530032944061,24.7072658782517,0 79.6530052975156,24.7072673453414,0 79.6530073813248,24.7072687154231,0 79.6530095402102,24.7072699847994,0 79.6530122958397,24.7072715140637,0 79.6530109232132,24.7072716727658,0 79.6530083967896,24.7072720875912,0 79.6530058973515,24.7072726216874,0 79.6530034316416,24.7072732736137,0 79.6530010063114,24.7072740416113,0 79.6529986279038,24.7072749236086,0 79.6529963028349,24.707275917226,0 79.652994037377,24.7072770197832,0 79.6529918376417,24.7072782283059,0 79.652989709563,24.7072795395337,0 79.6529876588818,24.7072809499295,0 79.6529588588854,24.7073018499238,0 79.6529568735864,24.7073033698407,0 79.6529549781898,24.7073049826922,0 79.6529531779027,24.7073066840477,0 79.6529514776704,24.7073084692335,0 79.6529498821638,24.7073103333454,0 79.6529483957659,24.7073122712626,0 79.6529470225598,24.7073142776615,0 79.652945766318,24.7073163470302,0 79.6529446304915,24.707318473684,0 79.6529436182005,24.7073206517808,0 79.6529427322259,24.7073228753372,0 79.6529419750014,24.7073251382449,0 79.6529413486074,24.7073274342873,0 79.6529408547646,24.7073297571571,0 79.6529404948295,24.7073321004731,0 79.6529402697911,24.7073344577981,0 79.6529401802675,24.7073368226561,0 79.6529402265046,24.7073391885508,0 79.6529404083755,24.7073415489828,0 79.6529407253805,24.7073438974677,0 79.6529411766488,24.707346227554,0 79.6529432766453,24.7073556275545,0 79.652943828963,24.7073578196041,0 79.652944500114,24.7073599838026,0 79.6529452884321,24.7073621147777,0 79.6529461919606,24.7073642072396,0 79.6529472084565,24.7073662559939,0 79.652948381833,24.7073684723731,0 79.6529605161713,24.7074032207429,0 79.652961379659,24.7074054841044,0 79.6529623734241,24.7074077024129,0 79.6529634946655,24.7074098694158,0 79.6529647402229,24.7074119790052,0 79.6529661065856,24.7074140252349,0 79.6529675899023,24.7074160023374,0 79.6529691859921,24.70741790474,0 79.6529708903563,24.7074197270807,0 79.6529726981909,24.7074214642228,0 79.6529746044003,24.7074231112701,0 79.6529886411677,24.70743461032,0 79.6529832516748,24.7074346549838,0 79.6529806241993,24.7074347406454,0 79.6529780054285,24.7074349538284,0 79.6529754027738,24.7074352939295,0 79.6529728236009,24.7074357599862,0 79.652970275209,24.7074363506795,0 79.6529677648103,24.7074370643377,0 79.6529652995093,24.7074378989412,0 79.6529628862832,24.7074388521278,0 79.6529605319614,24.7074399212001,0 79.6529582432069,24.7074411031324,0 79.652956026497,24.7074423945799,0 79.6529538881052,24.7074437918876,0 79.6529518340834,24.707445291101,0 79.6529498702445,24.7074468879772,0 79.6529480021463,24.707448577997,0 79.6529462350758,24.7074503563775,0 79.6529445740338,24.7074522180858,0 79.6529430237213,24.7074541578529,0 79.6529422952695,24.70745517924,0 79.6529398771591,24.7074544694452,0 79.652937365505,24.7074538631748,0 79.6529348224467,24.707453378307,0 79.6529322550111,24.7074530161814,0 79.6529296702921,24.7074527777986,0 79.6529270754317,24.7074526638173,0 79.6529244775998,24.7074526745525,0 79.6529218839744,24.7074528099744,0 79.6529193017221,24.707453069709,0 79.6529167379779,24.7074534530385,0 79.6529141998257,24.7074539589037,0 79.6529116942787,24.7074545859069,0 79.65290922826,24.7074553323156,0 79.6529068085836,24.7074561960674,0 79.6529044419352,24.7074571747757,0 79.6529021348542,24.7074582657361,0 79.6528998937152,24.7074594659342,0 79.652897724711,24.7074607720538,0 79.6528956338345,24.7074621804858,0 79.6528936268632,24.7074636873386,0 79.6528917093425,24.7074652884487,0 79.6528898865708,24.7074669793919,0 79.6528881635847,24.707468755496,0 79.6528865451448,24.7074706118535,0 79.6528850357232,24.7074725433349,0 79.6528836394906,24.7074745446034,0 79.6528823603049,24.7074766101293,0 79.6528812017007,24.7074787342052,0 79.6528659016928,24.7075087342003,0 79.6528648537163,24.7075109407778,0 79.6528639358729,24.7075131952096,0 79.6528631507676,24.7075154910965,0 79.6528625006291,24.7075178219219,0 79.6528619873028,24.7075201810697,0 79.6528616122456,24.7075225618435,0 79.652861495861,24.7075237446529,0 79.6528597471921,24.7075250358282,0 79.6528578412945,24.7075265989674,0 79.6528504181457,24.7075330121632,0 79.6528349002358,24.7075383094411,0 79.6528325131722,24.7075391896809,0 79.6528301795196,24.7075401822684,0 79.6528279056094,24.7075412845109,0 79.6528256976108,24.7075424934178,0 79.6528235615141,24.7075438057093,0 79.6528215031147,24.7075452178251,0 79.6528195279971,24.7075467259342,0 79.6528176415199,24.7075483259449,0 79.6528158488011,24.7075500135164,0 79.6528141547045,24.7075517840703,0 79.6527915547027,24.7075766840645,0 79.6527899663544,24.7075785296933,0 79.6527884851801,24.7075804482529,0 79.6527871151851,24.7075824345556,0 79.6527858600742,24.70758448323,0 79.6527847232412,24.7075865887362,0 79.6527837077603,24.7075887453808,0 79.6527828163775,24.7075909473319,0 79.6527820515032,24.7075931886352,0 79.6527814152057,24.7075954632299,0 79.6527809092056,24.7075977649653,0 79.6527805348713,24.7076000876171,0 79.652780293215,24.7076024249047,0 79.6527801848902,24.7076047705077,0 79.6527802101897,24.7076071180834,0 79.6527803690452,24.7076094612837,0 79.6527806610272,24.7076117937721,0 79.6527810853461,24.7076141092415,0 79.6527816408544,24.7076164014305,0 79.6527821860191,24.7076182017185,0 79.6527800478346,24.7076180335122,0 79.6527774576784,24.7076179543128,0 79.6527748665386,24.7076179992562,0 79.6527722815405,24.7076181682187,0 79.6527697097923,24.7076184607358,0 79.6527671583659,24.707618876003,0 79.6527646342771,24.7076194128785,0 79.652762144467,24.7076200698859,0 79.6527596957819,24.7076208452186,0 79.6527572949553,24.7076217367445,0 79.6527549485891,24.7076227420122,0 79.6527526631354,24.7076238582573,0 79.6527504448787,24.7076250824103,0 79.6527482999189,24.707626411105,0 79.6527462341542,24.7076278406878,0 79.6527442532652,24.7076293672275,0 79.6527423626989,24.7076309865265,0 79.6527405676541,24.7076326941319,0 79.6527388730668,24.7076344853481,0 79.6527372835968,24.7076363552497,0 79.6527358036149,24.7076382986946,0 79.6527344371909,24.7076403103388,0 79.6527162478934,24.7076687254466,0 79.6527154339095,24.7076696411782,0 79.65271387109,24.7076714955754,0 79.6527124155634,24.7076734214614,0 79.6527110712409,24.7076754136611,0 79.6527098417348,24.7076774668213,0 79.6527087303489,24.7076795754249,0 79.6527077400697,24.7076817338059,0 79.6527075130734,24.7076823107483,0 79.6527053888964,24.7076831510079,0 79.6527030868502,24.7076841946138,0 79.6527008473022,24.7076853461245,0 79.6526986763082,24.7076866024262,0 79.6526965797386,24.7076879601219,0 79.6526945632626,24.7076894155404,0 79.6526926323327,24.7076909647461,0 79.6526907921702,24.70769260355,0 79.652689047751,24.7076943275208,0 79.6526874037919,24.7076961319968,0 79.6526709037901,24.7077152319925,0 79.6526690796989,24.7077174838052,0 79.6526674119966,24.7077198346258,0 79.6526575729404,24.7077346946385,0 79.6526554149148,24.7077343717946,0 79.6526528575265,24.7077341131641,0 79.6526139575403,24.7077311131657,0 79.6526113627875,24.707730975711,0 79.6526087637124,24.7077309630596,0 79.6526061675035,24.7077310752467,0 79.6526035813412,24.7077313119619,0 79.6526010123783,24.7077316725504,0 79.6525984677199,24.7077321560151,0 79.652595954404,24.7077327610188,0 79.6525934793817,24.7077334858881,0 79.6525910494986,24.7077343286183,0 79.652588671475,24.7077352868785,0 79.6525863518879,24.7077363580184,0 79.652584097153,24.7077375390755,0 79.6525819135062,24.7077388267833,0 79.6525798069869,24.7077402175802,0 79.6525777834214,24.7077417076197,0 79.6525758484063,24.7077432927805,0 79.6525740072935,24.7077449686787,0 79.6525722651751,24.7077467306789,0 79.6525706268693,24.7077485739079,0 79.6525690969074,24.7077504932678,0 79.6525676795208,24.7077524834501,0 79.6525663786298,24.7077545389503,0 79.6525651978323,24.7077566540835,0 79.652564140394,24.7077588229996,0 79.6525632092398,24.7077610396999,0 79.6525624069449,24.7077632980536,0 79.6525617357283,24.7077655918146,0 79.6525611974464,24.7077679146388,0 79.652560793588,24.7077702601019,0 79.6525605252701,24.7077726217168,0 79.6525604605097,24.7077737847558,0 79.6525575008861,24.7077734652074,0 79.6525549574319,24.7077732513065,0 79.6525524052769,24.7077731577321,0 79.6525498512382,24.7077731847341,0 79.6525473021375,24.7077733322404,0 79.6525447647837,24.7077735998569,0 79.652542245954,24.707773986869,0 79.6525397523763,24.7077744922428,0 79.6525372907112,24.7077751146284,0 79.6525348675336,24.7077758523636,0 79.6525324893161,24.7077767034777,0 79.6525301624109,24.7077776656974,0 79.6525278930332,24.7077787364526,0 79.6525256872446,24.7077799128833,0 79.6525235509369,24.7077811918472,0 79.6525214898162,24.7077825699282,0 79.6525195093877,24.7077840434452,0 79.6525176149414,24.7077856084627,0 79.6525158115372,24.7077872608002,0 79.6525141039923,24.7077889960444,0 79.6525124968674,24.7077908095604,0 79.6525109944552,24.7077926965043,0 79.6525096007689,24.707794651836,0 79.6525083195308,24.7077966703326,0 79.652508135138,24.7077969988549,0 79.652489090232,24.7078122758796,0 79.6524872198877,24.7078138560167,0 79.6524854411643,24.7078155220986,0 79.6524837587883,24.7078172696982,0 79.6524821772301,24.7078190941717,0 79.6524807006921,24.7078209906712,0 79.652479333098,24.7078229541571,0 79.6524780780816,24.7078249794122,0 79.6524769389779,24.707827061055,0 79.6524759188136,24.7078291935539,0 79.6524750202996,24.7078313712426,0 79.6524742458234,24.7078335883345,0 79.652473597443,24.7078358389383,0 79.6524730768813,24.7078381170736,0 79.6524726855214,24.707840416687,0 79.6524724244035,24.7078427316678,0 79.6524722942212,24.7078450558649,0 79.6524722953205,24.7078473831021,0 79.6524724276986,24.7078497071956,0 79.6524726910036,24.7078520219697,0 79.6524730845359,24.7078543212737,0 79.6524736072499,24.7078565989978,0 79.6524742577565,24.7078588490895,0 79.6524750343273,24.7078610655699,0 79.6524759348986,24.7078632425494,0 79.6524769570777,24.7078653742432,0 79.6524780981482,24.707867454987,0 79.6524793550781,24.7078694792518,0 79.6524794302354,24.7078695869514,0 79.6524584311289,24.7078869112103,0 79.6524562923992,24.7078866033627,0 79.6524537447025,24.7078862984184,0 79.6524511830994,24.7078861148451,0 79.6524486145141,24.707886053139,0 79.6524460458896,24.7078861134669,0 79.6524434841689,24.7078862956658,0 79.6524409362766,24.7078865992431,0 79.6524384090996,24.7078870233783,0 79.6524359094691,24.7078875669248,0 79.6524334441416,24.7078882284136,0 79.6524310197811,24.7078890060565,0 79.6524286429407,24.7078898977515,0 79.6524263200451,24.7078909010884,0 79.6524240573731,24.707892013355,0 79.652421861041,24.7078932315449,0 79.6524197369854,24.7078945523653,0 79.6524176909479,24.707895972246,0 79.6524157284588,24.7078974873488,0 79.652413854823,24.7078990935785,0 79.6524120751049,24.7079007865933,0 79.6524103941153,24.7079025618169,0 79.6523945827611,24.7079201642976,0 79.6523936767631,24.7079201194057,0 79.6523915127766,24.7079200555683,0 79.6523704127842,24.7079198555687,0 79.652368056919,24.7079198845437,0 79.6523592569221,24.7079201845438,0 79.6523566478053,24.7079203367056,0 79.6523540511478,24.7079206146952,0 79.6523514742162,24.7079210177346,0 79.6523489242219,24.707921544696,0 79.6523464083009,24.7079221941046,0 79.652343933494,24.7079229641431,0 79.6523415067267,24.7079238526567,0 79.6523391347903,24.7079248571588,0 79.6523368243225,24.7079259748383,0 79.6523345817891,24.7079272025676,0 79.6523324134656,24.7079285369108,0 79.6523303254201,24.7079299741339,0 79.6523283234959,24.7079315102149,0 79.6523264132952,24.7079331408551,0 79.6523246001636,24.7079348614912,0 79.6523228891751,24.7079366673082,0 79.6523212851179,24.7079385532524,0 79.6523197924809,24.7079405140463,0 79.652318415441,24.7079425442026,0 79.6523171578519,24.70794463804,0 79.652316023233,24.7079467896989,0 79.6523150147593,24.7079489931582,0 79.6523141352531,24.7079512422514,0 79.6523133871757,24.7079535306847,0 79.6523127726205,24.7079558520539,0 79.6523122933073,24.7079581998627,0 79.6523119505774,24.707960567541,0 79.6523107505734,24.7079709675405,0 79.6523105450115,24.707973355031,0 79.6523104783289,24.7079757491201,0 79.6523105507132,24.707978143071,0 79.6523107619609,24.7079805301473,0 79.6523111114774,24.7079829036322,0 79.6523115982793,24.7079852568469,0 79.6523122209968,24.7079875831698,0 79.6523129778776,24.7079898760548,0 79.652313866792,24.70799212905,0 79.6523148852386,24.7079943358157,0 79.6523160303518,24.7079964901424,0 79.6523172989092,24.707998585968,0 79.6523186873412,24.708000617395,0 79.6523201917412,24.7080025787074,0 79.6523218078757,24.7080044643861,0 79.6523235311971,24.7080062691252,0 79.6523253568564,24.7080079878461,0 79.6523272797162,24.7080096157127,0 79.6523292943658,24.7080111481444,0 79.6523313951363,24.708012580829,0 79.6523335761163,24.7080139097351,0 79.6523358311688,24.7080151311233,0 79.6523381539483,24.7080162415568,0 79.6523405379188,24.7080172379109,0 79.6523429763721,24.708018117382,0 79.6523454624466,24.7080188774955,0 79.6523479891468,24.7080195161122,0 79.6523505493628,24.7080200314354,0 79.6523531358904,24.708020422015,0 79.6523557414515,24.7080206867518,0 79.6523583587143,24.708020824901,0 79.6523609803141,24.7080208360737,0 79.652363598874,24.7080207202387,0 79.6524114732936,24.7080174378815,0 79.6524307578378,24.7080248843884,0 79.6524331828853,24.7080257527203,0 79.6524356546448,24.7080265031337,0 79.6524381662506,24.7080271335443,0 79.6524407107263,24.7080276422011,0 79.6524432810044,24.7080280276911,0 79.6524458699453,24.7080282889436,0 79.6524484703581,24.7080284252329,0 79.6524510750198,24.7080284361806,0 79.6524536766954,24.708028321756,0 79.6524562681584,24.7080280822772,0 79.6524588422108,24.7080277184093,0 79.6524613917026,24.708027231163,0 79.6524618897557,24.7080271106437,0 79.6524745144405,24.708030943136,0 79.6524769921575,24.708031630006,0 79.6524795058544,24.7080321973903,0 79.6524820486312,24.7080326437314,0 79.6524846135082,24.7080329678042,0 79.6524871934452,24.7080331687191,0 79.6524897813604,24.7080332459246,0 79.6524923701503,24.7080331992089,0 79.6524949527088,24.7080330287001,0 79.652497521947,24.7080327348662,0 79.6525000708127,24.7080323185139,0 79.6525025923095,24.708031780786,0 79.652505079516,24.7080311231584,0 79.6525075256052,24.7080303474363,0 79.6525099238627,24.7080294557491,0 79.6525122677055,24.7080284505442,0 79.6525145507,24.7080273345808,0 79.6525167665797,24.7080261109223,0 79.652518909262,24.7080247829274,0 79.6525209728657,24.7080233542414,0 79.6525229517262,24.7080218287858,0 79.6525248404117,24.7080202107479,0 79.6525266337381,24.7080185045691,0 79.6525283267828,24.7080167149326,0 79.6525299148986,24.7080148467508,0 79.6525313937262,24.7080129051518,0 79.6525327592064,24.708010895465,0 79.6525340075911,24.7080088232068,0 79.6525351354536,24.7080066940654,0 79.652536139698,24.7080045138851,0 79.6525370175678,24.7080022886503,0 79.6525377666533,24.7080000244689,0 79.6525383848984,24.7079977275561,0 79.65254329853,24.7079771630677,0 79.652549276839,24.7079718812592,0 79.6525500593164,24.7079714419736,0 79.6525504036216,24.7079728298045,0 79.6525511082866,24.7079751084905,0 79.6525519427663,24.7079773502925,0 79.6525529047652,24.7079795490439,0 79.6525539916371,24.7079816986961,0 79.6525552003922,24.7079837933361,0 79.6525565277056,24.7079858272019,0 79.652557969926,24.7079877946987,0 79.6525595230862,24.7079896904144,0 79.6525611829138,24.7079915091342,0 79.6525629448429,24.7079932458552,0 79.6525648040269,24.7079948958001,0 79.6525667553514,24.7079964544301,0 79.6525687934489,24.7079979174578,0 79.6525709127129,24.7079992808588,0 79.6525731073137,24.7080005408825,0 79.6525753712145,24.7080016940629,0 79.6525776981877,24.7080027372279,0 79.6525800818324,24.7080036675078,0 79.6525825155915,24.7080044823438,0 79.6525849927703,24.7080051794943,0 79.6525875065546,24.7080057570416,0 79.6525900500295,24.708006213397,0 79.6526229218622,24.7080112973903,0 79.6526239353592,24.708011834757,0 79.6526262734444,24.7080129270964,0 79.6526286717461,24.7080139044413,0 79.6526311234925,24.708014764032,0 79.652633621761,24.7080155034415,0 79.6526361594975,24.7080161205821,0 79.6526387295369,24.7080166137112,0 79.6526471295397,24.7080180137118,0 79.652649606752,24.7080183675213,0 79.6526521004193,24.7080186061068,0 79.6526546041236,24.7080187288544,0 79.6526571114206,24.708018735448,0 79.6526596158569,24.7080186258708,0 79.6526621109867,24.7080184004047,0 79.6526645903879,24.7080180596301,0 79.6526670476788,24.708017604424,0 79.6526694765349,24.708017035958,0 79.6526718707047,24.7080163556954,0 79.6526742240261,24.708015565387,0 79.6526765304418,24.7080146670669,0 79.6526787840157,24.7080136630472,0 79.6527023840216,24.7080024630439,0 79.6527045959134,24.7080013468291,0 79.6527067424575,24.7080001287944,0 79.6527088180421,24.707998812124,0 79.6527108172411,24.7079974002603,0 79.6527127348277,24.7079958968942,0 79.6527138918689,24.7079948915311,0 79.6527156925165,24.707995722223,0 79.6527180782869,24.7079966821691,0 79.6527205161496,24.707997525858,0 79.6527229993216,24.7079982509423,0 79.6527255208933,24.7079988554044,0 79.6527280738488,24.7079993375625,0 79.6527306510844,24.7079996960749,0 79.6527332454291,24.7079999299441,0 79.6527358496642,24.7080000385195,0 79.6527384565437,24.7080000214988,0 79.6527410588138,24.7079998789294,0 79.652743649234,24.7079996112081,0 79.6527462205965,24.7079992190797,0 79.6527487657466,24.7079987036354,0 79.6527512776024,24.7079980663093,0 79.6527537491749,24.7079973088747,0 79.652756173587,24.7079964334393,0 79.6527585440929,24.7079954424388,0 79.6527608540968,24.7079943386307,0 79.6527630971711,24.7079931250863,0 79.6527652670746,24.7079918051822,0 79.6527673577696,24.707990382591,0 79.6527693634389,24.7079888612711,0 79.6527712785017,24.7079872454553,0 79.6527730976295,24.7079855396397,0 79.6527748157607,24.7079837485706,0 79.6527764281146,24.7079818772316,0 79.6527779302049,24.7079799308296,0 79.6527793178521,24.7079779147804,0 79.6527805871952,24.7079758346936,0 79.6527817347022,24.7079736963569,0 79.6527827571803,24.7079715057202,0 79.6527836517845,24.7079692688787,0 79.6527844160255,24.7079669920565,0 79.652785047777,24.7079646815887,0 79.6527855452811,24.7079623439041,0 79.6527859071536,24.7079599855071,0 79.6527861323874,24.70795761296,0 79.6527862203561,24.7079552328642,0 79.6527861708147,24.7079528518422,0 79.6527859839012,24.7079504765192,0 79.6527856601356,24.7079481135043,0 79.6527852004188,24.7079457693726,0 79.6527782036623,24.7079148190692,0 79.6527788631038,24.7079147036072,0 79.6527813604669,24.7079141418897,0 79.6527838224588,24.7079134622495,0 79.6527862424118,24.7079126665271,0 79.6527886137721,24.7079117568777,0 79.6527909301174,24.7079107357647,0 79.6527931851744,24.7079096059537,0 79.6527953728358,24.7079083705044,0 79.6527974871769,24.7079070327628,0 79.6527995224716,24.7079055963518,0 79.6528014732076,24.7079040651616,0 79.6528033341019,24.7079024433391,0 79.6528051001147,24.7079007352765,0 79.652814384899,24.7078912736391,0 79.6528154829849,24.707891422131,0 79.6528159086103,24.7078914584189,0 79.6528149682805,24.7078933286315,0 79.6528134682796,24.707896528631,0 79.6528124969354,24.7078987635084,0 79.6528116572262,24.7079010424592,0 79.6528109515339,24.7079033590187,0 79.6528103818605,24.7079057066152,0 79.6528099498221,24.7079080785893,0 79.6528096566442,24.7079104682122,0 79.6528095031585,24.7079128687049,0 79.6528085031472,24.7079416687041,0 79.6528084885051,24.7079440172448,0 79.6528086075788,24.7079463633032,0 79.6528088600462,24.7079487005307,0 79.652809245224,24.7079510226021,0 79.65280976207,24.7079533232337,0 79.6528104091853,24.7079555961995,0 79.6528111848189,24.7079578353485,0 79.6528120868717,24.7079600346211,0 79.6528131129027,24.7079621880658,0 79.6528142601352,24.707964289855,0 79.6528155254646,24.7079663343008,0 79.6528169054667,24.7079683158707,0 79.6528183964071,24.7079702292022,0 79.652819994251,24.7079720691175,0 79.6528216946743,24.7079738306374,0 79.6528234930754,24.707975508995,0 79.6528253845876,24.7079770996483,0 79.652827364092,24.7079785982929,0 79.6528294262319,24.707980000873,0 79.6528315654267,24.7079813035931,0 79.6528337758874,24.7079825029277,0 79.652836051632,24.7079835956314,0 79.6528383865022,24.707984578747,0 79.6528407741792,24.707985449614,0 79.6528432082016,24.7079862058757,0 79.6528456819826,24.7079868454856,0 79.6528481888276,24.7079873667128,0 79.6528507219527,24.7079877681467,0 79.6528532745029,24.707988048701,0 79.6528558395705,24.7079882076164,0 79.6528584102139,24.707988244463,0 79.6528609794767,24.7079881591409,0 79.6528635404058,24.7079879518811,0 79.652866086071,24.7079876232445,0 79.6528686095834,24.7079871741204,0 79.6528711041137,24.7079866057242,0 79.6528735629114,24.7079859195942,0 79.6528759793226,24.7079851175869,0 79.6528783468081,24.707984201873,0 79.6528806589609,24.7079831749304,0 79.6528829095241,24.7079820395381,0 79.6528850924073,24.7079807987689,0 79.6528872017031,24.7079794559804,0 79.6528892317034,24.7079780148064,0 79.6528911769148,24.707976479147,0 79.6528930320732,24.707974853158,0 79.6528947921581,24.7079731412395,0 79.6528964524065,24.7079713480243,0 79.6528980083255,24.7079694783652,0 79.6528994557046,24.7079675373218,0 79.6529039525541,24.7079611560768,0 79.6529059655606,24.7079624336064,0 79.6529081463031,24.7079636694136,0 79.6529103943287,24.707964800147,0 79.6529127035761,24.7079658227576,0 79.6529150678187,24.7079667344883,0 79.6529174806818,24.7079675328806,0 79.6529199356597,24.7079682157819,0 79.6529224261327,24.7079687813508,0 79.652924945386,24.7079692280624,0 79.6529274866267,24.7079695547122,0 79.6529300430028,24.7079697604195,0 79.6529326076216,24.7079698446295,0 79.652935173568,24.7079698071153,0 79.6529377339234,24.707969647978,0 79.6529402817843,24.7079693676467,0 79.6529428102808,24.7079689668772,0 79.6529453125952,24.7079684467502,0 79.6529477819806,24.707967808668,0 79.6529502117787,24.7079670543512,0 79.652952595438,24.7079661858336,0 79.6529549265314,24.707965205457,0 79.6529571987734,24.7079641158648,0 79.6529760898567,24.7079544775566,0 79.6529882869519,24.707955563162,0 79.6530020802849,24.707957793222,0 79.6530219818614,24.7079617925822,0 79.6530245178272,24.7079622390841,0 79.6530270758639,24.707962563958,0 79.6530296489859,24.7079627663167,0 79.6530322301667,24.7079628456076,0 79.6530348123575,24.7079628016142,0 79.6530373885066,24.7079626344567,0 79.6530399515793,24.7079623445914,0 79.6530424945762,24.7079619328099,0 79.6530450105527,24.7079614002369,0 79.6530474926383,24.7079607483265,0 79.6530499340549,24.7079599788592,0 79.6530523281353,24.707959093936,0 79.6530546683418,24.7079580959737,0 79.6530569482836,24.7079569876974,0 79.6530591617348,24.7079557721337,0 79.6530613026508,24.7079544526021,0 79.653063365185,24.7079530327058,0 79.6530635403008,24.7079528984931,0 79.6530636247451,24.7079528968972,0 79.6530662239772,24.7079527222379,0 79.6530688095159,24.7079524226505,0 79.6530713741707,24.7079519989684,0 79.6530739108093,24.7079514523695,0 79.6530764123775,24.7079507843742,0 79.6530788719183,24.70794999684,0 79.653081282592,24.7079490919571,0 79.6530836376943,24.7079480722418,0 79.6530845004524,24.7079476464236,0 79.6530850459798,24.7079477899169,0 79.6530875115867,24.7079483152076,0 79.6530900034063,24.7079487244641,0 79.6530925148992,24.7079490166124,0 79.6530950394746,24.7079491908857,0 79.6530975705072,24.7079492468269,0 79.6531001013547,24.7079491842889,0 79.6531026253755,24.707949003436,0 79.6531051359457,24.7079487047428,0 79.6531093359472,24.7079481047427,0 79.6531118464325,24.7079476851731,0 79.65311432986,24.7079471477737,0 79.6531167796072,24.7079464939776,0 79.6531191891411,24.7079457255283,0 79.6531215520363,24.7079448444751,0 79.6531238619914,24.7079438531675,0 79.6531259498582,24.7079428338235,0 79.6531273286075,24.7079438574463,0 79.6531293856627,24.7079452301435,0 79.6531315174152,24.7079465041893,0 79.653133718201,24.7079476761988,0 79.6531359821729,24.7079487430581,0 79.6531383033156,24.7079497019325,0 79.6531406754622,24.7079505502744,0 79.6531430923101,24.70795128583,0 79.6531455474379,24.7079519066448,0 79.6531480343226,24.7079524110694,0 79.6531505463567,24.7079527977636,0 79.653153076866,24.7079530657001,0 79.6531556191272,24.7079532141668,0 79.6531581663857,24.7079532427695,0 79.6531607118736,24.7079531514319,0 79.653163248828,24.707952940397,0 79.6531966461089,24.7079493673274,0 79.6532179401183,24.7079576997662,0 79.6532202714268,24.7079585486902,0 79.6532226469058,24.7079592884075,0 79.6532250604293,24.7079599170105,0 79.6532275057735,24.7079604328783,0 79.6532299766325,24.7079608346805,0 79.6532324666345,24.7079611213809,0 79.6532349693585,24.7079612922404,0 79.6532374783504,24.7079613468182,0 79.6532399871404,24.7079612849736,0 79.6532424892587,24.7079611068661,0 79.6532439390189,24.7079609356722,0 79.6532575704877,24.7079630719469,0 79.6532702351707,24.7079660873478,0 79.6532725485223,24.7079665842089,0 79.6532748853457,24.7079669789096,0 79.6532772402377,24.7079672705373,0 79.6532796077535,24.7079674584177,0 79.6533023077616,24.7079687584185,0 79.6533047279726,24.7079688427018,0 79.6533071497974,24.7079688185702,0 79.65330956742,24.7079686860815,0 79.653311975034,24.7079684455541,0 79.6533143668574,24.7079680975654,0 79.6533321668636,24.7079650975646,0 79.6533346853389,24.707964610826,0 79.6533356193391,24.7079643833184,0 79.6533359062067,24.7079648050604,0 79.6533373560195,24.7079667105905,0 79.6533389111015,24.7079685455504,0 79.6533405673442,24.7079703050919,0 79.6533423203717,24.7079719845663,0 79.6533441655525,24.7079735795363,0 79.6533460980114,24.7079750857881,0 79.653348112643,24.7079764993419,0 79.6533502041245,24.7079778164632,0 79.6533523669301,24.7079790336721,0 79.6533545953455,24.7079801477526,0 79.6533568834833,24.7079811557614,0 79.6533592252981,24.7079820550352,0 79.6533616146028,24.707982843198,0 79.6533640450846,24.7079835181677,0 79.6533665103222,24.7079840781608,0 79.6533690038024,24.7079845216978,0 79.6533715189372,24.7079848476069,0 79.6533740490816,24.707985055027,0 79.6533765875509,24.7079851434102,0 79.6533791276382,24.7079851125228,0 79.6533816626327,24.7079849624466,0 79.6533841858368,24.707984693578,0 79.6533996067356,24.7079826821569,0 79.6534538897788,24.7079995434503,0 79.6534553431303,24.707999972119,0 79.6535054431455,24.7080139721244,0 79.6535079122875,24.7080145986357,0 79.6535104136603,24.7080151073881,0 79.6535129405385,24.7080154970137,0 79.6535154861282,24.708015766465,0 79.6535180435853,24.7080159150175,0 79.6535206060336,24.7080159422718,0 79.6535231665836,24.7080158481545,0 79.6535257183509,24.7080156329189,0 79.6535282544748,24.7080152971435,0 79.6535307681365,24.7080148417311,0 79.6535332525775,24.7080142679062,0 79.6535357011183,24.7080135772116,0 79.6535381071754,24.7080127715044,0 79.6535404642799,24.7080118529507,0 79.6535427660944,24.7080108240202,0 79.65354500643,24.7080096874794,0 79.6535471792634,24.7080084463841,0 79.6535492787525,24.7080071040711,0 79.6535512992525,24.7080056641493,0 79.6535532353311,24.7080041304903,0 79.6535550817829,24.7080025072175,0 79.6535568336433,24.7080007986953,0 79.6535584862023,24.7079990095174,0 79.6535600350167,24.7079971444941,0 79.6535605569582,24.7079964432666,0 79.6535858785216,24.7080237691809,0 79.6535875804254,24.7080255122853,0 79.653589378738,24.708027172651,0 79.6535912686461,24.7080287458338,0 79.6535932450913,24.7080302276231,0 79.6535953027835,24.7080316140527,0 79.653597436215,24.7080329014117,0 79.6535996396757,24.7080340862546,0 79.6536019072678,24.7080351654098,0 79.653604232922,24.7080361359891,0 79.6536066104135,24.7080369953945,0 79.6536090333788,24.7080377413259,0 79.6536114953326,24.7080383717867,0 79.6536119550051,24.7080384778651,0 79.6536278102721,24.708059017649,0 79.6536293217905,24.7080608729622,0 79.6536309353328,24.7080626551315,0 79.6536326466646,24.7080643594801,0 79.6536344512951,24.7080659815356,0 79.6536363444887,24.7080675170413,0 79.6536383212771,24.7080689619677,0 79.6536403764731,24.7080703125232,0 79.6536425046833,24.7080715651635,0 79.6536447003229,24.7080727166016,0 79.6536469576301,24.7080737638158,0 79.6536492706814,24.7080747040581,0 79.6536516334068,24.708075534861,0 79.6536540396061,24.7080762540445,0 79.653656482965,24.7080768597211,0 79.6536589570717,24.7080773503015,0 79.6536612570724,24.7080777503017,0 79.6536641711605,24.7080781751735,0 79.6536671078126,24.7080784404093,0 79.6536700565589,24.7080785450635,0 79.6536944565677,24.7080787450639,0 79.6536970346807,24.7080787047475,0 79.653699606983,24.7080785416541,0 79.6537021664727,24.7080782562276,0 79.6537047061827,24.7080778492449,0 79.6537072191999,24.708077321814,0 79.6537096986837,24.7080766753705,0 79.6537121378848,24.7080759116739,0 79.6537145301636,24.7080750328033,0 79.6537168690083,24.7080740411508,0 79.6537191480524,24.7080729394158,0 79.6537213610922,24.7080717305973,0 79.6537235021038,24.7080704179857,0 79.6537255652592,24.708069005154,0 79.6537275449425,24.708067495948,0 79.6537294357648,24.7080658944758,0 79.6537312325793,24.7080642050967,0 79.6537329304949,24.7080624324093,0 79.6537345248899,24.7080605812389,0 79.6537360114243,24.7080586566244,0 79.6537373860516,24.7080566638048,0 79.6537384201601,24.7080549753615,0 79.6537577600527,24.708047510842,0 79.6537612137966,24.708048044926,0 79.6537664340588,24.708049206706,0 79.6537667983985,24.7080500356268,0 79.6537678012974,24.7080520308847,0 79.6537689091982,24.7080539792431,0 79.6537701194806,24.7080558760941,0 79.6537714292823,24.7080577169518,0 79.6537717292823,24.7080581169519,0 79.6537732231196,24.7080600025755,0 79.6537748213575,24.7080618153614,0 79.6537765197477,24.7080635504909,0 79.6537783137757,24.7080652033521,0 79.6537791137757,24.7080659033522,0 79.6537809876322,24.7080674608394,0 79.6537829463967,24.7080689285613,0 79.653784984922,24.7080703026613,0 79.6537870978516,24.7080715795286,0 79.6537892796331,24.708072755808,0 79.6537915245336,24.7080738284085,0 79.6537938266539,24.7080747945116,0 79.6537961799448,24.7080756515786,0 79.6537985782226,24.7080763973575,0 79.6538010151851,24.7080770298885,0 79.6538034844286,24.7080775475095,0 79.6538059794648,24.7080779488604,0 79.6538084937374,24.7080782328864,0 79.6538110206395,24.7080783988413,0 79.6538135535311,24.708078446289,0 79.6538160857565,24.7080783751048,0 79.6538186106617,24.7080781854757,0 79.653821121612,24.7080778779001,0 79.6538236120092,24.7080774531861,0 79.6538260753094,24.7080769124499,0 79.6538305753108,24.7080758124496,0 79.6538328066103,24.7080752153011,0 79.6538350046956,24.7080745229469,0 79.6538371647017,24.7080737369193,0 79.6538392818479,24.7080728589579,0 79.6538472434225,24.7080693487437,0 79.6538474445393,24.7080700179278,0 79.6538481202961,24.7080719290332,0 79.6538488884255,24.7080738107941,0 79.6538529884224,24.7080832107952,0 79.6538540127841,24.7080853909216,0 79.6538551611016,24.7080875188808,0 79.6538564302039,24.7080895887965,0 79.6538578165863,24.7080915949527,0 79.6538593164205,24.7080935318093,0 79.6538609255645,24.7080953940177,0 79.6538626395748,24.7080971764354,0 79.6538644537181,24.7080988741403,0 79.6538663629847,24.7081004824442,0 79.6538683621022,24.7081019969058,0 79.6538704455499,24.7081034133428,0 79.6538726075746,24.7081047278439,0 79.6538748422056,24.7081059367789,0 79.6538771432722,24.7081070368095,0 79.65387950442,24.7081080248979,0 79.6538819191286,24.7081088983155,0 79.6538843807298,24.7081096546504,0 79.653886882426,24.7081102918139,0 79.6538894173086,24.7081108080465,0 79.6538919783777,24.7081112019226,0 79.6538945585608,24.7081114723546,0 79.6538971507328,24.7081116185957,0 79.6538997477354,24.7081116402419,0 79.6539023423969,24.7081115372337,0 79.6539049275523,24.7081113098552,0 79.6539074960627,24.7081109587347,0 79.653910040835,24.7081104848415,0 79.653912554842,24.7081098894843,0 79.6539150311412,24.7081091743074,0 79.6539174628942,24.7081083412855,0 79.6539198433859,24.7081073927191,0 79.6539221660425,24.7081063312277,0 79.65392442445,24.7081051597425,0 79.6539266123718,24.7081038814986,0 79.653928723766,24.708102500026,0 79.6539307528019,24.7081010191394,0 79.6539326938765,24.7080994429284,0 79.6539345416294,24.7080977757457,0 79.653936290958,24.7080960221952,0 79.6539379370317,24.7080941871193,0 79.6539381642472,24.7080939047701,0 79.6539482779588,24.708091839508,0 79.6539486095773,24.708094093288,0 79.6539490931832,24.7080964356284,0 79.6539497114474,24.7080987513878,0 79.6539504626464,24.7081010341106,0 79.6539513446862,24.7081032774338,0 79.6539523551082,24.7081054751038,0 79.6539534910956,24.7081076209946,0 79.6539547494819,24.7081097091244,0 79.6539561267592,24.7081117336723,0 79.6539576190883,24.7081136889949,0 79.6539592223092,24.7081155696414,0 79.6539609319529,24.7081173703696,0 79.6539627432535,24.7081190861597,0 79.6539646511621,24.7081207122288,0 79.6539666503602,24.7081222440443,0 79.6539687352749,24.708123677336,0 79.6539709000944,24.7081250081086,0 79.6539731387841,24.7081262326525,0 79.6539754451034,24.7081273475541,0 79.6539778126235,24.7081283497057,0 79.6539802347447,24.7081292363136,0 79.6539827047151,24.7081300049063,0 79.6539852156495,24.7081306533414,0 79.6539877605487,24.7081311798113,0 79.6539903323185,24.7081315828485,0 79.6539929237898,24.7081318613294,0 79.6539955277389,24.7081320144777,0 79.6539981369071,24.7081320418667,0 79.6540007440211,24.7081319434198,0 79.6540033418134,24.7081317194115,0 79.6540059230425,24.7081313704663,0 79.6540084805131,24.7081308975569,0 79.6540110070961,24.7081303020015,0 79.6540134957484,24.7081295854603,0 79.6540159395327,24.7081287499307,0 79.6540183316369,24.7081277977418,0 79.6540206653928,24.7081267315478,0 79.654022934295,24.7081255543209,0 79.6540251320186,24.7081242693427,0 79.6540582420883,24.7081037650342,0 79.6540606902218,24.708103332215,0 79.6540624519288,24.7081033079577,0 79.6540646393175,24.7081031718925,0 79.6540717392247,24.7081051265226,0 79.6540743897963,24.7081057834292,0 79.6540792488828,24.7081068562146,0 79.6540962709761,24.7081126254487,0 79.6541080743701,24.7081233336845,0 79.6541101497792,24.708125111115,0 79.6541123337053,24.7081267765132,0 79.6541146189121,24.7081283243611,0 79.6541169978276,24.7081297495297,0 79.6541194625693,24.7081310472967,0 79.6541257625706,24.7081341472978,0 79.6541280629086,24.7081352094703,0 79.6541304207386,24.7081361606428,0 79.6541328296476,24.7081369982279,0 79.6541352830832,24.7081377199476,0 79.6541377743724,24.7081383238387,0 79.6541402967388,24.7081388082586,0 79.6541428433218,24.7081391718899,0 79.6541454071947,24.7081394137434,0 79.6541479813839,24.7081395331613,0 79.6541505588877,24.7081395298188,0 79.6541531326954,24.7081394037249,0 79.6541556958063,24.7081391552227,0 79.6541582412489,24.708138784988,0 79.6541607620996,24.7081382940279,0 79.6541632515018,24.7081376836778,0 79.6541657026845,24.7081369555978,0 79.6541681089804,24.7081361117682,0 79.6541704638447,24.7081351544843,0 79.6541727608721,24.7081340863498,0 79.6541749938149,24.70813291027,0 79.6541771565994,24.7081316294438,0 79.6541792433431,24.7081302473549,0 79.65418124837,24.7081287677627,0 79.6541831662265,24.7081271946915,0 79.6541849916963,24.7081255324201,0 79.6541867198139,24.7081237854697,0 79.6541883458791,24.7081219585921,0 79.6541898654691,24.7081200567562,0 79.6541912744505,24.7081180851349,0 79.6541925689911,24.708116049091,0 79.6541937455697,24.7081139541625,0 79.654194800986,24.7081118060474,0 79.6541957323695,24.7081096105886,0 79.6541965371868,24.7081073737576,0 79.65420323718,24.7080869737553,0 79.654203919519,24.7080846781068,0 79.6542044685471,24.7080823528141,0 79.6542048827402,24.7080800043324,0 79.6542051609483,24.7080776391816,0 79.654205302399,24.7080752639279,0 79.6542053066998,24.7080728851653,0 79.6542051738386,24.7080705094976,0 79.6542049041844,24.7080681435203,0 79.6542044984857,24.7080657938016,0 79.6542039578688,24.7080634668648,0 79.6542032838346,24.70806116917,0 79.6542024782544,24.7080589070958,0 79.6542015433646,24.7080566869224,0 79.6542005433639,24.7080544869226,0 79.6541994860256,24.70805232296,0 79.6541983058463,24.7080502126595,0 79.6541970060774,24.7080481618353,0 79.6541955903,24.7080461761379,0 79.6541940624148,24.708044261038,0 79.6541924266314,24.708042421812,0 79.6541906874566,24.7080406635274,0 79.6541888496821,24.7080389910284,0 79.6541869183712,24.708037408923,0 79.654184898845,24.7080359215702,0 79.6541827966675,24.7080345330677,0 79.6541806176306,24.7080332472412,0 79.6541783677379,24.7080320676333,0 79.6541760531881,24.708030997494,0 79.6541736803582,24.7080300397717,0 79.6541719517412,24.7080294389862,0 79.6541666540028,24.708017968661,0 79.6541680540383,24.7080178021717,0 79.6541705860991,24.7080173775737,0 79.6541730905215,24.7080168331065,0 79.65417556051,24.7080161702476,0 79.6541779893628,24.7080153907954,0 79.6541803704895,24.708014496865,0 79.6541826974293,24.7080134908819,0 79.6541849638684,24.7080123755756,0 79.6541871636571,24.7080111539724,0 79.6541892908267,24.7080098293869,0 79.6541913396055,24.7080084054132,0 79.6541933044343,24.7080068859149,0 79.6541951799819,24.7080052750151,0 79.6541969611593,24.7080035770847,0 79.6541986431336,24.7080017967307,0 79.6542002213409,24.7079999387838,0 79.654201691499,24.7079980082854,0 79.654203049619,24.7079960104735,0 79.6542042920157,24.7079939507689,0 79.6542054153181,24.7079918347603,0 79.6542064164783,24.7079896681891,0 79.6542072927799,24.7079874569341,0 79.654208041845,24.707985206995,0 79.6542125418399,24.7079703069934,0 79.6542131684834,24.7079679960734,0 79.6542136608996,24.70796565819,0 79.654214017719,24.7079632998447,0 79.6542142379496,24.7079609275956,0 79.6542143209789,24.7079585480396,0 79.6542142665759,24.7079561677938,0 79.654214074892,24.7079537934774,0 79.6542137464602,24.7079514316929,0 79.6542132821938,24.7079490890083,0 79.654212683384,24.707946771938,0 79.6542119516959,24.7079444869254,0 79.6542110891642,24.707942240325,0 79.6542100981875,24.7079400383841,0 79.6542089815216,24.707937887226,0 79.6542077422718,24.7079357928327,0 79.6542063838842,24.7079337610284,0 79.6542049101363,24.7079317974633,0 79.6542033251264,24.7079299075977,0 79.6542016332621,24.707928096687,0 79.6541998392482,24.7079263697672,0 79.6541979480738,24.7079247316405,0 79.6541959649977,24.7079231868622,0 79.6541863285463,24.7079160724535,0 79.654184487565,24.7078999318113,0 79.6541855893723,24.7078994216821,0 79.6541878336607,24.7078982438127,0 79.654190007366,24.707896960224,0 79.654192104526,24.7078955744369,0 79.6541941193886,24.7078940902522,0 79.6541960464273,24.7078925117408,0 79.6541978803566,24.7078908432323,0 79.6541996161464,24.7078890893032,0 79.6542012490357,24.7078872547642,0 79.6542027745457,24.7078853446471,0 79.6542041884921,24.7078833641911,0 79.6542054869969,24.7078813188282,0 79.6542066664985,24.7078792141685,0 79.6542077237616,24.7078770559847,0 79.6542086558863,24.7078748501964,0 79.6542094603161,24.7078726028537,0 79.6542101348444,24.7078703201206,0 79.6542106776213,24.7078680082584,0 79.6542110871579,24.707865673608,0 79.654211362331,24.707863322573,0 79.6542115023858,24.707860961602,0 79.6542115069382,24.7078585971706,0 79.6542114164639,24.7078569658146,0 79.6542130631737,24.7078562785864,0 79.6542152742171,24.7078552297483,0 79.6542174245906,24.7078540804561,0 79.6542195088295,24.7078528336303,0 79.6542215216375,24.7078514924395,0 79.6542786216453,24.7078113924285,0 79.6542806272095,24.7078099062213,0 79.654282545051,24.7078083263419,0 79.6542843699333,24.7078066571039,0 79.6542860968736,24.7078049030653,0 79.6542877211565,24.7078030690154,0 79.6542892383469,24.707801159962,0 79.6542906443022,24.7077991811178,0 79.6542919351834,24.707797137886,0 79.6542931074659,24.7077950358454,0 79.6542941579488,24.7077928807358,0 79.6542950837637,24.7077906784416,0 79.6542958823827,24.707788434976,0 79.6542965516253,24.7077861564649,0 79.6542970896641,24.7077838491297,0 79.6542974950299,24.7077815192704,0 79.6542977666161,24.7077791732487,0 79.6542979036809,24.7077768174704,0 79.6542979058502,24.7077744583678,0 79.6542977731181,24.7077721023825,0 79.6542975058469,24.7077697559473,0 79.6542971047665,24.7077674254692,0 79.6542965709721,24.7077651173114,0 79.654295905921,24.7077628377764,0 79.6542951114293,24.7077605930884,0 79.6542941896663,24.7077583893763,0 79.6542931431488,24.7077562326575,0 79.6542919747344,24.7077541288207,0 79.6542906876134,24.7077520836105,0 79.6542892853002,24.7077501026112,0 79.6542877716237,24.7077481912319,0 79.6542861507172,24.7077463546915,0 79.6542844270064,24.7077445980047,0 79.6542826051979,24.7077429259681,0 79.654280690266,24.7077413431471,0 79.6542786874395,24.7077398538636,0 79.654276602187,24.707738462184,0 79.6542744402023,24.7077371719083,0 79.6542722073885,24.7077359865595,0 79.6542699098424,24.7077349093742,0 79.6542675538373,24.7077339432936,0 79.6542651458062,24.7077330909556,0 79.6542626923242,24.7077323546875,0 79.6542602000904,24.7077317364995,0 79.6542576759099,24.7077312380798,0 79.654250429926,24.7077299873672,0 79.6542519138101,24.7077283778982,0 79.6542534611394,24.7077265111606,0 79.6542549004391,24.7077245736487,0 79.6542562278377,24.707722570574,0 79.6542574397646,24.7077205073247,0 79.6542585329598,24.7077183894507,0 79.6542595044827,24.7077162226489,0 79.65426035172,24.7077140127477,0 79.6542610723928,24.7077117656916,0 79.6542616645626,24.7077094875249,0 79.6542621266363,24.7077071843758,0 79.6542624573713,24.7077048624394,0 79.6542626558777,24.7077025279615,0 79.6542626779937,24.7077017405456,0 79.6542638192616,24.7077007864317,0 79.6542656534815,24.7076990814845,0 79.6542673863423,24.707697290239,0 79.6542690129855,24.7076954177169,0 79.6542705288508,24.7076934691682,0 79.6542719296883,24.7076914500556,0 79.6542732115707,24.70768936604,0 79.6542743709041,24.7076872229641,0 79.6542754044383,24.7076850268361,0 79.6542763092756,24.707682783813,0 79.6542770828793,24.7076805001835,0 79.6542777230804,24.7076781823498,0 79.6542782280843,24.7076758368101,0 79.654278596475,24.7076734701404,0 79.6542788272197,24.7076710889758,0 79.6542789196716,24.7076686999921,0 79.6542788735715,24.707666309887,0 79.6542786890485,24.7076639253614,0 79.6542783666201,24.7076615531004,0 79.6542779071902,24.707659199755,0 79.6542773120468,24.7076568719228,0 79.6542765828586,24.7076545761302,0 79.6542757216698,24.7076523188136,0 79.6542747308948,24.7076501063016,0 79.6542736133115,24.707647944797,0 79.6542723720529,24.70764584036,0 79.6542710105992,24.7076437988904,0 79.6542698969649,24.7076423122843,0 79.6542714210102,24.7076419455528,0 79.6542738566179,24.7076412345435,0 79.6542762487104,24.7076404094116,0 79.6542785908847,24.7076394723657,0 79.6542792908849,24.7076391723656,0 79.6542815696665,24.7076381294273,0 79.6542837865577,24.7076369805547,0 79.6542859356623,24.7076357288036,0 79.6542880112643,24.707634377503,0 79.6542900078433,24.7076329302472,0 79.654291920089,24.7076313908854,0 79.6542937429152,24.7076297635119,0 79.654295471474,24.7076280524548,0 79.6542971011678,24.7076262622653,0 79.6542986276622,24.7076243977045,0 79.654300046897,24.7076224637317,0 79.6543013550977,24.7076204654907,0 79.6543025487848,24.7076184082962,0 79.6543036247834,24.7076162976197,0 79.6543045802317,24.707614139075,0 79.6543054125886,24.7076119384031,0 79.6543061196401,24.7076097014572,0 79.6543067196394,24.707607601457,0 79.6543073131864,24.7076052734812,0 79.6543077710248,24.7076029200713,0 79.6543080918713,24.7076005478242,0 79.6543082748264,24.7075981633895,0 79.6543083193773,24.7075957734512,0 79.6543082253993,24.7075933847087,0 79.6543079931556,24.7075910038577,0 79.6543076232973,24.7075886375723,0 79.6543071168613,24.7075862924854,0 79.654306565377,24.7075843006304,0 79.6543074575499,24.7075834752111,0 79.6543091641236,24.7075817229714,0 79.6543107687811,24.7075798921359,0 79.6543122671918,24.7075779876456,0 79.654313655312,24.7075760146403,0 79.6543149293953,24.7075739784446,0 79.6543160860035,24.7075718845538,0 79.654317122015,24.7075697386187,0 79.6543180346339,24.7075675464306,0 79.6543188213974,24.7075653139059,0 79.6543194801821,24.7075630470694,0 79.6543200092102,24.7075607520388,0 79.6543204070538,24.707558435008,0 79.6543206726395,24.7075561022299,0 79.6543208052504,24.7075537600001,0 79.6543208045285,24.7075514146398,0 79.654320670476,24.7075490724786,0 79.6543204034546,24.7075467398372,0 79.6543200041849,24.7075444230111,0 79.6543194737444,24.7075421282526,0 79.6543188135648,24.7075398617549,0 79.6543180254275,24.7075376296345,0 79.6543171114597,24.7075354379155,0 79.654316074128,24.7075332925128,0 79.6543149162318,24.7075311992163,0 79.654313640896,24.7075291636752,0 79.6543116595255,24.7075261835672,0 79.6543136988112,24.7075178133505,0 79.654323659101,24.7074864958637,0 79.6543243099898,24.7074842318039,0 79.6543245209481,24.7074833047989,0 79.6543284687588,24.7074790482194,0 79.6543288192673,24.7074788101764,0 79.6543308215252,24.7074772946978,0 79.654332733758,24.7074756851161,0 79.6543345506724,24.707473985887,0 79.6543362672388,24.7074722017143,0 79.6543378787055,24.7074703375369,0 79.6543393806117,24.707468398515,0 79.6543407687999,24.7074663900163,0 79.6543420394272,24.7074643176005,0 79.6543431889766,24.7074621870046,0 79.6543442142657,24.7074600041263,0 79.6543451124565,24.7074577750082,0 79.6543458810625,24.7074555058209,0 79.6543465179562,24.7074532028459,0 79.6543470213746,24.7074508724581,0 79.654347389924,24.7074485211086,0 79.6543476225844,24.7074461553062,0 79.6543477187117,24.7074437815998,0 79.6543476834544,24.7074417227533,0 79.6543506238908,24.7074365702418,0 79.6543518229639,24.707434318942,0 79.6543528835787,24.7074320103837,0 79.6543538024735,24.7074296516664,0 79.6543545768224,24.7074272500439,0 79.6543552042441,24.7074248129017,0 79.6543556828091,24.7074223477348,0 79.6543560110456,24.7074198621243,0 79.6543575110399,24.7074050621236,0 79.6543576846784,24.7074026426043,0 79.6543577158686,24.7074002180585,0 79.6543576045205,24.7073977954799,0 79.6543573509554,24.7073953818561,0 79.6543569559046,24.7073929841492,0 79.6543564205077,24.7073906092753,0 79.6543557463091,24.7073882640847,0 79.6543549352533,24.7073859553419,0 79.65435398968,24.7073836897064,0 79.6543529123165,24.7073814737134,0 79.6543517062704,24.7073793137548,0 79.6543503750207,24.707377216061,0 79.6543489224072,24.7073751866825,0 79.65434735262,24.7073732314733,0 79.6543472253118,24.7073730895634,0 79.6543471296387,24.707372561831,0 79.6543465748027,24.7073702564474,0 79.654345888824,24.7073679807056,0 79.6543450735779,24.7073657408263,0 79.6543441312928,24.7073635429325,0 79.6543430645446,24.7073613930323,0 79.6543418762493,24.7073592970025,0 79.6543405696552,24.7073572605729,0 79.6543397648273,24.7073561443387,0 79.6543402168571,24.7073559086308,0 79.654342396891,24.7073546290034,0 79.6543445005071,24.7073532467532,0 79.6543465219222,24.7073517656799,0 79.6543484555792,24.7073501898555,0 79.6543502961622,24.707348523612,0 79.6543520386111,24.7073467715301,0 79.6543536781357,24.7073449384267,0 79.6543552102287,24.7073430293412,0 79.6543566306782,24.707341049522,0 79.654357935579,24.7073390044118,0 79.654359121344,24.707336899633,0 79.6543596406543,24.7073358454225,0 79.6543620456564,24.7073356513538,0 79.6543646269553,24.7073353169761,0 79.6543671853597,24.7073348587139,0 79.6543697137499,24.7073342778424,0 79.6543722050898,24.7073335759781,0 79.6543746524463,24.7073327550743,0 79.6543770490087,24.7073318174153,0 79.6543793881078,24.7073307656106,0 79.6543868881097,24.7073271656096,0 79.6543891601028,24.7073260042881,0 79.6543913619969,24.7073247352814,0 79.6543934876816,24.7073233621111,0 79.6543955312578,24.7073218885878,0 79.6543974870545,24.7073203188006,0 79.6543993496442,24.707318657106,0 79.6544011138579,24.7073169081151,0 79.6544027748,24.7073150766816,0 79.6544043278611,24.707313167888,0 79.6544057687313,24.7073111870313,0 79.6544070934122,24.7073091396084,0 79.6544082982275,24.7073070313013,0 79.6544093798339,24.7073048679607,0 79.6544103352298,24.7073026555899,0 79.6544111617639,24.7073004003285,0 79.6544118571425,24.7072981084352,0 79.6544124194359,24.70729578627,0 79.6544128470837,24.7072934402772,0 79.6544131388991,24.7072910769671,0 79.6544132940723,24.7072887028981,0 79.6544133121727,24.7072863246584,0 79.65441319315,24.7072839488479,0 79.6544129373347,24.7072815820597,0 79.6544125454366,24.7072792308618,0 79.6544120185432,24.7072769017789,0 79.6544113581168,24.7072746012745,0 79.6544105659901,24.7072723357326,0 79.6544097118447,24.7072702743075,0 79.6544102402863,24.7072703229438,0 79.654412835954,24.707270436432,0 79.6544154345637,24.7072704251279,0 79.6544180289306,24.7072702890625,0 79.654420611882,24.7072700286122,0 79.6544231762764,24.707269644497,0 79.6544257150239,24.7072691377789,0 79.6544282211054,24.7072685098588,0 79.6544306875922,24.7072677624729,0 79.6544331076648,24.7072668976875,0 79.6544354746325,24.7072659178935,0 79.6544377819509,24.7072648257998,0 79.6544400232408,24.7072636244259,0 79.6544421923057,24.7072623170933,0 79.6544442831484,24.7072609074165,0 79.6544462899883,24.707259399293,0 79.6544482072769,24.7072577968923,0 79.6544500297132,24.7072561046448,0 79.6544517522587,24.7072543272291,0 79.6544533701509,24.7072524695595,0 79.6544548789167,24.707250536772,0 79.6544562743847,24.7072485342103,0 79.6544575526966,24.7072464674111,0 79.6544587103183,24.7072443420886,0 79.6544597440492,24.707242164119,0 79.6544606510313,24.7072399395237,0 79.6544614287569,24.7072376744533,0 79.6544620750758,24.7072353751703,0 79.6544625882011,24.7072330480317,0 79.6544629667141,24.7072306994714,0 79.6544641667107,24.7072215994709,0 79.6544644073815,24.7072192654316,0 79.6544645150961,24.7072169231265,0 79.6544644895639,24.7072145788714,0 79.6544643308539,24.7072122389878,0 79.6544640393939,24.7072099097849,0 79.65446361597,24.7072075975435,0 79.6544630617239,24.7072053084984,0 79.6544623781501,24.7072030488221,0 79.6544591781467,24.7071934488229,0 79.654458880492,24.7071925869149,0 79.6544499804834,24.7071676869173,0 79.6544491251285,24.7071654881369,0 79.6544481465501,24.7071633326667,0 79.6544470473623,24.707161226265,0 79.6544458305017,24.707159174559,0 79.6544444992191,24.7071571830299,0 79.6544430570711,24.7071552569981,0 79.6544415079104,24.707153401609,0 79.6544398558756,24.7071516218193,0 79.6544381053801,24.7071499223836,0 79.6544362611004,24.7071483078422,0 79.6544343279634,24.7071467825081,0 79.6544323111336,24.7071453504563,0 79.6544302159989,24.7071440155127,0 79.6544280481566,24.7071427812434,0 79.654425813398,24.7071416509458,0 79.6544235176932,24.7071406276396,0 79.6544211671754,24.7071397140585,0 79.6544187681238,24.7071389126431,0 79.6544163269476,24.7071382255345,0 79.6544138501685,24.7071376545682,0 79.654411344403,24.7071372012696,0 79.6544088163454,24.7071368668496,0 79.6544062727494,24.7071366522018,0 79.6544037204103,24.7071365578994,0 79.6544011661466,24.7071365841945,0 79.654398616782,24.7071367310167,0 79.6543960791273,24.707136997974,0 79.6543935599616,24.7071373843529,0 79.6543910660151,24.7071378891215,0 79.6543886039503,24.7071385109311,0 79.6543861803447,24.7071392481206,0 79.6543838016728,24.7071400987206,0 79.6543824104656,24.7071406736052,0 79.6543819237985,24.7071385225016,0 79.6543812779387,24.7071362639193,0 79.6543805051456,24.7071340388526,0 79.654379607485,24.7071318532502,0 79.654378587357,24.7071297129554,0 79.654377447489,24.7071276236902,0 79.6543761909283,24.7071255910405,0 79.6543748210345,24.7071236204405,0 79.65437334147,24.7071217171588,0 79.6543717561905,24.7071198862836,0 79.6543700694341,24.7071181327101,0 79.6543682857106,24.7071164611263,0 79.6543664097888,24.7071148760013,0 79.6543644466839,24.7071133815729,0 79.6543624016444,24.7071119818366,0 79.6543602801378,24.7071106805346,0 79.6543580878359,24.7071094811459,0 79.6543558305999,24.7071083868771,0 79.6543535144646,24.7071074006538,0 79.6543511456223,24.7071065251126,0 79.654348730406,24.7071057625944,0 79.654346275273,24.7071051151378,0 79.654343786787,24.7071045844737,0 79.6543412716012,24.7071041720209,0 79.6543387364398,24.7071038788821,0 79.6543361880808,24.707103705841,0 79.6543336333372,24.7071036533602,0 79.6543310790392,24.7071037215801,0 79.6543285320157,24.7071039103182,0 79.6543259990763,24.70710421907,0 79.6543234869929,24.7071046470099,0 79.6543210024815,24.707105192994,0 79.6543185521846,24.7071058555625,0 79.6542834521957,24.7071162555594,0 79.6542810411236,24.7071170334785,0 79.6542786773239,24.7071179242763,0 79.6542763671243,24.7071189255682,0 79.6542741167092,24.7071200346737,0 79.6542719321029,24.7071212486239,0 79.6542698191536,24.7071225641689,0 79.6542677835175,24.7071239777871,0 79.6542658306441,24.7071254856943,0 79.654263965761,24.7071270838539,0 79.6542621938605,24.7071287679876,0 79.6542605196861,24.7071305335871,0 79.6542589477194,24.7071323759258,0 79.6542574821684,24.7071342900719,0 79.6542561269566,24.7071362709013,0 79.6542548857117,24.7071383131114,0 79.6542537617565,24.7071404112351,0 79.6542527580998,24.7071425596559,0 79.6542518774285,24.7071447526226,0 79.6542511220999,24.7071469842645,0 79.6542504941363,24.7071492486076,0 79.6542499952185,24.7071515395904,0 79.6542496266822,24.70715385108,0 79.654249389514,24.7071561768885,0 79.6542492843487,24.7071585107898,0 79.654249311468,24.7071608465362,0 79.6542494707991,24.7071631778748,0 79.6542497619156,24.7071654985648,0 79.6542501840382,24.7071678023936,0 79.6542507360368,24.7071700831942,0 79.6542514164339,24.7071723348606,0 79.654252223408,24.7071745513654,0 79.6542531547988,24.707176726775,0 79.6542542081131,24.7071788552659,0 79.6542553805311,24.70718093114,0 79.6542561644747,24.7071821588519,0 79.6542514583704,24.7071779056365,0 79.6542495931603,24.7071763050642,0 79.6542476397553,24.7071747948367,0 79.6542456033927,24.7071733790034,0 79.6542434895327,24.7071720613605,0 79.654241303843,24.707170845441,0 79.6542390521841,24.707169734505,0 79.6542367405933,24.7071687315313,0 79.6542343752684,24.707167839209,0 79.6542319625516,24.7071670599308,0 79.6542295089119,24.7071663957861,0 79.6542270209283,24.7071658485556,0 79.6542245052716,24.7071654197065,0 79.6542219686869,24.7071651103888,0 79.6542215731572,24.707165081088,0 79.6542627808919,24.7071147347277,0 79.6542642634443,24.7071128217877,0 79.6542656353211,24.7071108411386,0 79.6542668928248,24.7071087981188,0 79.6542680325661,24.7071066982346,0 79.6542690514731,24.7071045471458,0 79.6542749514692,24.7070911471439,0 79.6542758470346,24.7070889500115,0 79.6542766165336,24.7070867133713,0 79.6542772578909,24.707084443255,0 79.6542777693769,24.7070821457846,0 79.6542781496123,24.7070798271559,0 79.6542783975717,24.7070774936216,0 79.6542785125864,24.7070751514749,0 79.6542784943462,24.7070728070319,0 79.6542783429004,24.7070704666152,0 79.6542780586573,24.7070681365363,0 79.6542776423835,24.7070658230789,0 79.6542770952016,24.707063532482,0 79.6542764185872,24.7070612709226,0 79.6542756143651,24.7070590444999,0 79.654274684704,24.7070568592179,0 79.6542736321111,24.7070547209698,0 79.6542724594249,24.7070526355221,0 79.6542711698079,24.7070506084987,0 79.654269766738,24.7070486453661,0 79.654268253999,24.7070467514184,0 79.6542666356703,24.7070449317632,0 79.6542649161162,24.7070431913076,0 79.654263099974,24.7070415347453,0 79.6542611921415,24.7070399665437,0 79.6542591977636,24.7070384909318,0 79.6542571222187,24.7070371118891,0 79.6542549711041,24.7070358331345,0 79.6542527502209,24.7070346581165,0 79.6542504655584,24.7070335900039,0 79.6542481232777,24.7070326316773,0 79.6542457296955,24.7070317857208,0 79.6542432912667,24.707031054416,0 79.6542408145672,24.707030439735,0 79.6542383062761,24.7070299433354,0 79.6542357731578,24.7070295665559,0 79.6542332220434,24.7070293104126,0 79.6542306598129,24.7070291755963,0 79.6542202598166,24.7070288755966,0 79.6542178206639,24.7070288602517,0 79.6542153836533,24.7070289548651,0 79.6541813881242,24.7070310434847,0 79.6541749821408,24.7070042623772,0 79.654174372738,24.7070019970048,0 79.6541736360556,24.7069997634117,0 79.6541727740606,24.7069975675613,0 79.6541717890543,24.7069954153163,0 79.6541706836665,24.7069933124228,0 79.6541694608486,24.7069912644953,0 79.6541681238652,24.7069892770014,0 79.6541666762859,24.7069873552476,0 79.6541651219755,24.7069855043645,0 79.654163465084,24.7069837292938,0 79.6541617100348,24.7069820347747,0 79.6541598615138,24.7069804253312,0 79.6541579244563,24.7069789052605,0 79.6541559040338,24.7069774786208,0 79.6541538056408,24.7069761492212,0 79.6541516348795,24.7069749206108,0 79.6541493975457,24.7069737960699,0 79.6541470996126,24.7069727786009,0 79.6541447472154,24.7069718709203,0 79.6541423466348,24.7069710754514,0 79.6541399042798,24.7069703943181,0 79.6541374266713,24.7069698293389,0 79.654135762033,24.706969532233,0 79.6541379741246,24.7069695318885,0 79.6541405021842,24.7069694130873,0 79.6541430202686,24.7069691761909,0 79.6541455217712,24.7069688218207,0 79.6541480001292,24.7069683509065,0 79.6541504488405,24.7069677646838,0 79.6541528614806,24.7069670646906,0 79.6541552317198,24.7069662527633,0 79.6541575533396,24.7069653310321,0 79.654159820249,24.7069643019152,0 79.6541620265007,24.7069631681126,0 79.6541641663064,24.706961932599,0 79.654168916196,24.706959031903,0 79.6542245495845,24.7069493491441,0 79.6542270809816,24.7069488454156,0 79.6542295800039,24.7069482211973,0 79.6542320397839,24.7069474782048,0 79.6542344535621,24.7069466184798,0 79.6542368147051,24.7069456443848,0 79.6542391167245,24.7069445585968,0 79.6542413532941,24.7069433640995,0 79.6542435182678,24.7069420641756,0 79.6542456056961,24.7069406623972,0 79.6542476098425,24.7069391626165,0 79.6542495251996,24.706937568955,0 79.6542513465039,24.7069358857922,0 79.6542530687504,24.7069341177536,0 79.6542546872061,24.7069322696977,0 79.6542561974236,24.7069303467032,0 79.6542575952526,24.7069283540546,0 79.6542588768518,24.7069262972277,0 79.6542600386993,24.7069241818748,0 79.6542610776024,24.7069220138091,0 79.654261990706,24.7069197989885,0 79.654262775501,24.7069175434995,0 79.6542634298305,24.7069152535403,0 79.6542639518966,24.7069129354038,0 79.6542643402646,24.7069105954603,0 79.6542645938672,24.7069082401403,0 79.6542647120074,24.7069058759162,0 79.6542647058955,24.7069050562318,0 79.6542649123168,24.7069101652086,0 79.6542650743148,24.7069125130117,0 79.6542653699666,24.706914849919,0 79.6542657984695,24.7069171695855,0 79.6542663586601,24.706919465713,0 79.6542670490173,24.7069217320673,0 79.6542678676669,24.7069239624949,0 79.654268812386,24.70692615094,0 79.6542698806097,24.7069282914605,0 79.6542710694375,24.7069303782448,0 79.6542723756417,24.706932405627,0 79.6542737956758,24.7069343681025,0 79.6542753256843,24.7069362603429,0 79.6542769615128,24.7069380772105,0 79.65427869872,24.7069398137724,0 79.6542805325892,24.7069414653134,0 79.6542824581412,24.7069430273496,0 79.6542844701478,24.7069444956397,0 79.6542865631462,24.7069458661972,0 79.6542887314536,24.7069471353009,0 79.6542909691829,24.7069482995049,0 79.6542932702583,24.7069493556483,0 79.6542956284321,24.7069503008636,0 79.6542980373015,24.7069511325843,0 79.6543004903263,24.7069518485522,0 79.6543029808461,24.7069524468234,0 79.6543055020987,24.7069529257736,0 79.6543080472389,24.7069532841022,0 79.654310609356,24.7069535208364,0 79.6543131814937,24.7069536353335,0 79.6543157566683,24.7069536272825,0 79.6543183278879,24.7069534967053,0 79.6543208881712,24.7069532439565,0 79.6543234305669,24.7069528697222,0 79.6543259481719,24.7069523750186,0 79.6543284341506,24.7069517611889,0 79.6543308817534,24.7069510298997,0 79.6543332843346,24.7069501831365,0 79.6543356353709,24.7069492231984,0 79.654337928479,24.7069481526918,0 79.6543401415387,24.7069470522087,0 79.6542930712772,24.7069780957251,0 79.654291029562,24.7069795173906,0 79.6542890714149,24.7069810339901,0 79.6542872021197,24.7069826414313,0 79.6542854267203,24.7069843353768,0 79.6542837500073,24.7069861112559,0 79.654282176505,24.7069879642765,0 79.6542807104593,24.7069898894388,0 79.654279355826,24.7069918815479,0 79.6542781162603,24.7069939352285,0 79.654276995107,24.7069960449392,0 79.6542759953913,24.7069982049873,0 79.6542751198109,24.7070004095442,0 79.6542743707282,24.7070026526614,0 79.6542737501646,24.7070049282862,0 79.6542732597946,24.7070072302783,0 79.6542729009413,24.7070095524261,0 79.654272674573,24.7070118884637,0 79.6542725813006,24.7070142320878,0 79.6542726213758,24.7070165769744,0 79.6542727946903,24.7070189167964,0 79.6542731007767,24.7070212452402,0 79.6542735388089,24.7070235560228,0 79.6542741076051,24.707025842909,0 79.6542748056304,24.7070280997281,0 79.6542756310013,24.7070303203904,0 79.6542765814907,24.7070324989039,0 79.654277654534,24.7070346293903,0 79.6542788472356,24.7070367061007,0 79.6542801563774,24.7070387234316,0 79.6542815784268,24.7070406759396,0 79.6542831095467,24.7070425583561,0 79.6542847456056,24.7070443656018,0 79.6542864821889,24.7070460928002,0 79.6542883146108,24.7070477352906,0 79.6542902379268,24.7070492886412,0 79.6543822379323,24.7071197886607,0 79.6543841890381,24.7071212087272,0 79.6543862161012,24.7071225370446,0 79.6543883139569,24.7071237702285,0 79.6543904772597,24.7071249051367,0 79.6543927004977,24.7071259388777,0 79.6543949780062,24.7071268688174,0 79.6544012780078,24.7071292688182,0 79.6544036870645,24.7071301197518,0 79.654406141497,24.7071308545491,0 79.6544086346013,24.7071314712033,0 79.6544111595678,24.7071319680299,0 79.6544137095001,24.7071323436719,0 79.6544162774334,24.7071325971035,0 79.6544188563537,24.7071327276323,0 79.6544214392171,24.7071327349019,0 79.6544240189689,24.7071326188923,0 79.6544265885629,24.7071323799204,0 79.6544291409807,24.7071320186391,0 79.6544316692506,24.7071315360349,0 79.6544341664672,24.7071309334262,0 79.6544366258095,24.7071302124588,0 79.6544390405604,24.707129375102,0 79.6544414041243,24.7071284236428,0 79.6544437100454,24.7071273606801,0 79.6544459520255,24.7071261891171,0 79.654448123941,24.7071249121538,0 79.6544502198595,24.7071235332781,0 79.6544522340565,24.707122056256,0 79.6544541610304,24.707120485122,0 79.654455995518,24.7071188241673,0 79.6544577325087,24.7071170779285,0 79.6544593672582,24.7071152511753,0 79.6544608953013,24.7071133488971,0 79.6544623124645,24.7071113762898,0 79.6544636148771,24.7071093387411,0 79.6544647989816,24.7071072418164,0 79.6544658615439,24.7071050912431,0 79.6544667996618,24.7071028928952,0 79.6544881996449,24.7070485928879,0 79.6544890072645,24.7070463633234,0 79.6544896868758,24.707044098411,0 79.6544902366399,24.7070418042793,0 79.6544906550691,24.707039487136,0 79.6544909410313,24.707037153251,0 79.6544910937527,24.7070348089395,0 79.6544911128199,24.707032460545,0 79.6544909981816,24.707030114422,0 79.6544875040937,24.7069849910147,0 79.6544889098265,24.7069852059846,0 79.6544914619883,24.7069854726432,0 79.6544940258699,24.7069856178008,0 79.6544965945447,24.706985641065,0 79.6544991610729,24.7069855423731,0 79.6545017185206,24.7069853219917,0 79.6545042599784,24.7069849805161,0 79.6545067785801,24.7069845188689,0 79.6545092675213,24.7069839382974,0 79.6545117200778,24.70698324037,0 79.6545141296235,24.7069824269723,0 79.6545164896485,24.7069815003019,0 79.654518793777,24.7069804628623,0 79.6545210357839,24.7069793174563,0 79.6545232096121,24.7069780671785,0 79.6545253093885,24.7069767154066,0 79.6545273294404,24.7069752657928,0 79.6545292643101,24.7069737222533,0 79.6545311087704,24.7069720889583,0 79.654532857838,24.7069703703205,0 79.6545345067876,24.7069685709831,0 79.6545418067869,24.7069601709812,0 79.6545433431026,24.706958306138,0 79.654544771867,24.7069563712579,0 79.6545460892616,24.7069543715119,0 79.6545472917656,24.7069523122445,0 79.6545483761653,24.7069501989589,0 79.6545493395626,24.7069480373033,0 79.6545501793828,24.7069458330545,0 79.6545508933813,24.7069435921036,0 79.6545514796502,24.7069413204397,0 79.6545519366225,24.7069390241337,0 79.6545522630769,24.7069367093228,0 79.6545524581411,24.7069343821932,0 79.6545525212936,24.7069320489645,0 79.6545524523657,24.7069297158721,0 79.6545522515418,24.7069273891515,0 79.6545519193583,24.7069250750208,0 79.6545514567032,24.7069227796647,0 79.6545508648129,24.7069205092175,0 79.6545501452693,24.7069182697472,0 79.6545492999954,24.7069160672388,0 79.6545486431217,24.7069146028455,0 79.6545535321091,24.7068907445381,0 79.6545536250265,24.706890621322,0 79.6545549899725,24.7068885894742,0 79.6545562356089,24.7068864946411,0 79.6545573584625,24.7068843426637,0 79.6545583554026,24.7068821395422,0 79.6545592236495,24.7068798914195,0 79.6545599607823,24.7068776045639,0 79.6545605647456,24.7068752853518,0 79.6545610338555,24.7068729402498,0 79.6545613668039,24.7068705757966,0 79.6545615626626,24.7068681985849,0 79.6545616208854,24.706865815243,0 79.6545615413099,24.7068634324163,0 79.6545613241582,24.7068610567487,0 79.6545609700356,24.7068586948642,0 79.6545604799296,24.7068563533483,0 79.6545598555832,24.7068540401248,0 79.6545605827501,24.706853354994,0 79.6545623067034,24.7068515479365,0 79.6545639232375,24.7068496598413,0 79.6545654277955,24.7068476960308,0 79.6545668161362,24.7068456620408,0 79.6545680843461,24.7068435636049,0 79.6545692288501,24.7068414066383,0 79.6545702464221,24.7068391972215,0 79.6545711341936,24.7068369415824,0 79.654571889662,24.7068346460796,0 79.6545725106978,24.7068323171839,0 79.6545729955503,24.7068299614602,0 79.6545733428529,24.7068275855489,0 79.6545735516264,24.7068251961478,0 79.6545736212824,24.7068227999921,0 79.6545736212719,24.7067963031615,0 79.6545747036177,24.7067593061151,0 79.6545747059133,24.7067569751049,0 79.654574576501,24.7067546470935,0 79.6545743157259,24.706752328287,0 79.6545697157132,24.706719728288,0 79.6545692922236,24.7067172654602,0 79.6545687205625,24.7067148277419,0 79.654568002473,24.7067124225664,0 79.6545671401448,24.7067100572678,0 79.6545661362075,24.7067077390584,0 79.6545649937223,24.7067054750073,0 79.6545637161729,24.7067032720181,0 79.654562307455,24.7067011368083,0 79.6545607718642,24.7066990758889,0 79.6545317718578,24.7066623758962,0 79.6545301875254,24.7066604786439,0 79.65452849567,24.7066586605134,0 79.6545267010182,24.7066569265839,0 79.6545248085836,24.7066552816995,0 79.6545228236532,24.7066537304557,0 79.6545207517723,24.7066522771861,0 79.6545185987292,24.7066509259507,0 79.6545163705388,24.7066496805245,0 79.6545140734261,24.7066485443869,0 79.6545117138085,24.7066475207119,0 79.6545092982782,24.7066466123593,0 79.6545068335833,24.7066458218669,0 79.6545043266097,24.706645151443,0 79.6545017843609,24.7066446029606,0 79.6544992139393,24.706644177952,0 79.654496622526,24.7066438776045,0 79.6544940173606,24.7066437027573,0 79.6544914057212,24.7066436538988,0 79.6544887949039,24.7066437311655,0 79.6544885836003,24.7066437476605,0 79.6544887646409,24.706642190819,0 79.654488902934,24.7066398276305,0 79.6544889054793,24.7066374610687,0 79.6544887722698,24.7066350976364,0 79.6544885036714,24.7066327438279,0 79.6544881004223,24.7066304061108,0 79.6544875636304,24.7066280909086,0 79.6544868947709,24.706625804583,0 79.6544860956815,24.7066235534163,0 79.654485168558,24.7066213435941,0 79.6544841159479,24.7066191811885,0 79.6544829407435,24.7066170721414,0 79.654481646174,24.7066150222479,0 79.6544802357967,24.7066130371406,0 79.6544787134869,24.7066111222741,0 79.6544770834275,24.70660928291,0 79.6544753500977,24.7066075241026,0 79.6544735182601,24.7066058506845,0 79.6544715929483,24.706604267254,0 79.6544695794526,24.7066027781619,0 79.6544674833055,24.7066013874999,0 79.6544653102669,24.7066000990893,0 79.6544630663076,24.7065989164702,0 79.6544607575937,24.7065978428923,0 79.6544583904689,24.7065968813055,0 79.6544559714375,24.7065960343519,0 79.6544535071464,24.7065953043589,0 79.6544192172998,24.7065860467131,0 79.6544573138797,24.7065760213005,0 79.6544901504287,24.7065968406229,0 79.6544984480676,24.7066091177478,0 79.6544998553224,24.7066110836016,0 79.6545013725961,24.7066129799338,0 79.6545029957818,24.7066148016113,0 79.6545047204856,24.7066165437033,0 79.6545065420391,24.7066182014941,0 79.6545084555116,24.7066197704963,0 79.6545104557236,24.7066212464628,0 79.654512537261,24.7066226253985,0 79.6545146944892,24.7066239035708,0 79.654516921569,24.7066250775199,0 79.654519212472,24.706626144068,0 79.6545215609972,24.7066271003282,0 79.6545239607873,24.7066279437121,0 79.6545592034284,24.7066393771576,0 79.6545642414439,24.7066506563043,0 79.6545652713896,24.7066528013239,0 79.6545664217316,24.7066548946594,0 79.6545676893733,24.7066569306759,0 79.6545690709027,24.7066589038932,0 79.6545705626011,24.706660809,0 79.6545721604533,24.7066626408683,0 79.6545738601583,24.7066643945672,0 79.6545756571411,24.7066660653762,0 79.6545775465648,24.7066676487982,0 79.6545795233435,24.7066691405709,0 79.6545815821563,24.7066705366789,0 79.6545837174616,24.7066718333644,0 79.6545859235118,24.7066730271371,0 79.6545881943687,24.7066741147836,0 79.6545905239199,24.7066750933763,0 79.654592905895,24.7066759602812,0 79.6545953338825,24.7066767131648,0 79.6545978013467,24.7066773500005,0 79.6546003016462,24.7066778690743,0 79.6546028280507,24.7066782689888,0 79.6546053737601,24.7066785486677,0 79.6546079319219,24.7066787073581,0 79.6546104956504,24.7066787446329,0 79.6546130580447,24.7066786603918,0 79.6546156122077,24.7066784548614,0 79.6546181512643,24.7066781285951,0 79.65462066838,24.706677682471,0 79.6546231567797,24.7066771176899,0 79.6546256097652,24.7066764357722,0 79.6546280207338,24.7066756385533,0 79.6546303831959,24.7066747281791,0 79.6546326907925,24.7066737071,0 79.6546349373121,24.7066725780646,0 79.6546585373173,24.7066599780609,0 79.6546607188288,24.706658742839,0 79.6546628272002,24.7066574058239,0 79.6546648567453,24.7066559706216,0 79.6546668019903,24.706654441103,0 79.6546686576889,24.7066528213931,0 79.6546704188362,24.7066511158603,0 79.6546720806825,24.7066493291045,0 79.6546736387455,24.7066474659446,0 79.6546750888233,24.7066455314056,0 79.654676427005,24.706643530705,0 79.6546776496814,24.7066414692387,0 79.654678753555,24.7066393525665,0 79.6546797356486,24.7066371863971,0 79.6546805933135,24.7066349765727,0 79.6546813242366,24.7066327290532,0 79.6546819264466,24.7066304499003,0 79.6546823983192,24.7066281452609,0 79.6546827385819,24.7066258213507,0 79.654682946317,24.7066234844371,0 79.6546830209641,24.706621140823,0 79.6546829623221,24.7066187968292,0 79.654682770549,24.7066164587773,0 79.6546771705292,24.7065658587783,0 79.6546768403627,24.7065634987533,0 79.654676374555,24.7065611578947,0 79.6546757743995,24.7065588427037,0 79.6546750415632,24.70655655961,0 79.6546741780813,24.7065543149545,0 79.6546731863519,24.7065521149709,0 79.6546720691292,24.7065499657693,0 79.6546708295161,24.7065478733184,0 79.6546694709553,24.7065458434296,0 79.6546679972198,24.7065438817401,0 79.6546664124026,24.7065419936982,0 79.654664720905,24.7065401845474,0 79.6546629274247,24.7065384593121,0 79.6546610369428,24.7065368227837,0 79.6546590547094,24.7065352795073,0 79.6546569862298,24.7065338337688,0 79.6546548372485,24.7065324895835,0 79.6546526137339,24.7065312506844,0 79.6546519159969,24.7065309066152,0 79.6546533910495,24.7065297983096,0 79.6546553166518,24.7065281884621,0 79.6546571465238,24.7065264879843,0 79.6546588755608,24.7065247016199,0 79.6546604989395,24.706522834352,0 79.6546620121313,24.7065208913898,0 79.6546634109149,24.7065188781533,0 79.6546646913884,24.7065168002586,0 79.6546658499796,24.7065146635023,0 79.6546668834565,24.7065124738452,0 79.6546677889362,24.7065102373955,0 79.6546685638927,24.706507960392,0 79.6546692061642,24.7065056491868,0 79.654669713959,24.7065033102272,0 79.6546700858605,24.7065009500381,0 79.6546703208314,24.7064985752033,0 79.6546704182161,24.7064961923479,0 79.6546703777429,24.706493808119,0 79.6546701995249,24.7064914291678,0 79.6546698840591,24.7064890621306,0 79.6546694322256,24.7064867136105,0 79.6546688452849,24.706484390159,0 79.6546681248742,24.7064820982576,0 79.6546672730033,24.7064798442999,0 79.6546662920486,24.7064776345734,0 79.6546651847465,24.7064754752426,0 79.654663954186,24.7064733723311,0 79.6546626038,24.7064713317052,0 79.6546412790705,24.7064409493331,0 79.65464128263,24.7064409468675,0 79.6546432619774,24.706439420164,0 79.6546451510333,24.7064378008111,0 79.6546469446071,24.7064360932581,0 79.654648637771,24.7064343021966,0 79.6546502258728,24.7064324325477,0 79.6546517045491,24.7064304894486,0 79.6546530697369,24.706428478238,0 79.6546543176855,24.7064264044419,0 79.6546554449658,24.7064242737584,0 79.6546564484805,24.7064220920416,0 79.6546573254725,24.7064198652862,0 79.6546580735322,24.7064175996102,0 79.6546586906041,24.7064153012389,0 79.6546591749927,24.7064129764872,0 79.6546595253673,24.7064106317428,0 79.6546597407651,24.7064082734479,0 79.6546600407632,24.7064034734477,0 79.654660120719,24.706401081246,0 79.6546600617905,24.706398688535,0 79.6546598641432,24.7063963020388,0 79.6546595283326,24.706393928464,0 79.6546590553024,24.706391574481,0 79.654658446382,24.706389246705,0 79.6546577032825,24.7063869516776,0 79.6546576130673,24.7063867191453,0 79.6546577982731,24.7063867060377,0 79.6546603488452,24.706386402918,0 79.6546628786998,24.7063859789884,0 79.6546653809847,24.7063854353972,0 79.6546678489224,24.7063847736167,0 79.6546702758282,24.7063839954394,0 79.6546726551287,24.706383102973,0 79.6546749803795,24.706382098635,0 79.6546772452824,24.7063809851454,0 79.6546794437027,24.7063797655204,0 79.654681569686,24.7063784430634,0 79.6546836174739,24.7063770213563,0 79.6546855815198,24.7063755042499,0 79.6546874565039,24.7063738958533,0 79.6546892373477,24.7063722005232,0 79.6546909192278,24.7063704228512,0 79.6546924975886,24.7063685676525,0 79.654693968155,24.7063666399518,0 79.654695326944,24.7063646449706,0 79.6546965702751,24.7063625881124,0 79.6546976947807,24.7063604749482,0 79.6546986974151,24.7063583112018,0 79.6546995754625,24.7063561027337,0 79.6547003265448,24.7063538555258,0 79.6547009486275,24.7063515756648,0 79.6547014400256,24.7063492693257,0 79.6547017994083,24.7063469427556,0 79.6547020258022,24.706344602256,0 79.654702118594,24.7063422541663,0 79.6547020775324,24.7063399048465,0 79.6547019027286,24.7063375606599,0 79.6547015946561,24.7063352279558,0 79.6547011541494,24.7063329130525,0 79.6547005824016,24.7063306222201,0 79.6546927237065,24.7063025289749,0 79.6546938467016,24.7063012065828,0 79.6546953564507,24.7062992170711,0 79.6546967472931,24.7062971564937,0 79.6546980152297,24.7062950307752,0 79.6546991566151,24.7062928460271,0 79.6547001681676,24.7062906085312,0 79.6547010469788,24.7062883247206,0 79.6547017905221,24.7062860011616,0 79.6547018404341,24.7062858071068,0 79.6547202625615,24.7062649495021,0 79.6547218255922,24.70626308239,0 79.6547232801293,24.7062611434946,0 79.6547246222302,24.7062591380715,0 79.6547258482568,24.7062570715566,0 79.654726954886,24.7062549495514,0 79.6547279391181,24.7062527778079,0 79.6547287982853,24.7062505622127,0 79.6547295300586,24.7062483087715,0 79.6547301324546,24.7062460235925,0 79.6547306038404,24.7062437128698,0 79.6547309429383,24.706241382867,0 79.6547311488291,24.7062390398998,0 79.6547312209547,24.7062366903189,0 79.6547311591196,24.7062343404933,0 79.6547309634916,24.7062319967923,0 79.6547306346007,24.7062296655689,0 79.6547301733386,24.7062273531419,0 79.6547295809555,24.7062250657795,0 79.6547288590572,24.7062228096819,0 79.6547280096004,24.7062205909644,0 79.6547270348878,24.706218415641,0 79.6547259375613,24.7062162896083,0 79.6547247205953,24.706214218629,0 79.6547233872887,24.7062122083168,0 79.6547219412555,24.7062102641208,0 79.6547203864152,24.7062083913109,0 79.6547187269826,24.7062065949637,0 79.6547150269822,24.7062027949646,0 79.6547136500247,24.7062014378495,0 79.6547062500244,24.7061944378512,0 79.6547044190336,24.706192793542,0 79.6547025047348,24.7061912445551,0 79.6547021253658,24.7061892833259,0 79.6547015426497,24.7061869812588,0 79.6547008288896,24.7061847101945,0 79.6546999860405,24.7061824763536,0 79.6546990164111,24.7061802858546,0 79.6546979226571,24.7061781446976,0 79.6546967077745,24.7061760587472,0 79.654695375091,24.706174033717,0 79.6546939282568,24.7061720751537,0 79.6546923712349,24.706170188422,0 79.6546907082901,24.7061683786896,0 79.6546889439773,24.7061666509136,0 79.6546870831291,24.7061650098265,0 79.6546852688734,24.7061634915815,0 79.654685734467,24.7061624489407,0 79.6546865873731,24.7061602093359,0 79.6546873103793,24.7061579319111,0 79.6546879014912,24.7061556229493,0 79.6546883590781,24.70615328882,0 79.6546886818775,24.7061509359624,0 79.6546888689991,24.7061485708674,0 79.6546889199265,24.7061462000595,0 79.6546888345194,24.7061438300791,0 79.6546888333929,24.7061438180628,0 79.654691230366,24.7061435475237,0 79.6546937554521,24.7061431401079,0 79.6546962540076,24.706142613599,0 79.6546987193065,24.7061419694145,0 79.6547011447123,24.7061412092884,0 79.6547035236957,24.706140335267,0 79.6547058498527,24.7061393497032,0 79.6547081169214,24.7061382552499,0 79.6547103187988,24.7061370548535,0 79.6547124495576,24.7061357517455,0 79.6547145034618,24.7061343494336,0 79.6547164749823,24.706132851693,0 79.654718358812,24.7061312625554,0 79.6547201498795,24.7061295862989,0 79.6547218433634,24.7061278274358,0 79.6547234347049,24.7061259907009,0 79.6547249196202,24.7061240810387,0 79.6547262941118,24.7061221035899,0 79.6547275544798,24.7061200636778,0 79.6547286973312,24.7061179667937,0 79.6547297195895,24.7061158185825,0 79.6547306185029,24.7061136248269,0 79.6547313916514,24.7061113914326,0 79.6547320369539,24.7061091244117,0 79.6547325526732,24.7061068298671,0 79.654732937421,24.7061045139755,0 79.6547331901616,24.7061021829714,0 79.6547333102145,24.7060998431295,0 79.6547332972567,24.7060975007489,0 79.6547331513231,24.7060951621349,0 79.6547328728064,24.7060928335833,0 79.6547309728014,24.7060800335837,0 79.6547305747669,24.7060777811504,0 79.6547300526725,24.7060755499634,0 79.654729896697,24.70607501678,0 79.6547306502918,24.70607511855,0 79.6547332169441,24.7060753410071,0 79.6547357928033,24.7060754408866,0 79.6547383708592,24.7060754179166,0 79.6547409440959,24.7060752721597,0 79.6547435055102,24.7060750040124,0 79.6547460481313,24.7060746142046,0 79.6547485650397,24.7060741037971,0 79.6547510493855,24.706073474179,0 79.6547534944078,24.7060727270637,0 79.6547558934525,24.7060718644845,0 79.6547582399906,24.7060708887889,0 79.6547605276362,24.7060698026322,0 79.6547627501634,24.7060686089704,0 79.6547649015237,24.7060673110519,0 79.6547652564053,24.7060670717696,0 79.654807645455,24.7061120542547,0 79.6548093789904,24.7061137995688,0 79.6548112098611,24.7061154598682,0 79.6548131330782,24.7061170306286,0 79.6548151434011,24.7061185075699,0 79.654817235352,24.7061198866677,0 79.6548194032306,24.706121164164,0 79.6548216411296,24.7061223365779,0 79.6548239429512,24.7061234007147,0 79.654826302423,24.7061243536747,0 79.6548287131159,24.7061251928613,0 79.654831168461,24.7061259159877,0 79.6548336617678,24.7061265210835,0 79.6548361862424,24.7061270065,0 79.6548387350059,24.7061273709143,0 79.6548413011131,24.7061276133336,0 79.6548438775719,24.7061277330973,0 79.6548464573616,24.706127729879,0 79.6548490334527,24.7061276036875,0 79.6548515988257,24.7061273548667,0 79.6548541464901,24.7061269840945,0 79.654856669504,24.7061264923813,0 79.6548591609925,24.706125881067,0 79.6548616141665,24.7061251518172,0 79.6548640223414,24.7061243066191,0 79.6548663789554,24.7061233477757,0 79.6548686775868,24.7061222778999,0 79.6548709119723,24.7061210999068,0 79.6548730760234,24.7061198170063,0 79.6548751638434,24.7061184326942,0 79.6548771697431,24.7061169507426,0 79.6548790882568,24.7061153751896,0 79.6548792473961,24.7061152300859,0 79.6549241915808,24.7061183196301,0 79.6549267898001,24.7061184355188,0 79.6549293910952,24.7061184263582,0 79.6549319882592,24.7061182921738,0 79.6549345740965,24.7061180333372,0 79.6549371414431,24.7061176505657,0 79.6549396831859,24.7061171449197,0 79.6549421922831,24.7061165178001,0 79.6549446617831,24.7061157709443,0 79.6549470848441,24.7061149064216,0 79.6549494547528,24.7061139266271,0 79.6549517649435,24.7061128342754,0 79.6549540090157,24.7061116323929,0 79.654956180752,24.7061103243094,0 79.6549582741357,24.706108913649,0 79.6549602833669,24.70610740432,0 79.654962202879,24.706105800504,0 79.654964027354,24.7061041066445,0 79.6549657517371,24.7061023274343,0 79.6549673712509,24.7061004678027,0 79.6549688814084,24.7060985329021,0 79.6549702780257,24.706096528093,0 79.6549715572334,24.7060944589298,0 79.6549727154876,24.7060923311452,0 79.6549737495791,24.7060901506343,0 79.6549746566431,24.7060879234383,0 79.6549754341664,24.7060856557277,0 79.654976079995,24.7060833537852,0 79.6549765923396,24.7060810239884,0 79.6549769697806,24.7060786727921,0 79.6549772112725,24.7060763067104,0 79.6549773161461,24.7060739322985,0 79.654977284111,24.7060715561349,0 79.6549771152558,24.7060691848027,0 79.6549768100484,24.7060668248717,0 79.6549763693344,24.7060644828804,0 79.6549757943348,24.7060621653171,0 79.6549750866426,24.7060598786027,0 79.6549742482186,24.7060576290728,0 79.6549732813857,24.7060554229596,0 79.6549721888224,24.7060532663752,0 79.6549709735557,24.7060511652946,0 79.6549696389527,24.7060491255388,0 79.6549681887108,24.706047152759,0 79.654966626848,24.7060452524208,0 79.6549649576915,24.7060434297892,0 79.6549631858657,24.7060416899139,0 79.6549613162795,24.7060400376152,0 79.6549593541127,24.7060384774708,0 79.6549573048015,24.7060370138031,0 79.6549551740235,24.7060356506674,0 79.6549529676821,24.7060343918401,0 79.6549506918902,24.706033240809,0 79.6549483529527,24.7060322007629,0 79.6549459573498,24.7060312745833,0 79.6548905660973,24.706011412868,0 79.654877176409,24.7059928160897,0 79.6548773989321,24.7059924972059,0 79.6548881375768,24.7059852987724,0 79.6548901961376,24.7059838410906,0 79.6548921677732,24.7059822863598,0 79.6548940470072,24.7059806388981,0 79.6548958286201,24.7059789032814,0 79.6548975076635,24.7059770843304,0 79.6548990794738,24.7059751870972,0 79.6549005396852,24.7059732168515,0 79.6549018842421,24.7059711790655,0 79.65490310941,24.7059690793993,0 79.6549042117858,24.7059669236847,0 79.6549051883079,24.7059647179092,0 79.6549055236331,24.7059638282585,0 79.6549077312692,24.7059643223934,0 79.6549103379113,24.7059647719676,0 79.6549129672045,24.7059650931274,0 79.6549156115737,24.7059652849475,0 79.6549182634003,24.7059653468752,0 79.6549209150443,24.7059652787323,0 79.654923558866,24.7059650807149,0 79.6549261872486,24.7059647533935,0 79.6549287926194,24.7059642977113,0 79.6549313674723,24.705963714981,0 79.6549339043888,24.7059630068816,0 79.6549363960601,24.7059621754531,0 79.6549388353075,24.7059612230908,0 79.6549412151033,24.7059601525387,0 79.6549435285913,24.7059589668811,0 79.6549457691061,24.7059576695338,0 79.6549479301926,24.7059562642346,0 79.6549500056247,24.7059547550323,0 79.6549638056262,24.7059441550295,0 79.654965723242,24.7059426028113,0 79.6549675502213,24.7059409618929,0 79.6549692816537,24.7059392366844,0 79.654969598591,24.705938886012,0 79.6549696788263,24.7059389596967,0 79.65497158099,24.7059405339477,0 79.6549735700578,24.7059420158599,0 79.6549756406644,24.7059434014361,0 79.654977787225,24.705944686939,0 79.6549800039496,24.7059458689013,0 79.6549822848591,24.7059469441348,0 79.6549846238011,24.7059479097394,0 79.654987014467,24.7059487631104,0 79.6549894504083,24.7059495019463,0 79.6549919250546,24.7059501242539,0 79.6549944317311,24.7059506283549,0 79.6549969636766,24.7059510128895,0 79.6549995140616,24.7059512768206,0 79.655002076007,24.7059514194361,0 79.6550046426026,24.7059514403515,0 79.6550072069254,24.7059513395103,0 79.6550097620587,24.7059511171846,0 79.6550123011107,24.7059507739739,0 79.6550148172326,24.7059503108041,0 79.6550173036379,24.7059497289245,0 79.65501975362,24.7059490299044,0 79.6550221605705,24.7059482156295,0 79.6550245179972,24.705947288296,0 79.6550268195415,24.7059462504052,0 79.6550290589954,24.7059451047567,0 79.6550312303184,24.7059438544405,0 79.6550333276539,24.7059425028292,0 79.6550628628234,24.7059223998567,0 79.6550816174062,24.705911503879,0 79.6550855869975,24.7059116885112,0 79.6550881652572,24.705911746876,0 79.6550907433391,24.7059116822914,0 79.6550933142224,24.7059114949336,0 79.6550958709057,24.7059111853125,0 79.6550984064263,24.7059107542716,0 79.6551009138793,24.7059102029845,0 79.655103386436,24.7059095329527,0 79.6551058173628,24.7059087460009,0 79.6551082000396,24.7059078442722,0 79.6551105279776,24.7059068302222,0 79.6551127948371,24.7059057066126,0 79.6551149944447,24.7059044765033,0 79.6551171208101,24.7059031432442,0 79.6551191681426,24.7059017104664,0 79.6551733280688,24.7058617167704,0 79.6551803681181,24.7058601257987,0 79.6551828716085,24.7058594958389,0 79.655185335422,24.7058587466248,0 79.6551877527565,24.7058578802248,0 79.6551901169383,24.7058568990308,0 79.6551924214403,24.7058558057516,0 79.6551946599005,24.7058546034056,0 79.6551968261387,24.7058532953123,0 79.6551989141746,24.7058518850829,0 79.6552009182435,24.7058503766108,0 79.6552028328126,24.7058487740606,0 79.6552046525962,24.7058470818565,0 79.6552063725703,24.7058453046704,0 79.6552079879863,24.7058434474088,0 79.6552094943846,24.705841515199,0 79.6552108876062,24.7058395133756,0 79.6552121638048,24.705837447465,0 79.6552133194571,24.705835323171,0 79.6552143513725,24.7058331463581,0 79.6552152567022,24.7058309230361,0 79.6552160329469,24.7058286593431,0 79.6552166779633,24.7058263615286,0 79.6552171899708,24.7058240359365,0 79.6552175675559,24.7058216889871,0 79.6552178096761,24.70581932716,0 79.655217915663,24.7058169569755,0 79.655217885224,24.7058145849773,0 79.6552177184431,24.7058122177139,0 79.6552174157809,24.7058098617208,0 79.6552169780728,24.7058075235025,0 79.6552164065274,24.7058052095142,0 79.6552157027225,24.7058029261443,0 79.6552148686011,24.7058006796967,0 79.6552139064662,24.7057984763734,0 79.655212818974,24.7057963222573,0 79.6552116091269,24.7057942232954,0 79.6552102802648,24.7057921852825,0 79.6552088360565,24.705790213845,0 79.6552072804893,24.7057883144258,0 79.6552056178577,24.7057864922687,0 79.6552038527518,24.7057847524042,0 79.6552019900447,24.7057830996357,0 79.6552000348789,24.7057815385262,0 79.6551985131415,24.7057804467966,0 79.6551991433181,24.7057804017604,0 79.6552017095139,24.7057800942071,0 79.6552042545651,24.7057796643474,0 79.6552067714917,24.7057791133606,0 79.6552092533905,24.7057784427576,0 79.6552116934546,24.7057776543777,0 79.6552140849918,24.7057767503832,0 79.6552164214428,24.7057757332534,0 79.6552186963997,24.705774605778,0 79.655220903623,24.7057733710491,0 79.6552230370591,24.7057720324533,0 79.6552250908568,24.7057705936619,0 79.6552270593831,24.7057690586209,0 79.6552289372391,24.7057674315404,0 79.6552307192744,24.7057657168829,0 79.6552324006017,24.7057639193512,0 79.6552339766097,24.7057620438752,0 79.6552354429758,24.7057600955987,0 79.6552367956783,24.7057580798652,0 79.6552380310074,24.705756002203,0 79.6552391455748,24.7057538683105,0 79.6552401363239,24.7057516840403,0 79.6552410005371,24.705749455383,0 79.6552417358445,24.7057471884509,0 79.6552423402292,24.7057448894616,0 79.6552428120337,24.7057425647203,0 79.655243149964,24.705740220603,0 79.6552433530932,24.7057378635388,0 79.6552434208643,24.7057354999923,0 79.6552434208554,24.705712604451,0 79.6552697074768,24.7056939609458,0 79.6552713169622,24.7056927692121,0 79.6552955169647,24.7056740692072,0 79.6552974845416,24.7056724645931,0 79.6552993556056,24.7056707663712,0 79.6553011248273,24.7056689793784,0 79.6553027871674,24.7056671087048,0 79.655304337891,24.7056651596784,0 79.6553057725813,24.7056631378506,0 79.6553070871519,24.7056610489803,0 79.6553082778584,24.7056588990171,0 79.6553093413095,24.7056566940848,0 79.6553102744761,24.7056544404636,0 79.6553110747003,24.7056521445725,0 79.6553117397028,24.7056498129508,0 79.6553122675895,24.7056474522397,0 79.6553123627659,24.7056468695745,0 79.6553138321186,24.705645566838,0 79.6553155848083,24.7056438419906,0 79.6553172367246,24.7056420360514,0 79.6553187833785,24.7056401539277,0 79.6553202205674,24.705638200734,0 79.6553215443858,24.7056361817778,0 79.6553227512364,24.7056341025454,0 79.6553238378396,24.7056319686869,0 79.655324801243,24.7056297860007,0 79.6553256388284,24.705627560418,0 79.6553263483199,24.7056252979866,0 79.6553269277896,24.7056230048543,0 79.6553273756627,24.7056206872525,0 79.6553276907223,24.705618351479,0 79.6553278721123,24.7056160038808,0 79.6553279193397,24.7056136508374,0 79.6553278322762,24.7056112987428,0 79.6553276111584,24.7056089539886,0 79.6553272565872,24.7056066229463,0 79.6553267695261,24.7056043119502,0 79.6553248695231,24.7055964119507,0 79.6553242480915,24.7055941166436,0 79.6553234959658,24.7055918542057,0 79.6553226152091,24.7055896308426,0 79.6553216082372,24.7055874526529,0 79.6553204778121,24.705585325611,0 79.6553192270344,24.7055832555513,0 79.655317859335,24.7055812481517,0 79.6553163784653,24.7055793089183,0 79.6553147884871,24.7055774431703,0 79.6553130937618,24.7055756560252,0 79.6553112989376,24.7055739523849,0 79.6553107359615,24.7055734711856,0 79.6553085452676,24.7055697803444,0 79.6553072967688,24.7055677983888,0 79.6553059400177,24.7055658767248,0 79.6553044784947,24.7055640202822,0 79.6553029159494,24.7055622338236,0 79.6553012563904,24.7055605219319,0 79.655299504075,24.7055588889989,0 79.6552976634988,24.7055573392138,0 79.6552957393835,24.7055558765524,0 79.6552937366655,24.705554504767,0 79.6552916604824,24.7055532273769,0 79.6552895161605,24.705552047659,0 79.6552873092009,24.7055509686399,0 79.6552850452655,24.7055499930877,0 79.6552827301621,24.7055491235051,0 79.6552354301752,24.7055326235112,0 79.6552329724948,24.7055318333391,0 79.6552318813945,24.7055315405785,0 79.6552322453743,24.70552954704,0 79.6552325385103,24.7055271738794,0 79.6552326938626,24.7055247898785,0 79.6552329938594,24.7055164898783,0 79.6552330106098,24.7055140842744,0 79.6552328870692,24.7055116812705,0 79.6552326235884,24.7055092876896,0 79.6552322209155,24.7055069103275,0 79.6552316801939,24.7055045559343,0 79.6552310029586,24.7055022311949,0 79.6552301911328,24.7054999427098,0 79.6552294673614,24.705498221094,0 79.6552298293702,24.7054969532743,0 79.6552303485671,24.7054946496911,0 79.6552307357398,24.7054923245338,0 79.6552309898378,24.7054899841125,0 79.6552311101714,24.7054876347786,0 79.6552310964141,24.705485282908,0 79.6552309486031,24.7054829348831,0 79.6552306671398,24.7054805970761,0 79.6552302527879,24.7054782758315,0 79.6552297066718,24.7054759774487,0 79.6552290302737,24.7054737081651,0 79.6552282254293,24.7054714741392,0 79.6552272943226,24.7054692814337,0 79.6552262394807,24.7054671359993,0 79.6552250637661,24.7054650436584,0 79.6552237703696,24.7054630100891,0 79.6552223628012,24.7054610408103,0 79.6552208448809,24.7054591411662,0 79.655219220728,24.7054573163122,0 79.6552174947502,24.7054555712006,0 79.6552156716316,24.7054539105673,0 79.6552137563197,24.705452338919,0 79.6552117540124,24.705450860521,0 79.6552096701436,24.7054494793852,0 79.6552075103686,24.7054481992599,0 79.6552052805486,24.7054470236192,0 79.6552029867351,24.7054459556535,0 79.655200635153,24.7054449982611,0 79.6551982321841,24.7054441540401,0 79.6551957843497,24.7054434252818,0 79.6551932982927,24.7054428139637,0 79.65519078076,24.7054423217449,0 79.6551882385836,24.7054419499613,0 79.6551856786627,24.7054416996217,0 79.6551831079443,24.7054415714055,0 79.6551805334051,24.7054415656608,0 79.6551779620317,24.705441682403,0 79.6551754008026,24.7054419213154,0 79.6551728566684,24.7054422817496,0 79.6551703365336,24.7054427627274,0 79.6551678472372,24.7054433629436,0 79.6551674120225,24.7054434903686,0 79.6551630284945,24.7054247607802,0 79.6551624159312,24.7054224442992,0 79.6551616704155,24.7054201605735,0 79.6551607940247,24.7054179159664,0 79.6551597892007,24.705415716732,0 79.6551586587433,24.7054135689981,0 79.6551574058023,24.7054114787491,0 79.6551560338688,24.705409451809,0 79.6551545467656,24.7054074938256,0 79.655152948636,24.7054056102544,0 79.6551512439332,24.7054038063438,0 79.6551494374069,24.7054020871199,0 79.6551475340908,24.7054004573732,0 79.655145539288,24.7053989216446,0 79.6551434585569,24.7053974842132,0 79.6551412976949,24.7053961490842,0 79.6551256976974,24.705387049087,0 79.6551234892558,24.7053858337219,0 79.6551212144368,24.7053847252234,0 79.6551188794315,24.7053837266082,0 79.6551164905949,24.7053828405943,0 79.6551140544283,24.7053820695929,0 79.655111577562,24.7053814157024,0 79.655109066737,24.7053808807025,0 79.6551065287866,24.7053804660491,0 79.6551039706182,24.7053801728708,0 79.6551015292767,24.7053800106113,0 79.6550982439341,24.7053786226857,0 79.655095677397,24.7053776178223,0 79.6550930528308,24.7053767469818,0 79.6550903786143,24.7053760129442,0 79.6550836755346,24.7053743601304,0 79.6550837551637,24.7053734245866,0 79.655083820707,24.705371070153,0 79.6550837517551,24.7053687158006,0 79.6550835484958,24.7053663679367,0 79.6550832114823,24.7053640329509,0 79.6550827416316,24.7053617171975,0 79.6550821402225,24.7053594269788,0 79.6550814088917,24.7053571685274,0 79.6550805496294,24.7053549479897,0 79.6550795647742,24.7053527714085,0 79.6550784570061,24.7053506447073,0 79.6550772293399,24.7053485736739,0 79.6550758851167,24.7053465639443,0 79.6550744279946,24.7053446209879,0 79.6550491247338,24.7053126999649,0 79.6550374744401,24.705296408505,0 79.6550358941898,24.7052943285317,0 79.6550341887873,24.7052923327543,0 79.6550323635961,24.7052904274495,0 79.6550304243565,24.7052886186096,0 79.6550283771671,24.7052869119232,0 79.65502354746,24.7052831067003,0 79.6549999657236,24.7052606479098,0 79.6549981146489,24.7052589754796,0 79.6549961697325,24.7052573944208,0 79.6549941363718,24.7052559091214,0 79.6549920202098,24.7052545237032,0 79.6549898271192,24.7052532420111,0 79.6549875631862,24.705252067602,0 79.6549852346937,24.7052510037351,0 79.6549828481036,24.7052500533627,0 79.6549804100392,24.7052492191224,0 79.6549779272665,24.7052485033293,0 79.6549754066757,24.7052479079699,0 79.6549728552619,24.7052474346964,0 79.6549702801057,24.7052470848223,0 79.6549676883536,24.7052468593184,0 79.6549453883615,24.7052454593192,0 79.6549428503166,24.7052453597663,0 79.6549403100249,24.7052453794872,0 79.6549377741986,24.7052455184298,0 79.6549352495382,24.7052457762269,0 79.6549327427144,24.7052461521974,0 79.6549302603511,24.7052466453479,0 79.6549295061518,24.7052468327259,0 79.6549279097512,24.705245457211,0 79.6549260104697,24.705243903313,0 79.6549240259899,24.7052424409646,0 79.6549219615934,24.705241074058,0 79.654919822775,24.7052398062312,0 79.6549196287052,24.7052397037811,0 79.6549211135201,24.7052373513316,0 79.6549223517653,24.7052352646189,0 79.6549234682471,24.70523312134,0 79.6549244598794,24.7052309274191,0 79.6549253239212,24.7052286889205,0 79.6549260579843,24.7052264120316,0 79.6549266600396,24.7052241030459,0 79.654927128423,24.7052217683457,0 79.6549274618399,24.7052194143843,0 79.6549276593686,24.7052170476684,0 79.6549277204632,24.7052146747397,0 79.6549276449548,24.7052123021572,0 79.6549274330521,24.705209936479,0 79.6549270853409,24.7052075842441,0 79.6549266027823,24.7052052519543,0 79.6549259867101,24.7052029460563,0 79.6549252388272,24.7052006729237,0 79.6549243612009,24.7051984388397,0 79.6549233562569,24.7051962499796,0 79.6549222267731,24.7051941123936,0 79.6549209758715,24.7051920319902,0 79.6549196070097,24.7051900145197,0 79.6549181239713,24.7051880655588,0 79.6549165308556,24.7051861904944,0 79.6549148320663,24.7051843945096,0 79.6549130322987,24.7051826825684,0 79.6549111365278,24.705181059403,0 79.6549091499936,24.7051795294999,0 79.6549070781871,24.7051780970878,0 79.654904926835,24.7051767661262,0 79.6549027018837,24.7051755402939,0 79.6549004094833,24.7051744229792,0 79.6548980559702,24.7051734172705,0 79.6548956478497,24.7051725259477,0 79.6548931917782,24.7051717514744,0 79.6548922395945,24.7051715015418,0 79.6548886954355,24.7051550051216,0 79.6548881253755,24.7051526786067,0 79.6548874216704,24.7051503828261,0 79.6548865862825,24.705148124182,0 79.6548856215414,24.7051459089728,0 79.6548845301375,24.7051437433758,0 79.6548833151142,24.70514163343,0 79.6548819798598,24.7051395850193,0 79.6548805280977,24.7051376038558,0 79.6548789638764,24.7051356954643,0 79.6548772915579,24.7051338651665,0 79.6548755158056,24.7051321180664,0 79.6548736415713,24.7051304590359,0 79.6548716740817,24.7051288927015,0 79.6548696188233,24.705127423431,0 79.6548674815273,24.7051260553217,0 79.6548652681538,24.7051247921887,0 79.6548629848752,24.7051236375543,0 79.6548606380585,24.7051225946384,0 79.6548582342481,24.7051216663492,0 79.6548557801473,24.7051208552754,0 79.6548532825996,24.7051201636788,0 79.6548507485696,24.705119593488,0 79.6548481851239,24.7051191462929,0 79.6548455994108,24.7051188233406,0 79.6548429986409,24.7051186255318,0 79.6548420510933,24.7051185993369,0 79.6548422506739,24.7051169407752,0 79.6548423985484,24.7051145489024,0 79.6548424073261,24.7051121532314,0 79.6548422769822,24.705109760508,0 79.6548420078839,24.7051073774695,0 79.6548416007887,24.7051050108261,0 79.6548410568431,24.7051026672419,0 79.6548403775787,24.705100353316,0 79.6548395649082,24.7050980755639,0 79.6548386211199,24.7050958403993,0 79.6548375488713,24.705093654116,0 79.6548363511817,24.7050915228702,0 79.6548350314235,24.705089452663,0 79.6548269101296,24.705077456997,0 79.6548255913408,24.7050740611189,0 79.6548233159545,24.7050651949717,0 79.6548226584205,24.7050629048395,0 79.6548218703679,24.7050606493461,0 79.654820983681,24.7050585065109,0 79.654821297668,24.7050574554976,0 79.6548218424884,24.7050551727232,0 79.6548222573036,24.7050528672574,0 79.6548225410026,24.7050505452746,0 79.6548226928257,24.7050482129936,0 79.6548227123662,24.7050458766605,0 79.6548225995718,24.7050435425325,0 79.6548223547446,24.7050412168607,0 79.6548219785404,24.7050389058738,0 79.6548214719665,24.7050366157609,0 79.6548208363799,24.7050343526553,0 79.6548200734825,24.7050321226181,0 79.6548191853178,24.7050299316217,0 79.6548181742642,24.705027785534,0 79.6548170430296,24.7050256901024,0 79.6548157946437,24.705023650939,0 79.6548144324498,24.705021673505,0 79.6548129600962,24.7050197630963,0 79.654811381526,24.7050179248293,0 79.6548097009669,24.7050161636272,0 79.6548079229198,24.7050144842068,0 79.6548060521466,24.7050128910659,0 79.6548040936575,24.7050113884711,0 79.6548020526978,24.7050099804467,0 79.6547999347334,24.7050086707637,0 79.6547977454367,24.7050074629295,0 79.6547954906708,24.7050063601789,0 79.6547931764746,24.7050053654654,0 79.6547908090458,24.7050044814528,0 79.6547883947248,24.7050037105089,0 79.6547859399775,24.7050030546982,0 79.6547834513783,24.7050025157772,0 79.6547809355919,24.7050020951891,0 79.6547459356039,24.7049970951914,0 79.6547433620092,24.7049967905348,0 79.6547407744567,24.7049966097108,0 79.6547381800812,24.7049965532179,0 79.6547355860364,24.7049966212119,0 79.654732999475,24.7049968135052,0 79.6547304275291,24.7049971295678,0 79.6547278772907,24.704997568528,0 79.6547253557916,24.7049981291755,0 79.6547228699846,24.7049988099643,0 79.654720426724,24.7049996090174,0 79.6547180327468,24.7050005241313,0 79.6547156946541,24.7050015527828,0 79.6547134188929,24.7050026921355,0 79.6547112117384,24.7050039390477,0 79.6547090792765,24.7050052900813,0 79.6547070273873,24.7050067415109,0 79.6547050617285,24.7050082893344,0 79.6547031877202,24.7050099292839,0 79.6547014105299,24.7050116568374,0 79.6546997350578,24.7050134672313,0 79.654698165924,24.7050153554737,0 79.6546967074551,24.7050173163581,0 79.6546953636726,24.7050193444775,0 79.6546941382819,24.7050214342396,0 79.654693034662,24.7050235798821,0 79.6546920558557,24.7050257754888,0 79.6546912045622,24.7050280150054,0 79.6546904831288,24.7050302922568,0 79.6546903814901,24.7050306902559,0 79.6546959436195,24.7050023738968,0 79.6546963335372,24.7050000390716,0 79.6546965892594,24.7049976888133,0 79.6546967100862,24.7049953295541,0 79.654696695687,24.704992967751,0 79.6546965461011,24.7049906098677,0 79.654696261738,24.7049882623573,0 79.654695843376,24.7049859316444,0 79.6546952921599,24.7049836241079,0 79.6546946095985,24.704981346063,0 79.6546937975596,24.7049791037442,0 79.6546928582658,24.7049769032884,0 79.6546917942878,24.7049747507178,0 79.6546906085373,24.7049726519235,0 79.6546893042597,24.7049706126497,0 79.6546878850244,24.7049686384773,0 79.6546863547157,24.7049667348093,0 79.6546847175217,24.7049649068557,0 79.6546829779231,24.7049631596192,0 79.6546811406808,24.7049614978818,0 79.6546792108231,24.7049599261911,0 79.6546771936317,24.7049584488488,0 79.6546750946271,24.7049570698979,0 79.6546441946314,24.7049378699037,0 79.6546420434675,24.7049366063667,0 79.6546398236318,24.7049354461814,0 79.6546375410689,24.7049343924547,0 79.6546352018914,24.7049334480085,0 79.6546328123634,24.704932615372,0 79.654630378884,24.7049318967748,0 79.6546279079699,24.7049312941414,0 79.6546254062381,24.7049308090856,0 79.6546228803881,24.7049304429063,0 79.6546203371839,24.7049301965842,0 79.6546177834362,24.7049300707788,0 79.6546152259838,24.7049300658271,0 79.6546126716753,24.7049301817424,0 79.654610127351,24.7049304182142,0 79.6546075998246,24.7049307746092,0 79.6546050958645,24.7049312499731,0 79.6546026221764,24.7049318430328,0 79.6545845221823,24.7049366430314,0 79.654582074049,24.7049373557984,0 79.6545796697767,24.7049381838386,0 79.6545773158645,24.7049391249139,0 79.6545750186754,24.7049401764803,0 79.6545727844189,24.7049413356954,0 79.6545706191347,24.7049425994255,0 79.6545685286757,24.7049439642547,0 79.6545665186928,24.7049454264937,0 79.6545645946192,24.7049469821897,0 79.654562761656,24.7049486271376,0 79.654561024758,24.7049503568908,0 79.6545593886201,24.7049521667736,0 79.6545578576652,24.7049540518935,0 79.6545564360317,24.7049560071549,0 79.6545551275623,24.7049580272723,0 79.6545539357942,24.7049601067852,0 79.6545533550865,24.7049612625639,0 79.6545535286504,24.7049594519098,0 79.6545536188485,24.7049570741186,0 79.6545535717988,24.7049546952885,0 79.6545533876321,24.7049523220259,0 79.6545530668598,24.704949960922,0 79.6545526103729,24.7049476185342,0 79.654552019439,24.7049453013677,0 79.6545512956993,24.7049430158579,0 79.654550441164,24.7049407683522,0 79.6545494582061,24.7049385650924,0 79.6545485004312,24.7049367051836,0 79.6545489647136,24.7049365677575,0 79.6545513924275,24.704935717868,0 79.6545537678563,24.7049347525241,0 79.6545560844262,24.7049336743972,0 79.6545583357261,24.7049324864712,0 79.6545605155253,24.7049311920336,0 79.6545626177913,24.7049297946668,0 79.6545646367061,24.704928298238,0 79.6545665666822,24.7049267068887,0 79.6545684023786,24.7049250250228,0 79.6545701387148,24.7049232572949,0 79.6545717708856,24.7049214085973,0 79.6545732943739,24.7049194840463,0 79.6545747049635,24.7049174889679,0 79.6545759987505,24.7049154288838,0 79.6545771721544,24.704913309495,0 79.6545782219277,24.7049111366672,0 79.6545791451654,24.7049089164135,0 79.6545798904777,24.7049067939471,0 79.6545807061709,24.7049074939156,0 79.6545826564608,24.7049090019884,0 79.6545846894674,24.7049104159611,0 79.6545867997562,24.704911732054,0 79.6545889816859,24.7049129467489,0 79.6545912294241,24.7049140567988,0 79.6545935369622,24.7049150592364,0 79.6545958981318,24.704915951382,0 79.6545983066211,24.7049167308508,0 79.6546007559918,24.7049173955591,0 79.6546032396965,24.7049179437301,0 79.6546057510959,24.7049183738983,0 79.6546082834765,24.704918684914,0 79.654610830069,24.7049188759458,0 79.6546147300704,24.7049190759459,0 79.6546173181978,24.7049191466084,0 79.6546199068243,24.7049190933429,0 79.654622488844,24.7049189162956,0 79.6546250571693,24.7049186159524,0 79.65462760475,24.7049181931379,0 79.654630124593,24.7049176490127,0 79.6546326097814,24.7049169850703,0 79.6546350534932,24.7049162031334,0 79.6546374490204,24.7049153053484,0 79.6546397897872,24.7049142941796,0 79.6546420693683,24.7049131724029,0 79.654644281506,24.7049119430973,0 79.6546464201282,24.7049106096375,0 79.6546484793642,24.7049091756838,0 79.6546504535614,24.7049076451723,0 79.6546523373006,24.7049060223045,0 79.6546541254109,24.704904311535,0 79.654655812984,24.70490251756,0 79.6546573953874,24.704900645304,0 79.6546588682774,24.7048986999062,0 79.6546602276109,24.704896686707,0 79.6546614696566,24.7048946112324,0 79.6546625910049,24.7048924791798,0 79.6546635885779,24.7048902964016,0 79.6546850425885,24.7048396612598,0 79.6546968229739,24.7048242223629,0 79.654736809096,24.7047784762241,0 79.6547382578646,24.7047777872207,0 79.65474048211,24.7047765906084,0 79.6547426349279,24.7047752895356,0 79.6547447104454,24.7047738875518,0 79.6547467030002,24.7047723884817,0 79.6547486071564,24.7047707964148,0 79.6547504177192,24.7047691156946,0 79.6547521297494,24.7047673509061,0 79.6547537385762,24.704765506864,0 79.6547552398108,24.7047635885988,0 79.6547566293574,24.704761601344,0 79.6547847293491,24.7047190013358,0 79.6547859758656,24.7047169976215,0 79.6547871088254,24.7047149384067,0 79.6547881252761,24.7047128290575,0 79.6547890225688,24.7047106750708,0 79.6547897983652,24.7047084820597,0 79.6547904506436,24.7047062557393,0 79.6547909777044,24.704704001911,0 79.6547913781738,24.7047017264484,0 79.6547916510084,24.7046994352812,0 79.6547917954972,24.7046971343801,0 79.6547918112636,24.704694829741,0 79.6547916982666,24.7046925273698,0 79.6547914568006,24.7046902332663,0 79.6547913703069,24.7046896993091,0 79.6547923039664,24.7046886881042,0 79.6547938772091,24.7046867894599,0 79.6547953386788,24.7046848176783,0 79.6547966843096,24.704682778245,0 79.654797910358,24.7046806768336,0 79.6547990134132,24.7046785192902,0 79.6547999904065,24.7046763116173,0 79.6548008386198,24.7046740599564,0 79.6548015556935,24.7046717705718,0 79.6548021396326,24.7046694498324,0 79.6548025888127,24.7046671041946,0 79.6548029019841,24.704664740184,0 79.6548030782755,24.7046623643772,0 79.6548031171967,24.7046599833838,0 79.6548030186392,24.7046576038276,0 79.6548027828774,24.7046552323285,0 79.654802410567,24.7046528754842,0 79.6548019027438,24.7046505398512,0 79.6548012608207,24.7046482319275,0 79.6548004865835,24.7046459581335,0 79.6547995821861,24.7046437247949,0 79.6547985501445,24.704641538125,0 79.6547973933298,24.7046394042071,0 79.6547961149605,24.7046373289776,0 79.6547947185928,24.7046353182099,0 79.6547932081114,24.7046333774979,0 79.6547915877186,24.7046315122408,0 79.6547898619223,24.7046297276275,0 79.6547896425924,24.7046295125319,0 79.6547913056138,24.7046285082414,0 79.6547933533908,24.704627128154,0 79.6547953206893,24.7046256536028,0 79.6547972022932,24.7046240884974,0 79.6547989932138,24.7046224369874,0 79.6548006887026,24.7046207034517,0 79.6548022842641,24.7046188924864,0 79.6548037756681,24.7046170088932,0 79.6548051589601,24.7046150576663,0 79.6548064304726,24.7046130439789,0 79.6548075868342,24.7046109731703,0 79.6548086249792,24.7046088507309,0 79.6548095421548,24.7046066822881,0 79.6548103359294,24.7046044735912,0 79.6548110041984,24.7046022304964,0 79.6548115451899,24.7045999589511,0 79.6548119574695,24.7045976649778,0 79.6548122399442,24.7045953546588,0 79.6548123918651,24.7045930341197,0 79.6548124128292,24.7045907095131,0 79.6548118287259,24.7045602394202,0 79.6548164111451,24.7043428692959,0 79.6548163931497,24.7043405035172,0 79.6548162395168,24.704338141848,0 79.6548159506684,24.7043357907736,0 79.6548155273977,24.7043334567503,0 79.6548149708669,24.7043311461874,0 79.6548142826043,24.7043288654299,0 79.6548134645001,24.7043266207411,0 79.6548125188008,24.7043244182849,0 79.6548114481033,24.7043222641094,0 79.6548102553479,24.7043201641303,0 79.65480894381,24.7043181241142,0 79.6548075170911,24.7043161496632,0 79.6548059791092,24.7043142461992,0 79.6548043340877,24.7043124189494,0 79.6548025865439,24.7043106729314,0 79.6548007412767,24.70430901294,0 79.6547988033535,24.7043074435337,0 79.6547967780958,24.7043059690221,0 79.6547946710652,24.7043045934543,0 79.6547924880477,24.7043033206079,0 79.6547902350381,24.7043021539781,0 79.6547879182234,24.7043010967685,0 79.6547855439656,24.7043001518824,0 79.6547831187847,24.7042993219145,0 79.6547806493404,24.704298609144,0 79.654778142414,24.704298015528,0 79.6547756048897,24.7042975426969,0 79.6547730437357,24.704297191949,0 79.6547704659851,24.7042969642474,0 79.6547678787167,24.7042968602175,0 79.6547652890353,24.7042968801449,0 79.6547627040523,24.704297023975,0 79.6547601308663,24.7042972913127,0 79.6547575765435,24.7042976814239,0 79.6547550480982,24.7042981932374,0 79.6547525524738,24.7042988253476,0 79.6547500965233,24.7042995760188,0 79.6547476869911,24.7043004431895,0 79.6547453304938,24.7043014244784,0 79.6547430335027,24.7043025171909,0 79.6547408023254,24.7043037183262,0 79.6547386430889,24.704305024586,0 79.6547365617226,24.7043064323831,0 79.6547345639421,24.7043079378517,0 79.6547326552336,24.7043095368576,0 79.6547308408384,24.7043112250098,0 79.654729125739,24.7043129976726,0 79.6547275146452,24.704314849978,0 79.6547260119812,24.7043167768395,0 79.6547246218735,24.7043187729657,0 79.6547233481394,24.7043208328752,0 79.6547221942766,24.7043229509114,0 79.6547211634539,24.7043251212578,0 79.6547202585018,24.7043273379545,0 79.6547194819055,24.7043295949144,0 79.6547072818923,24.7043685949101,0 79.6547066535701,24.7043708155085,0 79.6546701535189,24.7045148154947,0 79.6546696159921,24.7045172354954,0 79.6546692241064,24.7045196787241,0 79.6546689790341,24.7045221378717,0 79.6546668790223,24.7045523378705,0 79.6546668438456,24.7045528989105,0 79.6546648438316,24.7045886989093,0 79.6546647800273,24.7045911885192,0 79.654664866588,24.7045936775556,0 79.6546651032503,24.7045961584453,0 79.6546660452425,24.704603640579,0 79.6546565779468,24.7046131851545,0 79.6546548810037,24.7046149892693,0 79.6546532904302,24.704616872527,0 79.6546518106417,24.7046188296999,0 79.6546504457459,24.7046208553552,0 79.6546491995317,24.7046229438698,0 79.6546480754583,24.7046250894461,0 79.6546470766462,24.7046272861284,0 79.6546462058678,24.7046295278187,0 79.6546454655405,24.7046318082945,0 79.6546448577193,24.7046341212253,0 79.6546443840915,24.7046364601907,0 79.6546440459718,24.7046388186979,0 79.6546438442987,24.7046411902,0 79.6546437796323,24.7046435681138,0 79.6546438521519,24.7046459458387,0 79.6546440616562,24.7046483167741,0 79.6546444075638,24.7046506743386,0 79.6546448889144,24.704653011988,0 79.6546455043718,24.704655323233,0 79.6546462522276,24.7046576016579,0 79.6546470002425,24.7046595090326,0 79.6546444305732,24.7046662472692,0 79.6546436257338,24.7046685552525,0 79.6546429575556,24.7046708993476,0 79.6546424279621,24.7046732728067,0 79.6546339540264,24.7047172473197,0 79.6546332152641,24.7047178963261,0 79.6546314321574,24.7047196374283,0 79.6546297521564,24.7047214620981,0 79.6546286447022,24.7047228026636,0 79.6546284936574,24.7047228433599,0 79.6546260735812,24.704723622246,0 79.654623701019,24.704724514827,0 79.654559706228,24.7047503850746,0 79.6545591632757,24.7047483682591,0 79.654558410109,24.7047460940275,0 79.6545575270107,24.7047438591436,0 79.654556516427,24.7047416697976,0 79.6545553811568,24.7047395320535,0 79.6545541243447,24.7047374518325,0 79.6545527494718,24.7047354348963,0 79.6545512603463,24.7047334868315,0 79.6545496610926,24.7047316130337,0 79.6545479561404,24.7047298186931,0 79.6545461502122,24.7047281087795,0 79.6545442483099,24.7047264880292,0 79.6545422557015,24.7047249609311,0 79.654540177906,24.7047235317152,0 79.6545380206785,24.7047222043401,0 79.6545357899942,24.7047209824822,0 79.6545334920316,24.7047198695259,0 79.6545311331555,24.7047188685538,0 79.6545287198995,24.7047179823385,0 79.654526258948,24.7047172133346,0 79.6545237571172,24.7047165636721,0 79.6545212213366,24.7047160351503,0 79.65451865863,24.7047156292332,0 79.6545160760954,24.7047153470452,0 79.654513480886,24.7047151893677,0 79.6545108801899,24.7047151566375,0 79.6545082812106,24.7047152489454,0 79.6545056911466,24.7047154660356,0 79.654503117172,24.7047158073068,0 79.6545005664162,24.7047162718137,0 79.6544980459441,24.7047168582699,0 79.654495562737,24.7047175650508,0 79.6544931236729,24.7047183901989,0 79.6544907355075,24.7047193314288,0 79.6544892335069,24.7047200111385,0 79.6544894970221,24.7047174881097,0 79.6544896763886,24.7047151059619,0 79.654489717637,24.7047127184826,0 79.6544896206518,24.7047103323502,0 79.6544893857045,24.7047079542395,0 79.6544890134523,24.7047055908024,0 79.6544885049363,24.7047032486502,0 79.6544878615791,24.7047009343344,0 79.6544870851803,24.7046986543288,0 79.6544861779118,24.704696415011,0 79.6544851423113,24.7046942226451,0 79.6544839812756,24.7046920833636,0 79.6544826980526,24.7046900031506,0 79.6544727524517,24.7046748329712,0 79.6544720128962,24.7046729002905,0 79.6544710411448,24.7046707298039,0 79.6544699473355,24.7046686083395,0 79.6544687344193,24.7046665416207,0 79.6544674056687,24.7046645352236,0 79.6544659646685,24.7046625945611,0 79.6544644153064,24.7046607248692,0 79.6544627617626,24.7046589311922,0 79.6544610084983,24.7046572183692,0 79.6544591602435,24.7046555910213,0 79.6544572219849,24.7046540535392,0 79.6544551989516,24.7046526100707,0 79.6544530966018,24.7046512645102,0 79.6544509206074,24.7046500204881,0 79.6544486768392,24.7046488813606,0 79.6544377768416,24.7046436813624,0 79.6544354630212,24.7046426467189,0 79.6544330933263,24.7046417236266,0 79.654430674196,24.7046409145937,0 79.6544282122037,24.7046402218187,0 79.654425714039,24.7046396471838,0 79.6544231864902,24.7046391922506,0 79.6544206364251,24.7046388582551,0 79.6544180707728,24.704638646105,0 79.6544154965048,24.7046385563766,0 79.654412920616,24.7046385893138,0 79.6544103501056,24.7046387448271,0 79.6544077919583,24.7046390224939,0 79.6544052531252,24.7046394215598,0 79.6543909531301,24.7046420215591,0 79.6543883054431,24.7046425724459,0 79.6543856948751,24.7046432553525,0 79.6543831293078,24.7046440682171,0 79.654380616487,24.7046450085857,0 79.6543781639993,24.7046460736189,0 79.6543757792491,24.7046472601015,0 79.6543734694363,24.7046485644512,0 79.6543729694364,24.7046488644511,0 79.654370818072,24.7046502311996,0 79.6543687490337,24.7046517001991,0 79.6543667681386,24.7046532673194,0 79.654364880956,24.7046549281546,0 79.6543630927917,24.7046566780352,0 79.6543614086732,24.7046585120414,0 79.6543598333354,24.704660425017,0 79.6543583712073,24.7046624115836,0 79.6543570263996,24.7046644661559,0 79.6543558026935,24.7046665829576,0 79.6543547035292,24.7046687560373,0 79.6543537319971,24.7046709792853,0 79.6543528908286,24.704673246451,0 79.6543521823889,24.7046755511602,0 79.6543516086695,24.7046778869333,0 79.6543511712835,24.7046802472032,0 79.6543508714607,24.704682625334,0 79.654350710044,24.7046850146396,0 79.6543506874872,24.7046874084024,0 79.6543508038538,24.7046897998925,0 79.6543510588166,24.7046921823861,0 79.6543514516588,24.7046945491848,0 79.6543519812759,24.7046968936344,0 79.6543526461789,24.7046992091435,0 79.6543534444984,24.7047014892019,0 79.65435437399,24.7047037273994,0 79.6543554320404,24.7047059174431,0 79.6543556308409,24.7047062761558,0 79.6543540306666,24.7047158279427,0 79.6543532333356,24.7047162577584,0 79.6543509913256,24.7047176220542,0 79.6543488340225,24.7047190959241,0 79.6543221340258,24.7047383959189,0 79.654320145849,24.7047399121183,0 79.6543182473503,24.7047415213841,0 79.6543164437435,24.7047432192968,0 79.654314739982,24.7047450011934,0 79.6543131407448,24.7047468621802,0 79.6543116504239,24.7047487971464,0 79.6543102731121,24.704750800778,0 79.654309012592,24.7047528675725,0 79.6543078723253,24.7047549918538,0 79.6543068554436,24.704757167788,0 79.6543059647395,24.7047593893993,0 79.6543052026592,24.7047616505864,0 79.6543045712956,24.7047639451396,0 79.6543040723826,24.7047662667572,0 79.6543038687063,24.7047675734747,0 79.6543032042268,24.7047675539457,0 79.6543006346834,24.7047676005441,0 79.6542980712663,24.7047677691089,0 79.654295520908,24.7047680591843,0 79.6542929905056,24.7047684699858,0 79.6542904869024,24.7047690004025,0 79.6542880168689,24.704769649,0 79.6542855870852,24.704770414024,0 79.6542832041224,24.7047712934059,0 79.6542808744248,24.7047722847672,0 79.6542786042929,24.7047733854271,0 79.654276399866,24.7047745924089,0 79.6542742671058,24.7047759024485,0 79.65427221178,24.704777312003,0 79.654270239447,24.7047788172604,0 79.6542683554409,24.7047804141499,0 79.6542665648566,24.704782098353,0 79.6542648725367,24.7047838653148,0 79.6542632830578,24.7047857102568,0 79.6542618007185,24.7047876281897,0 79.6542604295276,24.7047896139265,0 79.6542591731934,24.704791662097,0 79.6542580351135,24.7047937671623,0 79.6542570183656,24.7047959234293,0 79.6542561256996,24.7047981250668,0 79.6542553595294,24.7048003661205,0 79.6542501649264,24.7048170754072,0 79.654229344563,24.7048625839152,0 79.6542048789413,24.7048869064561,0 79.6541927071547,24.7048944688076,0 79.6541906072771,24.7048958482371,0 79.6541885892744,24.704897326137,0 79.6541866586739,24.7048988984595,0 79.6541848207635,24.7049005608981,0 79.654183080577,24.7049023088993,0 79.6541814428808,24.7049041376755,0 79.6541799121605,24.7049060422178,0 79.6541784926087,24.7049080173096,0 79.6541771881134,24.7049100575413,0 79.6541760022476,24.7049121573248,0 79.6541749382594,24.7049143109088,0 79.6541739990631,24.7049165123948,0 79.6541731872309,24.7049187557529,0 79.6541725049866,24.7049210348388,0 79.6541719541987,24.70492334341,0 79.6541715363759,24.7049256751435,0 79.6541712526625,24.7049280236528,0 79.6541711038357,24.7049303825054,0 79.6541710903031,24.7049327452405,0 79.6541712121017,24.7049351053866,0 79.6541714688981,24.7049374564794,0 79.6541718599887,24.7049397920793,0 79.6541723843025,24.7049421057893,0 79.6541730404033,24.7049443912721,0 79.6541738264942,24.7049466422679,0 79.6541747404221,24.7049488526114,0 79.6541757796837,24.7049510162484,0 79.6541769414327,24.7049531272528,0 79.6541782224869,24.7049551798428,0 79.6541796193377,24.7049571683962,0 79.6541811281591,24.7049590874666,0 79.6541827448185,24.7049609317977,0 79.654184464888,24.7049626963379,0 79.6541862836564,24.7049643762542,0 79.6541881961421,24.7049659669454,0 79.6541901971069,24.7049674640546,0 79.6541922810702,24.7049688634814,0 79.6541944423242,24.7049701613927,0 79.6541966749492,24.7049713542335,0 79.6541989728301,24.7049724387368,0 79.6542013296732,24.7049734119322,0 79.6542037390232,24.704974271154,0 79.6542045137036,24.7049745262883,0 79.6542056611718,24.7049758410927,0 79.6542073429097,24.7049775771867,0 79.6542091199837,24.70497923213,0 79.6542109877081,24.7049808015589,0 79.6542129411583,24.7049822813354,0 79.6542161411586,24.704984581336,0 79.6542179140681,24.7049857977976,0 79.6542197449222,24.7049869403884,0 79.6542216300354,24.7049880068086,0 79.6542322300374,24.7049937068104,0 79.654234510417,24.7049948601868,0 79.6542368541921,24.7049959021247,0 79.6542392548428,24.7049968297258,0 79.6542417056912,24.7049976404098,0 79.6542425826732,24.7049978835484,0 79.6542424050698,24.7049990259128,0 79.6542421756559,24.7050013842184,0 79.6542420818926,24.7050037502679,0 79.6542421240378,24.7050061175543,0 79.6542423019755,24.7050084795671,0 79.6542426152165,24.7050108298104,0 79.6542430628993,24.7050131618205,0 79.6542436437926,24.7050154691841,0 79.6542443562989,24.7050177455554,0 79.6542451984587,24.7050199846741,0 79.6542461679559,24.7050221803822,0 79.6542472621243,24.7050243266411,0 79.6542484779547,24.7050264175482,0 79.6542498121033,24.7050284473532,0 79.654250263393,24.7050290948562,0 79.6542445733243,24.7050284299836,0 79.6542181763536,24.7050252424252,0 79.6542149349176,24.7050249499154,0 79.6542118112982,24.7050247627325,0 79.6542111068417,24.7050235578927,0 79.6542098590127,24.7050216549798,0 79.6542085103738,24.7050198103552,0 79.6542070641807,24.7050180284718,0 79.6542055239247,24.7050163136315,0 79.6542038933241,24.7050146699738,0 79.6542021763152,24.7050131014668,0 79.6542003770432,24.705011611897,0 79.6541840504102,24.7049987484926,0 79.6541674131437,24.7049797222917,0 79.6541657098268,24.7049778777332,0 79.6541639010524,24.7049761189534,0 79.6541619919886,24.7049744509773,0 79.6541599880897,24.7049728785707,0 79.6541578950813,24.7049714062262,0 79.6541557189434,24.7049700381505,0 79.6541534658937,24.7049687782524,0 79.6541511423694,24.7049676301316,0 79.6541487550094,24.7049665970686,0 79.6541463106345,24.704965682015,0 79.654143816229,24.7049648875852,0 79.6541412789195,24.704964216049,0 79.6541387059558,24.7049636693251,0 79.6541361046891,24.7049632489757,0 79.6541334825517,24.7049629562016,0 79.6541308470355,24.7049627918395,0 79.6541282056706,24.7049627563589,0 79.6541255660038,24.7049628498612,0 79.6541038660117,24.7049641498611,0 79.6541012966295,24.7049643654495,0 79.6540987430661,24.704964703247,0 79.6540962122818,24.7049651623328,0 79.654093711175,24.7049657414556,0 79.6540912465632,24.7049664390368,0 79.6540888251644,24.704967253175,0 79.6540864535786,24.704968181651,0 79.6540841382705,24.7049692219339,0 79.6540818855509,24.7049703711883,0 79.6540797015603,24.7049716262814,0 79.6540775922517,24.7049729837922,0 79.6540755633748,24.7049744400205,0 79.6540736204597,24.7049759909967,0 79.6540717688024,24.7049776324935,0 79.6540700134501,24.7049793600363,0 79.6540683591875,24.7049811689163,0 79.6540668105238,24.7049830542028,0 79.6540653716804,24.7049850107571,0 79.654064046579,24.7049870332459,0 79.6540628388318,24.7049891161564,0 79.6540617517308,24.7049912538111,0 79.6540607882391,24.7049934403832,0 79.6540599509831,24.7049956699125,0 79.6540592422449,24.7049979363219,0 79.654034107341,24.7050870592382,0 79.6540334726277,24.705087946703,0 79.6540322408988,24.705089869922,0 79.654031114543,24.705091846316,0 79.654030096304,24.7050938710709,0 79.6540291886621,24.7050959392546,0 79.6540283938281,24.7050980458294,0 79.6540277137383,24.7051001856638,0 79.6540271500491,24.7051023535455,0 79.6540231114652,24.7051197883791,0 79.6540207271166,24.7051191516016,0 79.6540182214983,24.7051186100678,0 79.6540156884067,24.7051181884813,0 79.6540131347175,24.7051178879861,0 79.6540105673622,24.7051177093982,0 79.6540079933097,24.7051176532021,0 79.6540054195468,24.7051177195504,0 79.6540028530595,24.7051179082631,0 79.6540003008144,24.7051182188279,0 79.6539977697389,24.7051186504017,0 79.6539952667035,24.7051192018133,0 79.6539927985021,24.7051198715658,0 79.6539903718344,24.7051206578413,0 79.6539879932872,24.7051215585055,0 79.6539856693168,24.7051225711138,0 79.6539834062311,24.7051236929176,0 79.653981210173,24.7051249208719,0 79.6539790871034,24.7051262516435,0 79.6539770427851,24.7051276816204,0 79.653975082767,24.705129206921,0 79.6539732123694,24.7051308234052,0 79.6539714366691,24.7051325266852,0 79.6539697604861,24.7051343121378,0 79.6539681883701,24.7051361749165,0 79.6539667245884,24.7051381099652,0 79.6539653731141,24.7051401120314,0 79.6539641376158,24.7051421756808,0 79.653963021447,24.705144295312,0 79.6539620276373,24.7051464651715,0 79.6539611588844,24.7051486793695,0 79.6539604175463,24.7051509318959,0 79.6539598056353,24.7051532166367,0 79.6539593248123,24.70515552739,0 79.6539589763826,24.7051578578839,0 79.6539587612917,24.7051602017925,0 79.6539586801237,24.7051625527535,0 79.6539587330988,24.7051649043856,0 79.6539589200732,24.7051672503058,0 79.6539592405395,24.7051695841462,0 79.6539596936276,24.7051718995721,0 79.653960278108,24.7051741902985,0 79.653960992394,24.7051764501076,0 79.6539618345468,24.7051786728655,0 79.6539655345438,24.7051876728665,0 79.6539665437543,24.7051899391444,0 79.6539676858749,24.7051921521506,0 79.6539689575516,24.7051943053859,0 79.6539703550496,24.7051963925266,0 79.6539718742646,24.705198407443,0 79.653973510735,24.7052003442178,0 79.6539752596548,24.705202197163,0 79.6539771158876,24.7052039608366,0 79.6539961158873,24.7052210608409,0 79.6539980016346,24.7052226715425,0 79.6539999768822,24.7052241900881,0 79.6540020362402,24.705225612334,0 79.6540041740888,24.7052269343991,0 79.6540063845945,24.7052281526757,0 79.6540086617251,24.7052292638395,0 79.6540109992667,24.7052302648582,0 79.6540133908407,24.7052311530004,0 79.6540158299209,24.7052319258423,0 79.6540159583032,24.7052319597731,0 79.6540159691452,24.7052320590822,0 79.6540163621883,24.7052344038095,0 79.6540168894983,24.7052367264419,0 79.6540175496196,24.7052390205677,0 79.6540183407301,24.7052412798539,0 79.6540192606457,24.7052434980635,0 79.6540203068269,24.7052456690731,0 79.6540214763859,24.7052477868896,0 79.6540227660939,24.7052498456665,0 79.6540241723907,24.7052518397206,0 79.6540256913941,24.7052537635471,0 79.6540273189108,24.7052556118353,0 79.6540290504481,24.7052573794828,0 79.6540308812258,24.7052590616099,0 79.6540328061901,24.7052606535732,0 79.6540348200271,24.7052621509778,0 79.6540369171773,24.7052635496901,0 79.6540390918516,24.705264845849,0 79.6540413380466,24.7052660358762,0 79.6540436495616,24.7052671164867,0 79.6540460200156,24.7052680846973,0 79.6540484428647,24.7052689378354,0 79.6540509114207,24.7052696735457,0 79.6540534188689,24.7052702897973,0 79.6540559582874,24.705270784889,0 79.654058522666,24.7052711574541,0 79.6540611049256,24.705271406464,0 79.6540636979378,24.7052715312315,0 79.6540662945444,24.705271531412,0 79.6540688875773,24.705271407005,0 79.6540714698784,24.7052711583541,0 79.6540740343191,24.7052707861455,0 79.6540750246147,24.7052705932188,0 79.6540770340267,24.7052731860095,0 79.6540719294773,24.7052753081252,0 79.6540695425766,24.7052763720578,0 79.6540672216885,24.7052775515919,0 79.6540649735157,24.7052788433207,0 79.654062804551,24.7052802435139,0 79.6540607210585,24.7052817481277,0 79.6540587290552,24.7052833528166,0 79.6540568342941,24.7052850529464,0 79.6540550422473,24.705286843607,0 79.6540371112612,24.7053057571084,0 79.6540241702988,24.7053140711331,0 79.6540221004709,24.7053154760416,0 79.6540201136765,24.7053169776624,0 79.6540182153246,24.7053185719075,0 79.6540164105833,24.7053202544365,0 79.6540147043659,24.7053220206689,0 79.6540131013176,24.7053238657962,0 79.6540130290363,24.7053239585454,0 79.6540029792987,24.7053130028558,0 79.6540010355934,24.7053110069835,0 79.6539989660699,24.7053091196245,0 79.6539967779742,24.7053073473868,0 79.6539890592451,24.7053014588737,0 79.6539891436631,24.7053005193424,0 79.653989220332,24.7052981671039,0 79.6539891627253,24.7052958144114,0 79.6539889709995,24.7052934676572,0 79.6539886456754,24.7052911332175,0 79.653988187637,24.7052888174349,0 79.6539875981289,24.7052865266015,0 79.6539868787526,24.7052842669414,0 79.6539860314628,24.7052820445943,0 79.6539850585616,24.7052798655982,0 79.6539839626924,24.7052777358736,0 79.6539827468326,24.7052756612068,0 79.6539814142859,24.7052736472349,0 79.6539799686726,24.7052716994297,0 79.6539784139206,24.7052698230835,0 79.6539767542541,24.7052680232943,0 79.6539749941826,24.7052663049522,0 79.6539731384881,24.705264672726,0 79.6539711922125,24.7052631310504,0 79.6539691606441,24.7052616841141,0 79.6539670493024,24.7052603358485,0 79.6539648639241,24.7052590899169,0 79.6539626104469,24.7052579497045,0 79.6539602949934,24.7052569183092,0 79.6539579238549,24.7052559985333,0 79.6539555034736,24.7052551928759,0 79.6539530404259,24.705254503526,0 79.6539505414038,24.7052539323565,0 79.6539480131973,24.7052534809193,0 79.6539454626753,24.705253150441,0 79.6539428967679,24.7052529418194,0 79.6539403224465,24.7052528556215,0 79.6539377467056,24.7052528920813,0 79.6539351765435,24.7052530511,0 79.6539326189434,24.7052533322452,0 79.6539300808543,24.7052537347533,0 79.6539275691723,24.7052542575306,0 79.6539250907215,24.7052548991567,0 79.653922652236,24.7052556578883,0 79.6539202603411,24.7052565316639,0 79.6539179215357,24.7052575181095,0 79.6539156421742,24.7052586145448,0 79.6539134284499,24.7052598179909,0 79.6538990284528,24.7052681179885,0 79.6538968891229,24.7052694234054,0 79.6538948270557,24.7052708287554,0 79.6538928478391,24.7052723302302,0 79.6538909568367,24.7052739237609,0 79.6538891591729,24.7052756050291,0 79.6538874597194,24.7052773694786,0 79.6538858630815,24.705279212328,0 79.6538843735861,24.7052811285832,0 79.6538829952695,24.7052831130514,0 79.6538817318669,24.7052851603546,0 79.6538805868021,24.705287264945,0 79.6538795631781,24.7052894211191,0 79.6538786637689,24.7052916230339,0 79.6538778910118,24.7052938647224,0 79.653877247001,24.7052961401097,0 79.6538767334816,24.7052984430296,0 79.6538763518454,24.7053007672415,0 79.6538761031264,24.7053031064467,0 79.6538759879988,24.7053054543064,0 79.6538760067746,24.7053078044578,0 79.6538761594027,24.7053101505322,0 79.6538764454697,24.705312486172,0 79.6538768642004,24.7053148050477,0 79.65387741446,24.7053171008753,0 79.6538774745055,24.7053173009299,0 79.653876658606,24.7053201780449,0 79.6538760825668,24.7053224494007,0 79.6538756356564,24.7053247448944,0 79.6538753190666,24.7053270584038,0 79.6538751336418,24.705329383759,0 79.6538750798765,24.7053317147582,0 79.653875157914,24.7053340451847,0 79.6538753675464,24.7053363688232,0 79.6538757082144,24.7053386794766,0 79.6538761790096,24.7053409709824,0 79.6538767786764,24.7053432372293,0 79.6538775056154,24.7053454721732,0 79.653878357888,24.7053476698534,0 79.6538793332211,24.7053498244088,0 79.6538804290135,24.7053519300933,0 79.6538816423428,24.7053539812909,0 79.6538838423419,24.7053574812915,0 79.6538851759832,24.7053594810425,0 79.6538866213326,24.7053614149345,0 79.6538881745018,24.7053632777649,0 79.6538898313125,24.7053650645225,0 79.6538915873074,24.7053667704004,0 79.6538934377627,24.7053683908095,0 79.6538953777003,24.7053699213905,0 79.6538974019012,24.7053713580259,0 79.65389950492,24.7053726968508,0 79.6539016810992,24.7053739342635,0 79.6539039245843,24.7053750669352,0 79.65390622934,24.7053760918186,0 79.6539069400232,24.7053763671799,0 79.6539579449968,24.705441790246,0 79.6539595258315,24.7054437079279,0 79.653961216015,24.7054455461363,0 79.6539630107685,24.7054472996739,0 79.6539649050175,24.7054489635825,0 79.6539668934061,24.7054505331577,0 79.6539689703122,24.7054520039616,0 79.6539711298635,24.7054533718355,0 79.6539733659541,24.7054546329118,0 79.6539756722614,24.7054557836249,0 79.6539962077648,24.7054653911479,0 79.6539946646997,24.7054660437683,0 79.6539923669455,24.7054671531101,0 79.6539901362063,24.7054683712634,0 79.6539879786511,24.7054696948594,0 79.6539859002465,24.7054711202378,0 79.6539839067402,24.7054726434569,0 79.6539820036452,24.7054742603043,0 79.6539801962242,24.7054759663086,0 79.6539784894756,24.705477756752,0 79.6539768881194,24.7054796266832,0 79.653975396584,24.7054815709309,0 79.6539740189941,24.7054835841185,0 79.6539727591595,24.7054856606787,0 79.653971620564,24.7054877948687,0 79.6539706063565,24.7054899807867,0 79.6539697193416,24.7054922123877,0 79.6539689619724,24.7054944835002,0 79.6539683363433,24.7054967878436,0 79.6539678441845,24.7054991190454,0 79.6539674868569,24.7055014706589,0 79.6539672653489,24.7055038361807,0 79.6539671802729,24.7055062090692,0 79.6539672318643,24.7055085827623,0 79.6539674199803,24.7055109506956,0 79.6539677441008,24.7055133063208,0 79.6539779440772,24.7055744063231,0 79.6539780435398,24.7055749109641,0 79.6539772623637,24.7055759081166,0 79.6539758524223,24.7055779258937,0 79.6539745615386,24.7055800091046,0 79.6539733933416,24.7055821518924,0 79.6539723511158,24.7055843482328,0 79.6539601511077,24.7056120482287,0 79.653959240171,24.7056142855682,0 79.6539584599576,24.7056165637643,0 79.6539578126486,24.705618876448,0 79.6539573000537,24.7056212171538,0 79.6539569236059,24.7056235793381,0 79.6539566843577,24.7056259563971,0 79.6539565829779,24.7056283416852,0 79.6539566197498,24.7056307285343,0 79.6539567945708,24.7056331102714,0 79.6539571069521,24.7056354802383,0 79.6539575560204,24.7056378318092,0 79.6539581405203,24.70564015841,0 79.6539588588178,24.7056424535366,0 79.6539597089047,24.7056447107724,0 79.6539606884045,24.7056469238071,0 79.6539617945789,24.7056490864539,0 79.6539628242753,24.7056508500223,0 79.6539419947612,24.705684454949,0 79.6539407754084,24.7056865485814,0 79.6539396780834,24.7056886978172,0 79.653938705814,24.7056908967261,0 79.6539378612832,24.7056931392405,0 79.6539371468211,24.7056954191729,0 79.6539365643991,24.7056977302322,0 79.6539361156244,24.7057000660416,0 79.6539358017352,24.705702420156,0 79.6539356235976,24.7057047860797,0 79.6539355817033,24.7057071572844,0 79.6539356761677,24.7057095272273,0 79.6539359067303,24.7057118893692,0 79.6539362727548,24.7057142371922,0 79.6539367732314,24.7057165642181,0 79.653937406779,24.7057188640258,0 79.6539381716496,24.7057211302696,0 79.6539390657326,24.7057233566963,0 79.6539400865611,24.7057255371626,0 79.6539412313182,24.7057276656519,0 79.6539424968454,24.7057297362912,0 79.6539429321261,24.7057303680804,0 79.6539426376871,24.7057303940566,0 79.653940028318,24.7057307535339,0 79.6539374436731,24.7057312397339,0 79.6539348911214,24.7057318512702,0 79.6539323779405,24.7057325863993,0 79.6539299112959,24.7057334430253,0 79.6539046113032,24.7057429430225,0 79.6539022324382,24.7057439038747,0 79.6538999122055,24.7057449777288,0 79.6538976570321,24.7057461616106,0 79.6538954731647,24.7057474522405,0 79.6538933666523,24.7057488460439,0 79.6538913433299,24.7057503391598,0 79.6538899800304,24.7057514584606,0 79.653890194674,24.7057500783758,0 79.6538904240692,24.7057477239715,0 79.6538905182596,24.7057453618262,0 79.6538904769869,24.705742998415,0 79.6538903003644,24.7057406402164,0 79.6538899888762,24.7057382936945,0 79.6538895433761,24.7057359652815,0 79.6538889650853,24.70573366136,0 79.6538882555891,24.7057313882453,0 79.6538874168322,24.7057291521685,0 79.6538864511138,24.7057269592588,0 79.6538853610811,24.7057248155275,0 79.6538841497221,24.7057227268508,0 79.6538828203574,24.7057206989541,0 79.6538813766307,24.7057187373962,0 79.6538798224998,24.705716847554,0 79.6538781622246,24.7057150346078,0 79.6538764003563,24.7057133035272,0 79.6538745417244,24.7057116590574,0 79.6538725914237,24.7057101057061,0 79.6538705548002,24.7057086477312,0 79.6538684374367,24.7057072891294,0 79.6538662451372,24.7057060336246,0 79.6538639839111,24.7057048846585,0 79.6538616599567,24.7057038453806,0 79.6538592796445,24.7057029186396,0 79.653856849499,24.7057021069759,0 79.6538543761819,24.7057014126144,0 79.6538518664727,24.7057008374584,0 79.6538160664845,24.7056935374614,0 79.6538151068563,24.7056933508984,0 79.6537832068669,24.7056874509009,0 79.6537806780779,24.7056870453533,0 79.653778129646,24.7056867603244,0 79.6537755684493,24.7056865965834,0 79.6537730014002,24.7056865545723,0 79.6537704354269,24.7056866344044,0 79.6537678774547,24.7056868358643,0 79.6537653343872,24.7056871584082,0 79.6537628130881,24.7056876011657,0 79.6537603203621,24.7056881629417,0 79.6537578629367,24.7056888422202,0 79.6537554474444,24.7056896371677,0 79.6537530804043,24.7056905456389,0 79.6537507682049,24.7056915651818,0 79.6537485170864,24.7056926930448,0 79.6537463331246,24.7056939261838,0 79.6537442222137,24.7056952612709,0 79.6537421900508,24.7056966947026,0 79.6537402421205,24.7056982226103,0 79.6537383836802,24.7056998408703,0 79.6537378619938,24.7057003449033,0 79.6537372961338,24.7056997655667,0 79.6537354628258,24.7056980767363,0 79.6537335347017,24.7056964784491,0 79.6537315171129,24.7056949751411,0 79.6537294156589,24.7056935709846,0 79.6537272361722,24.7056922698767,0 79.6537249847018,24.7056910754286,0 79.6537226674965,24.7056899909552,0 79.6537202909875,24.7056890194665,0 79.6537178617705,24.7056881636588,0 79.6537153865877,24.7056874259073,0 79.6537128723088,24.7056868082596,0 79.6537103259118,24.7056863124298,0 79.6537077544642,24.7056859397942,0 79.6537051651028,24.7056856913869,0 79.6537025650141,24.7056855678974,0 79.6536999614144,24.7056855696684,0 79.65369736153,24.7056856966949,0 79.6536947725763,24.7056859486246,0 79.6536922017391,24.705686324758,0 79.6536896561533,24.7056868240514,0 79.6536780006898,24.7056894053317,0 79.6536867278457,24.7056720084212,0 79.6536877683399,24.7056697780108,0 79.6536886762633,24.7056674997902,0 79.6536894489975,24.7056651803297,0 79.653690084314,24.7056628263183,0 79.6536905803805,24.7056604445451,0 79.6536909357664,24.705658041879,0 79.653694135756,24.7056309418775,0 79.6536943426115,24.7056286384898,0 79.6536944201624,24.7056263284499,0 79.6536943682056,24.7056240178114,0 79.6536941868773,24.7056217126294,0 79.6536938766526,24.7056194189447,0 79.6536934383445,24.705617142768,0 79.6536928731017,24.7056148900641,0 79.6536921824052,24.7056126667364,0 79.6536913680653,24.7056104786111,0 79.6536904322159,24.7056083314225,0 79.6536893773094,24.7056062307971,0 79.6536882061102,24.7056041822399,0 79.6536869216876,24.7056021911192,0 79.6536855274074,24.7056002626527,0 79.6536840269234,24.7055984018942,0 79.6536824241678,24.7055966137197,0 79.6536813067586,24.7055954896901,0 79.6536812772486,24.7055954068855,0 79.6536803504409,24.7055932044926,0 79.6536792989411,24.7055910493416,0 79.6536781256215,24.7055889473192,0 79.6536768336868,24.7055869041669,0 79.6536754266661,24.7055849254656,0 79.653673694889,24.7055826240262,0 79.6536680409138,24.7055556189037,0 79.6536678596648,24.7055547948525,0 79.6536589596502,24.7055161948547,0 79.6536586970254,24.7055151864316,0 79.6536589065149,24.7055150692743,0 79.6536610553393,24.7055137202541,0 79.6536631232914,24.705512269584,0 79.6536651046154,24.7055107213017,0 79.6536669937964,24.7055090797168,0 79.6536687855763,24.7055073493983,0 79.6536704749677,24.7055055351626,0 79.6536720572684,24.7055036420591,0 79.6536735280743,24.7055016753573,0 79.6536748832916,24.7054996405312,0 79.6536761191482,24.7054975432445,0 79.6536772322042,24.7054953893347,0 79.6536782193615,24.705493184797,0 79.6536790778726,24.7054909357676,0 79.6536798053479,24.7054886485062,0 79.6536803997625,24.7054863293793,0 79.6536808594619,24.7054839848418,0 79.6536811831668,24.7054816214195,0 79.6536813699759,24.7054792456907,0 79.6536814193695,24.705476864268,0 79.65368133121,24.7054744837798,0 79.6536811057429,24.705472110852,0 79.6536807435956,24.7054697520891,0 79.6536802457762,24.7054674140567,0 79.6536732457654,24.7054386140585,0 79.6536725723814,24.7054361684849,0 79.6536717505734,24.7054337610733,0 79.6536707829053,24.7054313993345,0 79.6536696723963,24.7054290906372,0 79.6536684225111,24.7054268421845,0 79.6536670371494,24.7054246609913,0 79.6536655206334,24.705422553863,0 79.6536603478283,24.7054157861132,0 79.6536585644845,24.7054038797013,0 79.6536581524201,24.7054015743355,0 79.6536576103801,24.7053992915253,0 79.6536569398154,24.7053970373818,0 79.6536561425213,24.7053948179396,0 79.6536553831581,24.7053930232553,0 79.6536557415039,24.7053927960261,0 79.653657801138,24.70539133722,0 79.6536597737254,24.7053897812553,0 79.6536616537804,24.7053881324593,0 79.6536634360746,24.705386395417,0 79.6536651156516,24.7053845749592,0 79.6536666878406,24.7053826761484,0 79.6536681482694,24.7053807042651,0 79.6536694928766,24.705378664793,0 79.653670717923,24.7053765634038,0 79.6536718200018,24.7053744059413,0 79.6536727960481,24.7053721984053,0 79.6536736433477,24.7053699469348,0 79.6536743595443,24.7053676577911,0 79.6536749426461,24.7053653373401,0 79.6536753910316,24.7053629920349,0 79.653675703454,24.7053606283977,0 79.6536758790442,24.7053582530015,0 79.6536759173141,24.7053558724523,0 79.6536758181572,24.7053534933701,0 79.6536755818493,24.7053511223712,0 79.6536752090476,24.705348766049,0 79.6536747007888,24.7053464309565,0 79.6536740584863,24.7053441235874,0 79.6536732839264,24.7053418503582,0 79.6536723792631,24.7053396175908,0 79.6536713470122,24.7053374314944,0 79.6536701900443,24.7053352981483,0 79.6536689115769,24.7053332234853,0 79.6536675151654,24.7053312132749,0 79.6536533698273,24.7053119901324,0 79.6536540792752,24.7053113435605,0 79.6536557594363,24.7053096487834,0 79.6536573435141,24.7053078784704,0 79.6536588274455,24.7053060371622,0 79.6536602074241,24.7053041295818,0 79.6536614799103,24.7053021606222,0 79.6536626416402,24.7053001353338,0 79.6536779416331,24.705271735329,0 79.6536790217518,24.7052695906136,0 79.6536799776685,24.7052673972512,0 79.6536808067691,24.7052651612394,0 79.6536815067867,24.7052628886924,0 79.653682075807,24.7052605858243,0 79.6536825122741,24.7052582589321,0 79.6536828149946,24.7052559143785,0 79.6536829831408,24.7052535585745,0 79.6536830162527,24.7052511979619,0 79.6536826574089,24.7052266178246,0 79.6536826752184,24.7052264608127,0 79.6536828067638,24.7052240696211,0 79.6536827993604,24.7052216754214,0 79.653682653029,24.7052192849469,0 79.6536823681812,24.7052169049205,0 79.653681945618,24.7052145420354,0 79.6536813865279,24.7052122029372,0 79.6536806924832,24.705209894204,0 79.6536798654358,24.7052076223288,0 79.6536789077118,24.7052053937009,0 79.6536778220044,24.705203214588,0 79.6536766113672,24.7052010911185,0 79.6536752792048,24.7051990292643,0 79.6536738292637,24.7051970348241,0 79.6536722656218,24.7051951134068,0 79.6536708702858,24.705193576243,0 79.6536737078646,24.7051911851859,0 79.6536755536079,24.7051895465985,0 79.6536773034672,24.7051878224523,0 79.6536789526966,24.7051860174234,0 79.6536804968231,24.7051841364072,0 79.6536819316589,24.7051821845054,0 79.6536832533123,24.7051801670117,0 79.6536844581991,24.705178089398,0 79.6536855430512,24.705175957299,0 79.6536865049265,24.7051737764973,0 79.6536873412163,24.7051715529075,0 79.6536880496523,24.7051692925603,0 79.6536886283132,24.705167001586,0 79.6536890756297,24.7051646861983,0 79.6536893903885,24.7051623526766,0 79.653689571736,24.7051600073498,0 79.6536896191803,24.7051576565789,0 79.6536895325928,24.7051553067394,0 79.6536893122083,24.7051529642044,0 79.6536892856578,24.7051527893297,0 79.6536900410145,24.7051523949955,0 79.653692227489,24.7051511096681,0 79.6536943369395,24.705149721071,0 79.6536963635275,24.7051482330478,0 79.6536983016434,24.7051466497173,0 79.6537001459227,24.7051449754619,0 79.6537018912607,24.7051432149158,0 79.6537035328264,24.705141372952,0 79.6537050660762,24.705139454669,0 79.6537064867661,24.7051374653763,0 79.6537077909638,24.7051354105801,0 79.6537089750595,24.7051332959679,0 79.6537100357756,24.7051311273928,0 79.6537109701762,24.7051289108571,0 79.6537117756751,24.7051266524961,0 79.6537124500425,24.7051243585606,0 79.6537129914121,24.7051220354,0 79.6537133982853,24.7051196894446,0 79.6537136695359,24.7051173271879,0 79.6537138044132,24.7051149551682,0 79.6537138025438,24.7051125799512,0 79.6537136639329,24.7051102081112,0 79.6537133889642,24.7051078462132,0 79.6537129783988,24.7051055007948,0 79.6537124333731,24.7051031783477,0 79.6537117553957,24.7051008853004,0 79.6537109463432,24.7050986279998,0 79.6537100084549,24.7050964126938,0 79.6537089443268,24.7050942455142,0 79.6537077569044,24.7050921324595,0 79.6537064494743,24.7050900793785,0 79.6537050256554,24.705088091954,0 79.6537034893886,24.7050861756868,0 79.6537018449263,24.705084335881,0 79.6537000968201,24.7050825776291,0 79.6536982499085,24.7050809057977,0 79.6536963093038,24.7050793250143,0 79.6536942803773,24.7050778396543,0 79.65369412463,24.7050777374403,0 79.6536904924634,24.7050679735602,0 79.653689554997,24.7050656625626,0 79.653688480879,24.705063401742,0 79.6536872733105,24.7050611978357,0 79.65368593589,24.7050590574117,0 79.6536844726032,24.7050569868484,0 79.6536828878108,24.7050549923165,0 79.6536811862356,24.7050530797596,0 79.6536793729485,24.7050512548775,0 79.6536774533531,24.7050495231083,0 79.6536754331701,24.705047889613,0 79.653655173434,24.7050323878495,0 79.6536555891769,24.7050314174922,0 79.6536564239203,24.7050291105268,0 79.6536571215943,24.7050267658776,0 79.653657680178,24.7050243903357,0 79.6536580980535,24.7050219907815,0 79.6536583740106,24.7050195741653,0 79.6536644739826,24.7049473741621,0 79.6536646058202,24.7049450012694,0 79.6536646008232,24.7049426253266,0 79.6536644590055,24.7049402529141,0 79.6536641807598,24.7049378906026,0 79.6536637668568,24.7049355449349,0 79.6536632184429,24.7049332224073,0 79.6536625370369,24.7049309294525,0 79.6536617245261,24.704928672421,0 79.6536607831608,24.7049264575639,0 79.6536597155483,24.7049242910154,0 79.6536585246453,24.7049221787761,0 79.6536572137503,24.704920126696,0 79.6536557864939,24.7049181404585,0 79.653654246829,24.7049162255648,0 79.6536525990199,24.7049143873183,0 79.6536508476305,24.7049126308102,0 79.6536489975112,24.7049109609054,0 79.6536470537863,24.7049093822289,0 79.6536450218391,24.704907899153,0 79.6536429072973,24.7049065157851,0 79.6536407160173,24.7049052359566,0 79.6536384540681,24.7049040632123,0 79.6536361277143,24.7049030008001,0 79.6536337433992,24.7049020516624,0 79.6536313077262,24.704901218428,0 79.6536288274413,24.7049005034047,0 79.6536263094138,24.7048999085727,0 79.6536237606176,24.7048994355795,0 79.6536211881119,24.7048990857351,0 79.6536185990216,24.7048988600085,0 79.6536160005173,24.7048987590248,0 79.6536133997959,24.7048987830637,0 79.6536108040604,24.7048989320586,0 79.6536082204998,24.7048992055968,0 79.6536056562698,24.7048996029208,0 79.653603118472,24.7049001229302,0 79.6536006141353,24.7049007641847,0 79.6535981501955,24.7049015249082,0 79.653595733477,24.704902402994,0 79.653593370673,24.70490339601,0 79.6535910683275,24.704904501206,0 79.6535888328171,24.7049057155211,0 79.6535866703334,24.704907035592,0 79.6535845868654,24.7049084577627,0 79.6535825881837,24.7049099780944,0 79.6535806798237,24.7049115923763,0 79.6535788670708,24.7049132961375,0 79.6535771549457,24.7049150846593,0 79.6535755481903,24.7049169529881,0 79.6535740512547,24.7049188959496,0 79.6535726682847,24.7049209081623,0 79.6535714031107,24.7049229840534,0 79.6535702592366,24.7049251178733,0 79.6535692398307,24.7049273037123,0 79.6535683477161,24.7049295355165,0 79.6535675853638,24.7049318071047,0 79.6535669548852,24.7049341121853,0 79.6535591857295,24.7049660703719,0 79.6535574268422,24.7049644720377,0 79.6535555051865,24.7049628992927,0 79.6535534963006,24.7049614203069,0 79.6535514056597,24.7049600391115,0 79.6535498056599,24.7049590391118,0 79.653547523837,24.7049576955046,0 79.6535451646938,24.7049564683872,0 79.653542735349,24.7049553614623,0 79.6535402431333,24.7049543780701,0 79.6535376955669,24.7049535211781,0 79.6535204955719,24.7049482211801,0 79.6535178148577,24.7049474718039,0 79.6535150919424,24.7049468624931,0 79.6535123355878,24.7049463952084,0 79.6535109355883,24.7049461952085,0 79.65350838705,24.7049458929151,0 79.6535058247557,24.7049457120566,0 79.6535032556342,24.7049456531218,0 79.6535006866326,24.7049457162703,0 79.6534981246979,24.7049459013313,0 79.6534955767579,24.7049462078042,0 79.6534930497026,24.7049466348605,0 79.6534905503654,24.7049471813452,0 79.6534880855049,24.7049478457806,0 79.6534856617865,24.70494862637,0 79.6534832857641,24.7049495210025,0 79.6534809638629,24.704950527259,0 79.6534787023615,24.7049516424184,0 79.6534765073754,24.7049528634652,0 79.6534743848402,24.7049541870974,0 79.6534723404953,24.7049556097359,0 79.6534703798691,24.7049571275335,0 79.6534685082633,24.7049587363861,0 79.653466730739,24.704960431943,0 79.6534650521028,24.7049622096192,0 79.653463476894,24.7049640646076,0 79.6534620093723,24.7049659918921,0 79.6534606535059,24.7049679862612,0 79.6534594129613,24.7049700423216,0 79.6534582910931,24.7049721545137,0 79.6534572909351,24.7049743171256,0 79.6534564151917,24.7049765243095,0 79.6534556662311,24.7049787700968,0 79.6534550460787,24.7049810484146,0 79.6534545564113,24.704983353102,0 79.6534541985532,24.7049856779269,0 79.6534538985523,24.7049880779267,0 79.653453675306,24.7049903895966,0 79.6534535823846,24.7049927086922,0 79.6534536200336,24.7049950290859,0 79.6534537881535,24.7049973446468,0 79.6534540863002,24.7049996492569,0 79.6534545136858,24.7050019368268,0 79.6534550691812,24.7050042013125,0 79.6534557513187,24.7050064367307,0 79.6534565582959,24.705008637175,0 79.6534574879806,24.7050107968315,0 79.6534584660563,24.7050127653639,0 79.6534567954351,24.7050134752135,0 79.6534545168951,24.7050145789217,0 79.6534523044862,24.7050157897146,0 79.6534501642335,24.7050171042946,0 79.6534481019657,24.7050185190819,0 79.6534461232989,24.7050200302233,0 79.6534442336218,24.7050216336037,0 79.6534424380806,24.7050233248564,0 79.6534407415652,24.7050250993755,0 79.6534391486958,24.7050269523286,0 79.6534376638103,24.7050288786692,0 79.6534362909525,24.7050308731515,0 79.6534350338611,24.7050329303437,0 79.6534338959599,24.7050350446434,0 79.6534328803474,24.7050372102926,0 79.6534319897897,24.7050394213936,0 79.6534312267121,24.7050416719247,0 79.6534305931926,24.7050439557571,0 79.6534300909566,24.705046266671,0 79.6534300586356,24.7050464705837,0 79.6534280597809,24.7050455315358,0 79.6534257339046,24.7050445740878,0 79.6534233570428,24.7050437275592,0 79.6534209355289,24.7050429942058,0 79.6534184758156,24.7050423759816,0 79.6534159844572,24.705041874534,0 79.6534134680923,24.7050414911992,0 79.6534109334262,24.7050412269988,0 79.6534083872129,24.7050410826366,0 79.6534058362374,24.7050410584974,0 79.653403287297,24.7050411546455,0 79.6534007471839,24.7050413708246,0 79.6533982226665,24.7050417064588,0 79.6533957204721,24.7050421606537,0 79.6533932472679,24.705042732199,0 79.6533908096444,24.7050434195717,0 79.653388414097,24.7050442209402,0 79.6533860670091,24.7050451341691,0 79.6533837746347,24.705046156825,0 79.6533815430825,24.7050472861829,0 79.6533793782987,24.7050485192332,0 79.6533772860517,24.7050498526905,0 79.6533752719168,24.7050512830014,0 79.6533733412608,24.7050528063547,0 79.6533714992285,24.7050544186911,0 79.6533697507281,24.7050561157143,0 79.653368100419,24.7050578929022,0 79.6533665526985,24.7050597455193,0 79.6533651116909,24.7050616686289,0 79.653363781236,24.7050636571066,0 79.6533625648791,24.7050657056537,0 79.6533480648728,24.7050917056493,0 79.6533468951809,24.7050939542364,0 79.6533458629488,24.7050962583056,0 79.653344971315,24.7050986108507,0 79.6533345713051,24.7051287108471,0 79.6533339602122,24.7051306258938,0 79.6533334423165,24.7051325637307,0 79.6533330186293,24.7051345205747,0 79.6533309334239,24.705145409961,0 79.6533303206882,24.7051462007585,0 79.6533289249211,24.7051482208423,0 79.6533276480728,24.7051503055416,0 79.6533161480681,24.705170305538,0 79.6533149536933,24.7051725287788,0 79.6533138945665,24.705174808504,0 79.6533129738745,24.7051771378538,0 79.653312194388,24.7051795098189,0 79.6533115584524,24.7051819172619,0 79.6533110679814,24.7051843529385,0 79.6533107244508,24.7051868095196,0 79.6533105288945,24.705189279613,0 79.6533104951598,24.7051910571428,0 79.6531432277282,24.7051365817344,0 79.653091040691,24.7046672179404,0 79.6534876621743,24.7037000384838,0 79.6527570436524,24.7035483233777,0 79.6527414775934,24.7032937763315,0 79.652742435284,24.7032940697885,0 79.65274496768,24.7032947111687,0 79.652747533816,24.7032952286676,0 79.652750126436,24.7032956208221,0 79.6527527382092,24.7032958865231,0 79.6527553617502,24.7032960250195,0 79.6527579896409,24.7032960359195,0 79.6527606144505,24.7032959191925,0 79.652763228757,24.7032956751684,0 79.6527658251682,24.7032953045372,0 79.6527683963425,24.703294808347,0 79.6527709350094,24.7032941880007,0 79.6527734339907,24.7032934452526,0 79.6527771339918,24.7032922452522,0 79.6527797544437,24.7032913179218,0 79.6527823129601,24.7032902560207,0 79.652784801268,24.7032890629827,0 79.6527872113217,24.7032877426653,0 79.6527895353282,24.7032862993378,0 79.6528186353328,24.7032670993324,0 79.6528206629987,24.7032656873796,0 79.6528226082561,24.7032641817751,0 79.6528244659277,24.7032625865262,0 79.6528262310692,24.7032609058784,0 79.6528278989828,24.7032591443051,0 79.6528294652292,24.7032573064945,0 79.6528309256398,24.7032553973381,0 79.6528322763278,24.7032534219171,0 79.6528335136982,24.7032513854891,0 79.6528346344579,24.7032492934741,0 79.6528356356238,24.70324715144,0 79.6528365145314,24.7032449650879,0 79.6528372688415,24.7032427402368,0 79.6528378965465,24.7032404828082,0 79.6528383959757,24.7032381988102,0 79.6528387657998,24.7032358943217,0 79.6528390050347,24.7032335754762,0 79.6528391130436,24.7032312484453,0 79.652839089539,24.7032289194225,0 79.6528389345834,24.7032265946063,0 79.6528386485894,24.7032242801845,0 79.6528384471791,24.7032231683751,0 79.6528392594704,24.7032233475537,0 79.6528417979567,24.7032237807304,0 79.6528443577465,24.7032240921793,0 79.6528469318502,24.7032242810501,0 79.6528495132394,24.7032243468271,0 79.6528520948655,24.7032242893306,0 79.6528546696793,24.7032241087176,0 79.6528572306504,24.7032238054813,0 79.652859770786,24.7032233804498,0 79.6528622831502,24.7032228347834,0 79.652864760883,24.7032221699723,0 79.652867197219,24.7032213878316,0 79.6528695855057,24.703220490497,0 79.652871919222,24.7032194804187,0 79.6528741919956,24.7032183603546,0 79.6528763976207,24.7032171333632,0 79.6528785300748,24.7032158027947,0 79.6528805835353,24.7032143722822,0 79.6528825523951,24.7032128457319,0 79.6528844312784,24.7032112273118,0 79.6528862150548,24.7032095214411,0 79.6528878988537,24.7032077327777,0 79.6528894780775,24.7032058662056,0 79.6528909484142,24.7032039268214,0 79.652892305849,24.7032019199206,0 79.6528935466753,24.7031998509831,0 79.6528946675052,24.703197725658,0 79.6528956652783,24.7031955497487,0 79.65289653727,24.7031933291964,0 79.6528972810995,24.7031910700643,0 79.6528978947357,24.703188778521,0 79.6528983765031,24.7031864608236,0 79.6528987250862,24.7031841233006,0 79.6528989395333,24.7031817723344,0 79.6528990192587,24.7031794143446,0 79.6528989640449,24.7031770557695,0 79.6528988222394,24.7031752998514,0 79.6529487801898,24.70316557446,0 79.6529491614126,24.7031671990856,0 79.6529498241016,24.7031694494949,0 79.6529506130225,24.7031716656671,0 79.6529515260731,24.7031738416972,0 79.6529525608207,24.7031759717873,0 79.6529537145082,24.7031780502618,0 79.6529549840618,24.7031800715827,0 79.6529563660985,24.7031820303643,0 79.6529578569362,24.7031839213873,0 79.6529594526024,24.7031857396132,0 79.6529611488456,24.7031874801974,0 79.6529629411462,24.7031891385022,0 79.6529648247287,24.703190710109,0 79.6529667945742,24.7031921908303,0 79.6529688454343,24.7031935767208,0 79.6529709718444,24.7031948640879,0 79.6529731681387,24.7031960495013,0 79.6529754284654,24.7031971298026,0 79.6529777468018,24.7031981021132,0 79.6529801169707,24.7031989638426,0 79.652982532657,24.7031997126947,0 79.652984987424,24.7032003466741,0 79.6529874747312,24.7032008640917,0 79.6529899879511,24.7032012635688,0 79.6529925203873,24.7032015440409,0 79.6529950652923,24.7032017047609,0 79.6530398440689,24.7032034734043,0 79.6530406676842,24.7032037156796,0 79.6530431245917,24.7032043129201,0 79.6530456118699,24.7032047939413,0 79.6530481229359,24.7032051574701,0 79.6530506511441,24.7032054025444,0 79.6530531898032,24.7032055285157,0 79.6530557321946,24.7032055350506,0 79.6530582715895,24.7032054221316,0 79.6530608012673,24.7032051900577,0 79.6530633145328,24.7032048394431,0 79.6530658047346,24.7032043712157,0 79.6530682652821,24.7032037866148,0 79.6530706896632,24.7032030871874,0 79.6530730714616,24.7032022747848,0 79.6530754043737,24.7032013515569,0 79.6530776822252,24.7032003199473,0 79.6530798989876,24.7031991826861,0 79.653082048794,24.7031979427833,0 79.6531105088428,24.7031805773283,0 79.6531131120149,24.7031791574163,0 79.6531470674461,24.7031776785216,0 79.6531471200615,24.7031783428596,0 79.6531474444031,24.7031807025956,0 79.6531479043196,24.7031830434543,0 79.6531484985347,24.7031853589398,0 79.6531492253994,24.7031876426267,0 79.6531500828968,24.7031898881776,0 79.6531510686471,24.7031920893612,0 79.6531521799151,24.7031942400691,0 79.6531534136168,24.7031963343331,0 79.6531547663288,24.7031983663416,0 79.6531562342972,24.7032003304557,0 79.6531571990177,24.703201485547,0 79.6531562086428,24.7032024797614,0 79.6531546021249,24.7032042686505,0 79.6531530980458,24.7032061303838,0 79.6531517003565,24.7032080600709,0 79.6531504127283,24.703210052643,0 79.6531492385436,24.703212102866,0 79.6531481808868,24.7032142053545,0 79.653147242536,24.7032163545856,0 79.6531464259561,24.7032185449139,0 79.6531457332921,24.7032207705857,0 79.6531396332845,24.7032424705834,0 79.6531390400482,24.7032448450674,0 79.6531385878444,24.7032472453218,0 79.6531382779891,24.7032496643613,0 79.6531381113841,24.7032520951456,0 79.6531380885143,24.7032545306005,0 79.6531382094463,24.7032569636382,0 79.6531384738281,24.7032593871778,0 79.6531388808903,24.703261794166,0 79.6531394294482,24.7032641775979,0 79.6531401179054,24.703266530537,0 79.6531409442582,24.7032688461355,0 79.6531432442562,24.7032747461361,0 79.653143970001,24.7032764926269,0 79.6531492699972,24.7032884926284,0 79.6531502884568,24.7032906368666,0 79.6531514270315,24.7032927300774,0 79.6531526826693,24.7032947666502,0 79.6531540520047,24.7032967411261,0 79.6531555313672,24.7032986482124,0 79.6531571167914,24.7033004827974,0 79.6531588040276,24.7033022399636,0 79.6531605885535,24.7033039150009,0 79.6531624655855,24.7033055034195,0 79.6531644300924,24.7033070009618,0 79.6531664768086,24.7033084036136,0 79.6531686002478,24.7033097076152,0 79.6531707947182,24.7033109094713,0 79.6531730543378,24.7033120059604,0 79.6531753730496,24.7033129941434,0 79.6531777446386,24.7033138713715,0 79.6531801627478,24.7033146352933,0 79.6531826208956,24.7033152838613,0 79.653185112493,24.7033158153368,0 79.6531876308614,24.7033162282955,0 79.6531901692505,24.7033165216302,0 79.6532032692551,24.7033177216308,0 79.653205913909,24.7033178985719,0 79.6532085651449,24.7033179456693,0 79.6532112153295,24.7033178627875,0 79.6532138568326,24.7033176501651,0 79.6532164820491,24.7033173084143,0 79.6532190834206,24.703316838519,0 79.6532216534576,24.7033162418322,0 79.6532241847607,24.7033155200716,0 79.6532266700419,24.7033146753154,0 79.6532291021458,24.7033137099958,0 79.6532314740702,24.7033126268918,0 79.653233778986,24.703311429122,0 79.6532360102572,24.7033101201349,0 79.6532381614596,24.7033087036991,0 79.6532482966667,24.7033016452504,0 79.6532635256389,24.7032921848276,0 79.6532778390795,24.7033097343571,0 79.6533450586817,24.7034439799385,0 79.6533461950126,24.7034461008694,0 79.6533474511796,24.7034481646225,0 79.653348823746,24.7034501655519,0 79.6533503089571,24.7034520981839,0 79.6533519027499,24.7034539572314,0 79.6533536007641,24.7034557376086,0 79.6533553983547,24.703457434445,0 79.653357290604,24.7034590430987,0 79.6533592723355,24.7034605591688,0 79.6533613381277,24.7034619785079,0 79.6533634823294,24.7034632972332,0 79.6533656990747,24.7034645117371,0 79.6533679822994,24.703465618697,0 79.6533703257573,24.7034666150848,0 79.6533727230374,24.7034674981746,0 79.6533751675816,24.7034682655505,0 79.6533776527025,24.7034689151133,0 79.6533801716015,24.7034694450861,0 79.6533827173878,24.7034698540188,0 79.6533852830969,24.703470140793,0 79.65338786171,24.7034703046239,0 79.6533904461727,24.7034703450635,0 79.6533930294148,24.7034702620012,0 79.6533956043694,24.703470055664,0 79.6533981639923,24.7034697266166,0 79.6534007012812,24.7034692757591,0 79.653403209295,24.7034687043248,0 79.6534056811724,24.7034680138771,0 79.6534081101513,24.7034672063048,0 79.6534104895868,24.7034662838171,0 79.6534128129695,24.7034652489376,0 79.6534150739434,24.7034641044975,0 79.6534172663233,24.7034628536275,0 79.6534193841115,24.7034614997497,0 79.6534214215144,24.7034600465677,0 79.6534233729583,24.703458498057,0 79.6534252331049,24.7034568584539,0 79.6534269968652,24.7034551322437,0 79.6534286594143,24.7034533241488,0 79.653430216204,24.7034514391156,0 79.6534316629754,24.7034494823008,0 79.6534329957707,24.7034474590577,0 79.6534342109437,24.7034453749211,0 79.6534353051701,24.7034432355927,0 79.6534362754566,24.7034410469249,0 79.6534371191486,24.7034388149051,0 79.6534378339383,24.7034365456395,0 79.6534384178701,24.703434245336,0 79.6534388693466,24.7034319202875,0 79.6534391871327,24.7034295768545,0 79.6534393703591,24.7034272214479,0 79.6534394185246,24.7034248605113,0 79.6534393314973,24.7034225005035,0 79.6534391095154,24.7034201478806,0 79.6534387531862,24.7034178090787,0 79.6534382634844,24.7034154904958,0 79.6534376417497,24.7034131984751,0 79.6534038806093,24.7033013525021,0 79.6534033264647,24.7032988840442,0 79.6534049783255,24.7032959719989,0 79.6534060987013,24.7032938648049,0 79.6534070979212,24.7032917073573,0 79.6534079732947,24.7032895054647,0 79.6534087224651,24.7032872650557,0 79.6534093434153,24.7032849921623,0 79.6534098344733,24.7032826929043,0 79.653410194317,24.7032803734721,0 79.6534104219777,24.7032780401107,0 79.6534105168423,24.7032756991026,0 79.6534104786554,24.7032733567506,0 79.6534103075199,24.7032710193616,0 79.6534100038965,24.7032686932286,0 79.6534095686028,24.7032663846147,0 79.6534090028107,24.7032640997356,0 79.6534083080436,24.7032618447432,0 79.6534074861721,24.703259625709,0 79.653406539409,24.7032574486074,0 79.6534054703036,24.7032553193003,0 79.6534042817341,24.7032532435207,0 79.6534029769009,24.7032512268573,0 79.6534015593171,24.7032492747401,0 79.6534000327994,24.7032473924248,0 79.6533984014578,24.7032455849794,0 79.6533966696847,24.7032438572705,0 79.6533948421428,24.7032422139498,0 79.6533929237525,24.7032406594417,0 79.653390919679,24.7032391979317,0 79.6533888353182,24.7032378333547,0 79.6533866762819,24.7032365693849,0 79.6533844483834,24.7032354094253,0 79.653382157621,24.7032343565991,0 79.6533798101624,24.7032334137409,0 79.6533774123281,24.7032325833894,0 79.653374970574,24.7032318677801,0 79.6533724914744,24.7032312688398,0 79.6533722969752,24.7032312315903,0 79.6533722369219,24.7032302857566,0 79.6533720244038,24.7032279707941,0 79.6533716818169,24.703225668883,0 79.6533712100683,24.7032233861179,0 79.6533706104071,24.7032211285432,0 79.6533698844211,24.7032189021363,0 79.6533690340325,24.7032167127922,0 79.6533687864199,24.7032161662883,0 79.6533690562403,24.7032154765409,0 79.653369797288,24.7032132157174,0 79.653370408,24.7032109226067,0 79.6533708867076,24.7032086034749,0 79.6533712321026,24.7032062646593,0 79.6533714432412,24.7032039125507,0 79.6533715195465,24.7032015535764,0 79.65337146081,24.7031991941825,0 79.6533712671921,24.7031968408162,0 79.65337066719,24.7031914408163,0 79.6533703336959,24.7031890673564,0 79.6533698630112,24.7031867133727,0 79.653369256458,24.7031843854784,0 79.6533685157404,24.7031820902134,0 79.6533676429395,24.7031798340257,0 79.6533666405071,24.7031776232539,0 79.6533655112595,24.7031754641087,0 79.653364258369,24.703173362656,0 79.6533628853556,24.7031713247994,0 79.6533613960765,24.7031693562639,0 79.6533597947157,24.7031674625799,0 79.6533580857717,24.7031656490675,0 79.6533562740458,24.7031639208212,0 79.6533543646277,24.7031622826965,0 79.6533523628815,24.7031607392953,0 79.6533502744308,24.7031592949536,0 79.653348105143,24.703157953729,0 79.6533458611121,24.7031567193896,0 79.6533435486426,24.7031555954029,0 79.6533411742308,24.7031545849267,0 79.6533387445474,24.7031536907997,0 79.6533362664181,24.7031529155338,0 79.6533337468049,24.7031522613071,0 79.6533311927863,24.7031517299575,0 79.6533286115372,24.7031513229776,0 79.6533015115466,24.7031477229793,0 79.6533000923661,24.7031475672035,0 79.6532997866916,24.7031471513972,0 79.6532989217392,24.7031460990982,0 79.653298760367,24.7031454836331,0 79.6532986397087,24.7031450336532,0 79.6532941172937,24.7031285346634,0 79.6532946468846,24.7031283568756,0 79.6532970102836,24.7031274333793,0 79.6532993179223,24.7031263988691,0 79.6533015635577,24.7031252561437,0 79.6533037411141,24.7031240082949,0 79.6533058447004,24.7031226586986,0 79.6533078686254,24.703121211006,0 79.6533098074134,24.7031196691339,0 79.6533116558192,24.7031180372536,0 79.6533134088419,24.7031163197803,0 79.6533150617389,24.7031145213604,0 79.6533166100382,24.7031126468595,0 79.6533180495512,24.7031107013489,0 79.6533193763831,24.7031086900922,0 79.6533205869445,24.7031066185306,0 79.65332167796,24.7031044922688,0 79.6533226464781,24.7031023170592,0 79.6533234898785,24.7031000987868,0 79.6533242058794,24.703097843453,0 79.6533247925437,24.7030955571594,0 79.6533252482842,24.7030932460916,0 79.6533253853139,24.7030922595686,0 79.6534519583152,24.7030676189746,0 79.653452141528,24.7030678394265,0 79.653453826372,24.7030696587724,0 79.6534556139554,24.7030713943668,0 79.6534574992975,24.703073041374,0 79.6534594771454,24.703074595205,0 79.6534615419882,24.7030760515304,0 79.6534636880727,24.7030774062925,0 79.6534659094194,24.7030786557165,0 79.6534681998391,24.7030797963213,0 79.6534705529501,24.7030808249289,0 79.6535024301468,24.703093826204,0 79.6535275137646,24.7031055841522,0 79.6535277722447,24.7031062376577,0 79.653528766645,24.7031083947958,0 79.653529882088,24.703110501954,0 79.6535311155754,24.7031125534686,0 79.6535324637919,24.7031145438255,0 79.6535339231138,24.7031164676749,0 79.6535354896184,24.7031183198457,0 79.6535371590955,24.7031200953597,0 79.6535389270576,24.7031217894445,0 79.6535407887528,24.7031233975467,0 79.6535427391771,24.703124915344,0 79.6535447730881,24.7031263387567,0 79.6535468850189,24.703127663959,0 79.6535475635106,24.7031280439877,0 79.6535478473711,24.7031285282901,0 79.6535491619259,24.7031305177742,0 79.6535505867984,24.7031324428298,0 79.6535521182133,24.7031342983567,0 79.6535537521133,24.7031360794387,0 79.6535554841694,24.703137781357,0 79.6535573097928,24.7031393996024,0 79.6535592241464,24.7031409298875,0 79.6535612221584,24.7031423681579,0 79.6535632985352,24.703143710603,0 79.6535654477754,24.703144953666,0 79.6535676641848,24.7031460940535,0 79.6535699418913,24.7031471287442,0 79.65357227486,24.7031480549967,0 79.6535746569101,24.7031488703568,0 79.6535770817303,24.7031495726645,0 79.6535795428962,24.703150160059,0 79.6535797580716,24.7031502007382,0 79.6535797038967,24.7031507075062,0 79.6535795878498,24.7031531047451,0 79.6535796113911,24.7031555042305,0 79.6535797744542,24.7031578991841,0 79.6535800765784,24.7031602828401,0 79.6535805169102,24.7031626484647,0 79.6535829169059,24.7031737484653,0 79.6535834873674,24.7031760647077,0 79.6535841903266,24.7031783503517,0 79.6535850238395,24.7031805990766,0 79.6535859856013,24.7031828046639,0 79.6535870729523,24.703184961014,0 79.6535882828854,24.703187062164,0 79.6535896120549,24.7031891023031,0 79.6535910567848,24.7031910757897,0 79.6535926130802,24.7031929771662,0 79.653594276637,24.7031948011746,0 79.6535960428549,24.7031965427708,0 79.6535979068497,24.7031981971384,0 79.6535998634666,24.7031997597026,0 79.6536019072948,24.7032012261422,0 79.6536040326823,24.7032025924019,0 79.6536062337516,24.7032038547034,0 79.653612585339,24.703207287995,0 79.653616233758,24.7032261541972,0 79.65361674418,24.7032284455455,0 79.6536173837828,24.7032307096778,0 79.6536181508506,24.7032329405205,0 79.6536190433257,24.7032351320891,0 79.6536200588139,24.7032372785048,0 79.6536211945913,24.7032393740095,0 79.6536224476109,24.703241412982,0 79.6536238145115,24.7032433899526,0 79.6536252916263,24.703245299618,0 79.6536268749929,24.7032471368554,0 79.6536285603638,24.7032488967363,0 79.653630343218,24.7032505745398,0 79.6536322187727,24.7032521657649,0 79.6536341819967,24.7032536661432,0 79.6536362276236,24.7032550716498,0 79.6536383501658,24.7032563785143,0 79.6536405439296,24.7032575832311,0 79.6536428030299,24.7032586825683,0 79.6536451214067,24.7032596735769,0 79.6536474928407,24.7032605535986,0 79.6536499109705,24.7032613202725,0 79.6536523693092,24.7032619715422,0 79.6536548612623,24.7032625056603,0 79.6536573801449,24.7032629211943,0 79.6536599191999,24.7032632170293,0 79.6536624716162,24.7032633923718,0 79.6536650305469,24.7032634467514,0 79.6536675891273,24.7032633800223,0 79.653670140494,24.7032631923634,0 79.6536726778027,24.7032628842781,0 79.6536751942471,24.703262456593,0 79.6536776830765,24.7032619104552,0 79.6536801376145,24.7032612473299,0 79.6536825512767,24.7032604689959,0 79.6536849175884,24.7032595775411,0 79.6536872302017,24.703258575357,0 79.6536894829129,24.7032574651318,0 79.6536916696789,24.703256249844,0 79.6536937846338,24.7032549327536,0 79.6536958221039,24.7032535173937,0 79.6536977766236,24.7032520075611,0 79.6536996429499,24.703250407306,0 79.6537014160761,24.7032487209212,0 79.6537030912458,24.7032469529307,0 79.6537046639653,24.7032451080769,0 79.6537061300156,24.703243191309,0 79.6537163300133,24.7032290913062,0 79.6537177307976,24.703227037284,0 79.6537190090892,24.7032249176426,0 79.653720161215,24.7032227384724,0 79.6537211838647,24.7032205060349,0 79.6537220740999,24.7032182267447,0 79.6537228293625,24.703215907151,0 79.6537234474826,24.7032135539186,0 79.6537239266839,24.7032111738093,0 79.6537242655897,24.703208773662,0 79.6537244632262,24.703206360373,0 79.6537245190254,24.7032039408765,0 79.653724432827,24.7032015221246,0 79.6537242048789,24.7031991110671,0 79.6537238358358,24.7031967146319,0 79.6537233267582,24.7031943397047,0 79.6537226791089,24.7031919931095,0 79.6537218947488,24.7031896815888,0 79.6537104834343,24.7031589866314,0 79.6537126531711,24.7031585821642,0 79.6537151738194,24.7031579843792,0 79.653717656498,24.7031572661239,0 79.6537200943131,24.7031564293928,0 79.6537224804953,24.7031554765093,0 79.6537248084185,24.7031544101195,0 79.6537270716185,24.7031532331844,0 79.653729263811,24.7031519489723,0 79.6537313789085,24.7031505610491,0 79.6537334110379,24.7031490732688,0 79.6537353545563,24.7031474897628,0 79.6537372040669,24.7031458149281,0 79.6537389544339,24.7031440534154,0 79.6537406007971,24.7031422101161,0 79.6537421385846,24.7031402901488,0 79.6537435635263,24.7031382988447,0 79.6537448716656,24.7031362417335,0 79.653746018069,24.7031341981503,0 79.6537747481316,24.703126174435,0 79.6537771601907,24.7031254382897,0 79.6537795276033,24.7031245897659,0 79.6537818441002,24.7031236311103,0 79.6537841035472,24.7031225648617,0 79.6537862999613,24.7031213938434,0 79.6537867639408,24.7031211162957,0 79.6537868199073,24.7031212476901,0 79.6537878616723,24.7031233645502,0 79.6537890211464,24.7031254297037,0 79.6537902952653,24.7031274376927,0 79.6537916806617,24.7031293832104,0 79.6537931736741,24.7031312611149,0 79.6537947703567,24.7031330664432,0 79.6537964664897,24.703134794424,0 79.6537982575904,24.7031364404906,0 79.6538001389251,24.7031380002926,0 79.6538021055218,24.7031394697075,0 79.653804152183,24.703140844852,0 79.6538062734996,24.7031421220917,0 79.6538073216646,24.7031427184616,0 79.6538120302095,24.7031496371427,0 79.6538134813268,24.7031516477416,0 79.6538150477409,24.7031535847903,0 79.6538167249944,24.7031554427768,0 79.6538185083148,24.7031572164142,0 79.6538203926274,24.7031589006557,0 79.6538334926276,24.7031700006586,0 79.6538354363326,24.7031715631121,0 79.6538374669421,24.7031730304288,0 79.653839578883,24.7031743985814,0 79.65384015216,24.7031747301641,0 79.6538400933325,24.7031770580161,0 79.6538401009047,24.7031794077296,0 79.6538402422892,24.7031817539008,0 79.6538405171033,24.7031840901743,0 79.6538409246024,24.7031864102215,0 79.6538414636827,24.7031887077581,0 79.653842132884,24.7031909765603,0 79.6538429303936,24.7031932104825,0 79.653843854051,24.7031954034734,0 79.6538449013545,24.7031975495926,0 79.653846069467,24.7031996430266,0 79.6538473552243,24.7032016781049,0 79.6538487551435,24.7032036493147,0 79.6538502654327,24.7032055513164,0 79.6538518820006,24.7032073789579,0 79.6538536004684,24.7032091272885,0 79.6538554161811,24.7032107915723,0 79.6538573242201,24.703212367301,0 79.6538593194171,24.7032138502063,0 79.6538613963675,24.7032152362713,0 79.6538635494451,24.7032165217414,0 79.6538657728177,24.7032177031345,0 79.6538685728183,24.703219103135,0 79.6538719922582,24.7032206590913,0 79.6539008922653,24.7032325590954,0 79.6539033887423,24.7032335128218,0 79.6539059386193,24.7032343402898,0 79.6539085342513,24.7032350390186,0 79.6539111678566,24.7032356069134,0 79.6539138315392,24.7032360422716,0 79.6539165173132,24.7032363437879,0 79.6539192171264,24.7032365105583,0 79.6539219228844,24.7032365420829,0 79.6539246264752,24.7032364382672,0 79.6539309264774,24.7032360382671,0 79.6539335156422,24.7032358111933,0 79.6539360881427,24.7032354599865,0 79.653938636853,24.7032349856195,0 79.6539411547127,24.7032343894065,0 79.6539436347469,24.7032336729989,0 79.6539460700857,24.7032328383814,0 79.6539484539828,24.703231887866,0 79.6539507798346,24.7032308240857,0 79.653953041198,24.7032296499873,0 79.6539552318089,24.7032283688232,0 79.6539573455989,24.7032269841425,0 79.6539593767124,24.7032254997808,0 79.6539613195232,24.7032239198502,0 79.6539631686493,24.7032222487271,0 79.6539649189684,24.7032204910409,0 79.6539665656318,24.7032186516606,0 79.6539681040782,24.7032167356814,0 79.6539695300458,24.703214748411,0 79.6539708395845,24.7032126953543,0 79.6539720290667,24.7032105821986,0 79.6539730951973,24.7032084147975,0 79.6539740350231,24.7032061991552,0 79.6539748459407,24.7032039414092,0 79.6539755257035,24.7032016478138,0 79.6539760724288,24.7031993247225,0 79.6539764846019,24.7031969785706,0 79.6539767610811,24.7031946158573,0 79.6539769011004,24.7031922431277,0 79.6539769042722,24.7031898669544,0 79.6539767705875,24.7031874939198,0 79.6539765004167,24.7031851305976,0 79.6539760945082,24.7031827835344,0 79.6539755539864,24.703180459232,0 79.6539748803488,24.7031781641289,0 79.6539740754612,24.7031759045829,0 79.6539731415535,24.7031736868532,0 79.6539720812126,24.7031715170833,0 79.6539708973758,24.7031694012837,0 79.6539695933226,24.7031673453154,0 79.6539681726653,24.7031653548738,0 79.6539666393393,24.7031634354726,0 79.6539665152662,24.7031632961866,0 79.6539670355661,24.7031632164043,0 79.6539695254881,24.7031627127382,0 79.6539719836535,24.7031620924026,0 79.6539744035166,24.7031613570494,0 79.6539767786332,24.7031605086367,0 79.6539791026788,24.7031595494239,0 79.6539813694647,24.7031584819651,0 79.6539835729544,24.703157309103,0 79.6539857072804,24.7031560339609,0 79.6539877667591,24.7031546599342,0 79.6539897459063,24.7031531906819,0 79.6539916394517,24.7031516301165,0 79.6539934423529,24.7031499823937,0 79.653995149809,24.7031482519012,0 79.6539967572733,24.7031464432471,0 79.653998260465,24.7031445612478,0 79.6539996553815,24.7031426109148,0 79.654000938308,24.7031405974418,0 79.6540021058284,24.7031385261903,0 79.6540031548337,24.703136402676,0 79.6540040825303,24.7031342325537,0 79.654004886448,24.7031320216021,0 79.654005564446,24.7031297757089,0 79.6540061147188,24.7031275008546,0 79.6540065358012,24.703125203097,0 79.6540065416072,24.7031251568807,0 79.6540078392201,24.7031264005172,0 79.6540097343931,24.7031280349353,0 79.6540117212503,24.7031295758078,0 79.6540137942657,24.7031310188493,0 79.654015947674,24.7031323600463,0 79.6540181754859,24.7031335956686,0 79.6540204715056,24.7031347222798,0 79.6540228293473,24.7031357367465,0 79.6540252424534,24.7031366362473,0 79.6540277041125,24.7031374182804,0 79.6540302074783,24.7031380806709,0 79.6540327455884,24.7031386215766,0 79.6540353113837,24.703139039493,0 79.6540378977284,24.7031393332579,0 79.6540404974291,24.7031395020542,0 79.6540431032556,24.7031395454124,0 79.6540457079606,24.7031394632121,0 79.6540483042999,24.7031392556818,0 79.6540508850524,24.7031389233986,0 79.6540534430406,24.7031384672868,0 79.6540559711502,24.7031378886148,0 79.65405846235,24.7031371889921,0 79.6540609097115,24.7031363703645,0 79.654063306428,24.7031354350088,0 79.6540656458338,24.7031343855263,0 79.6540679214225,24.7031332248358,0 79.6540701268652,24.7031319561656,0 79.6540722560282,24.7031305830441,0 79.6540743029898,24.7031291092901,0 79.6540762620569,24.7031275390025,0 79.6540781277811,24.7031258765485,0 79.6540798949734,24.7031241265519,0 79.6540815587188,24.7031222938797,0 79.6540831143901,24.7031203836289,0 79.6540845576607,24.7031184011124,0 79.6540858845166,24.7031163518439,0 79.6540870912675,24.7031142415228,0 79.6540881745572,24.7031120760185,0 79.6540891313728,24.7031098613535,0 79.6540899590533,24.7031076036874,0 79.6540906552967,24.7031053092992,0 79.6540912181667,24.70310298457,0 79.6540916460977,24.7031006359654,0 79.6540919378997,24.7030982700174,0 79.654092092761,24.703095893306,0 79.6540921102511,24.7030935124415,0 79.6540919903211,24.7030911340455,0 79.6540919789838,24.7030910295318,0 79.6541222140198,24.7030860230815,0 79.6541247699033,24.7030855358328,0 79.6541272940509,24.70308492595,0 79.6541297794173,24.7030841951354,0 79.6541322190653,24.7030833454288,0 79.6541346061852,24.7030823792019,0 79.6541369341142,24.7030812991517,0 79.6541391963545,24.7030801082928,0 79.6541413865917,24.7030788099492,0 79.6541434987124,24.7030774077448,0 79.6541445240407,24.7030766483189,0 79.6541460835816,24.7030772940837,0 79.6541484938753,24.7030781561877,0 79.6541509502737,24.7030789018203,0 79.6541534460382,24.7030795289361,0 79.6541559743221,24.7030800358146,0 79.6541585281894,24.7030804210653,0 79.6541611006341,24.7030806836313,0 79.654163684599,24.7030808227924,0 79.6541662729955,24.7030808381667,0 79.6541688587227,24.703080729712,0 79.6541714346872,24.703080497726,0 79.6541739938222,24.703080142845,0 79.6541765291072,24.7030796660425,0 79.654179033587,24.7030790686267,0 79.654181500391,24.7030783522364,0 79.6541839227519,24.7030775188369,0 79.6541862940245,24.7030765707145,0 79.6541886077034,24.7030755104702,0 79.6541908574416,24.7030743410126,0 79.6542252171991,24.7030553751067,0 79.6542363676001,24.7030526671521,0 79.6542487688268,24.7030511497028,0 79.6542504363339,24.7030522614712,0 79.6542526354822,24.7030535701157,0 79.6542549075787,24.7030547702592,0 79.6542572462155,24.7030558585166,0 79.6542596447964,24.7030568318186,0 79.6542620965566,24.7030576874201,0 79.6542645945812,24.7030584229081,0 79.6542671318247,24.703059036208,0 79.654269701131,24.7030595255902,0 79.6542722952536,24.7030598896745,0 79.6542749068762,24.7030601274338,0 79.6542775286328,24.7030602381978,0 79.6542801531291,24.7030602216538,0 79.6542816251425,24.7030601408537,0 79.6543179862165,24.7030851025581,0 79.6543383339532,24.7031198134216,0 79.6543396175446,24.7031218714583,0 79.654341017524,24.7031238651621,0 79.6543425300378,24.703125789045,0 79.6543441509225,24.7031276378113,0 79.6543458757165,24.703129406372,0 79.6543476996721,24.7031310898589,0 79.6543496177686,24.703132683638,0 79.6543516247261,24.7031341833222,0 79.6543537150203,24.7031355847835,0 79.6543558828974,24.7031368841641,0 79.65435812239,24.7031380778872,0 79.6543604273336,24.7031391626672,0 79.6543627913835,24.7031401355178,0 79.6543652080324,24.7031409937613,0 79.6543676706281,24.7031417350352,0 79.654369211309,24.7031421182488,0 79.6543691415068,24.7031423414338,0 79.654368560476,24.703144652355,0 79.654368113056,24.7031469879565,0 79.6543680334632,24.7031475873289,0 79.6543645650549,24.703149299299,0 79.6543157385804,24.7031562988978,0 79.65431317129,24.7031567306891,0 79.654310632539,24.7031572857183,0 79.6543081294108,24.703157962437,0 79.6543056688894,24.7031587589569,0 79.6543032578401,24.7031596730557,0 79.65430090299,24.703160702183,0 79.6542986109094,24.7031618434673,0 79.6542963879934,24.7031630937243,0 79.6542942404443,24.7031644494656,0 79.6542921742541,24.7031659069086,0 79.6542901951876,24.7031674619867,0 79.6542883087668,24.7031691103612,0 79.6542865202549,24.7031708474329,0 79.6542848346422,24.7031726683551,0 79.6542832566317,24.7031745680472,0 79.6542817906263,24.7031765412088,0 79.6542804407163,24.7031785823345,0 79.6542792106681,24.7031806857294,0 79.6542781039138,24.7031828455248,0 79.6542771235414,24.7031850556944,0 79.6542762722861,24.7031873100717,0 79.6542755525232,24.7031896023667,0 79.6542749662608,24.7031919261835,0 79.6542745151348,24.7031942750384,0 79.6542742004038,24.7031966423779,0 79.654274022946,24.7031990215967,0 79.6542739832565,24.7032014060565,0 79.654274081446,24.7032037891043,0 79.6542743172406,24.7032061640913,0 79.6542746899824,24.7032085243907,0 79.6542751986315,24.7032108634171,0 79.6542758417686,24.7032131746444,0 79.6542766175994,24.7032154516238,0 79.654277523959,24.7032176880023,0 79.6542785583188,24.7032198775402,0 79.6542797177926,24.7032220141283,0 79.6542798806025,24.7032222781199,0 79.6542684791358,24.7032190623217,0 79.6542662712492,24.7032184905281,0 79.6542640366858,24.7032180129879,0 79.654245400582,24.7032144451119,0 79.6542448820203,24.7032138367985,0 79.6542431854519,24.7032120484183,0 79.6542413886334,24.703210343709,0 79.6542394965019,24.7032087273547,0 79.6542375142564,24.7032072037967,0 79.6542354473435,24.7032057772212,0 79.6542333014422,24.7032044515478,0 79.6542310824489,24.7032032304192,0 79.6542287964607,24.7032021171906,0 79.6542264497586,24.7032011149208,0 79.6542240487907,24.7032002263637,0 79.654221600154,24.7031994539608,0 79.6542191105765,24.7031987998343,0 79.6542165868989,24.7031982657816,0 79.6542140360554,24.7031978532701,0 79.6542114650547,24.7031975634332,0 79.6542088809613,24.7031973970674,0 79.6542062908753,24.7031973546297,0 79.6542037019134,24.7031974362367,0 79.6542011211893,24.7031976416643,0 79.654198555794,24.7031979703479,0 79.6541960127762,24.7031984213844,0 79.6541934991235,24.7031989935346,0 79.6541910217424,24.7031996852264,0 79.65418858744,24.7032004945592,0 79.654186202905,24.7032014193092,0 79.6541838746893,24.7032024569356,0 79.65418160919,24.7032036045872,0 79.6541794126321,24.7032048591108,0 79.6541772910509,24.7032062170592,0 79.6541752502759,24.7032076747013,0 79.6541732959144,24.703209228032,0 79.6541714333364,24.7032108727832,0 79.6541696676596,24.7032126044357,0 79.6541680037355,24.7032144182314,0 79.6541600037347,24.7032236182294,0 79.6541585535291,24.7032253719777,0 79.6541571984733,24.7032271881251,0 79.6541559417789,24.7032290623674,0 79.6541547864243,24.7032309902624,0 79.6541537351477,24.7032329672409,0 79.6541527904408,24.7032349886172,0 79.654148690438,24.7032443886159,0 79.6541478156964,24.7032465534434,0 79.6541470631819,24.7032487562748,0 79.6541464348606,24.7032509913551,0 79.6541459323741,24.7032532528449,0 79.6541455570352,24.7032555348359,0 79.6541453098243,24.7032578313664,0 79.6541451913875,24.7032601364364,0 79.654145202034,24.7032624440239,0 79.6541453417362,24.7032647480999,0 79.6541456101291,24.7032670426451,0 79.6541460065114,24.7032693216648,0 79.6541465298476,24.7032715792047,0 79.6541471787704,24.7032738093671,0 79.6541479515846,24.7032760063254,0 79.654148846271,24.7032781643398,0 79.6541498604922,24.7032802777725,0 79.6541509915986,24.703282341102,0 79.654152236635,24.7032843489376,0 79.6541535923487,24.7032862960337,0 79.6541789923418,24.7033207960403,0 79.6541803792206,24.7033225844672,0 79.6541818594764,24.7033243092979,0 79.6541834296208,24.7033259664674,0 79.6541850859532,24.7033275520701,0 79.65418682457,24.7033290623691,0 79.6541886413737,24.7033304938051,0 79.654193041374,24.703333793806,0 79.6541951097956,24.7033352630286,0 79.6541972605467,24.7033366300415,0 79.6541994875818,24.7033378910021,0 79.6542017846412,24.7033390423663,0 79.6542041452682,24.7033400808975,0 79.6542065628276,24.7033410036769,0 79.6542090305241,24.7033418081106,0 79.6542115414214,24.7033424919374,0 79.6542140884618,24.7033430532353,0 79.6542166644861,24.7033434904266,0 79.6542192622535,24.7033438022823,0 79.6542218744622,24.703343987926,0 79.6542244937697,24.7033440468358,0 79.6542271128136,24.7033439788461,0 79.6542297242324,24.7033437841481,0 79.6542323206857,24.7033434632889,0 79.6542377654202,24.7033426556544,0 79.6542490300112,24.7033572786397,0 79.6542496102775,24.7033584567989,0 79.6542508689524,24.7033606754213,0 79.6542522600715,24.7033628270255,0 79.6542537793729,24.7033649050197,0 79.6542554222019,24.7033669030377,0 79.6542571835256,24.7033688149583,0 79.6542917168434,24.7034042614308,0 79.6542912200286,24.7034050154758,0 79.6542900283979,24.7034070532709,0 79.6542889524415,24.7034091440872,0 79.6542879949773,24.7034112824494,0 79.6542871585124,24.7034134627575,0 79.6542864452375,24.703415679302,0 79.6542858570205,24.7034179262782,0 79.6542853954017,24.7034201978018,0 79.6542850615899,24.7034224879244,0 79.6542848564594,24.7034247906486,0 79.6542847805475,24.7034270999442,0 79.6542848340528,24.7034294097637,0 79.6542850168352,24.7034317140583,0 79.6542853284162,24.7034340067936,0 79.6542857679797,24.7034362819655,0 79.6542890195124,24.7034509138901,0 79.6542886149004,24.7034515473731,0 79.6542874229743,24.7034535255693,0 79.6542863408114,24.7034555557351,0 79.6542853711188,24.7034576327918,0 79.6542845163224,24.7034597515433,0 79.6542837785605,24.7034619066894,0 79.6542831596787,24.7034640928387,0 79.6542826612252,24.7034663045225,0 79.6542822844469,24.7034685362078,0 79.6542820302865,24.7034707823119,0 79.6542818993797,24.7034730372158,0 79.654281892054,24.7034752952789,0 79.6542825920425,24.7035042952786,0 79.6542827180115,24.7035066712927,0 79.6542829807999,24.7035090379472,0 79.6542833796781,24.7035113886717,0 79.6542839135388,24.70351371694,0 79.6542845808998,24.7035160162883,0 79.6542853799083,24.7035182803329,0 79.6542863083461,24.7035205027883,0 79.6542873636357,24.7035226774844,0 79.6542885428472,24.7035247983837,0 79.654289842707,24.703526859598,0 79.6542912596062,24.7035288554049,0 79.6542927896112,24.7035307802634,0 79.6542944284744,24.7035326288297,0 79.6542961716457,24.7035343959717,0 79.6542980142858,24.7035360767833,0 79.654299951279,24.7035376665982,0 79.6543019772476,24.7035391610026,0 79.6543040865672,24.7035405558478,0 79.6543054587525,24.7035413661857,0 79.654305029385,24.7035421803378,0 79.6543040264882,24.703544369247,0 79.6543031508708,24.7035466032705,0 79.6543024049518,24.7035488762367,0 79.6543017907919,24.7035511818664,0 79.6543013100877,24.7035535137903,0 79.654300964167,24.7035558655663,0 79.6543007539857,24.7035582306976,0 79.6543006801242,24.7035606026504,0 79.6543007427867,24.7035629748722,0 79.6543009418,24.7035653408096,0 79.6543034417914,24.7035874408101,0 79.6543038074264,24.7035899711796,0 79.6543043290052,24.7035924786297,0 79.6543046469875,24.7035936438022,0 79.6543004666573,24.7036289442477,0 79.6543002563247,24.7036312915199,0 79.6543001802694,24.7036336456184,0 79.6543002386984,24.703636000137,0 79.6543004314527,24.7036383486685,0 79.6543007580078,24.7036406848218,0 79.654301217475,24.7036430022398,0 79.654301808604,24.703645294616,0 79.6543025297863,24.7036475557123,0 79.6543033790592,24.7036497793756,0 79.6543043541116,24.7036519595548,0 79.6543054522903,24.703654090317,0 79.6543066706068,24.7036561658639,0 79.6543080057457,24.7036581805472,0 79.6543094540737,24.7036601288846,0 79.6543110116496,24.703662005574,0 79.6543126742348,24.7036638055086,0 79.6543144373049,24.7036655237901,0 79.6543162960622,24.7036671557427,0 79.6543182454485,24.7036686969254,0 79.654320280159,24.7036701431442,0 79.6543223946567,24.7036714904636,0 79.6543245831875,24.7036727352171,0 79.6543268397957,24.7036738740175,0 79.6543291583406,24.7036749037657,0 79.6543315325128,24.7036758216596,0 79.6543339558515,24.7036766252013,0 79.6543353803912,24.7036770220781,0 79.6543354340739,24.7036776723959,0 79.6543357634583,24.703680017108,0 79.6543362267371,24.7036823428556,0 79.6543368226401,24.7036846432623,0 79.6543375495334,24.703686912021,0 79.6543384054242,24.7036891429116,0 79.6543393879659,24.7036913298176,0 79.6543436879632,24.7037002298187,0 79.6543447652182,24.7037023138065,0 79.6543459574844,24.7037043448584,0 79.6543472616549,24.7037063176816,0 79.6543486743312,24.7037082271351,0 79.654350191832,24.7037100682432,0 79.6543518102027,24.703711836208,0 79.6543535252261,24.7037135264225,0 79.654355332433,24.7037151344819,0 79.654357227114,24.7037166561959,0 79.6543592043317,24.703718087599,0 79.6543612589335,24.7037194249612,0 79.6543633855656,24.7037206647973,0 79.654365578686,24.7037218038765,0 79.6543678325796,24.7037228392305,0 79.6543701413731,24.7037237681611,0 79.6543724990498,24.7037245882477,0 79.654374899466,24.7037252973532,0 79.6543773363663,24.7037258936298,0 79.6543779026809,24.7037260181387,0 79.654383058592,24.7037307272049,0 79.6543849407708,24.7037323582973,0 79.6543869140531,24.7037338969109,0 79.654388973001,24.7037353388057,0 79.6543911119405,24.7037366800082,0 79.6543933249772,24.7037379168224,0 79.6543956060125,24.7037390458398,0 79.6543979487604,24.7037400639492,0 79.6544003467648,24.7037409683448,0 79.6544027934174,24.7037417565345,0 79.6544052819758,24.703742426346,0 79.6544078055821,24.7037429759337,0 79.6544103572818,24.7037434037829,0 79.6544129300431,24.7037437087146,0 79.654415516776,24.7037438898884,0 79.6544181103521,24.7037439468051,0 79.654420703624,24.7037438793079,0 79.6544232894455,24.7037436875828,0 79.6544258606904,24.703743372158,0 79.6544284102732,24.7037429339029,0 79.6544309311676,24.7037423740251,0 79.6544334164268,24.7037416940676,0 79.6544358592019,24.7037408959042,0 79.6544382527613,24.7037399817344,0 79.6544405905087,24.7037389540774,0 79.6544428660021,24.7037378157653,0 79.6544450729705,24.7037365699349,0 79.6544472053322,24.7037352200194,0 79.6544492572108,24.703733769739,0 79.6544512229519,24.7037322230903,0 79.6544530971383,24.7037305843354,0 79.6544548746052,24.7037288579904,0 79.6544565504544,24.7037270488127,0 79.6544581200676,24.7037251617879,0 79.6544892200623,24.7036856617795,0 79.6544906660165,24.7036837207206,0 79.6544919995527,24.7036817136143,0 79.6544932170642,24.7036796458889,0 79.6544943152582,24.7036775231368,0 79.6544952911646,24.7036753510991,0 79.6544961421439,24.7036731356501,0 79.6544968658946,24.7036708827817,0 79.6544974604594,24.7036685985869,0 79.6544979242301,24.7036662892435,0 79.6544981721082,24.7036645494717,0 79.6544982233106,24.7036645743087,0 79.654500211361,24.7036654868592,0 79.6545022423569,24.7036663167419,0 79.6545043121821,24.7036670622747,0 79.6545144121849,24.703670462276,0 79.6545168352324,24.7036712134636,0 79.6545192975925,24.7036718490745,0 79.6545217926643,24.7036723674048,0 79.654522552444,24.70367248785,0 79.6545220171538,24.7036737834816,0 79.6545212230789,24.7036760648349,0 79.6545205624918,24.7036783814326,0 79.6545200372498,24.7036807267612,0 79.6545196488297,24.7036830942264,0 79.6545193983235,24.703685477172,0 79.6545192864357,24.7036878688978,0 79.6545193134808,24.7036902626792,0 79.6545194793827,24.7036926517857,0 79.6545197836751,24.7036950295002,0 79.6545202255024,24.7036973891373,0 79.6545215595199,24.7037035292861,0 79.6545186242073,24.7037034030361,0 79.6545160437076,24.7037033536879,0 79.6545134639069,24.7037034274839,0 79.6545108918422,24.7037036242226,0 79.6545083345291,24.7037039433676,0 79.6545057989431,24.7037043840482,0 79.6545032920006,24.7037049450624,0 79.6545008205395,24.7037056248801,0 79.6544983913012,24.7037064216468,0 79.6544960109118,24.7037073331892,0 79.6544936858643,24.703708357021,0 79.6544914225006,24.7037094903495,0 79.6544892269943,24.7037107300834,0 79.6544871053342,24.703712072841,0 79.6544850633074,24.7037135149598,0 79.6544831064839,24.7037150525062,0 79.6544812402012,24.7037166812862,0 79.6544794695499,24.7037183968571,0 79.6544777993597,24.7037201945394,0 79.6544762341865,24.7037220694296,0 79.6544747782995,24.7037240164136,0 79.6544734356698,24.7037260301807,0 79.6544722099597,24.703728105238,0 79.6544711045126,24.7037302359255,0 79.6544701223437,24.7037324164313,0 79.6544692661321,24.7037346408077,0 79.6544685382132,24.7037369029875,0 79.6544679405726,24.7037391968001,0 79.6544674748404,24.7037415159887,0 79.654467142287,24.7037438542274,0 79.6544669438196,24.7037462051383,0 79.6544668799794,24.7037485623088,0 79.6544669509407,24.7037509193093,0 79.6544671565098,24.7037532697108,0 79.654467496126,24.7037556071022,0 79.6544679688631,24.7037579251077,0 79.6544685734315,24.7037602174047,0 79.6544693081821,24.7037624777406,0 79.6544701711109,24.7037646999498,0 79.6544711598641,24.7037668779709,0 79.6544722717446,24.7037690058631,0 79.6544735037196,24.703771077822,0 79.6544748524288,24.7037730881962,0 79.6544763141932,24.7037750315019,0 79.6544778850258,24.7037769024385,0 79.6544795606417,24.7037786959027,0 79.6544813364704,24.7037804070024,0 79.6544832076682,24.7037820310704,0 79.6544851691309,24.7037835636768,0 79.6544872155083,24.7037850006411,0 79.6544893412187,24.7037863380437,0 79.6544930412193,24.7037885380444,0 79.6544953824331,24.7037898470291,0 79.65449779959,24.7037910352485,0 79.6545002852335,24.7037920990369,0 79.6545028316953,24.7037930351128,0 79.6545054311201,24.7037938405884,0 79.6545696527146,24.7038119402396,0 79.6546670221689,24.70386508843,0 79.654595622071,24.7038892681383,0 79.6545932008208,24.7038901551768,0 79.6545908341812,24.7038911576959,0 79.6545885287464,24.7038922729023,0 79.6545862909402,24.7038934976884,0 79.6545841269981,24.7038948286418,0 79.6545820429495,24.7038962620537,0 79.6545800446014,24.7038977939302,0 79.6545781375219,24.7038994200029,0 79.6545763270248,24.7039011357411,0 79.6545746181549,24.7039029363639,0 79.6545730156737,24.7039048168542,0 79.6545715240462,24.7039067719723,0 79.6545701474288,24.7039087962705,0 79.6545688896573,24.7039108841083,0 79.6545677542361,24.7039130296683,0 79.6545667443291,24.7039152269721,0 79.6545658627502,24.7039174698973,0 79.6545651119558,24.7039197521942,0 79.654564494038,24.7039220675034,0 79.6545640107184,24.7039244093738,0 79.6545636633438,24.7039267712799,0 79.6545634528822,24.7039291466407,0 79.6545633799199,24.7039315288374,0 79.6545634446602,24.7039339112324,0 79.6545636469228,24.7039362871876,0 79.6545639861442,24.7039386500824,0 79.654564461379,24.7039409933332,0 79.6545650713032,24.7039433104107,0 79.6545658142172,24.7039455948587,0 79.6545666880511,24.7039478403118,0 79.6545676903701,24.7039500405134,0 79.6545688183812,24.7039521893329,0 79.6545700689415,24.7039542807829,0 79.6545714385664,24.7039563090359,0 79.6545729234396,24.7039582684403,0 79.6545745194238,24.7039601535365,0 79.654576222072,24.7039619590721,0 79.6545780266399,24.703963680016,0 79.6545799280993,24.703965311573,0 79.6545819211521,24.7039668491972,0 79.6545840002449,24.703968288604,0 79.6545861595846,24.7039696257827,0 79.6545883931544,24.7039708570074,0 79.6545906947307,24.7039719788476,0 79.6545930579007,24.7039729881773,0 79.6545954760794,24.7039738821842,0 79.6545979425291,24.7039746583772,0 79.6546004503773,24.7039753145935,0 79.6546029926361,24.7039758490048,0 79.6546055622219,24.7039762601219,0 79.6546081519749,24.7039765467993,0 79.654610754679,24.7039767082382,0 79.6546133630821,24.7039767439888,0 79.6546159699163,24.7039766539515,0 79.6546185679179,24.7039764383771,0 79.6547368679602,24.7039637383744,0 79.6547394735988,24.7039633941433,0 79.6547420554732,24.7039629236388,0 79.6547446062563,24.7039623281962,0 79.6547471187088,24.7039616095052,0 79.6547495857006,24.7039607696056,0 79.6547520002303,24.7039598108809,0 79.6547543554455,24.703958736052,0 79.6547566446623,24.7039575481693,0 79.6547588613838,24.7039562506038,0 79.6547609993191,24.7039548470382,0 79.6547630524006,24.7039533414556,0 79.6547650148019,24.703951738129,0 79.6547809309339,24.7039380199402,0 79.6547814951196,24.7039401270037,0 79.6547821821775,24.7039424278415,0 79.6547830012776,24.7039446923245,0 79.6547839501342,24.7039469141338,0 79.6547850260994,24.7039490870693,0 79.6547862261709,24.7039512050672,0 79.6547875469996,24.7039532622173,0 79.6547889848999,24.7039552527789,0 79.6547905358591,24.7039571711974,0 79.6547921955493,24.7039590121194,0 79.6547939593391,24.7039607704076,0 79.6547958223065,24.7039624411554,0 79.6547977792528,24.7039640197007,0 79.6547998247172,24.7039655016384,0 79.6548019529916,24.703966882833,0 79.6548041581371,24.7039681594304,0 79.6548064340001,24.7039693278681,0 79.6548087742297,24.7039703848855,0 79.6548111722954,24.7039713275331,0 79.6548136215053,24.7039721531802,0 79.6548161150248,24.7039728595229,0 79.6548186458956,24.7039734445901,0 79.6548212070552,24.7039739067493,0 79.6548237913567,24.7039742447105,0 79.6548263915884,24.7039744575309,0 79.6548290004942,24.7039745446165,0 79.6548316107939,24.7039745057243,0 79.6548342152033,24.7039743409628,0 79.6548368064548,24.7039740507919,0 79.6548393773173,24.7039736360211,0 79.6548419206168,24.703973097808,0 79.654844429256,24.7039724376545,0 79.6548468962346,24.7039716574027,0 79.6548493146682,24.70397075923,0 79.6548516778082,24.7039697456428,0 79.6548539790601,24.7039686194695,0 79.6548562120023,24.7039673838528,0 79.6548563501138,24.7039672980059,0 79.6548591609408,24.7039694962162,0 79.6548611512863,24.7039709727845,0 79.6548632227822,24.7039723530644,0 79.6548653698525,24.7039736333407,0 79.6548675867181,24.7039748101674,0 79.6548698674121,24.7039758803768,0 79.6548722057953,24.7039768410882,0 79.6548745955738,24.7039776897158,0 79.6548770303151,24.7039784239753,0 79.6548868303181,24.7039811239763,0 79.6548894228939,24.7039817685643,0 79.6548920499859,24.7039822834817,0 79.6548947038288,24.7039826672065,0 79.6548973765781,24.7039829186044,0 79.6549000603334,24.7039830369323,0 79.6549027471618,24.7039830218405,0 79.6549054291214,24.7039828733736,0 79.6549080982847,24.7039825919704,0 79.6549107467617,24.7039821784627,0 79.6549349467701,24.7039777784616,0 79.6549374572742,24.703977259571,0 79.6549399347998,24.7039766219759,0 79.6549423726261,24.7039758674056,0 79.6549447641403,24.7039749979072,0 79.654947102855,24.7039740158392,0 79.654949382426,24.7039729238657,0 79.6549515966695,24.7039717249489,0 79.6549537395793,24.7039704223409,0 79.6549558053422,24.7039690195753,0 79.6549577883546,24.7039675204574,0 79.6549596832373,24.7039659290537,0 79.65496148485,24.7039642496811,0 79.6549631883056,24.7039624868953,0 79.6549647889832,24.703960645478,0 79.6549662825408,24.7039587304244,0 79.6549676649269,24.7039567469294,0 79.6549689323915,24.7039547003734,0 79.6549700814964,24.7039525963082,0 79.6549711091245,24.7039504404413,0 79.6549720124882,24.7039482386209,0 79.654972789137,24.7039459968196,0 79.6549734369641,24.7039437211189,0 79.6549739542122,24.7039414176917,0 79.6549743394782,24.7039390927866,0 79.654974591717,24.7039367527103,0 79.6549747102444,24.7039344038105,0 79.6549746947389,24.703932052459,0 79.6549745452425,24.7039297050341,0 79.6549742621607,24.7039273679038,0 79.6549738462615,24.7039250474077,0 79.6549732986731,24.7039227498406,0 79.6549726208809,24.703920481435,0 79.6549718147235,24.7039182483443,0 79.6549708823878,24.703916056626,0 79.6549698264028,24.7039139122257,0 79.6549686496332,24.7039118209602,0 79.654967355271,24.7039097885025,0 79.6549659468274,24.7039078203659,0 79.6549644281231,24.7039059218893,0 79.6549628032778,24.7039040982225,0 79.6549610766991,24.7039023543127,0 79.6549592530706,24.7039006948903,0 79.6549573373393,24.7038991244569,0 79.6549236031173,24.7038728867397,0 79.6549236174751,24.7038720326219,0 79.6549235258747,24.7038697131054,0 79.6549233039042,24.7038674009548,0 79.6549229521502,24.7038651022812,0 79.6549224715425,24.7038628231601,0 79.6549218633512,24.7038605696152,0 79.6549211291839,24.7038583476028,0 79.6549203066979,24.7038562539153,0 79.6549289738779,24.7038520270613,0 79.654931310161,24.7038508119689,0 79.6549335706585,24.703849482616,0 79.6549357486811,24.7038480429364,0 79.6549378377836,24.7038464971906,0 79.6549398317841,24.7038448499525,0 79.6549417247818,24.7038431060967,0 79.6549435111749,24.7038412707837,0 79.6549451856773,24.7038393494445,0 79.6549467433336,24.7038373477647,0 79.6549481795346,24.7038352716678,0 79.6549494900301,24.7038331272972,0 79.6549561900273,24.7038214272951,0 79.654957347044,24.7038192688257,0 79.6549583766852,24.7038170571673,0 79.6549592760329,24.7038147985875,0 79.6549600425386,24.7038124994869,0 79.65496067403,24.7038101663811,0 79.6549611687176,24.7038078058816,0 79.6549615251994,24.7038054246781,0 79.6549617424653,24.7038030295185,0 79.6549618198996,24.7038006271906,0 79.6549617572827,24.7037982245022,0 79.6549615547922,24.7037958282624,0 79.6549612130019,24.7037934452618,0 79.6549607328804,24.7037910822537,0 79.6549601157884,24.7037887459345,0 79.6549593634746,24.7037864429253,0 79.6549584976537,24.7037842298073,0 79.6549616884046,24.7037647346234,0 79.6549628392237,24.7037630858767,0 79.6549640939321,24.7037610661833,0 79.6549652332956,24.7037589902219,0 79.6549662542994,24.7037568634852,0 79.6549890527183,24.7037058460249,0 79.6549890579351,24.7037058482546,0 79.6549912939928,24.7037066848279,0 79.6549935721388,24.7037074205559,0 79.6549958869269,24.7037080536797,0 79.6549982328236,24.703708582686,0 79.6550006042208,24.70370900631,0 79.6550051042223,24.7037097063103,0 79.655007680402,24.7037100435487,0 79.655010272443,24.7037102564293,0 79.6550128731572,24.7037103443616,0 79.6550154753325,24.7037103071018,0 79.6550180717525,24.7037101447532,0 79.6550206552171,24.7037098577661,0 79.6550232185618,24.7037094469364,0 79.6550257546782,24.7037089134032,0 79.6550282565331,24.7037082586462,0 79.6550307171887,24.7037074844812,0 79.6550331298211,24.7037065930549,0 79.6550354877397,24.7037055868395,0 79.6550377844056,24.7037044686253,0 79.6550400134499,24.7037032415134,0 79.655042168691,24.7037019089066,0 79.6550442441523,24.7037004745006,0 79.655046234078,24.7036989422731,0 79.6550481329498,24.7036973164732,0 79.655049935502,24.7036956016095,0 79.6550516367357,24.7036938024377,0 79.6550532319331,24.703691923947,0 79.6550547166706,24.7036899713468,0 79.6550560868307,24.7036879500519,0 79.6550573386138,24.7036858656678,0 79.6550584685486,24.7036837239748,0 79.6550594735015,24.703681530912,0 79.6550603506856,24.7036792925611,0 79.6550610976685,24.7036770151295,0 79.6550617123785,24.7036747049328,0 79.6550621931111,24.7036723683775,0 79.6550625385332,24.7036700119433,0 79.6550627476867,24.7036676421648,0 79.6550628199918,24.7036652656139,0 79.6550627552478,24.703662888881,0 79.6550625536344,24.7036605185573,0 79.6550622157106,24.7036581612159,0 79.6550617424136,24.7036558233941,0 79.655061135056,24.7036535115751,0 79.6550603953219,24.7036512321698,0 79.6550595252629,24.7036489914994,0 79.6550585272917,24.7036467957776,0 79.6550574041758,24.7036446510935,0 79.6550561590299,24.7036425633946,0 79.6550547953068,24.7036405384704,0 79.6550533167885,24.7036385819362,0 79.655051727575,24.7036366992179,0 79.6550500320736,24.7036348955366,0 79.655048234986,24.703633175894,0 79.6550463412959,24.703631545059,0 79.6550443562547,24.7036300075542,0 79.6550422853673,24.7036285676432,0 79.6550401343765,24.7036272293193,0 79.6550379092475,24.7036259962936,0 79.654989916507,24.7036009566081,0 79.6549723836678,24.7035826614764,0 79.6549706346971,24.7035809298019,0 79.6549687892142,24.7035792838416,0 79.6549668522458,24.7035777280785,0 79.6549648290674,24.7035762667499,0 79.6549627251895,24.7035749038361,0 79.6549605463423,24.7035736430492,0 79.6549582984603,24.7035724878231,0 79.654955987666,24.7035714413043,0 79.6549536202532,24.7035705063431,0 79.6549512026699,24.703569685486,0 79.6549487415007,24.7035689809689,0 79.6549462434491,24.7035683947104,0 79.654943715319,24.7035679283075,0 79.654941163996,24.7035675830304,0 79.6549385964291,24.7035673598195,0 79.6549360196115,24.7035672592828,0 79.6549334405615,24.7035672816942,0 79.6549308663037,24.7035674269925,0 79.6549283038494,24.7035676947821,0 79.6549257601779,24.7035680843335,0 79.6549232422172,24.7035685945859,0 79.6549207568254,24.7035692241493,0 79.654918310772,24.7035699713091,0 79.654915910719,24.7035708340303,0 79.654898610724,24.7035775340283,0 79.6548961695004,24.7035785517596,0 79.6548937923444,24.7035796890384,0 79.6548914862645,24.7035809425119,0 79.6548892580597,24.7035823084843,0 79.6548871142993,24.7035837829284,0 79.6548850613037,24.7035853614972,0 79.6548831051257,24.7035870395365,0 79.6548812515328,24.7035888120991,0 79.6548795059898,24.703590673959,0 79.6548778736431,24.7035926196268,0 79.6548763593052,24.7035946433662,0 79.654874967441,24.7035967392107,0 79.6548737021539,24.7035989009811,0 79.6548668021508,24.7036115009789,0 79.6548656745528,24.7036137067755,0 79.6548646787485,24.7036159648913,0 79.6548638176334,24.7036182687604,0 79.6548630937113,24.7036206116838,0 79.6548625090872,24.7036229868489,0 79.6548620654612,24.7036253873495,0 79.654861764123,24.7036278062055,0 79.6548616059489,24.7036302363836,0 79.6548615913989,24.7036326708175,0 79.6548617205153,24.7036351024286,0 79.6548619929226,24.7036375241463,0 79.6548624078288,24.7036399289292,0 79.6548629640274,24.7036423097846,0 79.6548636599012,24.7036446597897,0 79.6548639329479,24.703645417261,0 79.6548492634055,24.7036590446953,0 79.6548476822123,24.7036605839418,0 79.6548461815061,24.7036621890247,0 79.654825730191,24.7036851276551,0 79.6547029754972,24.7036174646625,0 79.6547025209866,24.7036128522394,0 79.6547022250688,24.7036105264454,0 79.6547017975541,24.7036082177948,0 79.6547012395925,24.7036059324973,0 79.6547005526847,24.7036036766998,0 79.6547001450593,24.7036025648875,0 79.6547083841573,24.7035998023663,0 79.6547170408555,24.7035979204754,0 79.654719506436,24.7035973226557,0 79.6547219349644,24.7035966094076,0 79.6547243199701,24.7035957826315,0 79.6547266550985,24.7035948445304,0 79.654728934128,24.7035937976037,0 79.6547311509862,24.7035926446407,0 79.6547332997667,24.7035913887135,0 79.6547353747443,24.7035900331682,0 79.6547373703904,24.7035885816167,0 79.6547392813879,24.7035870379264,0 79.654741102645,24.7035854062103,0 79.6547428293094,24.7035836908159,0 79.6547444567804,24.7035818963137,0 79.6547459807219,24.703580027485,0 79.6547473970735,24.703578089309,0 79.6547487020615,24.7035760869497,0 79.6547498922089,24.7035740257423,0 79.6547509643447,24.7035719111786,0 79.6547519156123,24.7035697488927,0 79.6547527434772,24.7035675446456,0 79.6547534457337,24.7035653043103,0 79.6547537772171,24.7035639949017,0 79.65475491435,24.7035644673705,0 79.6547573017365,24.7035653256839,0 79.6547597346658,24.7035660696553,0 79.6547622065808,24.7035666972797,0 79.6547647108194,24.7035672068653,0 79.6547672406325,24.703567597039,0 79.6547697892019,24.7035678667491,0 79.6547723496589,24.7035680152687,0 79.6547749151027,24.7035680421976,0 79.6547774786193,24.7035679474631,0 79.6547800332997,24.7035677313206,0 79.6547825722586,24.7035673943526,0 79.6547850886534,24.7035669374673,0 79.6547875757019,24.703566361896,0 79.6547900267014,24.70356566919,0 79.6547924350462,24.7035648612162,0 79.6547947942453,24.7035639401521,0 79.6547970979407,24.7035629084802,0 79.6547993399234,24.7035617689809,0 79.6548015141512,24.7035605247254,0 79.6548036147642,24.7035591790669,0 79.654805636101,24.7035577356322,0 79.654807572714,24.7035561983116,0 79.6548094193837,24.7035545712483,0 79.654811171133,24.7035528588274,0 79.654812823241,24.7035510656641,0 79.6548143712549,24.7035491965911,0 79.6548158110028,24.7035472566459,0 79.6548171386042,24.7035452510568,0 79.6548183504812,24.703543185229,0 79.6548194433676,24.7035410647303,0 79.654820414318,24.7035388952757,0 79.6548418143023,24.7034872952685,0 79.6548426210872,24.7034851950751,0 79.6548433135857,24.7034830611094,0 79.6548438901147,24.7034808985579,0 79.654844349273,24.7034787126768,0 79.6548446899446,24.703476508779,0 79.6548449113015,24.703474292221,0 79.6548450128056,24.7034720683904,0 79.6548453127992,24.7034559683901,0 79.6548452879091,24.7034535743688,0 79.6548451241326,24.7034511849191,0 79.6548448219304,24.7034488067605,0 79.6548443821523,24.7034464465806,0 79.6548438060351,24.7034441110167,0 79.6548430951988,24.7034418066368,0 79.6548422516425,24.703439539921,0 79.6548412777383,24.7034373172437,0 79.6548401762252,24.7034351448556,0 79.6548389502006,24.7034330288655,0 79.6548376031123,24.703430975224,0 79.6548361387486,24.7034289897063,0 79.6548345612275,24.703427077896,0 79.6548330802485,24.7034254682638,0 79.6548330487667,24.7034245727916,0 79.6548393468093,24.7034146557184,0 79.6548406002129,24.7034125558218,0 79.6548417301229,24.7034103982321,0 79.6548427333679,24.7034081890048,0 79.6548436071322,24.7034059343406,0 79.6548443489634,24.7034036405673,0 79.6548449567796,24.703401314123,0 79.6548454288747,24.7033989615371,0 79.6548457639237,24.7033965894126,0 79.6548459609863,24.7033942044072,0 79.6548460195094,24.7033918132148,0 79.6548459393288,24.7033894225467,0 79.6548457206696,24.7033870391126,0 79.6548453641453,24.703384669602,0 79.6548448707567,24.7033823206654,0 79.6548442418885,24.7033799988954,0 79.6548434793059,24.7033777108085,0 79.654842585149,24.7033754628265,0 79.6548415619275,24.7033732612587,0 79.6548404125133,24.7033711122841,0 79.6548391401323,24.7033690219343,0 79.6548377483557,24.7033669960761,0 79.6548362410898,24.7033650403954,0 79.6548346225648,24.7033631603812,0 79.6548328973236,24.7033613613099,0 79.6548310702082,24.703359648231,0 79.6548291463468,24.7033580259525,0 79.6548271311389,24.7033564990275,0 79.6548250302406,24.7033550717417,0 79.6548228495484,24.7033537481009,0 79.6548205951827,24.7033525318201,0 79.6548182734707,24.703351426313,0 79.6548158909287,24.7033504346825,0 79.6548016909324,24.7033449346844,0 79.6547992705646,24.7033440651241,0 79.6547968034725,24.7033433130904,0 79.6547942964889,24.7033426806663,0 79.6547917565571,24.7033421696032,0 79.6547891907116,24.7033417813166,0 79.6547866060587,24.7033415168819,0 79.6547840097568,24.7033413770315,0 79.654783620376,24.7033413748038,0 79.6547830040426,24.703319156298,0 79.6547828721091,24.703316811051,0 79.6547826068642,24.7033144752438,0 79.6547822090256,24.7033121551962,0 79.6547816796695,24.7033098571853,0 79.6547810202283,24.7033075874287,0 79.6547802324861,24.7033053520675,0 79.6547793185744,24.7033031571496,0 79.6547782809658,24.7033010086138,0 79.6547771224676,24.703298912273,0 79.6547758462143,24.7032968737993,0 79.6547744556591,24.7032948987079,0 79.6547729545642,24.7032929923427,0 79.6547713469909,24.7032911598615,0 79.6547696372888,24.7032894062224,0 79.6547678300837,24.70328773617,0 79.6547659302652,24.7032861542229,0 79.6547639429734,24.7032846646611,0 79.6547618735852,24.7032832715149,0 79.6547597276996,24.7032819785536,0 79.6547575111225,24.7032807892754,0 79.6547552298512,24.703279706898,0 79.6547528900578,24.7032787343501,0 79.654750498073,24.7032778742628,0 79.6547480603685,24.7032771289633,0 79.6547455835398,24.703276500468,0 79.6547430742883,24.7032759904774,0 79.654740539403,24.7032756003715,0 79.6547379857424,24.7032753312055,0 79.6547354202156,24.7032751837078,0 79.6547057202263,24.7032741837086,0 79.6547030420105,24.7032741598799,0 79.6547003663148,24.7032742686352,0 79.6546977009982,24.7032745096551,0 79.654695053889,24.7032748822318,0 79.6546924327623,24.703275385271,0 79.6546898453169,24.7032760172951,0 79.6546872991523,24.7032767764477,0 79.6546848017472,24.7032776604991,0 79.6546823604368,24.7032786668527,0 79.6546799823917,24.7032797925527,0 79.6546776745965,24.7032810342926,0 79.6546754438298,24.7032823884254,0 79.654673643158,24.7032836149465,0 79.6546735104774,24.7032827778599,0 79.6546732104768,24.70328117786,0 79.654672699925,24.7032788306114,0 79.6546720539398,24.703276511375,0 79.6546659539327,24.7032568113766,0 79.6546651678903,24.7032545094328,0 79.6546642484313,24.7032522491122,0 79.654663683652,24.7032510594625,0 79.6546642090195,24.7032504623193,0 79.654665707046,24.7032485663891,0 79.6546670956122,24.7032466021482,0 79.6546683709935,24.7032445748656,0 79.654669529769,24.7032424899791,0 79.6546705688302,24.7032403530813,0 79.65467148539,24.7032381699041,0 79.6546722769899,24.7032359463037,0 79.6546729415065,24.7032336882446,0 79.6546734771573,24.7032314017837,0 79.6546738825055,24.7032290930543,0 79.6546741564638,24.7032267682493,0 79.6546742982974,24.7032244336046,0 79.6546743076258,24.7032220953827,0 79.654674184424,24.7032197598556,0 79.6546739290225,24.703217433288,0 79.6546735421063,24.7032151219208,0 79.6546730247134,24.7032128319539,0 79.6546723782316,24.7032105695298,0 79.654671604395,24.7032083407173,0 79.6546707052793,24.7032061514948,0 79.6546696832963,24.7032040077347,0 79.6546484832841,24.7031625077405,0 79.6546473075109,24.7031603574174,0 79.6546460081278,24.7031582673085,0 79.6546445888182,24.7031562433385,0 79.6546430536051,24.7031542912445,0 79.6546414068404,24.70315241656,0 79.6546396531918,24.7031506245988,0 79.6546377976304,24.7031489204406,0 79.6546358454159,24.7031473089158,0 79.6546338020821,24.7031457945926,0 79.6546316734209,24.7031443817634,0 79.6546294654663,24.703143074433,0 79.6546079654701,24.7031310744368,0 79.6546057397048,24.7031299035986,0 79.6546034503593,24.7031288399796,0 79.6546011036169,24.7031278864527,0 79.6545987058163,24.7031270455934,0 79.6545962634338,24.7031263196727,0 79.6545937830662,24.7031257106513,0 79.654591271413,24.7031252201744,0 79.6545887352581,24.7031248495665,0 79.6545861814517,24.7031245998287,0 79.6545836168914,24.7031244716356,0 79.6545810485041,24.7031244653333,0 79.654578483227,24.7031245809389,0 79.6545759279888,24.7031248181402,0 79.6545733896912,24.7031251762965,0 79.6545708751901,24.7031256544404,0 79.654568391277,24.7031262512804,0 79.654565944661,24.7031269652046,0 79.6545635419504,24.7031277942845,0 79.6545611896348,24.7031287362809,0 79.6545588940678,24.7031297886495,0 79.6545566614496,24.7031309485478,0 79.6545544978106,24.703132212843,0 79.6545524089946,24.7031335781202,0 79.6545504006436,24.7031350406919,0 79.6545484781819,24.7031365966076,0 79.6545466468023,24.7031382416649,0 79.6545456853983,24.7031391999689,0 79.6545271772192,24.7031325006913,0 79.6545276653033,24.7031312973418,0 79.6545284219157,24.7031290913789,0 79.6545290539316,24.7031268529274,0 79.6545295596938,24.7031245878562,0 79.6545299378764,24.703122302104,0 79.6545301874879,24.7031200016638,0 79.6545303078736,24.7031176925671,0 79.6545302987181,24.7031153808681,0 79.6545301600453,24.7031130726276,0 79.654529860044,24.7031096726277,0 79.6545295870181,24.7031073381341,0 79.6545291815155,24.7031050197634,0 79.6545286446328,24.7031027237851,0 79.6545279778221,24.7031004564084,0 79.6545271828864,24.7030982237648,0 79.6545262619757,24.7030960318923,0 79.6545252175803,24.7030938867183,0 79.6545240525246,24.7030917940441,0 79.6545227699594,24.703089759529,0 79.6545213733531,24.7030877886749,0 79.6545198664826,24.7030858868116,0 79.6545182534229,24.7030840590824,0 79.6545165385363,24.7030823104301,0 79.6545147264604,24.7030806455836,0 79.6545128220956,24.7030790690451,0 79.6545108305919,24.7030775850781,0 79.6545087573351,24.7030761976958,0 79.6545066079318,24.70307491065,0 79.6545043881948,24.7030737274214,0 79.6545021041269,24.7030726512098,0 79.6544997619049,24.7030716849255,0 79.6544973678631,24.7030708311818,0 79.6544949284756,24.7030700922875,0 79.6544924503393,24.7030694702407,0 79.6544916180521,24.7030693032924,0 79.6544912643981,24.7030688121876,0 79.6544897371668,24.7030669148427,0 79.6544881037079,24.7030650928344,0 79.6544863684662,24.7030633511209,0 79.6544845361637,24.7030616944417,0 79.6544764969915,24.7030547955798,0 79.6544762974445,24.7030545022062,0 79.6544748597758,24.7030526109768,0 79.6544733184278,24.7030507891682,0 79.6544716774098,24.7030490415192,0 79.6544699409901,24.7030473725756,0 79.6544681136855,24.7030457866784,0 79.6544662002488,24.7030442879528,0 79.6544642056572,24.7030428802971,0 79.6544621350989,24.7030415673727,0 79.6544599939594,24.7030403525946,0 79.6544577878081,24.7030392391227,0 79.6544297990821,24.7030259523425,0 79.6543349105997,24.7029325003184,0 79.6543355591827,24.7029305430475,0 79.65433617907,24.7029282438874,0 79.6543366661506,24.7029259181988,0 79.6543370190848,24.7029235723793,0 79.6543372369018,24.7029212128818,0 79.6543373190022,24.7029188461967,0 79.6543372651604,24.7029164788344,0 79.6543370755244,24.7029141173071,0 79.6543367506159,24.7029117681107,0 79.6543362913286,24.7029094377077,0 79.654335698926,24.7029071325084,0 79.6543349750376,24.702904858854,0 79.6543341216548,24.702902622999,0 79.6543331411251,24.7029004310936,0 79.6543320361456,24.7028982891674,0 79.6543308097561,24.7028962031125,0 79.65432946533,24.7028941786672,0 79.6543280065657,24.7028922214004,0 79.6543264374759,24.7028903366961,0 79.6543235374754,24.7028870366968,0 79.6543218737324,24.7028852413612,0 79.6543201098866,24.7028835276272,0 79.6543182507264,24.7028819001471,0 79.6543163012991,24.7028803633391,0 79.6543142668967,24.7028789213752,0 79.6543121530423,24.7028775781701,0 79.6543099654743,24.7028763373701,0 79.6543077101314,24.7028752023437,0 79.6543053931364,24.7028741761722,0 79.6543030207792,24.7028732616415,0 79.6543005995003,24.7028724612342,0 79.6542981358727,24.7028717771232,0 79.6542956365846,24.7028712111657,0 79.6542931084209,24.7028707648982,0 79.654290558245,24.7028704395321,0 79.6542879929798,24.7028702359507,0 79.6542854195895,24.7028701547067,0 79.6542828450601,24.7028701960207,0 79.6542802763808,24.7028703597805,0 79.6542745763828,24.7028708597804,0 79.6542721964729,24.7028711218999,0 79.6542698332763,24.7028714891385,0 79.6542674923531,24.7028719606324,0 79.6542651792111,24.7028725352721,0 79.6542628992926,24.7028732117056,0 79.654260657962,24.7028739883415,0 79.6542520579645,24.7028771883405,0 79.6542497026759,24.7028781307092,0 79.6542474042284,24.7028791837138,0 79.6542451688441,24.7028803445037,0 79.6542430025743,24.7028816099365,0 79.6542409112832,24.7028829765867,0 79.6542389006321,24.7028844407547,0 79.6542369760639,24.7028859984769,0 79.6542351427886,24.7028876455364,0 79.6542334057689,24.7028893774745,0 79.6542325095265,24.7028903701669,0 79.6542314757046,24.7028895112635,0 79.6542294603007,24.7028880061179,0 79.6542273609368,24.7028866000085,0 79.6542251834377,24.7028852968366,0 79.6542229338451,24.702884100218,0 79.6542206184007,24.7028830134729,0 79.6542182435289,24.7028820396164,0 79.6542175247081,24.7028817854925,0 79.6542190610321,24.7028811145772,0 79.6542213089839,24.7028799988393,0 79.6542234907201,24.7028787783235,0 79.6542256003939,24.7028774563008,0 79.654227632352,24.7028760363137,0 79.6542295811489,24.7028745221677,0 79.6542314415622,24.7028729179204,0 79.6542332086064,24.7028712278708,0 79.6542348775461,24.7028694565481,0 79.6542364439089,24.702867608699,0 79.6542379034972,24.7028656892755,0 79.6542392523996,24.7028637034212,0 79.6542404870012,24.7028616564578,0 79.6542416039936,24.702859553871,0 79.6542426003834,24.7028574012951,0 79.6542434735005,24.7028552044988,0 79.654244221005,24.7028529693691,0 79.654244840894,24.7028507018956,0 79.654245331506,24.7028484081549,0 79.6542465315036,24.7028419081544,0 79.6542468957882,24.702839560548,0 79.654247124654,24.7028371987074,0 79.6542472174696,24.7028348291473,0 79.6542471739791,24.7028324584036,0 79.6542469943024,24.7028300930152,0 79.6542466789351,24.7028277395067,0 79.6542462287471,24.7028254043696,0 79.6542456449801,24.7028230940447,0 79.6542449292443,24.7028208149046,0 79.654244083514,24.7028185732357,0 79.6542431101218,24.7028163752212,0 79.6542420117527,24.7028142269237,0 79.6542407914361,24.7028121342687,0 79.6542394525382,24.7028101030284,0 79.6542379987518,24.7028081388054,0 79.654236434087,24.7028062470175,0 79.6542347628595,24.7028044328829,0 79.6542329896789,24.7028027014053,0 79.6542311194362,24.7028010573606,0 79.65422915729,24.7027995052835,0 79.6542271086522,24.702798049455,0 79.6542249791738,24.7027966938907,0 79.6542121791757,24.7027889938931,0 79.6542100952127,24.7027878070005,0 79.6542079492812,24.7027867161478,0 79.6542057466801,24.7027857240288,0 79.6542034928486,24.7027848330934,0 79.6542011933519,24.7027840455415,0 79.6541910933548,24.7027808455427,0 79.6541885383112,24.7027801062942,0 79.6541824383131,24.7027785062948,0 79.654179970609,24.7027779215262,0 79.6541774731783,24.7027774537903,0 79.6541749526672,24.7027771043318,0 79.654172415783,24.7027768740807,0 79.6541698692767,24.7027767636496,0 79.654167319925,24.7027767733325,0 79.6541647745119,24.7027769031036,0 79.6541623011718,24.7027771465773,0 79.6541619696458,24.7027762352002,0 79.6541610159245,24.7027740133113,0 79.6541599350086,24.7027718405686,0 79.6541587299188,24.7027697230439,0 79.6541574040227,24.7027676666545,0 79.6541559610255,24.702765677147,0 79.6541544049596,24.7027637600811,0 79.6541527401737,24.7027619208142,0 79.6541509713198,24.7027601644859,0 79.6541491033411,24.7027584960045,0 79.6541471414577,24.7027569200324,0 79.654145091152,24.7027554409738,0 79.6541429581536,24.7027540629619,0 79.6541407484234,24.7027527898475,0 79.6541384681362,24.7027516251883,0 79.6541361236645,24.7027505722391,0 79.6541223762413,24.7027448050285,0 79.6540812183996,24.7027112265812,0 79.6540792435373,24.7027096984033,0 79.6540771838081,24.7027082667709,0 79.6540750448611,24.7027069356102,0 79.6540728325625,24.7027057085723,0 79.6540705529799,24.7027045890223,0 79.6540682123655,24.7027035800309,0 79.6540658171386,24.7027026843654,0 79.6540633738686,24.7027019044821,0 79.6540608892564,24.7027012425202,0 79.6540583701163,24.702700700295,0 79.6540558233577,24.7027002792937,0 79.6540532559651,24.7026999806711,0 79.6540506749801,24.702699805246,0 79.6540480874815,24.7026997534996,0 79.6540455005657,24.7026998255738,0 79.6540429213277,24.702700021271,0 79.6540403568415,24.7027003400545,0 79.6540378141405,24.7027007810498,0 79.6540353001984,24.7027013430476,0 79.6540328219101,24.7027020245065,0 79.6540303860726,24.7027028235574,0 79.6540279993666,24.7027037380089,0 79.6540256683379,24.702704765353,0 79.6540233993796,24.702705902772,0 79.6540211987148,24.7027071471464,0 79.654019072379,24.7027084950634,0 79.6540170262041,24.7027099428259,0 79.6540150658019,24.7027114864635,0 79.6540131965491,24.7027131217425,0 79.6540114235724,24.7027148441778,0 79.6540097517345,24.7027166490454,0 79.6540081856206,24.7027185313953,0 79.654006729526,24.7027204860648,0 79.6540053874443,24.702722507693,0 79.6540041630563,24.7027245907352,0 79.65400305972,24.7027267294785,0 79.6540020804615,24.7027289180571,0 79.6540012279666,24.7027311504684,0 79.654000527966,24.7027331504681,0 79.6539998120797,24.7027353945366,0 79.6539992242897,24.7027376694456,0 79.6539987661716,24.7027399690973,0 79.6539984389533,24.7027422873274,0 79.6539982435121,24.7027446179219,0 79.6539981803718,24.7027469546336,0 79.6539982464984,24.7027491832392,0 79.6539747688864,24.7027287523984,0 79.6539845265152,24.7027244388631,0 79.6539868207322,24.7027233561965,0 79.6539890499138,24.7027221655337,0 79.6539912079739,24.7027208701254,0 79.6539932890207,24.7027194735082,0 79.6539952873724,24.7027179794954,0 79.6539971975731,24.7027163921657,0 79.6539990144076,24.702714715853,0 79.6540007329156,24.7027129551339,0 79.6540023484053,24.7027111148155,0 79.6540038564659,24.7027091999223,0 79.6540052529803,24.7027072156823,0 79.6540065341356,24.7027051675129,0 79.6540076964341,24.7027030610059,0 79.6540087367025,24.7027009019126,0 79.6540096521006,24.7026986961277,0 79.6540104401292,24.7026964496735,0 79.6540110986368,24.7026941686832,0 79.6540116258257,24.7026918593843,0 79.6540120202564,24.7026895280817,0 79.6540122808521,24.7026871811404,0 79.6540124069014,24.7026848249679,0 79.6540123980601,24.7026824659971,0 79.6540122543523,24.7026801106684,0 79.6540119761704,24.7026777654123,0 79.654011564274,24.7026754366318,0 79.6540110197875,24.702673130685,0 79.6540103441976,24.7026708538676,0 79.6540095393487,24.7026686123957,0 79.6540086074382,24.7026664123889,0 79.6540075510105,24.7026642598538,0 79.6540063729498,24.7026621606671,0 79.6540050764725,24.7026601205601,0 79.6540036651181,24.7026581451027,0 79.6540021427401,24.7026562396881,0 79.6540005134947,24.7026544095187,0 79.6539637134906,24.7026152095276,0 79.6539620017391,24.7026134787054,0 79.6539601944151,24.7026118309613,0 79.6539582963431,24.702610270694,0 79.6539563125902,24.7026088020687,0 79.653954248452,24.7026074290058,0 79.6539521094386,24.7026061551706,0 79.6539499012601,24.7026049839638,0 79.6539476298113,24.7026039185117,0 79.6539453011557,24.7026029616587,0 79.6539429215097,24.7026021159591,0 79.6539404972258,24.7026013836703,0 79.6539380347755,24.7026007667474,0 79.6539355407324,24.7026002668371,0 79.6539330217543,24.702599885274,0 79.6539304845655,24.7025996230765,0 79.6539283469493,24.702599503866,0 79.653928621157,24.7025987938937,0 79.6539293575014,24.7025965101897,0 79.6539299610451,24.7025941942009,0 79.6539304301098,24.7025918523675,0 79.6539307633912,24.7025894912015,0 79.6539309599624,24.7025871172686,0 79.653931019277,24.7025847371701,0 79.6539309411699,24.7025823575244,0 79.6539307258584,24.7025799849486,0 79.6539303739412,24.7025776260403,0 79.6539298863969,24.7025752873589,0 79.6539292645811,24.7025729754078,0 79.6539285102232,24.7025706966156,0 79.6539276254206,24.7025684573193,0 79.6539266126339,24.7025662637457,0 79.6539254746793,24.7025641219944,0 79.6539242147211,24.7025620380211,0 79.653922836263,24.7025600176208,0 79.653921343138,24.7025580664117,0 79.6538908431318,24.7025203664195,0 79.6538892436069,24.7025184943886,0 79.6538875385408,24.7025167017845,0 79.6538857326514,24.7025149935673,0 79.6538838309355,24.7025133744635,0 79.653881838655,24.7025118489531,0 79.6538797613224,24.702510421257,0 79.6538776046855,24.7025090953257,0 79.6538753747118,24.7025078748278,0 79.6538730775714,24.7025067631405,0 79.6538707196203,24.7025057633396,0 79.6538683073828,24.7025048781917,0 79.6538658475336,24.7025041101458,0 79.6538633468788,24.7025034613271,0 79.6538608123376,24.7025029335309,0 79.6538582509229,24.7025025282174,0 79.653855669722,24.7025022465083,0 79.653853075877,24.7025020891829,0 79.6538512634461,24.7025020665171,0 79.6538501291508,24.7024999675614,0 79.6538488719204,24.7024979173505,0 79.6538474996151,24.7024959296806,0 79.6538460159529,24.7024940099372,0 79.6538444249539,24.7024921633217,0 79.6538427309286,24.7024903948374,0 79.653840938467,24.7024887092759,0 79.6538102153346,24.7024612841154,0 79.6538047427341,24.7024528264644,0 79.6538033815651,24.7024508421868,0 79.6538019096027,24.7024489250548,0 79.6538003308072,24.7024470802262,0 79.6537986494259,24.7024453126642,0 79.6537968699825,24.7024436271243,0 79.6537949972643,24.7024420281411,0 79.6537930363095,24.7024405200166,0 79.653790992394,24.702439106808,0 79.6537888710164,24.7024377923174,0 79.6537866778842,24.7024365800813,0 79.6537844188977,24.7024354733611,0 79.6537821001343,24.7024344751341,0 79.6537797278323,24.7024335880861,0 79.6537773083741,24.7024328146035,0 79.6537748482689,24.7024321567672,0 79.6537728794926,24.7024317301796,0 79.6537693940137,24.7024296428307,0 79.6537672778543,24.7024284440476,0 79.6537650982852,24.7024273441596,0 79.6537628608396,24.7024263459588,0 79.653758506175,24.7024245258457,0 79.6537548326848,24.7024118326407,0 79.6537547149986,24.70240388903,0 79.6537546075459,24.7024014625192,0 79.6537543574235,24.7023990447972,0 79.6537539653551,24.7023966428597,0 79.6537534324751,24.7023942636566,0 79.6537527603254,24.7023919140721,0 79.653751950851,24.7023896009045,0 79.6537510063939,24.702387330847,0 79.6537499296869,24.7023851104679,0 79.6537487238455,24.7023829461917,0 79.6537473923587,24.7023808442808,0 79.6537273923519,24.702351144286,0 79.6537259956222,24.7023491856414,0 79.6537244897902,24.7023472956673,0 79.6537228788931,24.7023454794304,0 79.6537211672494,24.7023437418001,0 79.653719359448,24.7023420874349,0 79.6537174603355,24.7023405207699,0 79.6537154750033,24.7023390460052,0 79.6537134087739,24.7023376670948,0 79.6536819087782,24.7023177671008,0 79.6536798391608,24.7023165284218,0 79.6536777042742,24.7023153859243,0 79.6536755094696,24.7023143424721,0 79.6536732602485,24.7023134006807,0 79.6536709622487,24.7023125629108,0 79.6536508622543,24.7023057629133,0 79.6536484512256,24.7023050112096,0 79.6536460009971,24.7023043740101,0 79.6536435180799,24.702303853008,0 79.6536419061993,24.7023035938357,0 79.6536425853754,24.702300259692,0 79.6536429886834,24.7022979481395,0 79.6536432603045,24.7022956205977,0 79.6536433995085,24.7022932833235,0 79.6536434059212,24.7022909425995,0 79.6536432795253,24.702288604718,0 79.6536430206607,24.7022862759634,0 79.6536426300232,24.7022839625956,0 79.6536421086628,24.7022816708333,0 79.6536414579812,24.7022794068369,0 79.6536406797273,24.7022771766924,0 79.6536397759932,24.7022749863945,0 79.6536387492083,24.7022728418311,0 79.6536376021326,24.702270748767,0 79.6536363378498,24.7022687128285,0 79.6536349597581,24.7022667394885,0 79.6536334715623,24.7022648340516,0 79.6536318772626,24.7022630016396,0 79.6536301811447,24.7022612471785,0 79.6536283877681,24.7022595753843,0 79.6536265019534,24.702257990751,0 79.65362452877,24.7022564975383,0 79.6536075287715,24.7022442975418,0 79.6536054213716,24.7022428662244,0 79.6536032337226,24.7022415391914,0 79.6536009720015,24.7022403201896,0 79.6535986425943,24.7022392126611,0 79.6535962520782,24.702238219733,0 79.6535938072029,24.7022373442088,0 79.6535913148716,24.7022365885607,0 79.6535887821217,24.7022359549222,0 79.6535862161044,24.7022354450825,0 79.653583624065,24.7022350604811,0 79.6535810133222,24.7022348022039,0 79.6535783912476,24.7022346709802,0 79.6535757652448,24.7022346671806,0 79.6535731427283,24.7022347908157,0 79.6535705311031,24.7022350415365,0 79.653567937743,24.702235418635,0 79.6535653699708,24.7022359210465,0 79.6535647968147,24.7022360626561,0 79.6535572460191,24.7022159521405,0 79.6535563335039,24.702213716161,0 79.6535552929371,24.7022115273523,0 79.6535541272259,24.7022093918297,0 79.6535528396271,24.7022073155593,0 79.6535514337381,24.702205304342,0 79.6535499134867,24.7022033637969,0 79.6535482831203,24.7022014993454,0 79.6535465471939,24.7021997161965,0 79.6535447105573,24.7021980193322,0 79.6535427783419,24.7021964134931,0 79.6535407559459,24.7021949031658,0 79.6535386490196,24.7021934925698,0 79.6535364634495,24.7021921856462,0 79.6535342053415,24.7021909860461,0 79.6535318810047,24.7021898971213,0 79.6535296573365,24.7021889875272,0 79.6535299575105,24.7021875644232,0 79.6535303161729,24.7021851938381,0 79.6535305368293,24.7021828092214,0 79.6535306188597,24.7021804172734,0 79.6535305620336,24.7021780247149,0 79.6535303665107,24.7021756382686,0 79.6535300328404,24.7021732646397,0 79.6535295619602,24.7021709104978,0 79.6535237619507,24.7021457104992,0 79.6535231602741,24.7021433999352,0 79.6535224264212,24.7021411214743,0 79.6535215624229,24.7021388814222,0 79.6535205706704,24.7021366859783,0 79.6535194539082,24.7021345412183,0 79.6535182152271,24.7021324530779,0 79.6535168580551,24.7021304273361,0 79.6535153861482,24.702128469599,0 79.6535138035798,24.7021265852847,0 79.6535121147298,24.702124779608,0 79.6535103242719,24.702123057566,0 79.6535084371614,24.7021214239247,0 79.6535064586207,24.702119883205,0 79.6535043941255,24.7021184396709,0 79.6535022493892,24.7021170973172,0 79.6535000303474,24.7021158598591,0 79.6534977431413,24.7021147307212,0 79.6534953941007,24.7021137130283,0 79.6534929897266,24.7021128095969,0 79.653490536673,24.7021120229272,0 79.6534880417288,24.7021113551964,0 79.6534855117987,24.7021108082523,0 79.6534829538843,24.7021103836087,0 79.6534803750646,24.7021100824407,0 79.6534777824764,24.7021099055818,0 79.6534751832947,24.7021098535215,0 79.6534725847127,24.7021099264039,0 79.6534699939221,24.7021101240272,0 79.6534674180927,24.7021104458446,0 79.6534648643532,24.7021108909653,0 79.653462339771,24.7021114581576,0 79.653459851333,24.7021121458517,0 79.6534574059257,24.7021129521444,0 79.653455010317,24.7021138748044,0 79.6534526711365,24.7021149112782,0 79.6534503948581,24.7021160586972,0 79.6534481877812,24.7021173138862,0 79.6534460560139,24.7021186733713,0 79.6534440054559,24.7021201333902,0 79.6534429336557,24.7021209829559,0 79.6534429447973,24.7021209463274,0 79.6534435054597,24.7021186424526,0 79.6534439335648,24.7021163149594,0 79.6534442279427,24.7021139702085,0 79.6534443877888,24.7021116146077,0 79.6534444126663,24.7021092545944,0 79.6534443025072,24.7021068966183,0 79.6534440576127,24.7021045471232,0 79.6534436786519,24.7021022125299,0 79.6534431666606,24.7020998992185,0 79.6534425230378,24.7020976135109,0 79.6534417495426,24.7020953616534,0 79.6534408482887,24.7020931498002,0 79.6534398217392,24.7020909839957,0 79.6534386726994,24.7020888701588,0 79.6534374043095,24.7020868140663,0 79.6534360200358,24.702084821337,0 79.6534345236612,24.7020828974168,0 79.6534329192752,24.7020810475634,0 79.6534312112622,24.7020792768322,0 79.6534294042899,24.7020775900623,0 79.6534275032966,24.7020759918633,0 79.6534255134772,24.7020744866028,0 79.6534234402697,24.7020730783945,0 79.6534151132523,24.7020677253131,0 79.6534126232615,24.7020649047936,0 79.6534123969319,24.7020645011965,0 79.6534111400839,24.7020625154683,0 79.653409774457,24.7020605906205,0 79.6534083035764,24.7020587316218,0 79.6534067312388,24.7020569432709,0 79.6533992312379,24.7020488432727,0 79.653397524012,24.7020470936761,0 79.6533957196931,24.7020454273791,0 79.6533938231443,24.7020438488729,0 79.6533918394772,24.7020423624118,0 79.6533897740384,24.7020409720022,0 79.6533876323946,24.7020396813916,0 79.653385420318,24.7020384940584,0 79.6533831437707,24.7020374132028,0 79.6533808088885,24.702036441738,0 79.6533784219645,24.7020355822822,0 79.6533769137521,24.7020351202885,0 79.6533768887028,24.7020350155443,0 79.6533762069757,24.7020327415665,0 79.6533753962297,24.7020305032026,0 79.6533744586759,24.7020283065571,0 79.6533733968713,24.7020261576211,0 79.6533722137118,24.7020240622551,0 79.6533709124241,24.7020220261739,0 79.6533694965572,24.7020200549303,0 79.6533679699725,24.7020181539006,0 79.6533663368336,24.7020163282692,0 79.6533646015943,24.7020145830152,0 79.6533627689873,24.7020129228983,0 79.6533608440103,24.7020113524463,0 79.6533588319135,24.7020098759419,0 79.6533567381843,24.7020084974123,0 79.653354568533,24.7020072206168,0 79.6533523288766,24.7020060490378,0 79.6533500253234,24.7020049858703,0 79.6533476641559,24.7020040340141,0 79.6533452518134,24.7020031960649,0 79.6533427948751,24.7020024743082,0 79.6533403000418,24.7020018707123,0 79.6533377741176,24.7020013869234,0 79.6533352239912,24.702001024261,0 79.6533326566177,24.7020007837141,0 79.6533300789988,24.7020006659388,0 79.6533293808741,24.7020006673772,0 79.6533294993538,24.701998684389,0 79.6533295054792,24.701996330177,0 79.6533293772623,24.701993978874,0 79.6533291150518,24.7019916368736,0 79.6533287195607,24.7019893105443,0 79.6533281918645,24.7019870062116,0 79.6533275333979,24.7019847301415,0 79.6533267459516,24.701982488523,0 79.6533258316667,24.7019802874515,0 79.6533247930293,24.701978132912,0 79.6533236328637,24.7019760307632,0 79.6533223543246,24.7019739867212,0 79.6533209608886,24.701972006344,0 79.6533194563446,24.7019700950167,0 79.6533178447838,24.7019682579364,0 79.6533161305883,24.7019665000986,0 79.6533143184193,24.7019648262831,0 79.6533124132045,24.7019632410413,0 79.6532725132063,24.7019317410499,0 79.6532705024835,24.7019302361747,0 79.6532684079287,24.7019288299638,0 79.6532662353364,24.7019275263074,0 79.6532639907173,24.7019263288122,0 79.653261680281,24.701925240791,0 79.6532593104193,24.7019242652537,0 79.6532568876886,24.7019234048994,0 79.6532544187913,24.701922662108,0 79.6532519105577,24.7019220389346,0 79.6532493699267,24.7019215371032,0 79.6532468039271,24.701921158002,0 79.653245604836,24.7019210395336,0 79.6532456740306,24.7019209274252,0 79.6532468346469,24.7019187904512,0 79.6532478700832,24.701916600455,0 79.6532487774486,24.7019143635515,0 79.6532495542097,24.701912085986,0 79.6532501981976,24.7019097741176,0 79.6532507076145,24.7019074344012,0 79.6532510253887,24.7019054252204,0 79.6531948941944,24.7019049214191,0 79.6530960603308,24.7019040342922,0 79.6530970314429,24.701813744834,0 79.653097666704,24.7017546809873,0 79.6530960491687,24.7017532371472,0 79.6530957805049,24.7017526244611,0 79.6530946988027,24.7017504876648,0 79.6530934966428,24.7017484052862,0 79.653092177294,24.7017463829878,0 79.6530907443441,24.7017444262687,0 79.6530892016894,24.7017425404496,0 79.6530875535248,24.7017407306584,0 79.653085804332,24.7017390018163,0 79.6530839588675,24.7017373586244,0 79.6530820221493,24.7017358055508,0 79.653079999444,24.7017343468188,0 79.6530778962515,24.701732986395,0 79.6530757182911,24.7017317279785,0 79.6530734714849,24.7017305749912,0 79.6530711619425,24.7017295305685,0 79.6530687959441,24.7017285975503,0 79.6530663799233,24.7017277784737,0 79.6530639204498,24.7017270755658,0 79.6530614242114,24.7017264907381,0 79.6530588979958,24.7017260255809,0 79.6530563486724,24.701725681359,0 79.6530537831733,24.7017254590083,0 79.6530512084747,24.7017253591336,0 79.6530486315777,24.7017253820064,0 79.6530460594894,24.7017255275644,0 79.6530434992038,24.701725795412,0 79.653040957683,24.7017261848207,0 79.6530384418377,24.7017266947318,0 79.6530359585092,24.7017273237585,0 79.6530335144502,24.7017280701905,0 79.6530311163064,24.7017289319981,0 79.6529889364512,24.7017452625021,0 79.6529887995915,24.7017451382423,0 79.6529855801809,24.7017060155884,0 79.6529853192856,24.7017036678513,0 79.652984924465,24.7017013357749,0 79.6529843967978,24.7016990257308,0 79.6529837377254,24.7016967440303,0 79.6529829490488,24.701694496907,0 79.6529820329224,24.7016922905005,0 79.6529809918494,24.7016901308388,0 79.6529798286741,24.7016880238222,0 79.6529785465742,24.7016859752075,0 79.6529771490528,24.7016839905915,0 79.6529756399279,24.7016820753965,0 79.6529740233226,24.7016802348549,0 79.6529723036537,24.7016784739953,0 79.6529704856193,24.7016767976285,0 79.6529685741867,24.7016752103345,0 79.652966574578,24.7016737164499,0 79.6529644922563,24.7016723200562,0 79.6529623329107,24.7016710249684,0 79.6529601024408,24.7016698347249,0 79.6529578069403,24.7016687525775,0 79.652955452681,24.7016677814827,0 79.6529530460947,24.7016669240936,0 79.6529505937566,24.7016661827528,0 79.6529481023665,24.7016655594855,0 79.6529455787313,24.7016650559948,0 79.6529430297457,24.701664673656,0 79.6529404623739,24.7016644135139,0 79.6529378836301,24.7016642762791,0 79.6529353005596,24.7016642623266,0 79.6529327202198,24.7016643716946,0 79.6529301496602,24.7016646040841,0 79.6529275959039,24.7016649588603,0 79.652925065928,24.7016654350539,0 79.6529240572134,24.7016656757256,0 79.652924672443,24.7016637574882,0 79.6529252683354,24.7016614608416,0 79.6529257320272,24.7016591388833,0 79.6529260622512,24.7016567979596,0 79.6529262581047,24.7016544444688,0 79.6529263190526,24.7016520848434,0 79.6529262449281,24.7016497255328,0 79.6529260359339,24.7016473729854,0 79.6529256926413,24.7016450336313,0 79.6529252159885,24.7016427138643,0 79.6529246072784,24.7016404200248,0 79.6529238681746,24.7016381583825,0 79.6529230006973,24.7016359351188,0 79.6529220072174,24.7016337563102,0 79.6529208904505,24.7016316279121,0 79.6529143904473,24.7016200279138,0 79.6529131365241,24.7016179291005,0 79.6529117627257,24.7016158938786,0 79.6529102729057,24.701613927957,0 79.6529086712429,24.70161203685,0 79.65290696223,24.7016102258621,0 79.6529051506608,24.7016085000732,0 79.6529032416166,24.701606864324,0 79.6529012404524,24.7016053232027,0 79.6528991527813,24.7016038810323,0 79.6528969844592,24.7016025418579,0 79.6528947415682,24.7016013094359,0 79.6528924303996,24.7016001872233,0 79.6528900574362,24.7015991783677,0 79.6528876293341,24.7015982856991,0 79.652885152904,24.7015975117214,0 79.6528826350924,24.7015968586054,0 79.6528800829616,24.7015963281833,0 79.6528775036702,24.7015959219429,0 79.6528749044532,24.7015956410235,0 79.6528722926013,24.7015954862133,0 79.6528696754407,24.7015954579464,0 79.6528670603125,24.7015955563022,0 79.6528644545521,24.7015957810047,0 79.6528618654685,24.7015961314237,0 79.6528593003241,24.7015966065762,0 79.652856766314,24.7015972051294,0 79.6528542705462,24.7015979254045,0 79.6528518200212,24.7015987653811,0 79.6528494216127,24.701599722703,0 79.6528470820481,24.7016007946849,0 79.6528466314085,24.7016010292301,0 79.6528463189046,24.7015998040701,0 79.6528455986036,24.7015975279006,0 79.6528343985923,24.7015653279036,0 79.652833540458,24.701563069732,0 79.6528325526953,24.7015608562184,0 79.6528314380734,24.7015586935684,0 79.652830199717,24.7015565878444,0 79.6528288410975,24.7015545449496,0 79.6528273660238,24.701552570611,0 79.6528257786309,24.7015506703633,0 79.6528240833689,24.7015488495336,0 79.6528222849902,24.7015471132262,0 79.6528203885363,24.7015454663088,0 79.6528183993236,24.7015439133981,0 79.6528163229286,24.7015424588476,0 79.6528141651722,24.7015411067347,0 79.6528119321032,24.7015398608501,0 79.6528096299819,24.7015387246863,0 79.6528072652618,24.7015377014284,0 79.652804844572,24.701536793945,0 79.6528023746987,24.70153600478,0 79.6528003018801,24.7015354530745,0 79.6528003017068,24.7015334000837,0 79.6528001627235,24.7015310105652,0 79.6527998853492,24.7015286311303,0 79.6527994703632,24.7015262684635,0 79.6527989189313,24.7015239292019,0 79.6527982326025,24.7015216199173,0 79.6527974133051,24.7015193470969,0 79.6527964633405,24.7015171171256,0 79.6527953853775,24.701514936268,0 79.6527941824444,24.7015128106505,0 79.6527928579204,24.7015107462447,0 79.6527914155265,24.7015087488498,0 79.6527898593147,24.7015068240771,0 79.6527881936568,24.7015049773337,0 79.652786423232,24.7015032138076,0 79.652784553014,24.7015015384529,0 79.6527825882565,24.7014999559761,0 79.6527805344791,24.7014984708227,0 79.6527496427581,24.7014773239223,0 79.65274962328,24.7014772719116,0 79.6527486582281,24.7014750775618,0 79.6527475687246,24.7014729323867,0 79.6527463577588,24.7014708422722,0 79.6527450286533,24.7014688129529,0 79.6527435850548,24.701466849997,0 79.6527420309242,24.7014649587901,0 79.6527403705256,24.7014631445213,0 79.6527386084148,24.7014614121686,0 79.6527367494266,24.7014597664849,0 79.6527347986615,24.7014582119858,0 79.652732761472,24.7014567529363,0 79.6527306434476,24.7014553933398,0 79.6527284503997,24.7014541369265,0 79.6527261883454,24.7014529871438,0 79.6527238634912,24.7014519471464,0 79.652721482216,24.7014510197879,0 79.6527190510534,24.7014502076125,0 79.6527165766738,24.7014495128488,0 79.6527163177587,24.7014494535086,0 79.6527159460604,24.701448265266,0 79.6527151079985,24.7014460344299,0 79.6527141435524,24.7014438466214,0 79.6527130553543,24.7014417078115,0 79.6527118463742,24.7014396238373,0 79.6527105199115,24.7014376003865,0 79.6527090795865,24.7014356429816,0 79.6527075293302,24.7014337569646,0 79.6527058733735,24.701431947483,0 79.6527041162359,24.7014302194751,0 79.6527022627129,24.7014285776571,0 79.6527003178632,24.7014270265098,0 79.6526982869948,24.7014255702666,0 79.6526961756503,24.7014242129019,0 79.652691075651,24.7014211129029,0 79.6526889042599,24.7014198660627,0 79.6526866649865,24.7014187238137,0 79.6526843638617,24.7014176892323,0 79.652682007083,24.7014167651048,0 79.6526796009981,24.7014159539203,0 79.6526771520872,24.7014152578635,0 79.6526746669459,24.7014146788091,0 79.6526721522674,24.7014142183166,0 79.6526696148246,24.7014138776262,0 79.6526670614513,24.7014136576557,0 79.6526645605643,24.7014135613667,0 79.6526614726446,24.7013898634484,0 79.6526610801812,24.701387422033,0 79.6526605422905,24.7013850038536,0 79.6526598605794,24.7013826161341,0 79.6526590370842,24.7013802660078,0 79.6526580742653,24.7013779604954,0 79.6526569749989,24.7013757064844,0 79.6526557425691,24.7013735107085,0 79.6526543806574,24.7013713797272,0 79.6526371525538,24.7013460397508,0 79.6526370914158,24.7013457173877,0 79.6526369478843,24.7013432773674,0 79.6526367427213,24.7013409320758,0 79.652636404095,24.7013385997332,0 79.6526359329252,24.7013362866737,0 79.6526353304913,24.7013339991792,0 79.6526345984296,24.7013317434622,0 79.6526337387282,24.7013295256487,0 79.6526327537219,24.7013273517621,0 79.6526316460859,24.7013252277062,0 79.6526304188282,24.7013231592495,0 79.6526290752819,24.7013211520098,0 79.6526276190959,24.7013192114381,0 79.6526260542248,24.701317342805,0 79.6526243849187,24.7013155511851,0 79.6526226157111,24.7013138414443,0 79.6526207514069,24.7013122182259,0 79.6526187970691,24.7013106859383,0 79.6526167580055,24.7013092487429,0 79.6526146397538,24.7013079105429,0 79.6526124480667,24.7013066749726,0 79.6526101888966,24.7013055453876,0 79.652607868379,24.7013045248557,0 79.6526054928159,24.7013036161485,0 79.6526030686591,24.7013028217338,0 79.652600602492,24.7013021437692,0 79.6525981010124,24.7013015840958,0 79.6525955710139,24.7013011442337,0 79.6525930193675,24.7013008253775,0 79.6525904530031,24.701300628393,0 79.6525878788904,24.7013005538153,0 79.6525853040202,24.701300601847,0 79.6525827353856,24.7013007723575,0 79.6525801799624,24.7013010648838,0 79.6525776446908,24.7013014786314,0 79.6525751364561,24.7013020124767,0 79.6525667364589,24.7013040124761,0 79.6525662359558,24.70130414445,0 79.6525662990715,24.7013030842278,0 79.6525663056387,24.7013007475425,0 79.652566179856,24.7012984136765,0 79.6525659220602,24.701296088882,0 79.652565532942,24.7012937793867,0 79.6525650135437,24.7012914913773,0 79.6525545135285,24.70125059138,0 79.6525538329917,24.7012482297854,0 79.6525530136719,24.7012459052623,0 79.6525520579662,24.701243624612,0 79.6525509686709,24.7012413945073,0 79.6525497489733,24.7012392214734,0 79.652548402442,24.7012371118681,0 79.6525469330168,24.701235071864,0 79.6525285289469,24.7012109674304,0 79.6525139969175,24.7011701393893,0 79.6525131398168,24.7011679283873,0 79.6525121581756,24.7011657610358,0 79.6525110546433,24.7011636431849,0 79.6525109682039,24.7011634973355,0 79.6525108294304,24.7011763946436,0 79.6524119961695,24.7011755070907,0 79.6524129677422,24.7010852176492,0 79.652483790572,24.7010858536643,0 79.6524837779323,24.7010850602318,0 79.6524836045886,24.7010826992178,0 79.65248329607,24.7010803497442,0 79.652482853224,24.7010780182655,0 79.6524822772673,24.7010757111867,0 79.6524815697821,24.7010734348458,0 79.652480732712,24.7010711954965,0 79.6524797683566,24.7010689992907,0 79.6524786793653,24.7010668522617,0 79.6524774687296,24.7010647603079,0 79.6524761397755,24.7010627291763,0 79.6524746961539,24.7010607644469,0 79.6524731418307,24.7010588715171,0 79.6524714810759,24.7010570555872,0 79.652469718452,24.7010553216459,0 79.6524678588013,24.7010536744568,0 79.6524659072325,24.7010521185449,0 79.6524638691071,24.7010506581847,0 79.6524617500241,24.701049297388,0 79.6524595558052,24.7010480398933,0 79.6524572924783,24.7010468891551,0 79.6524549662612,24.7010458483348,0 79.6524525835445,24.7010449202916,0 79.6524501508739,24.7010441075752,0 79.6524237367607,24.701035993437,0 79.6524208072239,24.7010345222162,0 79.6524072738728,24.7010021098654,0 79.652406495806,24.7010003575193,0 79.6524056380954,24.7009986364767,0 79.6524046380949,24.700996736477,0 79.6524034691059,24.7009946552511,0 79.6524021836857,24.7009926321339,0 79.6524007852852,24.700990672557,0 79.6523992776587,24.7009887817809,0 79.6523976648536,24.7009869648819,0 79.6523959511998,24.7009852267377,0 79.6523941412977,24.7009835720146,0 79.6523922400065,24.700982005155,0 79.6523902524304,24.7009805303653,0 79.6523881839053,24.7009791516049,0 79.6523860399846,24.7009778725752,0 79.652383826424,24.7009766967101,0 79.6523834264241,24.7009764967101,0 79.6523810983851,24.7009754048489,0 79.6523787103434,24.7009744271002,0 79.6523762689951,24.7009735662056,0 79.6523737811861,24.7009728245794,0 79.6523712538923,24.7009722043009,0 79.6523686942005,24.7009717071095,0 79.6523661092882,24.7009713343994,0 79.6523635064038,24.7009710872157,0 79.6523608928459,24.7009709662515,0 79.6523582759432,24.700970971846,0 79.6523556630337,24.7009711039836,0 79.6523530614441,24.7009713622936,0 79.6523504784696,24.7009717460518,0 79.6523350227173,24.7009744278724,0 79.6523151653435,24.7009730424746,0 79.6522970629325,24.7009660854697,0 79.6522946438697,24.7009652233994,0 79.6522921785818,24.7009644785952,0 79.6522896738746,24.7009638531135,0 79.652287136663,24.7009633486809,0 79.6522845739516,24.7009629666901,0 79.6522819928152,24.7009627081957,0 79.6522813899245,24.7009626769668,0 79.6522812111696,24.700962327116,0 79.6522799793885,24.7009602159454,0 79.6522329502838,24.7008845148719,0 79.6522329041499,24.7008838957359,0 79.6522326085162,24.7008816282743,0 79.6522321877626,24.7008793773691,0 79.6522316429654,24.7008771487784,0 79.652231549689,24.7008768412458,0 79.6522286218134,24.70085255718,0 79.652228268391,24.7008501989598,0 79.6522277794132,24.7008478610334,0 79.6522271562391,24.7008455498992,0 79.6522264006011,24.7008432719812,0 79.6522255145993,24.7008410336111,0 79.6522245006965,24.7008388410106,0 79.652223361711,24.7008367002742,0 79.6522221008086,24.7008346173521,0 79.6522207214941,24.7008325980341,0 79.6522192276015,24.700830647933,0 79.6522176232831,24.7008287724693,0 79.6522159129982,24.7008269768558,0 79.6522141015007,24.7008252660837,0 79.6522121938259,24.7008236449082,0 79.6522101952762,24.7008221178355,0 79.6522081114067,24.7008206891101,0 79.6522059480098,24.7008193627034,0 79.6522037110986,24.7008181423021,0 79.652201406891,24.7008170312984,0 79.6521990417916,24.7008160327805,0 79.6521966223744,24.7008151495238,0 79.6521941553643,24.7008143839835,0 79.6521916476186,24.7008137382872,0 79.6521891061077,24.7008132142299,0 79.6521865378959,24.7008128132682,0 79.6521839501218,24.7008125365166,0 79.6521813499782,24.7008123847443,0 79.6521787446925,24.7008123583732,0 79.6521761415063,24.7008124574766,0 79.6521735476552,24.700812681779,0 79.6521709703491,24.700813030657,0 79.6521684167518,24.7008135031408,0 79.6521658939612,24.7008140979171,0 79.6521634089895,24.7008148133328,0 79.652160968744,24.7008156473992,0 79.6521585800074,24.700816597798,0 79.6521562494195,24.7008176618875,0 79.6521539834582,24.70081883671,0 79.6521517884221,24.700820119,0 79.6521496704122,24.7008215051933,0 79.6521476353159,24.7008229914368,0 79.652136735317,24.7008313914345,0 79.6521348226212,24.7008329446311,0 79.6521330005014,24.7008345861993,0 79.6521312738437,24.7008363117373,0 79.6521296472781,24.7008381166179,0 79.6521281251664,24.7008399960013,0 79.6521267115904,24.7008419448478,0 79.6521254103404,24.7008439579314,0 79.652124224906,24.700846029854,0 79.6521231584659,24.7008481550595,0 79.6521222138799,24.7008503278491,0 79.652121393681,24.7008525423964,0 79.6521207000685,24.7008547927628,0 79.6521201349024,24.700857072914,0 79.6521196996982,24.7008593767356,0 79.6521193956231,24.7008616980497,0 79.6521192234923,24.7008640306315,0 79.6521191837675,24.7008663682262,0 79.6521192765553,24.7008687045654,0 79.6521195016067,24.700871033384,0 79.6521198583183,24.7008733484371,0 79.6521203457336,24.7008756435169,0 79.6521209625456,24.7008779124688,0 79.6521332549892,24.7009185965468,0 79.6521214577896,24.7009693584596,0 79.6521177322736,24.7009701646644,0 79.6520682866046,24.7009625768796,0 79.6520657151061,24.7009622454744,0 79.6520631281015,24.7009620379346,0 79.6520605327349,24.7009619548334,0 79.6520579361732,24.7009619964002,0 79.652055345587,24.7009621625203,0 79.65205276813,24.7009624527348,0 79.65205021092,24.7009628662425,0 79.6520476810185,24.7009634019013,0 79.6520451854119,24.7009640582321,0 79.6520427309919,24.7009648334224,0 79.6520403245361,24.7009657253315,0 79.6520379726902,24.7009667314964,0 79.6520356819485,24.7009678491387,0 79.6520334586372,24.7009690751719,0 79.6520313088957,24.7009704062104,0 79.6520292386605,24.7009718385785,0 79.6520272536487,24.7009733683208,0 79.6520253593418,24.7009749912129,0 79.6520235609709,24.7009767027731,0 79.6520218635022,24.7009784982751,0 79.6520202716232,24.7009803727605,0 79.65201878973,24.7009823210531,0 79.6520174219148,24.7009843377725,0 79.6520161719547,24.7009864173497,0 79.6520150433016,24.7009885540418,0 79.6520140390722,24.7009907419485,0 79.6520131620396,24.7009929750279,0 79.6520124146259,24.7009952471133,0 79.652011798895,24.7009975519304,0 79.6520113165472,24.7009998831144,0 79.6520109689146,24.7010022342278,0 79.6520107569571,24.7010045987781,0 79.65201068126,24.7010069702354,0 79.6520107420325,24.7010093420512,0 79.6520109391067,24.7010117076755,0 79.6520112719384,24.7010140605758,0 79.6520117396084,24.7010163942546,0 79.6520123408254,24.7010187022673,0 79.6520130739291,24.7010209782405,0 79.6520223739199,24.701047278243,0 79.6520232342109,24.7010495094946,0 79.6520242212537,24.7010516965162,0 79.6520253323385,24.7010538333034,0 79.6520256664159,24.7010543974812,0 79.6520255334642,24.7010543019405,0 79.6520234338947,24.70105294842,0 79.6520212601493,24.7010516964317,0 79.6520190181054,24.7010505493607,0 79.6520167138252,24.7010495103084,0 79.6520143535388,24.7010485820843,0 79.652011943628,24.701047767198,0 79.6520094906088,24.701047067853,0 79.6520070011137,24.7010464859399,0 79.6520044818737,24.7010460230324,0 79.6520019397004,24.7010456803818,0 79.6519993814673,24.7010454589148,0 79.6519968140915,24.7010453592301,0 79.6519942445144,24.7010453815973,0 79.6519916796839,24.7010455259558,0 79.6519891265346,24.7010457919154,0 79.6519865919699,24.7010461787569,0 79.6519840828426,24.7010466854344,0 79.651981605937,24.7010473105779,0 79.6519791679501,24.7010480524973,0 79.6519767754737,24.7010489091864,0 79.6519744349767,24.7010498783289,0 79.6519721527873,24.7010509573046,0 79.651969935076,24.701052143196,0 79.6519677878392,24.7010534327967,0 79.6519657168825,24.7010548226199,0 79.6519637278054,24.7010563089078,0 79.6519618259861,24.7010578876418,0 79.6519600165665,24.7010595545533,0 79.6519583044391,24.7010613051352,0 79.6519566942331,24.7010631346544,0 79.6519551903022,24.7010650381641,0 79.6519537967127,24.7010670105177,0 79.6519525172327,24.7010690463824,0 79.6519513553216,24.7010711402534,0 79.651950314121,24.7010732864695,0 79.6519493964461,24.7010754792276,0 79.6519486047781,24.7010777125989,0 79.6519479412575,24.701079980545,0 79.6519474076784,24.7010822769336,0 79.6519470054835,24.7010845955558,0 79.6519467357603,24.7010869301425,0 79.651946599238,24.7010892743814,0 79.6519465962858,24.7010916219342,0 79.6519473962742,24.701121021934,0 79.651947534125,24.7011234511233,0 79.65194781499,24.7011258700041,0 79.6519482380537,24.7011282715546,0 79.6519488020881,24.7011306488033,0 79.6519495054559,24.7011329948493,0 79.6519503461152,24.7011353028822,0 79.6519513216257,24.701137566202,0 79.6519520701173,24.7011390611421,0 79.6519517063792,24.7011396294277,0 79.6519505291299,24.7011417091777,0 79.6519494714885,24.7011438418876,0 79.6519485876461,24.7011459021327,0 79.6519481018414,24.7011461335836,0 79.651945859648,24.701147343141,0 79.6519446614823,24.7011480698644,0 79.6519445441918,24.701147923873,0 79.6519428696417,24.7011460574917,0 79.6519410883196,24.7011442755189,0 79.651939205315,24.701142583046,0 79.6519372260081,24.7011409849087,0 79.6519351560542,24.7011394856732,0 79.6519330013674,24.7011380896231,0 79.6519307681041,24.7011368007471,0 79.6519284626452,24.7011356227279,0 79.6519260915777,24.7011345589311,0 79.6519236616763,24.7011336123964,0 79.6519211798837,24.7011327858281,0 79.6519186532908,24.7011320815879,0 79.6519160891164,24.7011315016878,0 79.6519134946871,24.7011310477849,0 79.6519108774154,24.701130721176,0 79.6519098774157,24.7011306211761,0 79.6519074064528,24.7011304312529,0 79.6519049281722,24.7011303548005,0 79.6518670281858,24.7011300548012,0 79.6518644533701,24.7011300957183,0 79.6518618843833,24.7011302591121,0 79.6518593282014,24.701130544539,0 79.6518567917654,24.7011309512239,0 79.6518542819627,24.7011314780625,0 79.6518518056087,24.7011321236241,0 79.6518493694274,24.701132886156,0 79.6518469800343,24.7011337635873,0 79.6518446439174,24.7011347535356,0 79.6518423674203,24.7011358533128,0 79.6518401567246,24.7011370599325,0 79.6518380178333,24.7011383701181,0 79.6518359565544,24.7011397803122,0 79.6518339784849,24.7011412866853,0 79.6518320889964,24.701142885147,0 79.6518302932193,24.7011445713569,0 79.6518285960302,24.7011463407363,0 79.6518270020375,24.7011481884805,0 79.6518255155695,24.7011501095721,0 79.6518241406627,24.7011520987946,0 79.6518228810505,24.7011541507464,0 79.6518217401532,24.7011562598557,0 79.6518207210689,24.7011584203953,0 79.6518198265649,24.7011606264985,0 79.6518114265577,24.7011831264956,0 79.6518106641345,24.7011853558595,0 79.6518100289372,24.7011876182617,0 79.6518095226661,24.7011899076468,0 79.6518091466759,24.7011922178876,0 79.6518089019732,24.7011945428008,0 79.6518087892128,24.7011968761641,0 79.6518088086965,24.7011992117323,0 79.6518089603722,24.7012015432545,0 79.6518092438339,24.7012038644905,0 79.651809658323,24.7012061692278,0 79.6518102027302,24.7012084512979,0 79.6518108755983,24.701210704593,0 79.6518116751266,24.7012129230823,0 79.6518125991751,24.7012151008283,0 79.6518136452707,24.7012172320023,0 79.6518148106136,24.7012193109004,0 79.6518160920849,24.7012213319586,0 79.6518174862548,24.7012232897678,0 79.6518189893919,24.7012251790879,0 79.6518205974733,24.7012269948624,0 79.6518223061949,24.7012287322315,0 79.6518241109836,24.7012303865452,0 79.651826007009,24.7012319533759,0 79.6518279891964,24.7012334285301,0 79.6518300522408,24.7012348080597,0 79.6518321906206,24.7012360882724,0 79.6518343986125,24.7012372657419,0 79.651836670307,24.7012383373167,0 79.6518389996241,24.7012393001289,0 79.6518413803296,24.7012401516015,0 79.6518438060517,24.7012408894557,0 79.6518462702981,24.7012415117167,0 79.6518487664735,24.7012420167189,0 79.6518505209828,24.7012422855862,0 79.6518504815771,24.7012433753508,0 79.6518505455116,24.7012459067019,0 79.6518507646874,24.7012484307976,0 79.6518511384149,24.7012509396983,0 79.6518516655186,24.7012534255125,0 79.6518521169593,24.7012550581137,0 79.6518509307639,24.7012547885239,0 79.6518484068624,24.7012542785508,0 79.6518458572249,24.7012538898362,0 79.6518432888268,24.7012536234435,0 79.6518418629615,24.7012535442281,0 79.6518413082429,24.7012531494612,0 79.6518391218244,24.7012517596807,0 79.6518368566166,24.7012504795365,0 79.6518345192,24.7012493127474,0 79.6518144192044,24.7012399127505,0 79.6518120884991,24.7012388921346,0 79.6518097025718,24.7012379842354,0 79.6518072679488,24.7012371915363,0 79.6518047912896,24.7012365162054,0 79.6518022793686,24.7012359600902,0 79.6517997390568,24.7012355247118,0 79.6517971773027,24.701235211261,0 79.6517946011135,24.7012350205952,0 79.6517920175358,24.701234953236,0 79.6517894336367,24.7012350093676,0 79.6517868564839,24.7012351888364,0 79.6517842931267,24.7012354911517,0 79.6517817505767,24.7012359154863,0 79.6517792357886,24.7012364606798,0 79.6517767556411,24.7012371252407,0 79.6517743169183,24.7012379073513,0 79.6517719262908,24.7012388048723,0 79.6517695902977,24.7012398153486,0 79.6517673153288,24.7012409360163,0 79.6517651076067,24.70124216381,0 79.6517629731703,24.7012434953714,0 79.6517609178581,24.701244927058,0 79.6517589472918,24.701246454954,0 79.6517570668617,24.7012480748798,0 79.6517561397448,24.7012489616819,0 79.6517538475931,24.7012482261923,0 79.6517513584156,24.7012475592768,0 79.6517488343612,24.7012470126016,0 79.6517462823844,24.7012465876729,0 79.6517437095164,24.7012462856615,0 79.651741122846,24.7012461073994,0 79.6517385295002,24.7012460533778,0 79.651735936624,24.7012461237456,0 79.6517333513617,24.7012463183089,0 79.651730780836,24.7012466365316,0 79.6517282321295,24.701247077537,0 79.6517257122644,24.7012476401099,0 79.6517232281834,24.7012483227003,0 79.6517207867308,24.7012491234276,0 79.6517204953566,24.701249235083,0 79.6517182413336,24.7012481468506,0 79.6517158982336,24.7012471550012,0 79.651713501618,24.7012462763231,0 79.651711058031,24.7012455132155,0 79.6517085741453,24.7012448677623,0 79.6517060567434,24.7012443417259,0 79.6517035126994,24.7012439365428,0 79.6517009489601,24.7012436533194,0 79.6516983725262,24.701243492829,0 79.6516957904331,24.7012434555099,0 79.6516932097313,24.7012435414639,0 79.651690637468,24.7012437504565,0 79.651688080667,24.7012440819169,0 79.6516855463099,24.70124453494,0 79.6516830413173,24.7012451082887,0 79.6516805725293,24.7012458003975,0 79.6516781466873,24.7012466093764,0 79.6516757704153,24.7012475330165,0 79.6516734502021,24.7012485687956,0 79.6516711923834,24.7012497138854,0 79.6516690031245,24.701250965159,0 79.6516668884033,24.7012523191997,0 79.6516648539945,24.7012537723101,0 79.6516629054532,24.7012553205222,0 79.6516610481003,24.7012569596086,0 79.6516592870075,24.7012586850933,0 79.6516576269836,24.7012604922648,0 79.6516560725617,24.7012623761884,0 79.6516546279862,24.7012643317196,0 79.6516532972019,24.7012663535188,0 79.6516520838425,24.701268436065,0 79.6516509912214,24.7012705736716,0 79.651650022322,24.7012727605016,0 79.6516475592124,24.7012787664365,0 79.6516452599546,24.701278808175,0 79.651636228264,24.7012792160581,0 79.6516328605504,24.7012785564029,0 79.6516304714429,24.7012781443129,0 79.651628063041,24.7012778400675,0 79.6516256411742,24.701277644403,0 79.6516232117042,24.7012775577931,0 79.6516207805117,24.7012775804474,0 79.6516183534811,24.701277712311,0 79.6516131534829,24.701278112311,0 79.6516121758181,24.7012781964605,0 79.6516100758189,24.7012783964605,0 79.6516075964248,24.701278690685,0 79.6516051364926,24.7012790990908,0 79.6516027023188,24.7012796206324,0 79.6516003001339,24.7012802539749,0 79.6515979360863,24.7012809974973,0 79.6515956162272,24.7012818492965,0 79.6515933464943,24.7012828071922,0 79.6515911326972,24.7012838687325,0 79.6515889805023,24.7012850312004,0 79.6515868954184,24.7012862916205,0 79.6515680954216,24.7012982916172,0 79.6515660144264,24.701299695363,0 79.6515640166861,24.7013011966636,0 79.6515621076743,24.7013027914056,0 79.6515602926216,24.7013044752195,0 79.6515585765012,24.7013062434916,0 79.6515569640151,24.701308091377,0 79.6515554595815,24.7013100138127,0 79.6515540673224,24.7013120055312,0 79.6515527910526,24.7013140610753,0 79.651551634269,24.7013161748129,0 79.6515506001411,24.7013183409526,0 79.6515496915023,24.7013205535592,0 79.6515489108424,24.7013228065703,0 79.6515482603003,24.7013250938128,0 79.6515477416583,24.7013274090196,0 79.6515473563377,24.7013297458474,0 79.6515471053942,24.7013320978933,0 79.6515469895152,24.7013344587129,0 79.6515470090185,24.7013368218375,0 79.6515471638504,24.7013391807924,0 79.6515474535869,24.7013415291141,0 79.651547877434,24.7013438603684,0 79.6515484342304,24.7013461681678,0 79.6515491224505,24.701348446189,0 79.6515499402087,24.7013506881903,0 79.6515508852644,24.7013528880288,0 79.6515519550281,24.701355039677,0 79.6515531465688,24.7013571372396,0 79.6515544566217,24.7013591749692,0 79.6515558815973,24.7013611472827,0 79.6515574175914,24.701363048776,0 79.6515590603952,24.7013648742391,0 79.6515608055077,24.7013666186703,0 79.6515626481474,24.70136827729,0 79.6515645832654,24.7013698455536,0 79.6515666055597,24.7013713191642,0 79.6515687094893,24.7013726940841,0 79.6515708892895,24.7013739665462,0 79.6515731389878,24.7013751330639,0 79.6515754524201,24.7013761904411,0 79.6515778232477,24.7013771357805,0 79.6515802449748,24.7013779664921,0 79.6515827109658,24.7013786802996,0 79.6515828514782,24.7013787136919,0 79.6515576633467,24.7014037040008,0 79.6515576225833,24.7014026798812,0 79.6515573936547,24.7014003273529,0 79.6515570303698,24.7013979889808,0 79.6515565337228,24.7013956711644,0 79.6515559050729,24.701393380247,0 79.6515551461404,24.7013911224981,0 79.6515456157804,24.7013652066346,0 79.651544129505,24.7013497494331,0 79.6515438353789,24.701347398924,0 79.6515434068744,24.701345065718,0 79.6515428451681,24.701342756222,0 79.6515421518025,24.7013404767781,0 79.6515413286816,24.7013382336458,0 79.6515403780657,24.7013360329847,0 79.6515393025653,24.7013338808379,0 79.6515381051337,24.7013317831153,0 79.6515367890592,24.7013297455774,0 79.6515353579557,24.7013277738193,0 79.6515338157531,24.7013258732555,0 79.6515321666864,24.7013240491051,0 79.6515304152839,24.7013223063772,0 79.6515285663551,24.7013206498575,0 79.6515266249773,24.7013190840947,0 79.6515245964815,24.7013176133886,0 79.651522486438,24.7013162417777,0 79.6515203006411,24.7013149730286,0 79.6515180450931,24.7013138106253,0 79.6515157259879,24.7013127577598,0 79.6515133496937,24.7013118173232,0 79.6515109227359,24.7013109918982,0 79.6515084517792,24.7013102837512,0 79.6515059436087,24.7013096948269,0 79.6515034051121,24.7013092267426,0 79.6515008432601,24.7013088807836,0 79.6514982650878,24.7013086578999,0 79.6514956776748,24.7013085587035,0 79.6514930881262,24.7013085834669,0 79.6514905035532,24.7013087321221,0 79.6514879310529,24.7013090042608,0 79.6514853776897,24.7013093991357,0 79.6514831429507,24.7013098558847,0 79.6514811865491,24.7013084141385,0 79.6514790396485,24.7013069984529,0 79.6514768128326,24.7013056898435,0 79.6514745124938,24.7013044920667,0 79.6514721452352,24.7013034085607,0 79.6514697178521,24.7013024424359,0 79.6514672373126,24.7013015964656,0 79.6514647107371,24.7013008730781,0 79.651436210746,24.701293473081,0 79.6514337206781,24.7012928900308,0 79.6514312007925,24.7012924260546,0 79.6514286579071,24.7012920824077,0 79.6514260989019,24.7012918600199,0 79.6514235307006,24.7012917594929,0 79.6514209602517,24.7012917810987,0 79.6514183945099,24.7012919247788,0 79.6514158404171,24.7012921901446,0 79.6514133048837,24.7012925764779,0 79.6514107947699,24.7012930827335,0 79.6514083168669,24.7012937075418,0 79.6514058778792,24.7012944492122,0 79.6514034844056,24.701295305738,0 79.6514011429219,24.7012962748019,0 79.6513988597634,24.7012973537818,0 79.6513966411072,24.7012985397586,0 79.6513944929564,24.7012998295233,0 79.6513924211228,24.7013012195865,0 79.6513904312122,24.7013027061871,0 79.6513885286085,24.701304285303,0 79.6513867184592,24.7013059526617,0 79.6513850056621,24.7013077037519,0 79.6513833948513,24.701309533836,0 79.6513818903851,24.7013114379623,0 79.6513804963338,24.7013134109791,0 79.6513792164693,24.7013154475482,0 79.6513780542545,24.7013175421593,0 79.6513770128338,24.7013196891453,0 79.651376095025,24.7013218826973,0 79.6513753033112,24.7013241168803,0 79.6513746398345,24.7013263856495,0 79.6513741063901,24.7013286828665,0 79.6513737044213,24.7013310023159,0 79.6513612150359,24.7014175951774,0 79.6513609540694,24.7014178162517,0 79.6513591399398,24.7014195240831,0 79.6513574268379,24.701421316871,0 79.6513558195238,24.7014231896339,0 79.6513543224633,24.7014251371683,0 79.6513529398163,24.701427154063,0 79.6513516754243,24.7014292347138,0 79.6513505328005,24.7014313733397,0 79.6513495151199,24.7014335639984,0 79.65134862521,24.701435800603,0 79.6513478655436,24.701438076939,0 79.6513472382313,24.7014403866817,0 79.6513467450162,24.7014427234132,0 79.6513466062449,24.7014436377891,0 79.6513465712544,24.7014436654814,0 79.6513447006969,24.701445310735,0 79.6513429273149,24.701447043474,0 79.6513412560044,24.7014488589148,0 79.6513396913794,24.7014507520454,0 79.6513382377593,24.7014527176395,0 79.6513368991573,24.7014547502706,0 79.6513356792688,24.7014568443271,0 79.6513345814616,24.7014589940279,0 79.6513336087665,24.7014611934383,0 79.6513327638688,24.7014634364863,0 79.6513320491011,24.7014657169795,0 79.6513314664366,24.7014680286221,0 79.6513311868587,24.7014694835832,0 79.6513096549847,24.7014727705236,0 79.6513071368572,24.7014732165829,0 79.6513046474561,24.7014737814019,0 79.6513021934876,24.7014744634593,0 79.6512997815627,24.7014752609174,0 79.6512974181791,24.701476171628,0 79.6512951097037,24.7014771931376,0 79.6511676097356,24.7015373931199,0 79.6511653210041,24.701538544795,0 79.6511631021037,24.7015398053732,0 79.6511609592376,24.7015411713304,0 79.6511588983965,24.7015426388479,0 79.6511569253415,24.7015442038231,0 79.6511550455885,24.7015458618809,0 79.6511532643926,24.7015476083863,0 79.6511515867333,24.7015494384565,0 79.6511500173006,24.7015513469755,0 79.6511485604821,24.7015533286078,0 79.6511472203504,24.7015553778136,0 79.6511460006519,24.7015574888642,0 79.6511449047966,24.7015596558578,0 79.6511439358479,24.7015618727365,0 79.6511430965147,24.7015641333027,0 79.6511423891434,24.7015664312369,0 79.6511418157114,24.7015687601148,0 79.6511413778221,24.701571113426,0 79.6511410766994,24.7015734845915,0 79.6511409131852,24.7015758669825,0 79.6511408877367,24.7015782539388,0 79.651141000425,24.7015806387874,0 79.651141250935,24.7015830148612,0 79.6511416385665,24.7015853755177,0 79.6511421622359,24.7015877141574,0 79.651142820479,24.7015900242425,0 79.6511436114558,24.7015922993149,0 79.6511445329551,24.7015945330144,0 79.6511455824006,24.7015967190964,0 79.6511467568586,24.7015988514496,0 79.6511480530457,24.7016009241127,0 79.6511494673384,24.7016029312914,0 79.6511509957828,24.7016048673745,0 79.6512501957645,24.7017237673994,0 79.6512518109144,24.7017256020278,0 79.6512535285602,24.701727357241,0 79.6512553440308,24.7017290282656,0 79.651257252389,24.7017306105573,0 79.6512592484449,24.701732099813,0 79.6512613267704,24.7017334919827,0 79.6512634817133,24.7017347832804,0 79.6512657074132,24.7017359701943,0 79.6512679978174,24.7017370494966,0 79.6512703466971,24.7017380182522,0 79.6512727476644,24.7017388738265,0 79.65127519419,24.7017396138927,0 79.6512776796204,24.7017402364382,0 79.6512801971964,24.7017407397701,0 79.6512827400716,24.7017411225195,0 79.6512853013304,24.7017413836455,0 79.6512878740077,24.7017415224379,0 79.6512904511068,24.7017415385194,0 79.6512930256194,24.7017414318462,0 79.651295590544,24.7017412027083,0 79.6512981389053,24.701740851729,0 79.651300663773,24.7017403798627,0 79.6513031582806,24.7017397883926,0 79.6514191436724,24.7017093171346,0 79.651418879413,24.7017108773109,0 79.6514186169946,24.7017132503693,0 79.6514184921286,24.7017156327768,0 79.6514185051635,24.701718017884,0 79.6514186560631,24.7017203990337,0 79.6514189444059,24.7017227695801,0 79.6514193693874,24.7017251229067,0 79.6514199298214,24.7017274524454,0 79.6514206241436,24.701729751694,0 79.6514247241393,24.7017420516951,0 79.6514249860109,24.7017427727741,0 79.6514240741312,24.7017427532633,0 79.6514215092549,24.7017428200858,0 79.6514189516325,24.7017430084365,0 79.6514181682582,24.7017431037208,0 79.6514180788374,24.7017430727888,0 79.6514156034828,24.7017423499711,0 79.6514130899585,24.7017417470262,0 79.6514105452149,24.7017412656212,0 79.6514079762888,24.7017409070875,0 79.6514053902838,24.7017406724164,0 79.651402794351,24.7017405622569,0 79.6514001956685,24.7017405769135,0 79.6513976014223,24.7017407163458,0 79.6513950187862,24.7017409801681,0 79.6513924549017,24.701741367651,0 79.6513899168585,24.701741877723,0 79.6513874116748,24.7017425089735,0 79.6513849462782,24.7017432596572,0 79.6513825274859,24.701744127698,0 79.6513801619865,24.7017451106958,0 79.6513778563211,24.7017462059323,0 79.6513756168654,24.701747410379,0 79.6513734498121,24.7017487207051,0 79.6513713611534,24.7017501332875,0 79.651369356665,24.70175164422,0 79.6513674418898,24.7017532493245,0 79.6513656221227,24.7017549441626,0 79.6513639023955,24.7017567240475,0 79.6513622874639,24.7017585840577,0 79.6513607817934,24.7017605190496,0 79.6513593895477,24.7017625236726,0 79.6513581145764,24.7017645923835,0 79.6513526145742,24.7017740923819,0 79.6513514300403,24.7017762794377,0 79.6513503765829,24.7017785217653,0 79.6513494572794,24.7017808128142,0 79.6513486748152,24.7017831458918,0 79.6513480314762,24.7017855141825,0 79.6513475291417,24.7017879107679,0 79.6513471692792,24.7017903286471,0 79.65134695294,24.7017927607567,0 79.651346880756,24.7017951999919,0 79.6513468807518,24.7018057999917,0 79.6513469081316,24.7018069026153,0 79.6513425689186,24.7017963387049,0 79.6513416401047,24.7017942391425,0 79.6513405972168,24.7017921847691,0 79.6513394428787,24.7017901807532,0 79.6513381799947,24.701788232137,0 79.6513368117421,24.7017863438232,0 79.6513353415635,24.7017845205625,0 79.6513337731577,24.7017827669424,0 79.6513321104709,24.7017810873748,0 79.6513303576862,24.7017794860854,0 79.6513242576863,24.7017741860868,0 79.6513221847179,24.7017724840723,0 79.6513200100136,24.7017708915269,0 79.6513145100141,24.701767091528,0 79.6513123965133,24.7017657095746,0 79.6513102064045,24.7017644310423,0 79.6513079457457,24.7017632594674,0 79.6513056207896,24.7017621980906,0 79.6513032379672,24.7017612498476,0 79.6513008038692,24.7017604173612,0 79.6512983252283,24.701759702934,0 79.6512958089003,24.7017591085421,0 79.6512932618454,24.7017586358296,0 79.6512906911087,24.701758286104,0 79.6512881038006,24.7017580603327,0 79.6512855070778,24.7017579591401,0 79.6512829081226,24.7017579828061,0 79.6512803141237,24.7017581312652,0 79.651277732256,24.7017584041068,0 79.651275169661,24.7017588005763,0 79.6512726334266,24.701759319577,0 79.6512701305681,24.7017599596734,0 79.6512676680083,24.701760719095,0 79.6512652525585,24.7017615957412,0 79.6512628908999,24.7017625871872,0 79.6512605895648,24.7017636906908,0 79.6512583549186,24.7017649031997,0 79.6512561931422,24.70176622136,0 79.6512541102151,24.7017676415259,0 79.6512521118986,24.7017691597691,0 79.6512502037201,24.7017707718903,0 79.6512483909574,24.7017724734303,0 79.6512466786247,24.7017742596828,0 79.6512450714583,24.7017761257069,0 79.6512105714533,24.7018184256977,0 79.6512090557202,24.7018203912716,0 79.6512076566807,24.7018224277753,0 79.6512063783024,24.7018245294329,0 79.6512052242114,24.7018266902837,0 79.6512041976806,24.7018289041989,0 79.6512033016217,24.7018311648997,0 79.651202538576,24.701833465974,0 79.6512021644138,24.7018348574114,0 79.6511834803015,24.7018173387788,0 79.6511839378606,24.7018166254555,0 79.6511852304639,24.7018144788333,0 79.6511863936965,24.7018122713142,0 79.6511874241329,24.701810009399,0 79.6511883187384,24.7018076997487,0 79.6511885558509,24.7018069626464,0 79.6511890252814,24.7018067081904,0 79.6511911849836,24.7018053927418,0 79.6511932661014,24.7018039755134,0 79.6511952628932,24.701802460415,0 79.6511971698502,24.7018008516265,0 79.6511989817117,24.7017991535862,0 79.651200693479,24.7017973709786,0 79.6512023004297,24.7017955087217,0 79.6512037981304,24.701793571953,0 79.6512051824495,24.7017915660157,0 79.6512064495678,24.7017894964438,0 79.6512075959895,24.7017873689469,0 79.6512086185519,24.7017851893942,0 79.6512095144341,24.7017829637988,0 79.6512102811644,24.7017806983006,0 79.6512109166275,24.7017783991498,0 79.6512114190704,24.7017760726891,0 79.6512117871069,24.7017737253369,0 79.6512120197217,24.701771363569,0 79.6512121162731,24.7017689939012,0 79.6512123162666,24.7017522939008,0 79.6512122762578,24.7017499178202,0 79.6512120994485,24.7017475469544,0 79.6512117863285,24.7017451878719,0 79.6512113377654,24.7017428471089,0 79.651210755002,24.7017405311505,0 79.6512100396529,24.7017382464133,0 79.6512091936999,24.7017359992274,0 79.6512082194869,24.7017337958186,0 79.651207119713,24.7017316422917,0 79.6512058974252,24.7017295446133,0 79.65120455601,24.701727508595,0 79.6512030991838,24.7017255398779,0 79.651201530983,24.7017236439163,0 79.6511998557522,24.7017218259633,0 79.6511980781329,24.7017200910555,0 79.6511962030501,24.7017184439996,0 79.6511942356988,24.7017168893589,0 79.6511921815298,24.7017154314407,0 79.6511900462342,24.7017140742842,0 79.6511878357281,24.7017128216496,0 79.6511855561357,24.7017116770073,0 79.651183213773,24.7017106435287,0 79.6511808151295,24.701709724077,0 79.6511783668509,24.7017089211997,0 79.6511758757204,24.7017082371212,0 79.6511733486396,24.7017076737369,0 79.6511707926102,24.7017072326075,0 79.6511682147138,24.7017069149553,0 79.6511656220926,24.7017067216603,0 79.6511630219296,24.7017066532581,0 79.6511604214288,24.7017067099382,0 79.6511578277951,24.7017068915436,0 79.6511552482143,24.7017071975711,0 79.6511526898333,24.7017076271729,0 79.6511501597403,24.7017081791586,0 79.6511476649451,24.701708851999,0 79.6511452123596,24.70170964383,0 79.651142808779,24.7017105524576,0 79.6511404608626,24.7017115753646,0 79.6511381751153,24.7017127097168,0 79.6511359578701,24.7017139523714,0 79.65113381527,24.7017152998857,0 79.6511317532512,24.7017167485261,0 79.6511297775266,24.7017182942792,0 79.6511278935702,24.7017199328623,0 79.6511261066016,24.7017216597357,0 79.6511251299533,24.7017227090368,0 79.6511190106247,24.7017211708447,0 79.6511164852375,24.7017206009166,0 79.6511139305217,24.7017201531741,0 79.6511113535557,24.7017198288578,0 79.6511087614795,24.7017196288662,0 79.6511061614751,24.7017195537536,0 79.6511035607461,24.7017196037279,0 79.6511009664986,24.7017197786508,0 79.6510983859203,24.7017200780376,0 79.6510958261613,24.7017205010587,0 79.651093294314,24.7017210465421,0 79.6510907973933,24.7017217129764,0 79.6510883423174,24.7017224985152,0 79.6510859358887,24.7017234009819,0 79.6510835847747,24.7017244178761,0 79.6510812954896,24.7017255463802,0 79.6510790743763,24.7017267833675,0 79.6510769275889,24.7017281254107,0 79.6510748610756,24.7017295687914,0 79.6510728805619,24.7017311095103,0 79.6510709915354,24.7017327432987,0 79.6510691992299,24.7017344656297,0 79.6510675086115,24.7017362717313,0 79.6510659243643,24.7017381565993,0 79.6510644508778,24.7017401150113,0 79.6510630922347,24.7017421415411,0 79.6510618521993,24.7017442305738,0 79.6510607342074,24.7017463763213,0 79.6510597413566,24.7017485728384,0 79.6510588763979,24.7017508140391,0 79.6510581417278,24.7017530937138,0 79.6510575393819,24.7017554055462,0 79.6510570710291,24.7017577431307,0 79.651056737967,24.7017600999907,0 79.6510565411185,24.7017624695961,0 79.6510564810291,24.7017648453812,0 79.6510565578652,24.7017672207636,0 79.6510565995026,24.7017676825502,0 79.6510185582818,24.7017892299775,0 79.6510166781198,24.7017903497273,0 79.6510148555492,24.7017915463092,0 79.6510087555501,24.7017957463081,0 79.651007771662,24.7017964655305,0 79.6509938478274,24.7018003611186,0 79.6509934895743,24.7018003532366,0 79.6509908901697,24.7018004210468,0 79.6509882982683,24.7018006136768,0 79.650985721047,24.7018009305932,0 79.6509831656418,24.7018013709184,0 79.6509806391284,24.7018019334333,0 79.6509781485026,24.7018026165803,0 79.6509757006606,24.7018034184678,0 79.6509733023803,24.7018043368754,0 79.6509709603023,24.7018053692602,0 79.6509686809117,24.7018065127636,0 79.6509664705198,24.7018077642193,0 79.6509639705203,24.7018092642188,0 79.650961805746,24.7018106399828,0 79.6509597243847,24.7018121192792,0 79.650957732363,24.7018136978956,0 79.650955835353,24.7018153713372,0 79.6509540387564,24.7018171348391,0 79.6509523476886,24.7018189833796,0 79.650950766965,24.7018209116953,0 79.6509493010866,24.7018229142954,0 79.6509479542273,24.7018249854777,0 79.6509467302221,24.7018271193447,0 79.6509456325565,24.7018293098203,0 79.6509446643558,24.7018315506674,0 79.650943828377,24.7018338355052,0 79.6509431270004,24.701836157828,0 79.6509425622233,24.701838511023,0 79.6509421356537,24.7018408883897,0 79.6509418485062,24.7018432831588,0 79.6509417015986,24.7018456885113,0 79.6509416953492,24.7018480975983,0 79.6509418297756,24.7018505035599,0 79.6509421044953,24.7018528995454,0 79.6509425187259,24.7018552787325,0 79.6509430712879,24.7018576343465,0 79.6509443712861,24.7018625343468,0 79.6509444503804,24.7018628018439,0 79.6509388236891,24.7018661948225,0 79.6509288631799,24.7018690267319,0 79.6509269636692,24.7018687720444,0 79.6509243266427,24.7018685494573,0 79.6509216803505,24.7018684562385,0 79.6509190323917,24.7018684926558,0 79.6509163903704,24.7018686586046,0 79.6509137618733,24.7018689536084,0 79.6509111544486,24.70186937682,0 79.6509085755838,24.701869927024,0 79.6509060326845,24.7018706026406,0 79.6509035330528,24.7018714017296,0 79.6509010838668,24.7018723219964,0 79.6508986921597,24.7018733607982,0 79.6508963647996,24.7018745151519,0 79.6508941084696,24.7018757817429,0 79.6508919296493,24.7018771569338,0 79.6508898345953,24.7018786367756,0 79.6508878293238,24.7018802170188,0 79.6507606293325,24.7019860169913,0 79.6507587475247,24.7019876672577,0 79.6507569636553,24.7019894059348,0 79.6507552826945,24.7019912281786,0 79.6507537093255,24.7019931289121,0 79.6507522479319,24.7019951028396,0 79.6507509025854,24.7019971444616,0 79.6507496770342,24.7019992480899,0 79.6507485746928,24.7020014078635,0 79.6507475986324,24.7020036177652,0 79.6507467515726,24.7020058716379,0 79.6507460358732,24.702008163202,0 79.6507454535284,24.7020104860731,0 79.6507450061605,24.7020128337793,0 79.6507446950161,24.7020151997798,0 79.6507445209619,24.7020175774825,0 79.650744484483,24.702019960263,0 79.650744585681,24.7020223414825,0 79.6507448242739,24.7020247145068,0 79.650745199597,24.7020270727244,0 79.6507457106047,24.7020294095649,0 79.6507463558732,24.7020317185177,0 79.6507471336047,24.7020339931499,0 79.6507480416324,24.702036227124,0 79.6507490774264,24.7020384142159,0 79.6507502381009,24.7020405483323,0 79.6507515204223,24.7020426235271,0 79.6507529208176,24.7020446340187,0 79.6507544353854,24.7020465742057,0 79.6507560599059,24.7020484386825,0 79.650757789853,24.7020502222544,0 79.6507596204069,24.7020519199522,0 79.6507615464674,24.7020535270459,0 79.6507635626684,24.7020550390581,0 79.6507656633925,24.702056451776,0 79.6507678427869,24.7020577612637,0 79.6507700947795,24.7020589638729,0 79.650772413096,24.7020600562528,0 79.6507747912774,24.7020610353601,0 79.6507772226978,24.7020618984668,0 79.650779700583,24.7020626431682,0 79.6507822180293,24.7020632673896,0 79.6507847680229,24.7020637693916,0 79.6507873434591,24.7020641477758,0 79.6507899371626,24.7020644014879,0 79.650792541907,24.702064529821,0 79.6507951504352,24.7020645324175,0 79.6507977554796,24.7020644092703,0 79.6508003497821,24.7020641607225,0 79.6508029261149,24.7020637874664,0 79.6508054773,24.7020632905422,0 79.6508079962293,24.7020626713341,0 79.6508104758851,24.7020619315675,0 79.6508129093587,24.7020610733034,0 79.6508152898701,24.7020600989329,0 79.650817610787,24.7020590111709,0 79.650819865643,24.7020578130479,0 79.6509711956507,24.701972442572,0 79.6509868779251,24.7019707263983,0 79.6509895004165,24.7019703740017,0 79.6509920984526,24.701969893656,0 79.650994664559,24.7019692867431,0 79.6509971913533,24.7019685550091,0 79.650999671566,24.7019677005591,0 79.6510020980617,24.7019667258514,0 79.6510044638594,24.70196563369,0 79.6510067621529,24.7019644272172,0 79.6510089863302,24.7019631099037,0 79.6510111299924,24.7019616855396,0 79.6510131869723,24.7019601582226,0 79.6510151513521,24.7019585323466,0 79.6510203566583,24.7019539859404,0 79.6510223150959,24.7019543119603,0 79.6510248788636,24.7019546132432,0 79.6510274563684,24.7019547916503,0 79.6510300405586,24.7019548466935,0 79.6510326243642,24.7019547782221,0 79.6510352007164,24.7019545864237,0 79.6510377625667,24.7019542718228,0 79.6510403029061,24.7019538352802,0 79.6510428147848,24.7019532779903,0 79.6510452913305,24.7019526014775,0 79.6510477257679,24.7019518075929,0 79.6510501114367,24.7019508985082,0 79.65105244181,24.7019498767108,0 79.6510547105123,24.701948744996,0 79.651055955627,24.7019480442953,0 79.6510587158105,24.7019546661748,0 79.6510596412074,24.701956731302,0 79.6510606771721,24.7019587521343,0 79.6510867771586,24.7020065521413,0 79.6510880103856,24.7020086681152,0 79.6510893648173,24.7020107213066,0 79.6510908366349,24.7020127059267,0 79.6510924216889,24.7020146163801,0 79.6510941155102,24.7020164472805,0 79.6510959133235,24.7020181934658,0 79.6510978100599,24.7020198500129,0 79.6510998003718,24.7020214122513,0 79.6511018786478,24.7020228757765,0 79.6511040390283,24.7020242364621,0 79.6511062754224,24.7020254904719,0 79.6511085815249,24.7020266342704,0 79.6511109508339,24.7020276646326,0 79.6511133766694,24.7020285786537,0 79.651115852192,24.7020293737566,0 79.6511183704223,24.7020300476996,0 79.6511209242603,24.7020305985826,0 79.6511235065058,24.7020310248525,0 79.6511261098784,24.7020313253074,0 79.6511287270382,24.7020314991002,0 79.6511313506064,24.702031545741,0 79.6511339731861,24.7020314650982,0 79.6511365873833,24.7020312573992,0 79.6511391858273,24.7020309232296,0 79.6511417611923,24.7020304635315,0 79.6511443062173,24.702029879601,0 79.6511468137268,24.7020291730845,0 79.6512006137437,24.7020125730796,0 79.6512027768632,24.702011853955,0 79.6512049009802,24.7020110435903,0 79.6512069814862,24.7020101437436,0 79.6512110962778,24.7020082556467,0 79.6512110153852,24.7020086766675,0 79.651210699802,24.7020110531879,0 79.651210522556,24.7020134416492,0 79.6512104841457,24.7020158353356,0 79.651210584679,24.7020182275169,0 79.6512108238733,24.7020206114668,0 79.651211201056,24.7020229804824,0 79.6512117151667,24.7020253279027,0 79.6512123647597,24.7020276471272,0 79.6512131480087,24.7020299316351,0 79.6512145869727,24.7020337688764,0 79.6512178359734,24.7020507636848,0 79.650693896708,24.7024998139698,0 79.6506935256313,24.7024997292341,0 79.6506909872113,24.7024992769876,0 79.6506884263692,24.7024989466754,0 79.6506873043081,24.7024988563123,0 79.6506869266166,24.7024978274371,0 79.6506859743102,24.7024956240505,0 79.650684896802,24.7024934693301,0 79.6506836970588,24.7024913692083,0 79.6506763970558,24.7024793692103,0 79.6506750964797,24.7024773558782,0 79.6506736835659,24.7024754067479,0 79.6506721621029,24.7024735270456,0 79.6506705361703,24.7024717218114,0 79.6506688101277,24.7024699958857,0 79.6506669886031,24.7024683538962,0 79.6506650764806,24.7024668002457,0 79.6506630788872,24.7024653390999,0 79.6506610011792,24.7024639743766,0 79.6506588489275,24.7024627097352,0 79.6506566279029,24.7024615485664,0 79.6506543440608,24.7024604939838,0 79.6506520035248,24.702459548815,0 79.6506496125707,24.7024587155943,0 79.6506471776093,24.7024579965559,0 79.6506447051696,24.7024573936276,0 79.6506422018809,24.7024569084263,0 79.6506396744553,24.7024565422527,0 79.6506371296697,24.7024562960888,0 79.6506345743474,24.7024561705946,0 79.6506320153401,24.7024561661066,0 79.6506294595091,24.7024562826368,0 79.6506269137077,24.7024565198727,0 79.6506243847617,24.7024568771783,0 79.6506218794522,24.7024573535955,0 79.6506194044967,24.7024579478469,0 79.6506112426479,24.7024601154207,0 79.6506078160207,24.7024527139111,0 79.6506066805133,24.7024504389559,0 79.6506054088863,24.7024482249165,0 79.6506040050402,24.7024460785837,0 79.6506024732805,24.7024440065404,0 79.6506008183054,24.7024420151418,0 79.6505990451908,24.7024401104957,0 79.6505971593751,24.7024382984439,0 79.6505817593748,24.7024242984474,0 79.650579783797,24.7024225985101,0 79.6505777090469,24.7024210002111,0 79.6505755413818,24.7024195083706,0 79.6505732873388,24.7024181274879,0 79.6505709537159,24.7024168617274,0 79.6505685475509,24.7024157149064,0 79.6505660761003,24.7024146904837,0 79.6505283761102,24.7024001904888,0 79.6505259542664,24.7023993267945,0 79.6505234860543,24.7023985806474,0 79.6505209783047,24.7023979541124,0 79.650518437958,24.7023974489236,0 79.6505158720447,24.702397066479,0 79.6505132876661,24.7023968078371,0 79.6505106919746,24.7023966737138,0 79.6505080921541,24.7023966644801,0 79.6505054953995,24.7023967801617,0 79.6505029088977,24.7023970204384,0 79.6505003398069,24.7023973846452,0 79.6504977952371,24.7023978717742,0 79.6504952822308,24.7023984804772,0 79.6504928077426,24.7023992090695,0 79.650490378621,24.7024000555348,0 79.6504880015886,24.7024010175305,0 79.6504856832241,24.702402092394,0 79.6504834299436,24.7024032771508,0 79.6504812479833,24.7024045685219,0 79.6504791433819,24.7024059629333,0 79.6504771219638,24.702407456526,0 79.6504751893236,24.7024090451663,0 79.65047335081,24.7024107244576,0 79.6504716115111,24.7024124897523,0 79.6504699762406,24.7024143361649,0 79.6504402762368,24.7024497361571,0 79.6504387588819,24.7024516461155,0 79.6504373528504,24.7024536258989,0 79.6504360619842,24.7024556700976,0 79.6504348898107,24.7024577731259,0 79.6504338395327,24.7024599292373,0 79.65043291402,24.7024621325405,0 79.6504321158017,24.7024643770149,0 79.6504314470588,24.7024666565276,0 79.6504309096186,24.70246896485,0 79.6504305049497,24.7024712956746,0 79.6504302341578,24.7024736426326,0 79.6504300979828,24.7024759993109,0 79.650430096797,24.7024783592701,0 79.6504302306034,24.7024807160617,0 79.6504304990365,24.7024830632458,0 79.6504309013629,24.7024853944088,0 79.6504314364831,24.702487703181,0 79.6504321029351,24.7024899832536,0 79.6504328988977,24.7024922283965,0 79.650433822196,24.7024944324749,0 79.6504348703071,24.7024965894663,0 79.6504360403672,24.7024986934768,0 79.6504373291791,24.7025007387571,0 79.6504387332212,24.7025027197188,0 79.6504402486569,24.7025046309488,0 79.6504418713455,24.7025064672249,0 79.650443596853,24.7025082235294,0 79.6504454204644,24.7025098950633,0 79.6504473371969,24.7025114772592,0 79.6504493418131,24.7025129657939,0 79.6504514288355,24.7025143565999,0 79.6504521815345,24.702514805103,0 79.6504373567427,24.7025304292652,0 79.6504356885161,24.702532284941,0 79.6504341306514,24.7025342190216,0 79.6504326875557,24.7025362260355,0 79.6504313633115,24.7025383003051,0 79.650430161665,24.7025404359622,0 79.6504290860157,24.7025426269653,0 79.6504281394065,24.702544867116,0 79.6504273245154,24.7025471500771,0 79.6504266436476,24.7025494693901,0 79.6504260987293,24.7025518184938,0 79.6504256913021,24.7025541907427,0 79.6504254225186,24.7025565794257,0 79.6504252931391,24.7025589777855,0 79.6504253035297,24.7025613790371,0 79.650425453661,24.7025637763875,0 79.6504257431083,24.7025661630546,0 79.6504261710527,24.7025685322868,0 79.6504267362837,24.7025708773814,0 79.6504274372021,24.7025731917044,0 79.6504282718253,24.7025754687085,0 79.6504292377919,24.7025777019524,0 79.6504303323694,24.702579885118,0 79.6504332323679,24.7025852851188,0 79.6504344369278,24.7025873866023,0 79.6504357606519,24.7025894273853,0 79.6504371998857,24.7025914018338,0 79.6504387506558,24.7025933044966,0 79.6504404086808,24.7025951301211,0 79.6504421693833,24.7025968736669,0 79.6504440279024,24.7025985303205,0 79.6504459791071,24.7026000955083,0 79.6504480176105,24.7026015649091,0 79.6504501377847,24.7026029344661,0 79.6504523337763,24.7026042003984,0 79.6504545995228,24.7026053592109,0 79.6504569287688,24.7026064077043,0 79.6504593150838,24.7026073429841,0 79.6504617518796,24.7026081624681,0 79.6504642324289,24.7026088638939,0 79.6504667498832,24.702609445325,0 79.6504692972925,24.7026099051561,0 79.6504718676238,24.7026102421178,0 79.650474453781,24.7026104552799,0 79.6504770486243,24.7026105440537,0 79.6504796449898,24.7026105081942,0 79.6504800716565,24.7026104817789,0 79.6504812503898,24.7026112797634,0 79.6504834592582,24.7026126138652,0 79.650485743176,24.7026138379689,0 79.6504880955861,24.7026149485601,0 79.6504918472299,24.7026166049468,0 79.6504932385946,24.7026237776852,0 79.6504937537411,24.7026260822182,0 79.6504943995698,24.702628359114,0 79.6504951743279,24.7026306021922,0 79.6504960759124,24.7026328053647,0 79.6504971018762,24.7026349626513,0 79.6504982494345,24.7026370681967,0 79.6505100520356,24.7026573796625,0 79.6505049762179,24.7026617299276,0 79.650504675665,24.7026615720746,0 79.6505023143838,24.7026604811504,0 79.6504998925709,24.7026595072477,0 79.6504781925767,24.7026514072507,0 79.6504757329454,24.7026505581686,0 79.650473227362,24.7026498297969,0 79.6504706829192,24.7026492241975,0 79.6504681068198,24.7026487430848,0 79.6504655063563,24.7026483878207,0 79.65046288889,24.7026481594108,0 79.6504602618305,24.7026480585017,0 79.6504576326144,24.7026480853791,0 79.6504550086845,24.7026482399669,0 79.6504523974686,24.7026485218275,0 79.6504498063585,24.702648930163,0 79.6504472426891,24.7026494638175,0 79.6504447137177,24.7026501212803,0 79.6504422266032,24.7026509006903,0 79.6504397883863,24.7026517998412,0 79.6504374059689,24.7026528161875,0 79.6504350860952,24.7026539468523,0 79.6504328353323,24.7026551886348,0 79.6504306600517,24.7026565380198,0 79.6504285664111,24.7026579911876,0 79.6504265603372,24.7026595440244,0 79.6504246475089,24.7026611921345,0 79.6504228333408,24.7026629308524,0 79.6504211229687,24.7026647552562,0 79.6504199208004,24.7026661849817,0 79.6504172135852,24.7026521640579,0 79.6504166952845,24.7026455002259,0 79.6504164476881,24.7026431719339,0 79.6504160684123,24.7026408584833,0 79.6504155584753,24.7026385660849,0 79.6504149192463,24.7026363008933,0 79.6504141524413,24.7026340689899,0 79.6504132601191,24.7026318763667,0 79.6504122446752,24.7026297289103,0 79.6504111088359,24.702627632386,0 79.6504098556506,24.7026255924224,0 79.6504084884838,24.7026236144962,0 79.6504070110058,24.7026217039177,0 79.6504054271834,24.7026198658161,0 79.6504037412687,24.7026181051262,0 79.6504019577878,24.7026164265751,0 79.6504000815289,24.7026148346692,0 79.6503981175293,24.7026133336822,0 79.6503960710617,24.702611927644,0 79.6503939476204,24.7026106203293,0 79.6503917529062,24.7026094152479,0 79.6503894928112,24.7026083156351,0 79.6503871734033,24.702607324443,0 79.6503848009093,24.7026064443328,0 79.6503823816987,24.7026056776673,0 79.6503799222666,24.7026050265048,0 79.6503774292156,24.7026044925934,0 79.650374909239,24.7026040773665,0 79.6503723691022,24.702603781939,0 79.6503698156248,24.702603607104,0 79.6503672556621,24.7026035533308,0 79.650364696087,24.7026036207638,0 79.650362143771,24.7026038092219,0 79.6503596055666,24.7026041181993,0 79.650357088288,24.7026045468664,0 79.6503545986935,24.7026050940723,0 79.6503345987002,24.7026099940709,0 79.6503321091351,24.7026106685405,0 79.6503296617872,24.7026114615412,0 79.6503272634133,24.7026123708837,0 79.6503249206354,24.7026133940572,0 79.6503226399216,24.702614528237,0 79.6503204275688,24.7026157702916,0 79.6503182896852,24.7026171167917,0 79.6503162321734,24.7026185640197,0 79.6503142607141,24.7026201079801,0 79.6503123807503,24.7026217444098,0 79.6503105974725,24.702623468791,0 79.6503089158043,24.7026252763626,0 79.6503082174565,24.7026261122845,0 79.6503069731031,24.7026258393568,0 79.6503044243638,24.7026254080235,0 79.650301854374,24.7026250993674,0 79.6502992702039,24.7026249142377,0 79.650296678963,24.7026248531435,0 79.65029408778,24.702624916253,0 79.6502915037834,24.7026251033926,0 79.6502889340822,24.7026254140475,0 79.6502863857458,24.7026258473629,0 79.650283865785,24.7026264021468,0 79.6502813811324,24.7026270768729,0 79.6502789386235,24.702627869685,0 79.6502765449781,24.7026287784019,0 79.6502742067811,24.7026298005238,0 79.6502719304653,24.7026309332386,0 79.6502697222931,24.7026321734302,0 79.6502675883392,24.7026335176865,0 79.6502655344746,24.7026349623095,0 79.6502635663494,24.7026365033249,0 79.6502616893784,24.7026381364931,0 79.6502599087251,24.7026398573211,0 79.6502582292885,24.7026416610747,0 79.6502566556887,24.7026435427918,0 79.650255192255,24.7026454972953,0 79.6502538430133,24.7026475192084,0 79.6502526116757,24.7026496029685,0 79.6502515016295,24.702651742843,0 79.6502505159288,24.7026539329448,0 79.6502496572852,24.7026561672488,0 79.6502489280611,24.7026584396081,0 79.6502483302625,24.7026607437714,0 79.6502459156223,24.7026712742682,0 79.650222974518,24.7027158594236,0 79.6501731203373,24.7027488300715,0 79.6501710459557,24.7027502797803,0 79.650169058308,24.70275182758,0 79.6501671629459,24.7027534691476,0 79.650165365163,24.7027551998982,0 79.6501636699806,24.7027570149978,0 79.6501620821333,24.7027589093767,0 79.650160606056,24.7027608777441,0 79.6501592458714,24.7027629146023,0 79.6501580053784,24.7027650142622,0 79.6501568880419,24.7027671708596,0 79.6501558969824,24.7027693783711,0 79.6501550349681,24.702771630631,0 79.6501543044065,24.7027739213488,0 79.6501537073382,24.7027762441266,0 79.6501532454308,24.7027785924768,0 79.6501529199743,24.7027809598405,0 79.6501527318778,24.7027833396055,0 79.6501526816667,24.7027857251253,0 79.6501527694811,24.702788109737,0 79.6501529950759,24.7027904867804,0 79.6501533578209,24.7027928496165,0 79.650153856703,24.7027951916457,0 79.6501544903289,24.7027975063269,0 79.6501552569288,24.7027997871951,0 79.6501561543617,24.7028020278798,0 79.6501571801209,24.7028042221228,0 79.6501583313415,24.7028063637955,0 79.6501596048083,24.7028084469163,0 79.6501609969643,24.702810465667,0 79.6501625039214,24.7028124144092,0 79.6501641214705,24.7028142877,0 79.6501658450939,24.7028160803074,0 79.6501676699774,24.7028177872245,0 79.6501695910243,24.702819403684,0 79.6501761848379,24.7028246647074,0 79.6501699614824,24.7028248878885,0 79.6501674300849,24.702825038192,0 79.6501649104649,24.7028253069622,0 79.650162409261,24.7028256934908,0 79.6501599330636,24.7028261967595,0 79.650157488397,24.7028268154422,0 79.6501550817025,24.7028275479087,0 79.6501527193212,24.7028283922293,0 79.6501504074778,24.7028293461792,0 79.6501481522634,24.7028304072449,0 79.6501459596202,24.7028315726307,0 79.6501451839104,24.7028320351567,0 79.6501445631576,24.7028315366314,0 79.6501425686691,24.7028300940892,0 79.6501404955667,24.7028287472179,0 79.6501383493435,24.7028274995863,0 79.6501361356865,24.7028263545004,0 79.6501338604612,24.7028253149943,0 79.6501315296965,24.7028243838224,0 79.650129149568,24.7028235634521,0 79.6501267263827,24.7028228560571,0 79.6501242665613,24.7028222635118,0 79.6501217766215,24.7028217873863,0 79.6501192631611,24.7028214289423,0 79.6501167328401,24.7028211891294,0 79.6501141923631,24.7028210685832,0 79.6501116484617,24.702821067623,0 79.6501091078765,24.7028211862514,0 79.6501065773395,24.702821424154,0 79.65007687735,24.7028249241533,0 79.6500742879448,24.7028252933095,0 79.6500717236022,24.7028257873475,0 79.6500691915339,24.7028264048781,0 79.6500666988606,24.7028271441645,0 79.6500642525923,24.7028280031277,0 79.6500618596085,24.7028289793521,0 79.6500595266387,24.7028300700924,0 79.6500572602438,24.7028312722811,0 79.6500550667974,24.7028325825374,0 79.650052952468,24.7028339971765,0 79.6500509232016,24.7028355122202,0 79.650048984705,24.7028371234079,0 79.6500471424296,24.7028388262084,0 79.6500454015563,24.7028406158332,0 79.650043766981,24.7028424872494,0 79.6500422433003,24.7028444351941,0 79.6500408347993,24.7028464541892,0 79.6500395454389,24.702848538557,0 79.6500383788452,24.7028506824357,0 79.6500373839311,24.7028527834329,0 79.6500370738383,24.7028524796454,0 79.6500352665399,24.7028508806167,0 79.650033372501,24.7028493676881,0 79.6500313966307,24.7028479447807,0 79.6500293440502,24.7028466155825,0 79.6500272200794,24.7028453835387,0 79.6500173660953,24.7028399840964,0 79.6500174842766,24.7028383074356,0 79.6500175139822,24.7028359173697,0 79.6500174051812,24.7028335292173,0 79.6500171581786,24.7028311496722,0 79.6500167736666,24.7028287854043,0 79.6500162527232,24.7028264430407,0 79.6500116527164,24.7028082430419,0 79.6500110035347,24.7028059505686,0 79.650010551297,24.7028046410376,0 79.650010713576,24.7028045849036,0 79.6500131005686,24.7028036248096,0 79.6500154287923,24.7028025510111,0 79.6500176917625,24.7028013664987,0 79.6500198831763,24.7028000745716,0 79.6500219969303,24.7027986788279,0 79.6500240271374,24.7027971831552,0 79.6500259681429,24.702795591719,0 79.6500278145409,24.7027939089519,0 79.6500295611888,24.7027921395407,0 79.6500312032218,24.7027902884135,0 79.6500327360666,24.702788360726,0 79.6500630360605,24.7027480607176,0 79.6500644320681,24.702746096711,0 79.6500657147221,24.7027440692192,0 79.6500668805718,24.7027419836968,0 79.6500679264805,24.7027398457549,0 79.6500688496343,24.7027376611455,0 79.6500696475494,24.7027354357461,0 79.6500703180792,24.702733175544,0 79.6500708594197,24.70273088662,0 79.6500712701144,24.7027285751325,0 79.6500715490584,24.7027262473003,0 79.6500716955012,24.7027239093862,0 79.6500717090488,24.7027215676803,0 79.6500715896648,24.7027192284827,0 79.6500713376704,24.702716898087,0 79.6500709537435,24.7027145827629,0 79.6500704389172,24.7027122887395,0 79.6500697945764,24.7027100221889,0 79.6500690224548,24.7027077892089,0 79.6500681246298,24.7027055958074,0 79.6500671035168,24.7027034478854,0 79.6500659618631,24.7027013512218,0 79.6500647027403,24.7026993114576,0 79.6500633295358,24.7026973340805,0 79.6500618459444,24.7026954244105,0 79.6500602559573,24.7026935875856,0 79.6500585638525,24.7026918285475,0 79.6500567741824,24.7026901520289,0 79.6500548917619,24.7026885625401,0 79.6500529216557,24.7026870643578,0 79.6500508691641,24.7026856615126,0 79.6500487398092,24.7026843577787,0 79.6500465393198,24.7026831566639,0 79.6500442736164,24.7026820613995,0 79.6500419487945,24.7026810749323,0 79.650039571109,24.7026801999164,0 79.6500371469567,24.7026794387059,0 79.6500346828599,24.7026787933488,0 79.6500321854478,24.7026782655813,0 79.6500296614396,24.7026778568235,0 79.6500187614434,24.7026763568242,0 79.6500162635772,24.7026760723067,0 79.6500137530929,24.7026759043505,0 79.6500112365037,24.7026758533912,0 79.6500087203387,24.7026759195611,0 79.6500062111259,24.7026761026884,0 79.6500037153751,24.7026764022982,0 79.6500012395615,24.702676817613,0 79.6499987901083,24.7026773475555,0 79.6499963733704,24.7026779907506,0 79.6499939956178,24.7026787455296,0 79.6499768576557,24.7026846367055,0 79.6499752535352,24.7026830540585,0 79.6499733619199,24.7026813767715,0 79.6499713750935,24.7026797940164,0 79.6499692987092,24.7026783102968,0 79.6499671386752,24.7026769298344,0 79.6499649011375,24.7026756565571,0 79.6499625924626,24.7026744940877,0 79.6499602192197,24.702673445734,0 79.6499577881613,24.7026725144789,0 79.6499553062048,24.7026717029722,0 79.6499527804122,24.7026710135228,0 79.6499502179702,24.7026704480924,0 79.6499476261699,24.7026700082901,0 79.649945012386,24.702669695367,0 79.6499423840555,24.7026695102137,0 79.6499392086122,24.7026693642165,0 79.6499281758974,24.7026622978087,0 79.6499085987363,24.7026476615531,0 79.6499064884702,24.7026461689468,0 79.6499042930783,24.7026447825886,0 79.6499020189635,24.7026435065218,0 79.6498996727579,24.7026423444678,0 79.6498972613041,24.7026412998157,0 79.6498947916348,24.7026403756122,0 79.6498922709527,24.7026395745525,0 79.6498897066092,24.7026388989729,0 79.6498871060828,24.7026383508438,0 79.6498844769578,24.7026379317635,0 79.6498404769729,24.7026320317663,0 79.6498378909847,24.7026317483788,0 79.649835539314,24.7026316049183,0 79.6498355204241,24.7026311419815,0 79.6498352901454,24.7026287960687,0 79.649834926256,24.7026264643197,0 79.6498344297463,24.7026241530809,0 79.6498338019675,24.7026218686429,0 79.6498330446285,24.7026196172234,0 79.6498321597904,24.7026174049501,0 79.6498311498617,24.7026152378443,0 79.6498300175909,24.7026131218043,0 79.64982876606,24.7026110625894,0 79.6498273986753,24.7026090658042,0 79.6498272750465,24.7026089046231,0 79.6498192141398,24.7025919839934,0 79.6498181338369,24.7025898676646,0 79.6498169351969,24.702587805195,0 79.6498156214264,24.7025858021025,0 79.6498141960402,24.7025838637457,0 79.6498126628515,24.7025819953102,0 79.6498110259621,24.7025802017947,0 79.6498092897509,24.7025784879972,0 79.649807458863,24.7025768585027,0 79.6498007193575,24.7025711631474,0 79.6497811731538,24.7025539742792,0 79.6497791073545,24.7025522576695,0 79.6497769387145,24.7025506503982,0 79.6497746741586,24.7025491575976,0 79.6497723209176,24.7025477840343,0 79.6497698865057,24.7025465340941,0 79.6497648865068,24.7025441340949,0 79.6497625284555,24.7025430743366,0 79.6497601120727,24.7025421305878,0 79.6497576441911,24.702541305517,0 79.6497551317892,24.7025406014573,0 79.6497525819715,24.7025400203997,0 79.6497500019481,24.7025395639872,0 79.6497473990146,24.7025392335105,0 79.6497447805314,24.7025390299039,0 79.6497421539028,24.7025389537433,0 79.6497395265563,24.702539005244,0 79.6497369059213,24.7025391842604,0 79.6497342994081,24.7025394902863,0 79.6497317143873,24.7025399224563,0 79.6497291581687,24.7025404795484,0 79.6497266379804,24.7025411599872,0 79.649724160949,24.7025419618487,0 79.6497217340787,24.7025428828654,0 79.6497193642321,24.702543920433,0 79.6497179202684,24.7025445963312,0 79.6497086310139,24.7025236888278,0 79.6497091345425,24.7025207257486,0 79.6497094632261,24.7025183917885,0 79.6497096583419,24.7025160453534,0 79.64970971936,24.702513692818,0 79.6497096461144,24.7025113405739,0 79.6497094388043,24.7025089950117,0 79.6497090979928,24.7025066625037,0 79.6497086246059,24.7025043493871,0 79.6497080199297,24.7025020619461,0 79.649707285607,24.7024998063954,0 79.6497064236328,24.7024975888627,0 79.649705436349,24.7024954153729,0 79.6497043264378,24.7024932918309,0 79.6497030969147,24.7024912240058,0 79.6497017511201,24.7024892175158,0 79.6497002927102,24.7024872778119,0 79.6496987256474,24.7024854101641,0 79.649697054189,24.7024836196465,0 79.6496952828761,24.7024819111234,0 79.6496934165211,24.7024802892368,0 79.6496914601944,24.7024787583929,0 79.6496894192111,24.7024773227507,0 79.6496872991162,24.7024759862108,0 79.6496851056696,24.7024747524041,0 79.6496828448305,24.7024736246828,0 79.6496805227411,24.7024726061106,0 79.6496781457103,24.7024716994548,0 79.6496757201958,24.7024709071786,0 79.6496732527875,24.7024702314346,0 79.6496707501888,24.7024696740585,0 79.6496682191989,24.7024692365647,0 79.6496656666939,24.7024689201418,0 79.6496630996086,24.7024687256494,0 79.6496605249173,24.7024686536159,0 79.6496579496149,24.702468704237,0 79.6496553806981,24.7024688773753,0 79.6496528251462,24.7024691725602,0 79.649650289902,24.7024695889899,0 79.6496477818535,24.702470125533,0 79.6496453078146,24.7024707807318,0 79.6496428745067,24.7024715528062,0 79.6496404885407,24.7024724396586,0 79.6496381563988,24.7024734388797,0 79.6496358844171,24.7024745477547,0 79.6496336787681,24.7024757632711,0 79.6496315454442,24.7024770821264,0 79.64963035458,24.7024779041247,0 79.6496300627231,24.7025049691405,0 79.6496110552826,24.7025047980811,0 79.6496082397978,24.702511305999,0 79.6496073132788,24.702513632266,0 79.649606527724,24.7025160014287,0 79.6496058854953,24.7025184063644,0 79.6496053885234,24.7025208398425,0 79.6496050383027,24.702523294547,0 79.6496048358859,24.7025257630977,0 79.649600783549,24.7026038877959,0 79.6495341640932,24.702576364262,0 79.6495317652372,24.7025754418989,0 79.649529316553,24.7025746361878,0 79.6495268248323,24.7025739493634,0 79.6495242969861,24.7025733833307,0 79.6495217400255,24.7025729396595,0 79.6495191610426,24.7025726195805,0 79.6495165671904,24.7025724239815,0 79.649513965663,24.7025723534048,0 79.6495113636763,24.7025724080464,0 79.6495087684469,24.7025725877546,0 79.6495061871729,24.702572892031,0 79.6495036270138,24.7025733200316,0 79.6495010950704,24.7025738705694,0 79.6494985983653,24.7025745421174,0 79.6494961438232,24.702575332813,0 79.6494937382521,24.7025762404631,0 79.6494913883241,24.7025772625503,0 79.6494891005569,24.7025783962398,0 79.6494868812957,24.7025796383871,0 79.649484736696,24.702580985547,0 79.649482672706,24.7025824339831,0 79.6494806950503,24.7025839796779,0 79.6494788092142,24.7025856183445,0 79.6494770204281,24.7025873454377,0 79.6494753336536,24.7025891561674,0 79.6494737535688,24.7025910455113,0 79.6494722845565,24.7025930082292,0 79.649470930691,24.7025950388772,0 79.6494696957274,24.7025971318232,0 79.649468583091,24.7025992812623,0 79.6494675958677,24.7026014812326,0 79.6494667367959,24.7026037256326,0 79.6494660082581,24.702606008237,0 79.649465412275,24.7026083227149,0 79.6494649504998,24.7026106626468,0 79.6494646242131,24.7026130215428,0 79.6494644343199,24.7026153928602,0 79.649464381347,24.702617770022,0 79.6494644654412,24.7026201464349,0 79.6494646863694,24.7026225155077,0 79.6494650435188,24.7026248706695,0 79.6494655358988,24.7026272053881,0 79.6494661621437,24.702629513188,0 79.6494669205166,24.7026317876682,0 79.6494678089141,24.7026340225202,0 79.6494688248722,24.7026362115456,0 79.649469965573,24.7026383486727,0 79.6494712278526,24.7026404279742,0 79.6494726082101,24.7026424436828,0 79.6494741028169,24.7026443902078,0 79.6494757075275,24.7026462621504,0 79.6494774178911,24.7026480543185,0 79.649479229164,24.7026497617414,0 79.6494811363223,24.7026513796833,0 79.6494831340764,24.7026529036569,0 79.6494852168854,24.7026543294351,0 79.6495556230451,24.7026999312661,0 79.6495640792363,24.7027076456881,0 79.6495658862816,24.7027092131144,0 79.6495677775151,24.7027106953372,0 79.6495681953501,24.7027109907522,0 79.6495712726869,24.7027241393926,0 79.6495718605913,24.7027263720354,0 79.6495725720029,24.7027285744814,0 79.649573405081,24.7027307410327,0 79.6495743576705,24.702732866084,0 79.6495754273069,24.7027349441378,0 79.6495766112229,24.7027369698177,0 79.6495779063556,24.7027389378832,0 79.6495793093544,24.7027408432427,0 79.6495808165895,24.7027426809667,0 79.6495824241616,24.702744446301,0 79.6495841279118,24.7027461346783,0 79.6495859234321,24.7027477417307,0 79.6495878060775,24.7027492633004,0 79.6495897709773,24.7027506954512,0 79.6496116733829,24.7027658429137,0 79.649612092164,24.7027665274098,0 79.6496134372788,24.7027684837591,0 79.6496203654818,24.7027780100429,0 79.6496167462563,24.7027890831354,0 79.6496160762691,24.7027913456209,0 79.6496155357155,24.7027936368221,0 79.6496151260523,24.7027959505638,0 79.6496148483836,24.7027982806099,0 79.6496147034579,24.7028006206805,0 79.6496146916658,24.7028029644687,0 79.649614813039,24.7028053056575,0 79.6496150672504,24.702807637937,0 79.6496154536149,24.702809955021,0 79.6496159710912,24.7028122506647,0 79.6496166182846,24.7028145186809,0 79.6496173934507,24.7028167529567,0 79.6496182945004,24.7028189474703,0 79.649619319005,24.7028210963072,0 79.6496204642035,24.7028231936757,0 79.6496217270093,24.702825233923,0 79.6496231040188,24.7028272115502,0 79.6496245915207,24.7028291212272,0 79.649626185506,24.7028309578072,0 79.6496278816784,24.70283271634,0 79.6496296754666,24.7028343920862,0 79.6496315620359,24.7028359805292,0 79.6496335363015,24.7028374773878,0 79.6496355929425,24.7028388786278,0 79.6496377264158,24.7028401804725,0 79.6496399309713,24.7028413794131,0 79.6496422006672,24.7028424722183,0 79.6496445293862,24.7028434559428,0 79.649646910852,24.7028443279352,0 79.649649338646,24.7028450858452,0 79.6496518062249,24.7028457276303,0 79.649654306938,24.7028462515606,0 79.6496568340454,24.7028466562241,0 79.649659380736,24.7028469405301,0 79.649661940146,24.7028471037123,0 79.6496645053773,24.7028471453309,0 79.649667069516,24.7028470652738,0 79.6496696256512,24.7028468637567,0 79.6496721668937,24.7028465413228,0 79.6496746863943,24.702846098841,0 79.6496771773624,24.702845537504,0 79.6496796330844,24.7028448588247,0 79.6496820469415,24.7028440646322,0 79.649684412428,24.7028431570671,0 79.6496867231684,24.7028421385754,0 79.6496868533244,24.7028420733939,0 79.6496887909483,24.7028428341948,0 79.6496912397511,24.7028436587106,0 79.649693732786,24.7028443639783,0 79.6496962631002,24.7028449480311,0 79.649698823637,24.7028454092401,0 79.6497014072554,24.702845746319,0 79.6497040067501,24.7028459583277,0 79.6497066148715,24.7028460446751,0 79.6497092243459,24.7028460051203,0 79.6497118278957,24.7028458397737,0 79.6497144182601,24.7028455490962,0 79.6497169882149,24.7028451338987,0 79.6497195305928,24.702844595339,0 79.6497220383035,24.7028439349191,0 79.6497245043533,24.7028431544808,0 79.6497269218648,24.7028422562006,0 79.6497319218662,24.7028402562,0 79.6497342896135,24.7028392400512,0 79.6497365951841,24.7028381108669,0 79.6497388321174,24.7028368718113,0 79.6497409941457,24.7028355263561,0 79.6497430752106,24.7028340782715,0 79.6497450694809,24.7028325316151,0 79.6497469713685,24.7028308907207,0 79.6497487755442,24.7028291601863,0 79.6497504769526,24.7028273448609,0 79.6497520708263,24.7028254498311,0 79.649753552699,24.702823480407,0 79.649754346086,24.7028223637878,0 79.6497600509287,24.7028256981255,0 79.649775852419,24.7028408305028,0 79.6497762790991,24.7028434239241,0 79.6497715319622,24.7028478675891,0 79.6497697847636,24.7028495905642,0 79.6497681380136,24.7028513942156,0 79.6497665961693,24.702853273662,0 79.6497651634033,24.7028552238169,0 79.6497638435934,24.7028572394023,0 79.6497626403115,24.7028593149632,0 79.6497615568142,24.7028614448824,0 79.6497605960338,24.7028636233954,0 79.6497597605706,24.7028658446063,0 79.6497590526858,24.7028681025036,0 79.6497584742951,24.7028703909765,0 79.6497580269639,24.7028727038315,0 79.649757711903,24.7028750348091,0 79.6497575299649,24.7028773776006,0 79.6497574816421,24.7028797258656,0 79.6497575670653,24.7028820732487,0 79.6497577860035,24.7028844133969,0 79.649758137864,24.7028867399769,0 79.6497586216946,24.7028890466919,0 79.6497592361859,24.7028913272991,0 79.6497599796747,24.7028935756262,0 79.649760850149,24.7028957855884,0 79.6497618452529,24.7028979512045,0 79.6497629622932,24.7029000666136,0 79.6497641982468,24.7029021260905,0 79.6497655497687,24.7029041240613,0 79.649767013201,24.7029060551189,0 79.6497685845833,24.7029079140369,0 79.6497702596627,24.7029096957845,0 79.6497720339057,24.7029113955393,0 79.6497739025105,24.7029130087013,0 79.64977586042,24.7029145309045,0 79.6497779023352,24.7029159580293,0 79.6497800227299,24.7029172862132,0 79.6497822158655,24.7029185118616,0 79.6497844758063,24.7029196316575,0 79.6497867964362,24.7029206425703,0 79.6497891714745,24.7029215418639,0 79.6497915944934,24.7029223271046,0 79.6497928750739,24.7029226747648,0 79.6497922001895,24.7029236605504,0 79.6497908326663,24.7029257849088,0 79.6497895940726,24.7029279742725,0 79.6497884880992,24.7029302221178,0 79.6497875180418,24.7029325217463,0 79.649786686791,24.7029348663055,0 79.6497859968239,24.7029372488091,0 79.6497854501962,24.7029396621576,0 79.6497850485371,24.7029420991596,0 79.6497847930433,24.7029445525532,0 79.6497846844761,24.7029470150278,0 79.6497843858882,24.702968064893,0 79.6497830010279,24.7029717933591,0 79.6497822542348,24.7029739856485,0 79.6497786542309,24.7029855856472,0 79.6497779969423,24.7029879440502,0 79.6497774797199,24.7029903313827,0 79.6497771040665,24.7029927407077,0 79.6497768710738,24.7029951650244,0 79.6497767814187,24.7029975972883,0 79.6497768353617,24.7030000304318,0 79.6497770327462,24.7030024573849,0 79.6497773729986,24.7030048710953,0 79.6497778551302,24.7030072645495,0 79.64977847774,24.7030096307926,0 79.649779239019,24.7030119629489,0 79.649780136755,24.7030142542419,0 79.6497811683394,24.7030164980134,0 79.6497823307748,24.7030186877438,0 79.6497890307716,24.7030304877456,0 79.6497902815399,24.7030325562728,0 79.649791649075,24.703034562178,0 79.6497931296302,24.7030364999654,0 79.649794719149,24.7030383643258,0 79.6497964132763,24.7030401501512,0 79.6497976132763,24.7030413501515,0 79.649799341879,24.7030429934648,0 79.6498011590583,24.703044554992,0 79.6498030601834,24.703046030754,0 79.6498050404094,24.7030474169897,0 79.64980709469,24.7030487101668,0 79.6498092177902,24.7030499069895,0 79.6498114042996,24.703051004408,0 79.649813648646,24.7030519996257,0 79.64981594511,24.7030528901063,0 79.6498182878394,24.7030536735806,0 79.6498220189515,24.7030548246686,0 79.6498220548539,24.7030553913336,0 79.6498223406447,24.7030577479095,0 79.649822761469,24.703060087529,0 79.6498233161663,24.7030624037394,0 79.6498240032066,24.7030646901522,0 79.6498248206951,24.7030669404614,0 79.6498257663769,24.7030691484605,0 79.649826837644,24.7030713080596,0 79.6498280315417,24.7030734133024,0 79.649829344777,24.7030754583826,0 79.6498307737281,24.7030774376595,0 79.6498323144537,24.7030793456742,0 79.6498339627044,24.7030811771643,0 79.6498357139343,24.7030829270784,0 79.6498375633133,24.70308459059,0 79.6498395057406,24.7030861631111,0 79.649841535859,24.7030876403045,0 79.6498436480692,24.703089018096,0 79.6498458365455,24.7030902926857,0 79.649848095252,24.703091460558,0 79.649850417959,24.7030925184918,0 79.6498527442827,24.703093442138,0 79.6498447025742,24.7031247369332,0 79.6498425268761,24.7031324937596,0 79.6498419564499,24.7031347709333,0 79.649841515724,24.7031370720133,0 79.6498412058782,24.7031393908387,0 79.6498410277422,24.7031417212013,0 79.6498409817929,24.7031440568618,0 79.6498410681533,24.7031463915669,0 79.6498412865922,24.7031487190657,0 79.6498416365247,24.7031510331268,0 79.6498418469787,24.7031520380841,0 79.6498382002525,24.7031570670344,0 79.6498368596533,24.7031590225251,0 79.649835630168,24.7031610380322,0 79.6498345150079,24.7031631082913,0 79.6498335170858,24.7031652278948,0 79.6498326390082,24.7031673913065,0 79.6498318830686,24.7031695928756,0 79.6498312512416,24.7031718268518,0 79.6498307451774,24.7031740873998,0 79.6498303661979,24.7031763686153,0 79.649830115293,24.7031786645398,0 79.649829993118,24.7031809691764,0 79.6498297962743,24.7031888428012,0 79.6498296377815,24.703189041153,0 79.6498282295655,24.7031910114669,0 79.6498269356388,24.7031930461335,0 79.6498257595164,24.7031951396254,0 79.6498247043935,24.7031972862553,0 79.6498237731363,24.7031994801918,0 79.6498229682748,24.7032017154747,0 79.6498222919954,24.7032039860315,0 79.6498217461354,24.7032062856942,0 79.6498213321777,24.7032086082153,0 79.6498210512469,24.7032109472855,0 79.649820904106,24.7032132965504,0 79.649820891155,24.703215649628,0 79.6498210124288,24.7032180001258,0 79.6498212675982,24.7032203416585,0 79.6498216559699,24.7032226678649,0 79.6498221764889,24.7032249724257,0 79.6498228277411,24.7032272490803,0 79.6498236079573,24.7032294916439,0 79.649824515018,24.7032316940242,0 79.649825546459,24.7032338502382,0 79.6498266994784,24.7032359544284,0 79.6498279709438,24.7032380008785,0 79.6498293574011,24.7032399840289,0 79.6498308550839,24.7032418984924,0 79.6498324599235,24.7032437390679,0 79.6498341675602,24.7032455007553,0 79.649835973355,24.7032471787689,0 79.6498378724023,24.70324876855,0 79.6498392992583,24.7032498436282,0 79.649839347271,24.7032500106019,0 79.6498447808049,24.7032670738253,0 79.649858149874,24.7033160282801,0 79.6498588416741,24.703318305877,0 79.6498596630102,24.7033205472764,0 79.6498606116311,24.7033227463345,0 79.6498616849367,24.7033248970236,0 79.6498628799849,24.7033269934487,0 79.6498641935002,24.7033290298633,0 79.6498656218821,24.7033310006858,0 79.6498671612154,24.7033329005139,0 79.6498688072809,24.7033347241402,0 79.6498705555665,24.7033364665662,0 79.6498724012802,24.7033381230157,0 79.6498743393629,24.7033396889484,0 79.6498763645022,24.7033411600721,0 79.6498784711473,24.7033425323544,0 79.6498806535236,24.7033438020337,0 79.6498829056494,24.70334496563,0 79.6498852213514,24.7033460199537,0 79.6498875942823,24.703346962115,0 79.6498900179378,24.7033477895313,0 79.6498924856746,24.7033484999346,0 79.6498938384856,24.7033488193333,0 79.6498918427371,24.7033523678231,0 79.6498907227039,24.7033544942156,0 79.6498897258219,24.7033566711659,0 79.6498888548144,24.7033588927267,0 79.6498881120612,24.7033611528285,0 79.6498874995913,24.7033634452968,0 79.6498870190782,24.7033657638685,0 79.6498866718345,24.7033681022094,0 79.6498864588089,24.7033704539311,0 79.6498863805835,24.7033728126086,0 79.6498864373719,24.7033751717982,0 79.649886629019,24.7033775250544,0 79.6498869550013,24.7033798659481,0 79.6498874144281,24.7033821880841,0 79.6498880060443,24.7033844851183,0 79.6498887282337,24.7033867507752,0 79.6498895790232,24.703388978865,0 79.6498905560884,24.7033911633005,0 79.64989165676,24.7033932981139,0 79.6498928780311,24.7033953774728,0 79.649894216565,24.7033973956965,0 79.649895668705,24.7033993472712,0 79.6498972304837,24.7034012268651,0 79.6498988976344,24.7034030293433,0 79.6499006656024,24.7034047497812,0 79.6499025295577,24.7034063834787,0 79.6499044844079,24.7034079259726,0 79.6499065248124,24.7034093730487,0 79.6499086451968,24.7034107207536,0 79.6499108397681,24.7034119654053,0 79.6499131025309,24.7034131036036,0 79.6499154273033,24.7034141322388,0 79.6499178077339,24.7034150485006,0 79.6499202373194,24.703415849886,0 79.6499227094222,24.7034165342054,0 79.6499252172885,24.7034170995893,0 79.6499277540669,24.703417544493,0 79.6499303128267,24.7034178677012,0 79.6499328865775,24.7034180683308,0 79.6499354682878,24.7034181458336,0 79.6499380509044,24.703418099998,0 79.6499406273714,24.7034179309492,0 79.6499431906501,24.7034176391489,0 79.6499457337375,24.7034172253944,0 79.6499482496859,24.7034166908161,0 79.6499941550062,24.703405774311,0 79.6499931875244,24.7034068221786,0 79.6499915987705,24.7034087418377,0 79.6499901242473,24.7034107361088,0 79.6499887681449,24.7034127993252,0 79.6499875343164,24.7034149256243,0 79.6499864262679,24.7034171089643,0 79.6499854471478,24.7034193431414,0 79.6499852692291,24.7034198215609,0 79.6499832282827,24.7034203219862,0 79.6499807371195,24.7034210641653,0 79.6499782925183,24.7034219259223,0 79.6499759013514,24.7034229048345,0 79.649973570341,24.7034239981502,0 79.64997130604,24.7034252027956,0 79.6499691148138,24.7034265153844,0 79.6499670028226,24.7034279322264,0 79.6499649760037,24.7034294493386,0 79.6499630400547,24.7034310624562,0 79.6499612004182,24.7034327670441,0 79.6499481004181,24.703445567041,0 79.6499463902731,24.7034473278813,0 79.6499447829198,24.7034491677587,0 79.6499432827281,24.7034510816714,0 79.6499418937765,24.7034530644159,0 79.649940619841,24.703455110602,0 79.6499394643851,24.7034572146668,0 79.6499384305501,24.7034593708899,0 79.6499375211465,24.7034615734094,0 79.6499367386469,24.7034638162374,0 79.6499360851785,24.7034660932763,0 79.6499355625178,24.7034683983357,0 79.649935172086,24.703470725149,0 79.6499349149443,24.7034730673903,0 79.6499347917919,24.7034754186918,0 79.6499348029636,24.7034777726612,0 79.6499349484291,24.7034801228988,0 79.6499352277928,24.7034824630151,0 79.6499356402953,24.7034847866482,0 79.6499361848152,24.7034870874809,0 79.6499368598721,24.7034893592579,0 79.6499376636307,24.7034915958032,0 79.6499385939059,24.7034937910363,0 79.6499396481686,24.703495938989,0 79.6499408235526,24.7034980338219,0 79.6499421168625,24.7035000698398,0 79.6499435245822,24.7035020415075,0 79.6499450428846,24.7035039434646,0 79.6499466676419,24.7035057705404,0 79.6499483944371,24.7035075177678,0 79.6499502185754,24.7035091803964,0 79.6499521350978,24.7035107539064,0 79.6499541387938,24.7035122340197,0 79.649956224216,24.7035136167125,0 79.6499661957836,24.7035198721693,0 79.6499684098436,24.7035224229309,0 79.6499683854399,24.7035242638628,0 79.6499684954338,24.7035266826435,0 79.6499687471944,24.7035290925606,0 79.6499691399977,24.7035314866848,0 79.6499696727144,24.7035338581323,0 79.6499703438127,24.7035362000843,0 79.649971151363,24.703538505807,0 79.6499720930433,24.7035407686706,0 79.649973166146,24.7035429821688,0 79.6499742559095,24.7035449393682,0 79.6499725267158,24.7035455510135,0 79.6499701106814,24.7035465447184,0 79.6499677564177,24.7035476552863,0 79.649965470692,24.7035488795248,0 79.6499632600745,24.7035502139151,0 79.6499611309197,24.7035516546213,0 79.6499590893478,24.7035531975022,0 79.6499571412273,24.7035548381228,0 79.6499552921579,24.7035565717671,0 79.6499535474549,24.7035583934519,0 79.6499519121333,24.7035602979407,0 79.6499503908939,24.7035622797591,0 79.6499489881094,24.7035643332104,0 79.6499477078122,24.703566452392,0 79.6499465536824,24.7035686312122,0 79.6499460705216,24.7035696837814,0 79.6499451928738,24.7035702518406,0 79.6499431799306,24.7035717036866,0 79.6499412521467,24.7035732489769,0 79.6499394147139,24.7035748835496,0 79.6499376725809,24.7035766030026,0 79.6499360304395,24.7035784027049,0 79.6499344927124,24.7035802778097,0 79.6499330635409,24.7035822232669,0 79.6499317467743,24.7035842338369,0 79.6499305459587,24.703586304105,0 79.6499294643282,24.7035884284954,0 79.649927564327,24.7035924284948,0 79.6499265806115,24.7035946605522,0 79.6499257284674,24.7035969373179,0 79.6499250103152,24.7035992523247,0 79.6499244281948,24.7036015989968,0 79.6499239837598,24.7036039706684,0 79.6499236782727,24.7036063606027,0 79.6499235126011,24.703608762011,0 79.6499234872157,24.7036111680721,0 79.6499236021885,24.7036135719515,0 79.6499238571931,24.7036159668209,0 79.6499242515051,24.7036183458776,0 79.6499247840044,24.7036207023639,0 79.6499254531785,24.703623029586,0 79.6499262571265,24.7036253209336,0 79.6499271935649,24.7036275698978,0 79.6499282598336,24.7036297700905,0 79.6499294529039,24.703631915262,0 79.6499307693869,24.7036339993188,0 79.6499322055431,24.7036360163412,0 79.649933757293,24.7036379605997,0 79.6499354202288,24.7036398265715,0 79.6499497202273,24.703655026575,0 79.6499504646124,24.7036557997938,0 79.6499570646119,24.7036624997953,0 79.6499572390022,24.7036626678435,0 79.649954347428,24.7036642465295,0 79.6499521741285,24.7036655043345,0 79.6499500754267,24.7036668637564,0 79.6499480570104,24.7036683211111,0 79.6499461243496,24.703669872449,0 79.6499442826821,24.7036715135657,0 79.6499425369989,24.7036732400138,0 79.649940892031,24.7036750471144,0 79.6499393522365,24.70367692997,0 79.6499379217883,24.703678883478,0 79.6499366045631,24.7036809023441,0 79.6499354041307,24.703682981097,0 79.6499343237444,24.7036851141032,0 79.6499333663322,24.7036872955819,0 79.6499325344888,24.7036895196211,0 79.6499318304685,24.7036917801935,0 79.6499252304603,24.703715280191,0 79.6499246671487,24.7037175216069,0 79.6499242295094,24.7037197863197,0 79.6499239186777,24.703722068453,0 79.6499237354604,24.7037243620851,0 79.6499236803328,24.7037266612647,0 79.649923753438,24.7037289600258,0 79.6499239545862,24.7037312524038,0 79.6499242832557,24.7037335324503,0 79.6499249486769,24.7037373873132,0 79.6499245363817,24.7037384436225,0 79.6499238026306,24.7037406840652,0 79.6499231968587,24.7037429562119,0 79.6499227206912,24.7037452539659,0 79.6499223754058,24.7037475711621,0 79.6499221619289,24.7037499015832,0 79.6499220808334,24.7037522389762,0 79.6499221323368,24.7037545770697,0 79.649922316301,24.70375690959,0 79.6499226322324,24.7037592302788,0 79.6499230792832,24.7037615329093,0 79.6499236562541,24.7037638113031,0 79.6499243615968,24.7037660593471,0 79.6499251934189,24.7037682710093,0 79.6499261494885,24.7037704403556,0 79.6499272272402,24.7037725615653,0 79.6499283733759,24.7037745418547,0 79.6499275623685,24.7037750115277,0 79.6499254643205,24.7037763713403,0 79.6499234465702,24.7037778290433,0 79.6499215145845,24.703779380687,0 79.6499196735982,24.7037810220672,0 79.6499179285994,24.7037827487366,0 79.6499162843162,24.7037845560169,0 79.6499147452038,24.7037864390112,0 79.6499133154323,24.7037883926175,0 79.6499119988758,24.7037904115427,0 79.6499107991014,24.7037924903164,0 79.64990971936,24.7037946233061,0 79.649908762577,24.7037968047327,0 79.6499079313449,24.7037990286855,0 79.6499072279158,24.7038012891387,0 79.6499066541959,24.7038035799678,0 79.6499062117395,24.7038058949655,0 79.6499059017454,24.7038082278596,0 79.6499057250537,24.7038105723291,0 79.6499056821431,24.7038129220216,0 79.6499057731298,24.7038152705707,0 79.6499059977672,24.7038176116129,0 79.6499063554469,24.7038199388053,0 79.6499068451997,24.7038222458423,0 79.6499074656985,24.703824526473,0 79.6499082152622,24.7038267745181,0 79.6499090918598,24.7038289838865,0 79.6499100931161,24.703831148592,0 79.6499112163184,24.7038332627692,0 79.6499124584232,24.7038353206899,0 79.6499138160652,24.703837316778,0 79.6499152855658,24.7038392456253,0 79.6499168629434,24.7038411020055,0 79.6499185439241,24.7038428808887,0 79.6499203239533,24.7038445774552,0 79.649922198208,24.7038461871079,0 79.64992416161,24.7038477054857,0 79.6499262088394,24.7038491284745,0 79.6499271357687,24.7038497057558,0 79.6499269183107,24.7038502770904,0 79.6499262067186,24.7038525119032,0 79.6499261743571,24.7038526373108,0 79.6499231418844,24.7038567724986,0 79.6499217492987,24.7038587842112,0 79.6499204747075,24.7038608601756,0 79.6499193216534,24.7038629946215,0 79.6499182933415,24.7038651816161,0 79.64991739263,24.7038674150806,0 79.6499166220226,24.7038696888068,0 79.6499159836612,24.7038719964749,0 79.6499154793201,24.7038743316704,0 79.6499151104012,24.7038766879026,0 79.64991487793,24.7038790586222,0 79.6499147825527,24.7038814372396,0 79.6499148245343,24.7038838171433,0 79.6499150037581,24.7038861917183,0 79.6499151542287,24.7038873168597,0 79.6498905866794,24.7039307895215,0 79.6498894715593,24.7039328948004,0 79.6498884772804,24.7039350500095,0 79.6498876065109,24.7039372493649,0 79.6498868615879,24.7039394869642,0 79.6498862445103,24.7039417568024,0 79.6498857569342,24.7039440527882,0 79.6498854001682,24.7039463687598,0 79.6498851751696,24.703948698502,0 79.6498850825423,24.7039510357624,0 79.6498851225349,24.7039533742687,0 79.6498852950401,24.7039557077452,0 79.6498855995948,24.7039580299295,0 79.6498860353819,24.7039603345896,0 79.6498866012318,24.7039626155407,0 79.6498872956259,24.7039648666615,0 79.6498881167008,24.7039670819106,0 79.649889062253,24.7039692553432,0 79.6498901297449,24.7039713811263,0 79.6498913163117,24.7039734535552,0 79.6498926187691,24.7039754670681,0 79.6498940336218,24.7039774162614,0 79.6498955570727,24.7039792959042,0 79.6498971850334,24.7039811009521,0 79.6498989131351,24.703982826561,0 79.6499007367401,24.7039844680999,0 79.6499026509544,24.7039860211634,0 79.6499046506409,24.7039874815837,0 79.6499067304332,24.7039888454415,0 79.6499088847497,24.7039901090766,0 79.649911107809,24.7039912690979,0 79.6499133936452,24.7039923223922,0 79.6499157361239,24.7039932661329,0 79.6499181289585,24.7039940977873,0 79.6499205657276,24.7039948151235,0 79.6499230398916,24.7039954162163,0 79.6499255448108,24.7039958994527,0 79.6499280737627,24.7039962635359,0 79.6499306199605,24.7039965074887,0 79.649933176571,24.7039966306564,0 79.6499357367332,24.7039966327085,0 79.6499382935764,24.7039965136395,0 79.6499408402389,24.703996273769,0 79.6499421470651,24.7039960877769,0 79.6499424787551,24.7039974344474,0 79.6499431595138,24.7039996598063,0 79.6499439640146,24.7040018504324,0 79.6499486477569,24.7040135981908,0 79.6499502979164,24.7040217802475,0 79.6499508292649,24.704024077801,0 79.6499514906668,24.7040263470072,0 79.6499522803328,24.704028581727,0 79.6499531961264,24.7040307759143,0 79.64995423557,24.7040329236329,0 79.6499553958514,24.7040350190722,0 79.6499566738316,24.7040370565631,0 79.6499580660531,24.7040390305932,0 79.6499595687491,24.7040409358219,0 79.6499611778544,24.7040427670947,0 79.6499628890154,24.7040445194571,0 79.6499646976027,24.7040461881681,0 79.6499665987233,24.7040477687132,0 79.6499685872337,24.7040492568162,0 79.6499706577542,24.7040506484512,0 79.6499718212372,24.7040513482993,0 79.6499717622379,24.7040516236405,0 79.6499713922528,24.7040540320149,0 79.6499711647673,24.7040564550954,0 79.6499710804415,24.7040588858509,0 79.6499711395201,24.7040613172278,0 79.6499713418317,24.7040637421709,0 79.6499716867892,24.7040661536434,0 79.6499721733916,24.7040685446479,0 79.6499728002271,24.7040709082461,0 79.6499735654765,24.7040732375795,0 79.6499744669194,24.7040755258889,0 79.6499755019399,24.704077766534,0 79.649983297353,24.7040934490828,0 79.6499822814064,24.7040946356044,0 79.6499807808381,24.7040965933999,0 79.6499793957854,24.7040986209953,0 79.6499781301295,24.7041007127085,0 79.6499769874176,24.7041028626774,0 79.6499759708521,24.7041050648769,0 79.6499750832818,24.7041073131354,0 79.6499743271942,24.7041096011521,0 79.6499737047081,24.704111922515,0 79.6499732175682,24.7041142707185,0 79.6499728671395,24.7041166391819,0 79.6499726544042,24.7041190212676,0 79.6499725799584,24.7041214102999,0 79.6499726440108,24.7041237995836,0 79.6499728463819,24.7041261824229,0 79.6499731865045,24.7041285521397,0 79.6499736634255,24.7041309020933,0 79.6499742758084,24.7041332256977,0 79.6499750219369,24.7041355164412,0 79.6499758997201,24.7041377679041,0 79.649976906698,24.7041399737767,0 79.6499780400486,24.7041421278772,0 79.6499792965957,24.7041442241685,0 79.6499806728178,24.7041462567762,0 79.6499821648583,24.7041482200037,0 79.6499837685356,24.7041501083491,0 79.6499854793555,24.7041519165206,0 79.6499872925235,24.7041536394506,0 79.6499892029582,24.7041552723108,0 79.6499912053057,24.704156810525,0 79.6500037062812,24.7041659088704,0 79.650016907284,24.7041810860762,0 79.650018523829,24.7041828503805,0 79.6500202366664,24.7041845371589,0 79.6500220413476,24.7041861420307,0 79.6500239331856,24.7041876608279,0 79.650025907267,24.7041890896057,0 79.6500278660988,24.7041903645361,0 79.6500280778121,24.7041912622101,0 79.6500287553207,24.7041935461913,0 79.6500295628991,24.7041957946054,0 79.6500304983287,24.7041980012756,0 79.6500315590395,24.7042001601394,0 79.6500327421174,24.7042022652657,0 79.6500340443122,24.7042043108711,0 79.6500354620465,24.7042062913359,0 79.6500369914252,24.704208201219,0 79.6500386282466,24.7042100352735,0 79.6500403680141,24.7042117884606,0 79.650042205948,24.7042134559638,0 79.6500441369988,24.704215033202,0 79.6500461558614,24.7042165158421,0 79.6500473085223,24.7042172750755,0 79.6500465561278,24.7042194780143,0 79.650045919357,24.7042217519928,0 79.6500454128187,24.7042240531311,0 79.6500450378819,24.7042263752092,0 79.6500433392471,24.7042391958226,0 79.6500422340931,24.7042404141692,0 79.6500406888548,24.7042423117895,0 79.6500392545189,24.7042442807304,0 79.6500379350216,24.7042463155887,0 79.650036733984,24.7042484107799,0 79.6500356547023,24.7042505605541,0 79.6500347001384,24.7042527590116,0 79.6500338729119,24.7042550001191,0 79.6500331752931,24.7042572777261,0 79.6500326091965,24.7042595855821,0 79.6500321761756,24.7042619173535,0 79.6500318774188,24.7042642666412,0 79.6500317137461,24.7042666269978,0 79.6500316856065,24.7042689919458,0 79.6500317930774,24.7042713549948,0 79.6500320358638,24.7042737096599,0 79.6500324132994,24.704276049479,0 79.6500329243484,24.7042783680309,0 79.6500335676084,24.7042806589525,0 79.6500343413139,24.7042829159569,0 79.6500449413043,24.7043112159597,0 79.6500458365358,24.7043134173924,0 79.6500468558663,24.7043155733199,0 79.65004752561,24.7043168090264,0 79.6500467666975,24.7043189189784,0 79.6500460963034,24.7043211683221,0 79.650045553903,24.7043234462801,0 79.6500451409424,24.7043257467785,0 79.6500448585227,24.7043280636834,0 79.6500447073969,24.7043303908172,0 79.650044687968,24.704332721975,0 79.6500452879561,24.7043628219747,0 79.6500454005312,24.7043651542709,0 79.6500456449314,24.7043674781326,0 79.6500460205033,24.7043697873461,0 79.6500465262426,24.7043720757364,0 79.650047160797,24.7043743371846,0 79.6500479224697,24.7043765656436,0 79.6500488092241,24.7043787551545,0 79.650050209223,24.7043819551549,0 79.6500512861326,24.7043842329534,0 79.650052498396,24.7043864532657,0 79.650053842352,24.7043886093855,0 79.6500553139412,24.7043906948006,0 79.6500569087189,24.7043927032123,0 79.6500711752219,24.7044096687916,0 79.6500710573793,24.7044097341605,0 79.6500689282323,24.7044110586759,0 79.6500668775245,24.7044124827389,0 79.6500649108273,24.7044140024807,0 79.6500568719511,24.704420550275,0 79.650056865833,24.7044205516479,0 79.6500544031686,24.7044212301665,0 79.6500519824852,24.7044220248199,0 79.6500496103405,24.7044229334553,0 79.6500472931607,24.7044239536113,0 79.650045037223,24.7044250825244,0 79.6500428486387,24.7044263171361,0 79.6500407333369,24.704427654102,0 79.6500386970478,24.7044290898002,0 79.6500367452877,24.7044306203415,0 79.6500348833441,24.7044322415794,0 79.6500331162609,24.7044339491222,0 79.6500314488251,24.704435738344,0 79.650029885554,24.7044376043978,0 79.6500284306823,24.7044395422285,0 79.6500270881514,24.7044415465865,0 79.6500258615982,24.7044436120419,0 79.6500247543455,24.7044457329994,0 79.6500237693927,24.7044479037133,0 79.6500229094083,24.7044501183032,0 79.6500221767218,24.7044523707696,0 79.6500215733182,24.7044546550107,0 79.650021100832,24.7044569648384,0 79.6500207605433,24.7044592939953,0 79.6500205533739,24.7044616361717,0 79.650020479885,24.7044639850227,0 79.6500205402758,24.7044663341853,0 79.6500207343826,24.7044686772954,0 79.6500210616796,24.7044710080055,0 79.6500212143304,24.7044719086474,0 79.6500197992405,24.7044904619514,0 79.6500196882858,24.7044927591377,0 79.6500197055087,24.7044950585052,0 79.6500198508645,24.7044973540893,0 79.6500201239762,24.704499639935,0 79.6500205241354,24.7045019101127,0 79.6500210503039,24.7045041587334,0 79.6500217011169,24.7045063799639,0 79.6500224748862,24.7045085680424,0 79.6500233696045,24.7045107172926,0 79.6500243829508,24.7045128221393,0 79.6500255122965,24.7045148771224,0 79.650026754712,24.704516876911,0 79.6500377547081,24.704533576914,0 79.6500391307651,24.7045355485715,0 79.6500399435889,24.7045365900254,0 79.6500384730677,24.7045377862791,0 79.6500366225041,24.7045394594279,0 79.6500348709674,24.7045412192886,0 79.6500332233192,24.7045430609762,0 79.6500316841326,24.7045449793791,0 79.6500302576799,24.7045469691726,0 79.6500289479204,24.7045490248336,0 79.6500277584894,24.7045511406565,0 79.6500266926884,24.7045533107686,0 79.6500257534756,24.7045555291465,0 79.6500249434579,24.7045577896328,0 79.6500242648836,24.7045600859533,0 79.6500237196362,24.7045624117343,0 79.6500233092291,24.7045647605204,0 79.6500230348014,24.7045671257922,0 79.6500228971148,24.7045695009847,0 79.6500228965516,24.7045718795051,0 79.6500230331132,24.7045742547517,0 79.6500233064207,24.7045766201318,0 79.6500237157154,24.7045789690799,0 79.6500257703015,24.7045890431991,0 79.6500241314071,24.7046217345702,0 79.6500240809239,24.704624122679,0 79.6500241687686,24.7046265098847,0 79.6500243946954,24.7046288895052,0 79.6500247580719,24.7046312548797,0 79.650025257881,24.7046335993875,0 79.6500253810743,24.7046340490244,0 79.6500236082519,24.7046351708352,0 79.6500215667257,24.7046366123342,0 79.6500196103394,24.7046381492074,0 79.6500177444259,24.7046397772654,0 79.6500159740717,24.7046414920701,0 79.6500143041026,24.7046432889472,0 79.6500127390709,24.7046451629984,0 79.6500112832427,24.7046471091153,0 79.6500099405865,24.7046491219927,0 79.6500087147624,24.7046511961439,0 79.6500076091118,24.7046533259146,0 79.6500066266486,24.7046555054994,0 79.6500057700512,24.7046577289568,0 79.6500050416544,24.7046599902259,0 79.6500044434438,24.7046622831424,0 79.6500039770501,24.7046646014562,0 79.6500036437448,24.7046669388476,0 79.6500034444363,24.704669288945,0 79.650003379668,24.7046716453422,0 79.6500034448158,24.7046738399011,0 79.6500027818221,24.7046756726366,0 79.6500020939173,24.7046779767254,0 79.6500015403511,24.7046803108219,0 79.6500011226726,24.7046826683944,0 79.6500008420505,24.7046850428455,0 79.6500006992703,24.7046874275307,0 79.6500006947315,24.7046898157768,0 79.6500008284467,24.7046922009006,0 79.6500011000418,24.7046945762276,0 79.6500015087568,24.7046969351107,0 79.650002053448,24.704699270949,0 79.650002732591,24.704701577206,0 79.6500035442855,24.7047038474278,0 79.65000448626,24.7047060752616,0 79.6500055558786,24.704708254473,0 79.650006750148,24.7047103789638,0 79.6500080657263,24.704712442789,0 79.6500094989319,24.7047144401731,0 79.6500110457543,24.7047163655268,0 79.6500127018649,24.7047182134622,0 79.6500144626292,24.7047199788081,0 79.6500168153078,24.7047222157819,0 79.6500163132015,24.7047240858501,0 79.6500158325195,24.7047263856884,0 79.6500154830033,24.7047287051995,0 79.6500152655931,24.7047310381448,0 79.6500151808735,24.7047333782494,0 79.6500152290725,24.7047357192194,0 79.6500154100603,24.7047380547585,0 79.6500157233504,24.704740378585,0 79.6500161680999,24.7047426844487,0 79.6500167431127,24.7047449661477,0 79.6500174468423,24.704747217545,0 79.6500182773959,24.7047494325854,0 79.6500192325396,24.7047516053111,0 79.6500203097045,24.7047537298784,0 79.6500215059934,24.704755800573,0 79.6500228181887,24.7047578118256,0 79.6500242427612,24.7047597582265,0 79.6500257758793,24.7047616345408,0 79.6500274134195,24.7047634357218,0 79.6500291509775,24.7047651569252,0 79.6500309838799,24.7047667935214,0 79.6500329071968,24.7047683411087,0 79.6500349157553,24.7047697955246,0 79.6500370041531,24.7047711528574,0 79.6500391667733,24.7047724094563,0 79.6500413977992,24.7047735619415,0 79.6500436912303,24.7047746072134,0 79.6500460408979,24.7047755424604,0 79.6500484404825,24.7047763651672,0 79.6500508835301,24.704777073121,0 79.6500533634698,24.7047776644177,0 79.6500558736314,24.7047781374668,0 79.6500584072638,24.7047784909961,0 79.6500609575522,24.7047787240547,0 79.6500635176374,24.7047788360158,0 79.6500660806337,24.7047788265782,0 79.6500660940178,24.7047788258941,0 79.6500675911981,24.7047814901696,0 79.6500666867243,24.7047816337427,0 79.6500642016533,24.7047821500316,0 79.6500617490213,24.7047827826641,0 79.6500593353504,24.7047835299581,0 79.6500569670593,24.7047843899263,0 79.6500546504459,24.7047853602817,0 79.6500523916708,24.7047864384439,0 79.6500501967408,24.7047876215457,0 79.6500480714927,24.704788906441,0 79.6500460215783,24.7047902897128,0 79.6500440524488,24.7047917676827,0 79.6500421693407,24.7047933364202,0 79.6500403772618,24.7047949917537,0 79.6500386809776,24.7047967292811,0 79.6500370849992,24.7047985443819,0 79.6500355935706,24.7048004322292,0 79.6500342106581,24.7048023878026,0 79.6500329399392,24.7048044059018,0 79.650031784793,24.7048064811599,0 79.6500307482915,24.7048086080584,0 79.6500298331911,24.7048107809412,0 79.6500290419252,24.70481299403,0 79.6500283765981,24.7048152414394,0 79.650027838979,24.7048175171931,0 79.6500274304977,24.7048198152391,0 79.6500271522405,24.7048221294662,0 79.6500271018348,24.7048226788856,0 79.6500268802503,24.7048226683076,0 79.650024280943,24.7048226692403,0 79.6500216852846,24.704822795019,0 79.6500191004556,24.7048230452959,0 79.6500165336064,24.7048234193786,0 79.6500139918377,24.7048239162323,0 79.6500114821809,24.7048245344826,0 79.6500090115784,24.704825272419,0 79.6500065868649,24.7048261280004,0 79.6500042147477,24.7048270988599,0 79.6500019017889,24.7048281823117,0 79.6499996543868,24.7048293753587,0 79.6499974787587,24.7048306747006,0 79.6499953809228,24.7048320767429,0 79.6499933666825,24.7048335776072,0 79.6499914416098,24.7048351731415,0 79.6499896110301,24.7048368589322,0 79.6499878800074,24.7048386303159,0 79.6499862533302,24.7048404823922,0 79.6499847354984,24.7048424100377,0 79.6499833307108,24.70484440792,0 79.6499820428537,24.7048464705124,0 79.6499808754894,24.7048485921089,0 79.6499798318475,24.7048507668406,0 79.6499789148149,24.7048529886916,0 79.649974314811,24.70486508869,0 79.6499735210927,24.70486736994,0 79.6499728608459,24.7048696864143,0 79.6499723359267,24.7048720316008,0 79.6499719478109,24.7048743989068,0 79.6499716975894,24.7048767816773,0 79.6499715859657,24.704879173214,0 79.6499716132536,24.7048815667939,0 79.6499717793764,24.7048839556881,0 79.6499720838671,24.7048863331811,0 79.6499725258696,24.7048886925893,0 79.6499731041416,24.70489102728,0 79.6499738170573,24.70489333069,0 79.6499746626127,24.7048955963439,0 79.6499756384308,24.7048978178727,0 79.6499767417682,24.7048999890312,0 79.6499779695235,24.7049021037158,0 79.6499793182451,24.7049041559819,0 79.6499807841415,24.7049061400601,0 79.649982363092,24.7049080503729,0 79.6499840506577,24.70490988155,0 79.6499858420945,24.7049116284437,0 79.649991445792,24.7049168103602,0 79.6499913555886,24.7049170233955,0 79.6499905481479,24.704919274869,0 79.649989871112,24.7049215619376,0 79.6499893263455,24.7049238783031,0 79.6499889153485,24.7049262175861,0 79.649988639253,24.7049285733444,0 79.6499884988193,24.7049309390904,0 79.6499884944342,24.7049333083089,0 79.6499886261097,24.7049356744752,0 79.6499888934833,24.704938031073,0 79.6499892958187,24.7049403716123,0 79.6499898320077,24.7049426896473,0 79.6499905005738,24.7049449787944,0 79.6499912996758,24.7049472327493,0 79.649992227113,24.7049494453047,0 79.6499932803313,24.7049516103673,0 79.6499944564302,24.7049537219747,0 79.6499957521707,24.7049557743115,0 79.6499971639845,24.7049577617258,0 79.6499986879834,24.7049596787443,0 79.6500003199705,24.7049615200875,0 79.6500020554514,24.7049632806846,0 79.6500036165469,24.70496470629,0 79.6500026643937,24.7049663067005,0 79.6500015310176,24.7049684805401,0 79.6500005261201,24.7049707064875,0 79.6499996525596,24.7049729782113,0 79.6499989128208,24.7049752892498,0 79.6499983090079,24.7049776330296,0 79.6499978428383,24.7049800028839,0 79.6499975156381,24.7049823920719,0 79.6499973283378,24.7049847937979,0 79.6499972814704,24.7049872012304,0 79.6499973751691,24.7049896075216,0 79.6499976091673,24.7049920058271,0 79.6499984359047,24.7049985119115,0 79.6499941983155,24.7050079184199,0 79.6499932850602,24.7050101050393,0 79.6499924970726,24.7050123319545,0 79.6499918364702,24.7050145931811,0 79.6499913050284,24.7050168826425,0 79.6499909041751,24.7050191941864,0 79.6499906349877,24.7050215216009,0 79.6499904981896,24.7050238586317,0 79.6499904941482,24.7050261989983,0 79.6499906228747,24.7050285364117,0 79.6499908840229,24.7050308645904,0 79.6499912768912,24.7050331772781,0 79.6499918004238,24.7050354682598,0 79.6499924532138,24.705037731379,0 79.6499932335069,24.7050399605542,0 79.6499941392065,24.7050421497947,0 79.6499951678784,24.7050442932176,0 79.6499963167585,24.7050463850627,0 79.6499975827594,24.7050484197088,0 79.6499989624789,24.7050503916882,0 79.6500004522093,24.7050522957015,0 79.6500020479474,24.7050541266321,0 79.6500037454049,24.7050558795599,0 79.6500055400203,24.7050575497741,0 79.6500074269709,24.7050591327864,0 79.6500094011859,24.7050606243428,0 79.65001145736,24.7050620204351,0 79.6500135899678,24.7050633173115,0 79.6500157932783,24.7050645114871,0 79.6500180613705,24.7050655997526,0 79.6500203881495,24.7050665791835,0 79.6500227673625,24.705067447148,0 79.6500251926158,24.7050682013135,0 79.6500276573922,24.7050688396533,0 79.650030155068,24.7050693604521,0 79.6500326789313,24.7050697623102,0 79.6500352221996,24.7050700441478,0 79.6500377780386,24.7050702052076,0 79.6500388974993,24.7050702226227,0 79.6500380082168,24.7050711710609,0 79.6500328560575,24.7050769774609,0 79.6500272050981,24.7050824646229,0 79.6500254608581,24.7050842509134,0 79.6500238227081,24.7050861191461,0 79.6500222952532,24.7050880640692,0 79.6500208827872,24.7050900802152,0 79.6500195892809,24.7050921619164,0 79.6500184183705,24.7050943033209,0 79.6500173733476,24.7050964984089,0 79.6500164571498,24.7050987410097,0 79.6500156723528,24.7051010248189,0 79.6500150211627,24.7051033434166,0 79.6500145054101,24.7051056902848,0 79.6500141265449,24.7051080588262,0 79.6500138856322,24.7051104423823,0 79.6500137833491,24.7051128342527,0 79.6500138199833,24.7051152277136,0 79.6500139954317,24.7051176160365,0 79.6500143092011,24.7051199925076,0 79.6500144687745,24.7051208264106,0 79.6500104212684,24.7051296478899,0 79.6500095892904,24.7051315852569,0 79.6500088559303,24.7051335555911,0 79.6500082227462,24.7051355547058,0 79.6500076910838,24.705137578353,0 79.6500029910766,24.7051574783512,0 79.6500025237356,24.7051597337883,0 79.6500021824912,24.7051620080101,0 79.6500019682257,24.7051642951373,0 79.650001881493,24.7051665892571,0 79.6500019225173,24.7051688844388,0 79.6500020911926,24.7051711747489,0 79.6500023870828,24.7051734542664,0 79.650002809423,24.7051757170983,0 79.6500033571213,24.7051779573947,0 79.6500040287619,24.705180169364,0 79.6500048226085,24.7051823472878,0 79.6500057366087,24.7051844855357,0 79.6500067683997,24.70518657858,0 79.6500079153142,24.7051886210095,0 79.6500109250258,24.7051936609449,0 79.650010879908,24.7051950027526,0 79.6500109370879,24.7051973800636,0 79.6500111312069,24.7051997513268,0 79.6500114617266,24.705202109964,0 79.65001192773,24.7052044494321,0 79.6500125279245,24.7052067632411,0 79.650013260645,24.7052090449722,0 79.6500141238588,24.7052112882956,0 79.6500151151712,24.7052134869879,0 79.6500162318324,24.7052156349498,0 79.6500174707444,24.7052177262224,0 79.6500188284704,24.7052197550044,0 79.650020301244,24.7052217156676,0 79.6500218849793,24.7052236027729,0 79.650023575283,24.7052254110852,0 79.6500253674659,24.705227135588,0 79.6500272565564,24.7052287714973,0 79.6500292373137,24.7052303142749,0 79.650031304243,24.7052317596409,0 79.6500334516104,24.7052331035857,0 79.6500356734588,24.705234342381,0 79.6500364008775,24.7052347013661,0 79.6500344728833,24.7052349999898,0 79.6500319616434,24.7052355130574,0 79.6500294830415,24.705236144839,0 79.6500270437977,24.7052368936219,0 79.6500246505251,24.7052377573759,0 79.6500223097123,24.7052387337593,0 79.6500200277057,24.7052398201249,0 79.650017810692,24.7052410135274,0 79.6500156646822,24.7052423107312,0 79.6500135954944,24.7052437082195,0 79.6500116087385,24.7052452022034,0 79.650009709801,24.7052467886324,0 79.6500079038301,24.7052484632054,0 79.6500061957223,24.7052502213825,0 79.6500045901086,24.7052520583968,0 79.6500030913419,24.7052539692678,0 79.6500017034857,24.705255948815,0 79.6500004303028,24.7052579916714,0 79.649999275245,24.7052600922984,0 79.6499982414439,24.7052622450009,0 79.6499973317022,24.7052644439426,0 79.6499965484865,24.7052666831616,0 79.6499958939202,24.7052689565871,0 79.649995369778,24.7052712580555,0 79.6499949774808,24.705273581327,0 79.6499897774667,24.7053107813247,0 79.6499895206151,24.7053130893698,0 79.6499893938896,24.7053154064209,0 79.6499893976249,24.7053177263597,0 79.6499895318111,24.7053200430602,0 79.6499897960939,24.705322350405,0 79.6499901897754,24.7053246423013,0 79.6499907118161,24.7053269126973,0 79.6499913608375,24.7053291555978,0 79.6499921351259,24.7053313650801,0 79.6499930326366,24.7053335353101,0 79.6499940509997,24.7053356605569,0 79.6499951875262,24.7053377352088,0 79.6499964392149,24.7053397537875,0 79.6499978027608,24.7053417109627,0 79.6499992745631,24.7053436015663,0 79.6500008507356,24.7053454206061,0 79.6500025271163,24.7053471632787,0 79.6500042992784,24.7053488249824,0 79.6500061625425,24.7053504013295,0 79.6500081119885,24.7053518881574,0 79.6500131983746,24.7053555690955,0 79.6500187290812,24.7053607666284,0 79.6500314425598,24.7053734801111,0 79.6500302925623,24.7053745038466,0 79.6500285335268,24.7053762431101,0 79.6500268767368,24.7053780642352,0 79.6500253267501,24.705379962212,0 79.6500238878308,24.7053819318192,0 79.6500225639374,24.7053839676383,0 79.6500213587118,24.7053860640688,0 79.6500202754698,24.7053882153434,0 79.6500193171912,24.7053904155438,0 79.6500184865125,24.7053926586173,0 79.6500177857187,24.7053949383932,0 79.6500172167379,24.7053972485997,0 79.6500167811352,24.7053995828815,0 79.650016480109,24.7054019348169,0 79.6500163144875,24.7054042979357,0 79.6500162847262,24.705406665737,0 79.6500163909072,24.7054090317068,0 79.6500166327382,24.7054113893363,0 79.6500170095541,24.7054137321397,0 79.6500175203181,24.7054160536719,0 79.6500181636252,24.7054183475464,0 79.6500189377057,24.7054206074525,0 79.6500198404299,24.7054228271734,0 79.6500208693146,24.7054250006024,0 79.65002134156,24.7054258699779,0 79.650021215184,24.705426794672,0 79.6500210289015,24.7054291786722,0 79.6500209809877,24.7054315683374,0 79.6500210715769,24.7054339569704,0 79.6500213004152,24.7054363378766,0 79.6500216668613,24.7054387043833,0 79.6500221698881,24.705441049858,0 79.650022808086,24.7054433677273,0 79.6500235796661,24.705445651495,0 79.6500289796611,24.7054602514965,0 79.6500299130889,24.70546256489,0 79.6500309833711,24.7054648282834,0 79.650041487619,24.705485474579,0 79.6500423174417,24.7054878116333,0 79.6500421633002,24.7054894691606,0 79.6500420800444,24.7054918553189,0 79.6500421349819,24.7054942421614,0 79.6500423279592,24.7054966230138,0 79.6500426584365,24.7054989912185,0 79.6500431254899,24.7055013401533,0 79.6500437278133,24.7055036632497,0 79.6500444637224,24.7055059540118,0 79.6500453311593,24.7055082060339,0 79.6500463276985,24.7055104130185,0 79.6500474505534,24.7055125687944,0 79.6500486965842,24.7055146673333,0 79.6500487112279,24.7055146891578,0 79.6500543150838,24.7055529822725,0 79.6500547982175,24.7055556656094,0 79.6500554573245,24.7055583175061,0 79.6500584456515,24.7055688596742,0 79.6500588235389,24.7055710730203,0 79.6500586818462,24.7055720119795,0 79.6500584628193,24.7055743761676,0 79.6500583800571,24.7055767476024,0 79.6500584337881,24.7055791197344,0 79.6500586238639,24.7055814860119,0 79.6500589497597,24.7055838398994,0 79.6500594105752,24.7055861748958,0 79.6500600050377,24.7055884845521,0 79.6500607315056,24.7055907624891,0 79.6500615879722,24.7055930024154,0 79.6500625720721,24.7055951981446,0 79.6500636810873,24.7055973436122,0 79.650064911955,24.7055994328927,0 79.6500662612754,24.7056014602157,0 79.6500677253219,24.7056034199818,0 79.650069300051,24.7056053067785,0 79.6500709811134,24.7056071153945,0 79.6500727638662,24.7056088408345,0 79.6500746433856,24.7056104783332,0 79.6500766144804,24.7056120233679,0 79.6500786717069,24.7056134716713,0 79.650080809383,24.7056148192434,0 79.6500830216047,24.7056160623622,0 79.6500853022621,24.7056171975945,0 79.6500876450562,24.7056182218047,0 79.6500900435164,24.7056191321642,0 79.6500924910185,24.7056199261585,0 79.6501008910209,24.7056224261595,0 79.6501033696901,24.7056230988672,0 79.6501058834822,24.7056236522235,0 79.6501084255158,24.7056240847134,0 79.6501109888319,24.705624395153,0 79.6501135664135,24.7056245826925,0 79.6501161512046,24.7056246468185,0 79.6501187361293,24.7056245873554,0 79.6501213141114,24.7056244044661,0 79.6501238780936,24.7056240986512,0 79.650126421057,24.7056236707478,0 79.6501289360404,24.7056231219273,0 79.650131416159,24.7056224536922,0 79.6501338546234,24.7056216678716,0 79.6501362447584,24.7056207666169,0 79.650138580021,24.7056197523952,0 79.6501408540185,24.7056186279828,0 79.6501430605257,24.7056173964579,0 79.6501451935024,24.7056160611918,0 79.6501472471096,24.7056146258397,0 79.6501492157256,24.705613094331,0 79.6501510939612,24.705611470858,0 79.6501528766748,24.7056097598651,0 79.6501545589863,24.7056079660361,0 79.6501561362904,24.7056060942815,0 79.6501576042692,24.7056041497254,0 79.650158958904,24.7056021376908,0 79.6501648589021,24.705592837689,0 79.6501658964737,24.7055911169523,0 79.6501683289695,24.705586866554,0 79.6501683986206,24.7055872221314,0 79.6501689927564,24.7055895418221,0 79.6501697200133,24.7055918296525,0 79.6501705783662,24.7055940792523,0 79.6501715654251,24.7055962843572,0 79.6501726784413,24.7055984388272,0 79.6501830173499,24.7056171558294,0 79.6501871465305,24.7056273573436,0 79.6501881068801,24.7056295516367,0 79.6501891916025,24.705631697018,0 79.6501903977258,24.7056337876093,0 79.6501917219452,24.7056358176828,0 79.6501931606326,24.7056377816761,0 79.650194709846,24.7056396742081,0 79.6501963653409,24.7056414900935,0 79.6501981225812,24.7056432243568,0 79.6501999767523,24.7056448722464,0 79.650201922774,24.7056464292473,0 79.6502039553143,24.7056478910933,0 79.6502060688044,24.7056492537791,0 79.6502082574533,24.7056505135712,0 79.6502105152644,24.7056516670178,0 79.6502128360516,24.7056527109586,0 79.6502152134561,24.7056536425332,0 79.6502176409641,24.7056544591893,0 79.6502201119243,24.7056551586892,0 79.6502226195666,24.7056557391165,0 79.6502251570202,24.7056561988808,0 79.6502277173329,24.7056565367223,0 79.6502302934896,24.7056567517155,0 79.6502328784318,24.7056568432713,0 79.650235465077,24.7056568111387,0 79.6502380463381,24.705656655406,0 79.6502406151427,24.7056563764996,0 79.6502431644524,24.7056559751839,0 79.6502456872825,24.7056554525584,0 79.6502481767205,24.705654810055,0 79.6502506259456,24.7056540494342,0 79.6502530282473,24.70565317278,0 79.6502553770434,24.7056521824942,0 79.6502604770447,24.7056498824935,0 79.6502627958827,24.7056487659228,0 79.6502650466531,24.7056475386084,0 79.650267223024,24.7056462040028,0 79.6502693188728,24.7056447658606,0 79.6502713283036,24.7056432282275,0 79.6502732456634,24.7056415954292,0 79.6502750655584,24.7056398720591,0 79.6502767828688,24.7056380629654,0 79.6502783927635,24.7056361732373,0 79.6502798907136,24.705634208191,0 79.6502812725051,24.7056321733546,0 79.6502825342507,24.7056300744525,0 79.6502836724009,24.7056279173892,0 79.6502846837539,24.7056257082331,0 79.6502855654645,24.7056234531988,0 79.6502863150524,24.7056211586303,0 79.6502869304088,24.7056188309825,0 79.6502873363148,24.7056168376833,0 79.6502945129148,24.7056114213802,0 79.6502947225089,24.7056114115965,0 79.6502973145838,24.7056111649369,0 79.6502998888212,24.7056107937967,0 79.6503024380628,24.7056102992079,0 79.6503049552198,24.7056096825458,0 79.6503074332925,24.7056089455252,0 79.65030986539,24.7056080901956,0 79.6503122447493,24.7056071189354,0 79.6503145647538,24.7056060344455,0 79.6503168189522,24.7056048397416,0 79.6503190010761,24.705603538146,0 79.6503211050576,24.7056021332779,0 79.6503231250459,24.7056006290441,0 79.6503250554239,24.7055990296275,0 79.6503268908238,24.7055973394756,0 79.6503286261416,24.7055955632884,0 79.650330256552,24.705593706005,0 79.6503317775211,24.7055917727902,0 79.6503325918365,24.7055906133337,0 79.6503347248176,24.7055914255865,0 79.6503372431551,24.7055922416493,0 79.650339806094,24.7055929321782,0 79.6503424061418,24.7055934951544,0 79.6503450356976,24.7055939289323,0 79.6503476870743,24.7055942322436,0 79.6503503525209,24.7055944042019,0 79.6503530242454,24.7055944443042,0 79.6503533000148,24.7055944348161,0 79.6503550806978,24.7055957463371,0 79.6503570620745,24.7055971317607,0 79.6503591174708,24.7055984240624,0 79.6503612416475,24.705599619948,0 79.6503770416505,24.7056080199507,0 79.6503791442684,24.7056090762255,0 79.6503813005329,24.7056100380208,0 79.6503835053604,24.7056109030693,0 79.6503857535533,24.7056116693317,0 79.6503895535543,24.7056128693321,0 79.6503920199908,24.7056135827545,0 79.6503945239162,24.7056141772903,0 79.6503970584687,24.7056146513101,0 79.6503996167025,24.705615003515,0 79.6504021916072,24.7056152329398,0 79.6504047761263,24.7056153389557,0 79.6504073631771,24.7056153212722,0 79.6504099456702,24.7056151799378,0 79.6504125165284,24.7056149153399,0 79.6504150687065,24.7056145282034,0 79.6504175952105,24.7056140195893,0 79.6504200891166,24.7056133908915,0 79.6504225435906,24.7056126438328,0 79.6504249519062,24.7056117804605,0 79.6504273074635,24.7056108031406,0 79.6504296038075,24.7056097145513,0 79.6504318346451,24.7056085176758,0 79.650433993863,24.7056072157941,0 79.650436075544,24.7056058124739,0 79.6504380739834,24.7056043115607,0 79.6504399837046,24.7056027171679,0 79.6504417994744,24.7056010336646,0 79.6504435163166,24.7055992656643,0 79.6504451295265,24.7055974180121,0 79.6504466346831,24.7055954957714,0 79.6504480276618,24.7055935042098,0 79.6504493046453,24.7055914487851,0 79.6504504621339,24.7055893351299,0 79.6504514969558,24.7055871690367,0 79.6504524062752,24.7055849564413,0 79.6504531876,24.7055827034072,0 79.6504538387893,24.7055804161086,0 79.6504543580584,24.7055781008137,0 79.6504547439843,24.7055757638673,0 79.6504549955095,24.7055734116737,0 79.6504551119447,24.7055710506787,0 79.6504550929708,24.7055686873526,0 79.6504546929665,24.7055577873526,0 79.6504545340871,24.7055553802005,0 79.6504542347344,24.7055529842324,0 79.6504537957624,24.7055506062842,0 79.6504532184235,24.7055482531408,0 79.6504525043651,24.705545931516,0 79.6504516556245,24.7055436480338,0 79.6504506746233,24.7055414092094,0 79.6504495641604,24.7055392214306,0 79.6504483274042,24.7055370909394,0 79.6504469678835,24.7055350238145,0 79.6504454894771,24.7055330259538,0 79.6504438964032,24.7055311030576,0 79.6504421932071,24.7055292606121,0 79.6504403847484,24.7055275038742,0 79.6504384761869,24.7055258378562,0 79.650436472968,24.7055242673115,0 79.6504343808073,24.7055227967211,0 79.6504322056741,24.7055214302809,0 79.6504299537744,24.7055201718895,0 79.6504276315332,24.7055190251375,0 79.6504252455764,24.7055179932966,0 79.6504228027114,24.7055170793108,0 79.6504203099082,24.705516285788,0 79.6504177742792,24.7055156149922,0 79.650404797379,24.7055125226252,0 79.6503984471827,24.705507548828,0 79.6503952645335,24.7054921328982,0 79.6503947371609,24.7054898923093,0 79.6503940860012,24.7054876790554,0 79.6503933127326,24.7054854988398,0 79.6503924193476,24.7054833572807,0 79.6503914081484,24.7054812598967,0 79.6503908622522,24.7054802674601,0 79.6503913098795,24.7054800223308,0 79.6503934647724,24.7054787720477,0 79.6503955461177,24.7054774217828,0 79.6503975483622,24.705475975139,0 79.6503994661635,24.705474435976,0 79.6504012944046,24.7054728084007,0 79.6504030282074,24.7054710967557,0 79.6504046629458,24.7054693056079,0 79.6504061942581,24.7054674397365,0 79.6504076180586,24.7054655041199,0 79.6504089305481,24.7054635039226,0 79.650410128225,24.7054614444815,0 79.6504112078934,24.7054593312916,0 79.6504121666727,24.7054571699912,0 79.6504130020048,24.705454966347,0 79.6504136050355,24.7054530628131,0 79.6504139213296,24.7054533213057,0 79.6504159307313,24.7054547985534,0 79.6504180217641,24.7054561780198,0 79.6504201887325,24.7054574559472,0 79.6504224257339,24.705458628855,0 79.6504247266752,24.7054596935483,0 79.650427085289,24.705460647127,0 79.6504294951509,24.7054614869938,0 79.6504319496968,24.705462210861,0 79.6504344422409,24.7054628167569,0 79.6504350023844,24.7054629246848,0 79.6504351616434,24.705463603123,0 79.6504358250463,24.7054658549346,0 79.6504366148435,24.7054680724499,0 79.6504375289281,24.7054702497524,0 79.6504385648611,24.7054723810334,0 79.6504397198788,24.7054744606066,0 79.6504409908998,24.7054764829239,0 79.6504429908991,24.7054794829244,0 79.650444390549,24.7054814640248,0 79.6504459015129,24.7054833756682,0 79.6504475196695,24.7054852126404,0 79.650449240605,24.7054869699306,0 79.6504510596253,24.7054886427456,0 79.6504529717686,24.7054902265226,0 79.6504549718195,24.7054917169416,0 79.6504570543223,24.7054931099372,0 79.6504592135968,24.7054944017097,0 79.6504614437532,24.7054955887358,0 79.6504637387085,24.7054966677775,0 79.6504660922027,24.7054976358917,0 79.6504684978164,24.7054984904377,0 79.6504709489879,24.7054992290845,0 79.6504734390313,24.7054998498174,0 79.6504759611545,24.7055003509433,0 79.650478508478,24.7055007310952,0 79.6504810740538,24.7055009892362,0 79.6504836508837,24.7055011246622,0 79.6504862319391,24.7055011370038,0 79.6504888101796,24.7055010262273,0 79.6504913785729,24.7055007926349,0 79.6504939301132,24.7055004368638,0 79.6504964578407,24.7054999598844,0 79.6504989548607,24.7054993629977,0 79.6505014143623,24.7054986478317,0 79.6505038296366,24.7054978163374,0 79.6505061940958,24.7054968707826,0 79.6505085012903,24.7054958137465,0 79.6505107449269,24.7054946481123,0 79.6505129188859,24.7054933770595,0 79.6505150172373,24.7054920040552,0 79.6505170342576,24.7054905328442,0 79.6506167342678,24.7054138328238,0 79.6506186808683,24.7054122533811,0 79.6506205337146,24.7054105824808,0 79.6506222876642,24.7054088247602,0 79.6506239378493,24.7054069850976,0 79.65062547969,24.7054050685987,0 79.6506269089072,24.7054030805825,0 79.6506282215343,24.7054010265665,0 79.6506294139283,24.7053989122514,0 79.6506304827797,24.7053967435051,0 79.6506314251223,24.7053945263468,0 79.6506317825836,24.7053935331888,0 79.6506319866707,24.7053949560149,0 79.6506324673232,24.7053973209413,0 79.6506330851713,24.7053996591257,0 79.6506338384612,24.7054019639311,0 79.6506347250545,24.7054042288151,0 79.6506357424347,24.7054064473487,0 79.6506368877138,24.7054086132345,0 79.650638157641,24.7054107203243,0 79.6506395486113,24.7054127626372,0 79.6506460486094,24.7054217626388,0 79.6506475598723,24.7054237383289,0 79.6506491844014,24.7054256375251,0 79.6506509175666,24.7054274548144,0 79.650652754428,24.7054291850173,0 79.6506546897504,24.7054308232022,0 79.6506567180176,24.7054323647003,0 79.6506588334488,24.7054338051178,0 79.6506610300147,24.7054351403493,0 79.6506633014546,24.7054363665893,0 79.6506656412945,24.7054374803427,0 79.6506680428656,24.7054384784351,0 79.6506704993228,24.7054393580218,0 79.6506730036649,24.7054401165958,0 79.650675548754,24.705440751995,0 79.6506781273363,24.7054412624085,0 79.6506807320623,24.7054416463814,0 79.650683355508,24.7054419028194,0 79.6506859901962,24.7054420309916,0 79.6506886286177,24.7054420305327,0 79.6506912632523,24.705441901444,0 79.6506938865909,24.7054416440933,0 79.6506964911567,24.7054412592143,0 79.650699069526,24.7054407479038,0 79.6507115695302,24.705437947903,0 79.6507140219887,24.7054373370624,0 79.6507164368212,24.7054366118329,0 79.650718807639,24.7054357741333,0 79.6507211281697,24.7054348261797,0 79.6507233922743,24.7054337704802,0 79.6507255939626,24.7054326098277,0 79.6507277274098,24.7054313472928,0 79.6507297869716,24.7054299862158,0 79.6507317671993,24.7054285301974,0 79.650733662854,24.7054269830899,0 79.6507354689203,24.7054253489863,0 79.6507371806202,24.7054236322097,0 79.6507387934252,24.7054218373022,0 79.6507403030683,24.7054199690123,0 79.6507417055557,24.7054180322828,0 79.6507429971769,24.7054160322377,0 79.6507441745148,24.7054139741682,0 79.6507452344546,24.7054118635192,0 79.650746174192,24.7054097058748,0 79.650746991241,24.7054075069432,0 79.6507476834399,24.7054052725419,0 79.6507482489574,24.7054030085824,0 79.6507486862974,24.7054007210541,0 79.6507489943029,24.7053984160091,0 79.650749172159,24.7053960995456,0 79.6507492193952,24.7053937777921,0 79.6507490282378,24.7053693108897,0 79.6507501501471,24.7053455184872,0 79.6507511560735,24.7053470731014,0 79.6507525251266,24.7053490682333,0 79.6507540061894,24.7053509954432,0 79.650755595233,24.7053528494883,0 79.6507572879346,24.7053546253249,0 79.6507590796895,24.7053563181223,0 79.6507609656236,24.7053579232754,0 79.6507629406064,24.7053594364176,0 79.6507649992653,24.7053608534327,0 79.6507671360001,24.7053621704659,0 79.650769344998,24.7053633839344,0 79.65077162025,24.7053644905372,0 79.6507739555664,24.7053654872639,0 79.6507763445945,24.7053663714032,0 79.6507787808353,24.7053671405497,0 79.6507812576613,24.7053677926113,0 79.6507837683348,24.705368325814,0 79.6507837911568,24.7053683295273,0 79.6507844341599,24.7053697305427,0 79.6507855468825,24.7053718408179,0 79.6507867779181,24.7053738955321,0 79.6507881239529,24.7053758891546,0 79.6507895813639,24.7053778163188,0 79.6507911462278,24.7053796718373,0 79.6507928143324,24.7053814507153,0 79.6507945811875,24.7053831481645,0 79.6507964420371,24.7053847596156,0 79.6507983918721,24.705386280731,0 79.650800425444,24.7053877074162,0 79.6508025372789,24.7053890358307,0 79.650804721692,24.7053902623987,0 79.6508069728034,24.7053913838187,0 79.6508411728109,24.7054073838241,0 79.650843490963,24.7054083996976,0 79.6508458638118,24.7054093040623,0 79.6508482849349,24.7054100944706,0 79.6508507477797,24.7054107687832,0 79.6508532456802,24.7054113251749,0 79.6508557718758,24.70541176214,0 79.6508583195293,24.7054120784957,0 79.6508608817452,24.7054122733859,0 79.6508634515889,24.7054123462829,0 79.6508660221049,24.7054122969896,0 79.6508685863361,24.7054121256394,0 79.6508711373421,24.7054118326959,0 79.6508736682187,24.7054114189522,0 79.6508761721158,24.7054108855279,0 79.6508786422566,24.7054102338669,0 79.6508810719555,24.7054094657328,0 79.6508834546364,24.7054085832047,0 79.6508857838505,24.7054075886712,0 79.6508880532937,24.705406484824,0 79.6508902568236,24.7054052746507,0 79.6508923884762,24.7054039614268,0 79.6508944424822,24.7054025487064,0 79.6508964132824,24.7054010403133,0 79.6508982955425,24.7053994403299,0 79.6509000841683,24.7053977530867,0 79.6509017743188,24.7053959831503,0 79.6509033614194,24.705394135311,0 79.6509048411746,24.7053922145702,0 79.6509062095795,24.7053902261264,0 79.6509074629303,24.7053881753614,0 79.6509085978348,24.7053860678257,0 79.6509096112214,24.7053839092234,0 79.6509103083553,24.7053821812766,0 79.6509106690914,24.7053834651025,0 79.6509114423026,24.7053857197352,0 79.6509123435729,24.7053879343277,0 79.6509133704341,24.7053901028146,0 79.6509145200738,24.7053922192569,0 79.6509157893434,24.7053942778582,0 79.6509171747666,24.7053962729804,0 79.6509186725491,24.7053981991592,0 79.6509202785887,24.7054000511193,0 79.650921988487,24.7054018237887,0 79.6509237975608,24.7054035123122,0 79.6509257008555,24.7054051120654,0 79.6509276931583,24.7054066186669,0 79.6509297690129,24.7054080279905,0 79.6509319227338,24.7054093361764,0 79.6509341484225,24.7054105396416,0 79.6509364399833,24.7054116350902,0 79.6509387911402,24.705412619522,0 79.6509411954537,24.7054134902407,0 79.6509436463391,24.7054142448618,0 79.6509461370838,24.7054148813184,0 79.6509486608663,24.7054153978675,0 79.6509512107744,24.7054157930943,0 79.6509537798245,24.7054160659163,0 79.6509563609805,24.7054162155864,0 79.6509589471732,24.7054162416947,0 79.6509615313196,24.7054161441697,0 79.6509641063422,24.7054159232784,0 79.6509666651886,24.7054155796258,0 79.6509692008507,24.7054151141532,0 79.6510133752523,24.7054059002661,0 79.65101890076,24.7054099873153,0 79.6510209486032,24.7054114228064,0 79.6510230756989,24.7054127586629,0 79.6510252762446,24.7054139912405,0 79.651027544237,24.7054151171767,0 79.651029873489,24.7054161334,0 79.6510322576464,24.7054170371381,0 79.6510346902053,24.7054178259255,0 79.6510371645294,24.7054184976105,0 79.6510603645367,24.7054241976128,0 79.651062868971,24.7054247494049,0 79.6510654014791,24.7054251812243,0 79.651067955179,24.7054254918977,0 79.6510705231314,24.7054256805808,0 79.651073098358,24.7054257467609,0 79.6510756738608,24.7054256902582,0 79.651078242641,24.7054255112261,0 79.6510807977183,24.7054252101512,0 79.6510833321493,24.7054247878516,0 79.651085839047,24.7054242454749,0 79.651088311599,24.705423584495,0 79.6510907430864,24.705422806708,0 79.6510931269018,24.7054219142275,0 79.6510954565673,24.7054209094788,0 79.6510977257522,24.7054197951922,0 79.6510999282903,24.7054185743956,0 79.6511020581962,24.7054172504066,0 79.6511041096822,24.7054158268229,0 79.6511060771734,24.705414307513,0 79.6511079553234,24.7054126966055,0 79.6511097390284,24.705410998478,0 79.6511114234413,24.705409217745,0 79.651113003985,24.7054073592454,0 79.6511144763644,24.7054054280297,0 79.6511158365783,24.7054034293457,0 79.6511170809306,24.7054013686248,0 79.6511182060399,24.7053992514668,0 79.6511192088486,24.7053970836248,0 79.6511200866318,24.7053948709899,0 79.6511208370042,24.7053926195746,0 79.6511214579267,24.7053903354972,0 79.651121947712,24.7053880249643,0 79.6511223050291,24.7053856942546,0 79.6511225289071,24.7053833497017,0 79.6511226187376,24.7053809976768,0 79.6511225742765,24.7053786445712,0 79.6511223956447,24.7053762967794,0 79.6511220833275,24.7053739606812,0 79.6511216381737,24.7053716426249,0 79.651121061393,24.7053693489096,0 79.6511203545526,24.7053670857683,0 79.6511195195735,24.7053648593509,0 79.6511185587245,24.7053626757074,0 79.6511174746168,24.7053605407719,0 79.6511162701963,24.7053584603458,0 79.6511149487359,24.7053564400825,0 79.6511135138267,24.7053544854718,0 79.6511119693678,24.7053526018254,0 79.6511103195563,24.7053507942619,0 79.6511085688753,24.7053490676931,0 79.6511067220822,24.7053474268109,0 79.6511047841955,24.7053458760743,0 79.6511027604813,24.7053444196972,0 79.6511006564389,24.7053430616373,0 79.65109295644,24.7053383616388,0 79.6510903037342,24.7053368510669,0 79.6510744366542,24.7053284401533,0 79.6510739830284,24.7053269108237,0 79.6510741447634,24.7053266294626,0 79.6510752321029,24.7053244684834,0 79.6510761933598,24.7053222581933,0 79.6510763540573,24.7053218232101,0 79.6510764469203,24.7053219472138,0 79.6510779988921,24.7053238053906,0 79.6510796540543,24.7053255877036,0 79.6510814079708,24.7053272893758,0 79.6510832559406,24.7053289058464,0 79.6510851930109,24.705330432783,0 79.65108721399,24.705331866093,0 79.6510893134612,24.705333201935,0 79.6510914857976,24.7053344367286,0 79.6510937251769,24.7053355671644,0 79.6510960255971,24.7053365902124,0 79.6510983808926,24.7053375031309,0 79.6511007847509,24.7053383034729,0 79.6511032307291,24.7053389890935,0 79.6511057122715,24.7053395581549,0 79.6511082227271,24.7053400091321,0 79.6511107553674,24.7053403408163,0 79.6511133034044,24.7053405523185,0 79.6511158600089,24.7053406430719,0 79.6511184183287,24.7053406128332,0 79.651120971507,24.7053404616835,0 79.6511235127008,24.7053401900278,0 79.6511314087565,24.7053391560209,0 79.6511525787542,24.705343433898,0 79.6511531549889,24.7053449780107,0 79.6511541136134,24.7053471657393,0 79.6511551958902,24.7053493047939,0 79.6511563988708,24.7053513893467,0 79.6511577192776,24.7053534137185,0 79.6511591535134,24.705355372394,0 79.6511606976707,24.705357260037,0 79.6511623475425,24.7053590715046,0 79.6511640986339,24.7053608018617,0 79.6511659461741,24.705362446394,0 79.6511678851296,24.7053640006211,0 79.6511699102178,24.7053654603085,0 79.6511720159216,24.7053668214795,0 79.651174196504,24.7053680804257,0 79.6511764460243,24.705369233717,0 79.6511787583537,24.7053702782114,0 79.6511811271924,24.7053712110634,0 79.6511835460867,24.7053720297313,0 79.6511860084465,24.7053727319847,0 79.6511885075631,24.7053733159105,0 79.651191036628,24.7053737799177,0 79.6511935887509,24.7053741227422,0 79.6511961569785,24.70537434345,0 79.6511987343141,24.7053744414398,0 79.6512013137357,24.7053744164446,0 79.6512038882159,24.7053742685325,0 79.6512064507406,24.7053739981064,0 79.6512089943286,24.7053736059032,0 79.6512115120498,24.7053730929914,0 79.6512139970449,24.7053724607684,0 79.6512164425437,24.7053717109566,0 79.6512188418836,24.7053708455988,0 79.6512211885277,24.7053698670527,0 79.6512234760828,24.7053687779842,0 79.6512256983165,24.7053675813605,0 79.6512278491745,24.7053662804416,0 79.651229922797,24.7053648787719,0 79.6512319135344,24.7053633801701,0 79.6512338159632,24.705361788719,0 79.6512356249003,24.7053601087545,0 79.6512373354173,24.7053583448535,0 79.6512389428541,24.7053565018217,0 79.6512404428314,24.7053545846802,0 79.6512418312624,24.7053525986523,0 79.6512431043646,24.7053505491487,0 79.6512442586694,24.7053484417532,0 79.651245291032,24.7053462822072,0 79.6512461986399,24.7053440763942,0 79.6512469790203,24.705341830324,0 79.6512476300472,24.7053395501157,0 79.6512481499467,24.7053372419816,0 79.6512485373026,24.7053349122101,0 79.6512487910595,24.7053325671486,0 79.6512489105261,24.7053302131859,0 79.6512488953769,24.7053278567354,0 79.6512487456531,24.7053255042169,0 79.6512484617627,24.7053231620399,0 79.6512480444792,24.7053208365853,0 79.6512405444656,24.7052849365871,0 79.6512399995045,24.7052826512385,0 79.6512393257122,24.7052803947396,0 79.6512385248972,24.7052781731471,0 79.6512375992088,24.7052759924236,0 79.6512366250218,24.7052740088708,0 79.6512496386325,24.7052836152822,0 79.6512516359675,24.7052850144015,0 79.6512537086882,24.7052863188106,0 79.6512558514185,24.705287525126,0 79.6512580586006,24.7052886302189,0 79.6512603245095,24.7052896312228,0 79.6512626432679,24.7052905255414,0 79.6512650088616,24.7052913108551,0 79.6512674151546,24.7052919851269,0 79.6512698559056,24.7052925466078,0 79.6512723247839,24.7052929938416,0 79.6512748153856,24.7052933256682,0 79.6512773212507,24.7052935412269,0 79.6512798358795,24.7052936399586,0 79.6512823527497,24.7052936216072,0 79.651305252758,24.7052929216073,0 79.6513077851986,24.7052927846819,0 79.6513103066112,24.7052925292219,0 79.6513128103519,24.7052921559002,0 79.6513152898233,24.7052916657007,0 79.6513177384919,24.7052910599149,0 79.6513201499055,24.7052903401392,0 79.6513225177101,24.7052895082701,0 79.6513248356665,24.7052885664997,0 79.6513270976668,24.7052875173094,0 79.6513292977506,24.705286363464,0 79.6513314301208,24.7052851080038,0 79.6513334891585,24.7052837542369,0 79.6513354694382,24.7052823057305,0 79.6513373657419,24.7052807663015,0 79.6513391730726,24.7052791400062,0 79.6513408866683,24.7052774311299,0 79.6513425020134,24.7052756441756,0 79.6513440148516,24.7052737838518,0 79.6513454211966,24.7052718550606,0 79.6513467173426,24.7052698628842,0 79.6513478998743,24.7052678125721,0 79.6513489656758,24.7052657095269,0 79.6513499119385,24.70526355929,0 79.6513507361692,24.7052613675275,0 79.6513541997659,24.70525132553,0 79.6513549082595,24.7052531552932,0 79.6513558271665,24.705255345724,0 79.6513568693769,24.7052574895963,0 79.651358032077,24.7052595811225,0 79.6513593121279,24.7052616146559,0 79.6513607060737,24.7052635847065,0 79.6513622101514,24.705265485956,0 79.6513638203002,24.7052673132713,0 79.6513655321733,24.7052690617193,0 79.6513673411491,24.7052707265797,0 79.651369242344,24.7052723033578,0 79.6513712306251,24.7052737877968,0 79.6513733006248,24.7052751758892,0 79.6513754467547,24.7052764638875,0 79.6513776632208,24.7052776483144,0 79.6513799440393,24.7052787259724,0 79.6513822830527,24.7052796939521,0 79.6513846739462,24.7052805496402,0 79.6513871102653,24.7052812907267,0 79.6513895854325,24.7052819152108,0 79.6513920927655,24.7052824214065,0 79.6513946254955,24.7052828079473,0 79.6513971767845,24.7052830737897,0 79.6513974812876,24.7052830909488,0 79.6513968910367,24.7052846508953,0 79.6513961063018,24.7052869162227,0 79.6513954531173,24.7052892161283,0 79.6513949332923,24.7052915442417,0 79.6513945482667,24.7052938941144,0 79.651394299107,24.7052962592376,0 79.6513941865034,24.7052986330602,0 79.6513942107677,24.7053010090072,0 79.6513943718327,24.7053033804975,0 79.6513946692524,24.7053057409624,0 79.6513951022028,24.7053080838639,0 79.6513956694849,24.7053104027124,0 79.6513963695273,24.705312691085,0 79.6513972003911,24.7053149426434,0 79.6513981597748,24.7053171511509,0 79.6513992450212,24.7053193104905,0 79.6514004531242,24.7053214146811,0 79.6514122531192,24.7053407146842,0 79.6514134865153,24.7053426206767,0 79.6514148207209,24.7053444691355,0 79.6514162525273,24.7053462556149,0 79.6514177784905,24.7053479758179,0 79.6514193949405,24.7053496256073,0 79.6514470404582,24.7053764857512,0 79.6514568461839,24.705403930542,0 79.6514569079807,24.7054051554584,0 79.6514571612575,24.7054075019409,0 79.6514575482928,24.7054098331436,0 79.6514580680308,24.7054121427078,0 79.6514587190538,24.705414424334,0 79.6514594995863,24.7054166717988,0 79.6514604074991,24.7054188789719,0 79.6514614403159,24.705421039833,0 79.6514625952196,24.7054231484883,0 79.65146386906,24.705425199186,0 79.6514652583626,24.7054271863327,0 79.651466759338,24.7054291045083,0 79.651468367892,24.7054309484807,0 79.6514700796372,24.7054327132202,0 79.6514718899046,24.7054343939134,0 79.6514737937565,24.705435985976,0 79.651475786,24.7054374850655,0 79.651477861201,24.7054388870929,0 79.6514800136991,24.705440188234,0 79.6514822376232,24.7054413849398,0 79.6514845269073,24.7054424739463,0 79.6514868753072,24.705443452283,0 79.6514892764172,24.7054443172814,0 79.6514917236882,24.705445066582,0 79.6514942104449,24.7054456981412,0 79.6514967299045,24.7054462102363,0 79.6514992751947,24.7054466014705,0 79.651508552665,24.7054478008399,0 79.6515349356795,24.7054890227203,0 79.6515309321005,24.7055073775559,0 79.6515304989606,24.7055096700564,0 79.6515301956672,24.7055119798958,0 79.6515300230257,24.7055143009408,0 79.6515299814946,24.7055166270285,0 79.6515300711842,24.7055189519822,0 79.6515302918561,24.7055212696287,0 79.6515306429247,24.7055235738138,0 79.6515311234576,24.7055258584194,0 79.6515317321789,24.705528117379,0 79.6515324674723,24.7055303446944,0 79.6515333273853,24.7055325344516,0 79.6515343096347,24.7055346808361,0 79.6515354116124,24.7055367781485,0 79.6515366303921,24.7055388208199,0 79.6515379627377,24.7055408034264,0 79.6515394051115,24.7055427207036,0 79.6515409536836,24.7055445675605,0 79.6515426043419,24.7055463390932,0 79.6515443527036,24.7055480305978,0 79.6515461941263,24.7055496375828,0 79.6515481237203,24.7055511557813,0 79.6515501363621,24.7055525811618,0 79.6515501559443,24.7055525936097,0 79.6515500059771,24.7055549159142,0 79.6515499883886,24.7055572673429,0 79.6515501048473,24.7055596164186,0 79.6515503550373,24.7055619567687,0 79.6515507382798,24.7055642820439,0 79.6515512535352,24.7055665859363,0 79.6515518994057,24.7055688621955,0 79.651552674139,24.7055711046465,0 79.6515535756336,24.7055733072057,0 79.6515546014436,24.7055754638979,0 79.6515557487863,24.7055775688723,0 79.651556466472,24.705578729828,0 79.651539112508,24.7055852051875,0 79.6515367434185,24.7055861560251,0 79.6515344320564,24.7055872188379,0 79.6515321847582,24.7055883907121,0 79.6515300076851,24.705589668435,0 79.6515279068055,24.7055910485037,0 79.6515258878791,24.7055925271347,0 79.6515239564409,24.7055941002742,0 79.6515221177858,24.7055957636095,0 79.6515203769548,24.7055975125805,0 79.6515187387203,24.7055993423922,0 79.6515172075736,24.7056012480282,0 79.6515157877124,24.7056032242642,0 79.6515144830293,24.7056052656822,0 79.6515132971012,24.7056073666856,0 79.6515122331792,24.7056095215144,0 79.6515112941803,24.7056117242612,0 79.6515104826787,24.7056139688869,0 79.6515098008991,24.7056162492379,0 79.6515092507107,24.7056185590625,0 79.6515088336219,24.7056208920282,0 79.6515085507761,24.7056232417392,0 79.6515084029488,24.7056256017536,0 79.6515083905453,24.7056279656014,0 79.6515085135996,24.705630326802,0 79.6515087717742,24.705632678882,0 79.6515091643615,24.7056350153932,0 79.6515096902851,24.70563732993,0 79.6515103481032,24.7056396161469,0 79.6515111360125,24.7056418677762,0 79.6515120518527,24.705644078645,0 79.6515130931132,24.7056462426921,0 79.6515142569392,24.7056483539846,0 79.6515155401401,24.7056504067345,0 79.651516939198,24.705652395314,0 79.6515184502773,24.7056543142714,0 79.6515200692354,24.7056561583457,0 79.6515217916337,24.7056579224814,0 79.6515236127503,24.705659601842,0 79.6515255275925,24.7056611918234,0 79.6515624422336,24.7056902684372,0 79.6515597042182,24.7057037851929,0 79.6515593008861,24.705706114949,0 79.6515590313005,24.7057084607687,0 79.6515588961974,24.705710816249,0 79.6515588959455,24.7057131749604,0 79.6515590305455,24.7057155304648,0 79.65155929963,24.7057178763325,0 79.6515597024645,24.7057202061604,0 79.6515602379495,24.705722513589,0 79.6515609046234,24.70572479232,0 79.6515617006663,24.7057270361334,0 79.6515626239056,24.7057292389047,0 79.651563671821,24.7057313946212,0 79.6515648415524,24.7057334973987,0 79.6515661299067,24.7057355414975,0 79.6515675333674,24.7057375213381,0 79.6515690481036,24.7057394315164,0 79.6515706699807,24.7057412668184,0 79.6515723945717,24.7057430222345,0 79.6515742171693,24.7057446929731,0 79.6515761327984,24.705746274474,0 79.6515781362303,24.7057477624202,0 79.6515802219965,24.7057491527504,0 79.6515823844036,24.7057504416694,0 79.6515846175493,24.7057516256591,0 79.651586915338,24.7057527014876,0 79.6515892714977,24.7057536662186,0 79.6515916795972,24.7057545172185,0 79.6515941330632,24.7057552521647,0 79.651596625199,24.7057558690509,0 79.651599149202,24.7057563661933,0 79.6516016981828,24.7057567422351,0 79.6516042651838,24.7057569961496,0 79.6516068431981,24.7057571272439,0 79.6516094251889,24.7057571351601,0 79.6516120041083,24.7057570198766,0 79.6516145729171,24.705756781708,0 79.6516171246036,24.7057564213046,0 79.6516196522026,24.7057559396499,0 79.651622148815,24.7057553380588,0 79.6516246076259,24.7057546181733,0 79.6516270219241,24.7057537819585,0 79.6516293851193,24.7057528316967,0 79.6516316907611,24.7057517699819,0 79.6516339325561,24.705750599712,0 79.6516361043851,24.7057493240814,0 79.6516382003201,24.705747946572,0 79.6516402146398,24.7057464709439,0 79.6516421418463,24.7057449012248,0 79.6516439766788,24.7057432416994,0 79.6516457141293,24.7057414968976,0 79.6516473494552,24.7057396715819,0 79.6516488781927,24.7057377707346,0 79.651650296169,24.7057357995442,0 79.6516515995137,24.7057337633913,0 79.6516527846692,24.7057316678337,0 79.6516538484006,24.7057295185913,0 79.6516547878043,24.7057273215306,0 79.6516612382108,24.705710988759,0 79.6516758727848,24.7057092279908,0 79.65168237031,24.7057193799399,0 79.6516820546386,24.7057934926804,0 79.6516286903693,24.7058459742109,0 79.651626998036,24.7058477274635,0 79.651625407307,24.7058495583834,0 79.6516239224467,24.7058514620622,0 79.6516225474356,24.7058534333968,0 79.6516212859597,24.7058554671026,0 79.6516201414006,24.7058575577278,0 79.6516191168266,24.705859699668,0 79.6516182149842,24.7058618871813,0 79.6516174382912,24.7058641144036,0 79.6516167888295,24.7058663753643,0 79.6516162683402,24.7058686640025,0 79.6516158782186,24.7058709741829,0 79.6516156195106,24.7058732997126,0 79.6516154929095,24.7058756343576,0 79.6516154987549,24.7058779718593,0 79.6516156370311,24.7058803059515,0 79.6516159073673,24.7058826303772,0 79.651616309039,24.7058849389052,0 79.6516168409693,24.7058872253471,0 79.6516175017323,24.7058894835735,0 79.6516182895567,24.7058917075308,0 79.6516192023305,24.7058938912572,0 79.6516202376069,24.7058960288987,0 79.6516213926106,24.7058981147249,0 79.6516226642454,24.7059001431443,0 79.6516240491023,24.7059021087192,0 79.6516255434691,24.7059040061806,0 79.6516271433395,24.7059058304418,0 79.651628844425,24.7059075766125,0 79.6516306421654,24.7059092400118,0 79.6516325317414,24.7059108161805,0 79.6516345080876,24.7059123008934,0 79.6518174081042,24.7060426009307,0 79.6518194668091,24.7060439907692,0 79.6518216015313,24.7060452813625,0 79.6518238065433,24.7060464692479,0 79.6518260759293,24.7060475512383,0 79.6518284036003,24.7060485244308,0 79.6520462036565,24.706133424461,0 79.6520486069483,24.7061342941341,0 79.6520510567305,24.7061350478232,0 79.6520535463009,24.7061356834663,0 79.6520560688485,24.7061361993244,0 79.6520586174719,24.7061365939862,0 79.6520611851985,24.7061368663719,0 79.6520637650034,24.7061370157363,0 79.6520663498285,24.7061370416709,0 79.6520689326022,24.7061369441046,0 79.6520715062584,24.7061367233043,0 79.6520740637559,24.7061363798742,0 79.6520765980979,24.7061359147538,0 79.6520791023507,24.7061353292157,0 79.6520815696631,24.7061346248617,0 79.6520839932848,24.7061338036188,0 79.6520863665852,24.706132867734,0 79.6520876599883,24.7061322826051,0 79.652346581704,24.7063518223266,0</coordinates></LinearRing></outerBoundaryIs><innerBoundaryIs><LinearRing><coordinates>79.653592205037,24.7063712676206,0 79.6535921913194,24.7063715128208,0 79.6535921218124,24.7063714114572,0 79.653592205037,24.7063712676206,0</coordinates></LinearRing></innerBoundaryIs><innerBoundaryIs><LinearRing><coordinates>79.6534670165273,24.7053341662218,0 79.6534676494624,24.7053335000381,0 79.6534692244834,24.705331657686,0 79.6534692609518,24.705331610146,0 79.653469700337,24.7053335629727,0 79.6534685231463,24.7053343598123,0 79.6534674557904,24.7053351667586,0 79.6534670165273,24.7053341662218,0</coordinates></LinearRing></innerBoundaryIs><innerBoundaryIs><LinearRing><coordinates>79.653030642312,24.7019071400495,0 79.653031942057,24.7019067442387,0 79.6530343344284,24.7019058870538,0 79.6530366747902,24.7019049174183,0 79.6530389568141,24.7019038379538,0 79.653048281798,24.7018991421591,0 79.6530481924976,24.7018994634936,0 79.6530476803883,24.7019018297662,0 79.653047307348,24.7019042176479,0 79.6530470744415,24.7019066203225,0 79.6530461292897,24.701920617497,0 79.653030642312,24.7019071400495,0</coordinates></LinearRing></innerBoundaryIs><innerBoundaryIs><LinearRing><coordinates>79.6529647964885,24.7018498380758,0 79.6529650569872,24.7018498401177,0 79.6529657694898,24.7018498119392,0 79.6529657641218,24.701850680154,0 79.6529647964885,24.7018498380758,0</coordinates></LinearRing></innerBoundaryIs><innerBoundaryIs><LinearRing><coordinates>79.6524670476193,24.7014166722334,0 79.6524683870875,24.7014167737078,0 79.6524757636348,24.7014171579032,0 79.652494734622,24.7014357680312,0 79.6524965456396,24.7014374539297,0 79.6524984506988,24.7014390509888,0 79.6525004445847,24.7014405548368,0 79.6525025218394,24.701441961357,0 79.6525046767764,24.7014432666993,0 79.652506903497,24.7014444672902,0 79.6525091959056,24.7014455598435,0 79.652511547727,24.7014465413682,0 79.6525139525233,24.7014474091777,0 79.6525164037118,24.7014481608962,0 79.6525188945823,24.7014487944662,0 79.6525214183166,24.7014493081532,0 79.6525224257732,24.701449463201,0 79.6525224062563,24.7014495541082,0 79.652522181244,24.7014499406742,0 79.65252109994,24.7014520552229,0 79.6525201396985,24.7014542179954,0 79.6525193030855,24.701456423212,0 79.6525185923371,24.7014586649792,0 79.6525180093525,24.701460937306,0 79.6525179950981,24.7014610094736,0 79.6524670476193,24.7014166722334,0</coordinates></LinearRing></innerBoundaryIs><innerBoundaryIs><LinearRing><coordinates>79.6521598216417,24.7012434070872,0 79.6521587489316,24.7012423438586,0 79.6521572584931,24.7012410136064,0 79.6521580114152,24.7012410315476,0 79.6521605687604,24.7012410320163,0 79.6521627105271,24.7012409310568,0 79.6521598216417,24.7012434070872,0</coordinates></LinearRing></innerBoundaryIs><innerBoundaryIs><LinearRing><coordinates>79.6502885878693,24.7028471866183,0 79.6502874065111,24.7028451586832,0 79.6502860792669,24.7028431414088,0 79.6502846387468,24.7028411900646,0 79.6502842568763,24.7028407268299,0 79.6502904197887,24.7028456165666,0 79.6502885878693,24.7028471866183,0</coordinates></LinearRing></innerBoundaryIs><innerBoundaryIs><LinearRing><coordinates>79.6497312718528,24.7026697653197,0 79.6497288948654,24.7026703583993,0 79.6497275116771,24.7026707722193,0 79.6497315273089,24.7026655022264,0 79.649740525661,24.7026680820009,0 79.6497398782428,24.7026681812135,0 79.649733678245,24.7026692812132,0 79.6497312718528,24.7026697653197,0</coordinates></LinearRing></innerBoundaryIs><innerBoundaryIs><LinearRing><coordinates>79.650049875841,24.7033661820037,0 79.6500503194963,24.7033638080176,0 79.6500506239447,24.7033614157968,0 79.6500507883199,24.7033590121485,0 79.6500508121542,24.7033566039126,0 79.6500503526068,24.7033327998482,0 79.6500513910734,24.7033349298637,0 79.6500525518077,24.7033370132468,0 79.6500538290344,24.7033390389491,0 79.65005485474,24.7033404868723,0 79.6500547862929,24.7033419891768,0 79.6500548121155,24.7033443231174,0 79.6500549699429,24.7033466527197,0 79.6500552593531,24.7033489717572,0 79.6500556795726,24.7033512740314,0 79.6500562294784,24.7033535533889,0 79.6500569076005,24.7033558037372,0 79.6500577121266,24.7033580190617,0 79.6500586409062,24.7033601934412,0 79.6500596914568,24.703362321064,0 79.6500608609707,24.7033643962432,0 79.6500611599235,24.7033648654102,0 79.6500588559602,24.7033657332246,0 79.6500564869928,24.7033667630978,0 79.6500541811895,24.7033679063661,0 79.6500519450483,24.7033691598076,0 79.6500484253408,24.7033712522035,0 79.6500485763523,24.7033708483204,0 79.6500492942414,24.7033685309994,0 79.650049875841,24.7033661820037,0</coordinates></LinearRing></innerBoundaryIs><innerBoundaryIs><LinearRing><coordinates>79.6513658718253,24.7018568907425,0 79.6513663312496,24.7018577364339,0 79.6513676205517,24.701859823649,0 79.6513690292793,24.7018618454196,0 79.6513705534627,24.7018637960487,0 79.6513721888066,24.7018656700391,0 79.6513739307028,24.7018674621099,0 79.6513753160884,24.7018687434618,0 79.6513716028158,24.7018668379666,0 79.6513693318217,24.7018657425063,0 79.6513670016009,24.7018647563012,0 79.6513646184461,24.7018638820146,0 79.6513623214513,24.7018631635034,0 79.6513625069147,24.7018541250676,0 79.6513639068788,24.7018553473487,0 79.6513658718253,24.7018568907425,0</coordinates></LinearRing></innerBoundaryIs><innerBoundaryIs><LinearRing><coordinates>79.6514101698551,24.7018836841763,0 79.651401655565,24.7018846915921,0 79.6513944067652,24.7018794251174,0 79.6513960006105,24.701879897569,0 79.6514086006144,24.7018832975703,0 79.6514101698551,24.7018836841763,0</coordinates></LinearRing></innerBoundaryIs><innerBoundaryIs><LinearRing><coordinates>79.6501571949379,24.7036983351622,0 79.6501549413147,24.7036971550667,0 79.6501526229293,24.7036960847763,0 79.6501502461866,24.7036951272478,0 79.6501499718694,24.7036950321253,0 79.6501511476385,24.7036863314082,0 79.6501513938193,24.7036840237055,0 79.6501515099824,24.7036817074999,0 79.6501514958215,24.7036793889007,0 79.6501513513738,24.7036770740235,0 79.6501510770204,24.7036747689739,0 79.650150673485,24.7036724798318,0 79.6501501418319,24.7036702126351,0 79.6501440418233,24.7036471126367,0 79.6501433867243,24.7036448834486,0 79.6501432696389,24.7036445534129,0 79.6501773074015,24.7036493277521,0 79.6501646341979,24.7036882190136,0 79.6501639441698,24.7036905657525,0 79.6501633933539,24.703692943008,0 79.6501629833459,24.7036953438934,0 79.6501627153334,24.7036977614536,0 79.650162590093,24.7037001886851,0 79.6501626022174,24.7037018350456,0 79.6501614831889,24.7037010114325,0 79.6501593775726,24.7036996218023,0 79.6501571949379,24.7036983351622,0</coordinates></LinearRing></innerBoundaryIs><innerBoundaryIs><LinearRing><coordinates>79.6504839399905,24.7039223019073,0 79.6504832311412,24.7039217367881,0 79.6504840370216,24.7039206314084,0 79.6504853594458,24.7039185932908,0 79.6504857890576,24.7039178441633,0 79.6504953237524,24.7039227912124,0 79.6504952793862,24.7039228016883,0 79.6504934735896,24.7039233219629,0 79.6504839399905,24.7039223019073,0</coordinates></LinearRing></innerBoundaryIs><innerBoundaryIs><LinearRing><coordinates>79.6504529298723,24.704099699377,0 79.6504517542727,24.7041017059173,0 79.6504506908561,24.7041037640289,0 79.6504505987775,24.7041039683184,0 79.6504286587831,24.7040800809923,0 79.6504269356882,24.7040783021719,0 79.650425112567,24.7040766086023,0 79.6504231944661,24.7040750049713,0 79.650421186695,24.7040734957179,0 79.6504190948112,24.7040720850199,0 79.6504169246054,24.704070776782,0 79.6504146820847,24.7040695746258,0 79.6504123734567,24.7040684818787,0 79.6504100051118,24.7040675015657,0 79.6504075836057,24.7040666364002,0 79.6504051156414,24.7040658887771,0 79.6504026080503,24.704065260766,0 79.6504000677737,24.7040647541051,0 79.6503975018433,24.704064370197,0 79.6503949173616,24.7040641101043,0 79.6503923214828,24.704063974547,0 79.6503897213925,24.7040639639004,0 79.6503871242878,24.7040640781938,0 79.6503845373577,24.7040643171109,0 79.6503819677631,24.7040646799905,0 79.6503794226168,24.7040651658279,0 79.6503769089639,24.7040657732784,0 79.6503744337624,24.7040665006606,0 79.6503720038638,24.7040673459609,0 79.6503696259943,24.7040683068394,0 79.6503673067361,24.7040693806365,0 79.6503650525088,24.7040705643798,0 79.6503628695526,24.7040718547926,0 79.6503607639098,24.7040732483029,0 79.6503587414092,24.7040747410533,0 79.6503522067022,24.7040798294128,0 79.6503522765438,24.7040794353345,0 79.6503525571728,24.7040770632322,0 79.6503527002314,24.704074680899,0 79.6503527053203,24.7040722949883,0 79.6503525724251,24.7040699121639,0 79.6503523019171,24.7040675390807,0 79.6503518945518,24.7040651823664,0 79.6503513514669,24.7040628486032,0 79.6503506741792,24.7040605443089,0 79.6503498645803,24.7040582759193,0 79.6503489249313,24.7040560497697,0 79.6503478578567,24.7040538720776,0 79.6503466663365,24.7040517489249,0 79.6503453536987,24.7040496862415,0 79.6503439236092,24.7040476897883,0 79.6503423800622,24.704045765141,0 79.6503407273687,24.704043917675,0 79.6503389701444,24.7040421525502,0 79.6503371132972,24.7040404746962,0 79.6503364190926,24.7040399104848,0 79.6503412782926,24.704036877792,0 79.6503434420252,24.704035447534,0 79.650345518019,24.7040339125821,0 79.6503475002111,24.7040322774192,0 79.6503493828123,24.7040305468208,0 79.6503511603245,24.7040287258413,0 79.6503528275564,24.7040268197988,0 79.6503543796389,24.70402483426,0 79.6503558120389,24.7040227750238,0 79.6503610657524,24.7040147511664,0 79.6503753115163,24.7039939228674,0 79.6503766074731,24.7039919144895,0 79.6503777882121,24.703989847674,0 79.6503779943295,24.7039894364101,0 79.6503804228335,24.7039898075883,0 79.6503829919,24.7039900749884,0 79.6503837434621,24.7039901170047,0 79.650392117846,24.7040006883748,0 79.6504002615882,24.7040327152542,0 79.6504009079665,24.7040349874856,0 79.6504016827707,24.704037225949,0 79.6504025839054,24.7040394245911,0 79.650403608934,24.7040415774666,0 79.6504047550846,24.7040436787536,0 79.6504060192578,24.7040457227701,0 79.6504073980351,24.7040477039886,0 79.6504088876882,24.7040496170516,0 79.6504104841887,24.7040514567859,0 79.6504121832194,24.7040532182167,0 79.650413980186,24.7040548965806,0 79.6504158702291,24.7040564873392,0 79.6504178482379,24.7040579861908,0 79.6504199088633,24.7040593890822,0 79.6504220465333,24.7040606922198,0 79.6504242554672,24.7040618920798,0 79.6504265296916,24.7040629854175,0 79.6504288630568,24.7040639692763,0 79.650431249253,24.7040648409958,0 79.6504336818275,24.7040655982187,0 79.6504361542022,24.7040662388973,0 79.6504386596915,24.7040667612992,0 79.6504411915201,24.7040671640117,0 79.6504437428416,24.7040674459457,0 79.6504463067568,24.7040676063389,0 79.6504488763324,24.7040676447576,0 79.65045144462,24.7040675610979,0 79.6504540046744,24.704067355586,0 79.650456549573,24.7040670287776,0 79.6504590724337,24.7040665815565,0 79.6504615664346,24.704066015132,0 79.6504766330928,24.7040622106776,0 79.6504743804363,24.7040653724153,0 79.6504728298792,24.7040676993829,0 79.6504529298723,24.704099699377,0</coordinates></LinearRing></innerBoundaryIs><innerBoundaryIs><LinearRing><coordinates>79.6505707263348,24.7042021944721,0 79.6505693159106,24.7042001794916,0 79.6505677906565,24.7041982355729,0 79.6505661548531,24.7041963681714,0 79.6505655655049,24.7041957639753,0 79.6505675362929,24.7041945599635,0 79.6505696042332,24.7041931484636,0 79.6505715886728,24.7041916402461,0 79.6505734841974,24.7041900394259,0 79.65057417856,24.704189388381,0 79.6505746511274,24.7041901648457,0 79.6505806682294,24.7041994686059,0 79.6505799458034,24.7042001287897,0 79.6505782144102,24.7042018860792,0 79.6505765860938,24.7042037237608,0 79.6505750653197,24.7042056367948,0 79.6505737187004,24.7042075320531,0 79.6505731871934,24.7042064148144,0 79.6505720179707,24.7042042748592,0 79.6505707263348,24.7042021944721,0</coordinates></LinearRing></innerBoundaryIs><innerBoundaryIs><LinearRing><coordinates>79.6502690537212,24.7038559636913,0 79.6502681856833,24.703861649326,0 79.650267282175,24.7038611751849,0 79.6502670203921,24.7038610540489,0 79.650268249044,24.7038486650944,0 79.6502683379523,24.7038486790198,0 79.6502706321674,24.7038493400651,0 79.650270013392,24.7038514053838,0 79.6502694693855,24.7038536732628,0 79.6502690537212,24.7038559636913,0</coordinates></LinearRing></innerBoundaryIs><innerBoundaryIs><LinearRing><coordinates>79.6503183422073,24.7050770921734,0 79.6503199585973,24.7050789975832,0 79.6503216840127,24.705080821462,0 79.6503235135343,24.7050825586098,0 79.6503254419464,24.7050842040743,0 79.650327463751,24.7050857531641,0 79.6503295731839,24.7050872014628,0 79.6503317642314,24.7050885448414,0 79.6503340306466,24.70508977947,0 79.6503363659682,24.7050909018286,0 79.6503387635381,24.7050919087173,0 79.650341216521,24.7050927972657,0 79.6503437179235,24.7050935649404,0 79.650346260614,24.7050942095529,0 79.6503476944723,24.7050944987544,0 79.6503370131198,24.7050991558232,0 79.6503347065833,24.7051002301192,0 79.6503324647982,24.705101413288,0 79.650330293917,24.7051027020824,0 79.6503281998975,24.7051040929654,0 79.6503261884869,24.7051055821197,0 79.6503242652053,24.7051071654585,0 79.6503224988231,24.7051087805812,0 79.6503211876058,24.7051074792968,0 79.6503193706655,24.7051058526983,0 79.6503174645064,24.7051043136668,0 79.6503154741793,24.7051028662805,0 79.6503134049582,24.7051015143745,0 79.6503112623259,24.7051002615311,0 79.65030905196,24.70509911107,0 79.6503079752652,24.7050986158857,0 79.6503082308321,24.7050979909286,0 79.6503090057187,24.7050957452409,0 79.6503096513852,24.705093465701,0 79.6503101660752,24.7050911585094,0 79.6503105483887,24.7050888299419,0 79.6503107972859,24.7050864863325,0 79.6503109120896,24.7050841340559,0 79.6503108924877,24.7050817795107,0 79.6503107385335,24.7050794291013,0 79.6503104506456,24.7050770892212,0 79.6503100296073,24.705074766235,0 79.6503094765638,24.7050724664616,0 79.6503087930194,24.7050701961564,0 79.6503079808335,24.705067961495,0 79.6503070422152,24.7050657685558,0 79.6503059797178,24.7050636233038,0 79.6503047962313,24.7050615315743,0 79.6503034949749,24.7050594990571,0 79.6503022433396,24.7050577590631,0 79.6503035766104,24.7050565309395,0 79.6503042394547,24.7050575106616,0 79.650316839451,24.7050751106649,0 79.6503183422073,24.7050770921734,0</coordinates></LinearRing></innerBoundaryIs><innerBoundaryIs><LinearRing><coordinates>79.6503116758575,24.7052758005622,0 79.6503109677097,24.7052735242842,0 79.6503101299715,24.7052712850301,0 79.6503091649446,24.7052690889518,0 79.6503080752804,24.705266942083,0 79.6503042752784,24.7052599420841,0 79.6503030740683,24.7052578667145,0 79.6503019691256,24.7052561765955,0 79.6503020794076,24.7052561925298,0 79.6503043247972,24.7052564689249,0 79.6503065816943,24.7052566510165,0 79.6503088453556,24.7052567384219,0 79.6503111110232,24.7052567309573,0 79.6503276110292,24.7052563309574,0 79.65033015521,24.7052562092708,0 79.6503326891456,24.7052559679732,0 79.6503352061022,24.7052556077059,0 79.6503376993911,24.7052551294262,0 79.6503401623863,24.7052545344052,0 79.6503417064077,24.7052540824415,0 79.6503430627282,24.7052547091329,0 79.6503454426223,24.7052556686401,0 79.6503478744872,24.7052565124195,0 79.650350351585,24.7052572381334,0 79.6503539735833,24.705258204,0 79.6503122769995,24.7052782365666,0 79.6503122524694,24.7052781076099,0 79.6503116758575,24.7052758005622,0</coordinates></LinearRing></innerBoundaryIs><innerBoundaryIs><LinearRing><coordinates>79.6501471590583,24.7054477465561,0 79.6501456838175,24.7054474116228,0 79.6501459653597,24.7054462474919,0 79.6501471590583,24.7054477465561,0</coordinates></LinearRing></innerBoundaryIs><innerBoundaryIs><LinearRing><coordinates>79.6503956405091,24.7053964092043,0 79.6503954867631,24.7053962591808,0 79.6504019552316,24.7053913033373,0 79.6504022018189,24.7053913891338,0 79.6504030770832,24.7053916474919,0 79.6503999456168,24.7054015488776,0 79.6503988379452,24.7054000603524,0 79.6503972910041,24.7053981969387,0 79.6503956405091,24.7053964092043,0</coordinates></LinearRing></innerBoundaryIs><innerBoundaryIs><LinearRing><coordinates>79.6506330621834,24.7053285949424,0 79.6506331201999,24.7053262127107,0 79.6506330405485,24.7053238310008,0 79.6506328234512,24.7053214564473,0 79.6506324695127,24.7053190956649,0 79.650631979719,24.7053167552298,0 79.6506315880374,24.7053153036769,0 79.6506318476818,24.7053155647623,0 79.6506337819167,24.7053173069784,0 79.6506358180135,24.7053189494809,0 79.6506379498213,24.7053204873077,0 79.6506401708998,24.7053219158132,0 79.6506401770859,24.7053219193441,0 79.6506394301177,24.7053249072127,0 79.6506384359267,24.7053259957285,0 79.6506368818973,24.705327891004,0 79.650635438788,24.7053298581086,0 79.6506341105689,24.7053318916306,0 79.6506329008942,24.7053339859754,0 79.6506321814138,24.7053354076083,0 79.6506325341765,24.7053333344436,0 79.6506328666608,24.7053309710597,0 79.6506330621834,24.7053285949424,0</coordinates></LinearRing></innerBoundaryIs><innerBoundaryIs><LinearRing><coordinates>79.6506232685576,24.70519173481,0 79.650622293538,24.7051895388177,0 79.650621193726,24.7051873925874,0 79.6506180306578,24.7051816196389,0 79.6506190427889,24.7051809755554,0 79.6506243278302,24.7051860580344,0 79.650625133865,24.7051868461575,0 79.6506268335503,24.7051899555844,0 79.6506264536735,24.7051915457196,0 79.6506260316563,24.7051939064132,0 79.6506257470974,24.705196284212,0 79.6506257018768,24.7051970223896,0 79.6506253555495,24.7051973329328,0 79.6506251582048,24.7051975297698,0 79.6506248338258,24.7051962517587,0 79.6506241160986,24.7051939745139,0 79.6506232685576,24.70519173481,0</coordinates></LinearRing></innerBoundaryIs><innerBoundaryIs><LinearRing><coordinates>79.6505208713817,24.7052264477703,0 79.6505226740462,24.705226078748,0 79.6505251830041,24.7052254365804,0 79.6505276514261,24.7052246745079,0 79.650529833213,24.7052238815937,0 79.6505351517967,24.705231615791,0 79.6505365888886,24.7052335886687,0 79.6505381373209,24.7052354899427,0 79.6505397928273,24.7052373143746,0 79.6505415243606,24.7052390306846,0 79.6505237323291,24.7052280695235,0 79.6505213888287,24.7052267116139,0 79.6505208713817,24.7052264477703,0</coordinates></LinearRing></innerBoundaryIs><innerBoundaryIs><LinearRing><coordinates>79.6510390007344,24.7052394455292,0 79.6510388393443,24.7052413770505,0 79.6510387799205,24.7052438072481,0 79.6510388637644,24.7052462368449,0 79.651039090633,24.7052486587976,0 79.6510394598685,24.7052510660849,0 79.6510399704005,24.7052534517283,0 79.6510406207491,24.7052558088117,0 79.6510412759273,24.7052577384834,0 79.6510362577308,24.7052541941629,0 79.6510276622445,24.7052442186744,0 79.6510283788827,24.7052436403518,0 79.651030228078,24.7052419825545,0 79.6510319796266,24.7052402385042,0 79.6510336287145,24.7052384129945,0 79.6510351708093,24.7052365110425,0 79.6510358478468,24.7052355774047,0 79.6510369303455,24.705237026218,0 79.6510385116047,24.7052389197846,0 79.6510390007344,24.7052394455292,0</coordinates></LinearRing></innerBoundaryIs><innerBoundaryIs><LinearRing><coordinates>79.6509091938075,24.7053495637357,0 79.6509081282089,24.705347426219,0 79.6509069423635,24.705345342221,0 79.6509056394808,24.7053433173819,0 79.6509042230873,24.7053413571822,0 79.6509026970164,24.7053394669272,0 79.6509016975445,24.7053382940781,0 79.6509006687186,24.7053286525454,0 79.6509011954002,24.705328476266,0 79.6509041560093,24.7053363562185,0 79.6509050474445,24.7053385430848,0 79.6509060613837,24.7053406849516,0 79.6509071951178,24.7053427760965,0 79.6509084456179,24.7053448109325,0 79.6509098095431,24.7053467840233,0 79.6509112832493,24.7053486900974,0 79.6509128627993,24.7053505240622,0 79.650913691009,24.705351389605,0 79.6509134381278,24.7053518951421,0 79.6509127381274,24.7053533951419,0 79.6509117864628,24.7053555920702,0 79.6509115995643,24.7053560996704,0 79.6509109530613,24.7053539760544,0 79.6509101362753,24.7053517489856,0 79.6509091938075,24.7053495637357,0</coordinates></LinearRing></innerBoundaryIs><innerBoundaryIs><LinearRing><coordinates>79.6504597687983,24.7049204050491,0 79.6504591472195,24.7049217025736,0 79.650458855703,24.7049215825114,0 79.650456506673,24.7049207439808,0 79.6504453066762,24.7049170439822,0 79.6504422061224,24.7049161241389,0 79.6504294191005,24.7049127522199,0 79.6504294173724,24.7049127030874,0 79.6504359172205,24.7048957940462,0 79.650437920975,24.7048969738142,0 79.6504401978832,24.7048982387634,0 79.6504446468064,24.7049010734761,0 79.6504484254629,24.7049052719846,0 79.6504501013668,24.7049070387896,0 79.6504518751412,24.7049087239735,0 79.6504537420299,24.7049103230175,0 79.6504556970268,24.7049118316337,0 79.6504577348896,24.7049132457768,0 79.6504598501538,24.7049145616548,0 79.6504620371474,24.7049157757393,0 79.6504624058499,24.7049159572438,0 79.6504622564916,24.7049161690366,0 79.6504609508843,24.7049182567742,0 79.6504597687983,24.7049204050491,0</coordinates></LinearRing></innerBoundaryIs><innerBoundaryIs><LinearRing><coordinates>79.6506135022546,24.7049281740812,0 79.6506111383889,24.7049291928882,0 79.6506088367916,24.704930324439,0 79.6506066039005,24.7049315655686,0 79.6506044459613,24.7049329128052,0 79.6506023690099,24.7049343623807,0 79.6506003788558,24.7049359102402,0 79.6505984810658,24.7049375520544,0 79.6505966809481,24.7049392832308,0 79.650594983538,24.7049410989271,0 79.6505933935833,24.7049429940646,0 79.6505919155312,24.7049449633424,0 79.6505905535162,24.7049470012521,0 79.6505893281114,24.7049490737418,0 79.6505902996069,24.7049471234341,0 79.6505912416491,24.704944937123,0 79.6505920579043,24.7049427090006,0 79.6505927461619,24.7049404451016,0 79.6505966820295,24.704926056583,0 79.6505981760369,24.704923923176,0 79.6505986944145,24.7049231196903,0 79.6505991452985,24.7049232432367,0 79.650601455072,24.7049237668695,0 79.6506037897619,24.7049241883161,0 79.6506061439541,24.7049245065992,0 79.6506085121897,24.7049247209809,0 79.6506108889769,24.7049248309638,0 79.6506230595715,24.7049251260089,0 79.6506183901871,24.7049264857741,0 79.6506159217765,24.7049272708677,0 79.6506135022546,24.7049281740812,0</coordinates></LinearRing></innerBoundaryIs><innerBoundaryIs><LinearRing><coordinates>79.6505863369344,24.7049557226642,0 79.6505856054056,24.7049580149584,0 79.650585007564,24.7049603393776,0 79.6505845450818,24.7049626894202,0 79.6505842192527,24.7049650585129,0 79.6505840309881,24.7049674400289,0 79.6505840220156,24.7049678669404,0 79.6505809732353,24.7049638922355,0 79.6505793469514,24.7049618918655,0 79.6505792825789,24.7049618211929,0 79.6505804386036,24.7049607777118,0 79.6505821716159,24.70495904157,0 79.6505838034073,24.7049572254151,0 79.6505853295583,24.7049553341662,0 79.6505867459351,24.7049533729455,0 79.6505880487016,24.7049513470652,0 79.6505891674471,24.7049493796318,0 79.6505881925006,24.7049512599905,0 79.6505872001042,24.7049534689069,0 79.6505863369344,24.7049557226642,0</coordinates></LinearRing></innerBoundaryIs><innerBoundaryIs><LinearRing><coordinates>79.6504002146295,24.7041901399807,0 79.6504001679221,24.7041902396903,0 79.6503992697752,24.70419247651,0 79.6503988653844,24.7041936758922,0 79.6503984262409,24.7041916490797,0 79.6503985702479,24.7041900760736,0 79.6504002146295,24.7041901399807,0</coordinates></LinearRing></innerBoundaryIs><innerBoundaryIs><LinearRing><coordinates>79.6538034420148,24.7030469094956,0 79.6538025973106,24.7030447914025,0 79.6538016379249,24.703042714469,0 79.6538005662497,24.7030406838734,0 79.6537938241045,24.7030286843269,0 79.6537940356423,24.7030287644163,0 79.6537965874214,24.7030295841801,0 79.6537991844756,24.7030302751696,0 79.6538018190245,24.7030308353147,0 79.6538044831754,24.7030312629373,0 79.6538071689469,24.7030315567563,0 79.6538129012081,24.7030320389092,0 79.6538141669684,24.7030337450192,0 79.6538158093548,24.7030357165403,0 79.6538175676535,24.7030376027879,0 79.6538194365696,24.7030393980815,0 79.6538205390909,24.7030403470177,0 79.6538199756837,24.7030409661946,0 79.6538184169333,24.7030428757867,0 79.6538169706051,24.7030448578276,0 79.6538156407256,24.7030469067994,0 79.653814430997,24.703049016998,0 79.653813344787,24.7030511825489,0 79.6538128711491,24.7030522756865,0 79.6538127410773,24.7030523223304,0 79.6538103795161,24.7030533027656,0 79.6538080775211,24.7030543950497,0 79.6538058633596,24.7030555843961,0 79.6538047792459,24.7030512479477,0 79.6538041699315,24.7030490634675,0 79.6538034420148,24.7030469094956,0</coordinates></LinearRing></innerBoundaryIs><innerBoundaryIs><LinearRing><coordinates>79.6518738296355,24.7014145388127,0 79.6518713213325,24.7014150885298,0 79.6518688478438,24.7014157570623,0 79.651866415908,24.7014165425886,0 79.6518658915484,24.7014167406469,0 79.6518721041882,24.7013988557541,0 79.6518727995638,24.7013966631039,0 79.6518733727278,24.7013944411454,0 79.6518735882461,24.7013933644411,0 79.6518760655177,24.7013937605199,0 79.6518786498693,24.7013940465821,0 79.6518792871502,24.7013940861699,0 79.6518790668811,24.7013952841297,0 79.6518787731177,24.7013976219903,0 79.6518786130967,24.7013999706586,0 79.6518785872529,24.7014023237537,0 79.6518786956565,24.7014046748825,0 79.651878938013,24.7014070176572,0 79.651879313664,24.701409345713,0 79.6518798215889,24.7014116527247,0 79.6518803939707,24.7014136953365,0 79.6518789232733,24.7014138014869,0 79.651876365919,24.7014141094084,0 79.6518738296355,24.7014145388127,0</coordinates></LinearRing></innerBoundaryIs><innerBoundaryIs><LinearRing><coordinates>79.6520515900956,24.7010757849304,0 79.6520506104219,24.7010771921545,0 79.652049993633,24.7010781916572,0 79.6520442844433,24.7010722719914,0 79.652044644482,24.7010724740479,0 79.6520469188485,24.7010736050145,0 79.6520515900956,24.7010757849304,0</coordinates></LinearRing></innerBoundaryIs><innerBoundaryIs><LinearRing><coordinates>79.6522646697638,24.7012343284791,0 79.6522659250402,24.7012336592153,0 79.6522659679061,24.7012337042306,0 79.652267580851,24.7012352305881,0 79.6522667943882,24.7012349744603,0 79.652265218432,24.701234488367,0 79.6522646697638,24.7012343284791,0</coordinates></LinearRing></innerBoundaryIs><innerBoundaryIs><LinearRing><coordinates>79.6544042480837,24.703282622934,0 79.6544016807966,24.7032825533822,0 79.6544011424517,24.703282564366,0 79.6544022846653,24.7032813602775,0 79.6544038795604,24.7032794887929,0 79.654405364669,24.7032775433746,0 79.6544067358923,24.7032755293917,0 79.6544075737363,24.703274141184,0 79.6544084099679,24.70327403487,0 79.6544103845703,24.7032736852946,0 79.654410450631,24.7032759108202,0 79.6544106577832,24.7032782790402,0 79.6544110010194,24.7032806340262,0 79.654411479389,24.7032829692568,0 79.6544116071397,24.7032835132997,0 79.6544093534759,24.7032831267824,0 79.6544068079483,24.7032828142396,0 79.6544042480837,24.703282622934,0</coordinates></LinearRing></innerBoundaryIs><innerBoundaryIs><LinearRing><coordinates>79.6543561256154,24.7033077916786,0 79.6543520403352,24.7033111256428,0 79.6543455757107,24.7033056776334,0 79.6543461165653,24.7033035510068,0 79.6543465725424,24.7033012006478,0 79.6543468919012,24.7032988315577,0 79.6543470737491,24.7032964503593,0 79.6543470990097,24.7032950748149,0 79.654348300377,24.7032954775285,0 79.6543507813232,24.7032961764959,0 79.6543532990273,24.7032967554737,0 79.6543558465408,24.703297212864,0 79.6543584168328,24.7032975474044,0 79.6543610028096,24.7032977581716,0 79.6543635973343,24.7032978445841,0 79.6543644620398,24.7032978318659,0 79.6543634116423,24.7032989329575,0 79.6543618270713,24.7033007795455,0 79.6543561256154,24.7033077916786,0</coordinates></LinearRing></innerBoundaryIs><innerBoundaryIs><LinearRing><coordinates>79.6498506189648,24.7027448021318,0 79.6498497989358,24.7027425460538,0 79.6498532965554,24.7027346675699,0 79.6498541993551,24.7027324718772,0 79.6498542455137,24.7027323390294,0 79.649855989018,24.7027336710675,0 79.6498566850455,24.7027341490996,0 79.6498506189648,24.7027448021318,0</coordinates></LinearRing></innerBoundaryIs><innerBoundaryIs><LinearRing><coordinates>79.6526013507092,24.7067514181122,0 79.652598747838,24.7067513531493,0 79.6525975678588,24.7067513805112,0 79.6526007820586,24.7067483926633,0 79.6526015008119,24.7067496645443,0 79.6526026869734,24.7067515159854,0 79.6526013507092,24.7067514181122,0</coordinates></LinearRing></innerBoundaryIs><innerBoundaryIs><LinearRing><coordinates>79.6528549634232,24.7068891202891,0 79.652856955372,24.7068906055993,0 79.6528574340536,24.7068909261313,0 79.6528613040247,24.7069028919169,0 79.6528621532925,24.7069052727327,0 79.652862472682,24.7069060238982,0 79.6528541940284,24.7069088096058,0 79.6528529419846,24.7069087176817,0 79.6528503027496,24.7069086531252,0 79.6528476635068,24.7069087174135,0 79.6528450317883,24.7069089103631,0 79.6528424151047,24.7069092314233,0 79.6528398209239,24.7069096796778,0 79.6528372566492,24.7069102538475,0 79.652834729599,24.7069109522936,0 79.6528322469852,24.7069117730229,0 79.6528298158929,24.7069127136931,0 79.6528274432602,24.7069137716196,0 79.6528251358584,24.7069149437832,0 79.6528247139553,24.7069151859233,0 79.6528287281525,24.7068880342788,0 79.6528305889584,24.7068880065267,0 79.652852470901,24.7068871608496,0 79.6528549634232,24.7068891202891,0</coordinates></LinearRing></innerBoundaryIs><innerBoundaryIs><LinearRing><coordinates>79.6534834371562,24.7069706781575,0 79.6534856542901,24.7069694215736,0 79.6534877957372,24.7069680598493,0 79.653489855529,24.7069665967798,0 79.6534918279241,24.7069650364434,0 79.653493707425,24.706963383189,0 79.6534937637404,24.7069633281319,0 79.6534961919862,24.7069635394143,0 79.6534987541526,24.706963640272,0 79.6535013185967,24.7069636195794,0 79.653503878413,24.7069634773922,0 79.6535064267088,24.7069632140934,0 79.6535089566221,24.7069628303918,0 79.6535114613406,24.7069623273208,0 79.6535139341197,24.7069617062349,0 79.6535163683011,24.7069609688065,0 79.6535597683143,24.7069466688023,0 79.6535621696267,24.7069458122958,0 79.6535645187829,24.7069448425718,0 79.6535668093913,24.7069437622686,0 79.6535690352197,24.7069425743254,0 79.6535711902122,24.7069412819745,0 79.6535732685055,24.7069398887319,0 79.653575264445,24.7069383983884,0 79.6535771726003,24.7069368149989,0 79.6535789877797,24.7069351428714,0 79.6535807050444,24.7069333865555,0 79.6535823197223,24.7069315508295,0 79.6535838274201,24.7069296406882,0 79.6535852240358,24.7069276613286,0 79.6535865057694,24.7069256181361,0 79.6535876691337,24.7069235166697,0 79.6535887109635,24.7069213626471,0 79.6535896284241,24.7069191619289,0 79.6535904190193,24.7069169205026,0 79.6535910805982,24.7069146444668,0 79.6535916113608,24.7069123400141,0 79.6535920098628,24.7069100134142,0 79.6535922750203,24.7069076709973,0 79.6535924061116,24.7069053191367,0 79.6535924027802,24.7069029642312,0 79.6535922650351,24.706900612688,0 79.6535919932511,24.706898270905,0 79.6535918350076,24.7068973624026,0 79.6535928989529,24.7068971310289,0 79.6535953794478,24.7068964646249,0 79.6535978183965,24.7068956806267,0 79.6536002091237,24.7068947811802,0 79.6536025450858,24.7068937687471,0 79.6536048198895,24.7068926460985,0 79.6536070273084,24.706891416307,0 79.653609161301,24.7068900827387,0 79.6536112160265,24.7068886490433,0 79.6536131858611,24.7068871191451,0 79.6536150654134,24.7068854972313,0 79.653616849539,24.7068837877412,0 79.6536185333548,24.7068819953535,0 79.6536201122522,24.706880124974,0 79.6536215819097,24.7068781817221,0 79.653622938305,24.7068761709162,0 79.6536475382969,24.706837470909,0 79.6536487873574,24.7068353808666,0 79.6536499140484,24.7068332335699,0 79.6536509152356,24.7068310349924,0 79.6536517881338,24.7068287912505,0 79.6536525303146,24.706826508586,0 79.6536595851853,24.7068025088112,0 79.6536618624751,24.7068017593451,0 79.6536642481254,24.7068008426601,0 79.6536665779723,24.706799813144,0 79.6536688456262,24.7067986736203,0 79.6536710448684,24.7067974272139,0 79.6536731696675,24.7067960773432,0 79.6536752141963,24.7067946277099,0 79.6536771728481,24.7067930822897,0 79.6536790402511,24.7067914453208,0 79.6536808112843,24.7067897212924,0 79.6536824810906,24.7067879149325,0 79.6536840450908,24.7067860311951,0 79.6536854989956,24.7067840752461,0 79.6536868388179,24.7067820524497,0 79.6536880608833,24.7067799683531,0 79.6536891618402,24.7067778286719,0 79.6536901386696,24.706775639274,0 79.6536909886924,24.7067734061637,0 79.6536917095775,24.7067711354652,0 79.6536922993479,24.7067688334057,0 79.6536927563864,24.7067665062985,0 79.6536930794394,24.7067641605254,0 79.6536932616445,24.7067618774078,0 79.6536937368702,24.706761173114,0 79.6536946559332,24.7067596359566,0 79.6536966010598,24.7067590560647,0 79.6536989059699,24.706758250534,0 79.6537011639879,24.7067573409001,0 79.6537033694838,24.7067563294309,0 79.653705516958,24.7067552186487,0 79.653707601056,24.706754011323,0 79.6537096165812,24.7067527104643,0 79.6537115585079,24.7067513193163,0 79.653713421994,24.7067498413477,0 79.6537152023931,24.7067482802438,0 79.6537267023933,24.7067376802412,0 79.6537285657612,24.7067358652892,0 79.6537303168381,24.7067339593117,0 79.6537319503048,24.7067319680985,0 79.6537334611993,24.7067298976982,0 79.653757161193,24.7066953976914,0 79.6537584709414,24.7066933761184,0 79.6537596638094,24.7066912950476,0 79.6537607365676,24.7066891601134,0 79.6537616863115,24.7066869770957,0 79.6537625104698,24.7066847519048,0 79.6537632068113,24.7066824905653,0 79.6537637734507,24.7066801991994,0 79.6537642088539,24.7066778840106,0 79.653764511842,24.7066755512672,0 79.6537645959363,24.7066743900751,0 79.6537671450991,24.7066745245402,0 79.6537697355547,24.7066745369785,0 79.6537723231652,24.7066744254029,0 79.6537749008211,24.70667419012,0 79.6537774614402,24.7066738317763,0 79.6537799979872,24.7066733513562,0 79.653782503493,24.7066727501798,0 79.6537849710737,24.7066720298988,0 79.6537873939495,24.7066711924921,0 79.6537897654637,24.7066702402605,0 79.6537920791005,24.7066691758203,0 79.6537943285032,24.7066680020961,0 79.6537965074915,24.7066667223125,0 79.6537986100787,24.706665339986,0 79.6538006304879,24.7066638589143,0 79.6538025631681,24.7066622831668,0 79.6538044028091,24.7066606170727,0 79.6538061443567,24.7066588652098,0 79.6538077830258,24.7066570323912,0 79.6538093143142,24.7066551236527,0 79.6538107340148,24.7066531442384,0 79.6538120382269,24.7066510995869,0 79.6538162382254,24.7066440995856,0 79.6538173593363,24.7066421162607,0 79.6538183717669,24.7066400847397,0 79.6538192730421,24.7066380099885,0 79.653820060959,24.7066358970789,0 79.6538207335914,24.7066337511759,0 79.6538212892951,24.706631577525,0 79.6538247892896,24.7066161775236,0 79.6538252385296,24.7066139120787,0 79.65382556076,24.7066116286582,0 79.6538257551428,24.7066093332004,0 79.6538258211724,24.7066070316749,0 79.6538257586772,24.7066047300671,0 79.6538255678197,24.7066024343625,0 79.6538252490961,24.7066001505313,0 79.6538248033355,24.7065978845129,0 79.6538242316971,24.7065956422002,0 79.6538235356674,24.7065934294247,0 79.6538227170566,24.7065912519409,0 79.6538217779936,24.7065891154116,0 79.6538207209204,24.706587025393,0 79.6538195485862,24.7065849873204,0 79.6538182640397,24.7065830064941,0 79.6538168706216,24.7065810880654,0 79.6538153719554,24.7065792370233,0 79.6538137719388,24.7065774581817,0 79.6538120747326,24.7065757561667,0 79.6538055254712,24.7065695156835,0 79.6538064148375,24.7065692515992,0 79.6538088541704,24.7065683945617,0 79.6538112404964,24.7065674209218,0 79.6538135671418,24.7065663334024,0 79.6538158276,24.7065651350449,0 79.6538180155494,24.7065638292005,0 79.6538201248713,24.7065624195211,0 79.6538221496667,24.7065609099491,0 79.6538240842731,24.7065593047061,0 79.6538259232803,24.7065576082812,0 79.6538276615452,24.7065558254188,0 79.6538292942068,24.7065539611046,0 79.6538308166991,24.7065520205525,0 79.6538322247643,24.7065500091893,0 79.6538335144647,24.70654793264,0 79.6538346821935,24.7065457967119,0 79.6538357246851,24.7065436073782,0 79.6538366390241,24.7065413707616,0 79.6538374226534,24.706539093117,0 79.6538508552693,24.7064961086961,0 79.6538632260377,24.7064717961874,0 79.6538807115599,24.7064545954418,0 79.6538904457331,24.7064512404593,0 79.6538928270895,24.7064503543897,0 79.6538951547742,24.7064493563743,0 79.6538974224862,24.7064482491146,0 79.6538974572506,24.7064482299527,0 79.6539193487531,24.7064587253757,0 79.6539186604668,24.7064586851076,0 79.653916061157,24.7064586581516,0 79.6539134638912,24.7064587560851,0 79.6539108758551,24.7064589786372,0 79.6539083042087,24.7064593251921,0 79.6539057560668,24.7064597947911,0 79.6539032384791,24.7064603861349,0 79.6539007584106,24.7064610975877,0 79.6538983227228,24.706461927181,0 79.6538959381542,24.7064628726197,0 79.653893611302,24.7064639312881,0 79.6538913486037,24.7064651002574,0 79.6538891563192,24.7064663762935,0 79.6538870405137,24.7064677558661,0 79.6538850070408,24.7064692351585,0 79.6538830615263,24.706470810078,0 79.6538812093527,24.7064724762675,0 79.6538794556442,24.7064742291173,0 79.6538778052526,24.7064760637779,0 79.6538762627439,24.7064779751737,0 79.6538748323856,24.7064799580165,0 79.653873518135,24.7064820068206,0 79.653872323628,24.7064841159177,0 79.6538712521694,24.7064862794729,0 79.6538703067234,24.7064884915004,0 79.6538694899059,24.7064907458805,0 79.6538688039765,24.7064930363762,0 79.653868250833,24.7064953566505,0 79.6538678320057,24.7064977002842,0 79.6538675486534,24.7065000607935,0 79.65386740156,24.7065024316477,0 79.6538673911324,24.7065048062876,0 79.6538675173995,24.7065071781435,0 79.6538677800119,24.7065095406534,0 79.6538681782433,24.7065118872813,0 79.6538687109917,24.7065142115349,0 79.6538693767833,24.7065165069839,0 79.6538701737761,24.7065187672778,0 79.6538710997652,24.7065209861632,0 79.6538721521888,24.7065231575013,0 79.6538733281351,24.7065252752849,0 79.6538746243509,24.706527333655,0 79.65387603725,24.7065293269168,0 79.6538775629235,24.7065312495557,0 79.6538791971505,24.7065330962527,0 79.6538974454481,24.7065526423947,0 79.6538974275554,24.7065526966088,0 79.6538968144557,24.7065549773589,0 79.6538963320172,24.706557284148,0 79.6538959815453,24.7065596107339,0 79.6538957639884,24.7065619508208,0 79.6538956799354,24.7065642980765,0 79.6538957296135,24.7065666461491,0 79.6538959128885,24.7065689886849,0 79.6538962292643,24.7065713193449,0 79.6538966778849,24.7065736318223,0 79.6538972575363,24.7065759198595,0 79.6538979666499,24.7065781772651,0 79.6538988033069,24.7065803979304,0 79.6538997652434,24.7065825758464,0 79.6539008498562,24.7065847051196,0 79.6539020542104,24.7065867799881,0 79.6539033750471,24.7065887948373,0 79.653904808792,24.7065907442151,0 79.653906178452,24.7065924120465,0 79.6539048639936,24.7065931480837,0 79.6539027048771,24.7065945060149,0 79.6539006276149,24.706595966616,0 79.6538986380511,24.7065975257779,0 79.653896741783,24.7065991791141,0 79.6538949441454,24.7066009219731,0 79.6538932501958,24.7066027494519,0 79.6538916646998,24.7066046564089,0 79.6538901921179,24.7066066374794,0 79.6538888365929,24.70660868709,0 79.6538876019385,24.7066107994743,0 79.6538864916281,24.7066129686895,0 79.6538855087855,24.7066151886329,0 79.6538846561756,24.706617453059,0 79.653879235919,24.7066331940622,0 79.6538658472179,24.7066528361585,0 79.6538645354538,24.7066548780436,0 79.653863342669,24.7066569799399,0 79.6538622721437,24.7066591360672,0 79.6538613268217,24.7066613404961,0 79.6538605093028,24.7066635871643,0 79.6538598218352,24.7066658698933,0 79.6538592663095,24.7066681824055,0 79.6538588442534,24.7066705183415,0 79.6538585568276,24.7066728712773,0 79.6538584048226,24.7066752347423,0 79.6538583886562,24.7066776022369,0 79.6538585083731,24.7066799672502,0 79.653858763644,24.7066823232786,0 79.6538591537669,24.7066846638427,0 79.6538596776689,24.7066869825059,0 79.6538603339094,24.7066892728918,0 79.6538611206836,24.7066915287018,0 79.6538620358278,24.7066937437323,0 79.6538630768255,24.7066959118918,0 79.6538642408137,24.7066980272178,0 79.6538655245916,24.7067000838931,0 79.6538669246286,24.7067020762618,0 79.6538684370747,24.7067039988447,0 79.6538700577705,24.7067058463547,0 79.653871782259,24.706707613711,0 79.6538736057978,24.7067092960533,0 79.6538755233722,24.7067108887552,0 79.6538775297087,24.7067123874365,0 79.6538796192898,24.7067137879759,0 79.6538817863691,24.7067150865219,0 79.653884024987,24.7067162795033,0 79.6538863289873,24.7067173636394,0 79.6538886920337,24.7067183359489,0 79.6539038378759,24.706724136485,0 79.6539027430886,24.7067245705038,0 79.6539004225825,24.7067256257923,0 79.6538981658378,24.7067267907753,0 79.6538959790628,24.7067280622478,0 79.6538938682732,24.7067294367121,0 79.6538918392759,24.7067309103868,0 79.6538898976527,24.706732479218,0 79.653888048745,24.7067341388898,0 79.6538862976392,24.7067358848364,0 79.6538846491526,24.7067377122547,0 79.6538831078202,24.7067396161174,0 79.6538816778822,24.706741591187,0 79.6538803632724,24.70674363203,0 79.6538791676074,24.7067457330321,0 79.6538780941763,24.7067478884134,0 79.6538771459324,24.7067500922444,0 79.6538763254841,24.7067523384623,0 79.6538756350885,24.7067546208879,0 79.653873748377,24.7067615625534,0 79.6538730866234,24.7067625337185,0 79.653864710952,24.706775559329,0 79.6538626310905,24.7067753067246,0 79.6538600568223,24.7067751183933,0 79.6538539568245,24.7067748183935,0 79.6538514295231,24.706774753264,0 79.6538489018827,24.7067748062913,0 79.6538463805186,24.7067749773364,0 79.6538438720297,24.7067752659518,0 79.6538413829809,24.7067756713821,0 79.6538389198867,24.7067761925662,0 79.6538378646117,24.7067764684978,0 79.6538354251458,24.7067757555744,0 79.653832930517,24.7067751556296,0 79.6538304050181,24.7067746754114,0 79.65382785553,24.706774316228,0 79.6538252889987,24.706774079058,0 79.6538227124167,24.7067739645477,0 79.6538201328039,24.706773973009,0 79.6537943328132,24.7067746730091,0 79.6537917205496,24.7067748071789,0 79.6537891197195,24.7067750674501,0 79.6537865376123,24.7067754530934,0 79.6537839814647,24.706775963028,0 79.6537814584409,24.7067765958245,0 79.6537789756123,24.7067773497096,0 79.6537765399374,24.7067782225701,0 79.6537741582427,24.7067792119599,0 79.6537718372034,24.7067803151059,0 79.6537695833246,24.7067815289164,0 79.6537674029234,24.7067828499893,0 79.6537653021107,24.7067842746222,0 79.6537632867745,24.7067857988221,0 79.6537613625631,24.7067874183173,0 79.6537595348697,24.7067891285688,0 79.6537578088166,24.7067909247831,0 79.6537561892414,24.7067928019262,0 79.6537546806834,24.7067947547368,0 79.6537532873706,24.7067967777419,0 79.653734987365,24.7068249777366,0 79.6537337968395,24.7068269199259,0 79.6537327125547,24.7068289133601,0 79.6537317371462,24.7068309531931,0 79.6537308729854,24.7068330344662,0 79.6537293729841,24.7068369344657,0 79.6537285822875,24.7068391754991,0 79.6537279205658,24.7068414511429,0 79.6537273896187,24.7068437552073,0 79.6537269908906,24.7068460814253,0 79.653726725466,24.7068484234697,0 79.6537265940668,24.7068507749702,0 79.6537265970504,24.7068531295308,0 79.6537267344087,24.7068554807471,0 79.6537270057681,24.7068578222239,0 79.6537274103905,24.7068601475924,0 79.6537279471754,24.7068624505277,0 79.6537286146628,24.7068647247659,0 79.653729411037,24.7068669641211,0 79.653730334132,24.7068691625023,0 79.6537313814371,24.7068713139299,0 79.6537325501035,24.7068734125522,0 79.6537338369525,24.7068754526609,0 79.6537352384839,24.706877428707,0 79.6537367508857,24.7068793353157,0 79.653738370044,24.7068811673011,0 79.653740091555,24.7068829196802,0 79.653741910736,24.7068845876866,0 79.653743822639,24.7068861667833,0 79.6537458220636,24.7068876526753,0 79.6537479035715,24.706889041321,0 79.6537500615009,24.7068903289432,0 79.6537522899825,24.7068915120396,0 79.6537545829548,24.7068925873924,0 79.6537569341809,24.7068935520765,0 79.6537593372656,24.706894403468,0 79.6537613965991,24.7068950223288,0 79.653759811882,24.7068959420396,0 79.6537576970855,24.7068973168805,0 79.6537556642229,24.7068987912548,0 79.6537537189017,24.7069003610955,0 79.653751866488,24.7069020220723,0 79.6537501120916,24.7069037696035,0 79.6537484605518,24.7069055988686,0 79.6537469164245,24.7069075048216,0 79.6537454839689,24.7069094822052,0 79.6537441671365,24.7069115255648,0 79.6537429695597,24.7069136292639,0 79.6537418945418,24.7069157874995,0 79.6537409450484,24.7069179943183,0 79.6537401236985,24.706920243633,0 79.6537394327578,24.7069225292388,0 79.6537391170342,24.7069238379636,0 79.6537390466318,24.7069238149115,0 79.6537365577298,24.706923132507,0 79.6537340330037,24.7069225705531,0 79.6537314794336,24.7069221306035,0 79.6537289040794,24.7069218138744,0 79.653726314061,24.7069216212415,0 79.653664614083,24.7069185212435,0 79.6536620789194,24.7069184534086,0 79.6536595432845,24.7069185044734,0 79.6536570138564,24.7069186743035,0 79.6536544972965,24.7069189624515,0 79.6536520002327,24.7069193681587,0 79.6536495292413,24.7069198903564,0 79.65364709083,24.7069205276694,0 79.6536446914206,24.7069212784193,0 79.6536423373323,24.7069221406289,0 79.6536400347649,24.7069231120275,0 79.6536377897826,24.7069241900566,0 79.6536356082978,24.7069253718772,0 79.6536057425238,24.7069425128858,0 79.6536053213181,24.7069424744769,0 79.6536027395754,24.706942363103,0 79.6536001549893,24.7069423751806,0 79.653597574629,24.7069425106766,0 79.6535950055517,24.7069427692206,0 79.653592454784,24.7069431501052,0 79.6535899293024,24.7069436522889,0 79.6535874360142,24.706944274398,0 79.6535849817386,24.7069450147312,0 79.6535825731882,24.7069458712635,0 79.6535802169505,24.7069468416524,0 79.6535779194699,24.7069479232437,0 79.65357568703,24.7069491130792,0 79.6535735257368,24.7069504079048,0 79.6535714415015,24.7069518041789,0 79.6535694400245,24.7069532980828,0 79.65356752678,24.7069548855305,0 79.6535657070008,24.7069565621803,0 79.653563985664,24.7069583234465,0 79.6535623674777,24.7069601645119,0 79.6535608568676,24.7069620803411,0 79.6535594579652,24.7069640656943,0 79.6535581745968,24.7069661151414,0 79.6535570102723,24.7069682230772,0 79.6535559681763,24.7069703837362,0 79.6535550511589,24.706972591209,0 79.6535510876551,24.7069829403482,0 79.6535484193197,24.7069872763908,0 79.6535472355134,24.7069893209824,0 79.653546167889,24.7069914182759,0 79.653545219249,24.7069935627665,0 79.6535443920831,24.7069957488255,0 79.6535440786694,24.7069967386622,0 79.6535288495044,24.7069971753389,0 79.653526274279,24.7069973107047,0 79.6535237102929,24.7069975686297,0 79.6535211645307,24.7069979484113,0 79.6535186439277,24.706998449015,0 79.6535161553504,24.7069990690769,0 79.6535137055782,24.706999806908,0 79.6535113012847,24.7070006604983,0 79.6535089490196,24.7070016275224,0 79.653506655191,24.7070027053459,0 79.6535044260477,24.7070038910327,0 79.6535022676622,24.7070051813527,0 79.6535001859145,24.7070065727909,0 79.6534981864755,24.7070080615568,0 79.6534962747922,24.7070096435945,0 79.6534944560723,24.7070113145945,0 79.6534927352704,24.7070130700045,0 79.6534911170742,24.7070149050426,0 79.6534822277767,24.7070255422332,0 79.6534823931273,24.7070248305688,0 79.6534827933179,24.7070225289407,0 79.6534830629599,24.7070202115144,0 79.6534832013348,24.7070178844647,0 79.6534832080738,24.7070155539925,0 79.6534830831592,24.7070132263074,0 79.6534809831491,24.7069876263077,0 79.6534807226931,24.7069852773607,0 79.6534803281704,24.706982944064,0 79.6534798006599,24.7069806327985,0 79.6534791416042,24.7069783498852,0 79.6534783528057,24.7069761015674,0 79.6534774364216,24.7069738939936,0 79.653477229145,24.7069734639435,0 79.6534788007416,24.7069728621966,0 79.6534811505156,24.7069718260984,0 79.6534834371562,24.7069706781575,0</coordinates></LinearRing></innerBoundaryIs><innerBoundaryIs><LinearRing><coordinates>79.6534817293737,24.7052450150055,0 79.6534819939142,24.7052473353587,0 79.653482389309,24.7052496401306,0 79.6534829145024,24.705251923167,0 79.6534833985304,24.7052535933012,0 79.653482604889,24.7052543603821,0 79.653480924751,24.7052561652361,0 79.6534793505723,24.7052580481231,0 79.6534778866883,24.7052600038576,0 79.6534765371305,24.7052620270535,0 79.6534753056153,24.7052641121392,0 79.6534741955345,24.7052662533723,0 79.6534732099451,24.705268444856,0 79.6534723515614,24.705270680555,0 79.6534720942768,24.7052714832329,0 79.6534686969604,24.705259275943,0 79.6534680075908,24.7052570411889,0 79.6534671933672,24.7052548417661,0 79.653466256443,24.7052526834914,0 79.6534651992963,24.7052505720732,0 79.6534640247228,24.7052485130956,0 79.6534627358293,24.7052465120043,0 79.6534613360244,24.7052445740916,0 79.6534542360226,24.7052352740935,0 79.6534524353792,24.705233062578,0 79.6534504903678,24.7052309555588,0 79.6534484082375,24.705228960889,0 79.6534443754009,24.7052253263586,0 79.6534492036719,24.7052188717196,0 79.6534506154241,24.7052168733927,0 79.6534519100195,24.7052148099222,0 79.6534530838652,24.7052126870346,0 79.6534541337037,24.7052105106214,0 79.6534550566213,24.7052082867226,0 79.6534558500569,24.7052060215099,0 79.6534584691226,24.705197804545,0 79.6534815956348,24.7052410212911,0 79.6534815963938,24.7052426852667,0 79.6534817293737,24.7052450150055,0</coordinates></LinearRing></innerBoundaryIs><innerBoundaryIs><LinearRing><coordinates>79.654147627217,24.7055802625136,0 79.6541463384067,24.7055823079012,0 79.6541451683611,24.7055844120188,0 79.6541441202774,24.7055865691168,0 79.6541431970197,24.7055887733005,0 79.6541424011109,24.7055910185466,0 79.6541417347259,24.7055932987199,0 79.6541411996857,24.7055956075893,0 79.6541407974525,24.7055979388456,0 79.6541405291253,24.7056002861184,0 79.6541403954374,24.7056026429933,0 79.6541403967542,24.7056050030299,0 79.6541404847891,24.7056065250332,0 79.6541346397817,24.7056043312362,0 79.6541346922501,24.7056035341814,0 79.6541347126438,24.7056011801705,0 79.654134598691,24.7055988283887,0 79.6541343507016,24.7055964852301,0 79.6541339693497,24.7055941570654,0 79.6541334556723,24.7055918502247,0 79.654132811066,24.7055895709799,0 79.6541320372834,24.705587325528,0 79.6541318882603,24.7055869294406,0 79.6541499141825,24.7055771678937,0 79.65414903127,24.7055782814454,0 79.654147627217,24.7055802625136,0</coordinates></LinearRing></innerBoundaryIs><innerBoundaryIs><LinearRing><coordinates>79.6540761692083,24.7054703925534,0 79.6540771343997,24.705469607604,0 79.6540804932349,24.7054667256404,0 79.6540784680068,24.7054718083705,0 79.6540771663858,24.7054709676388,0 79.6540761692083,24.7054703925534,0</coordinates></LinearRing></innerBoundaryIs><innerBoundaryIs><LinearRing><coordinates>79.6541627280038,24.705173045226,0 79.6541634917007,24.7051740230522,0 79.6541617269051,24.705172438249,0 79.6541620300869,24.7051720441126,0 79.6541627280038,24.705173045226,0</coordinates></LinearRing></innerBoundaryIs><innerBoundaryIs><LinearRing><coordinates>79.6544353482651,24.7052094184965,0 79.6544375523061,24.7052081623351,0 79.6544396810459,24.7052068021084,0 79.6544417286025,24.705205341575,0 79.6544436893184,24.7052037847703,0 79.6544455577758,24.7052021359962,0 79.6544473288119,24.7052003998082,0 79.6544489975332,24.7051985810037,0 79.6544505593289,24.7051966846083,0 79.6544520098834,24.7051947158619,0 79.6544533451889,24.7051926802044,0 79.6544545615556,24.7051905832604,0 79.6544556556227,24.7051884308243,0 79.6544566243671,24.7051862288432,0 79.6544580976604,24.7051826077341,0 79.654463739498,24.7051800543156,0 79.6544639043144,24.7051799746503,0 79.6544635813022,24.7051815751362,0 79.6544632467138,24.7051839103544,0 79.6544630458862,24.7051862583346,0 79.6544629793658,24.7051886126871,0 79.6544630473338,24.7051909670052,0 79.6544647775805,24.7052210735066,0 79.6544629718786,24.7052316298936,0 79.6544626408173,24.7052339620469,0 79.6544624431405,24.7052363067845,0 79.6544623793846,24.7052386577443,0 79.6544624497225,24.7052410085474,0 79.6544626539635,24.7052433528154,0 79.6544629915534,24.7052456841875,0 79.6544634615762,24.705247996338,0 79.6544640627565,24.7052502829933,0 79.6544647934633,24.7052525379488,0 79.6544656517138,24.7052547550863,0 79.6544665944632,24.7052568384138,0 79.6544653664168,24.7052576906446,0 79.6544633565183,24.7052592465131,0 79.6544614402332,24.7052608980126,0 79.6544596230067,24.70526264045,0 79.6544579100029,24.7052644688741,0 79.6544563060894,24.7052663780891,0 79.654454815824,24.7052683626697,0 79.6544534434415,24.7052704169766,0 79.6544521928417,24.705272535172,0 79.6544510675783,24.7052747112368,0 79.6544500708491,24.7052769389875,0 79.6544492054861,24.7052792120937,0 79.6544484739487,24.7052815240958,0 79.6544483560745,24.7052819880321,0 79.6544460906382,24.705285753121,0 79.654444869512,24.7052879190702,0 79.6544437780666,24.7052901420426,0 79.6544428194805,24.7052924155646,0 79.6544419965453,24.7052947330151,0 79.6544413116576,24.7052970876455,0 79.6544407668118,24.7052994725986,0 79.6544403635946,24.7053018809289,0 79.6544401031804,24.705304305623,0 79.6544399863274,24.7053067396198,0 79.6544399943661,24.7053074636472,0 79.6544339267173,24.7053186382257,0 79.6544328554849,24.7053207456315,0 79.6544319043589,24.7053229005941,0 79.6544310758588,24.7053250974055,0 79.6544303721789,24.7053273302468,0 79.6544297951831,24.7053295932038,0 79.6544293463998,24.7053318802825,0 79.6544290270177,24.705334185425,0 79.6544288378827,24.7053365025256,0 79.654428779496,24.7053388254467,0 79.654428852012,24.7053411480355,0 79.6544290552388,24.7053434641401,0 79.654429388638,24.7053457676257,0 79.6544298513265,24.705348052391,0 79.6544304420789,24.705350312384,0 79.6544311593304,24.7053525416187,0 79.6544320011811,24.7053547341904,0 79.6544329654012,24.7053568842914,0 79.6544340494367,24.7053589862267,0 79.6544352504164,24.7053610344288,0 79.654436565159,24.7053630234725,0 79.6544379901821,24.7053649480892,0 79.6544395217113,24.7053668031812,0 79.6544411556899,24.7053685838347,0 79.6544461766137,24.7053737778963,0 79.6544456244734,24.7053746730329,0 79.654444475096,24.7053767878771,0 79.6544434483242,24.7053789547235,0 79.6544425469664,24.7053811676453,0 79.654441773488,24.7053834205897,0 79.6544411300046,24.7053857073944,0 79.6544406182763,24.7053880218046,0 79.6544402397028,24.7053903574898,0 79.6544399953196,24.7053927080614,0 79.6544398857952,24.7053950670902,0 79.654439911429,24.7053974281236,0 79.6544400721511,24.7053997847038,0 79.6544403675218,24.7054021303851,0 79.6544407967331,24.7054044587513,0 79.6544413586113,24.7054067634341,0 79.6544415422104,24.705407366071,0 79.6544317912508,24.705413369459,0 79.6544288507386,24.7054146709971,0 79.654426524523,24.7054157711011,0 79.6544242653809,24.705416982254,0 79.6544220796591,24.7054183010533,0 79.6544199734978,24.7054197237942,0 79.654417952814,24.7054212464797,0 79.6544160232844,24.7054228648322,0 79.6544141903297,24.7054245743051,0 79.654412459099,24.7054263700961,0 79.6544108344562,24.7054282471601,0 79.6544093209652,24.705430200224,0 79.6544079228779,24.7054322238011,0 79.654406644122,24.7054343122063,0 79.65440548829,24.7054364595728,0 79.6544049179601,24.7054376783175,0 79.654404712828,24.7054374856813,0 79.6544028194462,24.7054358840933,0 79.6544008371358,24.7054343749684,0 79.654398771301,24.705432962421,0 79.6543966275738,24.7054316503019,0 79.6543963449102,24.7054314961844,0 79.6543977290808,24.7054307325782,0 79.6543998379488,24.7054294292354,0 79.654401870538,24.7054280284025,0 79.654403821453,24.7054265337976,0 79.6544056855157,24.705424949388,0 79.6544074577783,24.705423279379,0 79.6544091335367,24.7054215282035,0 79.654410708343,24.7054197005095,0 79.654412178017,24.7054178011483,0 79.654413538658,24.7054158351613,0 79.6544147866543,24.7054138077669,0 79.6544159186934,24.7054117243462,0 79.6544169317706,24.7054095904295,0 79.6544178231969,24.7054074116806,0 79.6544185906061,24.7054051938826,0 79.6544192319614,24.7054029429222,0 79.6544197455604,24.7054006647742,0 79.6544201300398,24.7053983654853,0 79.6544203843792,24.7053960511586,0 79.6544205079035,24.705393727937,0 79.6544214078893,24.7053576279361,0 79.6544213982381,24.7053552389663,0 79.6544212502676,24.7053528538076,0 79.6544209643922,24.7053504791385,0 79.6544205414124,24.7053481216084,0 79.6544199825125,24.7053457878185,0 79.6544192892576,24.7053434843037,0 79.6544184635888,24.7053412175139,0 79.654417507818,24.7053389937964,0 79.6544164246215,24.7053368193779,0 79.6544152170323,24.7053347003467,0 79.6544138884318,24.7053326426364,0 79.6544124425403,24.7053306520088,0 79.6544108834063,24.7053287340378,0 79.6544092153955,24.7053268940938,0 79.6544082935832,24.705325980319,0 79.654408924667,24.7053239241563,0 79.6544095001606,24.7053215731033,0 79.6544098001601,24.7053201731032,0 79.654410222976,24.7053178911624,0 79.6544105172237,24.7053155924257,0 79.6544106821299,24.7053132829343,0 79.6544107172613,24.7053109687575,0 79.6544106225255,24.7053086559767,0 79.6544103981716,24.70530635067,0 79.6544100447892,24.7053040588956,0 79.6544095633069,24.7053017866762,0 79.65440895499,24.7052995399832,0 79.6544082214372,24.7052973247208,0 79.6544073645763,24.7052951467106,0 79.654406386659,24.7052930116764,0 79.6544052902554,24.705290925229,0 79.6544040782467,24.7052888928515,0 79.654402753818,24.7052869198849,0 79.65440132045,24.7052850115142,0 79.6543997819095,24.7052831727545,0 79.6543981422397,24.7052814084379,0 79.6543976817226,24.7052809379097,0 79.6543984947218,24.7052806929404,0 79.6544008885198,24.7052798433241,0 79.6544032307727,24.7052788812578,0 79.6544055151557,24.7052778093393,0 79.6544077355003,24.7052766304632,0 79.654409885811,24.7052753478129,0 79.6544119602811,24.7052739648518,0 79.654413953309,24.7052724853144,0 79.6544158595128,24.705270913196,0 79.6544176737453,24.7052692527416,0 79.6544193911073,24.7052675084352,0 79.6544210069616,24.7052656849869,0 79.6544225169447,24.7052637873205,0 79.6544239169793,24.7052618205603,0 79.6544252032848,24.7052597900172,0 79.6544263723879,24.7052577011744,0 79.6544274211315,24.7052555596723,0 79.6544283466838,24.7052533712936,0 79.6544291465454,24.7052511419478,0 79.6544298185565,24.7052488776546,0 79.6544303609025,24.7052465845285,0 79.6544315609004,24.705240784528,0 79.6544319954755,24.7052383093254,0 79.6544322789897,24.7052358159033,0 79.6544324105688,24.7052333119495,0 79.6544323898071,24.705230805184,0 79.6544322167687,24.7052283033356,0 79.6544318919871,24.7052258141179,0 79.6544314164637,24.7052233452056,0 79.6544307916644,24.7052209042107,0 79.6544283745751,24.7052125184023,0 79.6544307388306,24.705211605037,0 79.6544330750128,24.7052105671217,0 79.6544353482651,24.7052094184965,0</coordinates></LinearRing></innerBoundaryIs><innerBoundaryIs><LinearRing><coordinates>79.6544985222431,24.7051348185687,0 79.6544993808756,24.7051370243328,0 79.6545003635183,24.7051391864711,0 79.6545014675289,24.70514129917,0 79.6545026899387,24.7051433567485,0 79.6545032837201,24.7051442432661,0 79.6545018752626,24.7051444887421,0 79.6544993715009,24.7051450501469,0 79.6544969031936,24.7051457300639,0 79.6544944770578,24.7051465266427,0 79.6544920996955,24.7051474377157,0 79.654491259759,24.705147807778,0 79.6544977186172,24.7051323065053,0 79.6544977899295,24.70513257511,0 79.6544985222431,24.7051348185687,0</coordinates></LinearRing></innerBoundaryIs><innerBoundaryIs><LinearRing><coordinates>79.6545700126812,24.7051788191693,0 79.6545725896661,24.7051783578115,0 79.6545751361873,24.7051777720601,0 79.6545776450549,24.705177063569,0 79.6545801091852,24.7051762343385,0 79.6545825216211,24.7051752867099,0 79.6545845332797,24.7051743779746,0 79.6545835820622,24.7051761462623,0 79.6545802916966,24.7051804778811,0 79.6545646681836,24.7051825086125,0 79.6545629048585,24.7051794227955,0 79.6545647964891,24.7051793638487,0 79.6545674125084,24.7051791548309,0 79.6545700126812,24.7051788191693,0</coordinates></LinearRing></innerBoundaryIs><innerBoundaryIs><LinearRing><coordinates>79.6546889303021,24.7050396518296,0 79.6546889266513,24.7050398261975,0 79.6546886609815,24.7050394492256,0 79.6546891854849,24.7050367790216,0 79.6546891160594,24.7050372872111,0 79.6546889303021,24.7050396518296,0</coordinates></LinearRing></innerBoundaryIs><innerBoundaryIs><LinearRing><coordinates>79.655181174292,24.7056093502237,0 79.6551831052653,24.7056087081916,0 79.6551845242554,24.705608158451,0 79.6551855148914,24.7056089818796,0 79.655187531726,24.7056104887063,0 79.6551896326875,24.7056118963409,0 79.6551913377777,24.7056129170326,0 79.6551856915842,24.7056200064202,0 79.6551761083567,24.705619463579,0 79.6551796401815,24.7056126716031,0 79.6551806862321,24.7056105165203,0 79.655181174292,24.7056093502237,0</coordinates></LinearRing></innerBoundaryIs><innerBoundaryIs><LinearRing><coordinates>79.6549589141749,24.7058717351963,0 79.6549567298823,24.7058705118752,0 79.6549544791242,24.7058693936096,0 79.6549531171262,24.705868798286,0 79.6549540323592,24.7058678833479,0 79.6549556563785,24.7058660809756,0 79.6549571762423,24.7058642043269,0 79.6549585878872,24.7058622584194,0 79.6549598875389,24.7058602484557,0 79.6549610717225,24.7058581798097,0 79.6549621372721,24.7058560580122,0 79.6549630813387,24.7058538887363,0 79.6549639013983,24.7058516777816,0 79.6549645952582,24.7058494310596,0 79.6549651610634,24.7058471545772,0 79.6549653692949,24.7058460566325,0 79.6549722154708,24.7058449228707,0 79.6549747375644,24.705844442858,0 79.6549750083186,24.7058443777124,0 79.6549634562402,24.705874791839,0 79.654963060076,24.7058744835799,0 79.6549610261316,24.705873060285,0 79.6549589141749,24.7058717351963,0</coordinates></LinearRing></innerBoundaryIs><innerBoundaryIs><LinearRing><coordinates>79.6546864169381,24.7055572783148,0 79.6546857617249,24.7055642235454,0 79.6546856050312,24.7055666408015,0 79.6546855904369,24.7055690622554,0 79.6546857179839,24.7055714809411,0 79.6546859873055,24.7055738899006,0 79.6546863976267,24.7055762822037,0 79.6546864194538,24.7055763761856,0 79.654674704539,24.7055777032656,0 79.6546757419422,24.7055761645307,0 79.6546769778076,24.7055740971389,0 79.6546864169381,24.7055572783148,0</coordinates></LinearRing></innerBoundaryIs><innerBoundaryIs><LinearRing><coordinates>79.6546923499799,24.7055245529213,0 79.6546917466358,24.7055222487008,0 79.6546910118001,24.7055199765673,0 79.6546901474963,24.7055177427784,0 79.6546891561048,24.7055155534855,0 79.6546889648492,24.7055151868698,0 79.6546898087441,24.70551503334,0 79.6546922978865,24.7055144562342,0 79.6546930745771,24.7055142363498,0 79.6546936011639,24.7055172398515,0 79.6546940743437,24.7055195514484,0 79.6546946786447,24.7055218374008,0 79.6546950627641,24.7055230173767,0 79.6546937836852,24.7055249990472,0 79.654692791259,24.705526739616,0 79.6546923499799,24.7055245529213,0</coordinates></LinearRing></innerBoundaryIs><innerBoundaryIs><LinearRing><coordinates>79.6547389503389,24.7053978906552,0 79.6547374561314,24.7053959934409,0 79.6547358564471,24.7053941694099,0 79.6547309564465,24.7053888694111,0 79.6547292251746,24.7053870938556,0 79.6547273939719,24.705385404031,0 79.6547264339079,24.7053846067883,0 79.6547336842981,24.7053786380307,0 79.6547355315074,24.7053770366644,0 79.6547372859669,24.7053753505002,0 79.6547389430183,24.7053735840154,0 79.6547404982618,24.7053717419002,0 79.6547419475679,24.7053698290457,0 79.6547432870884,24.705367850531,0 79.6547445132666,24.7053658116095,0 79.6547456228469,24.7053637176947,0 79.6547466128831,24.7053615743465,0 79.6547474807465,24.7053593872559,0 79.6547560964178,24.7053357947878,0 79.6547591490593,24.7053316024916,0 79.6547702702265,24.705318109508,0 79.6547738300324,24.7053169932976,0 79.654775311422,24.7053168747864,0 79.6547779161039,24.7053166026453,0 79.6547805013232,24.7053162047074,0 79.6547830598051,24.7053156820927,0 79.6547855843498,24.7053150362717,0 79.6547880678529,24.705314269062,0 79.6547905033258,24.7053133826225,0 79.6547916398543,24.7053129036919,0 79.6547822799678,24.7053334823755,0 79.6547806122297,24.7053351501131,0 79.654778929124,24.7053369236889,0 79.6547773491992,24.7053387747806,0 79.654775876726,24.7053406983844,0 79.6547745156848,24.7053426893006,0 79.6547732697547,24.7053447421475,0 79.6547721423035,24.705346851376,0 79.6547711363789,24.7053490112845,0 79.6547702547,24.7053512160346,0 79.6547694996502,24.7053534596664,0 79.6547688732705,24.7053557361152,0 79.6547683772541,24.7053580392274,0 79.6547680129417,24.7053603627774,0 79.6547677813181,24.7053627004844,0 79.6547676830096,24.7053650460291,0 79.6547677182818,24.7053673930713,0 79.6547678870394,24.7053697352666,0 79.6547681888261,24.7053720662838,0 79.6547686228264,24.7053743798218,0 79.6547691878669,24.7053766696267,0 79.6547698824204,24.705378929509,0 79.6547707046094,24.7053811533599,0 79.6547716522113,24.705383335168,0 79.6547727226647,24.7053854690355,0 79.6547739130761,24.7053875491944,0 79.6547752202275,24.7053895700217,0 79.6547766405857,24.7053915260549,0 79.6547781703111,24.7053934120064,0 79.6547798052687,24.7053952227784,0 79.654781541039,24.705396953476,0 79.6547833729301,24.705398599421,0 79.65478529599,24.7054001561642,0 79.6547873050204,24.7054016194974,0 79.6547893945908,24.705402985465,0 79.6547915590526,24.7054042503748,0 79.6547937925551,24.7054054108074,0 79.6547960890608,24.705406463626,0 79.6547984423619,24.7054074059847,0 79.6548008460972,24.7054082353363,0 79.6548032937689,24.7054089494388,0 79.6548042291669,24.7054091741319,0 79.6547982127356,24.7054149010024,0 79.654797669752,24.7054143324907,0 79.6547958561375,24.7054126243279,0 79.6547939465179,24.7054110058346,0 79.6547919461985,24.7054094815075,0 79.6547898607368,24.7054080555813,0 79.6547876959266,24.7054067320177,0 79.6547854577822,24.7054055144939,0 79.6547831525218,24.7054044063923,0 79.65478078655,24.7054034107916,0 79.65477836644,24.7054025304579,0 79.6547758989153,24.7054017678368,0 79.6547733908315,24.7054011250471,0 79.6547708491564,24.7054006038746,0 79.6547682809515,24.7054002057674,0 79.6547656933519,24.7053999318313,0 79.6547630935466,24.7053997828275,0 79.6547604887584,24.7053997591699,0 79.6547578862239,24.7053998609242,0 79.6547552931738,24.7054000878079,0 79.654752716812,24.7054004391904,0 79.6547501642964,24.7054009140957,0 79.6547476427184,24.7054015112042,0 79.6547451590835,24.7054022288572,0 79.6547427202919,24.7054030650607,0 79.6547423437752,24.7054032152828,0 79.6547416065983,24.7054018841127,0 79.6547403350649,24.7053998559682,0 79.6547389503389,24.7053978906552,0</coordinates></LinearRing></innerBoundaryIs><innerBoundaryIs><LinearRing><coordinates>79.654327209465,24.70567549854,0 79.6543629094666,24.7057037985476,0 79.6543648781568,24.7057052795717,0 79.6543669278598,24.7057066658479,0 79.6543690531175,24.7057079536846,0 79.6543699489507,24.7057084376733,0 79.6543664366232,24.7057114900521,0 79.6543646379271,24.7057131358802,0 79.6543629343944,24.70571486414,0 79.6543613305455,24.7057166702453,0 79.6543598306365,24.7057185494034,0 79.6543584386474,24.7057204966278,0 79.6543571582721,24.7057225067513,0 79.6543559929081,24.70572457444,0 79.6543549456479,24.705726694207,0 79.6543540192705,24.7057288604273,0 79.6543532162341,24.7057310673527,0 79.6543525386697,24.7057333091267,0 79.6543519883752,24.7057355798008,0 79.6543515668108,24.7057378733494,0 79.6543512911242,24.7057396527769,0 79.6543510537735,24.705739919463,0 79.6543494052925,24.7057418789052,0 79.654347876648,24.7057439178128,0 79.6543464724201,24.7057460300765,0 79.6543451968166,24.7057482093675,0 79.6543440536593,24.7057504491559,0 79.6543403536571,24.7057582491547,0 79.654339393781,24.7057604260932,0 79.6543385590384,24.7057626456577,0 79.654337851685,24.7057649018501,0 79.6543372736323,24.7057671885737,0 79.6543368264423,24.7057694996488,0 79.6543365113236,24.7057718288304,0 79.6543363291277,24.7057741698242,0 79.6543362803469,24.7057765163042,0 79.6543363651131,24.7057788619295,0 79.6543365831972,24.7057812003614,0 79.6543369340099,24.7057835252809,0 79.6543386335507,24.7057929671946,0 79.6543157532112,24.7058043565158,0 79.6543134757359,24.7058055631484,0 79.6543112718333,24.7058068788644,0 79.6543091477581,24.7058082999296,0 79.6543071095384,24.7058098223113,0 79.6543051629586,24.7058114416889,0 79.6543033135431,24.7058131534666,0 79.6543015665405,24.7058149527864,0 79.6542999269087,24.7058168345419,0 79.6542983993012,24.7058187933927,0 79.654296988053,24.7058208237796,0 79.6542956971695,24.7058229199403,0 79.6542945303141,24.705825075926,0 79.6542934907983,24.7058272856181,0 79.6542925815723,24.7058295427454,0 79.6542918052164,24.7058318409022,0 79.654291163934,24.7058341735665,0 79.6542906595449,24.705836534118,0 79.6542902934808,24.7058389158577,0 79.6542900667804,24.7058413120262,0 79.6542899800871,24.7058437158231,0 79.6542900336471,24.7058461204265,0 79.6542910045271,24.7058649833836,0 79.6542904406476,24.7058634126733,0 79.6542895063224,24.7058612073953,0 79.65428844688,24.7058590498325,0 79.654287265227,24.705856945904,0 79.6542859646051,24.7058549013818,0 79.6542845485824,24.7058529218747,0 79.6542830210437,24.7058510128136,0 79.6542813861797,24.7058491794356,0 79.6542796484755,24.7058474267706,0 79.6542778126984,24.7058457596267,0 79.6542758838846,24.7058441825778,0 79.6542738673257,24.7058426999502,0 79.6542717685539,24.7058413158114,0 79.6542695933271,24.7058400339588,0 79.6542673476129,24.7058388579089,0 79.654265037572,24.7058377908882,0 79.6542626695421,24.7058368358239,0 79.6542602500194,24.7058359953362,0 79.6542577856419,24.7058352717309,0 79.6542565365671,24.7058349376761,0 79.6542532216651,24.7058328999042,0 79.6542531034677,24.7058324693094,0 79.6542523380856,24.7058301959834,0 79.6542514427104,24.7058279626338,0 79.6542504198273,24.7058257754591,0 79.654249272275,24.7058236405295,0 79.6542480032385,24.7058215637702,0 79.6542466162398,24.705819550945,0 79.6542451151283,24.7058176076402,0 79.6542435040703,24.7058157392492,0 79.654241787537,24.7058139509575,0 79.6542399702924,24.7058122477282,0 79.65423805738,24.7058106342885,0 79.6542360541089,24.7058091151162,0 79.6542339660389,24.7058076944276,0 79.6542317989651,24.7058063761656,0 79.6542295589021,24.7058051639889,0 79.6542272520667,24.7058040612617,0 79.6542248848613,24.7058030710445,0 79.6542224638559,24.7058021960855,0 79.6542200708532,24.7058014618507,0 79.6542212540748,24.7058008804837,0 79.6542234897616,24.7057996383333,0 79.6542251934068,24.7057986343997,0 79.6542536725733,24.7058081826455,0 79.6542561154626,24.705808936224,0 79.6542585980506,24.7058095723871,0 79.6542611135798,24.7058100894031,0 79.6542636552029,24.7058104858646,0 79.6542662160018,24.7058107606926,0 79.654268789006,24.705810913139,0 79.6542713672119,24.7058109427888,0 79.6542739436016,24.7058108495613,0 79.6542765111623,24.7058106337103,0 79.6542790629053,24.7058102958232,0 79.6542815918846,24.70580983682,0 79.6542840912166,24.7058092579498,0 79.6542865540981,24.7058085607884,0 79.6542889738251,24.7058077472335,0 79.6542913438113,24.7058068194994,0 79.6542936576057,24.7058057801116,0 79.6542959089102,24.7058046318991,0 79.6542980915967,24.7058033779874,0 79.6543001997241,24.7058020217896,0 79.6543022275541,24.7058005669972,0 79.654304169567,24.7057990175701,0 79.6543060204767,24.7057973777258,0 79.6543077752452,24.7057956519279,0 79.6543094290959,24.7057938448739,0 79.6543109775272,24.7057919614828,0 79.6543124163242,24.7057900068808,0 79.6543318163193,24.7057621068753,0 79.6543331397836,24.7057600892668,0 79.654334346424,24.7057580114294,0 79.6543354329652,24.7057558790031,0 79.6543363964581,24.7057536977761,0 79.6543372342874,24.7057514736687,0 79.654337944179,24.7057492127181,0 79.654338524206,24.7057469210611,0 79.6543389727941,24.7057446049181,0 79.6543392887255,24.7057422705757,0 79.6543394711429,24.7057399243703,0 79.654339519551,24.70573757267,0 79.6543394338185,24.7057352218583,0 79.6543392141782,24.7057328783159,0 79.6543388612261,24.705730548404,0 79.6543383759202,24.7057282384468,0 79.6543377595781,24.7057259547141,0 79.6543370138724,24.7057237034048,0 79.6543361408274,24.7057214906297,0 79.6543351428127,24.7057193223949,0 79.6543340225374,24.7057172045858,0 79.6543327830422,24.7057151429506,0 79.6543314276915,24.7057131430855,0 79.6543299601641,24.7057112104187,0 79.6543283844435,24.705709350196,0 79.6543267048066,24.7057075674666,0 79.6543249258125,24.7057058670696,0 79.65432305229,24.7057042536203,0 79.6543210893244,24.7057027314981,0 79.6543190422439,24.7057013048345,0 79.6543169166048,24.705699977502,0 79.6543147181768,24.7056987531034,0 79.6543135326695,24.7056981679296,0 79.6543148851238,24.7056961377356,0 79.6543161286772,24.705694026136,0 79.6543172477545,24.7056918572014,0 79.6543182391992,24.7056896370499,0 79.6543191002147,24.705687371944,0 79.6543198283722,24.705685068273,0 79.6543204216178,24.705682732535,0 79.6543229053718,24.7056716209867,0 79.6543235062542,24.7056722393686,0 79.6543253114259,24.7056739129834,0 79.654327209465,24.70567549854,0</coordinates></LinearRing></innerBoundaryIs><innerBoundaryIs><LinearRing><coordinates>79.6542954248186,24.7058890900125,0 79.6542964929573,24.7058911998347,0 79.6542976785559,24.7058932566365,0 79.6542989784712,24.7058952549653,0 79.6543003892572,24.7058971895234,0 79.6543019071738,24.7058990551822,0 79.654303528197,24.7059008469958,0 79.6543052480293,24.7059025602139,0 79.6543070621114,24.7059041902949,0 79.6543089656341,24.7059057329171,0 79.654310953551,24.7059071839912,0 79.6543130205922,24.7059085396703,0 79.6543151612779,24.7059097963603,0 79.6543173699329,24.7059109507298,0 79.654319640702,24.7059119997184,0 79.6543219675653,24.7059129405453,0 79.6543243443543,24.7059137707162,0 79.6543278326316,24.7059148959673,0 79.6543522679311,24.7059399997154,0 79.6543540725918,24.7059417569789,0 79.654355977311,24.7059434237843,0 79.6543579766633,24.705944995384,0 79.6543600649536,24.7059464673011,0 79.6543622362336,24.7059478353432,0 79.6543644843184,24.7059490956133,0 79.6543668028046,24.7059502445217,0 79.6543691850881,24.7059512787958,0 79.6543716243829,24.7059521954895,0 79.6543741137411,24.7059529919915,0 79.6543766460716,24.7059536660333,0 79.6543792141613,24.7059542156946,0 79.6543818106952,24.70595463941,0 79.6543844282772,24.7059549359724,0 79.6543870594511,24.7059551045371,0 79.6543971594547,24.7059555045374,0 79.654399753801,24.7059555450011,0 79.6544023468963,24.705955461022,0 79.6544049315928,24.7059552528313,0 79.6544075007657,24.7059549210031,0 79.6544100473331,24.705954466452,0 79.6544125642752,24.705953890431,0 79.6544150446541,24.7059531945279,0 79.6544174816326,24.7059523806609,0 79.6544198684931,24.7059514510735,0 79.6544221986561,24.7059504083282,0 79.6544244656986,24.7059492552993,0 79.6544266633713,24.7059479951651,0 79.6544287856165,24.7059466313991,0 79.654430826584,24.7059451677607,0 79.6544327806479,24.7059436082845,0 79.6544346424218,24.705941957269,0 79.6544364067736,24.7059402192654,0 79.6544390067735,24.7059375192648,0 79.6544405933389,24.7059357860857,0 79.6544420830013,24.7059339825683,0 79.65444347203,24.7059321132293,0 79.6544443756655,24.7059308291151,0 79.6544447413141,24.7059316122583,0 79.6544458129369,24.7059337512436,0 79.6544470050656,24.7059358363351,0 79.6544483144635,24.7059378618719,0 79.6544494872203,24.7059394774646,0 79.6544303209671,24.7059593596942,0 79.654428027288,24.7059593928186,0 79.6544254493689,24.7059595534338,0 79.6544228841627,24.7059598369141,0 79.6544203386816,24.7059602424845,0 79.6544178198837,24.7059607690364,0 79.6544153346546,24.7059614151304,0 79.6544128897877,24.7059621790003,0 79.6544104919662,24.7059630585582,0 79.6544081477449,24.7059640513996,0 79.6544058635318,24.7059651548104,0 79.654403645571,24.7059663657746,0 79.6544014999254,24.7059676809817,0 79.6543994324605,24.7059690968366,0 79.6543974488277,24.7059706094689,0 79.6543955544494,24.7059722147438,0 79.6543937545042,24.705973908273,0 79.6543920539123,24.7059756854271,0 79.6543904573224,24.7059775413483,0 79.6543889690989,24.7059794709631,0 79.65438759331,24.7059814689968,0 79.6543863337166,24.7059835299877,0 79.654386295203,24.7059836015554,0 79.6543855909851,24.7059829697024,0 79.6543836429425,24.705981396901,0 79.6543816070554,24.7059799198593,0 79.6543794889579,24.7059785426648,0 79.6543772945116,24.7059772691286,0 79.6543750297892,24.7059761027752,0 79.6543727010582,24.7059750468322,0 79.6543703147629,24.7059741042218,0 79.6543678775072,24.7059732775527,0 79.6543653960358,24.7059725691125,0 79.6543628772159,24.7059719808616,0 79.654360328018,24.7059715144281,0 79.6543577554967,24.7059711711027,0 79.654355166771,24.7059709518355,0 79.6543548017421,24.7059709385423,0 79.6542965130104,24.7059015219734,0 79.6542948648906,24.7058996633199,0 79.6542931113255,24.705897887015,0 79.6542917619684,24.7058966578263,0 79.6542920133034,24.7058951864338,0 79.6542922783267,24.7058928269533,0 79.6542930996703,24.7058829707829,0 79.6542936519285,24.7058847338057,0 79.6542944769714,24.7058869327632,0 79.6542954248186,24.7058890900125,0</coordinates></LinearRing></innerBoundaryIs><innerBoundaryIs><LinearRing><coordinates>79.6539009787018,24.7058276789979,0 79.6538984238905,24.7058281014073,0 79.6538958968884,24.7058286458008,0 79.6538934046697,24.7058293106759,0 79.6538909541128,24.7058300941978,0 79.6538885519809,24.705830994204,0 79.6538862049037,24.7058320082104,0 79.653883919359,24.7058331334186,0 79.6538817016546,24.7058343667231,0 79.653871292305,24.7058405035781,0 79.6538586866601,24.7058317134354,0 79.6538565663322,24.7058303144349,0 79.6538543679521,24.7058290198693,0 79.6538520976775,24.7058278333647,0 79.6538497618672,24.7058267582444,0 79.6538473670637,24.7058257975198,0 79.6538449199748,24.7058249538817,0 79.6538424274546,24.7058242296933,0 79.6538398964846,24.7058236269828,0 79.6538373341538,24.7058231474385,0 79.6538347476392,24.7058227924036,0 79.6538321441855,24.7058225628724,0 79.6538295310848,24.7058224594878,0 79.6538269156563,24.7058224825396,0 79.6538243052256,24.705822631963,0 79.6538217071045,24.7058229073395,0 79.6538191285701,24.7058233078979,0 79.6538165768448,24.7058238325162,0 79.6538140590758,24.7058244797249,0 79.6538115823152,24.7058252477113,0 79.6538091535004,24.7058261343243,0 79.6538077136877,24.7058267007214,0 79.653871805638,24.7057802755449,0 79.6538737903178,24.7057787589668,0 79.6538745191071,24.7057781400417,0 79.6538743839847,24.7057789331188,0 79.6538741197406,24.7057812969083,0 79.6538739919989,24.7057836701241,0 79.6538740011135,24.7057860461926,0 79.6538741470591,24.7057884185323,0 79.6538744294315,24.705790780572,0 79.6538748474485,24.705793125769,0 79.6538753999523,24.7057954476272,0 79.6538760854125,24.7057977397155,0 79.6538769019304,24.7057999956847,0 79.6538778472443,24.7058022092861,0 79.6538789187359,24.7058043743883,0 79.6538801134371,24.7058064849939,0 79.6538814280387,24.7058085352567,0 79.6538828588995,24.7058105194978,0 79.6538844020559,24.705812432221,0 79.6538860532337,24.7058142681281,0 79.6538878078591,24.7058160221337,0 79.6538896610721,24.7058176893795,0 79.6538916077393,24.7058192652474,0 79.6538936424686,24.7058207453722,0 79.653895759624,24.7058221256541,0 79.6538979533412,24.7058234022699,0 79.6539002175437,24.7058245716834,0 79.6539025459598,24.7058256306555,0 79.65390493214,24.7058265762528,0 79.6539067432664,24.7058271927117,0 79.6539061434903,24.7058272044552,0 79.6539035542712,24.7058273797386,0 79.6539009787018,24.7058276789979,0</coordinates></LinearRing></innerBoundaryIs><innerBoundaryIs><LinearRing><coordinates>79.6537767470519,24.7059431900752,0 79.6537790913529,24.7059442783231,0 79.653811456905,24.7059583258771,0 79.6538113904424,24.7059584633753,0 79.6538103777757,24.7059607216746,0 79.6538095001695,24.7059630266623,0 79.6538087601881,24.7059653716033,0 79.6538083024054,24.7059671853931,0 79.6538006082113,24.7059672553404,0 79.6537980427277,24.705967339574,0 79.6537954854933,24.7059675453905,0 79.653792943408,24.7059678722346,0 79.653790423331,24.7059683192243,0 79.653787932062,24.7059688851536,0 79.6537854763229,24.7059695684954,0 79.6537830627399,24.705970367406,0 79.6537806978254,24.7059712797297,0 79.6537783879603,24.705972303005,0 79.6537761393773,24.7059734344706,0 79.6537739581434,24.7059746710738,0 79.6537718501441,24.7059760094779,0 79.6537698210674,24.7059774460716,0 79.6537678763879,24.7059789769787,0 79.6537667364405,24.7059799731632,0 79.6537664915235,24.7059798800952,0 79.6537662107506,24.7059797886903,0 79.6537624534876,24.7059641781828,0 79.6537706778982,24.7059396232595,0 79.6537722649441,24.7059406798731,0 79.6537744694329,24.7059419894589,0 79.6537767470519,24.7059431900752,0</coordinates></LinearRing></innerBoundaryIs><innerBoundaryIs><LinearRing><coordinates>79.6539897964677,24.7059890666908,0 79.6539888401133,24.7059891518051,0 79.6539890289373,24.705975236518,0 79.6539915005226,24.7059749651416,0 79.6539940901549,24.7059745521927,0 79.6539966520872,24.7059740140378,0 79.6539991790709,24.7059733521997,0 79.6540016639561,24.7059725685509,0 79.6540040997121,24.7059716653086,0 79.6540064794474,24.7059706450285,0 79.6540087964288,24.7059695105973,0 79.6540110441006,24.7059682652247,0 79.6540132161033,24.7059669124344,0 79.6540337410676,24.7059533846169,0 79.6540380036854,24.705952902965,0 79.6540408063425,24.7059600070307,0 79.6540417327539,24.7059621779254,0 79.6540427805369,24.7059643022664,0 79.6540432783914,24.705965186741,0 79.6540409992283,24.7059659852391,0 79.6540386311359,24.7059669478495,0 79.6540363215464,24.7059680225542,0 79.6540340768125,24.705969206397,0 79.6540319031088,24.7059704961217,0 79.6540298064142,24.7059718881806,0 79.654027792496,24.7059733787447,0 79.6540258668937,24.705974963714,0 79.654024034904,24.7059766387289,0 79.654022301566,24.705978399182,0 79.6540213906774,24.705979428062,0 79.6540197064088,24.7059796074271,0 79.6540171792858,24.7059799987728,0 79.6540146777724,24.7059805092841,0 79.6540122085975,24.7059811375876,0 79.6540097784028,24.7059818819934,0 79.6540073937254,24.705982740499,0 79.6540050609798,24.7059837107952,0 79.6540027864407,24.7059847902719,0 79.6540005762265,24.7059859760255,0 79.6539984362824,24.7059872648665,0 79.6539963723645,24.705988653328,0 79.6539958715142,24.7059890283574,0 79.6539949658982,24.7059889787586,0 79.6539923799233,24.7059889609268,0 79.6539897964677,24.7059890666908,0</coordinates></LinearRing></innerBoundaryIs><innerBoundaryIs><LinearRing><coordinates>79.6542369953918,24.7060875571861,0 79.6542394018665,24.7060882068335,0 79.6542418413363,24.7060887440578,0 79.6542443075119,24.7060891674739,0 79.6542467940351,24.7060894759903,0 79.6542845940483,24.7060932759923,0 79.6542872141951,24.7060934751189,0 79.6542898422264,24.7060935466719,0 79.6542924707043,24.7060934904488,0 79.6542950921894,24.7060933066087,0 79.6542976992624,24.706092995672,0 79.6542991333346,24.7060927531802,0 79.6543012844746,24.7060973437607,0 79.6543021834424,24.7061001672829,0 79.6543021346398,24.7061003068838,0 79.6542884074421,24.7060999925212,0 79.6542862417955,24.7060989466562,0 79.6542838855122,24.7060979496664,0 79.6542814751564,24.7060970671144,0 79.6542790173829,24.7060963014366,0 79.654276518977,24.7060956547471,0 79.6542739868365,24.7060951288312,0 79.6542714279522,24.7060947251408,0 79.6542688493889,24.7060944447906,0 79.6542662582654,24.7060942885545,0 79.6542636617355,24.7060942568639,0 79.6542610669677,24.7060943498063,0 79.6542584811258,24.7060945671249,0 79.6542559113488,24.70609490822,0 79.6542533647316,24.7060953721497,0 79.6542508483048,24.7060959576332,0 79.6542483690161,24.7060966630541,0 79.6542459337101,24.7060974864649,0 79.6542435491106,24.7060984255922,0 79.6542412218008,24.7060994778433,0 79.6542389582062,24.706100640313,0 79.6542367645763,24.7061019097921,0 79.6542351773377,24.7061029389019,0 79.6542346581502,24.7061007969404,0 79.654233972882,24.7060985342883,0 79.6542331597865,24.7060963072367,0 79.6542322210622,24.7060941218077,0 79.6542311592475,24.7060919839108,0 79.6542299772136,24.7060898993268,0 79.6542286781567,24.7060878736925,0 79.6542272655896,24.7060859124854,0 79.6542257433319,24.7060840210086,0 79.6542247216713,24.7060828808534,0 79.6542323061427,24.7060859276071,0 79.6542346281161,24.7060867967905,0 79.6542369953918,24.7060875571861,0</coordinates></LinearRing></innerBoundaryIs><innerBoundaryIs><LinearRing><coordinates>79.6541535400566,24.7061774243041,0 79.6541519269501,24.7061791494831,0 79.6541504107576,24.7061809465159,0 79.6541489953083,24.7061828108642,0 79.6541476841771,24.7061847378193,0 79.6541350445809,24.7062043994044,0 79.6541101545405,24.7062258878004,0 79.654108334945,24.7062275425453,0 79.6541066118788,24.7062292813838,0 79.6541049899923,24.7062310996226,0 79.6541034736632,24.7062329923545,0 79.6541020669839,24.7062349544709,0 79.654100773751,24.7062369806762,0 79.654099597455,24.7062390655016,0 79.6540985412706,24.7062412033203,0 79.6540976080486,24.7062433883623,0 79.6540968003076,24.7062456147301,0 79.6540961202277,24.7062478764149,0 79.6540955696445,24.7062501673124,0 79.654095150044,24.7062524812396,0 79.6540948625587,24.7062548119511,0 79.6540947079645,24.7062571531564,0 79.6540946866787,24.7062594985367,0 79.6540947987587,24.7062618417617,0 79.6540950439021,24.7062641765072,0 79.6540954214472,24.7062664964717,0 79.654095930375,24.7062687953936,0 79.654099488323,24.7062829625185,0 79.654098097047,24.7062831340751,0 79.6540955306704,24.706283577734,0 79.6540929935363,24.706284144634,0 79.6540904927314,24.7062848331915,0 79.654088035241,24.7062856414833,0 79.6540856279291,24.7062865672516,0 79.6540832775199,24.7062876079108,0 79.6540809905784,24.7062887605539,0 79.6540787734925,24.7062900219616,0 79.6540766324547,24.7062913886104,0 79.6540745734454,24.7062928566831,0 79.6540726022158,24.7062944220791,0 79.6540707242719,24.7062960804261,0 79.654068944859,24.7062978270918,0 79.6540672689474,24.7062996571978,0 79.6540657012181,24.706301565632,0 79.6540642460502,24.706303547064,0 79.6540629075081,24.7063055959593,0 79.6540616893307,24.7063077065949,0 79.6540605949204,24.7063098730756,0 79.6540596273343,24.7063120893499,0 79.6540587892749,24.7063143492274,0 79.654058083083,24.706316646396,0 79.6540575107313,24.7063189744392,0 79.6540495107177,24.706356074436,0 79.6540492389504,24.706357446099,0 79.6540481853954,24.7063632757577,0 79.6540419751434,24.7063834273687,0 79.6539925270931,24.7063104501693,0 79.6539926648946,24.7063087519561,0 79.6539927204674,24.706306377295,0 79.6539926392508,24.7063040032503,0 79.6539924214694,24.7063016363931,0 79.6539920677261,24.7062992832746,0 79.6539920548732,24.7062992219231,0 79.6539944281741,24.7062996626315,0 79.6539969907151,24.7063000119049,0 79.6539995697721,24.7063002380174,0 79.6540021582566,24.7063003403475,0 79.6540047490547,24.706300318614,0 79.6540073350456,24.7063001728765,0 79.6540099091221,24.7062999035356,0 79.6540124642096,24.7062995113317,0 79.6540149932856,24.7062989973425,0 79.6540174893993,24.7062983629808,0 79.6540199456903,24.7062976099901,0 79.6540223554078,24.7062967404398,0 79.6540247119289,24.7062957567198,0 79.6540270087769,24.7062946615339,0 79.6540292396392,24.7062934578919,0 79.6540313983845,24.706292149102,0 79.6540334790797,24.7062907387613,0 79.6540354760062,24.7062892307459,0 79.6540373836757,24.7062876292005,0 79.6540391968451,24.7062859385268,0 79.6540409105311,24.7062841633714,0 79.6540425200238,24.7062823086131,0 79.6540440208997,24.7062803793495,0 79.6540454090339,24.7062783808831,0 79.6540466806111,24.7062763187065,0 79.6540478321366,24.7062741984872,0 79.6540488604455,24.7062720260526,0 79.6540641604352,24.7062372260475,0 79.6540651547943,24.7062347589835,0 79.6540659902723,24.7062322432294,0 79.654066664036,24.7062296873157,0 79.6540671738009,24.7062270999094,0 79.6540679069028,24.7062226371428,0 79.6540702397914,24.7062219435015,0 79.6540726918833,24.7062210802243,0 79.6540750902773,24.7062200990998,0 79.654077428192,24.706219002902,0 79.6540992281971,24.7062081028988,0 79.6541019147838,24.7062066571703,0 79.6541044962238,24.7062050595535,0 79.6541322962282,24.7061866595483,0 79.6541343348417,24.7061852350663,0 79.6541362897512,24.7061837158217,0 79.6541381556842,24.706182105912,0 79.6541399276079,24.7061804096793,0 79.6541416007435,24.7061786316985,0 79.6541431705783,24.706176776765,0 79.6541446328783,24.7061748498817,0 79.6541459836995,24.7061728562456,0 79.6541472193987,24.7061708012338,0 79.654148336643,24.7061686903889,0 79.6541493324192,24.7061665294038,0 79.6541502040416,24.7061643241072,0 79.6541509491592,24.7061620804468,0 79.6541515657625,24.706159804474,0 79.6541520521884,24.7061575023273,0 79.654152407125,24.7061551802158,0 79.6541525492057,24.706153688581,0 79.6541767184237,24.7061561163712,0 79.6541750460026,24.7061575753407,0 79.6541552460031,24.7061757753362,0 79.6541535400566,24.7061774243041,0</coordinates></LinearRing></innerBoundaryIs><innerBoundaryIs><LinearRing><coordinates>79.6541660995895,24.7063231565319,0 79.6541685295595,24.7063223038843,0 79.6542237001308,24.7063014059514,0 79.6542195381749,24.706322795202,0 79.6541942322877,24.7063274366304,0 79.6541751793137,24.7063277609363,0 79.6541725940502,24.7063278668464,0 79.6541700183997,24.7063280962345,0 79.6541674594246,24.7063284484718,0 79.6541649241413,24.7063289225924,0 79.6541637419144,24.7063292033014,0 79.6541608571333,24.7063245543684,0 79.6541611091959,24.7063245056025,0 79.6541636238455,24.7063238911173,0 79.6541660995895,24.7063231565319,0</coordinates></LinearRing></innerBoundaryIs><innerBoundaryIs><LinearRing><coordinates>79.6540698024339,24.706447326018,0 79.6540722200879,24.7064480656427,0 79.6540746762802,24.7064486903819,0 79.6540771644738,24.7064491985729,0 79.6540796780461,24.7064495888631,0 79.6540822103075,24.7064498602137,0 79.6540882103096,24.706450360214,0 79.6540907632898,24.7064505122177,0 79.6540933214601,24.7064505433273,0 79.6540958779649,24.7064504534595,0 79.6540984259533,24.7064502428552,0 79.654100958597,24.7064499120786,0 79.6541034691088,24.7064494620163,0 79.654105950761,24.7064488938744,0 79.6541083969032,24.7064482091753,0 79.6541108009799,24.706447409754,0 79.6541121471312,24.7064468885671,0 79.6541119624251,24.7064488758717,0 79.6541118795059,24.7064512711925,0 79.6541119358423,24.706453667158,0 79.6541121312757,24.706456057017,0 79.6541124652552,24.7064584340353,0 79.6541129368398,24.7064607915152,0 79.6541135447007,24.7064631228137,0 79.6541142871251,24.7064654213619,0 79.6541151620211,24.7064676806828,0 79.6541161669234,24.7064698944103,0 79.6541172990004,24.7064720563066,0 79.6541185550622,24.7064741602799,0 79.6541199315694,24.7064762004018,0 79.6541214246435,24.7064781709236,0 79.6541230300773,24.7064800662929,0 79.654124743347,24.7064818811689,0 79.654126559625,24.7064836104378,0 79.6541284737935,24.7064852492268,0 79.6541304804588,24.7064867929182,0 79.6541325739666,24.7064882371622,0 79.6541347484178,24.7064895778893,0 79.6541369976854,24.7064908113216,0 79.6541393154314,24.7064919339837,0 79.6541416951248,24.706492942712,0 79.6541441300605,24.7064938346642,0 79.6541466133771,24.706494607327,0 79.6541491380773,24.7064952585232,0 79.654151697047,24.7064957864179,0 79.6541831970575,24.7065014864203,0 79.6541858542343,24.7065018987998,0 79.6541885320693,24.7065021782354,0 79.654191222598,24.706502323896,0 79.6541939178183,24.7065023353484,0 79.654196609714,24.7065022125586,0 79.6541992902787,24.7065019558918,0 79.65420195154,24.7065015661113,0 79.6542045855826,24.7065010443764,0 79.6542071845723,24.706500392239,0 79.6542097407792,24.7064996116385,0 79.6542286407849,24.7064933116366,0 79.6542310346471,24.7064924485213,0 79.6542333760788,24.7064914727372,0 79.6542356587306,24.7064903869306,0 79.6542378764126,24.7064891940457,0 79.654240023111,24.7064878973175,0 79.6542420930045,24.7064865002622,0 79.6542440804801,24.7064850066684,0 79.6542459801484,24.7064834205863,0 79.6542477868578,24.7064817463169,0 79.6542494957091,24.7064799884004,0 79.6542511020683,24.7064781516039,0 79.6542526015794,24.7064762409081,0 79.6542539901761,24.7064742614945,0 79.654255264093,24.7064722187306,0 79.6542564198754,24.706470118156,0 79.6542574543893,24.7064679654668,0 79.6542583648292,24.7064657665006,0 79.6542591487264,24.7064635272203,0 79.6542598039551,24.7064612536984,0 79.6542603287385,24.7064589521,0 79.6542607216536,24.7064566286664,0 79.6542609816348,24.7064542896982,0 79.6542611079772,24.7064519415381,0 79.6542611003381,24.7064495905536,0 79.6542609587384,24.70644724312,0 79.654260683562,24.7064449056029,0 79.654260275555,24.706442584341,0 79.654259735824,24.7064402856291,0 79.6542590658325,24.7064380157006,0 79.6542582673973,24.7064357807109,0 79.6542573426837,24.7064335867207,0 79.654256300717,24.7064312943963,0 79.6542567500683,24.7064311239127,0 79.6542590961654,24.7064300984646,0 79.6542613799604,24.7064289616886,0 79.6542635951283,24.706427716733,0 79.6542999501795,24.7064060597909,0 79.654300689197,24.7064062718567,0 79.6543031006838,24.7064069028911,0 79.6543055441149,24.7064074213342,0 79.6543080131952,24.7064078258504,0 79.6543105015637,24.7064081153977,0 79.6543130028097,24.70640828923,0 79.654315510489,24.7064083468995,0 79.6543180181415,24.7064082882577,0 79.6543205193064,24.7064081134555,0 79.6543230075401,24.7064078229434,0 79.6543254764322,24.7064074174698,0 79.6543279196222,24.7064068980793,0 79.6543327674654,24.7064057482706,0 79.6543311025823,24.7064070274292,0 79.6543291983148,24.7064086546754,0 79.6543273906497,24.7064103714077,0 79.6543256846192,24.706412172847,0 79.6543240849724,24.7064140539784,0 79.6543225961625,24.7064160095653,0 79.6543212223341,24.7064180341638,0 79.6543199673116,24.7064201221378,0 79.6543188345887,24.7064222676747,0 79.6543178273187,24.7064244648019,0 79.6543169483057,24.706426707403,0 79.6543161999966,24.706428989235,0 79.6543155844746,24.7064313039458,0 79.6543151034532,24.7064336450917,0 79.6543070034359,24.7064797450884,0 79.654306654033,24.7064821423979,0 79.6543064456601,24.7064845533599,0 79.6543063789151,24.7064869710559,0 79.6543064539896,24.7064893885481,0 79.6543066706682,24.7064917988991,0 79.6543070283291,24.7064941951921,0 79.6543075259459,24.7064965705508,0 79.6543081620907,24.7064989181587,0 79.654308934938,24.7065012312792,0 79.6543098422701,24.7065035032745,0 79.6543108814831,24.7065057276247,0 79.6543120495951,24.7065078979469,0 79.654313343254,24.7065100080131,0 79.6543147587475,24.7065120517682,0 79.654317757913,24.7065161357403,0 79.6543247820493,24.7065288460903,0 79.6543258829758,24.7065307264934,0 79.6543270798743,24.7065325573086,0 79.6543283700747,24.7065343344514,0 79.6543297506984,24.7065360539569,0 79.6543312186652,24.7065377119887,0 79.6543371790593,24.7065441280746,0 79.6543360335887,24.7065438439842,0 79.6543335813664,24.7065433563981,0 79.6543311052104,24.7065429831596,0 79.6543286115061,24.7065427252311,0 79.6543270653521,24.7065426015388,0 79.6543186879874,24.7065391153064,0 79.6543163871788,24.7065382213161,0 79.6543140398203,24.7065374347698,0 79.6543116519199,24.7065367576808,0 79.6543092295895,24.7065361917819,0 79.654306779029,24.7065357385217,0 79.6543043065106,24.7065353990602,0 79.6543018183627,24.7065351742663,0 79.6542993209535,24.7065350647153,0 79.6542818589976,24.7065347028098,0 79.6542395799441,24.7065309426344,0 79.6541934057608,24.7065233557121,0 79.6541825513397,24.7065171061975,0 79.6541803513611,24.7065159111144,0 79.6541780866017,24.7065148216837,0 79.6541757631361,24.7065138408277,0 79.6541733871965,24.7065129711772,0 79.6541709651559,24.7065122150648,0 79.6541685035109,24.7065115745188,0 79.6541660088644,24.7065110512572,0 79.6541634879076,24.7065106466835,0 79.6541355879172,24.7065068466853,0 79.6541330309622,24.7065065604366,0 79.6541304611531,24.7065063962899,0 79.6541278854721,24.7065063546913,0 79.6541253109173,24.7065064357537,0 79.654122744484,24.7065066392569,0 79.6541201931451,24.706506964648,0 79.6541176638328,24.7065074110428,0 79.6541151634192,24.7065079772286,0 79.6541126986981,24.7065086616669,0 79.6541102763661,24.7065094624982,0 79.6541079030048,24.7065103775465,0 79.6541055850626,24.7065114043257,0 79.6541033288375,24.7065125400459,0 79.6541011404597,24.7065137816214,0 79.6540990258751,24.7065151256787,0 79.6540969908291,24.7065165685661,0 79.6540950408508,24.7065181063632,0 79.6540931812386,24.7065197348917,0 79.654091417045,24.7065214497269,0 79.6540897530633,24.7065232462096,0 79.6540881938147,24.7065251194586,0 79.6540867435357,24.7065270643843,0 79.6540854061667,24.7065290757022,0 79.6540841853414,24.7065311479476,0 79.6540830843768,24.7065332754901,0 79.6540821062643,24.7065354525491,0 79.6540812536614,24.7065376732095,0 79.6540805288847,24.7065399314377,0 79.6540799339035,24.7065422210981,0 79.6540794703343,24.7065445359695,0 79.6540791394367,24.7065468697624,0 79.6540789421097,24.7065492161358,0 79.6540788788895,24.7065515687145,0 79.6540789499478,24.7065539211066,0 79.6540791550917,24.7065562669204,0 79.6540794937636,24.7065585997825,0 79.6540799650435,24.7065609133542,0 79.6540805676509,24.7065632013496,0 79.6540812999485,24.7065654575521,0 79.6540821599466,24.7065676758316,0 79.6540824026822,24.7065682114593,0 79.6540819969335,24.7065679474965,0 79.6540797969849,24.7065666704248,0 79.6540775263902,24.7065655010864,0 79.6540751914653,24.7065644427339,0 79.6540727987054,24.7065634983113,0 79.6540703547662,24.7065626704457,0 79.654067866446,24.7065619614399,0 79.654067404427,24.7065618419126,0 79.6540674046047,24.706559631168,0 79.6540672715817,24.7065572900099,0 79.6540670057059,24.7065549583159,0 79.6540666076943,24.7065526423731,0 79.6540660786199,24.7065503484261,0 79.6540654558267,24.7065482062045,0 79.6540659192597,24.7065479028948,0 79.6540679305405,24.7065464359767,0 79.654069855498,24.7065448753984,0 79.6540716889117,24.706543225392,0 79.6540734258096,24.7065414904322,0 79.6540750614812,24.7065396752244,0 79.6540765914906,24.7065377846911,0 79.6540780116885,24.7065358239595,0 79.6540793182235,24.706533798347,0 79.6540805075521,24.706531713347,0 79.6540815764491,24.706529574614,0 79.6540825220156,24.7065273879481,0 79.6540833416872,24.7065251592794,0 79.6540840332411,24.7065228946521,0 79.6540845948018,24.7065206002077,0 79.6540850248463,24.7065182821687,0 79.6540853222085,24.7065159468215,0 79.6540854860819,24.7065136004995,0 79.654085516022,24.7065112495658,0 79.6540854119477,24.7065089003962,0 79.6540851741413,24.7065065593613,0 79.6540848032476,24.7065042328101,0 79.6540843002725,24.706501927052,0 79.6540836665802,24.7064996483402,0 79.654082903889,24.7064974028545,0 79.6540820142675,24.7064951966845,0 79.6540810001283,24.7064930358133,0 79.6540798642216,24.7064909261011,0 79.6540786096281,24.7064888732693,0 79.6540772397501,24.7064868828852,0 79.6540757583026,24.7064849603466,0 79.6540741693034,24.7064831108673,0 79.6540724770618,24.706481339463,0 79.6540706861669,24.7064796509378,0 79.6540688014758,24.7064780498709,0 79.6540668280995,24.7064765406042,0 79.6540647713898,24.7064751272308,0 79.6540626369245,24.7064738135839,0 79.6540604304921,24.7064726032258,0 79.6540581580763,24.7064714994392,0 79.65405582584,24.7064705052173,0 79.6540534401079,24.7064696232565,0 79.6540510073502,24.7064688559486,0 79.6540485341643,24.7064682053745,0 79.6540471219007,24.7064679056301,0 79.6540477266658,24.7064674877196,0 79.6540496868587,24.7064659811243,0 79.6540515589604,24.7064643837665,0 79.6540533379411,24.7064626999381,0 79.6540550190211,24.7064609341631,0 79.6540565976836,24.7064590911857,0 79.6540580696872,24.7064571759577,0 79.6540594310769,24.7064551936248,0 79.6540606781949,24.7064531495132,0 79.6540618076905,24.7064510491148,0 79.6540628165291,24.706448898073,0 79.6540637020001,24.7064467021673,0 79.6540642459024,24.7064451021779,0 79.6540651083598,24.7064455102866,0 79.6540674297529,24.7064464734763,0 79.6540698024339,24.706447326018,0</coordinates></LinearRing></innerBoundaryIs><innerBoundaryIs><LinearRing><coordinates>79.6537752438908,24.7063059412124,0 79.6537739410425,24.7063079689998,0 79.6537727555278,24.7063100560005,0 79.653771690562,24.7063121965539,0 79.6537710081138,24.7063137827003,0 79.6537620006502,24.7063039760558,0 79.653762307783,24.7063028285998,0 79.65376352138,24.7062976941436,0 79.6537657981838,24.7062984166437,0 79.6537682579065,24.706299068868,0 79.6537707513152,24.7062996038049,0 79.6537732717131,24.7063000200177,0 79.6537758123307,24.7063003163885,0 79.6537783663444,24.7063004921213,0 79.6537795941045,24.7063005183125,0 79.6537781871439,24.7063020851025,0 79.6537766605388,24.7063039781385,0 79.6537752438908,24.7063059412124,0</coordinates></LinearRing></innerBoundaryIs><innerBoundaryIs><LinearRing><coordinates>79.6544508016683,24.7064338913021,0 79.6544532160902,24.7064330168155,0 79.6544555768867,24.7064320276632,0 79.6544578775373,24.7064309265773,0 79.654460111688,24.7064297165988,0 79.6544622731682,24.7064284010696,0 79.6544643560081,24.706426983623,0 79.654466354455,24.706425468174,0 79.6544682629896,24.706423858908,0 79.6544700763404,24.7064221602696,0 79.6544717894993,24.7064203769505,0 79.6544733977347,24.7064185138759,0 79.6544748966048,24.7064165761915,0 79.6544762819697,24.706414569249,0 79.6544775500034,24.7064124985913,0 79.6544786972035,24.7064103699375,0 79.6544797204018,24.7064081891667,0 79.654480616772,24.706405962302,0 79.6544806701462,24.7064058045724,0 79.6544810162505,24.706405969315,0 79.6544833662938,24.7064069488865,0 79.6544857691551,24.70640781495,0 79.6544882182702,24.7064085651394,0 79.6544907069481,24.7064091974054,0 79.65449322839,24.7064097100206,0 79.6544957757076,24.7064101015846,0 79.6544983419417,24.7064103710277,0 79.6545009200817,24.7064105176138,0 79.6545026393755,24.7064105742162,0 79.6544926156514,24.7064464785479,0 79.6544482434394,24.7064383222122,0 79.6544439455748,24.7064356732988,0 79.6544458387513,24.7064352869409,0 79.6544483402892,24.7064346487079,0 79.6544508016683,24.7064338913021,0</coordinates></LinearRing></innerBoundaryIs><innerBoundaryIs><LinearRing><coordinates>79.6544685171417,24.7063328080428,0 79.6544670576733,24.706334125367,0 79.6544653175593,24.7063358693313,0 79.6544651295805,24.7063360787305,0 79.6544648183761,24.7063321200464,0 79.6544672344635,24.7063326111026,0 79.6544685171417,24.7063328080428,0</coordinates></LinearRing></innerBoundaryIs><innerBoundaryIs><LinearRing><coordinates>79.6545107473093,24.7060793686385,0 79.6545130670237,24.7060870760865,0 79.6545132964842,24.7060884692434,0 79.6545108902184,24.7060878480484,0 79.6545083666819,24.7060873251514,0 79.6545058166444,24.7060869236328,0 79.6545032470967,24.7060866445935,0 79.6545006650834,24.7060864887983,0 79.6544980776828,24.7060864566745,0 79.6544954919883,24.70608654831,0 79.6544929150885,24.7060867634536,0 79.6544903540479,24.7060871015156,0 79.6544889877544,24.7060873491627,0 79.6544898190124,24.7060869174662,0 79.6544917659469,24.7060857936194,0 79.6545024659489,24.7060792936175,0 79.6545045782218,24.706077936442,0 79.6545066100065,24.7060764803256,0 79.6545085557555,24.7060749292441,0 79.6545095347106,24.7060740625166,0 79.6545096481601,24.7060748041035,0 79.6545101330337,24.7060770993728,0 79.6545107473093,24.7060793686385,0</coordinates></LinearRing></innerBoundaryIs><innerBoundaryIs><LinearRing><coordinates>79.6545950310875,24.7065357478031,0 79.6545858042447,24.7065407178735,0 79.6545849235397,24.7065330033704,0 79.6545950310875,24.7065357478031,0</coordinates></LinearRing></innerBoundaryIs><innerBoundaryIs><LinearRing><coordinates>79.6541394533055,24.706744494927,0 79.6541402118973,24.7067446618916,0 79.654129803422,24.7067609070547,0 79.6541194700329,24.7067571513436,0 79.6541169794163,24.7067563161349,0 79.6541144433241,24.7067556042278,0 79.6541118690651,24.706755017674,0 79.6541092640582,24.7067545581639,0 79.6541066358111,24.7067542270217,0 79.6541039918982,24.7067540252019,0 79.654101339939,24.706753953286,0 79.6540986875767,24.7067540114814,0 79.654096042455,24.7067541996203,0 79.6540934121972,24.7067545171604,0 79.6540908043835,24.7067549631868,0 79.6540882265296,24.7067555364138,0 79.6540856860648,24.7067562351896,0 79.6540831903106,24.7067570575002,0 79.6540807464596,24.7067580009758,0 79.6540794629213,24.7067585724943,0 79.6540615302248,24.7067498002234,0 79.6540592979819,24.7067487737372,0 79.65405701179,24.7067478516466,0 79.6540546774951,24.7067470363095,0 79.6540523010661,24.7067463298107,0 79.6540498885797,24.7067457339569,0 79.6540474462049,24.7067452502717,0 79.6540449801868,24.7067448799918,0 79.6540424968313,24.7067446240642,0 79.6540400024886,24.7067444831432,0 79.6540375035368,24.7067444575892,0 79.6540350063658,24.7067445474675,0 79.6540325173612,24.7067447525483,0 79.654027480203,24.7067452851789,0 79.6540407132199,24.7067288483716,0 79.654042223098,24.7067268637559,0 79.6540436145533,24.7067248081728,0 79.6540448835981,24.7067226875132,0 79.6540460265958,24.7067205078545,0 79.654046793216,24.7067188195303,0 79.6540476112364,24.7067191843751,0 79.6540500424964,24.706720125377,0 79.6540525253025,24.7067209464155,0 79.6540550525673,24.7067216451467,0 79.6540576170768,24.7067222195761,0 79.654057782698,24.7067222482063,0 79.6540588637422,24.706723845421,0 79.6540603474151,24.7067257994074,0 79.6540619416578,24.706727679317,0 79.6540636420473,24.7067294799341,0 79.6540654438659,24.706731196263,0 79.6540673421145,24.7067328235417,0 79.6540693315264,24.7067343572554,0 79.6540714065821,24.7067357931488,0 79.6540735615244,24.706737127238,0 79.6540757903744,24.7067383558218,0 79.6540780869483,24.7067394754914,0 79.6540804448743,24.7067404831404,0 79.6540828576104,24.7067413759729,0 79.6540853184625,24.7067421515119,0 79.6540957184656,24.7067451515131,0 79.6540981802452,24.7067457980504,0 79.6541006753885,24.7067463272001,0 79.6541031971926,24.7067467375405,0 79.6541057388832,24.7067470279695,0 79.6541082936324,24.7067471977068,0 79.6541108545773,24.7067472462964,0 79.6541134148383,24.7067471736079,0 79.6541159675377,24.7067469798364,0 79.6541185058181,24.7067466655025,0 79.6541210228608,24.7067462314507,0 79.6541235119042,24.7067456788469,0 79.6541259662617,24.7067450091756,0 79.6541283793403,24.7067442242358,0 79.6541307446576,24.7067433261361,0 79.6541328730611,24.7067423970811,0 79.6541344702283,24.7067430064444,0 79.6541369401453,24.7067438110903,0 79.6541394533055,24.706744494927,0</coordinates></LinearRing></innerBoundaryIs><innerBoundaryIs><LinearRing><coordinates>79.6538382704235,24.7068970737778,0 79.6538407639877,24.7068976483276,0 79.6538421337423,24.706897895512,0 79.6538430860355,24.706899224219,0 79.6538446386889,24.7069011580933,0 79.6538463015679,24.7069030139203,0 79.65384806998,24.7069047864632,0 79.6538499389352,24.70690647072,0 79.6538519031593,24.7069080619382,0 79.6538539571097,24.7069095556274,0 79.6538560949905,24.7069109475728,0 79.6538563665512,24.7069111052155,0 79.6538466011756,24.7069072635813,0 79.6538340165189,24.7068964767347,0 79.6538324550299,24.7068952058717,0 79.6538333982265,24.706895573412,0 79.6538358129518,24.7068963815144,0 79.6538382704235,24.7068970737778,0</coordinates></LinearRing></innerBoundaryIs><innerBoundaryIs><LinearRing><coordinates>79.653897362341,24.7069338898378,0 79.6538987136167,24.7069358264986,0 79.6539001709539,24.7069376978802,0 79.6539017305815,24.7069394991399,0 79.6539033884636,24.7069412256166,0 79.65390514031,24.7069428728426,0 79.6539069815875,24.7069444365554,0 79.6539089075314,24.7069459127084,0 79.6539109131577,24.7069472974818,0 79.6539129932766,24.7069485872922,0 79.6539151425052,24.7069497788019,0 79.6539173552819,24.7069508689276,0 79.6539212519954,24.7069526733177,0 79.6539225988137,24.7069556734741,0 79.6539222244884,24.7069576087691,0 79.6539219086173,24.7069599499777,0 79.6539217270416,24.7069623030621,0 79.653921680257,24.7069646615983,0 79.6539217683912,24.7069670191474,0 79.6539219912036,24.706969369273,0 79.6539223480859,24.7069717055592,0 79.6539228380637,24.7069740216279,0 79.6539232719924,24.7069756195603,0 79.6539209127325,24.7069764561126,0 79.6539185448653,24.7069774293457,0 79.6539162362195,24.7069785148401,0 79.6539139931677,24.7069797095994,0 79.6539118219011,24.7069810103258,0 79.6539097284132,24.706982413429,0 79.6539077184823,24.706983915036,0 79.6539057976564,24.7069855110021,0 79.6539039712376,24.706987196922,0 79.653902244267,24.7069889681421,0 79.6539006215117,24.7069908197735,0 79.6538991074508,24.706992746705,0 79.6538977062636,24.7069947436181,0 79.6538964218176,24.7069968050006,0 79.6538952576582,24.7069989251627,0 79.6538942169989,24.7070010982521,0 79.653893302712,24.7070033182707,0 79.6538925173214,24.7070055790905,0 79.6538918629948,24.7070078744712,0 79.6538913415384,24.7070101980769,0 79.6538909543915,24.707012543494,0 79.6538907026228,24.7070149042484,0 79.6538905869271,24.7070172738239,0 79.653890607624,24.7070196456799,0 79.6538907646562,24.7070220132694,0 79.6538910575903,24.7070243700574,0 79.6538914856177,24.7070267095384,0 79.6538920475571,24.707029025255,0 79.6538927418572,24.7070313108152,0 79.6538935666017,24.7070335599102,0 79.653894519514,24.707035766332,0 79.653895597964,24.7070379239903,0 79.6538967989748,24.7070400269294,0 79.6538981192313,24.7070420693448,0 79.6538995550893,24.7070440455987,0 79.6539066499991,24.7070532750001,0 79.653904600252,24.7070523464283,0 79.6539022457132,24.7070514155408,0 79.6538998414647,24.7070505975284,0 79.6538973939858,24.7070498945958,0 79.6538949098723,24.7070493086371,0 79.6538923958186,24.7070488412316,0 79.6538898585999,24.7070484936388,0 79.6538885097976,24.7070483738185,0 79.6538866036566,24.7070466466579,0 79.6538846777381,24.7070449925408,0 79.6538826577566,24.7070434348606,0 79.6538805494912,24.7070419780737,0 79.6538783589739,24.707040626348,0 79.6538760924715,24.7070393835509,0 79.6538737564685,24.7070382532379,0 79.6538713576482,24.7070372386428,0 79.6538689028737,24.7070363426684,0 79.653866399168,24.7070355678781,0 79.6538643191879,24.7070350356089,0 79.6538961490764,24.7069797005269,0 79.6538973087936,24.7069775472898,0 79.6538983416268,24.7069753408021,0 79.6538992446579,24.7069730872981,0 79.6539000153354,24.7069707931446,0 79.6539006514819,24.7069684648235,0 79.6539011513001,24.7069661089132,0 79.6539015133778,24.7069637320699,0 79.6539017366921,24.7069613410093,0 79.6539018206119,24.7069589424868,0 79.6539017649002,24.7069565432793,0 79.6539015697144,24.7069541501653,0 79.653901235606,24.7069517699062,0 79.653900763519,24.7069494092273,0 79.6539001547871,24.7069470747983,0 79.6538994111304,24.7069447732148,0 79.6538985346498,24.7069425109796,0 79.6538975278218,24.7069402944845,0 79.6538963934911,24.7069381299917,0 79.6538951348626,24.7069360236168,0 79.6538937554923,24.7069339813111,0 79.6538922592776,24.7069320088448,0 79.6538906504457,24.706930111791,0 79.6538889335422,24.7069282955094,0 79.653887113418,24.7069265651317,0 79.6538851952157,24.7069249255469,0 79.6538831843548,24.7069233813874,0 79.6538810865167,24.7069219370161,0 79.6538789076288,24.7069205965138,0 79.653876653847,24.7069193636678,0 79.6538744961139,24.7069183214534,0 79.653880369887,24.7069201414958,0 79.6538909848493,24.7069242151355,0 79.653897362341,24.7069338898378,0</coordinates></LinearRing></innerBoundaryIs><innerBoundaryIs><LinearRing><coordinates>79.653952080611,24.7070927033796,0 79.6539545779323,24.7070931882352,0 79.6539570993312,24.70709355463,0 79.6539669993346,24.7070947546306,0 79.6539698041043,24.7070950204711,0 79.6539714799426,24.7070950914344,0 79.6539815555495,24.7071084689367,0 79.6539805515368,24.7071084558892,0 79.6539780504888,24.7071085391375,0 79.6539755572611,24.707108737941,0 79.6539730782473,24.7071090517901,0 79.6539706198047,24.7071094798797,0 79.6539619810183,24.7071111923028,0 79.6539518805775,24.7071005868412,0 79.653945972202,24.7070915154005,0 79.6539454743064,24.7070907877481,0 79.653947184778,24.7070913837752,0 79.653949614032,24.7070921013574,0 79.653952080611,24.7070927033796,0</coordinates></LinearRing></innerBoundaryIs><innerBoundaryIs><LinearRing><coordinates>79.653425562825,24.7074428853593,0 79.653423533178,24.7074414647524,0 79.6534214258174,24.70744014194,0 79.6534199688509,24.707439325374,0 79.6534196588708,24.7074378649656,0 79.6534190445501,24.7074356026884,0 79.6534183032353,24.7074333723893,0 79.6534174369023,24.7074311800133,0 79.6534164478603,24.7074290314039,0 79.6534153387456,24.7074269322883,0 79.6534141125144,24.7074248882613,0 79.6534127724352,24.7074229047714,0 79.6534113220799,24.7074209871053,0 79.6534097653145,24.7074191403746,0 79.6534087407753,24.707418046764,0 79.6534294887977,24.7074204965307,0 79.6534292907811,24.7074339612897,0 79.6534258111119,24.7074430785547,0 79.653425562825,24.7074428853593,0</coordinates></LinearRing></innerBoundaryIs><innerBoundaryIs><LinearRing><coordinates>79.6533722201915,24.7077810457133,0 79.6533721723502,24.7077786841673,0 79.6533719893732,24.7077763281388,0 79.6533716717615,24.7077739840764,0 79.6533712203843,24.707771658396,0 79.6533706364771,24.7077693574631,0 79.6533699216381,24.7077670875756,0 79.6533690778238,24.7077648549463,0 79.6533681073439,24.707762665686,0 79.6533670128547,24.7077605257869,0 79.6533657973517,24.7077584411061,0 79.653364464162,24.7077564173495,0 79.6533630169346,24.7077544600562,0 79.6533614596306,24.7077525745836,0 79.6533597965126,24.7077507660922,0 79.6533580321325,24.707749039532,0 79.6533561713197,24.7077473996288,0 79.6533542191673,24.707745850871,0 79.6533521810184,24.7077443974978,0 79.6533500624517,24.7077430434871,0 79.6533478692657,24.7077417925449,0 79.6533456074635,24.7077406480952,0 79.6533432832357,24.7077396132704,0 79.6533409029439,24.7077386909028,0 79.653338473103,24.7077378835171,0 79.6533360003638,24.7077371933231,0 79.6533334914944,24.7077366222099,0 79.6533309533615,24.7077361717408,0 79.6533283929124,24.7077358431486,0 79.6533258171551,24.7077356373328,0 79.6533232331396,24.7077355548567,0 79.6533206479387,24.7077355959459,0 79.653318068628,24.7077357604882,0 79.6533155022675,24.707736048033,0 79.6533129558813,24.7077364577934,0 79.6533111850081,24.707736830922,0 79.6533107319742,24.7077361186658,0 79.6533093017001,24.707734006023,0 79.6533077463935,24.7077319684391,0 79.6533062394385,24.7077302090171,0 79.6533068999138,24.707730055739,0 79.6533093345401,24.7077293668842,0 79.653311727053,24.707728564287,0 79.6533140710893,24.7077276500819,0 79.6533147865519,24.7077273302535,0 79.6533169136231,24.7077276670358,0 79.6533385136306,24.7077305670371,0 79.6533410576487,24.7077308472592,0 79.6533436141468,24.7077310066502,0 79.6533461762523,24.7077310447816,0 79.6533487370776,24.707730961551,0 79.6533512897382,24.707730757182,0 79.6533538273721,24.707730432224,0 79.6533563431572,24.7077299875507,0 79.6533588303305,24.7077294243575,0 79.6533612822057,24.7077287441584,0 79.6533636921914,24.7077279487818,0 79.6533660538089,24.7077270403662,0 79.6533683607095,24.7077260213535,0 79.6533706066917,24.7077248944831,0 79.6533727857175,24.7077236627844,0 79.653374891929,24.7077223295686,0 79.6533769196644,24.7077208984196,0 79.6533788634722,24.7077193731849,0 79.6533807181272,24.7077177579648,0 79.6533824786433,24.7077160571013,0 79.653384140288,24.707714275167,0 79.653385698594,24.7077124169521,0 79.6533871493724,24.707710487452,0 79.6533887005385,24.7077083053023,0 79.653388860917,24.7077101205291,0 79.6533892085661,24.7077124866658,0 79.6533896926489,24.7077148327066,0 79.6533903118119,24.7077171520915,0 79.6533910643237,24.7077194383348,0 79.6533919480801,24.7077216850437,0 79.6533929606099,24.7077238859356,0 79.6533940990817,24.7077260348564,0 79.6533953603122,24.707728125797,0 79.6533967407745,24.7077301529107,0 79.6533982366086,24.7077321105291,0 79.6533998436317,24.7077339931782,0 79.6534015573502,24.7077357955936,0 79.653403372972,24.7077375127353,0 79.6534052854202,24.7077391398016,0 79.6534072893471,24.7077406722429,0 79.6534093791492,24.707742105774,0 79.6534104505839,24.7077427628126,0 79.6533848810918,24.7077876260905,0 79.6533781214732,24.7077893905493,0 79.6533756423747,24.70779010258,0 79.6533732076754,24.7077909326683,0 79.6533711719217,24.7077917404987,0 79.6533719103136,24.7077857595055,0 79.6533721327662,24.707783406313,0 79.6533722201915,24.7077810457133,0</coordinates></LinearRing></innerBoundaryIs><innerBoundaryIs><LinearRing><coordinates>79.6534800258777,24.7076580067527,0 79.6534808011822,24.7076557629461,0 79.6534814474638,24.7076534852877,0 79.653481962967,24.707651179964,0 79.6534823462916,24.7076488532367,0 79.6534825963964,24.7076465114257,0 79.6534827126021,24.7076441608918,0 79.6534826945932,24.7076418080196,0 79.6534825424184,24.7076394591999,0 79.6534822564911,24.7076371208126,0 79.6534818375881,24.7076347992093,0 79.653481286847,24.7076325006959,0 79.653480605764,24.7076302315157,0 79.6534797961888,24.7076279978321,0 79.6534788603205,24.7076258057124,0 79.6534778007012,24.7076236611107,0 79.6534766202089,24.7076215698523,0 79.6534753220501,24.7076195376174,0 79.653473909751,24.707617569926,0 79.6534731762613,24.7076166556899,0 79.6534743575058,24.7076161280804,0 79.6534766081663,24.7076149865021,0 79.6534787907016,24.7076137394141,0 79.6534808991897,24.7076123902003,0 79.6534829279097,24.7076109425212,0 79.6535290279148,24.7075762425119,0 79.6535310404638,24.7075746423962,0 79.653532955552,24.7075729453971,0 79.653534767598,24.7075711564603,0 79.6535364713206,24.7075692807996,0 79.6535380617544,24.7075673238816,0 79.6535395342642,24.7075652914096,0 79.6535408845585,24.7075631893072,0 79.6535421087017,24.7075610237009,0 79.6535432031263,24.7075588009021,0 79.6535441646426,24.7075565273893,0 79.6535449904484,24.7075542097883,0 79.6535474595416,24.7075465870784,0 79.6535609090463,24.7075491954666,0 79.6535599109529,24.7075496393597,0 79.6535576471462,24.7075507837397,0 79.6535554520022,24.707552034778,0 79.653553331537,24.7075533890459,0 79.6535512915622,24.7075548428316,0 79.6535493376689,24.7075563921508,0 79.6535474752121,24.7075580327572,0 79.6535457092963,24.7075597601544,0 79.6535440447613,24.7075615696081,0 79.6535424861691,24.7075634561592,0 79.6535410377914,24.707565414637,0 79.6535397035978,24.7075674396741,0 79.6535384872449,24.7075695257203,0 79.6535373920664,24.7075716670585,0 79.6535364210639,24.7075738578198,0 79.6535355768986,24.7075760919999,0 79.6535348618842,24.7075783634757,0 79.6535342779803,24.7075806660217,0 79.6535338267871,24.7075829933272,0 79.6535335095414,24.7075853390138,0 79.6535333271127,24.7075876966526,0 79.6535332800007,24.7075900597821,0 79.6535333683349,24.7075924219255,0 79.6535335918729,24.7075947766089,0 79.6535339500023,24.7075971173789,0 79.6535339824318,24.7075972704086,0 79.6535319796595,24.707598127782,0 79.6535297273566,24.7075992249307,0 79.6535275400677,24.7076004268455,0 79.6535254236273,24.7076017303204,0 79.653523383681,24.7076031318784,0 79.6535214256704,24.7076046277808,0 79.6535195548184,24.7076062140373,0 79.6535177761156,24.7076078864165,0 79.6535160943067,24.7076096404574,0 79.6535145138779,24.7076114714811,0 79.6535130390449,24.7076133746034,0 79.6535116737419,24.7076153447476,0 79.6535104216109,24.7076173766584,0 79.6535092859918,24.7076194649158,0 79.653508269914,24.7076216039492,0 79.6535073760879,24.7076237880528,0 79.6535066068977,24.7076260114005,0 79.6535059643952,24.7076282680616,0 79.6535054502944,24.7076305520163,0 79.6535050659666,24.7076328571724,0 79.653504812437,24.7076351773806,0 79.653504690382,24.707637506452,0 79.6535041595897,24.7076595339742,0 79.6534974149825,24.7076706185863,0 79.6534776783295,24.7076631363343,0 79.6534780969681,24.70766236854,0 79.6534791236561,24.7076602106127,0 79.6534800258777,24.7076580067527,0</coordinates></LinearRing></innerBoundaryIs><innerBoundaryIs><LinearRing><coordinates>79.6535368547035,24.7079018754085,0 79.6535382806744,24.7079038488772,0 79.6535398178003,24.7079057514357,0 79.6535414618646,24.7079075778648,0 79.6535432083571,24.7079093231543,0 79.6535450524867,24.7079109825162,0 79.6535469891946,24.7079125513985,0 79.6535490131678,24.7079140254974,0 79.6535511188541,24.707915400769,0 79.653553300477,24.7079166734406,0 79.6535555520517,24.707917840021,0 79.6535556358102,24.7079178782687,0 79.6535552781191,24.7079181200914,0 79.653553297026,24.707919610882,0 79.6535514033309,24.7079211936186,0 79.6535496021417,24.7079228640323,0 79.6535478983164,24.7079246176176,0 79.6535462964508,24.7079264496446,0 79.6535455262329,24.7079274309804,0 79.6535448292246,24.7079269838721,0 79.6535426291529,24.7079257247749,0 79.6535403597376,24.7079245729535,0 79.6535380272411,24.7079235315865,0 79.6535356380998,24.7079226035475,0 79.6535331989067,24.7079217913973,0 79.6535307163925,24.7079210973771,0 79.6535281974079,24.7079205234021,0 79.6535281360981,24.7079205125199,0 79.6535337895413,24.7078966070307,0 79.6535343515584,24.7078977375753,0 79.6535355437994,24.7078998364434,0 79.6535368547035,24.7079018754085,0</coordinates></LinearRing></innerBoundaryIs><innerBoundaryIs><LinearRing><coordinates>79.6538768787171,24.7079330171791,0 79.6538773046252,24.7079330316609,0 79.6538768265755,24.7079333467662,0 79.6538768787171,24.7079330171791,0</coordinates></LinearRing></innerBoundaryIs><innerBoundaryIs><LinearRing><coordinates>79.654263829048,24.7068964599115,0 79.6542632724619,24.7068941484869,0 79.6542625840449,24.7068918668827,0 79.6542617656887,24.7068896213692,0 79.6542608196423,24.706887418117,0 79.6542597485055,24.7068852631807,0 79.6542585552217,24.7068831624824,0 79.6542572430702,24.7068811217948,0 79.6542571097219,24.7068809263278,0 79.654257469809,24.7068808937012,0 79.6542600397937,24.7068805353425,0 79.6542625855939,24.7068800540237,0 79.6542637042937,24.7068797857805,0 79.6542637123285,24.7068804652087,0 79.6542645594108,24.7069014307006,0 79.6542645409756,24.7069011467505,0 79.6542642522736,24.7068987948049,0 79.654263829048,24.7068964599115,0</coordinates></LinearRing></innerBoundaryIs><innerBoundaryIs><LinearRing><coordinates>79.6541221954761,24.7069689410252,0 79.6541196593328,24.7069692135925,0 79.6541171419871,24.7069696054662,0 79.6541146501599,24.7069701156001,0 79.6541121905041,24.7069707426322,0 79.6541097695866,24.7069714848885,0 79.6541073938709,24.7069723403871,0 79.6541050696998,24.7069733068441,0 79.6541028032786,24.706974381679,0 79.6541006006582,24.7069755620224,0 79.6540984677193,24.7069768447228,0 79.6540817357547,24.7069874829534,0 79.6540826587753,24.7069766374081,0 79.6540836020702,24.7069703880648,0 79.6540855075352,24.7069696221544,0 79.6540878678335,24.7069685322217,0 79.6540901609262,24.7069673285068,0 79.6540923802466,24.7069660144569,0 79.6540945194393,24.7069645938349,0 79.6540965723781,24.7069630707092,0 79.654098533184,24.7069614494416,0 79.6541003962417,24.7069597346749,0 79.6541010631604,24.7069590513177,0 79.6541158619405,24.7069653375252,0 79.6541181839042,24.7069662585332,0 79.6541205544463,24.7069670697222,0 79.6541229673475,24.7069677689639,0 79.6541254162774,24.7069683544238,0 79.6541275887457,24.7069687665098,0 79.6541272970387,24.7069687564004,0 79.6541247436458,24.7069687884921,0 79.6541221954761,24.7069689410252,0</coordinates></LinearRing></innerBoundaryIs><innerBoundaryIs><LinearRing><coordinates>79.6541497225277,24.7076110562863,0 79.6541520806572,24.7076100446007,0 79.6541543771503,24.7076089208042,0 79.6541566056254,24.7076076880196,0 79.6541587598901,24.7076063496727,0 79.6541608339579,24.7076049094825,0 79.6541628220654,24.707603371451,0 79.654166989918,24.707599970815,0 79.6541671326813,24.707600921815,0 79.6541676281367,24.7076032814371,0 79.6541682603065,24.7076056136397,0 79.6541690274006,24.7076079118175,0 79.6541699272462,24.7076101694617,0 79.654170719311,24.7076118694111,0 79.654168400268,24.7076128641514,0 79.6541660614046,24.7076140112445,0 79.6541637933398,24.7076152714048,0 79.6541631999368,24.7076156423875,0 79.654160663621,24.7076158476759,0 79.6541581267399,24.7076161747726,0 79.6541556118237,24.7076166215267,0 79.654153125631,24.7076171867377,0 79.6541517497777,24.7076175696907,0 79.6541517265477,24.7076175522806,0 79.6541496228032,24.7076161386096,0 79.6541474402478,24.707614828431,0 79.654145184976,24.7076136254036,0 79.6541438475107,24.7076129960332,0 79.654144847724,24.7076127323989,0 79.6541473093147,24.7076119530497,0 79.6541497225277,24.7076110562863,0</coordinates></LinearRing></innerBoundaryIs><innerBoundaryIs><LinearRing><coordinates>79.65363959988,24.7079370598808,0 79.6536419507825,24.7079381173543,0 79.6536443597377,24.7079390595129,0 79.653646819973,24.7079398837077,0 79.6536493245719,24.7079405876216,0 79.6536518664931,24.7079411692757,0 79.6536544385901,24.7079416270346,0 79.6536570336318,24.7079419596116,0 79.6536573910994,24.707941987881,0 79.653657546296,24.7079437953307,0 79.6536578785364,24.7079461149719,0 79.6536580776074,24.707947103519,0 79.6536545805633,24.7079499767659,0 79.653638355578,24.7079364622239,0 79.65363959988,24.7079370598808,0</coordinates></LinearRing></innerBoundaryIs><innerBoundaryIs><LinearRing><coordinates>79.6530226402986,24.7076012382718,0 79.6530230784186,24.7076016879192,0 79.653022373498,24.7076018104516,0 79.6530224219298,24.7076017180058,0 79.6530226402986,24.7076012382718,0</coordinates></LinearRing></innerBoundaryIs><innerBoundaryIs><LinearRing><coordinates>79.6529119299219,24.707748506809,0 79.6529119433397,24.7077484653417,0 79.6529125436499,24.7077461779042,0 79.6529130127241,24.707743865009,0 79.6529133492892,24.7077415329348,0 79.6529135524313,24.7077391880124,0 79.6529136215991,24.7077368366075,0 79.6529135566048,24.7077344851031,0 79.6529134819424,24.7077336051163,0 79.6529165677233,24.707732972574,0 79.6529165490786,24.7077331860971,0 79.652916478425,24.7077355420236,0 79.6529165424537,24.7077378981081,0 79.6529167409902,24.70774024793,0 79.6529170734936,24.7077425850854,0 79.6529175390575,24.7077449032053,0 79.6529181364135,24.7077471959723,0 79.6529182234565,24.7077474665062,0 79.6529165776793,24.7077476513984,0 79.6529140140918,24.7077480655761,0 79.6529119299219,24.707748506809,0</coordinates></LinearRing></innerBoundaryIs><innerBoundaryIs><LinearRing><coordinates>79.6535286217894,24.707171820192,0 79.6535266462412,24.7071733850713,0 79.6535247640613,24.7071750432102,0 79.6535229805185,24.7071767899671,0 79.6535217281375,24.7071781546001,0 79.653521555738,24.7071765181952,0 79.6535211813308,24.7071742162142,0 79.6535206775656,24.7071719349165,0 79.6535200457811,24.7071696803643,0 79.6535192876559,24.7071674585482,0 79.6535186677876,24.7071659249997,0 79.6535330300031,24.7071688743838,0 79.6535328306238,24.7071689874614,0 79.6535306851756,24.707170352953,0 79.6535286217894,24.707171820192,0</coordinates></LinearRing></innerBoundaryIs><innerBoundaryIs><LinearRing><coordinates>79.653456862304,24.7071207631754,0 79.6534545055832,24.7071198560265,0 79.6534521006484,24.7071190614596,0 79.6534496539396,24.7071183816022,0 79.6534471720083,24.7071178182748,0 79.6534446615003,24.7071173729859,0 79.6534421291382,24.7071170469277,0 79.6534395817028,24.7071168409735,0 79.6534370260155,24.7071167556746,0 79.6534344689197,24.7071167912596,0 79.6534319172625,24.707116947633,0 79.6534293778766,24.7071172243762,0 79.6534268575618,24.7071176207482,0 79.6534243630667,24.7071181356875,0 79.6534219010708,24.7071187678153,0 79.6534194781667,24.7071195154389,0 79.6534171008423,24.7071203765565,0 79.6534147754634,24.7071213488622,0 79.6534125082566,24.7071224297524,0 79.6534103052928,24.7071236163328,0 79.6534081724711,24.7071249054261,0 79.6534061155025,24.7071262935804,0 79.6534045425242,24.7071274747415,0 79.653403151582,24.7071263349413,0 79.6534011913001,24.7071248864015,0 79.6533991526987,24.707123531075,0 79.6533970410835,24.7071222724893,0 79.6533948619507,24.7071211139202,0 79.6533926209719,24.7071200583831,0 79.6533903239797,24.7071191086254,0 79.6533838328378,24.7071166048994,0 79.6533842367036,24.7071160638801,0 79.6533855640594,24.7071140720403,0 79.6533867770606,24.7071120202486,0 79.653387872471,24.7071099139789,0 79.6533888473683,24.7071077588504,0 79.6533896991517,24.7071055606127,0 79.6533904255485,24.7071033251302,0 79.6533910246211,24.7071010583669,0 79.6533914947711,24.7070987663702,0 79.6533918347443,24.7070964552548,0 79.6533920436337,24.7070941311863,0 79.653392120882,24.707091800365,0 79.6533920882529,24.707090407113,0 79.6533932566014,24.7070903765987,0 79.6533959378988,24.7070901727558,0 79.653398603079,24.7070898359163,0 79.6534012442427,24.7070893670784,0 79.653403853562,24.7070887676317,0 79.6534064233031,24.7070880393529,0 79.6534089458497,24.7070871844006,0 79.6534114137253,24.7070862053087,0 79.6534138196155,24.707085104979,0 79.6534183196166,24.7070829049784,0 79.6534203228488,24.7070818701025,0 79.6534222711705,24.7070807511568,0 79.6534241603567,24.7070795505674,0 79.6534483093554,24.7070634287499,0 79.6534476511516,24.7070652630274,0 79.6534469759208,24.7070675405174,0 79.6534464318673,24.7070698471237,0 79.6534460204772,24.7070721765458,0 79.6534446204736,24.7070816765451,0 79.6534443466435,24.7070839804917,0 79.6534442025954,24.7070862942391,0 79.6534441887089,24.7070886116908,0 79.6534443050206,24.7070909267401,0 79.6534445512241,24.7070932332871,0 79.6534449266705,24.7070955252539,0 79.6534454303707,24.7070977966013,0 79.6534460609974,24.7071000413442,0 79.6534468168888,24.7071022535679,0 79.6534476960533,24.7071044274431,0 79.6534486961743,24.7071065572417,0 79.6534498146163,24.7071086373516,0 79.6534510484325,24.7071106622919,0 79.6534523943716,24.7071126267268,0 79.6534538488871,24.7071145254801,0 79.6534554081465,24.7071163535485,0 79.653457068041,24.7071181061151,0 79.653458824197,24.7071197785619,0 79.6534606719869,24.7071213664821,0 79.6534626065418,24.7071228656914,0 79.6534646227642,24.7071242722395,0 79.6534667153413,24.7071255824201,0 79.6534680031159,24.7071263450829,0 79.6534680879775,24.7071264666636,0 79.6534614060077,24.7071229052076,0 79.6534591645004,24.7071217804771,0 79.653456862304,24.7071207631754,0</coordinates></LinearRing></innerBoundaryIs><innerBoundaryIs><LinearRing><coordinates>79.6539676665062,24.7068322480449,0 79.6539653077874,24.7068313287639,0 79.6539629000449,24.7068305224886,0 79.6539604497616,24.70682983139,0 79.653960115981,24.7068297543212,0 79.653961117694,24.7068269457772,0 79.6539622485994,24.706827849125,0 79.6539686121136,24.7068326708204,0 79.6539676665062,24.7068322480449,0</coordinates></LinearRing></innerBoundaryIs><innerBoundaryIs><LinearRing><coordinates>79.6539909883974,24.7068489666854,0 79.6539931361251,24.7068500833049,0 79.6539953422692,24.7068511004549,0 79.6539976013135,24.7068520155923,0 79.65399990761,24.7068528264289,0 79.6540022553921,24.7068535309375,0 79.6540046387898,24.7068541273565,0 79.6540070518439,24.7068546141948,0 79.6540094885211,24.7068549902351,0 79.6540386856522,24.7068588128863,0 79.6540381150859,24.7068593997706,0 79.6540365253505,24.706861215195,0 79.6540326941738,24.7068658289598,0 79.6540320994172,24.7068655488712,0 79.6540297647539,24.7068645858255,0 79.6540273786017,24.7068637345825,0 79.6540249473714,24.706862997429,0 79.6540224775947,24.7068623763457,0 79.6540199759072,24.706861873001,0 79.6540193076248,24.7068617713776,0 79.654017669958,24.7068608393682,0 79.6540152890337,24.7068596449861,0 79.6540128398719,24.7068585719053,0 79.6540103298711,24.7068576233674,0 79.6540077666136,24.7068568022378,0 79.6540051578425,24.7068561109969,0 79.6540025114384,24.706855551733,0 79.6539915092313,24.7068535158922,0 79.653991230258,24.7068529759891,0 79.6539900168004,24.7068509122324,0 79.6539886877913,24.7068489087538,0 79.6539872468089,24.7068469709476,0 79.6539866960196,24.7068463071471,0 79.6539868895111,24.7068464464472,0 79.6539889044559,24.7068477533883,0 79.6539909883974,24.7068489666854,0</coordinates></LinearRing></innerBoundaryIs><innerBoundaryIs><LinearRing><coordinates>79.6541030503678,24.7065903922518,0 79.654101235035,24.7065910344651,0 79.6541009029744,24.7065901159975,0 79.6541002885513,24.706588676308,0 79.6541012662705,24.7065892937321,0 79.6541031582153,24.7065903598492,0 79.6541030503678,24.7065903922518,0</coordinates></LinearRing></innerBoundaryIs><innerBoundaryIs><LinearRing><coordinates>79.6545514454782,24.7049943584892,0 79.6545523257184,24.7049965637221,0 79.6545533302338,24.704998724181,0 79.6545544563089,24.7050008340257,0 79.6545557008998,24.7050028875531,0 79.6545570606423,24.7050048792122,0 79.6545585318606,24.7050068036192,0 79.654560110578,24.7050086555722,0 79.6545617925269,24.7050104300651,0 79.6545635731608,24.7050121223012,0 79.6545654476664,24.7050137277061,0 79.6545674109766,24.7050152419403,0 79.6545694577843,24.7050166609104,0 79.6545715825567,24.7050179807808,0 79.6545725739479,24.7050185300425,0 79.6545710215867,24.7050357840772,0 79.6545645488439,24.7050412513436,0 79.6545626908647,24.705042905426,0 79.6545609304634,24.705044646299,0 79.6545592724913,24.7050464691651,0 79.6545577215173,24.705048369001,0 79.6545575873782,24.705048552695,0 79.6545554210696,24.7050493019706,0 79.6545530993265,24.7050502319956,0 79.6545508328448,24.705051269561,0 79.6545486275884,24.7050524119367,0 79.6545464893604,24.7050536561166,0 79.6545444237872,24.7050549988267,0 79.6545424363043,24.7050564365338,0 79.6545405321415,24.7050579654547,0 79.6545387163095,24.7050595815662,0 79.6545369935864,24.7050612806156,0 79.6545083935851,24.7050909806085,0 79.6545067513936,24.7050927778576,0 79.6545052133934,24.7050946504556,0 79.6545037837201,24.7050965933674,0 79.6545034567721,24.7050970916679,0 79.6545029215289,24.705095129521,0 79.6545021568493,24.7050928477404,0 79.6545012612599,24.7050906060576,0 79.6545002372627,24.7050884107354,0 79.6544994931319,24.705087023625,0 79.6545002923052,24.705085463819,0 79.6545012630997,24.7050832785249,0 79.6545021076505,24.7050810499013,0 79.6545028236529,24.7050787840295,0 79.654503409153,24.7050764870927,0 79.6545038625532,24.7050741653589,0 79.6545041826162,24.7050718251637,0 79.6545043684685,24.705069472893,0 79.6545044196031,24.7050671149657,0 79.6545043358804,24.7050647578163,0 79.654504117529,24.705062407877,0 79.6545037651445,24.7050600715603,0 79.6545032796887,24.7050577552416,0 79.6545026624863,24.7050554652418,0 79.6545019152215,24.7050532078098,0 79.6545010399335,24.7050509891058,0 79.6545008457362,24.7050505673253,0 79.6545029102821,24.7050504325453,0 79.6545054745994,24.705050141439,0 79.6545080187552,24.7050497282872,0 79.6545105357941,24.7050491942195,0 79.6545130188347,24.705048540696,0 79.6545154610886,24.7050477695033,0 79.6545178558789,24.7050468827499,0 79.6545201966585,24.70504588286,0 79.6545224770279,24.7050447725672,0 79.6545246907528,24.7050435549069,0 79.6545268317811,24.7050422332082,0 79.6545288942594,24.7050408110845,0 79.6545308725491,24.7050392924236,0 79.6545327612417,24.7050376813774,0 79.6545345551738,24.7050359823505,0 79.6545362494409,24.7050341999877,0 79.654537839411,24.705032339162,0 79.6545393207373,24.7050304049606,0 79.65454068937,24.7050284026714,0 79.6545419415675,24.7050263377685,0 79.6545430739063,24.7050242158971,0 79.6545440832907,24.7050220428584,0 79.6545449669612,24.705019824593,0 79.6545457225018,24.7050175671656,0 79.6545463478471,24.7050152767478,0 79.6545468412875,24.7050129596013,0 79.6545472014738,24.705010622061,0 79.6545498979457,24.704989050224,0 79.6545500669981,24.7049898376502,0 79.6545506918924,24.7049921144432,0 79.6545514454782,24.7049943584892,0</coordinates></LinearRing></innerBoundaryIs><innerBoundaryIs><LinearRing><coordinates>79.6535317839115,24.7065523619305,0 79.6535321730798,24.7065529327131,0 79.6535315694275,24.7065535584475,0 79.6535299441436,24.7065554349327,0 79.6535284299752,24.7065573874458,0 79.6535270311757,24.7065594105021,0 79.6535260612902,24.7065609931815,0 79.6535183883054,24.7065501477184,0 79.6535203506423,24.7065496138249,0 79.6535228057094,24.7065488149215,0 79.6535252112609,24.7065478989013,0 79.6535275606071,24.7065468683117,0 79.6535285666126,24.7065463657536,0 79.6535294114617,24.7065481875878,0 79.653530538139,24.7065503030016,0 79.6535317839115,24.7065523619305,0</coordinates></LinearRing></innerBoundaryIs></Polygon>
  </Placemark>
  
    </Document>
</kml>