<?xml version="1.0" encoding="UTF-8"?>
<kml xmlns="http://www.opengis.net/kml/2.2">
    <Document>
        <Placemark xmlns:ns0="http://www.opengis.net/kml/2.2">
	<Style><LineStyle><color>ff0000ff</color></LineStyle><PolyStyle><fill>0</fill></PolyStyle></Style>
	<ExtendedData><SchemaData schemaUrl="#Wave23_v27MAR2025">
		<SimpleData name="area(ha)">3.981434590383955</SimpleData>
		<SimpleData name="site_id">230074_2.3</SimpleData>
		<SimpleData name="Land_parc">230074</SimpleData>
		<SimpleData name="district">Panna</SimpleData>
		<SimpleData name="block">Shahnagar</SimpleData>
		<SimpleData name="village">Pipariya Khurd</SimpleData>
		<SimpleData name="Land Type">Community</SimpleData>
		<SimpleData name="Instance">Wave 2023</SimpleData>
	</SchemaData></ExtendedData>
      <Polygon><outerBoundaryIs><LinearRing><coordinates>79.9725922051548,23.9462217312401,0 79.9725916952796,23.9462240601736,0 79.9725913193762,23.9462264105289,0 79.9725910784853,23.946228775801,0 79.9725909732735,23.9462311494433,0 79.972591004032,23.9462335248861,0 79.9725911706757,23.946235895555,0 79.9725914727434,23.9462382548884,0 79.972591909399,23.9462405963564,0 79.9725924794341,23.9462429134782,0 79.9725931812708,23.9462451998408,0 79.9725940129667,23.9462474491161,0 79.9725949722198,23.9462496550786,0 79.9725960563753,23.9462518116227,0 79.9725972624324,23.9462539127798,0 79.9725994624316,23.9462575127804,0 79.9726007544823,23.9462595053838,0 79.9726021561632,23.946261434378,0 79.9726036637756,23.9462632946727,0 79.9726052733411,23.9462650813592,0 79.9726069806126,23.9462667897226,0 79.9726087810847,23.9462684152549,0 79.9726106700064,23.9462699536667,0 79.9726126423933,23.9462714008984,0 79.9726146930407,23.9462727531311,0 79.9726168165372,23.9462740067965,0 79.9726190072794,23.9462751585864,0 79.9726212594864,23.9462762054615,0 79.9726235672151,23.9462771446593,0 79.9726259243759,23.9462779737015,0 79.9726283247486,23.9462786904003,0 79.9726307619992,23.9462792928646,0 79.9726332296962,23.9462797795045,0 79.9726639297062,23.9462850795066,0 79.9726664715221,23.9462854552452,0 79.9726690312634,23.946285708099,0 79.9726716019016,23.9462858373738,0 79.9726741763786,23.9462858427145,0 79.9726767476256,23.9462857241066,0 79.9726793085827,23.9462854818756,0 79.9726818522183,23.9462851166867,0 79.9726843715483,23.9462846295427,0 79.9726868596554,23.9462840217809,0 79.9726893097078,23.9462832950703,0 79.9726917149786,23.946282451406,0 79.9726940688634,23.9462814931046,0 79.9726963648993,23.9462804227973,0 79.972698596782,23.9462792434229,0 79.9727007583834,23.9462779582195,0 79.9727028437684,23.9462765707159,0 79.972704847211,23.9462750847219,0 79.9727067632105,23.9462735043175,0 79.9727085865061,23.9462718338421,0 79.9727103120916,23.9462700778823,0 79.9727119352289,23.9462682412595,0 79.9727134514614,23.9462663290164,0 79.9727148566261,23.9462643464036,0 79.9727161468647,23.9462622988647,0 79.9727173186346,23.9462601920217,0 79.9727183687185,23.9462580316593,0 79.9727192942332,23.9462558237093,0 79.9727200926374,23.946253574234,0 79.9727207617391,23.9462512894099,0 79.9727212997011,23.9462489755104,0 79.9727217050462,23.9462466388888,0 79.9727219766616,23.9462442859608,0 79.9727221138014,23.9462419231867,0 79.9727221160891,23.9462395570542,0 79.9727219835185,23.94623719406,0 79.9727217164536,23.946234840692,0 79.9727213156276,23.9462325034119,0 79.9727207821411,23.9462301886374,0 79.9727204369833,23.9462290016028,0 79.9727527313099,23.9462456361047,0 79.9727526047127,23.9462458631961,0 79.9727515578647,23.9462480096701,0 79.9727506340553,23.9462502033339,0 79.9727498357913,23.9462524382347,0 79.9727491652388,23.9462547083081,0 79.9727486242174,23.946257007394,0 79.9727482141952,23.9462593292539,0 79.9727479362849,23.946261667587,0 79.9727477912406,23.9462640160483,0 79.9727477794558,23.9462663682651,0 79.9727479009627,23.9462687178545,0 79.9727481554313,23.9462710584406,0 79.9727485421713,23.9462733836723,0 79.9727490601333,23.9462756872398,0 79.9727497079116,23.9462779628923,0 79.9727504837485,23.9462802044546,0 79.9727595837407,23.9463043044571,0 79.9727604847511,23.9463065040827,0 79.9727615090701,23.9463086576414,0 79.9727626539227,23.9463107592987,0 79.9727639162073,23.946312803361,0 79.9727652925041,23.9463147842905,0 79.9727667790845,23.9463166967206,0 79.9727683719211,23.9463185354701,0 79.9727700666986,23.9463202955576,0 79.9727718588257,23.9463219722147,0 79.9727737434471,23.9463235608989,0 79.9727757154571,23.9463250573064,0 79.9727777695131,23.9463264573831,0 79.9727799000504,23.9463277573359,0 79.972782101297,23.946328953643,0 79.9727843672893,23.9463300430634,0 79.9727866918884,23.9463310226458,0 79.9727890687965,23.9463318897362,0 79.9727914915741,23.9463326419855,0 79.9727939536576,23.9463332773558,0 79.9727964483767,23.9463337941257,0 79.9727989689729,23.9463341908953,0 79.9728015086172,23.9463344665896,0 79.9728040604296,23.9463346204616,0 79.9728066174965,23.9463346520946,0 79.9728091728906,23.9463345614028,0 79.9728117196888,23.946334348632,0 79.9728142509913,23.9463340143585,0 79.9728167599405,23.946333559488,0 79.9728192397391,23.9463329852528,0 79.972821683669,23.9463322932086,0 79.9728240851091,23.9463314852303,0 79.9728264375535,23.9463305635067,0 79.9728608974377,23.946316076292,0 79.9728691751908,23.9463182372981,0 79.9728715403275,23.9463187967525,0 79.9728739327906,23.9463192474988,0 79.9728763466688,23.9463195884234,0 79.9728787759979,23.9463198186839,0 79.9728812147754,23.9463199377113,0 79.9728836569755,23.9463199452116,0 79.9728860965641,23.9463198411662,0 79.9728921965662,23.9463194411662,0 79.9728947209814,23.9463192153087,0 79.9728972293508,23.9463188700199,0 79.9728997149898,23.9463184062201,0 79.9729021712742,23.9463178251453,0 79.9729045916581,23.9463171283441,0 79.9729069696913,23.9463163176733,0 79.9729092990364,23.9463153952933,0 79.9729115734857,23.9463143636624,0 79.972913786978,23.9463132255297,0 79.9729159336143,23.9463119839284,0 79.972918007674,23.9463106421672,0 79.9729200036297,23.9463092038219,0 79.9729219161623,23.9463076727257,0 79.9729237401749,23.9463060529589,0 79.9729254708067,23.946304348838,0 79.9729271034456,23.9463025649046,0 79.9729286337406,23.9463007059127,0 79.9729300576135,23.9462987768165,0 79.9729313712699,23.946296782757,0 79.9729325712088,23.9462947290483,0 79.9729336542324,23.9462926211633,0 79.9729346174546,23.9462904647197,0 79.9729390541314,23.9462797529581,0 79.9729394738582,23.9462802025209,0 79.9729412705755,23.9462819325127,0 79.9729431644319,23.9462835726501,0 79.972945150115,23.9462851183321,0 79.9729472220548,23.9462865652231,0 79.9729493744392,23.9462879092644,0 79.9729516012307,23.9462891466857,0 79.9729538961827,23.9462902740161,0 79.9729562528577,23.9462912880931,0 79.9729586646451,23.9462921860723,0 79.9729611247794,23.9462929654347,0 79.9729636263599,23.946293623994,0 79.9729661623691,23.9462941599031,0 79.97300006238,23.9463004599056,0 79.9730025716535,23.9463008642997,0 79.973005100361,23.9463011486105,0 79.9730076417038,23.9463013120736,0 79.9730101888493,23.9463013542495,0 79.9730127349494,23.9463012750247,0 79.9730152731587,23.9463010746124,0 79.973017796653,23.9463007535512,0 79.9730202986476,23.9463003127045,0 79.9730223897462,23.9462998397988,0 79.9730401728499,23.9463068757208,0 79.9730425389341,23.946307745734,0 79.9730449509194,23.9463085018205,0 79.9730474023165,23.9463091419461,0 79.9730498865303,23.9463096643885,0 79.9730523968771,23.9463100677423,0 79.9730549266032,23.9463103509222,0 79.9730574689026,23.9463105131664,0 79.9730600169355,23.9463105540383,0 79.9730625638466,23.9463104734281,0 79.9730651027839,23.9463102715525,0 79.9730676269164,23.9463099489547,0 79.9730701294534,23.9463095065026,0 79.973072603662,23.9463089453867,0 79.9730750428856,23.9463082671164,0 79.9730770339449,23.9463076081016,0 79.9730883291093,23.9463142825158,0 79.9730905328005,23.9463155108362,0 79.973092803543,23.9463166312601,0 79.9730951350883,23.9463176407046,0 79.9730975210207,23.9463185363919,0 79.9730999547749,23.9463193158573,0 79.9731024296539,23.946319976956,0 79.9731049388476,23.9463205178688,0 79.9731074754514,23.9463209371074,0 79.9731100324853,23.946321233518,0 79.9731126029132,23.9463214062852,0 79.973115179662,23.9463214549333,0 79.9731177556413,23.9463213793287,0 79.9731203237626,23.9463211796793,0 79.9731228769594,23.9463208565345,0 79.973125408206,23.9463204107835,0 79.9731279105372,23.9463198436528,0 79.9731303770672,23.9463191567032,0 79.973132801009,23.9463183518247,0 79.9731351756925,23.9463174312323,0 79.9731374945834,23.9463163974591,0 79.9731397513008,23.9463152533497,0 79.9731419396348,23.9463140020525,0 79.9731440535638,23.9463126470105,0 79.973146087271,23.9463111919524,0 79.9731480351601,23.9463096408823,0 79.9731498918711,23.946307998068,0 79.973151652295,23.9463062680302,0 79.9731533115876,23.9463044555294,0 79.973154865183,23.9463025655531,0 79.9731563088062,23.9463006033019,0 79.9731576384848,23.9462985741753,0 79.9731588505599,23.9462964837569,0 79.9731599416962,23.9462943377989,0 79.9731609088913,23.9462921422063,0 79.9731617494838,23.9462899030208,0 79.9731624611605,23.9462876264038,0 79.9731630419633,23.94628531862,0 79.9731634902938,23.9462829860197,0 79.9731638049185,23.9462806350215,0 79.9731639849716,23.9462782720947,0 79.9731640299576,23.9462759037413,0 79.9731639397527,23.9462735364783,0 79.9731637146053,23.9462711768196,0 79.9731633551348,23.9462688312585,0 79.9731628623304,23.9462665062491,0 79.9731624907588,23.9462651395429,0 79.9731642596186,23.9462641805502,0 79.9731663989803,23.9462628776918,0 79.9731684614012,23.9462614739402,0 79.9731704412542,23.9462599731253,0 79.9731723331372,23.9462583793423,0 79.9731726239699,23.9462581073215,0 79.973172674956,23.9462584317795,0 79.9731731805051,23.946260769274,0 79.9731738195349,23.9462630789989,0 79.9731745902653,23.9462653545204,0 79.9731754905495,23.9462675895001,0 79.9731978905338,23.9463189895061,0 79.9731989185204,23.9463211790193,0 79.973200070839,23.9463233156024,0 79.9732013442759,23.9463253932968,0 79.9732027352797,23.9463274063082,0 79.9732042399711,23.9463293490225,0 79.9732058541536,23.9463312160217,0 79.9732075733256,23.946333002099,0 79.9732093926925,23.9463347022732,0 79.9732113071803,23.9463363118029,0 79.9732133114497,23.9463378261991,0 79.9732153999111,23.9463392412385,0 79.9732175667401,23.9463405529747,0 79.9732198058936,23.9463417577494,0 79.973222111127,23.9463428522027,0 79.9732244760112,23.9463438332822,0 79.9732268939509,23.946344698252,0 79.9732293582027,23.9463454446995,0 79.9732318618942,23.9463460705433,0 79.9732343980429,23.9463465740377,0 79.9732369595758,23.9463469537787,0 79.9732395393491,23.9463472087072,0 79.9732421301682,23.9463473381123,0 79.9732447248076,23.946347341633,0 79.9732473160311,23.9463472192595,0 79.9732498966122,23.9463469713331,0 79.973252459354,23.9463465985452,0 79.9732549971093,23.9463461019356,0 79.9732575028006,23.9463454828891,0 79.9732599694399,23.9463447431323,0 79.973262390148,23.9463438847282,0 79.9732647581739,23.9463429100707,0 79.9732670669135,23.9463418218781,0 79.973269309928,23.9463406231853,0 79.9732714809618,23.9463393173352,0 79.9732735739604,23.9463379079696,0 79.9732755830865,23.9463363990191,0 79.973277502737,23.946334794692,0 79.9732793275583,23.9463330994626,0 79.9732810524611,23.9463313180585,0 79.9732826726349,23.946329455448,0 79.9732841835612,23.9463275168255,0 79.9732855810263,23.9463255075978,0 79.9732868611328,23.9463234333682,0 79.9732880203108,23.9463212999215,0 79.9732890553273,23.9463191132076,0 79.973289963296,23.946316879325,0 79.9732907416844,23.9463146045037,0 79.973291388322,23.9463122950878,0 79.973291874502,23.9463100800873,0 79.9732927348813,23.9463102126836,0 79.9732952680549,23.9463104798066,0 79.9732978128957,23.9463106257858,0 79.9733003625498,23.9463106502281,0 79.97330291015,23.9463105530677,0 79.973305448835,23.9463103345662,0 79.9733079717675,23.9463099953122,0 79.9733104721523,23.9463095362193,0 79.9733129432552,23.946308958524,0 79.9733153784208,23.9463082637822,0 79.9733164263738,23.9463079371737,0 79.9733174666152,23.9463120127507,0 79.9733181137809,23.9463142815671,0 79.9733188882549,23.9463165164386,0 79.9733197879476,23.9463187113354,0 79.9733208104316,23.9463208603358,0 79.9733219529484,23.9463229576416,0 79.9733232124153,23.9463249975945,0 79.9733245854344,23.9463269746905,0 79.9733260683012,23.9463288835956,0 79.9733276570151,23.9463307191594,0 79.9733293472896,23.9463324764297,0 79.9733311345644,23.9463341506653,0 79.9733330140175,23.9463357373492,0 79.9733349805781,23.9463372322004,0 79.9733370289404,23.946338631186,0 79.9733391535779,23.9463399305313,0 79.9733413487584,23.9463411267308,0 79.9733436085594,23.9463422165572,0 79.9733459268838,23.9463431970701,0 79.9733482974768,23.946344065624,0 79.9733507139426,23.9463448198757,0 79.9733531697615,23.9463454577901,0 79.9733556583078,23.9463459776461,0 79.9733581728674,23.9463463780413,0 79.973360706656,23.9463466578952,0 79.9733632528374,23.946346816453,0 79.973365804542,23.9463468532867,0 79.9733683548854,23.946346768297,0 79.9733708969867,23.9463465617132,0 79.9733734239874,23.9463462340927,0 79.9733759290695,23.9463457863194,0 79.9733784054745,23.9463452196013,0 79.9733808465209,23.9463445354676,0 79.9733832456229,23.9463437357639,0 79.9733855963076,23.9463428226479,0 79.9733878922329,23.9463417985832,0 79.9733901272044,23.9463406663326,0 79.9733922951921,23.946339428951,0 79.9733943903469,23.9463380897769,0 79.9733964070161,23.9463366524233,0 79.9733983397585,23.9463351207682,0 79.9734001833598,23.9463334989441,0 79.9734012874601,23.946332421267,0 79.9734013518392,23.9463334013013,0 79.9734016413947,23.9463357524661,0 79.9734020645574,23.9463380864627,0 79.9734026201653,23.9463403968827,0 79.973403306693,23.9463426773818,0 79.9734041222553,23.9463449216985,0 79.9734050646128,23.9463471236701,0 79.9734061311781,23.9463492772506,0 79.9734073190225,23.9463513765265,0 79.9734086248844,23.9463534157337,0 79.9734100451783,23.9463553892729,0 79.9734115760043,23.9463572917251,0 79.973413213159,23.9463591178666,0 79.9734149521471,23.9463608626831,0 79.9734167881936,23.9463625213838,0 79.9734187162573,23.946364089414,0 79.9734207310438,23.9463655624683,0 79.9734228270212,23.946366936502,0 79.9734249984341,23.9463682077423,0 79.9734272393203,23.9463693726985,0 79.9734295435267,23.9463704281719,0 79.9734319047265,23.9463713712644,0 79.9734343164363,23.9463721993864,0 79.9734367720338,23.946372910264,0 79.9734392647766,23.9463735019454,0 79.9734417878201,23.9463739728059,0 79.9734443342364,23.9463743215525,0 79.9734468970335,23.9463745472277,0 79.9734494691746,23.9463746492119,0 79.9734520435969,23.9463746272249,0 79.9734546132317,23.9463744813273,0 79.9734571710231,23.9463742119195,0 79.973459709948,23.9463738197413,0 79.973462223035,23.9463733058696,0 79.9734647033836,23.9463726717153,0 79.9734671441832,23.9463719190198,0 79.9734695387319,23.9463710498498,0 79.9734718804547,23.9463700665918,0 79.9734741629216,23.9463689719457,0 79.9734763798655,23.9463677689173,0 79.9734785251991,23.9463664608097,0 79.9734805930316,23.9463650512148,0 79.9734825776851,23.946363544003,0 79.9734844737103,23.946361943313,0 79.9735234737117,23.9463272433045,0 79.9735253473239,23.9463254828046,0 79.9735271137225,23.9463236310466,0 79.9735287676539,23.9463216935381,0 79.9735303041989,23.9463196760417,0 79.9735317187874,23.9463175845579,0 79.973533007212,23.9463154253073,0 79.9735341656408,23.9463132047121,0 79.9735343390426,23.9463128197832,0 79.9735451134499,23.9463188929614,0 79.9735473476355,23.9463200792505,0 79.9735496465026,23.9463211561048,0 79.9735520037108,23.9463221205542,0 79.9735544127589,23.9463229699389,0 79.9735568670029,23.9463237019162,0 79.9735593596739,23.9463243144673,0 79.9735618838973,23.9463248059029,0 79.9735644327112,23.9463251748675,0 79.973566999086,23.9463254203436,0 79.9735695759436,23.9463255416542,0 79.9735721561773,23.9463255384646,0 79.9735747326706,23.9463254107837,0 79.9735772983176,23.9463251589635,0 79.9735798460423,23.9463247836988,0 79.9735823688182,23.9463242860243,0 79.9735848596874,23.9463236673127,0 79.9735873117801,23.9463229292703,0 79.9735897183335,23.9463220739328,0 79.9735920727103,23.9463211036591,0 79.9735943684172,23.9463200211252,0 79.9735965991227,23.9463188293167,0 79.9735987586745,23.9463175315206,0 79.9736008411165,23.9463161313163,0 79.9736028407055,23.9463146325654,0 79.9736047519266,23.9463130394016,0 79.9736065695086,23.9463113562187,0 79.9736082884387,23.9463095876589,0 79.9736099039761,23.9463077386,0 79.9736114116652,23.9463058141416,0 79.9736128073479,23.9463038195912,0 79.9736140871747,23.94630176045,0 79.973615247616,23.9462996423969,0 79.9736162854713,23.9462974712736,0 79.9736171978783,23.9462952530679,0 79.9736179823204,23.9462929938977,0 79.9736186366343,23.9462906999937,0 79.9736191590153,23.9462883776824,0 79.9736195480228,23.9462860333688,0 79.9736198025839,23.9462836735185,0 79.9736199219965,23.9462813046399,0 79.9736199059312,23.9462789332663,0 79.9736197544324,23.946276565938,0 79.973619467918,23.946274209184,0 79.9736190471781,23.9462718695042,0 79.9736184933731,23.9462695533514,0 79.9736178080305,23.9462672671135,0 79.9736169930404,23.946265017096,0 79.9736160506505,23.9462628095043,0 79.97361498346,23.9462606504271,0 79.9735989824822,23.9462304128625,0 79.973599984981,23.9462308408651,0 79.9736023927392,23.9462317299926,0 79.9736048482147,23.9462325010489,0 79.9736073445585,23.9462331518833,0 79.9736098748076,23.9462336806805,0 79.9736124319042,23.9462340859655,0 79.9736137656498,23.9462342312247,0 79.9736137682047,23.9462359612934,0 79.9736138372418,23.9462382937461,0 79.9736140372798,23.9462406198073,0 79.9736143677846,23.9462429332663,0 79.9736148278738,23.9462452279461,0 79.9736154163188,23.9462474977196,0 79.9736161315485,23.9462497365264,0 79.9736169716533,23.9462519383888,0 79.9736179343898,23.9462540974276,0 79.9736190171877,23.946256207878,0 79.9736202171557,23.946258264105,0 79.9736215310899,23.9462602606184,0 79.9736229554819,23.9462621920872,0 79.9736244865286,23.9462640533544,0 79.9736261201419,23.9462658394503,0 79.97362785196,23.9462675456057,0 79.9736296773589,23.9462691672652,0 79.9736315914645,23.9462707000988,0 79.9736335891661,23.9462721400138,0 79.9736356651297,23.9462734831655,0 79.9736378138123,23.9462747259675,0 79.9736400294769,23.9462758651016,0 79.9736423062073,23.9462768975261,0 79.9736446379246,23.9462778204843,0 79.9736470184029,23.946278631512,0 79.9736494412863,23.9462793284436,0 79.9736519001053,23.9462799094182,0 79.9736543882949,23.9462803728847,0 79.9736568992113,23.9462807176055,0 79.9736594261502,23.9462809426602,0 79.9736619623646,23.946281047448,0 79.9736645010825,23.9462810316889,0 79.9736670355254,23.946280895425,0 79.9736695589262,23.9462806390203,0 79.9736720645472,23.9462802631593,0 79.9736812874551,23.9462786537932,0 79.9737760152275,23.9462827068215,0 79.9737790309243,23.9462827506758,0 79.9737820438667,23.9462826243839,0 79.9738660438958,23.9462767243829,0 79.973868627302,23.946276479659,0 79.9738711930288,23.9462761098144,0 79.9738737339072,23.9462756158824,0 79.9738762428376,23.9462749992432,0 79.9738787128097,23.9462742616197,0 79.9738811369221,23.9462734050731,0 79.9738835084013,23.9462724319965,0 79.9738858206213,23.9462713451089,0 79.9738880671212,23.9462701474472,0 79.9738902416241,23.9462688423579,0 79.9738923380541,23.9462674334876,0 79.9738943505534,23.9462659247728,0 79.9738962734989,23.9462643204291,0 79.9738981015175,23.9462626249393,0 79.9738998295016,23.9462608430409,0 79.9739014526228,23.9462589797127,0 79.973902966346,23.946257040161,0 79.9739043664416,23.9462550298054,0 79.9739056489976,23.946252954263,0 79.9739068104302,23.9462508193332,0 79.9739078474944,23.9462486309813,0 79.9739087572923,23.9462463953218,0 79.973909537282,23.9462441186016,0 79.973910185284,23.946241807182,0 79.9739106994877,23.9462394675215,0 79.9739110784563,23.9462371061575,0 79.973911321131,23.946234729688,0 79.9739114268337,23.9462323447531,0 79.9739113952691,23.9462299580166,0 79.9739112265253,23.9462275761476,0 79.973910921074,23.9462252058012,0 79.9739104797684,23.9462228536005,0 79.9739099038418,23.946220526118,0 79.9739091949034,23.9462182298568,0 79.973908354934,23.9462159712332,0 79.9739073862806,23.946213756558,0 79.9739062916499,23.9462115920193,0 79.9739050741003,23.9462094836652,0 79.9739037370338,23.9462074373867,0 79.9739022841865,23.9462054589013,0 79.9739007196178,23.9462035537373,0 79.9738990476993,23.9462017272179,0 79.9738972731026,23.9461999844468,0 79.9738954007862,23.9461983302933,0 79.9738934359815,23.9461967693796,0 79.9738913841786,23.9461953060669,0 79.9738892511105,23.946193944444,0 79.9738870427372,23.9461926883154,0 79.9738847652292,23.946191541191,0 79.9738824249503,23.946190506276,0 79.9738800284395,23.946189586462,0 79.9738432995644,23.9461765260977,0 79.9739804802827,23.9461048563455,0 79.9739827157976,23.946103615011,0 79.9739848763791,23.9461022662465,0 79.9739869559213,23.9461008138635,0 79.9739889485475,23.9460992619664,0 79.9739908486266,23.946097614941,0 79.973992650789,23.9460958774417,0 79.9739943499417,23.9460940543786,0 79.973995941283,23.9460921509037,0 79.9739974203158,23.9460901723962,0 79.9739987828603,23.9460881244474,0 79.974000025066,23.9460860128447,0 79.9740011434225,23.9460838435556,0 79.9740021347693,23.9460816227103,0 79.9740029963048,23.9460793565851,0 79.9740037255944,23.9460770515838,0 79.9740043205771,23.9460747142206,0 79.9740047795715,23.9460723511007,0 79.9740051012805,23.9460699689022,0 79.974005284795,23.9460675743573,0 79.9740061847879,23.9460486743568,0 79.9740062302249,23.9460463415024,0 79.9740061444906,23.9460440096052,0 79.9740059278141,23.9460416848911,0 79.9740055807738,23.9460393735666,0 79.9740051042964,23.9460370818027,0 79.9740044996538,23.9460348157182,0 79.9740037684605,23.9460325813631,0 79.9740029126686,23.946030384703,0 79.974001934563,23.9460282316025,0 79.9740008367551,23.9460261278102,0 79.973999622176,23.946024078943,0 79.9739982940683,23.946022090471,0 79.973996855978,23.9460201677031,0 79.9739953117446,23.946018315773,0 79.973993665491,23.946016539625,0 79.9739919216124,23.9460148440012,0 79.9739900847648,23.9460132334287,0 79.9739881598523,23.9460117122074,0 79.9739861520142,23.9460102843989,0 79.9739840666112,23.9460089538152,0 79.9739819092109,23.9460077240088,0 79.9739796855734,23.9460065982631,0 79.9739774016355,23.9460055795837,0 79.973975063495,23.9460046706904,0 79.9739726773943,23.9460038740096,0 79.9739702497041,23.9460031916686,0 79.973967786906,23.9460026254889,0 79.9739652955753,23.9460021769824,0 79.9739627823636,23.9460018473463,0 79.9739602539807,23.9460016374609,0 79.9739577171771,23.9460015478864,0 79.9739551787257,23.946001578862,0 79.9739526454038,23.946001730305,0 79.9739501239752,23.9460020018111,0 79.9739476211715,23.9460023926554,0 79.9739451436751,23.9460029017944,0 79.9739426981004,23.9460035278688,0 79.9737045525808,23.9460706332345,0 79.9737043042095,23.9460702638651,0 79.9737028394615,23.9460683208393,0 79.9736989329854,23.9460634180834,0 79.9736999173471,23.9460616055923,0 79.9737009411924,23.9460594451379,0 79.9737018410126,23.9460572385359,0 79.9737026143573,23.9460549917955,0 79.9737032591203,23.9460527110355,0 79.9737037735458,23.9460504024673,0 79.9737041562327,23.9460480723778,0 79.973704406139,23.9460457271127,0 79.9737045225839,23.9460433730591,0 79.9737045052505,23.9460410166278,0 79.9737043541859,23.9460386642364,0 79.9737040698016,23.9460363222911,0 79.9737036528719,23.9460339971699,0 79.9737031045324,23.946031695205,0 79.9737024262765,23.9460294226655,0 79.9737016199512,23.9460271857402,0 79.9737006877524,23.9460249905212,0 79.9736996322189,23.9460228429867,0 79.9736984562253,23.9460207489854,0 79.9736971629743,23.9460187142198,0 79.9736957559877,23.9460167442315,0 79.9736827429563,23.9459995211099,0 79.9736879801591,23.9459801073148,0 79.9736918083167,23.945968531683,0 79.9736925043089,23.9459662055236,0 79.9736930641346,23.945963848521,0 79.9736934861958,23.9459614674031,0 79.9736937692877,23.9459590689665,0 79.9736939126024,23.9459566600573,0 79.9736939157308,23.9459542475514,0 79.9736930157185,23.9459218475513,0 79.9736928833645,23.9459194935103,0 79.9736926175325,23.9459171490244,0 79.9736922189467,23.9459148204823,0 79.9736916886934,23.9459125142291,0 79.9736910282174,23.9459102365494,0 79.9736902393185,23.9459079936496,0 79.9736893241464,23.9459057916417,0 79.9736882851951,23.9459036365261,0 79.9736871252955,23.9459015341753,0 79.9736858476085,23.9458994903182,0 79.9736844556156,23.9458975105243,0 79.9736833835153,23.9458961474202,0 79.973692089486,23.9458913693945,0 79.9736942908178,23.9458900872651,0 79.9736964150812,23.9458886996594,0 79.9736984562993,23.9458872104818,0 79.9737004087288,23.9458856239222,0 79.9737022668762,23.9458839444447,0 79.9737040255134,23.9458821767747,0 79.9737056796921,23.9458803258859,0 79.9737072247582,23.945878396986,0 79.9737086563642,23.9458763955024,0 79.9737099704821,23.9458743270663,0 79.9737111634146,23.9458721974979,0 79.973712231805,23.9458700127888,0 79.9737131726473,23.9458677790862,0 79.9737139832943,23.9458655026749,0 79.9737146614652,23.9458631899599,0 79.9737152052517,23.9458608474485,0 79.973715613124,23.9458584817316,0 79.9737158839343,23.9458560994656,0 79.9737160169207,23.9458537073533,0 79.973716011709,23.9458513121253,0 79.973715868314,23.9458489205209,0 79.9737155871391,23.9458465392694,0 79.9737151689754,23.9458441750707,0 79.9737146149995,23.9458418345769,0 79.97371392677,23.9458395243732,0 79.9737060267619,23.9458155243753,0 79.9737051559931,23.9458131238492,0 79.9737041402846,23.9458107719215,0 79.973702982826,23.9458084759778,0 79.9737022205084,23.9458071622248,0 79.9737049092112,23.9458062258602,0 79.9737072931239,23.9458053292803,0 79.973709622635,23.9458043191064,0 79.9737118913418,23.9458031981151,0 79.9737140930087,23.9458019693872,0 79.9737162215843,23.9458006363001,0 79.9737182712183,23.9457992025178,0 79.9737202362772,23.9457976719809,0 79.9737221113601,23.9457960488963,0 79.9737238913133,23.9457943377249,0 79.9737255712445,23.94579254317,0 79.9737271465364,23.9457906701639,0 79.9737276869076,23.9457899529075,0 79.9737492324711,23.9458108553245,0 79.9737510187541,23.9458125012729,0 79.9737528948386,23.9458140605473,0 79.9737548557521,23.945815529015,0 79.9737568962973,23.9458169027837,0 79.9737590110656,23.9458181782123,0 79.9737611944521,23.9458193519204,0 79.9737634406696,23.945820420797,0 79.9737657437646,23.9458213820092,0 79.9737680976328,23.9458222330091,0 79.9737704960353,23.9458229715414,0 79.9737729326153,23.9458235956484,0 79.9737754009145,23.9458241036761,0 79.9737778943909,23.9458244942779,0 79.9737804064355,23.9458247664185,0 79.9737829303902,23.9458249193767,0 79.9737854595653,23.945824952747,0 79.9737879872573,23.9458248664409,0 79.9737905067666,23.9458246606873,0 79.9737930114153,23.9458243360314,0 79.9737943114157,23.9458241360313,0 79.973796833639,23.9458236853879,0 79.9737993267793,23.9458231141719,0 79.9738017840182,23.9458224239455,0 79.9738041986352,23.9458216165965,0 79.9738065640261,23.945820694333,0 79.9738088737219,23.9458196596773,0 79.9738111214055,23.9458185154592,0 79.9738133009295,23.9458172648082,0 79.9738154063329,23.9458159111447,0 79.9738174318576,23.9458144581709,0 79.9738193719638,23.9458129098608,0 79.9738212213453,23.9458112704489,0 79.9738229749441,23.9458095444191,0 79.9738246279641,23.9458077364918,0 79.9738261758845,23.9458058516119,0 79.9738276144715,23.9458038949343,0 79.9738289397908,23.9458018718106,0 79.9738301482177,23.945799787774,0 79.973831236447,23.9457976485243,0 79.9738312891157,23.945797529079,0 79.9738648400202,23.9458202911856,0 79.9738661584922,23.945826965962,0 79.9738666789835,23.9458292604242,0 79.9738673283102,23.9458315269743,0 79.9738681047229,23.9458337595058,0 79.9738690061298,23.9458359520042,0 79.9738700301025,23.9458380985625,0 79.9738711738823,23.9458401933977,0 79.9738724343877,23.945842230866,0 79.9738738082227,23.9458442054784,0 79.9738752916861,23.9458461119148,0 79.9738768807813,23.9458479450392,0 79.973878571227,23.945849699913,0 79.9738803584691,23.9458513718082,0 79.9738822376924,23.9458529562206,0 79.9738842038342,23.9458544488817,0 79.9738862515974,23.9458558457699,0 79.9738883754651,23.945857143122,0 79.9738905697153,23.9458583374427,0 79.9738928284366,23.9458594255144,0 79.9738951455436,23.9458604044056,0 79.9738975147938,23.9458612714792,0 79.9738999298041,23.9458620243991,0 79.9739023840683,23.9458626611369,0 79.9739048709742,23.9458631799771,0 79.9739073838218,23.945863579522,0 79.9739099158412,23.945863858695,0 79.973912460211,23.9458640167441,0 79.9739150100761,23.9458640532434,0 79.9739175585671,23.9458639680947,0 79.9739200988179,23.9458637615273,0 79.9739226239848,23.9458634340978,0 79.9739251272648,23.9458629866882,0 79.9739276019137,23.945862420504,0 79.9739300412645,23.9458617370705,0 79.9739324387452,23.945860938229,0 79.9739347878969,23.9458600261317,0 79.9739370823907,23.9458590032357,0 79.9739393160448,23.9458578722971,0 79.9739414828415,23.9458566363625,0 79.9739435769434,23.9458552987618,0 79.9739455927085,23.9458538630986,0 79.9739475247063,23.9458523332409,0 79.9739493677316,23.9458507133101,0 79.9739511168192,23.9458490076706,0 79.9739527672568,23.9458472209175,0 79.9739543145979,23.9458453578646,0 79.9739557546739,23.9458434235312,0 79.9739570836049,23.9458414231286,0 79.9739582978108,23.9458393620461,0 79.9739593940203,23.9458372458365,0 79.9739603692801,23.9458350802011,0 79.9739612209627,23.9458328709744,0 79.9739619467736,23.9458306241083,0 79.9739625447575,23.9458283456562,0 79.9739630133032,23.9458260417563,0 79.9739633511484,23.9458237186158,0 79.9739635573831,23.9458213824934,0 79.9739648573749,23.9457996824927,0 79.9739649308504,23.9457974621524,0 79.973964885429,23.9457952411777,0 79.9739647212208,23.9457930249434,0 79.9739644386231,23.9457908188127,0 79.973951438592,23.9457071188157,0 79.9739510029742,23.945704761929,0 79.9739504322484,23.9457024295341,0 79.9739497280143,23.9457001281687,0 79.9739488922458,23.9456978642832,0 79.9739479272854,23.945695644223,0 79.973946835838,23.9456934742107,0 79.9739456209626,23.9456913603287,0 79.9739442860645,23.9456893085019,0 79.9739428348853,23.9456873244815,0 79.9739412714924,23.9456854138283,0 79.973939600268,23.9456835818979,0 79.9739378258962,23.9456818338248,0 79.9739359533504,23.9456801745087,0 79.9739339878793,23.9456786086006,0 79.9739319349918,23.9456771404896,0 79.973929800442,23.9456757742904,0 79.9739275902128,23.9456745138326,0 79.9739253104991,23.945673362649,0 79.973922967691,23.9456723239663,0 79.9739229110437,23.9456723021684,0 79.9739252885066,23.9456718741785,0 79.9739277552767,23.9456713069003,0 79.9739301868091,23.9456706230844,0 79.9739325765906,23.9456698245624,0 79.9739349182198,23.9456689134733,0 79.9739372054246,23.9456678922576,0 79.9739394320784,23.9456667636505,0 79.9739415922169,23.9456655306754,0 79.9739436800539,23.9456641966347,0 79.9739456899969,23.9456627651019,0 79.9739476166621,23.9456612399115,0 79.9739494548888,23.9456596251488,0 79.973951199753,23.9456579251392,0 79.9739528465809,23.9456561444363,0 79.9739543909614,23.94565428781,0 79.9739558287576,23.9456523602333,0 79.9739571561184,23.9456503668695,0 79.9739583694882,23.9456483130581,0 79.9739594656168,23.9456462043003,0 79.9739604415683,23.9456440462448,0 79.9739612947283,23.945641844672,0 79.9739620228118,23.9456396054791,0 79.9739626238683,23.9456373346641,0 79.9739630962879,23.9456350383095,0 79.9739634388053,23.9456327225664,0 79.9739636505029,23.9456303936377,0 79.9739637308137,23.9456280577617,0 79.9739641307893,23.9455636577608,0 79.9739640782883,23.9455612972048,0 79.9739638916113,23.9455589423978,0 79.9739635712688,23.9455565997775,0 79.9739631181365,23.9455542757484,0 79.9739625334532,23.9455519766643,0 79.9739618188175,23.9455497088107,0 79.9739609761831,23.9455474783876,0 79.9739600078536,23.945545291493,0 79.9739589164765,23.9455431541054,0 79.9739577050355,23.9455410720685,0 79.9739563768425,23.9455390510743,0 79.9739549355287,23.9455370966481,0 79.9739533850346,23.945535214133,0 79.9739517295991,23.9455334086757,0 79.973949973748,23.9455316852122,0 79.9739481222816,23.9455300484542,0 79.9739461802618,23.9455285028766,0 79.9739441529978,23.9455270527048,0 79.973942046032,23.9455257019035,0 79.9739398651247,23.9455244541656,0 79.9739376162382,23.9455233129023,0 79.9739353055209,23.9455222812338,0 79.9739329392901,23.9455213619806,0 79.9739305240148,23.9455205576557,0 79.9739280662981,23.9455198704582,0 79.9739255728594,23.9455193022669,0 79.9739230505153,23.945518854635,0 79.9739205061618,23.9455185287863,0 79.973917946755,23.9455183256118,0 79.973915379292,23.9455182456669,0 79.9739128107921,23.9455182891701,0 79.9739102482772,23.9455184560025,0 79.9739076987532,23.945518745708,0 79.9739051691901,23.9455191574946,0 79.9739026665036,23.9455196902364,0 79.9739001975359,23.9455203424771,0 79.9738977690368,23.9455211124334,0 79.9738826608232,23.9455263125509,0 79.9738825611987,23.9455253658774,0 79.9738821746861,23.9455230044213,0 79.9738816528817,23.9455206650472,0 79.973880997245,23.9455183542977,0 79.9738802096095,23.9455160786353,0 79.9738800375355,23.9455156595855,0 79.9739006948536,23.9455099300013,0 79.973903122806,23.9455091926955,0 79.9739055057325,23.9455083402905,0 79.9739078371784,23.9455073750952,0 79.9739101108287,23.945506299724,0 79.9739123205247,23.9455051170896,0 79.973914460281,23.9455038303956,0 79.9739165243018,23.9455024431272,0 79.9739185069962,23.9455009590419,0 79.9739204029938,23.9454993821598,0 79.9739222071589,23.9454977167521,0 79.9739239146046,23.9454959673299,0 79.9739255207059,23.9454941386318,0 79.9739270211126,23.9454922356112,0 79.9739284117603,23.9454902634227,0 79.9739296888824,23.9454882274084,0 79.9739308490195,23.9454861330832,0 79.9739318890291,23.94548398612,0 79.9739328060943,23.9454817923342,0 79.9739335977309,23.9454795576681,0 79.9739342617947,23.9454772881747,0 79.973934796487,23.9454749900012,0 79.9739352003595,23.9454726693729,0 79.9739354723181,23.9454703325754,0 79.9739356116263,23.9454679859384,0 79.9739356179068,23.9454656358183,0 79.9739354911424,23.9454632885807,0 79.9739352316767,23.9454609505836,0 79.9739348402124,23.9454586281598,0 79.9739343178098,23.9454563276001,0 79.973933665884,23.945454055136,0 79.9739328862009,23.9454518169228,0 79.9739319808724,23.9454496190231,0 79.9739309523507,23.9454474673904,0 79.9739298034218,23.9454453678527,0 79.9739285371978,23.9454433260969,0 79.9739271571084,23.9454413476537,0 79.973925666892,23.9454394378819,0 79.9739240705849,23.9454376019546,0 79.9739223725112,23.9454358448445,0 79.9739205772703,23.9454341713113,0 79.973918689725,23.9454325858879,0 79.9739167149881,23.9454310928687,0 79.9739146584084,23.945429696298,0 79.9739125255566,23.9454283999585,0 79.9739103222099,23.9454272073615,0 79.9739080543365,23.9454261217376,0 79.9739057280794,23.9454251460272,0 79.9739033497395,23.9454242828733,0 79.9739009257591,23.9454235346138,0 79.973898462704,23.9454229032756,0 79.9738959672457,23.9454223905687,0 79.9738934461437,23.945421997882,0 79.9738909062268,23.945421726279,0 79.9738802680751,23.9454208458826,0 79.973880314092,23.9454207659458,0 79.9738813959434,23.9454186223196,0 79.9738823543022,23.9454164296142,0 79.973883186544,23.9454141938343,0 79.9738838903897,23.9454119211022,0 79.973884463912,23.9454096176419,0 79.9738849055403,23.9454072897612,0 79.9738852140652,23.9454049438348,0 79.9738853886419,23.945402586287,0 79.9738854287923,23.9454002235737,0 79.9738853344064,23.945397862165,0 79.9738851057428,23.9453955085277,0 79.9738847434275,23.9453931691069,0 79.9738842484529,23.945390850309,0 79.9738836221744,23.9453885584839,0 79.9738828663069,23.9453862999076,0 79.9738819829205,23.9453840807652,0 79.9738809744341,23.9453819071335,0 79.9738798436096,23.945379784965,0 79.9738785935435,23.9453777200711,0 79.9738772276592,23.9453757181063,0 79.973875749697,23.945373784553,0 79.9738741637043,23.945371924706,0 79.9738724740241,23.9453701436584,0 79.9738547308514,23.9453524004931,0 79.9738535761727,23.9453300576228,0 79.9738534229323,23.9453280436757,0 79.9738531719001,23.9453260380367,0 79.9738474899534,23.9452881274393,0 79.9738471277354,23.9452611429658,0 79.9738470413965,23.945258966903,0 79.9738468410174,23.9452567971956,0 79.973846527064,23.9452546388892,0 79.973838856372,23.9452101091251,0 79.9738318124748,23.9451670944924,0 79.9738342119956,23.9451520488122,0 79.9738345608908,23.9451492590937,0 79.9738347204446,23.9451464548382,0 79.9738358204266,23.9450986548372,0 79.9738358067601,23.9450962697451,0 79.9738356560878,23.9450938886433,0 79.9738353688302,23.9450915181751,0 79.9738349457886,23.9450891649539,0 79.9738343881433,23.9450868355452,0 79.9738336974502,23.9450845364479,0 79.9738328756362,23.9450822740763,0 79.9738319249942,23.9450800547424,0 79.9738308481764,23.945077884638,0 79.9738296481872,23.9450757698177,0 79.9738283283744,23.9450737161817,0 79.9738268924202,23.9450717294595,0 79.973825344331,23.9450698151939,0 79.9738236884259,23.9450679787259,0 79.9738219293246,23.9450662251789,0 79.9738200719351,23.9450645594453,0 79.9738195552771,23.9450641427082,0 79.97382115431,23.9450625616655,0 79.9738228140098,23.9450607366821,0 79.9738243668507,23.9450588339096,0 79.9738258085241,23.9450568586274,0 79.9738271350301,23.9450548163159,0 79.9738283426882,23.9450527126417,0 79.9738294281478,23.9450505534415,0 79.9738303883972,23.945048344706,0 79.973831220772,23.9450460925636,0 79.973831922963,23.9450438032629,0 79.9738324930218,23.9450414831557,0 79.9738329293667,23.9450391386793,0 79.9738332307872,23.9450367763385,0 79.973837530771,23.9449931763366,0 79.9738376971987,23.9449907838703,0 79.9738377252395,23.9449883866578,0 79.9738376148143,23.944985991456,0 79.9738373662343,23.9449836050161,0 79.9738369802002,23.9449812340645,0 79.9738364578002,23.9449788852842,0 79.9738358005067,23.9449765652953,0 79.9738350101723,23.9449742806373,0 79.9738340890247,23.9449720377496,0 79.9738330396603,23.9449698429541,0 79.9738318650369,23.9449677024371,0 79.9738305684654,23.944965622232,0 79.9738291536002,23.9449636082022,0 79.9738276244294,23.9449616660243,0 79.9738259852631,23.9449598011728,0 79.9738244024947,23.9449581841754,0 79.9738254011906,23.9449571216467,0 79.9738269670813,23.9449552693358,0 79.9738284262009,23.9449533447883,0 79.9738297746121,23.9449513531977,0 79.9738310086763,23.9449492999383,0 79.9738321250634,23.9449471905506,0 79.9738331207607,23.9449450307269,0 79.9738339930815,23.9449428262954,0 79.9738347396718,23.9449405832047,0 79.9738353585169,23.9449383075077,0 79.973835847947,23.9449360053454,0 79.9738362066412,23.9449336829301,0 79.9738364336318,23.9449313465288,0 79.9738365283061,23.9449290024462,0 79.9738364904087,23.9449266570078,0 79.9738351263792,23.944895966605,0 79.9738349307217,23.944859576867,0 79.9738348544074,23.9448572743105,0 79.9738346504267,23.9448549783273,0 79.9738309226699,23.9448230757689,0 79.9738340326297,23.9447972714264,0 79.9738342448814,23.944794977022,0 79.9738343295959,23.9447926756563,0 79.9738342865528,23.9447903733137,0 79.9738341158641,23.9447880759814,0 79.9738338179738,23.9447857896333,0 79.9738333936563,23.9447835202148,0 79.9738328440152,23.9447812736275,0 79.9738321704798,23.9447790557134,0 79.9738313748014,23.9447768722401,0 79.9738304590493,23.9447747288853,0 79.9738294256048,23.9447726312229,0 79.9738282771552,23.9447705847075,0 79.9738194615217,23.9447558125738,0 79.9738151972306,23.9447435314284,0 79.9738117103616,23.9446979341358,0 79.9738114717996,23.9446956477189,0 79.9738111070459,23.9446933754091,0 79.9738106170445,23.944691123086,0 79.9738100030632,23.9446888965769,0 79.9738092666904,23.9446867016429,0 79.9738084098317,23.9446845439631,0 79.9738074347039,23.9446824291201,0 79.9738063438301,23.944680362586,0 79.9738027438284,23.9446739625869,0 79.9738014813184,23.9446718574407,0 79.9738000987117,23.9446698170238,0 79.9737985999262,23.9446678471183,0 79.973796989209,23.9446659533064,0 79.9737952711246,23.9446641409545,0 79.9737934505414,23.9446624151984,0 79.9737915326184,23.9446607809284,0 79.9737895227905,23.9446592427755,0 79.9737874267531,23.9446578050984,0 79.9737852504457,23.9446564719711,0 79.9737847513387,23.944656200329,0 79.9737855716462,23.9446552560501,0 79.9737870471602,23.944653365472,0 79.9737884147617,23.9446514075522,0 79.9737896708201,23.9446493874887,0 79.9737908120006,23.9446473106445,0 79.9737918352736,23.9446451825334,0 79.9737927379224,23.9446430088051,0 79.9737935175507,23.9446407952306,0 79.9737941720886,23.9446385476866,0 79.9737946997985,23.9446362721401,0 79.9737950992793,23.9446339746322,0 79.9737953694706,23.9446316612626,0 79.9737955096549,23.9446293381728,0 79.9737957680724,23.9446213271363,0 79.9738028464977,23.9445465118153,0 79.9738030015688,23.9445441680758,0 79.9738030238723,23.9445418200963,0 79.9738029133479,23.9445394742256,0 79.9738026702943,23.9445371368069,0 79.9738022953689,23.9445348141603,0 79.9738017895853,23.9445325125662,0 79.9738011543113,23.9445302382479,0 79.9738003912646,23.944527997355,0 79.9737995025083,23.9445257959468,0 79.9737984904457,23.9445236399758,0 79.9737973578134,23.9445215352715,0 79.9737961076738,23.944519487525,0 79.9737947434073,23.9445175022732,0 79.9737932687028,23.9445155848841,0 79.9737916875478,23.9445137405422,0 79.9737900042176,23.9445119742346,0 79.9737882232639,23.9445102907371,0 79.9737863495023,23.9445086946019,0 79.9737843879993,23.9445071901448,0 79.9737823440586,23.9445057814337,0 79.973780223207,23.9445044722778,0 79.9737780311792,23.9445032662169,0 79.9737757739022,23.9445021665122,0 79.9737734574795,23.9445011761371,0 79.9737710881747,23.9445002977695,0 79.9737686723941,23.9444995337845,0 79.9737662166699,23.944498886248,0 79.9737637276423,23.9444983569107,0 79.9737612120413,23.9444979472039,0 79.9737586766691,23.9444976582356,0 79.973756128381,23.944497490787,0 79.9737535740675,23.9444974453109,0 79.9737510206354,23.9444975219303,0 79.9737484749889,23.944497720438,0 79.9737459440112,23.9444980402972,0 79.973743434546,23.9444984806432,0 79.9737409533788,23.9444990402851,0 79.9737385072184,23.9444997177097,0 79.9737361026791,23.9445005110855,0 79.9737337462626,23.944501418267,0 79.9737314443405,23.9445024368014,0 79.9737292031372,23.9445035639346,0 79.9737270287125,23.9445047966189,0 79.9737249269461,23.9445061315212,0 79.9737229035211,23.9445075650321,0 79.9737209639085,23.9445090932753,0 79.973719113353,23.9445107121186,0 79.9737173568585,23.9445124171848,0 79.9737156991743,23.9445142038635,0 79.9737141447827,23.9445160673236,0 79.9737126978867,23.9445180025264,0 79.9737113623987,23.9445200042393,0 79.9737101419297,23.9445220670497,0 79.9737090397797,23.94452418538,0 79.973708058929,23.9445263535023,0 79.9737072020297,23.9445285655542,0 79.9737064713989,23.9445308155543,0 79.973705869012,23.9445330974189,0 79.9737053964979,23.9445354049779,0 79.9737020292592,23.9445545794951,0 79.9736985635166,23.9445563204645,0 79.9736975493035,23.9445455179575,0 79.9736972669517,23.9445432070723,0 79.9736968555348,23.9445409126108,0 79.9736963161441,23.9445386406579,0 79.9736956502099,23.9445363972389,0 79.9736948594983,23.9445341883032,0 79.9736939461064,23.9445320197091,0 79.9736929124563,23.9445298972077,0 79.9736917612895,23.9445278264277,0 79.9736904956587,23.944525812861,0 79.9736891189205,23.9445238618475,0 79.973687634726,23.9445219785613,0 79.9736860470112,23.9445201679969,0 79.9736849604291,23.9445190517763,0 79.9736862615988,23.9445179536647,0 79.9736880543667,23.9445162743112,0 79.973689749533,23.9445145114179,0 79.973691342496,23.9445126697704,0 79.9736928289315,23.9445107543679,0 79.9736942048043,23.94450877041,0 79.9736954663795,23.9445067232824,0 79.9736966102325,23.9445046185421,0 79.9736976332582,23.9445024619028,0 79.9736985326794,23.9445002592187,0 79.9736993060547,23.9444980164694,0 79.9736999512846,23.9444957397429,0 79.9737004666176,23.9444934352197,0 79.9737008506548,23.9444911091556,0 79.9737011023536,23.944488767865,0 79.9737025385689,23.9444705757184,0 79.9737065053356,23.9444577204405,0 79.9737148510293,23.9444713931773,0 79.9737161821851,23.9444734448669,0 79.9737176295286,23.9444754289871,0 79.9737191890095,23.9444773399852,0 79.9737208562635,23.9444791725134,0 79.9737226266249,23.9444809214432,0 79.9737244951393,23.9444825818804,0 79.9737264565777,23.9444841491781,0 79.9737285054509,23.9444856189503,0 79.9737306360251,23.9444869870839,0 79.973732842338,23.94448824975,0 79.9737351182153,23.9444894034152,0 79.9737374572877,23.9444904448508,0 79.9737398530095,23.9444913711424,0 79.9737422986762,23.9444921796978,0 79.9737447874435,23.9444928682543,0 79.9737473123467,23.9444934348849,0 79.9737498663198,23.9444938780038,0 79.9737524422156,23.9444941963711,0 79.9737550328252,23.9444943890957,0 79.973757630899,23.9444944556384,0 79.9737602291661,23.9444943958128,0 79.9737628203554,23.9444942097865,0 79.9737653972153,23.94449389808,0 79.9737679525345,23.9444934615657,0 79.973770479162,23.944492901465,0 79.9737729700269,23.9444922193455,0 79.9737754181585,23.9444914171161,0 79.9737778167058,23.9444904970218,0 79.9737801589565,23.9444894616376,0 79.9737824383556,23.9444883138608,0 79.9737846485243,23.9444870569037,0 79.9737867832774,23.9444856942838,0 79.9737888366409,23.9444842298143,0 79.9737908028684,23.9444826675937,0 79.9737926764573,23.9444810119937,0 79.9737944521644,23.9444792676477,0 79.9737961250205,23.9444774394371,0 79.973797690344,23.9444755324783,0 79.9737991437543,23.9444735521078,0 79.9738004811842,23.9444715038677,0 79.9738016988907,23.94446939349,0 79.9738027934662,23.9444672268807,0 79.9738037618475,23.944465010103,0 79.9738046013246,23.9444627493605,0 79.9738053095481,23.94446045098,0 79.9738058845362,23.9444581213935,0 79.973811584527,23.9444318213914,0 79.9738120184844,23.9444295062851,0 79.9738123208525,23.944427173569,0 79.9738124908128,23.944424829557,0 79.9738125279054,23.9444224805931,0 79.9738124320298,23.9444201330351,0 79.9738122034456,23.9444177932367,0 79.9738118427715,23.9444154675308,0 79.9738113509837,23.9444131622121,0 79.9738107294132,23.9444108835201,0 79.9738099797423,23.9444086376222,0 79.9738091040001,23.9444064305971,0 79.9738081045569,23.9444042684182,0 79.9738069841178,23.9444021569377,0 79.9737748841031,23.9443454569462,0 79.9737736994367,23.9443434860286,0 79.973772409345,23.9443415718374,0 79.9737710170358,23.9443397191324,0 79.973769525971,23.9443379325201,0 79.9737679398582,23.944336216443,0 79.9737662626412,23.9443345751681,0 79.9737644984903,23.9443330127763,0 79.9737535895994,23.9443238224118,0 79.9737551273497,23.9443221516782,0 79.973756682508,23.9443202707293,0 79.9737581285059,23.9443183176026,0 79.9737594613858,23.9443162976438,0 79.9737606774995,23.9443142163816,0 79.9737617735185,23.9443120795126,0 79.9737627464429,23.9443098928855,0 79.9737635936097,23.9443076624851,0 79.9737643127003,23.9443053944162,0 79.9737649017464,23.9443030948865,0 79.9737653591359,23.9443007701901,0 79.9737656836168,23.9442984266897,0 79.973765874301,23.9442960707995,0 79.9737659306666,23.9442937089678,0 79.9737658525594,23.944291347659,0 79.9737656401932,23.944288993336,0 79.9737652941491,23.9442866524429,0 79.9737648153744,23.9442843313866,0 79.9737581153642,23.9442559313883,0 79.973757506098,23.9442536396562,0 79.9737567674357,23.9442513802972,0 79.9737559013934,23.9442491594784,0 79.9737549103352,23.9442469832614,0 79.973753796966,23.9442448575863,0 79.9737526966042,23.9442430103228,0 79.9737532636966,23.9442418767419,0 79.9737542193536,23.9442396667349,0 79.9737550470911,23.944237413551,0 79.9737557446131,23.9442351234398,0 79.9737563099851,23.9442328027533,0 79.9737567416389,23.9442304579284,0 79.9737570383771,23.9442280954687,0 79.9737571993768,23.944225721927,0 79.9737585993633,23.9441899219261,0 79.9737586233236,23.9441874983717,0 79.9737585057682,23.9441850771267,0 79.973758247036,23.9441826651662,0 79.9737556470289,23.9441636651667,0 79.9737552660169,23.944161362306,0 79.9737491104105,23.9441296790999,0 79.9737483121174,23.9441032470589,0 79.9737481909698,23.9441010927589,0 79.973747958017,23.9440989462348,0 79.9737476137906,23.9440968123853,0 79.9737471590762,23.9440946960802,0 79.9737350590583,23.9440446960833,0 79.9737344262651,23.9440423735832,0 79.9737336604255,23.9440400851737,0 79.9737327636926,23.9440378372879,0 79.9737317385874,23.9440356362453,0 79.9737305879916,23.9440334882337,0 79.9737293151399,23.9440313992915,0 79.9737279236106,23.9440293752914,0 79.9737264173157,23.9440274219233,0 79.9737248004898,23.9440255446787,0 79.9737230776781,23.944023748835,0 79.9737212537239,23.9440220394407,0 79.9737193337548,23.9440204213014,0 79.9737173231685,23.9440188989662,0 79.9737152276171,23.9440174767146,0 79.9737130529917,23.944016158545,0 79.9737108054059,23.9440149481631,0 79.9737084911781,23.9440138489715,0 79.9737061168143,23.9440128640605,0 79.9737036889893,23.9440119961988,0 79.9737012145285,23.9440112478263,0 79.9736987003881,23.9440106210467,0 79.9736961536361,23.9440101176222,0 79.9736961343013,23.9440101147759,0 79.973696557079,23.9440097575663,0 79.9736983035505,23.9440081242494,0 79.9736999576804,23.9440064116546,0 79.9737015152144,23.9440046241866,0 79.9737029721466,23.9440027664426,0 79.97370432473,23.9440008432006,0 79.9737055694857,23.9439988594071,0 79.9737067032123,23.9439968201642,0 79.973707722994,23.9439947307169,0 79.9737133229906,23.9439824307151,0 79.9737142360264,23.9439802713405,0 79.9737150273611,23.9439780717691,0 79.9737156949118,23.9439758377907,0 79.9737162369213,23.9439735752853,0 79.973716651963,23.9439712902084,0 79.9737169389446,23.9439689885746,0 79.9737170971105,23.9439666764422,0 79.9737171260445,23.9439643598971,0 79.9737170256704,23.943962045037,0 79.9737167962524,23.9439597379548,0 79.9737145686311,23.9439422883059,0 79.9737128522981,23.9439144457428,0 79.9737126422984,23.9439121122729,0 79.9737123009768,23.9439097919445,0 79.9737118292513,23.9439074909964,0 79.97371122839,23.943905215615,0 79.9737105000085,23.9439029719182,0 79.9737096460653,23.9439007659386,0 79.9737086688563,23.9438986036074,0 79.9737075710089,23.9438964907383,0 79.9737063554749,23.9438944330123,0 79.9737050255225,23.9438924359619,0 79.9737035847276,23.9438905049566,0 79.9737030527473,23.9438898657375,0 79.9737046931232,23.9438881975131,0 79.9737063019561,23.9438863801231,0 79.97370780606,23.9438844884839,0 79.9737092013856,23.9438825276882,0 79.9737104841766,23.9438805030145,0 79.9737116509796,23.9438784199136,0 79.9737126986533,23.9438762839934,0 79.9737136243773,23.9438741010041,0 79.9737319243632,23.9438274009982,0 79.9737327417862,23.9438251276826,0 79.9737334269594,23.9438228177421,0 79.9737339779566,23.9438204776705,0 79.9737343932287,23.9438181140465,0 79.9737346716084,23.9438157335152,0 79.973734812313,23.9438133427688,0 79.9737348149469,23.9438109485287,0 79.9737346795028,23.9438085575258,0 79.9737344063614,23.9438061764819,0 79.9737339962907,23.943803812091,0 79.9737334504434,23.943801471,0 79.9737327703542,23.9437991597907,0 79.973731957935,23.9437968849605,0 79.9737310154698,23.9437946529048,0 79.9737299456082,23.9437924698985,0 79.9737287513578,23.9437903420788,0 79.9737274360762,23.9437882754276,0 79.973726003461,23.9437862757551,0 79.9737244575397,23.9437843486829,0 79.9737228026586,23.9437824996287,0 79.9737210434698,23.9437807337907,0 79.9737191849192,23.9437790561333,0 79.97368782508,23.9437522121189,0 79.9736856413007,23.9437483814092,0 79.9737019379673,23.9437352145596,0 79.9737038470027,23.9437335877555,0 79.9737056596015,23.9437318702967,0 79.9737073706746,23.9437300670054,0 79.9737089754178,23.9437281829447,0 79.9737104693253,23.9437262234044,0 79.9737118482028,23.9437241938864,0 79.9737131081787,23.9437221000891,0 79.9737142457155,23.9437199478911,0 79.9737152576191,23.9437177433353,0 79.9737161410486,23.9437154926113,0 79.9737168935235,23.9437132020386,0 79.9737175129311,23.9437108780485,0 79.9737179975322,23.943708527166,0 79.9737183459663,23.9437061559917,0 79.9737185572551,23.9437037711832,0 79.9737186308053,23.9437013794364,0 79.9737185664104,23.9436989874665,0 79.9737183642512,23.9436966019896,0 79.9737180248954,23.9436942297034,0 79.9737175492958,23.9436918772686,0 79.9737169387877,23.94368955129,0 79.9737161950853,23.9436872582985,0 79.9737153202766,23.943685004732,0 79.9737143168179,23.9436827969179,0 79.9737131875267,23.9436806410551,0 79.9737119355735,23.9436785431967,0 79.9737105644736,23.9436765092327,0 79.9737090780767,23.9436745448741,0 79.9737074805561,23.9436726556361,0 79.9737057763971,23.9436708468232,0 79.9737039703846,23.943669123514,0 79.9737020675893,23.943667490547,0 79.973683311154,23.9436522284674,0 79.9736834214703,23.9436507116093,0 79.9736834732558,23.9436498860169,0 79.9736861732366,23.9435986860154,0 79.9736862164182,23.9435954059358,0 79.9736849163995,23.9435461059356,0 79.9736847860471,23.9435437360106,0 79.9736845204174,23.9435413756515,0 79.9736841202439,23.9435390313767,0 79.9736835866317,23.94353670966,0 79.9736829210544,23.9435344169128,0 79.97368212535,23.9435321594668,0 79.9736812017159,23.943529943556,0 79.9736801527029,23.9435277752998,0 79.9736789812077,23.9435256606858,0 79.9736776904656,23.9435236055536,0 79.9736762840409,23.9435216155787,0 79.9736747658177,23.9435196962565,0 79.9736731399885,23.9435178528872,0 79.9736714110431,23.9435160905613,0 79.9736695837562,23.9435144141457,0 79.9736676631739,23.9435128282698,0 79.9736656545999,23.9435113373132,0 79.9736635635811,23.943509945393,0 79.9736613958918,23.9435086563533,0 79.9736591575183,23.9435074737537,0 79.9736568546419,23.9435064008601,0 79.9736544936222,23.9435054406353,0 79.9736520809791,23.9435045957309,0 79.9736496233754,23.9435038684803,0 79.9736312824802,23.9434989259676,0 79.9736451415185,23.943475065546,0 79.9736462484873,23.9434730388145,0 79.9736472433503,23.9434709635599,0 79.9736643599463,23.9434326812524,0 79.9736738252721,23.9434184421029,0 79.9736751102736,23.9434163899451,0 79.9736762764712,23.9434142787021,0 79.9736773206586,23.9434121141787,0 79.9736782399649,23.9434099023261,0 79.9736790318626,23.9434076492256,0 79.9736796941743,23.943405361072,0 79.9736802250791,23.9434030441563,0 79.9736806231173,23.9434007048489,0 79.9736808871945,23.9433983495814,0 79.9736810165847,23.9433959848296,0 79.9736810109321,23.9433936170951,0 79.9736808702523,23.9433912528879,0 79.9736805949321,23.9433888987083,0 79.9736801857284,23.9433865610287,0 79.9736775734149,23.9433737834327,0 79.9736785564073,23.9433701791221,0 79.9736791186401,23.9433678606391,0 79.9736795474429,23.9433655181904,0 79.9736798416293,23.9433631582582,0 79.9736800003853,23.9433607873728,0 79.9736800232714,23.9433584120949,0 79.9736798737415,23.9433505370092,0 79.9736874786801,23.9433301352782,0 79.9736882461547,23.9433278866314,0 79.9736888849391,23.9433256042456,0 79.9736893932934,23.9433232943376,0 79.9736897698328,23.9433209631992,0 79.9736900135319,23.9433186171801,0 79.9736901237268,23.9433162626703,0 79.9736901001173,23.9433139060832,0 79.9736899427678,23.9433115538376,0 79.9736896521069,23.9433092123407,0 79.9736892756559,23.9433071446387,0 79.9736904030063,23.9433064076025,0 79.9736923928257,23.9433049588131,0 79.9736942985688,23.9433034174952,0 79.9736961151478,23.9433017877638,0 79.9736978377131,23.9433000739697,0 79.973699461666,23.9432982806881,0 79.9737009826709,23.9432964127067,0 79.9737023966673,23.9432944750124,0 79.9737036998802,23.9432924727781,0 79.9737048888305,23.9432904113493,0 79.973705960344,23.9432882962294,0 79.9737069115601,23.9432861330651,0 79.9737077399394,23.9432839276313,0 79.9737084432703,23.9432816858159,0 79.9737090196752,23.9432794136039,0 79.9737094676153,23.9432771170614,0 79.9737097858946,23.9432748023194,0 79.9737099736636,23.9432724755577,0 79.9737100304209,23.9432701429879,0 79.973709956015,23.9432678108372,0 79.9737097506445,23.9432654853319,0 79.9737094148578,23.9432631726803,0 79.9737052943727,23.943239479944,0 79.9737056067059,23.9432381874147,0 79.9737186101618,23.9432352543037,0 79.9737211108382,23.9432346255062,0 79.9737235719435,23.9432338763445,0 79.9737259866248,23.9432330089049,0 79.9737283481582,23.9432320256028,0 79.9737306499679,23.9432309291762,0 79.9737328856443,23.9432297226782,0 79.973735048962,23.9432284094684,0 79.9737371338972,23.9432269932035,0 79.9737391346443,23.9432254778272,0 79.973741045632,23.9432238675591,0 79.973742861539,23.9432221668832,0 79.9737445773089,23.9432203805349,0 79.9737461881641,23.9432185134887,0 79.9737476896189,23.9432165709433,0 79.9737490774925,23.9432145583079,0 79.9737503479203,23.9432124811869,0 79.9737514973647,23.943210345364,0 79.973752522625,23.9432081567866,0 79.9737534208464,23.9432059215489,0 79.9737541895276,23.9432036458752,0 79.9737548265282,23.943201336102,0 79.9737553300746,23.9431989986613,0 79.9737556987644,23.9431966400616,0 79.9737559315712,23.9431942668707,0 79.9737560278466,23.9431918856968,0 79.9737559873226,23.9431895031705,0 79.973755810112,23.943187125926,0 79.9737540101054,23.9431697259263,0 79.9737537646041,23.9431677949202,0 79.9737494402492,23.9431391461423,0 79.9737594728766,23.9431007425042,0 79.9737600149707,23.943098394102,0 79.973760420505,23.9430960225395,0 79.9737606883332,23.94309363452,0 79.9737608176985,23.943091236793,0 79.9737608082351,23.9430888361356,0 79.9737606599698,23.9430864393331,0 79.9737603733217,23.9430840531599,0 79.9737599491009,23.9430816843605,0 79.9737593885065,23.9430793396301,0 79.9737586931231,23.9430770255961,0 79.9737578649161,23.9430747487988,0 79.9737569062263,23.9430725156735,0 79.9737558197635,23.9430703325322,0 79.9737546085986,23.9430682055452,0 79.9737532761547,23.9430661407244,0 79.9737518261981,23.9430641439059,0 79.9737492220224,23.9430607561747,0 79.9737496284635,23.9430209234664,0 79.9737495798242,23.9430184471006,0 79.9737493835297,23.9430159769109,0 79.9737490401703,23.9430135203289,0 79.9737485507792,23.9430110847449,0 79.9737459916393,23.943000052027,0 79.9737482714627,23.9429797317939,0 79.9737483947522,23.9429784557443,0 79.9737492736276,23.9429676162308,0 79.9737496162338,23.9429639617506,0 79.9737556868031,23.9429359083135,0 79.973756120993,23.9429335868784,0 79.9737564228829,23.9429312477923,0 79.9737565916514,23.9429288974199,0 79.9737566268392,23.9429265421567,0 79.9737565283507,23.9429241884113,0 79.9737562964539,23.9429218425886,0 79.9737559317797,23.9429195110715,0 79.9737554353204,23.9429172002043,0 79.973754808427,23.9429149162749,0 79.9737540528053,23.942912665498,0 79.9737531705112,23.942910453998,0 79.9737468059396,23.94289570318,0 79.9737402303963,23.9428536731182,0 79.9737397987415,23.9428513471691,0 79.9737392354837,23.9428490451191,0 79.9737385421609,23.9428467732535,0 79.973737720666,23.9428445377756,0 79.9737367732422,23.9428423447893,0 79.9737357024763,23.9428402002822,0 79.973734511292,23.9428381101098,0 79.9737332029417,23.9428360799791,0 79.9737317809977,23.9428341154333,0 79.9737302493427,23.9428322218364,0 79.9737286121586,23.9428304043587,0 79.9737268739156,23.9428286679627,0 79.97372503936,23.9428270173895,0 79.9737231135008,23.9428254571459,0 79.9737211015964,23.942823991492,0 79.9737190091402,23.9428226244296,0 79.9737168418455,23.9428213596914,0 79.9737146056299,23.9428202007306,0 79.9737123065992,23.9428191507118,0 79.9737099510308,23.9428182125019,0 79.9737075453563,23.9428173886626,0 79.9737050961443,23.9428166814434,0 79.973702610082,23.9428160927752,0 79.9737000939577,23.9428156242654,0 79.9736975546412,23.9428152771932,0 79.9736949990661,23.9428150525062,0 79.9736924342101,23.942814950818,0 79.9736898670763,23.9428149724062,0 79.9736873046742,23.9428151172118,0 79.9736867975614,23.9428151704202,0 79.9736863706591,23.9428143850666,0 79.9736851246829,23.9428123608268,0 79.9736837669624,23.9428103982337,0 79.9736823010991,23.9428085024935,0 79.9736807309815,23.9428066786351,0 79.9736790607749,23.9428049314965,0 79.9736772949096,23.9428032657124,0 79.9736754380701,23.9428016857017,0 79.973673495182,23.9428001956557,0 79.9736714713992,23.942798799527,0 79.9736693720902,23.9427975010192,0 79.9736672028238,23.9427963035767,0 79.9736649693545,23.9427952103761,0 79.9736626776071,23.9427942243173,0 79.9736603336607,23.942793348016,0 79.9736579437333,23.9427925837967,0 79.9736555141645,23.9427919336868,0 79.9736530513995,23.9427913994108,0 79.973650561971,23.9427909823859,0 79.9736480524829,23.9427906837185,0 79.973645529592,23.9427905042006,0 79.9736429999909,23.9427904443087,0 79.9736326107982,23.9427904443102,0 79.9736312855838,23.942788552149,0 79.9736297470765,23.9427865940423,0 79.9736280968556,23.9427847143441,0 79.9736263396424,23.9427829184321,0 79.9736244804643,23.9427812114444,0 79.9736005804645,23.9427604114496,0 79.9735986658758,23.9427588305286,0 79.9735966638361,23.9427573439294,0 79.9735945798398,23.9427559557318,0 79.9735924196059,23.9427546697453,0 79.9735901890629,23.9427534894993,0 79.9735878943323,23.9427524182327,0 79.9735855417116,23.9427514588855,0 79.9735831376571,23.9427506140903,0 79.9735806887664,23.9427498861657,0 79.9735782017602,23.9427492771094,0 79.9735756834636,23.9427487885926,0 79.9735731407877,23.9427484219563,0 79.9735705807105,23.9427481782064,0 79.9735680102577,23.9427480580119,0 79.9735654364836,23.9427480617028,0 79.9735628664514,23.9427481892688,0 79.9735603072143,23.9427484403599,0 79.9735577657956,23.942748814287,0 79.9735552491699,23.9427493100239,0 79.9735527642436,23.9427499262101,0 79.9735503178363,23.9427506611547,0 79.9735479166618,23.9427515128406,0 79.9735455673097,23.9427524789306,0 79.9735432762274,23.9427535567733,0 79.9735410497025,23.9427547434109,0 79.9735388938453,23.9427560355866,0 79.9735368145723,23.9427574297545,0 79.9735348175896,23.9427589220883,0 79.9735329083778,23.9427605084926,0 79.9735310921763,23.9427621846139,0 79.9735293739694,23.9427639458521,0 79.9735277584725,23.9427657873739,0 79.9735262501191,23.9427677041254,0 79.9735248530486,23.9427696908465,0 79.9735235710951,23.942771742085,0 79.9735224077767,23.9427738522114,0 79.973521366286,23.9427760154349,0 79.9735204494812,23.9427782258189,0 79.9735196598783,23.9427804772972,0 79.9735189996442,23.9427827636911,0 79.973518470591,23.9427850787258,0 79.9735180741704,23.9427874160482,0 79.9735178114705,23.9427897692438,0 79.9735176832122,23.9427921318545,0 79.9735176897474,23.9427944973967,0 79.9735178310582,23.9427968593784,0 79.9735181067569,23.9427992113175,0 79.9735185160868,23.9428015467594,0 79.9735190579246,23.942803859295,0 79.9735197307834,23.9428061425778,0 79.9735205328165,23.9428083903416,0 79.9735210988385,23.9428097344528,0 79.9735202071677,23.9428113533672,0 79.9735191789099,23.9428134872391,0 79.9735182719783,23.9428156670888,0 79.9735174887956,23.9428178870935,0 79.9735168314537,23.9428201413235,0 79.9735163017085,23.9428224237572,0 79.973515900975,23.942824728298,0 79.9735156303237,23.9428270487901,0 79.9735154904775,23.9428293790351,0 79.9735154818099,23.9428317128086,0 79.9735156043442,23.9428340438768,0 79.973515857753,23.942836366013,0 79.9735162413594,23.9428386730145,0 79.9735167541389,23.9428409587189,0 79.9735173947216,23.9428432170208,0 79.9735181613965,23.942845441888,0 79.9735190521156,23.9428476273775,0 79.9735200644999,23.9428497676514,0 79.9735209395077,23.9428513835953,0 79.9735151856233,23.9428627096525,0 79.973507603212,23.9428756254484,0 79.9734905911055,23.9428909306516,0 79.9734888389015,23.942891647454,0 79.9734865186567,23.9428927355191,0 79.9734842644158,23.9428939350777,0 79.9734820825154,23.9428952427578,0 79.9734799790885,23.9428966548838,0 79.9734779600478,23.9428981674861,0 79.9734760310686,23.9428997763131,0 79.9734741975731,23.9429014768425,0 79.973472464715,23.9429032642942,0 79.9734708373653,23.9429051336438,0 79.9734693200984,23.9429070796369,0 79.9734679171791,23.9429090968033,0 79.9734666325509,23.942911179473,0 79.9734654698248,23.9429133217917,0 79.9734644322692,23.9429155177377,0 79.9734635228005,23.9429177611383,0 79.9734627439752,23.9429200456874,0 79.9734620979825,23.9429223649635,0 79.9734615866381,23.9429247124473,0 79.9734612113796,23.9429270815401,0 79.9734609732617,23.9429294655827,0 79.9734608729537,23.9429318578736,0 79.9734609107376,23.9429342516885,0 79.9734610865072,23.9429366402985,0 79.9734613997684,23.9429390169893,0 79.9734618496408,23.9429413750804,0 79.9734638244939,23.9429503249629,0 79.9734512510919,23.9429825625484,0 79.9734503991285,23.9429849548584,0 79.9734496935307,23.9429873870846,0 79.9734491364911,23.9429898516689,0 79.9734487297408,23.9429923409526,0 79.9734484745437,23.9429948472003,0 79.9734483716928,23.9429973626238,0 79.9734484172765,23.9429996656251,0 79.9734448865523,23.9429991976473,0 79.9734408686152,23.9429849043458,0 79.9734401606327,23.9429826329102,0 79.9734393243468,23.9429803986211,0 79.9734383620474,23.9429782075958,0 79.9734372763692,23.9429760658333,0 79.9734360702847,23.9429739791976,0 79.9734347470963,23.9429719534021,0 79.9734333104267,23.9429699939931,0 79.9734317642096,23.9429681063356,0 79.9734301126784,23.9429662955979,0 79.973428360355,23.9429645667378,0 79.9734265120372,23.9429629244888,0 79.9734245727857,23.9429613733474,0 79.9734225479102,23.9429599175605,0 79.9734204429545,23.9429585611141,0 79.9734182636822,23.9429573077221,0 79.97341601606,23.9429561608162,0 79.9734137062417,23.9429551235366,0 79.9734113405517,23.9429541987235,0 79.9734089254671,23.9429533889088,0 79.9734064676004,23.9429526963099,0 79.9734039736812,23.942952122823,0 79.9734014505376,23.9429516700184,0 79.9733989050782,23.9429513391358,0 79.9733963442721,23.9429511310812,0 79.973393775131,23.9429510464242,0 79.9733912046889,23.9429510853966,0 79.9733886399838,23.9429512478918,0 79.9733860880376,23.9429515334647,0 79.9733835558376,23.9429519413335,0 79.9733810503169,23.9429524703815,0 79.9733785783355,23.9429531191601,0 79.9733761466617,23.9429538858931,0 79.9733737619533,23.942954768481,0 79.9733714307395,23.9429557645075,0 79.9733691594032,23.9429568712454,0 79.9733669541632,23.9429580856645,0 79.9733648210575,23.9429594044397,0 79.9733627659264,23.9429608239603,0 79.9733607943968,23.9429623403396,0 79.9733589118668,23.9429639494259,0 79.9733571234905,23.9429656468136,0 79.9733554341647,23.9429674278551,0 79.9733538485146,23.9429692876741,0 79.9733523708817,23.9429712211784,0 79.9733510053117,23.9429732230742,0 79.9733497555435,23.9429752878803,0 79.973348624999,23.9429774099432,0 79.9733476167735,23.9429795834529,0 79.9733467336276,23.9429818024584,0 79.9733459779793,23.942984060884,0 79.9733453518976,23.9429863525462,0 79.9733448570967,23.9429886711706,0 79.9733444949313,23.9429910104087,0 79.973344266393,23.9429933638558,0 79.9733441721076,23.9429957250683,0 79.9733442123332,23.9429980875811,0 79.9733473123074,23.9430661875812,0 79.9733474906382,23.9430685808272,0 79.9733478069991,23.9430709619921,0 79.9733482604973,23.9430733243558,0 79.9733488498532,23.9430756612513,0 79.9733495734032,23.9430779660835,0 79.9733504291056,23.9430802323478,0 79.9733504863948,23.9430803614846,0 79.973349201809,23.9430810749733,0 79.9733470818189,23.9430823957938,0 79.9733450395989,23.9430838163583,0 79.9733430806989,23.9430853328066,0 79.9733412104422,23.9430869410176,0 79.9733410899198,23.9430870560497,0 79.973340991364,23.9430868781491,0 79.9733397240081,23.943084856153,0 79.9733383446935,23.9430828970311,0 79.9733368571039,23.9430810060152,0 79.9733352652119,23.9430791881553,0 79.9733335732686,23.943077448306,0 79.9733317857923,23.9430757911136,0 79.9733299075567,23.9430742210037,0 79.9733279435774,23.9430727421692,0 79.9733258990994,23.9430713585594,0 79.9733237795824,23.9430700738692,0 79.9733215906867,23.9430688915295,0 79.9733193382578,23.9430678146976,0 79.9733170283106,23.9430668462493,0 79.9733146670141,23.9430659887707,0 79.973312260674,23.9430652445519,0 79.9733098157165,23.9430646155803,0 79.973307338671,23.9430641035354,0 79.9733048361523,23.9430637097849,0 79.9733023148435,23.9430634353801,0 79.9732997814778,23.9430632810538,0 79.9732972428205,23.9430632472183,0 79.9732947056512,23.9430633339638,0 79.9732921767454,23.9430635410587,0 79.9732896628565,23.94306386795,0 79.973287170698,23.9430643137647,0 79.9732847069251,23.9430648773122,0 79.9732822781174,23.9430655570875,0 79.9732798907611,23.9430663512754,0 79.9732775512316,23.9430672577549,0 79.9732752657766,23.9430682741053,0 79.9732730404996,23.9430693976124,0 79.9732675138218,23.9430723613159,0 79.9732676904917,23.9430721410247,0 79.9732690936315,23.9430701869078,0 79.9732703846832,23.9430681685739,0 79.9732715601761,23.9430660914492,0 79.9732726169499,23.9430639611177,0 79.9732735521637,23.9430617833066,0 79.9732743633033,23.9430595638706,0 79.973275048188,23.9430573087764,0 79.9732756049766,23.9430550240866,0 79.9732760321724,23.9430527159431,0 79.9732763286266,23.9430503905513,0 79.9732764935426,23.9430480541625,0 79.9732765264768,23.943045713058,0 79.9732764273408,23.9430433735313,0 79.9732761964011,23.9430410418721,0 79.9732758342785,23.9430387243488,0 79.9732753419466,23.9430364271916,0 79.9732747207289,23.9430341565762,0 79.9732739722956,23.9430319186069,0 79.9732730986586,23.9430297193001,0 79.9732590811958,23.9429970838018,0 79.973260308979,23.9429918936187,0 79.9732607901762,23.9429895671933,0 79.9732611380133,23.9429872207814,0 79.9732613515338,23.9429848608361,0 79.9732614301504,23.9429824938479,0 79.9732613736469,23.9429801263266,0 79.9732611821787,23.9429777647834,0 79.9732608562724,23.9429754157133,0 79.9732603968244,23.9429730855766,0 79.9732598050982,23.9429707807819,0 79.9732590827213,23.942968507668,0 79.9732582316803,23.9429662724864,0 79.9732572543159,23.9429640813844,0 79.9732568432192,23.9429632819689,0 79.9732588021156,23.9429623978368,0 79.9732610461432,23.9429612474616,0 79.9732632216647,23.9429599908309,0 79.9732905216695,23.9429432908262,0 79.9732926232417,23.9429419310295,0 79.9732946445695,23.9429404720849,0 79.9732965801214,23.942938917985,0 79.9732984246007,23.9429372729825,0 79.97330017296,23.9429355415792,0 79.9733018204146,23.942933728513,0 79.9733033624563,23.9429318387455,0 79.9733047948653,23.9429298774483,0 79.9733061137217,23.9429278499883,0 79.9733073154164,23.9429257619139,0 79.9733083966609,23.9429236189392,0 79.9733093544963,23.9429214269286,0 79.9733101863014,23.9429191918805,0 79.9733108898001,23.9429169199113,0 79.9733114630672,23.9429146172383,0 79.9733119045338,23.942912290163,0 79.973312212992,23.9429099450534,0 79.9733152129811,23.9428807450521,0 79.9733153848984,23.9428784464595,0 79.9733154290264,23.9428761427995,0 79.9733153452503,23.9428738400695,0 79.9733151337881,23.9428715442645,0 79.9733147951905,23.9428692613614,0 79.9733143303388,23.9428669973036,0 79.9733137404434,23.9428647579855,0 79.97331302704,23.9428625492369,0 79.973312191986,23.9428603768082,0 79.9733112374552,23.9428582463553,0 79.9733101659329,23.9428561634244,0 79.9733089802085,23.9428541334385,0 79.973302280206,23.9428433334403,0 79.9733016964518,23.9428424457735,0 79.9733018394171,23.9428416688746,0 79.9733021341288,23.9428393337578,0 79.9733022962206,23.9428369877089,0 79.9733023252532,23.942834637086,0 79.9733022211478,23.9428322882597,0 79.9733019841866,23.9428299475958,0 79.9733016150119,23.9428276214378,0 79.9733011146242,23.9428253160901,0 79.9732976253981,23.9428111706006,0 79.9733070923335,23.9427942498018,0 79.9733082070567,23.9427921223895,0 79.9733091992591,23.9427899443295,0 79.9733100662274,23.9427877215773,0 79.9733108055911,23.942785460211,0 79.9733114153285,23.942783166414,0 79.9733118937721,23.9427808464585,0 79.9733122396139,23.9427785066883,0 79.9733124519082,23.9427761535012,0 79.9733125300744,23.9427737933317,0 79.9733124738988,23.9427714326337,0 79.9733122835351,23.9427690778621,0 79.9733119595037,23.942766735456,0 79.9733115026908,23.9427644118203,0 79.9733109143454,23.9427621133089,0 79.9733101960764,23.9427598462069,0 79.9733093498477,23.9427576167134,0 79.9733083779733,23.9427554309247,0 79.9733072831108,23.9427532948178,0 79.9733060682538,23.9427512142336,0 79.9733047367245,23.9427491948612,0 79.9733032921636,23.9427472422225,0 79.9733017385213,23.9427453616568,0 79.9733000800458,23.9427435583063,0 79.9732983212721,23.9427418371021,0 79.9732964670093,23.9427402027507,0 79.9732948218288,23.9427388973635,0 79.9732970261207,23.9427378892676,0 79.973299256701,23.9427367321105,0 79.9733014186348,23.9427354696813,0 79.973303506046,23.9427341054113,0 79.9733055132611,23.9427326430086,0 79.9733074348247,23.9427310864479,0 79.9733092655139,23.9427294399598,0 79.9733110003532,23.9427277080194,0 79.9733126346273,23.9427258953341,0 79.9733141638943,23.9427240068307,0 79.9733155839977,23.9427220476419,0 79.9733168910778,23.9427200230929,0 79.973318081582,23.9427179386861,0 79.9733191522746,23.942715800087,0 79.9733201002455,23.9427136131081,0 79.9733209229181,23.9427113836936,0 79.9733216180564,23.9427091179029,0 79.9733221837712,23.9427068218943,0 79.9733226185249,23.9427045019082,0 79.9733229211357,23.9427021642503,0 79.9733230907814,23.9426998152742,0 79.9733231270006,23.9426974613643,0 79.9733230296951,23.9426951089183,0 79.9733227991293,23.9426927643302,0 79.9733179916879,23.9426549134549,0 79.973324359395,23.9426500607395,0 79.9733262988119,23.9426485020973,0 79.9733281466673,23.9426468521596,0 79.9733298978802,23.9426451154632,0 79.9733315476353,23.9426432967835,0 79.9733330913962,23.9426414011213,0 79.9733345249183,23.9426394336892,0 79.9733358442595,23.9426373998969,0 79.9733370457923,23.9426353053367,0 79.9733381262128,23.9426331557681,0 79.9733390825501,23.9426309571016,0 79.9733399121746,23.942628715383,0 79.9733406128052,23.9426264367762,0 79.9733411825153,23.9426241275468,0 79.9733416197383,23.9426217940444,0 79.9733419232722,23.9426194426854,0 79.9733420922822,23.9426170799353,0 79.9733421263036,23.942614712291,0 79.9733420252429,23.9426123462627,0 79.973341789378,23.9426099883562,0 79.9733414193575,23.9426076450552,0 79.9733409161988,23.942605322803,0 79.9733402812854,23.9426030279849,0 79.9733395163631,23.9426007669111,0 79.9733386235354,23.9425985457988,0 79.9733376052571,23.9425963707553,0 79.9733364643282,23.9425942477615,0 79.9733352038859,23.9425921826548,0 79.9733338273961,23.9425901811136,0 79.9733323386437,23.9425882486415,0 79.9733307417223,23.9425863905524,0 79.9733290410229,23.9425846119552,0 79.973327241222,23.9425829177406,0 79.9733253472684,23.9425813125672,0 79.9733233643699,23.9425798008487,0 79.9733212979788,23.9425783867418,0 79.9733191537772,23.942577074135,0 79.9733169376608,23.9425758666374,0 79.9733146557234,23.9425747675692,0 79.9733123142395,23.9425737799527,0 79.9733099196474,23.9425729065034,0 79.9733074785317,23.942572149623,0 79.9733049976045,23.9425715113928,0 79.9733024836876,23.9425709935676,0 79.9733007156559,23.9425707179236,0 79.9733022770456,23.9425692880789,0 79.9733040722035,23.9425675546418,0 79.9733057649215,23.9425657362283,0 79.9733073504453,23.9425638379457,0 79.9733088243216,23.9425618651257,0 79.9733101824108,23.9425598233094,0 79.9733114208983,23.9425577182317,0 79.9733125363055,23.9425555558051,0 79.9733135254997,23.9425533421033,0 79.9733143857026,23.9425510833439,0 79.9733151144979,23.9425487858711,0 79.9733212446903,23.9425273638548,0 79.9733388181542,23.9425090894505,0 79.973341184927,23.9425084447785,0 79.9733436026017,23.9425076579371,0 79.9733459723059,23.9425067562073,0 79.9733482875818,23.9425057420464,0 79.9733505421197,23.9425046182182,0 79.9733527297756,23.9425033877854,0 79.9733548445877,23.9425020541012,0 79.9733568807928,23.9425006208001,0 79.9733588328417,23.942499091788,0 79.9733606954149,23.942497471232,0 79.9733624634363,23.9424957635482,0 79.9733641320879,23.9424939733905,0 79.9733656968222,23.9424921056374,0 79.973367153375,23.9424901653788,0 79.973368497777,23.9424881579024,0 79.9733697263644,23.9424860886789,0 79.9733708357891,23.9424839633473,0 79.9733718230276,23.9424817876996,0 79.9733726853897,23.9424795676649,0 79.9733734205251,23.942477309293,0 79.9733740264305,23.9424750187386,0 79.9733745014547,23.9424727022439,0 79.9733748443032,23.9424703661217,0 79.9733750540416,23.9424680167384,0 79.9733751300985,23.9424656604965,0 79.9733750722664,23.9424633038173,0 79.9733748807031,23.9424609531231,0 79.9733745559306,23.9424586148201,0 79.973374098834,23.9424562952804,0 79.9733735106589,23.9424540008254,0 79.9733727930082,23.9424517377079,0 79.9733719478377,23.9424495120953,0 79.9733709774507,23.9424473300527,0 79.9733698844916,23.9424451975268,0 79.9733686719389,23.9424431203289,0 79.9733673430972,23.9424411041199,0 79.9733659015877,23.9424391543943,0 79.9733643513388,23.9424372764656,0 79.9733626965753,23.9424354754513,0 79.9733609418068,23.9424337562596,0 79.9733590918152,23.9424321235757,0 79.9733571516422,23.9424305818489,0 79.9733157516451,23.9423993818573,0 79.9733137104362,23.9423979243709,0 79.9733115886515,23.9423965675698,0 79.9733093921641,23.9423953152096,0 79.9733071270537,23.9423941707567,0 79.97330479959,23.9423931373788,0 79.9733024162152,23.9423922179363,0 79.9732999835263,23.9423914149742,0 79.9732975082569,23.9423907307149,0 79.9732949972584,23.9423901670525,0 79.9732924574809,23.9423897255471,0 79.9732898959545,23.9423894074208,0 79.9732873197693,23.9423892135542,0 79.9732847360559,23.9423891444838,0 79.9732821519659,23.9423892004008,0 79.973279574652,23.9423893811506,0 79.9732770112478,23.9423896862326,0 79.9732744688488,23.9423901148026,0 79.9732719544921,23.9423906656742,0 79.9732694751373,23.9423913373228,0 79.9732670376471,23.9423921278891,0 79.9732646487683,23.942393035185,0 79.9732623151131,23.9423940566991,0 79.9732600431409,23.942395189604,0 79.9732578391405,23.9423964307639,0 79.9732412655341,23.9424063243785,0 79.9732460692273,23.9423902818314,0 79.9732466949461,23.9423879518102,0 79.9732471850919,23.9423855945253,0 79.9732475382801,23.9423832166352,0 79.9732477535131,23.942380824857,0 79.973247830183,23.9423784259468,0 79.9732477680732,23.9423760266808,0 79.9732475673591,23.9423736338364,0 79.9732472286077,23.9423712541727,0 79.9732467527759,23.9423688944116,0 79.9732461412078,23.9423665612188,0 79.9732453956309,23.9423642611849,0 79.9732445181513,23.942362000807,0 79.9732435112476,23.94235978647,0 79.9732423777641,23.9423576244288,0 79.9732411209026,23.9423555207906,0 79.9732397442134,23.9423534814977,0 79.9732382515852,23.9423515123104,0 79.9732366472344,23.9423496187912,0 79.9732349356928,23.9423478062888,0 79.973233121795,23.9423460799231,0 79.9732312106649,23.9423444445705,0 79.9732292077009,23.9423429048505,0 79.9732271185607,23.9423414651124,0 79.9732249491458,23.942340129423,0 79.9732227055841,23.9423389015554,0 79.973220394213,23.9423377849778,0 79.9732180215616,23.9423367828444,0 79.973215594332,23.942335897986,0 79.9731929471065,23.9423282755358,0 79.9731932759184,23.9423264274735,0 79.9731935564552,23.9423240958927,0 79.9731937048731,23.9423217540679,0 79.9731937207715,23.9423194083191,0 79.9731936041076,23.9423170649766,0 79.9731933551962,23.9423147303646,0 79.9731929747092,23.9423124107833,0 79.9731924636732,23.9423101124927,0 79.9731918234674,23.9423078416952,0 79.9731910558196,23.9423056045189,0 79.9731901628014,23.9423034070014,0 79.9731891468229,23.942301255073,0 79.9731880106258,23.9422991545413,0 79.9731867572764,23.9422971110748,0 79.9731853901572,23.9422951301884,0 79.9731839129575,23.9422932172278,0 79.9731823296639,23.9422913773555,0 79.9731806445493,23.9422896155368,0 79.9731788621612,23.9422879365263,0 79.9731769873099,23.9422863448552,0 79.9731750250549,23.9422848448189,0 79.9731729806919,23.9422834404656,0 79.9731708597378,23.9422821355851,0 79.9731686679167,23.942280933699,0 79.9731664111434,23.9422798380508,0 79.9731640955085,23.9422788515973,0 79.973161727261,23.9422779770006,0 79.9731593127922,23.9422772166211,0 79.9731568586179,23.9422765725108,0 79.9731543713614,23.9422760464079,0 79.9731518577349,23.9422756397322,0 79.9730820650733,23.9422660586269,0 79.9730356034268,23.942240538636,0 79.9730332221529,23.9422393118754,0 79.9730307704211,23.9422382085687,0 79.9730282558005,23.9422372321219,0 79.9730256860544,23.9422363855497,0 79.9730230691163,23.9422356714657,0 79.9730204130654,23.9422350920743,0 79.9730177261015,23.9422346491644,0 79.9730150165201,23.9422343441033,0 79.9730037707767,23.9422333685702,0 79.973002026427,23.9422292205917,0 79.9730011410115,23.9422272542152,0 79.973000155778,23.9422253283642,0 79.9729486557527,23.9421305283779,0 79.9729474472822,23.9421284422999,0 79.9729461217172,23.9421264171909,0 79.9729446826885,23.9421244585981,0 79.9729431341381,23.9421225718866,0 79.9729414803079,23.9421207622245,0 79.9729397257279,23.9421190345688,0 79.9729378752045,23.9421173936521,0 79.9729359338066,23.9421158439691,0 79.9729339068521,23.9421143897648,0 79.9729317998934,23.9421130350226,0 79.972929618702,23.9421117834534,0 79.9729273692525,23.9421106384856,0 79.9729250577068,23.9421096032555,0 79.9729226903967,23.9421086805988,0 79.9729202738067,23.942107873043,0 79.9729178145566,23.9421071828,0 79.9729153193827,23.9421066117606,0 79.9729127951199,23.942106161489,0 79.9729102486828,23.9421058332187,0 79.9729076870465,23.9421056278488,0 79.9729051172281,23.9421055459418,0 79.9729025462667,23.9421055877222,0 79.9728999812049,23.9421057530755,0 79.972897429069,23.9421060415487,0 79.9728948968498,23.9421064523517,0 79.9728923914837,23.9421069843592,0 79.9728899198334,23.9421076361138,0 79.9728874886694,23.9421084058304,0 79.9728851046511,23.9421092914003,0 79.972882774309,23.942110290398,0 79.9728805040263,23.9421114000868,0 79.9728783000219,23.9421126174271,0 79.9728761683331,23.9421139390844,0 79.972874114799,23.9421153614382,0 79.9728721450448,23.9421168805926,0 79.9728702644661,23.942118492386,0 79.9728684782141,23.9421201924035,0 79.9728667911819,23.9421219759884,0 79.9728652079907,23.9421238382549,0 79.972863732977,23.9421257741019,0 79.9728623701815,23.9421277782268,0 79.972861123337,23.9421298451396,0 79.972859995859,23.9421319691788,0 79.9728589908359,23.942134144526,0 79.9728581110207,23.9421363652224,0 79.9728573588234,23.9421386251851,0 79.9728567363044,23.9421409182236,0 79.9728562451691,23.9421432380566,0 79.9728558867627,23.9421455783296,0 79.972855662067,23.9421479326321,0 79.9728555716974,23.942150294515,0 79.9728556159017,23.9421526575087,0 79.9728557945586,23.9421550151403,0 79.9728561071788,23.9421573609518,0 79.9728764071324,23.9422824609566,0 79.9728768667229,23.9422848510225,0 79.9728774653721,23.9422872149397,0 79.9728782013504,23.9422895458788,0 79.9728790725317,23.9422918371055,0 79.9728800763992,23.9422940820006,0 79.9728812100524,23.9422962740783,0 79.9728824702165,23.9422984070057,0 79.9728838532505,23.9423004746208,0 79.9728853551591,23.9423024709499,0 79.972886971603,23.9423043902258,0 79.9728886979123,23.9423062269036,0 79.9728905290996,23.942307975677,0 79.9728924598747,23.9423096314937,0 79.9728956598748,23.9423122314944,0 79.972897657117,23.9423137694939,0 79.9728997402657,23.9423152080113,0 79.9729019034621,23.9423165430003,0 79.9729022933917,23.9423167569855,0 79.9729024495762,23.9423175737059,0 79.9729030239536,23.9423198682789,0 79.9729037276814,23.9423221322156,0 79.9729045588462,23.9423243593608,0 79.9729055151883,23.9423265436593,0 79.9729065941076,23.9423286791723,0 79.9729077926706,23.9423307600939,0 79.9729091076187,23.9423327807664,0 79.9729105353769,23.9423347356959,0 79.9729120720633,23.9423366195674,0 79.9729137134999,23.942338427259,0 79.9729154552241,23.9423401538559,0 79.9729172925004,23.9423417946637,0 79.9729192203336,23.9423433452216,0 79.9729212334822,23.9423448013137,0 79.9729233264729,23.9423461589812,0 79.9729254936153,23.9423474145329,0 79.9729277290172,23.9423485645552,0 79.9729300266011,23.9423496059214,0 79.9729323801203,23.9423505358001,0 79.9729347831759,23.9423513516633,0 79.9729372292346,23.9423520512928,0 79.9729397116458,23.9423526327863,0 79.9729422236605,23.9423530945629,0 79.9729447584489,23.9423534353672,0 79.9729473091194,23.9423536542725,0 79.9729563383262,23.942354211395,0 79.9729606138288,23.942375134906,0 79.9729611446522,23.9423774083284,0 79.9729618020983,23.942379653623,0 79.9729625844239,23.9423818648364,0 79.9729634895546,23.9423840361057,0 79.9729645150905,23.9423861616736,0 79.9729656583125,23.9423882359043,0 79.9729669161892,23.9423902532981,0 79.9729682853855,23.9423922085058,0 79.972969762271,23.9423940963431,0 79.9729713429297,23.9423959118046,0 79.9729730231705,23.9423976500765,0 79.9729747985383,23.9423993065499,0 79.972986263838,23.9424094669848,0 79.9729858774837,23.9424102156489,0 79.9729849043782,23.9424123859427,0 79.9729840552965,23.9424145997816,0 79.972983332533,23.9424168511832,0 79.9729827380409,23.9424191340633,0 79.9729822734268,23.9424214422531,0 79.9729819399461,23.9424237695151,0 79.9729817385,23.9424261095602,0 79.9729816696329,23.9424284560651,0 79.972981733531,23.9424308026887,0 79.9729823031031,23.9424410550568,0 79.9729825404515,23.9424492140145,0 79.9729769867178,23.9424545601306,0 79.972913101696,23.9424671474611,0 79.9729105618336,23.9424677132275,0 79.9729080582967,23.9424684023224,0 79.972905598169,23.9424692127959,0 79.9729031884115,23.9424701423548,0 79.9729008358424,23.9424711883691,0 79.9728985471185,23.942472347879,0 79.9728963287155,23.9424736176036,0 79.9728941869106,23.9424749939503,0 79.9728921277638,23.9424764730247,0 79.9728901571016,23.9424780506418,0 79.9728882804999,23.9424797223378,0 79.9728865032685,23.9424814833826,0 79.9728848304362,23.9424833287933,0 79.9728832667361,23.9424852533484,0 79.9728818165928,23.9424872516022,0 79.9728804841094,23.942489317901,0 79.9728792730563,23.9424914463979,0 79.9728781868599,23.9424936310705,0 79.9728772285939,23.9424958657372,0 79.9728764009695,23.9424981440751,0 79.9728757063286,23.9425004596376,0 79.9728751466365,23.9425028058729,0 79.9728747234771,23.9425051761423,0 79.9728744380476,23.9425075637391,0 79.9728742911556,23.9425099619076,0 79.9728742832167,23.9425123638623,0 79.9728744142536,23.9425147628069,0 79.9728746838953,23.9425171519535,0 79.9728839838709,23.9425825519555,0 79.9728843823392,23.9425848796837,0 79.9728849123801,23.942587185138,0 79.9728855725501,23.9425894620405,0 79.9728863610517,23.9425917041911,0 79.9728872757377,23.9425939054842,0 79.9728883141174,23.9425960599255,0 79.9728894733631,23.9425981616483,0 79.9728907503182,23.9426002049295,0 79.9728921415053,23.942602184205,0 79.9728936431363,23.9426040940852,0 79.9728952511221,23.9426059293693,0 79.972896961084,23.9426076850597,0 79.9728987683656,23.9426093563754,0 79.9729006680457,23.9426109387655,0 79.9729026549511,23.9426124279209,0 79.9729047236715,23.9426138197865,0 79.9729068685736,23.9426151105722,0 79.9729090838166,23.942616296763,0 79.9729113633682,23.942617375129,0 79.9729137010211,23.9426183427336,0 79.9729160904097,23.9426191969419,0 79.9729185250275,23.9426199354279,0 79.9729209982447,23.9426205561806,0 79.9729235033268,23.9426210575097,0 79.9729260334521,23.94262143805,0 79.9729285817309,23.9426216967653,0 79.9729311412241,23.942621832951,0 79.9729337049619,23.9426218462364,0 79.9729362659632,23.9426217365852,0 79.9729388172541,23.9426215042961,0 79.9729413518872,23.9426211500015,0 79.9729438629606,23.9426206746663,0 79.9729463436364,23.9426200795848,0 79.9729487871596,23.9426193663774,0 79.9729511868761,23.9426185369864,0 79.9729535362516,23.9426175936702,0 79.9729558288883,23.9426165389974,0 79.9729580585433,23.9426153758401,0 79.9729602191451,23.9426141073657,0 79.9729623048102,23.9426127370282,0 79.9729643098591,23.9426112685592,0 79.972966228832,23.9426097059575,0 79.9729680565034,23.9426080534781,0 79.9729992361789,23.9425783519551,0 79.9729990047526,23.9425791000665,0 79.9729984286491,23.9425814212076,0 79.972997986451,23.9425837670297,0 79.9729976793877,23.942586131012,0 79.9729975083126,23.9425885065832,0 79.9729974737014,23.9425908871397,0 79.9729975756503,23.9425932660642,0 79.9729978138758,23.9425956367436,0 79.9729981877158,23.9425979925881,0 79.9729986961311,23.942600327049,0 79.973001496127,23.9426116270497,0 79.9730021258766,23.9426138952861,0 79.9730026376047,23.9426154066668,0 79.9730025983425,23.9426154498286,0 79.9730010591687,23.9426173333982,0 79.9729996289628,23.942619288178,0 79.9729983116168,23.9426213088483,0 79.9729971107159,23.9426233899101,0 79.9729960295282,23.9426255256998,0 79.9729850295219,23.9426488256964,0 79.9729840640156,23.9426510275857,0 79.9729832257503,23.9426532730691,0 79.9729825170428,23.9426555559402,0 79.9729819398519,23.9426578698893,0 79.9729814957731,23.9426602085207,0 79.9729811860337,23.9426625653707,0 79.9729810114899,23.942664933925,0 79.972980972624,23.942667307637,0 79.9729810695436,23.9426696799459,0 79.9729813019806,23.9426720442949,0 79.9729816692928,23.942674394149,0 79.9729821704649,23.9426767230132,0 79.9729828041117,23.9426790244508,0 79.9729835684817,23.9426812921007,0 79.9729844614624,23.9426835196952,0 79.9729854805856,23.9426857010774,0 79.9729866230345,23.9426878302181,0 79.9729878856514,23.9426899012323,0 79.9729892649466,23.9426919083961,0 79.9729907571077,23.9426938461616,0 79.9729923580105,23.9426957091729,0 79.9729940632302,23.9426974922809,0 79.9729958680537,23.942699190557,0 79.9729976295808,23.9427006825016,0 79.9729962159241,23.9427004681879,0 79.9729936428941,23.942700205144,0 79.9729910583605,23.9427000670368,0 79.9729884695,23.94270005425,0 79.9729858835008,23.9427001668189,0 79.9729833075434,23.942700404431,0 79.9729807487806,23.9427007664265,0 79.9729782143172,23.9427012518003,0 79.9729757111907,23.9427018592047,0 79.9729732463514,23.9427025869531,0 79.9729708266434,23.9427034330247,0 79.9729684587855,23.9427043950702,0 79.9729661493525,23.9427054704185,0 79.972963904757,23.9427066560835,0 79.9729617312315,23.942707948773,0 79.9729596348113,23.9427093448977,0 79.9729576213174,23.9427108405809,0 79.9729556963407,23.9427124316696,0 79.97295128602,23.9427162749487,0 79.9728977429698,23.9427279673296,0 79.9728952908063,23.9427285646878,0 79.9728928754599,23.9427292775837,0 79.9728905033703,23.9427301041165,0 79.9728881808617,23.9427310420827,0 79.9728859141262,23.9427320889815,0 79.9728837092073,23.9427332420218,0 79.9728815719836,23.9427344981293,0 79.9728795081532,23.9427358539552,0 79.9728775232185,23.9427373058846,0 79.9728756224716,23.9427388500465,0 79.9728738109802,23.9427404823239,0 79.972872093574,23.942742198365,0 79.9728704748318,23.9427439935947,0 79.9728689590693,23.9427458632265,0 79.9728675503278,23.9427478022758,0 79.9728662523632,23.9427498055729,0 79.972865068636,23.9427518677766,0 79.9728640023023,23.9427539833889,0 79.972863056205,23.9427561467693,0 79.9728622328665,23.9427583521499,0 79.9728615344819,23.9427605936509,0 79.9728609629133,23.9427628652962,0 79.9728605196846,23.9427651610291,0 79.9728602059775,23.9427674747291,0 79.9728600226282,23.9427698002275,0 79.9728599701258,23.9427721313242,0 79.9728600486102,23.9427744618041,0 79.9728602578721,23.942776785454,0 79.9728605973536,23.9427790960786,0 79.9728610661496,23.9427813875175,0 79.9728616630103,23.9427836536614,0 79.9728808536499,23.9428490804399,0 79.9728792862919,23.9428643621231,0 79.9728791107501,23.9428667487542,0 79.9728790729649,23.9428691405804,0 79.9728791730424,23.9428715308896,0 79.9728794107016,23.942873912974,0 79.9728797852756,23.942876280149,0 79.9728802957134,23.9428786257715,0 79.9728809405826,23.9428809432593,0 79.9728817180733,23.9428832261089,0 79.9728826260039,23.942885467914,0 79.9728836618264,23.9428876623835,0 79.9728848226342,23.9428898033593,0 79.9728861051696,23.9428918848333,0 79.9728875058336,23.9428939009642,0 79.9728890206956,23.9428958460944,0 79.9728906455045,23.9428977147653,0 79.9728923757006,23.9428995017329,0 79.9728942064287,23.9429012019827,0 79.9728961325512,23.9429028107432,0 79.972898148663,23.9429043234998,0 79.9729002491063,23.9429057360075,0 79.9729024279869,23.9429070443023,0 79.9729046791902,23.9429082447129,0 79.9729069963987,23.9429093338705,0 79.9729079040637,23.9429097061647,0 79.9729074452735,23.9429100617847,0 79.9729055532993,23.94291169292,0 79.9729037576337,23.9429134135629,0 79.9728649576325,23.9429526135538,0 79.9728632585557,23.9429544242196,0 79.9728616661412,23.9429563150076,0 79.972860184854,23.9429582806162,0 79.9728588188473,23.9429603155342,0 79.9728575719513,23.942962414056,0 79.9728564476621,23.9429645702977,0 79.9728554491319,23.9429667782135,0 79.9728545791606,23.9429690316127,0 79.9728538401874,23.9429713241772,0 79.9728532342842,23.9429736494789,0 79.97285276315,23.9429760009981,0 79.9728524281057,23.9429783721415,0 79.9728522300908,23.9429807562606,0 79.9728521696605,23.9429831466709,0 79.9728522469842,23.94298553667,0 79.9728524618451,23.9429879195567,0 79.9728528136408,23.9429902886497,0 79.9728533013849,23.9429926373064,0 79.9728539237098,23.9429949589417,0 79.9728546788707,23.9429972470458,0 79.9728555647503,23.9429994952035,0 79.9728565788646,23.9430016971111,0 79.9728577183702,23.9430038465948,0 79.9728589800722,23.9430059376279,0 79.9728603604328,23.9430079643474,0 79.972861855582,23.9430099210706,0 79.9728634613272,23.9430118023112,0 79.9728651731665,23.9430136027945,0 79.9728669863,23.9430153174722,0 79.972868895644,23.9430169415366,0 79.972870895845,23.9430184704341,0 79.9728729812946,23.9430198998779,0 79.9728751461457,23.9430212258599,0 79.9728773843283,23.9430224446625,0 79.9728796895669,23.9430235528681,0 79.9728820553979,23.9430245473697,0 79.9728844751879,23.9430254253786,0 79.9729085992932,23.9430335069561,0 79.9728597038779,23.9430426510294,0 79.9728572150346,23.9430431787481,0 79.9728547593948,23.9430438246355,0 79.9728523435956,23.9430445869461,0 79.9728499741663,23.9430454636195,0 79.9728476575109,23.9430464522862,0 79.9728453998909,23.9430475502741,0 79.9728432074081,23.9430487546155,0 79.9728410859882,23.9430500620554,0 79.9728390413651,23.9430514690601,0 79.9728370790649,23.9430529718268,0 79.9728352043911,23.9430545662938,0 79.9728334224108,23.9430562481516,0 79.9728317379401,23.9430580128545,0 79.9728301555318,23.943059855633,0 79.9728286794628,23.9430617715064,0 79.9728273137227,23.9430637552966,0 79.9728260620026,23.9430658016418,0 79.9728249276857,23.9430679050112,0 79.9728239138379,23.9430700597198,0 79.9728230231993,23.9430722599439,0 79.9728222581772,23.9430744997369,0 79.9728216208392,23.9430767730451,0 79.972821112908,23.9430790737243,0 79.9728207357562,23.9430813955561,0 79.9728204904034,23.9430837322652,0 79.9728203775127,23.9430860775361,0 79.9728203973892,23.9430884250299,0 79.9728205499792,23.9430907684019,0 79.9728208348702,23.9430931013185,0 79.9728212512923,23.9430954174743,0 79.97282179812,23.9430977106093,0 79.9728224738753,23.9430999745256,0 79.9728266852566,23.9431127700458,0 79.9728254367624,23.9431133929252,0 79.9728232391004,23.943114630709,0 79.9728211150911,23.9431159727184,0 79.9728190705802,23.9431174152601,0 79.9728171111947,23.9431189543636,0 79.9728152423273,23.9431205857932,0 79.9728134691216,23.9431223050585,0 79.972811796458,23.9431241074279,0 79.9728102289399,23.9431259879406,0 79.9728087708816,23.9431279414212,0 79.9728074262961,23.9431299624931,0 79.972806198884,23.9431320455939,0 79.9728050920235,23.9431341849902,0 79.9728041087608,23.9431363747941,0 79.9728032518021,23.9431386089786,0 79.9728025235062,23.9431408813946,0 79.9728019258774,23.9431431857879,0 79.9728014605605,23.9431455158163,0 79.9728011288362,23.943147865067,0 79.9728009316175,23.9431502270741,0 79.9728008694473,23.9431525953369,0 79.9728009424966,23.9431549633374,0 79.9728011505643,23.9431573245581,0 79.9728014930779,23.9431596725005,0 79.9728019690947,23.9431620007024,0 79.9728025773045,23.943164302756,0 79.9728033160335,23.9431665723255,0 79.9728041832484,23.9431688031645,0 79.9728051765624,23.9431709891331,0 79.9728062932418,23.943173124215,0 79.9728075302132,23.943175202534,0 79.9728088840721,23.9431772183699,0 79.9728103510922,23.9431791661747,0 79.9728119272362,23.9431810405875,0 79.972813608166,23.9431828364496,0 79.9728153892552,23.9431845488181,0 79.9728172656019,23.9431861729803,0 79.9728192320419,23.943187704466,0 79.972821283163,23.9431891390603,0 79.9728234133202,23.9431904728147,0 79.9728661628473,23.9432157565875,0 79.972868767644,23.9432193616277,0 79.9728714547286,23.9432279740896,0 79.9728659465629,23.9432344265089,0 79.9728644018982,23.9432363376453,0 79.9728629689732,23.9432383209498,0 79.972861651771,23.9432403709097,0 79.9728604539532,23.9432424818264,0 79.9728593788493,23.9432446478323,0 79.9728584294478,23.9432468629064,0 79.9728576083878,23.9432491208914,0 79.9728569179518,23.9432514155108,0 79.9728563600587,23.9432537403861,0 79.9728559362596,23.9432560890549,0 79.9728556477324,23.9432584549883,0 79.9728554952792,23.9432608316099,0 79.9728554793237,23.9432632123133,0 79.9728555999104,23.9432655904807,0 79.9728558567039,23.9432679595014,0 79.9728562489906,23.9432703127903,0 79.9728567756799,23.9432726438059,0 79.9728574353079,23.9432749460685,0 79.9728582260409,23.9432772131785,0 79.972859145681,23.9432794388339,0 79.9728601916717,23.9432816168481,0 79.9728613611055,23.9432837411666,0 79.9728626507318,23.9432858058846,0 79.9728640569657,23.9432878052626,0 79.9728655758982,23.943289733743,0 79.9728672033072,23.943291585965,0 79.9728689346689,23.94329335678,0 79.9728707651706,23.9432950412655,0 79.972872689724,23.9432966347393,0 79.9728747029793,23.9432981327718,0 79.9728767993403,23.9432995311989,0 79.9728789729796,23.9433008261335,0 79.9728812178551,23.9433020139758,0 79.9728835277267,23.9433030914241,0 79.972884844101,23.9433036272447,0 79.9728835065604,23.9433046495986,0 79.9728816168972,23.9433062550332,0 79.9728798212848,23.9433079492017,0 79.9728781246493,23.9433097274565,0 79.972876531645,23.943311584919,0 79.9728750466424,23.9433135164936,0 79.9728736737151,23.9433155168813,0 79.9728724166297,23.9433175805943,0 79.9728712788348,23.9433197019712,0 79.9728702634518,23.9433218751922,0 79.9728693732662,23.9433240942953,0 79.9728686107202,23.9433263531929,0 79.9728679779058,23.9433286456878,0 79.9728674765588,23.9433309654911,0 79.9728671080548,23.9433333062385,0 79.9728668734047,23.9433356615087,0 79.9728636795454,23.9433806747234,0 79.9728613860553,23.9434111879609,0 79.9728612757919,23.9434135624607,0 79.972861301612,23.9434159390037,0 79.972861463444,23.9434183110064,0 79.9728617608398,23.9434206718978,0 79.9728621929753,23.9434230151378,0 79.9728627586536,23.9434253342353,0 79.9728634563077,23.9434276227658,0 79.9728642840048,23.9434298743897,0 79.9728652394521,23.9434320828696,0 79.9728663200029,23.9434342420876,0 79.9728675226638,23.9434363460621,0 79.9728688441033,23.9434383889648,0 79.9728702806606,23.9434403651364,0 79.9728718283562,23.9434422691026,0 79.9728734829028,23.9434440955891,0 79.9728752397169,23.943445839536,0 79.9728770939319,23.9434474961123,0 79.9728790404111,23.943449060729,0 79.9728806864957,23.9434502493989,0 79.9728805954795,23.9434503771902,0 79.9728792882961,23.943452443456,0 79.9728781019009,23.9434545703981,0 79.9728770396178,23.9434567520572,0 79.9728761044231,23.943458982321,0 79.972875298937,23.9434612549407,0 79.9728746254163,23.9434635635491,0 79.9728693254094,23.9434838635472,0 79.9728687925906,23.94348616765,0 79.9728683912279,23.9434884941549,0 79.9728681224135,23.943490836731,0 79.9728679868788,23.9434931890037,0 79.9728679849926,23.9434955445719,0 79.9728681167602,23.9434978970254,0 79.9728683818229,23.9435002399626,0 79.9728687794595,23.943502567008,0 79.972869308588,23.943504871829,0 79.9728699677683,23.9435071481536,0 79.9728707552068,23.9435093897875,0 79.9728716687606,23.9435115906306,0 79.9728727059438,23.9435137446938,0 79.9728738639339,23.9435158461156,0 79.9728751395798,23.9435178891773,0 79.9728765294101,23.9435198683193,0 79.9728780296428,23.9435217781559,0 79.9728796361954,23.94352361349,0 79.972881344696,23.9435253693271,0 79.9728831504955,23.9435270408893,0 79.9728870987321,23.9435305097891,0 79.9728866684197,23.9435325088219,0 79.972886299927,23.9435348693085,0 79.9728860675313,23.9435372443829,0 79.9728859718807,23.9435396274212,0 79.9728860132419,23.9435420117775,0 79.9728861914995,23.9435443908021,0 79.972889661529,23.9435778023509,0 79.9728900281306,23.9435818855513,0 79.9728894119653,23.943582226782,0 79.9728720492275,23.9435783319943,0 79.9728694823857,23.9435778225971,0 79.9728668895974,23.9435774399773,0 79.9728642782695,23.9435771852281,0 79.9728616558623,23.9435770590772,0 79.9728590298673,23.943577061885,0 79.9728551298686,23.943577161885,0 79.9728525828626,23.9435772880712,0 79.9728500464145,23.9435775355794,0 79.972847527361,23.9435779037425,0 79.9728450324916,23.943578391568,0 79.972842568531,23.9435789977413,0 79.9728401421202,23.9435797206283,0 79.9728377597993,23.9435805582808,0 79.9728354279893,23.943581508441,0 79.9728331529753,23.9435825685479,0 79.9728309408892,23.9435837357441,0 79.9728287976933,23.9435850068837,0 79.9728267291642,23.9435863785405,0 79.9728247408772,23.9435878470175,0 79.9728228381915,23.9435894083566,0 79.9728210262354,23.9435910583496,0 79.9728193098927,23.9435927925491,0 79.9728176937896,23.9435946062809,0 79.972816182282,23.9435964946564,0 79.9728147794438,23.9435984525858,0 79.9728134890563,23.9436004747919,0 79.9728123145973,23.9436025558241,0 79.9728112592326,23.9436046900734,0 79.9728103258066,23.9436068717873,0 79.9728095168353,23.9436090950853,0 79.9728088344991,23.9436113539749,0 79.9728082806371,23.9436136423677,0 79.9728078567421,23.9436159540957,0 79.9728075639568,23.943618282928,0 79.9728074030702,23.9436206225877,0 79.9728073745161,23.9436229667686,0 79.9728074783713,23.9436253091523,0 79.9728077143561,23.9436276434254,0 79.9728080818342,23.9436299632962,0 79.9728085798154,23.9436322625119,0 79.9728092069572,23.9436345348754,0 79.9728099615695,23.9436367742619,0 79.9728108416182,23.9436389746354,0 79.9728118447314,23.9436411300654,0 79.9728129682053,23.9436432347421,0 79.9728142090118,23.9436452829928,0 79.9728155638065,23.9436472692967,0 79.9728170289379,23.9436491883002,0 79.9728186004569,23.9436510348308,0 79.9728445701369,23.9436799688064,0 79.9728444778378,23.9436800074491,0 79.9728422114934,23.9436810903727,0 79.9728400094491,23.9436822800908,0 79.9728378776572,23.9436835733874,0 79.9728358218797,23.9436849667668,0 79.9728338476736,23.9436864564627,0 79.972831960375,23.9436880384484,0 79.9728301650854,23.9436897084479,0 79.9728284666573,23.9436914619472,0 79.9728268696817,23.9436932942064,0 79.9728253784751,23.9436952002732,0 79.9728239970683,23.9436971749953,0 79.9728227291952,23.9436992130352,0 79.9728215782829,23.9437013088839,0 79.9728205474424,23.9437034568765,0 79.9728196394598,23.9437056512069,0 79.9728188567896,23.9437078859438,0 79.9728182015473,23.9437101550468,0 79.9728176755041,23.9437124523825,0 79.9728172800817,23.9437147717412,0 79.9728170163491,23.9437171068536,0 79.9728168850192,23.9437194514081,0 79.9728168864468,23.9437217990672,0 79.9728170206283,23.9437241434853,0 79.9728172872008,23.9437264783253,0 79.9728176854438,23.9437287972763,0 79.972818214281,23.9437310940701,0 79.9728188722829,23.9437333624985,0 79.9728196576708,23.9437355964299,0 79.9728205683219,23.943737789826,0 79.9728216017748,23.9437399367581,0 79.972822755236,23.943742031423,0 79.9728240255877,23.9437440681588,0 79.9728254093961,23.9437460414603,0 79.9728269029209,23.9437479459936,0 79.972828502125,23.9437497766108,0 79.9728302026858,23.9437515283637,0 79.9728307064223,23.9437519958985,0 79.9728306471091,23.9437521162944,0 79.9728297410747,23.9437542331094,0 79.9728289521751,23.9437563891739,0 79.9728282824122,23.9437585790165,0 79.9728277334856,23.9437607970801,0 79.9728273067883,23.9437630377363,0 79.9728270034032,23.9437652952988,0 79.9728268241,23.9437675640389,0 79.9728267693338,23.9437698381993,0 79.9728268392436,23.9437721120091,0 79.9728290392293,23.9438099120093,0 79.9728292445271,23.943812274774,0 79.9728295844389,23.9438146243825,0 79.9728300580282,23.9438169543608,0 79.9728306639901,23.9438192582891,0 79.972831400655,23.9438215298192,0 79.972832265993,23.9438237626922,0 79.9728332576198,23.9438259507557,0 79.9728343728033,23.943828087981,0 79.9728353100886,23.9438296660919,0 79.9728340726511,23.9438304125742,0 79.9728319945966,23.9438318148216,0 79.9728299994314,23.9438333153211,0 79.9728280926486,23.9438349099412,0 79.9728262794983,23.9438365942917,0 79.9728245649726,23.9438383637348,0 79.972822953792,23.9438402133989,0 79.9728214503927,23.9438421381912,0 79.9728200589139,23.9438441328123,0 79.9728187831869,23.9438461917702,0 79.9728176267241,23.9438483093962,0 79.9728165927096,23.9438504798596,0 79.9728156839903,23.9438526971847,0 79.9728149030683,23.9438549552664,0 79.9728142520936,23.9438572478875,0 79.9728137328586,23.9438595687359,0 79.9728133467929,23.9438619114214,0 79.9728130949595,23.9438642694939,0 79.9728129780517,23.9438666364611,0 79.9728129963915,23.9438690058058,0 79.9728131499283,23.9438713710047,0 79.9728134382395,23.9438737255455,0 79.9728138605312,23.9438760629455,0 79.9728144156407,23.9438783767692,0 79.9728151020397,23.9438806606458,0 79.9728159178382,23.9438829082873,0 79.9728168607903,23.9438851135051,0 79.9728171945292,23.9438857877682,0 79.9728166646206,23.9438935849499,0 79.9728165928839,23.9438949938258,0 79.9728153928706,23.943930393825,0 79.9728153806577,23.9439327818402,0 79.972815505821,23.9439351671094,0 79.9728157680105,23.9439375429616,0 79.972816166493,23.943939902752,0 79.9728167001539,23.9439422398807,0 79.9728173675007,23.9439445478113,0 79.9728181666671,23.9439468200891,0 79.9728190954178,23.9439490503589,0 79.9728201511555,23.9439512323832,0 79.9728213309274,23.9439533600593,0 79.972822631434,23.9439554274366,0 79.972824049038,23.943957428733,0 79.9728255797747,23.9439593583513,0 79.972827219363,23.9439612108949,0 79.9728289632174,23.9439629811825,0 79.9728308064605,23.943964664263,0 79.9728327439372,23.9439662554293,0 79.972834770229,23.9439677502311,0 79.9728368796686,23.9439691444878,0 79.9728390663564,23.9439704343,0 79.9728413241766,23.9439716160603,0 79.9728436468148,23.9439726864636,0 79.9728460277749,23.9439736425163,0 79.9728484603979,23.9439744815444,0 79.9728509378802,23.9439752012013,0 79.9728534532929,23.9439757994744,0 79.9728559996009,23.9439762746904,0 79.9728585696827,23.9439766255202,0 79.9728611563504,23.9439768509826,0 79.9728637523696,23.943976950447,0 79.9728663504797,23.9439769236353,0 79.9728666466858,23.9439769061558,0 79.9728646624622,23.9439782854883,0 79.9728626641164,23.9439797512999,0 79.9728607514436,23.9439813106729,0 79.9728589296235,23.9439829593841,0 79.9728572035898,23.9439846929687,0 79.9728555780166,23.9439865067321,0 79.9728540573063,23.9439883957624,0 79.9728526455771,23.9439903549438,0 79.9728513466521,23.9439923789708,0 79.9728501640489,23.9439944623621,0 79.97284910097,23.9439965994756,0 79.9728481602945,23.9439987845239,0 79.9728473445698,23.9440010115897,0 79.9728466560049,23.9440032746417,0 79.9728460964645,23.9440055675515,0 79.972845667464,23.9440078841097,0 79.9728453701652,23.9440102180427,0 79.972845205373,23.9440125630301,0 79.9728451735339,23.9440149127214,0 79.9728452747341,23.9440172607534,0 79.9728455086995,23.9440196007674,0 79.9728458747964,23.9440219264265,0 79.9728463720336,23.9440242314324,0 79.9728469990644,23.9440265095431,0 79.9728477541908,23.9440287545892,0 79.9728486353678,23.9440309604908,0 79.9728496402091,23.9440331212743,0 79.9728507659936,23.9440352310879,0 79.9728520096724,23.944037284218,0 79.9728521764897,23.9440375287424,0 79.9728518798974,23.9440383141387,0 79.9728511656161,23.9440405819312,0 79.9728505812737,23.9440428809359,0 79.9728501284674,23.9440452048682,0 79.9728498084351,23.9440475473756,0 79.9728496220516,23.9440499020547,0 79.9728495698264,23.9440522624686,0 79.9728496519023,23.944054622165,0 79.972849868055,23.9440569746936,0 79.9728502176934,23.9440593136235,0 79.9728506998621,23.9440616325611,0 79.9728513132427,23.9440639251674,0 79.9728520561587,23.9440661851753,0 79.9728529265793,23.944068406407,0 79.9728537468475,23.9440701996125,0 79.972852985353,23.9440724114508,0 79.9728523376617,23.9440747046318,0 79.9728518217256,23.9440770258785,0 79.9728514389648,23.944079368801,0 79.9728511904331,23.9440817269499,0 79.9728510768146,23.9440840938335,0 79.9728510984221,23.9440864629363,0 79.9728512551961,23.9440888277367,0 79.9728515467051,23.9440911817249,0 79.9728519721466,23.9440935184208,0 79.972852145026,23.9440942347645,0 79.9728511384551,23.9440945700857,0 79.9728487385127,23.9440955047184,0 79.972846395878,23.9440965550143,0 79.9728441171444,23.9440977180175,0 79.9728419087253,23.9440989904545,0 79.9728397768365,23.9441003687442,0 79.9728377274781,23.9441018490073,0 79.972835766418,23.9441034270776,0 79.9728338991758,23.9441050985136,0 79.9728321310067,23.944106858611,0 79.972818131006,23.9441215586076,0 79.9728165154478,23.9441233456993,0 79.9728150020439,23.9441252068013,0 79.9728135948012,23.9441271369863,0 79.9728122974453,23.9441291311441,0 79.9728111134112,23.9441311839949,0 79.9728100458336,23.9441332901038,0 79.972809097539,23.9441354438947,0 79.972808271038,23.9441376396655,0 79.9728075685188,23.9441398716026,0 79.9728069918415,23.944142133797,0 79.9728065425327,23.9441444202593,0 79.9728062217821,23.9441467249361,0 79.9728060304388,23.9441490417256,0 79.9728059690096,23.944151364494,0 79.9728060376569,23.9441536870917,0 79.972806236199,23.9441560033695,0 79.9728065641105,23.9441583071949,0 79.9728070205229,23.9441605924684,0 79.9728076042281,23.9441628531397,0 79.9728083136806,23.9441650832235,0 79.9728091470021,23.9441672768157,0 79.9728101019864,23.9441694281084,0 79.9728111761051,23.9441715314062,0 79.9728123665144,23.9441735811404,0 79.9728136700627,23.9441755718842,0 79.9728179745711,23.9441817783886,0 79.9728120979762,23.94419699833,0 79.9728112946839,23.9441992672951,0 79.9728106229164,23.944201572091,0 79.9728100845494,23.9442039062824,0 79.9728096810862,23.9442062633518,0 79.9728094136533,23.9442086367181,0 79.9728092829973,23.9442110197543,0 79.9728092894832,23.9442134058068,0 79.9728094330928,23.9442157882133,0 79.9728097134251,23.9442181603218,0 79.9728101296975,23.9442205155089,0 79.9728106807475,23.9442228471989,0 79.9728113650367,23.944225148881,0 79.9728121806544,23.9442274141288,0 79.9728131253233,23.9442296366174,0 79.9728141964057,23.9442318101412,0 79.9728153216849,23.9442338058567,0 79.9728143226233,23.9442346889319,0 79.9728125543885,23.9442364256436,0 79.9728108881045,23.9442382455194,0 79.9728093283945,23.9442401435098,0 79.9728078795857,23.944242114349,0 79.972806545698,23.9442441525689,0 79.9728053304323,23.9442462525143,0 79.9728042371603,23.9442484083591,0 79.9728032689152,23.9442506141217,0 79.9728024283836,23.9442528636824,0 79.9728017178974,23.9442551507996,0 79.972801139428,23.9442574691278,0 79.9728006945802,23.9442598122348,0 79.9728003845884,23.9442621736196,0 79.9728002103126,23.9442645467305,0 79.9728001722364,23.9442669249834,0 79.9728002704653,23.9442693017797,0 79.9728005047269,23.944271670525,0 79.9728008743713,23.9442740246472,0 79.9728013783728,23.9442763576148,0 79.9728020153331,23.944278662955,0 79.972805480235,23.9442899486493,0 79.9728097977611,23.9443042998839,0 79.972808274903,23.9443054204137,0 79.9728063054889,23.944307036496,0 79.9728044333729,23.9443087474768,0 79.9728026639612,23.9443105484156,0 79.9728010023632,23.9443124341117,0 79.972799453377,23.9443143991199,0 79.9727980214756,23.944316437766,0 79.9727967107937,23.9443185441631,0 79.9727955251164,23.9443207122285,0 79.9727944678672,23.9443229357017,0 79.9727935420993,23.944325208162,0 79.972792750486,23.9443275230473,0 79.972792095313,23.9443298736731,0 79.9727915784725,23.9443322532515,0 79.9727912014569,23.9443346549112,0 79.9727834014343,23.9443959549079,0 79.9727831735052,23.9443982544569,0 79.9727830737739,23.944400561708,0 79.9727831025013,23.9444028706282,0 79.9727832116266,23.944404471313,0 79.9727814266635,23.9444061444574,0 79.9727797175477,23.944407924748,0 79.9727781126052,23.9444097851407,0 79.9727766162726,23.9444117204925,0 79.9727752326867,23.9444137254532,0 79.9727739656723,23.9444157944799,0 79.9727728187322,23.9444179218529,0 79.9727717950371,23.944420101691,0 79.972770897417,23.9444223279681,0 79.9727701283533,23.9444245945297,0 79.9727694899721,23.9444268951097,0 79.9727689840383,23.9444292233483,0 79.9727686119505,23.9444315728091,0 79.9727683747374,23.9444339369969,0 79.9727682730547,23.944436309376,0 79.9727683071836,23.9444386833878,0 79.9727684770297,23.9444410524695,0 79.9727687821234,23.9444434100717,0 79.9727692216214,23.9444457496769,0 79.9727697943087,23.9444480648171,0 79.9727704986021,23.9444503490921,0 79.9727713325546,23.9444525961871,0 79.9727722938606,23.94445479989,0 79.9727733798627,23.9444569541086,0 79.9727745875586,23.9444590528876,0 79.9727759136098,23.9444610904249,0 79.9727773543501,23.9444630610877,0 79.9727789057969,23.9444649594281,0 79.972780563661,23.9444667801981,0 79.9727823233594,23.9444685183643,0 79.9727862550837,23.9444722028118,0 79.9727883347855,23.9444901516003,0 79.9727845383285,23.9445110708092,0 79.9727843016732,23.9445125191971,0 79.9727802016629,23.9445407191955,0 79.9727800255763,23.9445420894925,0 79.9727763319846,23.9445751638179,0 79.9727695116726,23.9445907634545,0 79.9727686341455,23.9445929291698,0 79.9727678783252,23.9445951333121,0 79.9727672461916,23.9445973701081,0 79.9727667394004,23.944599633699,0 79.972766359279,23.944601918156,0 79.9727661068231,23.9446042174952,0 79.9727659826939,23.9446065256943,0 79.9727659872166,23.9446088367072,0 79.9727661203793,23.9446111444809,0 79.9727663818333,23.9446134429706,0 79.9727667708937,23.944615726156,0 79.9727672865414,23.9446179880567,0 79.9727679274259,23.9446202227482,0 79.9727686918686,23.9446224243773,0 79.972769577867,23.9446245871772,0 79.9727705831006,23.944626705483,0 79.9727717049364,23.9446287737463,0 79.972772940436,23.9446307865496,0 79.9727742863633,23.9446327386209,0 79.9727909370125,23.9446555738074,0 79.9727916015175,23.9446566201555,0 79.9727913577014,23.9446577645402,0 79.9727910003729,23.9446600624735,0 79.9727907720024,23.9446623742475,0 79.9727906731932,23.9446646937531,0 79.9727907042066,23.9446670148608,0 79.9727908649605,23.9446693314369,0 79.9727911550302,23.9446716373595,0 79.9727915736491,23.9446739265349,0 79.972792119711,23.944676192914,0 79.9727927917729,23.9446784305074,0 79.9727935880588,23.9446806334021,0 79.9727945064644,23.9446827957768,0 79.9727955445628,23.9446849119172,0 79.9727966996106,23.9446869762312,0 79.9727979685556,23.9446889832635,0 79.9727993480445,23.9446909277104,0 79.9728047480432,23.9446981277118,0 79.9728062373616,23.944700007942,0 79.9728078300353,23.9447018152026,0 79.9728095218395,23.9447035446995,0 79.9728113082863,23.9447051918448,0 79.9728131846368,23.9447067522693,0 79.9728151459139,23.9447082218337,0 79.9728171869147,23.9447095966395,0 79.9728193022252,23.94471087304,0 79.9728214862342,23.9447120476493,0 79.9728237331481,23.9447131173515,0 79.9728260370068,23.944714079309,0 79.9728283916986,23.94471493097,0 79.9728307909775,23.9447156700754,0 79.9728332284788,23.9447162946646,0 79.9728356977368,23.9447168030807,0 79.9728381922012,23.9447171939751,0 79.9728407052551,23.9447174663108,0 79.9728417539625,23.9447175298796,0 79.9728416003217,23.9447179855052,0 79.9728409600134,23.9447203166279,0 79.9728404556103,23.9447226757691,0 79.9728400885421,23.9447250562406,0 79.9728398598496,23.9447274512943,0 79.972839770181,23.9447298541403,0 79.9728398197906,23.9447322579667,0 79.9728400085376,23.9447346559591,0 79.97284298652,23.9447622568699,0 79.9728375435616,23.9447757102075,0 79.9728324720515,23.9447843393392,0 79.9728313124729,23.9447864418022,0 79.9728302738459,23.9447885970145,0 79.9728293590006,23.9447907991032,0 79.97282857043,23.9447930420678,0 79.9728279102828,23.9447953197967,0 79.9728273803579,23.944797626083,0 79.9728269820992,23.9447999546425,0 79.972826716592,23.94480229913,0 79.9728265845598,23.9448046531571,0 79.9728265863623,23.9448070103093,0 79.9728267219946,23.9448093641635,0 79.9728269910872,23.9448117083057,0 79.9728273929069,23.9448140363483,0 79.9728279263586,23.9448163419478,0 79.9728285899888,23.9448186188215,0 79.9728293819893,23.9448208607652,0 79.9728303002018,23.9448230616698,0 79.9728313421244,23.944825215538,0 79.9728325049178,23.9448273165009,0 79.9728337854137,23.9448293588334,0 79.9728351801228,23.9448313369703,0 79.9728352656055,23.9448314453657,0 79.9728352318496,23.9448316059315,0 79.9728348750273,23.9448339654191,0 79.9728346540873,23.9448363389183,0 79.9728345696444,23.9448387198234,0 79.9728346219337,23.9448411015083,0 79.9728348108097,23.9448434773446,0 79.9728351357466,23.9448458407202,0 79.9728355958403,23.9448481850578,0 79.9728361898102,23.944850503833,0 79.9728369160033,23.9448527905925,0 79.9728377723986,23.9448550389721,0 79.9728387566127,23.9448572427144,0 79.9728398659065,23.9448593956864,0 79.9728410971927,23.9448614918962,0 79.9728445971914,23.9448670918971,0 79.972845954434,23.9448691360084,0 79.9728474276728,23.9448711111163,0 79.9728490127645,23.9448730116662,0 79.9728507052515,23.9448748323131,0 79.9728513852808,23.9448754898031,0 79.9728470258993,23.9448997388122,0 79.9728466760331,23.9449020569754,0 79.9728464573185,23.9449043886852,0 79.9728463703429,23.9449067276782,0 79.9728464153399,23.9449090676714,0 79.9728465921887,23.944911402379,0 79.9728469004143,23.9449137255296,0 79.9728473391886,23.9449160308825,0 79.9728479073332,23.9449183122453,0 79.9728486033217,23.9449205634896,0 79.9728494252847,23.9449227785682,0 79.972857925278,23.9449438785704,0 79.972858840272,23.9449459857552,0 79.9728598692694,23.9449480480409,0 79.9728610096724,23.9449500602212,0 79.9728622586022,23.9449520172167,0 79.9728636129059,23.9449539140869,0 79.9728650691647,23.9449557460433,0 79.9728666237022,23.9449575084612,0 79.9728682725943,23.9449591968915,0 79.9728700116782,23.9449608070719,0 79.9728718365639,23.9449623349375,0 79.9728737426445,23.9449637766313,0 79.9728847448091,23.9449716807163,0 79.9728829877446,23.9449725511884,0 79.9728807957028,23.944973704955,0 79.9728786710798,23.9449749607449,0 79.9728766194918,23.9449763152385,0 79.972874646362,23.9449777648552,0 79.9728727569064,23.9449793057632,0 79.9728709561195,23.9449809338891,0 79.9728692487616,23.944982644929,0 79.972867639346,23.9449844343601,0 79.972866132127,23.944986297452,0 79.9728579321255,23.9449969974499,0 79.9728564939379,23.9449989835553,0 79.97285517189,23.9450010367007,0 79.9728539696723,23.9450031511548,0 79.9728528906408,23.9450053210154,0 79.9728519378074,23.9450075402254,0 79.972851113832,23.9450098025901,0 79.9728504210145,23.9450121017942,0 79.9728498612889,23.9450144314199,0 79.9728494362177,23.945016784964,0 79.9728491469874,23.945019155857,0 79.9728489944054,23.9450215374805,0 79.9728489788976,23.9450239231866,0 79.9728491005073,23.9450263063157,0 79.9728509065611,23.9450489155424,0 79.9728508393913,23.9450491243036,0 79.9728502435249,23.9450514061186,0 79.9728497774393,23.9450537133026,0 79.9728494423933,23.9450560396248,0 79.9728492392917,23.945058378803,0 79.9728491686831,23.9450607245198,0 79.972849230758,23.9450630704405,0 79.9728494253489,23.9450654102296,0 79.9728497519303,23.9450677375685,0 79.9728502096203,23.9450700461718,0 79.9728507971826,23.945072329805,0 79.9728515130308,23.9450745823009,0 79.9728523552314,23.9450767975765,0 79.9728533215102,23.9450789696492,0 79.9728544092575,23.9450810926531,0 79.9728556155358,23.9450831608548,0 79.9728569370875,23.9450851686691,0 79.9728619828303,23.9450924032095,0 79.972858030244,23.9451143142402,0 79.9728576753695,23.9451166617432,0 79.9728574549975,23.9451190231257,0 79.9728573697351,23.9451213918825,0 79.9728574198171,23.9451237614881,0 79.9728576051057,23.9451261254147,0 79.9728579250903,23.9451284771501,0 79.9728583788895,23.9451308102159,0 79.9728589652533,23.9451331181847,0 79.9728596825661,23.9451353946987,0 79.9728605288521,23.9451376334864,0 79.9728615017798,23.9451398283804,0 79.9728625986691,23.9451419733342,0 79.9728638164981,23.9451440624389,0 79.9728651519122,23.9451460899393,0 79.9728666012323,23.9451480502502,0 79.972868160466,23.9451499379711,0 79.9728698253178,23.9451517479018,0 79.9728704815577,23.9451523897492,0 79.9728702733756,23.945153615441,0 79.9728700091276,23.9451559868729,0 79.9728698814143,23.9451583678171,0 79.9728698905918,23.945160751638,0 79.9728700366343,23.9451631316919,0 79.9728712366293,23.9451764316921,0 79.9728715253087,23.9451788428448,0 79.972871954449,23.9451812362711,0 79.9728725228117,23.9451836050643,0 79.9728732287568,23.9451859423887,0 79.972874070247,23.9451882414995,0 79.9728750448541,23.9451904957621,0 79.9728761497658,23.9451926986714,0 79.9728773817934,23.9451948438704,0 79.9728787373819,23.9451969251688,0 79.9728802126193,23.9451989365605,0 79.9728818032485,23.9452008722412,0 79.9728835046795,23.9452027266252,0 79.9728853120025,23.9452044943611,0 79.972887220002,23.9452061703479,0 79.9728892231721,23.9452077497492,0 79.9728913157323,23.9452092280071,0 79.9728922538418,23.945209819889,0 79.9728834325781,23.9452179865677,0 79.9728816700832,23.9452197059803,0 79.9728800078358,23.9452215077533,0 79.9728784503852,23.9452233869556,0 79.9728770019936,23.9452253384443,0 79.9728756666249,23.9452273568786,0 79.9728744479339,23.9452294367345,0 79.9728733492558,23.9452315723199,0 79.9728723735974,23.9452337577903,0 79.9728715236288,23.9452359871645,0 79.9728708016763,23.9452382543412,0 79.9728702097156,23.9452405531158,0 79.9728697493668,23.9452428771969,0 79.9728694218898,23.9452452202241,0 79.9728692281809,23.9452475757852,0 79.9728691687701,23.9452499374334,0 79.9728692438201,23.9452522987056,0 79.9728694531255,23.9452546531393,0 79.9728697961135,23.9452569942912,0 79.9728702718453,23.945259315754,0 79.9728708790191,23.9452616111744,0 79.9728716159732,23.9452638742704,0 79.9728724806906,23.9452660988484,0 79.972873470805,23.9452682788202,0 79.9728745836064,23.9452704082198,0 79.9728758160496,23.9452724812195,0 79.9728771647615,23.945274492146,0 79.9728786260511,23.9452764354958,0 79.9728801959191,23.9452783059504,0 79.9728818700693,23.9452800983908,0 79.9728836439198,23.9452818079116,0 79.972885512616,23.9452834298342,0 79.9728874710437,23.9452849597197,0 79.9728895138432,23.9452863933811,0 79.9728916354238,23.945287726895,0 79.9728938299793,23.9452889566117,0 79.9728960915035,23.9452900791658,0 79.9728981346196,23.945290969784,0 79.9728972837585,23.9452984035966,0 79.9728947075159,23.9453129409349,0 79.9728943663061,23.9453152358719,0 79.9728941535868,23.9453175438704,0 79.9728940699178,23.9453198588577,0 79.9728941155191,23.9453221747426,0 79.9728942902709,23.9453244854316,0 79.9728945937133,23.9453267848449,0 79.972895025048,23.9453290669322,0 79.9728955831399,23.945331325689,0 79.9728962665208,23.9453335551721,0 79.9729063751101,23.9453635625936,0 79.9728999366934,23.9454757209305,0 79.9728998684563,23.945478092982,0 79.9728999358903,23.9454804650528,0 79.9729001388093,23.9454828305927,0 79.9729004766529,23.9454851830698,0 79.9729009484882,23.9454875159877,0 79.9729015530123,23.9454898229045,0 79.9729022885559,23.9454920974499,0 79.9729031530879,23.9454943333429,0 79.972904144221,23.9454965244094,0 79.9729052592182,23.9454986645989,0 79.9729064950007,23.9455007480018,0 79.972907848156,23.9455027688647,0 79.9729093149474,23.9455047216073,0 79.9729108913247,23.9455066008375,0 79.9729125729349,23.9455084013658,0 79.9729143551343,23.9455101182203,0 79.9729162330016,23.9455117466602,0 79.9729182013513,23.9455132821886,0 79.972920254748,23.9455147205654,0 79.9729223875216,23.9455160578186,0 79.9729245937826,23.9455172902556,0 79.9729268674386,23.9455184144732,0 79.9729292022112,23.9455194273669,0 79.9729315916532,23.9455203261398,0 79.9729340291665,23.94552110831,0 79.97293650802,23.9455217717175,0 79.9729390213687,23.9455223145306,0 79.9729415622724,23.9455227352502,0 79.9729441237144,23.9455230327146,0 79.9729466986219,23.9455232061024,0 79.9729492798843,23.9455232549348,0 79.9729518603738,23.945523179077,0 79.9729544329648,23.9455229787383,0 79.9729569905532,23.9455226544721,0 79.9729595260766,23.9455222071737,0 79.9729620325334,23.9455216380783,0 79.9729645030023,23.9455209487575,0 79.9729669306614,23.9455201411147,0 79.972969308807,23.94551921738,0 79.9729716308721,23.9455181801044,0 79.9729738904445,23.9455170321521,0 79.9729760812848,23.9455157766931,0 79.9729781973431,23.9455144171941,0 79.9729802327761,23.9455129574093,0 79.9729821819634,23.9455114013697,0 79.9729840395224,23.9455097533722,0 79.9729917395224,23.9455025533704,0 79.9729935411581,23.945500775484,0 79.9729952361442,23.9454989111126,0 79.972996819574,23.9454969656534,0 79.9729982868637,23.9454949447381,0 79.9729996337658,23.945492854217,0 79.9730008563812,23.9454907001417,0 79.9730019511706,23.9454884887482,0 79.9730029149648,23.9454862264379,0 79.9730037449736,23.9454839197599,0 79.9730044387945,23.9454815753918,0 79.9730049944189,23.9454792001201,0 79.9730054102383,23.9454768008208,0 79.973005685049,23.9454743844395,0 79.9730103265608,23.9454192662416,0 79.9730129977754,23.9454041293268,0 79.9730134174556,23.9454011105708,0 79.9730187123086,23.9453491490284,0 79.9730199665378,23.9453460492878,0 79.9730197471344,23.9453478529186,0 79.9730195956098,23.9453502002054,0 79.9730195772391,23.9453525515591,0 79.9730196920722,23.9453549006038,0 79.9730199397977,23.9453572409695,0 79.9730229397893,23.9453795409701,0 79.9730233085804,23.9453818081355,0 79.9730238020841,23.9453840551781,0 79.9730244190285,23.9453862763068,0 79.9730251578238,23.9453884657976,0 79.9730260165658,23.9453906180076,0 79.9730455433485,23.9454359614887,0 79.9730698832669,23.9455288720667,0 79.9730502979714,23.9456046661683,0 79.9730497638944,23.9456070071893,0 79.9730493654434,23.9456093709179,0 79.9730491037366,23.9456117507217,0 79.9730489795083,23.9456141399233,0 79.973048993107,23.9456165318188,0 79.9730491444946,23.9456189196968,0 79.9730494332462,23.9456212968571,0 79.9730498585518,23.9456236566297,0 79.973050419218,23.9456259923933,0 79.9730511136715,23.945628297594,0 79.9730519399639,23.9456305657636,0 79.9730528957766,23.9456327905379,0 79.9730539784278,23.9456349656743,0 79.9730551848796,23.9456370850698,0 79.9730565117469,23.9456391427774,0 79.9730579553065,23.9456411330235,0 79.9730595115082,23.9456430502236,0 79.9730611759852,23.9456448889982,0 79.9730629440673,23.945646644188,0 79.9730648107933,23.945648310868,0 79.9730667709255,23.9456498843618,0 79.973068818964,23.9456513602542,0 79.9730709491621,23.945652734404,0 79.9730731555427,23.9456540029556,0 79.9730754319149,23.9456551623494,0 79.9730777718915,23.9456562093324,0 79.9730801689068,23.9456571409669,0 79.9730826162349,23.9456579546386,0 79.9730851070088,23.9456586480647,0 79.9730876342399,23.9456592192993,0 79.9730901908368,23.9456596667396,0 79.973092769626,23.9456599891303,0 79.9730953633717,23.9456601855667,0 79.9730979647961,23.9456602554975,0 79.9731005665999,23.9456601987266,0 79.9731676666233,23.9456570987264,0 79.9731702106837,23.9456569202251,0 79.973172741231,23.9456566205808,0 79.9731752514408,23.9456562006015,0 79.9731777345433,23.9456556614198,0 79.973180183842,23.9456550044899,0 79.9731825927315,23.9456542315834,0 79.9731849547154,23.9456533447847,0 79.9731872634239,23.9456523464853,0 79.9731895126305,23.9456512393775,0 79.9731916962696,23.9456500264471,0 79.9731938084523,23.9456487109651,0 79.9731958434822,23.9456472964792,0 79.9731977958713,23.945645786804,0 79.9731996603541,23.9456441860109,0 79.9732014319026,23.945642498417,0 79.973203105739,23.9456407285735,0 79.9732046773493,23.9456388812534,0 79.9732061424952,23.9456369614386,0 79.9732074972253,23.9456349743066,0 79.9732087378861,23.9456329252164,0 79.9732098611318,23.945630819694,0 79.9732108639332,23.9456286634179,0 79.9732117435858,23.945626462203,0 79.9732124977174,23.9456242219858,0 79.9732131242942,23.9456219488077,0 79.9732136216264,23.9456196487992,0 79.9732139883728,23.9456173281631,0 79.9732142235444,23.9456149931578,0 79.9732143265069,23.9456126500804,0 79.9732162491631,23.9454899176226,0 79.9732175508886,23.9454897007065,0 79.9732201000958,23.9454891454763,0 79.9732226134774,23.9454884661499,0 79.9732250838871,23.9454876646587,0 79.9732275043009,23.9454867432816,0 79.9732298678369,23.9454857046384,0 79.9732321677748,23.9454845516822,0 79.9732343975754,23.9454832876912,0 79.9732365508986,23.9454819162592,0 79.9732386216219,23.9454804412857,0 79.9732406038578,23.9454788669645,0 79.9732424919702,23.9454771977716,0 79.9732442805905,23.9454754384531,0 79.9732459646334,23.9454735940113,0 79.9732475393106,23.9454716696905,0 79.9732490001448,23.9454696709619,0 79.9732503429825,23.9454676035085,0 79.9732515640056,23.9454654732088,0 79.9732526597425,23.9454632861197,0 79.973260259738,23.9454469861173,0 79.9732612073174,23.9454447978744,0 79.9732620294692,23.9454425671998,0 79.9732627239566,23.945440300162,0 79.9732632888906,23.9454380029279,0 79.9732637227342,23.9454356817469,0 79.9732640243074,23.9454333429333,0 79.9732641927897,23.9454309928496,0 79.9732642277229,23.9454286378887,0 79.9732641290118,23.945426284457,0 79.9732638969251,23.9454239389565,0 79.973263532094,23.945421607768,0 79.9732630355112,23.9454192972329,0 79.9732609132781,23.9454106196725,0 79.9732616736407,23.9454094215083,0 79.9732625377894,23.9454078796469,0 79.9732626877415,23.9454080683746,0 79.9732642979209,23.9454098883693,0 79.9732744916067,23.9454208176877,0 79.9732554054526,23.9454675233457,0 79.9732545594211,23.9454697719392,0 79.9732538434288,23.9454720583671,0 79.9732532594633,23.9454743762818,0 79.973252809146,23.9454767192482,0 79.973252493727,23.9454790807618,0 79.973252314082,23.9454814542665,0 79.9732522707097,23.945483833173,0 79.9732523637306,23.9454862108769,0 79.9732525928864,23.9454885807773,0 79.9732529575409,23.9454909362947,0 79.9732534566818,23.9454932708899,0 79.9732540889233,23.9454955780814,0 79.9732548525103,23.9454978514641,0 79.9732557453229,23.9455000847265,0 79.9732567648824,23.9455022716686,0 79.9732579083584,23.9455044062191,0 79.9732591725763,23.945506482452,0 79.9732605540263,23.9455084946031,0 79.9732620488734,23.9455104370864,0 79.9732636529675,23.9455123045091,0 79.9732653618552,23.9455140916869,0 79.9732671707925,23.9455157936581,0 79.9732690747572,23.9455174056978,0 79.9732710684636,23.9455189233306,0 79.9732731463767,23.9455203423432,0 79.9732753027279,23.9455216587961,0 79.9732775315305,23.9455228690346,0 79.9732798265971,23.9455239696989,0 79.973282181556,23.9455249577331,0 79.9732845898694,23.9455258303944,0 79.9732870448512,23.94552658526,0 79.973289539686,23.9455272202344,0 79.9732920674475,23.9455277335546,0 79.9732946211181,23.9455281237955,0 79.9732971936084,23.9455283898739,0 79.9732997777765,23.9455285310509,0 79.9733023664482,23.9455285469347,0 79.9733049524369,23.9455284374811,0 79.9733075285632,23.9455282029941,0 79.9733100876754,23.9455278441246,0 79.9733126226687,23.9455273618689,0 79.9733151265056,23.9455267575658,0 79.9733175922347,23.9455260328931,0 79.9733200130108,23.9455251898625,0 79.9733223821133,23.9455242308145,0 79.973324692965,23.9455231584117,0 79.9733269391505,23.9455219756311,0 79.973329114434,23.9455206857566,0 79.9733312127763,23.945519292369,0 79.9733332283521,23.9455177993367,0 79.9733918283574,23.9454719993249,0 79.9733937184955,23.9454704429769,0 79.9733955186746,23.9454687990058,0 79.9733972240919,23.9454670717977,0 79.9733988301976,23.9454652659606,0 79.9734003327066,23.9454633863123,0 79.9734017276103,23.9454614378678,0 79.9734030111872,23.9454594258252,0 79.9734041800128,23.9454573555527,0 79.9734052309687,23.9454552325735,0 79.9734061612511,23.9454530625518,0 79.9734084612494,23.945447262551,0 79.9734094185483,23.9454445930181,0 79.9734101932801,23.9454418739169,0 79.9734147393739,23.945423617356,0 79.9734157485766,23.9454244188396,0 79.9734177539662,23.9454258519849,0 79.973419837272,23.9454271879503,0 79.9734219929247,23.9454284231645,0 79.9734242151615,23.9454295543253,0 79.9734246614263,23.9454297545165,0 79.9734216458404,23.945455688471,0 79.9734066418844,23.94549095636,0 79.9734057659693,23.9454931861493,0 79.973405018588,23.9454954551152,0 79.9734044018006,23.945497757004,0 79.9734039173069,23.945500085471,0 79.9734035664424,23.9455024340985,0 79.9734033501742,23.9455047964131,0 79.9734032690984,23.9455071659039,0 79.9734033234383,23.9455095360399,0 79.9734035130444,23.9455119002885,0 79.9734038373938,23.9455142521333,0 79.9734042955928,23.9455165850922,0 79.9734048863784,23.9455188927348,0 79.9734056081223,23.9455211687009,0 79.9734064588351,23.9455234067174,0 79.9734074361722,23.9455256006158,0 79.9734085374398,23.9455277443492,0 79.9734097596025,23.9455298320091,0 79.9734110992918,23.9455318578412,0 79.9734125528152,23.9455338162621,0 79.9734141161665,23.9455357018737,0 79.9734157850367,23.9455375094791,0 79.9734175548261,23.9455392340959,0 79.9734194206567,23.9455408709708,0 79.9734213773859,23.9455424155921,0 79.9734234196204,23.9455438637026,0 79.9734255417315,23.9455452113109,0 79.9734277378701,23.9455464547027,0 79.973430001983,23.9455475904509,0 79.9734323278301,23.9455486154251,0 79.9734347090006,23.9455495268003,0 79.9734371389316,23.9455503220646,0 79.9734396109255,23.9455509990259,0 79.9734411114105,23.945551332244,0 79.9734414036078,23.9455522557684,0 79.9734422644141,23.9455545202643,0 79.9734432548438,23.9455567395535,0 79.9734443721022,23.9455589073734,0 79.9734456130365,23.9455610176066,0 79.9734463433112,23.9455621842657,0 79.9734457066653,23.9455623269195,0 79.9734432226731,23.9455630129976,0 79.9734407815369,23.9455638185996,0 79.9734383900597,23.9455647414805,0 79.9734360549067,23.9455657790681,0 79.9734337825857,23.9455669284709,0 79.9734315794296,23.9455681864854,0 79.9734303913342,23.9455689475898,0 79.973286648718,23.9455812384904,0 79.9732840821761,23.9455815207073,0 79.9732815353353,23.9455819265913,0 79.9732790152453,23.9455824550187,0 79.9732765288812,23.9455831045271,0 79.9732740831249,23.9455838733187,0 79.9732716847461,23.9455847592655,0 79.9732693403832,23.9455857599154,0 79.9732670565251,23.9455868724986,0 79.9732648394933,23.9455880939357,0 79.9732626954241,23.9455894208458,0 79.9732606302522,23.9455908495564,0 79.9732586496937,23.9455923761127,0 79.9732567592306,23.9455939962896,0 79.9732549640953,23.9455957056026,0 79.9732532692568,23.9455974993204,0 79.9732516794059,23.9455993724784,0 79.9732501989434,23.9456013198917,0 79.973248831967,23.9456033361703,0 79.9732475822601,23.9456054157333,0 79.9732464532821,23.9456075528247,0 79.9732454481576,23.9456097415293,0 79.9732445696687,23.945611975789,0 79.9732438202471,23.9456142494197,0 79.9732432019671,23.9456165561282,0 79.9732427165399,23.9456188895298,0 79.9732423653092,23.9456212431659,0 79.9732421492472,23.945623610522,0 79.9732420689519,23.9456259850455,0 79.9732421246456,23.945628360164,0 79.973242316174,23.9456307293034,0 79.9732426430072,23.9456330859063,0 79.973249542992,23.9456741859079,0 79.9732500082672,23.9456765412362,0 79.9732506086978,23.9456788705932,0 79.9732513425963,23.9456811674326,0 79.9732522079003,23.9456834252995,0 79.9732532021779,23.9456856378485,0 79.9732543226349,23.9456877988613,0 79.9732555661223,23.9456899022649,0 79.9732569291455,23.9456919421479,0 79.973258407874,23.9456939127774,0 79.9732599981519,23.9456958086153,0 79.97326169551,23.9456976243336,0 79.9732634951781,23.9456993548294,0 79.9732653920985,23.9457009952394,0 79.9732673809401,23.9457025409534,0 79.9732694561136,23.9457039876274,0 79.9732716117869,23.9457053311958,0 79.9732738419019,23.9457065678826,0 79.9732761401911,23.9457076942123,0 79.9732785001954,23.9457087070194,0 79.9732809152823,23.9457096034576,0 79.9732833786647,23.9457103810077,0 79.9732858834195,23.9457110374842,0 79.9732884225073,23.9457115710425,0 79.9732909887925,23.9457119801828,0 79.9732935750628,23.9457122637555,0 79.9732961740498,23.9457124209635,0 79.9732987784495,23.9457124513651,0 79.9733013809424,23.9457123548748,0 79.9733039742148,23.9457121317638,0 79.9733065509784,23.9457117826591,0 79.9734513543075,23.9456885446774,0 79.9734470396761,23.9457072216801,0 79.9734466387557,23.9457091659437,0 79.9734463309044,23.9457111244842,0 79.9734461167134,23.9457130935404,0 79.9734442621789,23.9457349769513,0 79.9734432453462,23.9457337935487,0 79.9734415422407,23.9457320123062,0 79.9734397397437,23.9457303156894,0 79.9734378428257,23.945728708377,0 79.9734358567178,23.9457271948015,0 79.9734337868969,23.9457257791365,0 79.973431639071,23.9457244652862,0 79.9734294191628,23.9457232568736,0 79.9734271332941,23.945722157231,0 79.9734247877686,23.9457211693909,0 79.9734223890544,23.9457202960775,0 79.9734199437662,23.9457195396989,0 79.9734174586472,23.945718902341,0 79.9734149405507,23.9457183857615,0 79.9734123964204,23.9457179913848,0 79.9734098332723,23.9457177202984,0 79.9733459332942,23.945712520301,0 79.9733434592449,23.9457123766728,0 79.9733409804624,23.9457123479193,0 79.9733385032571,23.9457124341138,0 79.9733360339354,23.9457126350368,0 79.9733335787838,23.9457129501768,0 79.9733311440526,23.9457133787315,0 79.97332873594,23.9457139196098,0 79.9733263605767,23.9457145714349,0 79.9733240240098,23.9457153325473,0 79.9733217321878,23.9457162010094,0 79.973319490945,23.9457171746103,0 79.9733173059874,23.9457182508713,0 79.973277905996,23.9457388508655,0 79.9732757304213,23.9457400578382,0 79.9732736256582,23.9457413665817,0 79.9732715973375,23.9457427735949,0 79.9732696508853,23.9457442751136,0 79.9732677915088,23.9457458671211,0 79.9732660241822,23.9457475453583,0 79.9732643536336,23.9457493053357,0 79.9732627843319,23.9457511423448,0 79.9732613204754,23.9457530514714,0 79.9732599659802,23.9457550276081,0 79.9732587244699,23.9457570654684,0 79.9732575992658,23.9457591596004,0 79.973256593378,23.9457613044021,0 79.9732557094976,23.9457634941355,0 79.973254949989,23.9457657229428,0 79.9732543168842,23.9457679848613,0 79.9732538118768,23.9457702738399,0 79.9732534363178,23.9457725837552,0 79.973253191212,23.9457749084276,0 79.9732530772151,23.9457772416382,0 79.973253094632,23.9457795771451,0 79.9732532434162,23.9457819087004,0 79.9732535231696,23.9457842300666,0 79.9732539331438,23.9457865350336,0 79.9732544722421,23.9457888174351,0 79.9732551390223,23.9457910711652,0 79.9732559317006,23.9457932901947,0 79.9732568481564,23.9457954685873,0 79.9732578859381,23.9457976005152,0 79.9732590422693,23.9457996802751,0 79.9732603140566,23.9458017023033,0 79.9732616978978,23.9458036611903,0 79.9732631900907,23.9458055516956,0 79.9732647866434,23.9458073687619,0 79.9732664832849,23.9458091075281,0 79.9732682754762,23.9458107633425,0 79.9732701584228,23.9458123317756,0 79.9732721270875,23.9458138086315,0 79.9732741762037,23.9458151899591,0 79.9732756112739,23.9458160561715,0 79.9732750178802,23.9458171306399,0 79.9732739688885,23.9458193072588,0 79.9732730461651,23.9458215316621,0 79.9732729994285,23.9458216650627,0 79.9732601384455,23.945807485919,0 79.9732584288093,23.9458056989696,0 79.9732566191261,23.9458039972727,0 79.9732547144212,23.9458023855538,0 79.9732527199836,23.9458008682882,0 79.9732506413517,23.9457994496894,0 79.9732484842975,23.9457981336964,0 79.9732462548109,23.9457969239637,0 79.9732439590827,23.9457958238505,0 79.973241603488,23.9457948364117,0 79.973239194568,23.9457939643892,0 79.9732367390117,23.9457932102046,0 79.9732342436381,23.945792575952,0 79.9732317153763,23.9457920633928,0 79.973229161247,23.9457916739502,0 79.9732265883427,23.9457914087056,0 79.9732240038079,23.9457912683957,0 79.9732214148196,23.94579125341,0 79.9732188285671,23.9457913637901,0 79.9732162522318,23.9457915992296,0 79.9732136929681,23.9457919590746,0 79.9732111578826,23.9457924423259,0 79.9732086540149,23.9457930476416,0 79.9732061883178,23.9457937733407,0 79.9732037676383,23.9457946174083,0 79.9732013986983,23.9457955775003,0 79.973199088076,23.9457966509507,0 79.9731968421876,23.9457978347788,0 79.9731946672697,23.9457991256972,0 79.9731925693617,23.9458005201212,0 79.9731905542892,23.9458020141786,0 79.9731886276479,23.9458036037207,0 79.9731867947876,23.9458052843336,0 79.9731850607981,23.9458070513504,0 79.9731834304943,23.9458088998644,0 79.9731833896677,23.9458089514949,0 79.9731832129793,23.9458088935498,0 79.9731807855487,23.9458082249727,0 79.9731783238395,23.9458076723155,0 79.9731758344005,23.9458072370482,0 79.9731733238542,23.9458069203287,0 79.9731707988791,23.9458067229997,0 79.9731682661924,23.945806645586,0 79.9731657325315,23.9458066882937,0 79.9731632046366,23.945806851009,0 79.9731606892324,23.9458071332991,0 79.9731298892429,23.945811333298,0 79.9731273401091,23.9458117442404,0 79.9731248180565,23.9458122779809,0 79.973122330083,23.9458129330386,0 79.9731198830922,23.945813707596,0 79.9731174838738,23.9458145995037,0 79.9731151390849,23.945815606287,0 79.9731128552319,23.9458167251524,0 79.9731106386517,23.9458179529952,0 79.9731084954949,23.9458192864086,0 79.973106431708,23.9458207216926,0 79.9731044530177,23.9458222548648,0 79.9731025649141,23.9458238816709,0 79.9731007726364,23.9458255975971,0 79.9730990811577,23.945827397882,0 79.9730974951712,23.9458292775303,0 79.9730960190778,23.9458312313266,0 79.9730953336033,23.9458322491545,0 79.9730900406209,23.945813601591,0 79.9730893205513,23.9458113135815,0 79.9730884702184,23.9458090636501,0 79.9730874919881,23.9458068580565,0 79.9730863885819,23.9458047029371,0 79.9730851630698,23.9458026042878,0 79.9730838188614,23.9458005679475,0 79.9730823596964,23.9457985995816,0 79.9730807896346,23.9457967046665,0 79.9730791130441,23.9457948884741,0 79.9730773345896,23.9457931560574,0 79.973075459219,23.9457915122364,0 79.9730734921499,23.9457899615844,0 79.9730714388551,23.9457885084156,0 79.9730693050472,23.945787156773,0 79.9730670966629,23.9457859104171,0 79.9730648198463,23.9457847728155,0 79.9730624809319,23.9457837471332,0 79.9730600864269,23.9457828362239,0 79.9730576429933,23.9457820426218,0 79.9730551574293,23.9457813685349,0 79.97305263665,23.9457808158386,0 79.9730500876687,23.9457803860706,0 79.9730475175772,23.9457800804267,0 79.9730449335259,23.9457798997571,0 79.9730423427041,23.9457798445646,0 79.9730397523199,23.9457799150026,0 79.9730371695802,23.9457801108752,0 79.9730346016708,23.9457804316375,0 79.9730320557359,23.945780876397,0 79.9730313527771,23.945781034904,0 79.9729759615727,23.9456174152818,0 79.9729763186502,23.9456163195174,0 79.9729769263566,23.945614023979,0 79.9729774026004,23.9456117023707,0 79.9729777460779,23.9456093610473,0 79.972977955849,23.9456070064179,0 79.9729780313395,23.9456046449276,0 79.9729779723428,23.9456022830406,0 79.9729777790202,23.9455999272221,0 79.9729774519011,23.9455975839207,0 79.9729769918809,23.9455952595508,0 79.9729764002188,23.9455929604747,0 79.9729756785343,23.9455906929858,0 79.9729748288029,23.9455884632909,0 79.9729738533506,23.9455862774932,0 79.9729727548475,23.9455841415761,0 79.9729715363005,23.9455820613861,0 79.9729702010453,23.9455800426174,0 79.9729687527367,23.9455780907959,0 79.9729671953393,23.9455762112643,0 79.972965533116,23.9455744091675,0 79.972963770617,23.9455726894383,0 79.9729619126667,23.9455710567842,0 79.9729599643508,23.9455695156743,0 79.9729579310026,23.9455680703269,0 79.9729558181878,23.9455667246985,0 79.9729536316899,23.9455654824725,0 79.972951377494,23.9455643470491,0 79.9729490617705,23.9455633215364,0 79.9729466908582,23.9455624087415,0 79.9729442712471,23.9455616111631,0 79.9729418095602,23.9455609309842,0 79.9729393125361,23.9455603700668,0 79.9729367870097,23.9455599299463,0 79.9729342398942,23.9455596118273,0 79.9729316781619,23.9455594165808,0 79.9729291088249,23.9455593447411,0 79.9729265389163,23.9455593965049,0 79.9729239754707,23.9455595717304,0 79.972921425505,23.9455598699381,0 79.9729188959992,23.9455602903117,0 79.9729163938773,23.9455608317005,0 79.9729139259885,23.9455614926225,0 79.9729114990879,23.9455622712685,0 79.9729091198189,23.9455631655073,0 79.9729067946941,23.945564172891,0 79.9729045300781,23.9455652906621,0 79.9729023321699,23.9455665157609,0 79.9729002069858,23.9455678448339,0 79.972898160343,23.9455692742432,0 79.9728961978438,23.9455708000759,0 79.9728943248602,23.9455724181555,0 79.9728925465191,23.9455741240526,0 79.9728908676883,23.9455759130979,0 79.9728892929633,23.9455777803941,0 79.9728878266546,23.94557972083,0 79.972886472776,23.9455817290938,0 79.9728512727648,23.9456371290839,0 79.9728500100212,23.9456392442838,0 79.9728488720021,23.945641418451,0 79.9728478619564,23.9456436453787,0 79.9728469827675,23.9456459187096,0 79.9728462369452,23.9456482319537,0 79.9728456266188,23.9456505785074,0 79.9728451535306,23.9456529516718,0 79.9728448190311,23.945655344672,0 79.9728446240753,23.9456577506767,0 79.9728445692197,23.9456601628172,0 79.9728446546209,23.9456625742074,0 79.9728448800352,23.9456649779634,0 79.9728452448191,23.9456673672231,0 79.9728457479311,23.9456697351656,0 79.972848360177,23.9456804934358,0 79.9728471068259,23.9456798814991,0 79.9728447769178,23.9456788838412,0 79.9728423934286,23.9456779995376,0 79.9728399628817,23.9456772310085,0 79.9728374919294,23.9456765803574,0 79.9728349873347,23.945676049365,0 79.9728324559526,23.9456756394847,0 79.9728299047112,23.9456753518383,0 79.9728273405932,23.9456751872131,0 79.9728247706165,23.9456751460596,0 79.9728222018151,23.9456752284905,0 79.9728196412195,23.9456754342801,0 79.9728170958381,23.9456757628653,0 79.9728145726374,23.9456762133466,0 79.9728120785233,23.9456767844913,0 79.9728096203221,23.9456774747359,0 79.9728072047618,23.9456782821915,0 79.9728048384536,23.945679204648,0 79.972802527874,23.9456802395807,0 79.9728002793471,23.945681384157,0 79.9727980990269,23.9456826352443,0 79.9727959928808,23.9456839894184,0 79.9727939666733,23.945685442973,0 79.97279202595,23.9456869919298,0 79.972739725953,23.9457309919187,0 79.9727376382946,23.9457328556718,0 79.9727356743706,23.9457348297642,0 79.9727338410725,23.9457369072686,0 79.9727166027102,23.9457576699126,0 79.9726979072997,23.9457686714408,0 79.972695709874,23.9457700428987,0 79.9726935963036,23.9457715214977,0 79.972691572766,23.9457731029161,0 79.9726896451755,23.9457747825319,0 79.9726878191661,23.9457765554358,0 79.9726861000748,23.9457784164461,0 79.9726844929263,23.9457803601234,0 79.9726830024178,23.9457823807866,0 79.9726816329058,23.9457844725299,0 79.9726803883932,23.9457866292395,0 79.9726627883852,23.9458192292343,0 79.9726617241476,23.9458213347648,0 79.972660779063,23.9458234877844,0 79.9726599556298,23.945825682602,0 79.9726592560245,23.9458279134156,0 79.9726586820966,23.9458301743285,0 79.972658235363,23.9458324593641,0 79.9726579170048,23.9458347624822,0 79.9726568923173,23.9458440871082,0 79.9726560456109,23.9458459473344,0 79.9726552624254,23.9458479212553,0 79.9726359624092,23.945900321249,0 79.9726352040687,23.9459025718546,0 79.9726345744849,23.9459048557497,0 79.9726340753719,23.9459071667167,0 79.9726337080883,23.9459094984643,0 79.9726334736341,23.9459118446447,0 79.9726333726476,23.9459141988706,0 79.9726334054036,23.945916554733,0 79.9726335718131,23.9459189058184,0 79.9726338714229,23.9459212457264,0 79.9726343034175,23.9459235680867,0 79.9726348666208,23.9459258665771,0 79.9726355594996,23.9459281349402,0 79.9726363801676,23.9459303670008,0 79.9726373263907,23.9459325566824,0 79.9726383955928,23.9459346980238,0 79.9726395848633,23.9459367851955,0 79.9726408909646,23.9459388125155,0 79.9726423103408,23.9459407744647,0 79.9726438391281,23.9459426657019,0 79.9726454731644,23.9459444810785,0 79.9726466026855,23.9459456104282,0 79.9726464149397,23.9459457042422,0 79.9726442315542,23.9459469348818,0 79.9726421209147,23.9459482684237,0 79.972640088757,23.945949701244,0 79.9726381406038,23.9459512294488,0 79.9726362817493,23.945952848885,0 79.9726345172452,23.9459545551516,0 79.9726328518867,23.9459563436118,0 79.9726312901996,23.9459582094051,0 79.9726298364279,23.9459601474611,0 79.9726284945224,23.945962152513,0 79.9726272681299,23.9459642191118,0 79.9726261605833,23.9459663416413,0 79.9726251748923,23.9459685143332,0 79.9726243137358,23.9459707312832,0 79.9726235794541,23.9459729864664,0 79.9726229740425,23.9459752737541,0 79.9726224991464,23.9459775869304,0 79.9726221560564,23.945979919709,0 79.9726219457049,23.9459822657503,0 79.9726218686635,23.9459846186787,0 79.9726219251416,23.9459869720998,0 79.9726221149857,23.9459893196181,0 79.9726265149706,23.946029519619,0 79.9726268417869,23.9460318794759,0 79.972627303372,23.9460342202394,0 79.9726278984448,23.9460365354131,0 79.9726286253536,23.9460388185713,0 79.9726294820811,23.9460410633774,0 79.9726304662496,23.9460432636011,0 79.9726315751274,23.946045413136,0 79.9726328056371,23.9460475060161,0 79.9726341543635,23.9460495364329,0 79.9726356175633,23.9460514987512,0 79.9726371911756,23.9460533875247,0 79.9726388708329,23.9460551975113,0 79.9726388924492,23.9460552184616,0 79.9726373714571,23.9460563578792,0 79.972635464051,23.9460579466314,0 79.9726336498015,23.9460596250196,0 79.9726319336889,23.9460613884364,0 79.972630320424,23.9460632320411,0 79.9726288144355,23.9460651507729,0 79.9726274198573,23.9460671393647,0 79.9726261405177,23.9460691923578,0 79.9726249799285,23.9460713041164,0 79.9726239412757,23.9460734688437,0 79.9726230274105,23.9460756805973,0 79.9726222408415,23.9460779333058,0 79.9726215837278,23.9460802207853,0 79.9726210578734,23.9460825367566,0 79.9726206647217,23.9460848748621,0 79.9726204053519,23.9460872286835,0 79.9726202804762,23.9460895917595,0 79.9726202904372,23.9460919576032,0 79.9726209006624,23.9461106035892,0 79.9726138719026,23.9461279051355,0 79.9726129980871,23.9461302506306,0 79.9726122656492,23.9461326366665,0 79.9726116767969,23.946135056051,0 79.972611233305,23.9461375014911,0 79.9726109365106,23.9461399656156,0 79.9726107873081,23.9461424409968,0 79.9726107861474,23.9461449201731,0 79.972610821804,23.9461461325125,0 79.9726032746477,23.9461772538838,0 79.9725922051548,23.9462217312401,0</coordinates></LinearRing></outerBoundaryIs><innerBoundaryIs><LinearRing><coordinates>79.972805199685,23.9460050289578,0 79.9728066912651,23.9460030542345,0 79.9728080663886,23.9460010093553,0 79.9728093211581,23.9459989001156,0 79.9728104520176,23.9459967324931,0 79.972811455762,23.9459945126312,0 79.9728123295467,23.9459922468211,0 79.9728130708953,23.9459899414844,0 79.9728238708829,23.9459527414807,0 79.972824535918,23.9459501452569,0 79.9728250330121,23.9459475174753,0 79.972825360431,23.9459448673038,0 79.9728268697473,23.9459282983016,0 79.9728274130507,23.9459283224499,0 79.972827628288,23.945929250897,0 79.9728381114022,23.9459693442691,0 79.9728390117374,23.9459801483404,0 79.9728392350758,23.9459822074961,0 79.9728395608273,23.9459842550854,0 79.9728406607544,23.9459902120076,0 79.9728366512796,23.9459910382017,0 79.9728341740747,23.9459916112024,0 79.9728317326215,23.9459923017602,0 79.9728293335199,23.9459931080087,0 79.9728269832548,23.9459940277684,0 79.9728246881794,23.9459950585529,0 79.9728224544978,23.945996197576,0 79.9728202882478,23.9459974417587,0 79.9728181952853,23.9459987877377,0 79.9728161812678,23.9460002318746,0 79.9728142516396,23.9460017702658,0 79.9728124116168,23.9460033987526,0 79.9728106661731,23.9460051129331,0 79.972809020027,23.9460069081735,0 79.9728076365381,23.9460085868098,0 79.9728059049807,23.9460064033052,0 79.9728049762848,23.946005293472,0 79.972805199685,23.9460050289578,0</coordinates></LinearRing></innerBoundaryIs><innerBoundaryIs><LinearRing><coordinates>79.9735132159337,23.9444413842018,0 79.9734903925921,23.944470254749,0 79.9734747497742,23.9444498351025,0 79.9735132159337,23.9444413842018,0</coordinates></LinearRing></innerBoundaryIs><innerBoundaryIs><LinearRing><coordinates>79.9735382618439,23.9430984882044,0 79.9735403373641,23.9430971575132,0 79.9735423355814,23.9430957303636,0 79.9735442511942,23.9430942105419,0 79.9735460791204,23.9430926020803,0 79.9735478145104,23.943090909246,0 79.9735494527601,23.9430891365304,0 79.9735509895231,23.9430872886364,0 79.9735524207224,23.9430853704667,0 79.9735537425609,23.9430833871102,0 79.9735549515317,23.9430813438289,0 79.9735560444273,23.9430792460438,0 79.9735570183482,23.9430770993204,0 79.9735578707106,23.943074909354,0 79.9735585992531,23.9430726819548,0 79.9735586895926,23.9430723434122,0 79.9735590860309,23.9430733450426,0 79.9735600935276,23.9430755267807,0 79.9735612241881,23.9430776569277,0 79.9735624748975,23.9430797296149,0 79.9735638422103,23.9430817391325,0 79.9735653223594,23.9430836799441,0 79.9735669112673,23.943085546703,0 79.9735686045565,23.9430873342664,0 79.9735703975622,23.9430890377097,0 79.9735722853447,23.9430906523399,0 79.9735742627033,23.9430921737088,0 79.9735763241905,23.9430935976251,0 79.973578464127,23.9430949201661,0 79.9735794987559,23.9430954895171,0 79.9735792717918,23.943096832166,0 79.9735790110941,23.9430991723668,0 79.973578889644,23.9431014061528,0 79.9735788156323,23.9431014421186,0 79.9735766250967,23.9431026443047,0 79.9735745054165,23.9431039493851,0 79.9735724623078,23.9431053538403,0 79.9735705012802,23.9431068538831,0 79.9735686276221,23.9431084454682,0 79.9735668463861,23.9431101243036,0 79.9735651623756,23.943111885862,0 79.973563580132,23.9431137253931,0 79.973562103922,23.9431156379362,0 79.9735607377266,23.9431176183337,0 79.97355948523,23.9431196612451,0 79.9735583498098,23.9431217611613,0 79.9735573345278,23.9431239124194,0 79.973556442122,23.9431261092183,0 79.973555674999,23.9431283456337,0 79.9735550352273,23.9431306156348,0 79.9735545245325,23.9431329131001,0 79.9735541442914,23.9431352318339,0 79.9735538955297,23.9431375655834,0 79.9735537789182,23.9431399080552,0 79.9735537947713,23.9431422529323,0 79.9735539430463,23.9431445938913,0 79.9735542233433,23.9431469246194,0 79.9735546349064,23.9431492388312,0 79.9735551766259,23.9431515302861,0 79.9735558470408,23.9431537928047,0 79.9735562794406,23.9431550008309,0 79.9735542962661,23.9431534693463,0 79.9735522143671,23.9431520275931,0 79.9735500521988,23.9431506893558,0 79.9735498691186,23.943150588583,0 79.9735498600267,23.9431504397232,0 79.9735495638797,23.9431479901898,0 79.9735491227628,23.9431455591554,0 79.9735442227544,23.9431224591567,0 79.973543657919,23.9431201267506,0 79.973542959634,23.9431178250715,0 79.9735421298546,23.9431155605642,0 79.9735411709045,23.9431133395698,0 79.9735400854689,23.9431111683074,0 79.9735388765871,23.9431090528568,0 79.9735375476441,23.9431069991418,0 79.9735361023614,23.9431050129129,0 79.9735345447857,23.9431030997319,0 79.9735331650102,23.943101579727,0 79.9735382618439,23.9430984882044,0</coordinates></LinearRing></innerBoundaryIs><innerBoundaryIs><LinearRing><coordinates>79.9735556768934,23.9430349388263,0 79.9735566347727,23.9430308494129,0 79.9735615513138,23.9430302592334,0 79.9735576522745,23.9430440186324,0 79.9735556768934,23.9430349388263,0</coordinates></LinearRing></innerBoundaryIs><innerBoundaryIs><LinearRing><coordinates>79.9735737848528,23.9431896182752,0 79.973575485862,23.9431914986243,0 79.9735772951295,23.9431932915829,0 79.9735792073493,23.9431949918927,0 79.9735812169134,23.9431965945672,0 79.9735833179283,23.9431980949062,0 79.9735835872679,23.9431982665898,0 79.9735777660129,23.9432084468813,0 79.9735771795514,23.9432069747291,0 79.9735761748555,23.943204809489,0 79.9735750487587,23.9432026953109,0 79.9735738043209,23.94320063794,0 79.9735727911842,23.9431991511185,0 79.9735728303784,23.9431889596151,0 79.9735728169258,23.9431884220693,0 79.9735737848528,23.9431896182752,0</coordinates></LinearRing></innerBoundaryIs><innerBoundaryIs><LinearRing><coordinates>79.973068999176,23.9425490671005,0 79.9730593130463,23.9425466822556,0 79.9730576564984,23.942546317123,0 79.9730599547284,23.9425460137601,0 79.9730624777057,23.9425455557795,0 79.9730649711525,23.9425449770878,0 79.9730652576691,23.9425448957165,0 79.973068999176,23.9425490671005,0</coordinates></LinearRing></innerBoundaryIs><innerBoundaryIs><LinearRing><coordinates>79.9730394224833,23.9425456408366,0 79.9730400850519,23.9425453649176,0 79.973040667849,23.9425454868447,0 79.9730394224833,23.9425456408366,0</coordinates></LinearRing></innerBoundaryIs><innerBoundaryIs><LinearRing><coordinates>79.9730344798666,23.9429107885201,0 79.9730342081551,23.9429111479254,0 79.9730328093961,23.9429132305122,0 79.9730307853001,23.9429164353294,0 79.9730073973131,23.9429115500113,0 79.9730344798666,23.9429107885201,0</coordinates></LinearRing></innerBoundaryIs><innerBoundaryIs><LinearRing><coordinates>79.9730143852261,23.943045770589,0 79.9730169580317,23.9430458538555,0 79.9730195320509,23.9430458131446,0 79.9730221002162,23.943045648568,0 79.9730226643379,23.9430455849887,0 79.973021779279,23.9430459734326,0 79.973019526446,23.9430470984041,0 79.9730173405329,23.943048329859,0 79.9730152274925,23.9430496644438,0 79.9730131930791,23.9430510985241,0 79.9730112428329,23.9430526281944,0 79.9730093820649,23.9430542492892,0 79.9730076158426,23.9430559573938,0 79.9730059489757,23.9430577478565,0 79.9730043860035,23.9430596158016,0 79.9730029311823,23.9430615561421,0 79.9730015884742,23.943063563594,0 79.9730003615355,23.9430656326905,0 79.9729992537076,23.943067757797,0 79.9729982680073,23.9430699331262,0 79.972997407119,23.9430721527542,0 79.9729966733871,23.9430744106364,0 79.9729960688096,23.943076700624,0 79.9729942803065,23.9430843396437,0 79.9729951265625,23.9430789518004,0 79.9729954245918,23.94307663118,0 79.9729955916065,23.9430742994967,0 79.9729956271594,23.9430719629946,0 79.9729955311552,23.9430696279306,0 79.9729953038511,23.9430673005577,0 79.9729949458557,23.9430649871083,0 79.9729944581277,23.9430626937777,0 79.9729938419733,23.943060426707,0 79.9729930990424,23.9430581919672,0 79.9729922313244,23.9430559955428,0 79.9729912411432,23.9430538433155,0 79.9729901311502,23.9430517410488,0 79.9729889043179,23.9430496943722,0 79.9729875639317,23.9430477087665,0 79.9729861135809,23.943045789549,0 79.9729846839025,23.9430440923318,0 79.9730143852261,23.943045770589,0</coordinates></LinearRing></innerBoundaryIs><innerBoundaryIs><LinearRing><coordinates>79.9730393280296,23.9430411085962,0 79.9730416008962,23.9430399974364,0 79.973043807315,23.943038778379,0 79.9730459412282,23.9430374547711,0 79.9730460790288,23.943037364379,0 79.9730461017647,23.9430394393237,0 79.9730462144948,23.9430410935183,0 79.973044007364,23.9430410443975,0 79.9730414444971,23.9430411103241,0 79.9730388888618,23.9430412990412,0 79.9730388817801,23.9430412999077,0 79.9730393280296,23.9430411085962,0</coordinates></LinearRing></innerBoundaryIs><innerBoundaryIs><LinearRing><coordinates>79.9729922862703,23.943210467555,0 79.9729939948847,23.9432122181212,0 79.9729940925194,23.9432123082378,0 79.9729934525185,23.9432129610475,0 79.9729922849432,23.9432142852071,0 79.9729910807031,23.9432090948471,0 79.9729922862703,23.943210467555,0</coordinates></LinearRing></innerBoundaryIs><innerBoundaryIs><LinearRing><coordinates>79.973111933907,23.9431790059125,0 79.9731141510204,23.9431779233612,0 79.9731163050712,23.9431767381296,0 79.9731183904347,23.9431754533127,0 79.9731204016659,23.9431740722654,0 79.9731223335128,23.9431725985937,0 79.9731241809313,23.9431710361457,0 79.9731244763896,23.9431707593445,0 79.9731294925437,23.9431710692672,0 79.9731294131668,23.9431713333286,0 79.9731288534025,23.9431736722608,0 79.9731284293436,23.9431760351794,0 79.9731281421828,23.943178415438,0 79.9731279927279,23.9431808063418,0 79.9731279813993,23.9431832011655,0 79.9731281082288,23.9431855931733,0 79.9731283728597,23.9431879756369,0 79.9731287745477,23.9431903418552,0 79.9731293121629,23.9431926851725,0 79.9731315805185,23.9432014183541,0 79.9731295648828,23.9432290519259,0 79.9730727190889,23.943202999672,0 79.9730737851506,23.9432011323191,0 79.9730748544393,23.9431989957999,0 79.9730758012536,23.9431968110124,0 79.9730763503427,23.9431953228953,0 79.973111933907,23.9431790059125,0</coordinates></LinearRing></innerBoundaryIs><innerBoundaryIs><LinearRing><coordinates>79.972987248978,23.9437454178038,0 79.9729870299441,23.9437436310767,0 79.9729870498106,23.9437436832799,0 79.972987989476,23.9437458015516,0 79.9729890446556,23.9437478733678,0 79.9729892041547,23.9437481492233,0 79.9729873964324,23.9437476752321,0 79.972987248978,23.9437454178038,0</coordinates></LinearRing></innerBoundaryIs><innerBoundaryIs><LinearRing><coordinates>79.9729844461774,23.9436978076197,0 79.9729863839321,23.9437011036158,0 79.9729848871523,23.9437156668255,0 79.9729844461774,23.9436978076197,0</coordinates></LinearRing></innerBoundaryIs><innerBoundaryIs><LinearRing><coordinates>79.9729719321852,23.943655897,0 79.9729725822743,23.9436546498896,0 79.9729745616167,23.9436533731939,0 79.9729765784488,23.9436519224665,0 79.972977877956,23.9436508829428,0 79.9729771801321,23.9436658591964,0 79.9729719321852,23.943655897,0</coordinates></LinearRing></innerBoundaryIs><innerBoundaryIs><LinearRing><coordinates>79.973033384474,23.9435478084524,0 79.9730326633699,23.9435455517595,0 79.9730318153966,23.943543332637,0 79.9730312850649,23.9435421463094,0 79.9730314958538,23.9435362893259,0 79.9730397479637,23.9435281403674,0 79.9730407416094,23.9435292470823,0 79.9730424905483,23.9435309984741,0 79.9730443373478,23.9435326628446,0 79.9730462768898,23.9435342355809,0 79.9730483037985,23.9435357123242,0 79.9730504124565,23.9435370889816,0 79.9730507426012,23.9435372813285,0 79.973050643472,23.943537322863,0 79.9730483362847,23.9435384287132,0 79.9730460960349,23.9435396452802,0 79.9730439290066,23.9435409691515,0 79.9730418412783,23.9435423966137,0 79.973039838706,23.9435439236627,0 79.9730336647133,23.9435488910968,0 79.973033384474,23.9435478084524,0</coordinates></LinearRing></innerBoundaryIs><innerBoundaryIs><LinearRing><coordinates>79.9731040789524,23.943754829721,0 79.9731064177659,23.9437537862174,0 79.9731086932464,23.9437526304666,0 79.9731107562258,23.9437514475825,0 79.9731106691061,23.9437538999921,0 79.9731106691055,23.9437553999921,0 79.9731106894843,23.9437567004587,0 79.9731111608874,23.9437717384016,0 79.973110988195,23.9437721237707,0 79.9731101203767,23.943774397968,0 79.9731093858089,23.94377671148,0 79.9731087865841,23.9437790577168,0 79.9731083244092,23.9437814299951,0 79.9731080006007,23.9437838215577,0 79.9731078160809,23.9437862255922,0 79.9731077101396,23.9437884503412,0 79.97310735567,23.9437898808772,0 79.9731062170298,23.9437845310842,0 79.9731056546805,23.9437822140071,0 79.9731049606116,23.9437799272957,0 79.9731041367417,23.9437776772706,0 79.9731031853479,23.943775470151,0 79.97310210906,23.9437733120375,0 79.9731009108528,23.9437712088951,0 79.9730995940383,23.9437691665371,0 79.9730981622561,23.9437671906086,0 79.9730966194639,23.9437652865712,0 79.9730949699259,23.9437634596876,0 79.9730932182015,23.9437617150076,0 79.9730914193157,23.9437601023415,0 79.9731040789524,23.943754829721,0</coordinates></LinearRing></innerBoundaryIs><innerBoundaryIs><LinearRing><coordinates>79.9730125831808,23.9439482950705,0 79.9730126113602,23.9439483860949,0 79.9730134401313,23.9439506145264,0 79.9730143941838,23.9439528002149,0 79.9730213941795,23.9439677002168,0 79.9730224864283,23.9439698659797,0 79.9730237016775,23.9439719756662,0 79.9730250365311,23.9439740233806,0 79.9730264872585,23.9439760034003,0 79.9730280498056,23.9439779101919,0 79.9730297198058,23.9439797384269,0 79.973031492592,23.9439814829958,0 79.9730325384618,23.9439824088873,0 79.9730326430304,23.9439832573859,0 79.9730330670303,23.9439855940223,0 79.9730336237746,23.9439879070066,0 79.973034311731,23.9439901899733,0 79.9730351290062,23.9439924366392,0 79.9730360733509,23.9439946408211,0 79.9730371421662,23.9439967964529,0 79.9730383325105,23.943998897602,0 79.9730396411079,23.9440009384855,0 79.973040478764,23.9440021008766,0 79.9730306723594,23.94402542197,0 79.9730306673463,23.9440254348632,0 79.9730162621174,23.9440088883209,0 79.9730146454933,23.9440071255847,0 79.9730129330894,23.944005440979,0 79.9730111293692,23.9440038388949,0 79.9730098923148,23.9440028472106,0 79.973011565171,23.9439987014328,0 79.9730123723855,23.9439965337894,0 79.9730130589363,23.9439943313059,0 79.9730136230558,23.9439920996522,0 79.9730140632921,23.9439898445732,0 79.9730143785116,23.9439875718743,0 79.973014567903,23.943985287406,0 79.9730146309788,23.9439829970492,0 79.9730145675765,23.9439807067001,0 79.9730143778594,23.9439784222546,0 79.9730140623158,23.9439761495936,0 79.9730136217582,23.9439738945677,0 79.9730130573205,23.9439716629819,0 79.973012370456,23.9439694605811,0 79.9730094337046,23.9439608728181,0 79.9730120301736,23.943947973317,0 79.9730125831808,23.9439482950705,0</coordinates></LinearRing></innerBoundaryIs><innerBoundaryIs><LinearRing><coordinates>79.9730473857588,23.9440799274993,0 79.973046640994,23.9440806294029,0 79.9730449457898,23.9440824038594,0 79.9730433538327,23.9440842573387,0 79.9730426642213,23.9440851527974,0 79.9730438810542,23.9440830912253,0 79.9730449823794,23.9440809686033,0 79.9730459619783,23.9440787961635,0 79.9730460724893,23.9440785097647,0 79.9730473857588,23.9440799274993,0</coordinates></LinearRing></innerBoundaryIs><innerBoundaryIs><LinearRing><coordinates>79.9730392394966,23.944090240229,0 79.9730381010659,23.9440923571622,0 79.9730370846006,23.9440945258986,0 79.9730361928804,23.9440967405075,0 79.9730245928708,23.9441280405037,0 79.9730238291648,23.944130292233,0 79.9730231944247,23.9441325775408,0 79.9730226903821,23.9441348901922,0 79.9730223184124,23.9441372238778,0 79.9730220795301,23.9441395722308,0 79.9730219743872,23.9441419288442,0 79.9730220032705,23.9441442872887,0 79.9730221661012,23.9441466411299,0 79.973022462435,23.944148983946,0 79.9730228914635,23.9441513093452,0 79.9730234520161,23.9441536109833,0 79.9730241425637,23.9441558825809,0 79.9730249612222,23.9441581179405,0 79.9730259057581,23.9441603109635,0 79.9730269735945,23.9441624556669,0 79.9730281618182,23.9441645461994,0 79.9730294671873,23.9441665768575,0 79.9730308861406,23.9441685421012,0 79.9730316165993,23.9441694473546,0 79.972999569148,23.9441663069004,0 79.9730006327496,23.9441642707571,0 79.9730016234017,23.9441620882054,0 79.9730024883724,23.9441598609795,0 79.9730032252892,23.944157595188,0 79.973003832131,23.9441552970455,0 79.9730043072333,23.9441529728551,0 79.9730046492931,23.9441506289915,0 79.9730048573722,23.9441482718833,0 79.9730049308999,23.9441459079954,0 79.9730048696746,23.9441435438113,0 79.9730046738642,23.9441411858153,0 79.9730009356717,23.944107738943,0 79.9730029531091,23.9441076794729,0 79.9730055027009,23.9441074818271,0 79.9730080376399,23.9441071624564,0 79.9730105510511,23.9441067222271,0 79.9730130361178,23.9441061623332,0 79.9730154861002,23.9441054842931,0 79.9730178943536,23.9441046899458,0 79.9730202543467,23.9441037814457,0 79.9730225596788,23.9441027612566,0 79.9730248040975,23.9441016321455,0 79.9730269815159,23.9441003971747,0 79.9730290860283,23.9440990596935,0 79.9730311119272,23.9440976233293,0 79.9730330537181,23.9440960919778,0 79.9730349061346,23.9440944697921,0 79.9730366641528,23.9440927611719,0 79.9730383230046,23.944090970751,0 79.9730398781912,23.9440891033853,0 79.9730401825501,23.9440886955739,0 79.9730392394966,23.944090240229,0</coordinates></LinearRing></innerBoundaryIs><innerBoundaryIs><LinearRing><coordinates>79.9729143038177,23.9442409755797,0 79.9729091741377,23.9442391646999,0 79.9729132468544,23.9442372806447,0 79.9729143038177,23.9442409755797,0</coordinates></LinearRing></innerBoundaryIs><innerBoundaryIs><LinearRing><coordinates>79.9729255240544,23.9446353283917,0 79.9729243604834,23.9446332568925,0 79.9729230821407,23.9446312433465,0 79.9729216924335,23.9446292931206,0 79.9729161924322,23.944621993122,0 79.9729143832963,23.9446197440635,0 79.9728944832933,23.9445965440683,0 79.9728927518138,23.9445946358771,0 79.9728909087567,23.9445928181066,0 79.9728906875489,23.9445926226858,0 79.9728910543363,23.9445914483703,0 79.9728916221612,23.944589204629,0 79.9728920647447,23.9445869371923,0 79.9728923809351,23.9445846519614,0 79.9728925699093,23.9445823548836,0 79.9728926311756,23.9445800519374,0 79.9728925645746,23.9445777491163,0 79.9728923702795,23.9445754524135,0 79.9728886233803,23.9445421712465,0 79.9728973779631,23.9445241445562,0 79.9729089417669,23.9445176037788,0 79.9729308945707,23.9445135862718,0 79.972933363797,23.9445130732679,0 79.9729358009949,23.9445124440497,0 79.9729381996939,23.9445117002875,0 79.9729405535255,23.9445108439561,0 79.9729428562406,23.9445098773289,0 79.9729451017256,23.9445088029723,0 79.9729472840189,23.9445076237385,0 79.9729493973268,23.9445063427584,0 79.9729514360385,23.9445049634328,0 79.9729533947415,23.9445034894238,0 79.9729552682356,23.9445019246446,0 79.9729560057176,23.9445012417162,0 79.972955775714,23.9445049580679,0 79.972949848784,23.9445293630364,0 79.9729493698358,23.9445315991827,0 79.9729490142558,23.9445338546908,0 79.9729487829498,23.9445361238153,0 79.972948676507,23.9445384007759,0 79.9729486951986,23.9445406797725,0 79.9729488389769,23.9445429549995,0 79.9729491074757,23.9445452206613,0 79.9729495000112,23.9445474709865,0 79.9729500155832,23.9445497002426,0 79.9729501228367,23.9445500709134,0 79.972949378695,23.9445505319519,0 79.9729473205995,23.9445519567882,0 79.9729453466095,23.9445534788325,0 79.9729434621543,23.9445550938986,0 79.972941672417,23.9445567975444,0 79.97293998232,23.9445585850842,0 79.9729383965118,23.9445604516015,0 79.972936919354,23.9445623919627,0 79.9729355549093,23.944564400831,0 79.9729343069306,23.9445664726812,0 79.9729331788503,23.944568601815,0 79.972932173771,23.9445707823762,0 79.9729312944572,23.9445730083675,0 79.9729305433273,23.9445752736666,0 79.9729299224473,23.944577572043,0 79.9729294335247,23.9445798971752,0 79.9729290779044,23.9445822426681,0 79.9729288565644,23.9445846020707,0 79.9729287701136,23.9445869688938,0 79.9729288187897,23.9445893366275,0 79.9729290024588,23.9445916987597,0 79.9729293206159,23.9445940487936,0 79.9729297723857,23.9445963802656,0 79.9729303565259,23.9445986867633,0 79.9729310714297,23.9446009619428,0 79.9729319151309,23.9446031995465,0 79.9729328853091,23.94460539342,0 79.9729339792958,23.9446075375294,0 79.9729351940821,23.9446096259775,0 79.9729365263268,23.9446116530202,0 79.9729379723659,23.9446136130823,0 79.9729395282221,23.9446155007728,0 79.9729411896161,23.9446173108999,0 79.9729429519785,23.944619038485,0 79.9729448104621,23.9446206787765,0 79.9729467599552,23.9446222272629,0 79.9729484244043,23.9446234151331,0 79.9729467143725,23.9446244497267,0 79.9729265310292,23.9446373736716,0 79.9729255240544,23.9446353283917,0</coordinates></LinearRing></innerBoundaryIs><innerBoundaryIs><LinearRing><coordinates>79.9730261562682,23.9453272700476,0 79.9730282827901,23.9453115466347,0 79.973030583253,23.9453105989282,0 79.973032911586,23.9453094993136,0 79.9730351728905,23.9453082872845,0 79.9730373607469,23.9453069662816,0 79.9730394689445,23.945305540055,0 79.9730414914983,23.9453040126533,0 79.973043422667,23.9453023884127,0 79.9730452569681,23.945300671944,0 79.9730469891946,23.9452988681199,0 79.9730612997235,23.9452831407033,0 79.973062427582,23.9452845763091,0 79.9730640272509,23.9452864043465,0 79.9730657280573,23.9452881535626,0 79.9730675254107,23.9452898192362,0 79.9730694144602,23.9452913968719,0 79.9730713901073,23.9452928822116,0 79.9730734470199,23.9452942712465,0 79.9730755796464,23.9452955602276,0 79.9730777822309,23.945296745676,0 79.9730800488287,23.9452978243923,0 79.9730823733224,23.9452987934649,0 79.9730847494383,23.9452996502784,0 79.9730871707633,23.9453003925204,0 79.9730896307624,23.9453010181875,0 79.9730921227961,23.9453015255911,0 79.9730946401385,23.9453019133616,0 79.9730971759955,23.9453021804527,0 79.9730997235227,23.9453023261432,0 79.9731022758446,23.9453023500402,0 79.9731048260725,23.945302252079,0 79.9731073673235,23.945302032524,0 79.9731098927388,23.9453016919679,0 79.9731123955024,23.9453012313297,0 79.9731148688595,23.9453006518528,0 79.9731173061345,23.945299955101,0 79.9731197007494,23.945299142955,0 79.9731220462412,23.9452982176066,0 79.9731243362795,23.9452971815533,0 79.9731453835598,23.9452870268591,0 79.973149146287,23.9453228443372,0 79.9730800502173,23.9453077658055,0 79.9730775464302,23.9453072823398,0 79.9730750186548,23.9453069193192,0 79.9730724737454,23.9453066777281,0 79.9730699186029,23.9453065582217,0 79.973067360156,23.945306561124,0 79.9730648053423,23.9453066864271,0 79.9730622610895,23.9453069337912,0 79.9730597342968,23.9453073025457,0 79.973057231816,23.9453077916905,0 79.9730547604328,23.9453083998992,0 79.9730523268488,23.9453091255227,0 79.973049937663,23.9453099665932,0 79.9730475993541,23.9453109208302,0 79.9730453182628,23.9453119856459,0 79.9730431005744,23.9453131581531,0 79.9730409523028,23.9453144351723,0 79.9730388792731,23.9453158132407,0 79.9730368871067,23.9453172886214,0 79.9730349812058,23.9453188573138,0 79.9730331667383,23.945320515064,0 79.9730314486246,23.9453222573768,0 79.9730298315236,23.9453240795278,0 79.9730283198202,23.9453259765759,0 79.9730269176137,23.9453279433768,0 79.9730257301221,23.9453298147739,0 79.9730261562682,23.9453272700476,0</coordinates></LinearRing></innerBoundaryIs><innerBoundaryIs><LinearRing><coordinates>79.9730281686795,23.9451543607426,0 79.9730273751169,23.9451391388789,0 79.9730272085445,23.9451370038173,0 79.9730269320695,23.9451348784098,0 79.9730265463131,23.9451327674322,0 79.9730260521422,23.9451306756282,0 79.9730254528815,23.9451284004727,0 79.97303300123,23.9451187313926,0 79.9730330355479,23.9451190108587,0 79.9730334450644,23.9451212912485,0 79.9730339809986,23.9451235493931,0 79.9730346419466,23.9451257793766,0 79.9730354261767,23.9451279753569,0 79.9730363316344,23.945130131581,0 79.9730373559477,23.9451322424001,0 79.9730384964331,23.9451343022842,0 79.9730397501027,23.9451363058368,0 79.9730411136722,23.9451382478092,0 79.9730425835693,23.9451401231137,0 79.9730428044233,23.9451403901931,0 79.9730421972422,23.9451411837986,0 79.9730408530009,23.9451431480006,0 79.9730396203209,23.9451451730758,0 79.9730385024572,23.9451472536767,0 79.9730375023619,23.945149384309,0 79.9730366226757,23.9451515593463,0 79.9730358657219,23.9451537730451,0 79.9730352334991,23.9451560195597,0 79.973034727677,23.9451582929577,0 79.9730343495913,23.9451605872357,0 79.9730341002404,23.9451628963354,0 79.9730339802827,23.9451652141591,0 79.973033990035,23.945167534586,0 79.9730341294716,23.9451698514888,0 79.9730343982242,23.9451721587491,0 79.9730344881408,23.9451726772879,0 79.9730281686795,23.9451543607426,0</coordinates></LinearRing></innerBoundaryIs><innerBoundaryIs><LinearRing><coordinates>79.9730324348157,23.9449797781843,0 79.9730333345163,23.9449819362913,0 79.9730321797682,23.9449856221498,0 79.9730324348157,23.9449797781843,0</coordinates></LinearRing></innerBoundaryIs><innerBoundaryIs><LinearRing><coordinates>79.9729805952084,23.9448676167786,0 79.9729813351974,23.9448614501847,0 79.9729815468372,23.9448591467892,0 79.9729816299455,23.9448568364575,0 79.9729815843045,23.9448545252442,0 79.9729814100339,23.9448522192058,0 79.9729811075903,23.9448499243857,0 79.9729806777664,23.9448476467976,0 79.9729801216884,23.9448453924101,0 79.9729794408137,23.944843167131,0 79.9729786369266,23.9448409767919,0 79.9729777121338,23.9448388271326,0 79.9729766688586,23.9448367237867,0 79.9729755098353,23.9448346722661,0 79.9729742381009,23.9448326779469,0 79.9729567380954,23.9448067779514,0 79.972955291534,23.9448047596411,0 79.9729537295506,23.9448028153549,0 79.9729520566198,23.9448009506627,0 79.9729502775339,23.9447991709062,0 79.9729494088402,23.9447983901943,0 79.9729515244852,23.9447914366667,0 79.9729676263703,23.9447767349407,0 79.9729693817986,23.944775047064,0 79.9729710399499,23.9447732780459,0 79.9729725963906,23.9447714326164,0 79.9729740469593,23.9447695157097,0 79.9729753877773,23.9447675324513,0 79.9729755131911,23.9447673235812,0 79.972975537418,23.9447673795031,0 79.9729765938158,23.9447694939664,0 79.9729777673155,23.9447715556113,0 79.9729790548014,23.944773558964,0 79.9729804528554,23.9447754987058,0 79.9729819577655,23.9447773696866,0 79.9729835655362,23.9447791669389,0 79.9729852718989,23.944780885691,0 79.9729870723232,23.9447825213797,0 79.972988962029,23.9447840696621,0 79.9729909359992,23.9447855264277,0 79.9729917476616,23.9447860646572,0 79.9729882478407,23.9447984436369,0 79.9729876540929,23.9448008016617,0 79.9729871986666,23.9448031855385,0 79.9729868828701,23.9448055884184,0 79.9729867076107,23.9448080033981,0 79.972986673392,23.9448104235394,0 79.9729867803122,23.9448128418892,0 79.9729870280642,23.9448152514999,0 79.9729874159363,23.9448176454486,0 79.972987942814,23.9448200168576,0 79.9729886071837,23.9448223589141,0 79.9729894071367,23.9448246648892,0 79.9729903403748,23.944826928158,0 79.9729986236774,23.9448454988043,0 79.9729977201149,23.9448636344538,0 79.9729976693313,23.9448659313764,0 79.9729977457222,23.9448682277,0 79.9729979490899,23.9448705174807,0 79.9729982789079,23.9448727947914,0 79.9729987343226,23.9448750537373,0 79.972999314155,23.9448772884711,0 79.9730000169044,23.9448794932082,0 79.9730005062907,23.9448807816697,0 79.9729805952084,23.9448676167786,0</coordinates></LinearRing></innerBoundaryIs><innerBoundaryIs><LinearRing><coordinates>79.9730665635777,23.9444882165671,0 79.9730666086417,23.9444885727351,0 79.9730661693748,23.9444885563139,0 79.9730665276183,23.9444876873312,0 79.9730665635777,23.9444882165671,0</coordinates></LinearRing></innerBoundaryIs><innerBoundaryIs><LinearRing><coordinates>79.9734143100821,23.9435277679248,0 79.9733952100697,23.9435714679188,0 79.9733672063725,23.9436355763296,0 79.9733663148405,23.943637781816,0 79.9733655495066,23.9436400269879,0 79.9733649124484,23.9436423057501,0 79.9733644053957,23.9436446119162,0 79.9733640297247,23.9436469392255,0 79.9733637864555,23.9436492813597,0 79.9733636762486,23.9436516319604,0 79.9733636994029,23.9436539846463,0 79.9733638558558,23.9436563330302,0 79.9733640084962,23.9436575663359,0 79.9733630417042,23.9436569597103,0 79.9733308417092,23.943637859716,0 79.9733286395345,23.9436366274551,0 79.9733263700591,23.9436355030663,0 79.9733240395325,23.9436344896458,0 79.9733216543726,23.9436335899845,0 79.9733192211473,23.9436328065597,0 79.9733167465574,23.9436321415288,0 79.9733142374172,23.9436315967232,0 79.9733117006363,23.9436311736431,0 79.9733091432004,23.9436308734536,0 79.9733065721521,23.9436306969814,0 79.9733039945714,23.9436306447123,0 79.9733014175565,23.9436307167904,0 79.9732988482038,23.9436309130172,0 79.9732984568347,23.9436309620162,0 79.9732970553351,23.9436297016278,0 79.9732973328741,23.9436291701324,0 79.9733092328677,23.9436047701288,0 79.973310304265,23.9436023942543,0 79.9733112267533,23.9435999661716,0 79.97331199734,23.9435974937572,0 79.9733126135256,23.9435949850314,0 79.973313073311,23.9435924481321,0 79.9733134501103,23.943589928281,0 79.9733175627609,23.9435871403776,0 79.9733196201629,23.9435856666155,0 79.9733215895616,23.9435840945716,0 79.9733234654057,23.9435824286771,0 79.9733252424074,23.9435806736278,0 79.9733269155579,23.9435788343708,0 79.9733284801409,23.9435769160907,0 79.9733299317461,23.9435749241947,0 79.9733312662817,23.9435728642976,0 79.9733324799861,23.9435707422057,0 79.9733335694379,23.9435685639008,0 79.9733345315663,23.9435663355232,0 79.9733353636592,23.9435640633541,0 79.9733360633711,23.9435617537983,0 79.9733366287297,23.943559413366,0 79.9733370581414,23.9435570486545,0 79.9733373503958,23.9435546663293,0 79.973337504669,23.9435522731057,0 79.9733375205261,23.9435498757297,0 79.9733373979226,23.9435474809591,0 79.973337137204,23.9435450955443,0 79.9733367391053,23.9435427262091,0 79.9733362047485,23.9435403796323,0 79.9733355356399,23.9435380624284,0 79.9733347336657,23.9435357811292,0 79.9733338010865,23.943533542165,0 79.9733327405309,23.9435313518472,0 79.973332243251,23.9435303941237,0 79.9733286480708,23.9435167624175,0 79.9733279714711,23.9435144635568,0 79.9733271639447,23.9435122006782,0 79.9733262277377,23.9435099800756,0 79.9733251654542,23.9435078079256,0 79.9733239800488,23.9435056902699,0 79.9733226748186,23.9435036329987,0 79.9733212533942,23.9435016418341,0 79.973319719729,23.9434997223143,0 79.973318078089,23.9434978797786,0 79.9733163330402,23.9434961193517,0 79.9733144894364,23.9434944459303,0 79.9733125524055,23.9434928641687,0 79.9733115028947,23.9434920941903,0 79.9733116186059,23.9434899058271,0 79.9733116082592,23.9434875324609,0 79.9733114622481,23.9434851628726,0 79.9733111809759,23.9434828036083,0 79.9733107652196,23.9434804611857,0 79.9733102161277,23.9434781420759,0 79.9733095352172,23.9434758526855,0 79.9733091907904,23.9434748955233,0 79.9733110265977,23.9434761112276,0 79.9733131769968,23.9434773844429,0 79.9733153965822,23.943478553066,0 79.973317679337,23.943479613929,0 79.9733200190733,23.9434805641562,0 79.9733224094487,23.9434814011718,0 79.9733248439835,23.9434821227069,0 79.9733273160784,23.9434827268055,0 79.9733298190321,23.9434832118302,0 79.9733323460598,23.9434835764661,0 79.9733348903113,23.9434838197248,0 79.97333744489,23.9434839409469,0 79.9733400028709,23.9434839398038,0 79.97334255732,23.9434838162986,0 79.973345101313,23.943483570766,0 79.9733476279537,23.9434832038718,0 79.9733501303931,23.9434827166103,0 79.9733526018476,23.9434821103025,0 79.9733550356179,23.9434813865919,0 79.9733574251066,23.9434805474403,0 79.9733597638365,23.9434795951223,0 79.9733620454678,23.9434785322196,0 79.9733642638156,23.9434773616133,0 79.9733763179593,23.9434706112932,0 79.9733943439865,23.9434775510977,0 79.9734033171086,23.9435076374805,0 79.9734040634207,23.9435099047976,0 79.9734049380721,23.9435121330244,0 79.9734059386558,23.9435143160292,0 79.9734070624184,23.9435164478045,0 79.9734083062673,23.9435185224839,0 79.9734096667797,23.9435205343582,0 79.9734111402114,23.9435224778907,0 79.9734127225079,23.9435243477331,0 79.9734144093147,23.9435261387398,0 79.9734148704017,23.9435265793276,0 79.9734143100821,23.9435277679248,0</coordinates></LinearRing></innerBoundaryIs><innerBoundaryIs><LinearRing><coordinates>79.9732871733604,23.9433423212152,0 79.9732862903094,23.9433400996207,0 79.9732852819051,23.9433379235701,0 79.9732841509141,23.9433357990335,0 79.9732829004392,23.9433337318396,0 79.9732815339113,23.9433317276599,0 79.9732800550794,23.9433297919929,0 79.9732784680009,23.9433279301493,0 79.9732769166298,23.9433262944273,0 79.9732782810767,23.9433249169809,0 79.9732799070469,23.9433230926323,0 79.9732814271697,23.9433211927513,0 79.9732828372988,23.9433192225198,0 79.9732841335882,23.9433171873117,0 79.9732853125022,23.9433150926781,0 79.9732863708253,23.9433129443321,0 79.9732873056708,23.9433107481335,0 79.973288114489,23.9433085100724,0 79.9732887950737,23.9433062362532,0 79.9732893455687,23.9433039328778,0 79.9732897644725,23.9433016062288,0 79.9732900506424,23.9432992626521,0 79.9732902032981,23.94329690854,0 79.9732902220231,23.9432945503133,0 79.9732901067664,23.9432921944041,0 79.9732898578423,23.9432898472383,0 79.9732894759297,23.9432875152179,0 79.9732889620705,23.9432852047034,0 79.9732883176661,23.943282921997,0 79.9732875444741,23.9432806733247,0 79.9732866446036,23.9432784648198,0 79.9732856205088,23.9432763025061,0 79.9732844749832,23.9432741922814,0 79.973283211151,23.9432721399014,0 79.9732818324596,23.943270150964,0 79.9732806633742,23.9432685577995,0 79.973280971751,23.9432685133843,0 79.9732834835558,23.943268026882,0 79.9732859642853,23.9432674204665,0 79.9732884071675,23.9432666957932,0 79.9732908055338,23.9432658548402,0 79.9732930781905,23.9432649302713,0 79.9732933807931,23.9432777773325,0 79.9732935039921,23.9432801415671,0 79.9732937618118,23.9432824966204,0 79.9732941535439,23.9432848360218,0 79.973294678112,23.9432871533436,0 79.973295334075,23.9432894422186,0 79.9732961196304,23.9432916963581,0 79.9732970326199,23.9432939095686,0 79.973298070535,23.9432960757691,0 79.9732992305239,23.9432981890078,0 79.9733005093995,23.9433002434783,0 79.9733019036479,23.9433022335359,0 79.9733034094384,23.9433041537126,0 79.9733050226336,23.9433059987327,0 79.9733067388012,23.9433077635268,0 79.9733085532258,23.9433094432458,0 79.9733104609221,23.9433110332748,0 79.9733124566487,23.9433125292448,0 79.973314534922,23.9433139270457,0 79.9733166900319,23.9433152228368,0 79.9733189160569,23.9433164130579,0 79.9733212068809,23.9433174944386,0 79.9733235562096,23.9433184640078,0 79.973325957588,23.9433193191016,0 79.9733284044182,23.9433200573704,0 79.9733308899773,23.9433206767858,0 79.9733334074359,23.943321175646,0 79.9733359498772,23.9433215525802,0 79.9733385103155,23.9433218065528,0 79.9733410817158,23.943321936866,0 79.973343657013,23.9433219431618,0 79.9733462291312,23.9433218254227,0 79.9733487910033,23.9433215839725,0 79.9733513355903,23.9433212194743,0 79.9733538559008,23.9433207329298,0 79.9733563450098,23.9433201256757,0 79.9733587960785,23.9433193993806,0 79.9733612023723,23.94331855604,0 79.9733635572797,23.943317597971,0 79.9733651459219,23.943316857844,0 79.9733652650844,23.9433177990028,0 79.9733656991719,23.9433201438949,0 79.9733662670018,23.9433224645254,0 79.9733669669986,23.9433247544553,0 79.9733677972199,23.9433270073307,0 79.9733682481604,23.9433280472435,0 79.9732901462302,23.9433504553102,0 79.9732871733604,23.9433423212152,0</coordinates></LinearRing></innerBoundaryIs><innerBoundaryIs><LinearRing><coordinates>79.9735636845107,23.9435892708853,0 79.973562251861,23.9435863646549,0 79.9735611070813,23.9435841980408,0 79.9735598382355,23.9435820906102,0 79.9735590383591,23.9435809148051,0 79.9735597696413,23.9435800790524,0 79.9735612577755,23.943578185592,0 79.9735626373887,23.9435762239394,0 79.9735636097709,23.9435746706178,0 79.9735636845107,23.9435892708853,0</coordinates></LinearRing></innerBoundaryIs><innerBoundaryIs><LinearRing><coordinates>79.9735737259176,23.9437656402714,0 79.9735660822953,23.9437896075386,0 79.9735611605566,23.9437715355533,0 79.9735605651949,23.9437695439884,0 79.9735591706189,23.9437652645598,0 79.9735615896018,23.9437650095027,0 79.9735641540871,23.9437646117877,0 79.9735666920811,23.9437640899066,0 79.9735691964721,23.9437634453218,0 79.9735716602424,23.9437626798394,0 79.9735737586237,23.9437619119283,0 79.9735737259176,23.9437656402714,0</coordinates></LinearRing></innerBoundaryIs><innerBoundaryIs><LinearRing><coordinates>79.9733933152447,23.9438130607137,0 79.9733958894016,23.9438131521953,0 79.9733984652372,23.9438131195437,0 79.9734010356699,23.9438129628486,0 79.973403593633,23.9438126825408,0 79.9734061320942,23.9438122793909,0 79.9734086440747,23.9438117545074,0 79.9734111226684,23.9438111093331,0 79.9734135610612,23.9438103456418,0 79.9734159525494,23.9438094655332,0 79.9734182905582,23.9438084714268,0 79.97342056866,23.9438073660555,0 79.9734227805918,23.9438061524584,0 79.9734229785516,23.9438060304741,0 79.9734401093646,23.9438344052402,0 79.9734384338548,23.9438471145576,0 79.9734366336107,23.9438437712491,0 79.9734354245607,23.9438416672133,0 79.9734340965999,23.9438396246335,0 79.9734326534156,23.9438376491814,0 79.9734310990152,23.9438357463422,0 79.9734294377147,23.9438339213996,0 79.973427674127,23.9438321794208,0 79.9734258131492,23.9438305252428,0 79.9734238599486,23.9438289634587,0 79.9734218199486,23.9438274984051,0 79.9734196988137,23.9438261341501,0 79.9734175024337,23.9438248744818,0 79.9734152369071,23.9438237228979,0 79.9734129085248,23.9438226825959,0 79.973410523752,23.9438217564645,0 79.9734080892103,23.9438209470752,0 79.9734056116598,23.9438202566756,0 79.9734030979799,23.9438196871825,0 79.9734005551503,23.9438192401774,0 79.9733979902317,23.9438189169014,0 79.973395410346,23.9438187182522,0 79.9733928226569,23.9438186447813,0 79.973392488339,23.9438186514865,0 79.9733921500408,23.9438169802971,0 79.9733915472647,23.9438146801002,0 79.9733909599667,23.94381286299,0 79.9733933152447,23.9438130607137,0</coordinates></LinearRing></innerBoundaryIs><innerBoundaryIs><LinearRing><coordinates>79.9734073946861,23.9442539857355,0 79.9734081098101,23.944252826156,0 79.9734093131751,23.9442545993129,0 79.9734107976223,23.944256549664,0 79.9734123918234,23.9442584254158,0 79.973414091349,23.9442602213566,0 79.9734158914772,23.9442619324965,0 79.9734177872065,23.9442635540813,0 79.9734197732697,23.9442650816055,0 79.9734218441488,23.9442665108251,0 79.9734239940899,23.9442678377691,0 79.9734253531668,23.9442685842314,0 79.9734243686645,23.9442686091286,0 79.9734218149425,23.9442687964884,0 79.9734207498708,23.9442689262651,0 79.9734194573555,23.9442669809883,0 79.9734180287869,23.9442650607935,0 79.9734164945234,23.9442632107613,0 79.9734148586365,23.9442614358013,0 79.9734131254674,23.9442597406235,0 79.9734112996155,23.9442581297267,0 79.9734093859261,23.9442566073857,0 79.9734073894776,23.9442551776404,0 79.9734068209692,23.9442548121356,0 79.9734073946861,23.9442539857355,0</coordinates></LinearRing></innerBoundaryIs><innerBoundaryIs><LinearRing><coordinates>79.9734698193754,23.9442898609627,0 79.9734633530165,23.9442833239344,0 79.9734615808373,23.9442816236422,0 79.9734597146364,23.9442800105624,0 79.9734577594879,23.9442784890807,0 79.9734557207074,23.944277063334,0 79.9734536038383,23.9442757371987,0 79.9734519541718,23.9442748156724,0 79.9734536183635,23.9442747525676,0 79.9734561966734,23.9442745292761,0 79.9734615966753,23.9442739292759,0 79.9734641646433,23.9442735804593,0 79.9734667089816,23.9442731074718,0 79.9734692225874,23.9442725116339,0 79.9734692941535,23.9442724909078,0 79.9734698193754,23.9442898609627,0</coordinates></LinearRing></innerBoundaryIs><innerBoundaryIs><LinearRing><coordinates>79.9737453432935,23.945060857629,0 79.9737455202378,23.9450610476559,0 79.9737472909737,23.9450627593755,0 79.9737491566697,23.9450643836578,0 79.9737499374583,23.9450650286573,0 79.9737422229855,23.9450690986431,0 79.9737422269343,23.9450690430782,0 79.9737423306511,23.9450663490767,0 79.9737422592757,23.9450636541876,0 79.9737420130625,23.945060968015,0 79.9737419925871,23.9450608035059,0 79.9737453432935,23.945060857629,0</coordinates></LinearRing></innerBoundaryIs><innerBoundaryIs><LinearRing><coordinates>79.9735644270878,23.9449880043571,0 79.9735634081784,23.9449902017786,0 79.9735625171235,23.9449924456451,0 79.9735617564166,23.944994729678,0 79.9735611281862,23.944997047486,0 79.9735606341903,23.9449993925835,0 79.9735602758112,23.9450017584083,0 79.9735600540516,23.9450041383406,0 79.9735599695321,23.9450065257207,0 79.9735599851798,23.9450072313695,0 79.9735598562851,23.9450073290718,0 79.9735579570069,23.9450089296818,0 79.9735561516501,23.945010619612,0 79.9735559845618,23.9450107933715,0 79.9735511310115,23.9450100010745,0 79.9735514193982,23.9449979967865,0 79.9735514087617,23.944995630292,0 79.9735512632436,23.9449932675596,0 79.9735509832437,23.9449909150787,0 79.9735505695309,23.9449885793106,0 79.9735500232415,23.9449862666706,0 79.9735493458761,23.9449839835108,0 79.973548539295,23.9449817361019,0 79.9735476057136,23.9449795306166,0 79.9735465476961,23.9449773731126,0 79.9735453681484,23.9449752695156,0 79.9735440703103,23.9449732256033,0 79.9735426577463,23.9449712469895,0 79.9735411343363,23.9449693391087,0 79.973539984482,23.9449680468792,0 79.9735448280553,23.9449437320955,0 79.9735452190098,23.9449414379647,0 79.9735454811289,23.9449391283956,0 79.9735456137193,23.9449368094959,0 79.9735456164304,23.9449344873977,0 79.9735454892551,23.9449321682418,0 79.9735452325298,23.944929858161,0 79.9735448469332,23.9449275632643,0 79.9735443334852,23.9449252896205,0 79.9735438328738,23.9449235323313,0 79.9735513701155,23.9449164306547,0 79.973553168615,23.9449146420284,0 79.973554859574,23.9449127668837,0 79.9735564380735,23.9449108106751,0 79.9735566548977,23.9449105092644,0 79.9735585743631,23.9449181018273,0 79.9735585713723,23.9449181088887,0 79.9735577760481,23.9449203168296,0 79.9735571054727,23.9449225594786,0 79.9735565614251,23.9449248308862,0 79.9735561453487,23.9449271250266,0 79.9735558583473,23.9449294358139,0 79.9735557011821,23.9449317571176,0 79.9735556742702,23.9449340827798,0 79.973555777683,23.9449364066306,0 79.9735579776716,23.9449667066309,0 79.9735582201947,23.9449690921944,0 79.9735586000501,23.9449714625771,0 79.9735591161683,23.9449738111054,0 79.9735597670962,23.9449761311674,0 79.9735605510013,23.9449784162314,0 79.9735614656767,23.944980659864,0 79.9735625085471,23.9449828557487,0 79.9735636766765,23.9449849977033,0 79.9735649417672,23.9449870393371,0 79.9735644270878,23.9449880043571,0</coordinates></LinearRing></innerBoundaryIs><innerBoundaryIs><LinearRing><coordinates>79.9737818955993,23.9454265180403,0 79.9737799541004,23.9454281435786,0 79.973779669332,23.9454284089453,0 79.9737797846785,23.9454273887456,0 79.9737799162693,23.9454250255564,0 79.9737799129845,23.9454226592763,0 79.9737798569355,23.9454217006418,0 79.9737815401997,23.9454234560463,0 79.9737833859266,23.9454252771442,0 79.9737834599283,23.9454253425323,0 79.9737818955993,23.9454265180403,0</coordinates></LinearRing></innerBoundaryIs><innerBoundaryIs><LinearRing><coordinates>79.973428107821,23.9462827879693,0 79.9734289764987,23.9462805135521,0 79.9734297118833,23.9462781997721,0 79.9734303118792,23.9462758532227,0 79.9734307747768,23.9462734805906,0 79.9734310992569,23.9462710886367,0 79.9734312843949,23.946268684177,0 79.9734313296634,23.9462662740633,0 79.9734312349332,23.9462638651634,0 79.9734310004744,23.9462614643415,0 79.9734306269551,23.9462590784391,0 79.9734301154396,23.9462567142549,0 79.9734294673855,23.9462543785259,0 79.9734286846396,23.9462520779078,0 79.9734277694323,23.9462498189564,0 79.9734267741587,23.9462477134344,0 79.9734275331971,23.9462469199995,0 79.9734291256338,23.9462450686728,0 79.9734306106563,23.9462431434106,0 79.9734319842083,23.9462411494715,0 79.9734332425381,23.9462390923019,0 79.9734343822087,23.9462369775207,0 79.9734354001072,23.9462348109042,0 79.9734362934534,23.9462325983704,0 79.9734370598071,23.9462303459625,0 79.9734376970751,23.9462280598328,0 79.9734381911216,23.9462258028511,0 79.9734383896982,23.9462265049253,0 79.9734391694728,23.9462287665695,0 79.9734400774166,23.9462309874515,0 79.9734411110231,23.9462331614405,0 79.9734422674393,23.9462352825353,0 79.9734435434727,23.9462373448808,0 79.9734449356011,23.946239342784,0 79.9734450835813,23.9462395433523,0 79.9734365096585,23.9462744321537,0 79.9734273874473,23.9462843941854,0 79.973428107821,23.9462827879693,0</coordinates></LinearRing></innerBoundaryIs><innerBoundaryIs><LinearRing><coordinates>79.9734367660637,23.946204740965,0 79.9734359482066,23.9462025039088,0 79.9734350043001,23.9462003091786,0 79.9734339369225,23.9461981627693,0 79.973432748989,23.9461960705434,0 79.9734314437447,23.9461940382158,0 79.9734300247544,23.9461920713375,0 79.9734284958942,23.9461901752809,0 79.9734268613399,23.9461883552248,0 79.9734251255562,23.9461866161405,0 79.9734232932842,23.9461849627783,0 79.9734122503614,23.9461755061347,0 79.9734143083157,23.9461763682136,0 79.9734167178411,23.9461772397727,0 79.9734191739816,23.9461779934486,0 79.9734216699151,23.9461786271477,0 79.9734241987085,23.9461791391098,0 79.9734267533378,23.9461795279129,0 79.973429326707,23.946179792477,0 79.9734319116682,23.9461799320672,0 79.9734345010413,23.9461799462959,0 79.9734370876339,23.9461798351234,0 79.9734396642612,23.9461795988586,0 79.9734422237663,23.9461792381577,0 79.9734447590397,23.9461787540227,0 79.9734472630392,23.9461781477983,0 79.9734497288097,23.9461774211684,0 79.973452149502,23.9461765761514,0 79.9734545183923,23.9461756150943,0 79.9734551137116,23.9461753382602,0 79.9734454049221,23.9461880324925,0 79.9734439764451,23.9461900086032,0 79.9734426628676,23.9461920509409,0 79.9734414678158,23.9461941538679,0 79.9734403945885,23.9461963115791,0 79.9734394461484,23.9461985181182,0 79.9734386251136,23.9462007673943,0 79.9734379337504,23.9462030531984,0 79.9734373739674,23.9462053692205,0 79.9734372172863,23.9462062284805,0 79.9734367660637,23.946204740965,0</coordinates></LinearRing></innerBoundaryIs><innerBoundaryIs><LinearRing><coordinates>79.9733905231659,23.9461607896907,0 79.9733881856853,23.9461599621864,0 79.973386986896,23.9461596011206,0 79.9733882709854,23.9461584553641,0 79.9733918655621,23.9461613386734,0 79.9733905231659,23.9461607896907,0</coordinates></LinearRing></innerBoundaryIs><innerBoundaryIs><LinearRing><coordinates>79.9731880979717,23.9461895568372,0 79.9731915726362,23.9461856417205,0 79.9731932218402,23.9461836754875,0 79.9731947509741,23.9461816289229,0 79.9731961554158,23.946179508213,0 79.9731974309199,23.9461773197682,0 79.9731985736309,23.9461750702038,0 79.9731995800947,23.9461727663196,0 79.9732080215891,23.9461517931044,0 79.9732076329928,23.946154707568,0 79.973207474396,23.9461560672796,0 79.9732060743908,23.9461700672789,0 79.9732059066306,23.9461724140688,0 79.9732058720437,23.9461747657032,0 79.9732059707239,23.9461771158032,0 79.9732062024037,23.9461794579936,0 79.9732065664544,23.9461817859208,0 79.9732070618887,23.9461840932701,0 79.9732076873625,23.9461863737825,0 79.9732084411792,23.9461886212715,0 79.9732093212939,23.9461908296407,0 79.9732103253192,23.9461929928994,0 79.9732114505316,23.9461951051795,0 79.9732115525277,23.9461952738052,0 79.973201999068,23.946205735234,0 79.9731880536846,23.9462173847285,0 79.9731875082259,23.946217865147,0 79.9731880979717,23.9461895568372,0</coordinates></LinearRing></innerBoundaryIs><innerBoundaryIs><LinearRing><coordinates>79.9729373532853,23.9461953374405,0 79.972935286424,23.9461939088895,0 79.9729331406403,23.9461925822694,0 79.9729309218789,23.9461913612559,0 79.9729286362871,23.9461902492317,0 79.9729262901972,23.9461892492777,0 79.972923890109,23.9461883641644,0 79.9729214426721,23.946187596344,0 79.9729189546673,23.9461869479436,0 79.97291852735,23.9461868586085,0 79.9729187472317,23.9461806285618,0 79.9729190253191,23.9461782300504,0 79.9729196620324,23.9461757611588,0 79.9729215737991,23.9461763214302,0 79.9729240281794,23.9461769765957,0 79.9729265163087,23.9461775135715,0 79.9729290314541,23.9461779309046,0 79.9729315668095,23.9461782274658,0 79.9729341155142,23.9461784024524,0 79.9729366706714,23.9461784553911,0 79.9729392253667,23.9461783861385,0 79.9729401013464,23.9461783203687,0 79.9729392532131,23.9461968005964,0 79.9729373532853,23.9461953374405,0</coordinates></LinearRing></innerBoundaryIs><innerBoundaryIs><LinearRing><coordinates>79.9734010290034,23.9459495914714,0 79.9733995118839,23.9459505817202,0 79.9733974940566,23.9459520507749,0 79.973395562717,23.9459536149462,0 79.973393723167,23.9459552699401,0 79.9733919804562,23.9459570112135,0 79.9733903393688,23.9459588339864,0 79.9733888044097,23.9459607332551,0 79.9733873797924,23.9459627038058,0 79.9733860694279,23.9459647402291,0 79.9733854917657,23.9459657558876,0 79.9733572781798,23.9459605414119,0 79.9733571650229,23.9459585477073,0 79.9733569746002,23.945956286242,0 79.973356660858,23.9459540364181,0 79.973356224588,23.9459518039123,0 79.973355666891,23.9459495943576,0 79.973354989174,23.9459474133291,0 79.9733541931472,23.94594526633,0 79.9733533365637,23.9459432875522,0 79.9734010290034,23.9459495914714,0</coordinates></LinearRing></innerBoundaryIs><innerBoundaryIs><LinearRing><coordinates>79.9729997708163,23.9459646189052,0 79.9730020436004,23.9459657629483,0 79.9730043788534,23.9459667952668,0 79.9730067700791,23.9459677129889,0 79.9730092106257,23.9459685135617,0 79.973011693704,23.9459691947584,0 79.9730142124068,23.9459697546837,0 79.9730167597274,23.9459701917803,0 79.9730250031945,23.9459714004615,0 79.9730229862353,23.9459839650988,0 79.9730212773057,23.945983359455,0 79.9730188456365,23.9459826288469,0 79.9730163758851,23.945982015561,0 79.9730138747477,23.94598152126,0 79.9730113490058,23.9459811472843,0 79.9730088055074,23.9459808946477,0 79.9730062511487,23.9459807640352,0 79.9730036928555,23.945980755801,0 79.9730011375642,23.9459808699674,0 79.9729985922029,23.9459811062249,0 79.9729974298805,23.9459812706571,0 79.9729975968158,23.9459806193429,0 79.9729980491531,23.9459783331844,0 79.9729983729324,23.9459760286667,0 79.97299965931,23.9459645555333,0 79.9729997708163,23.9459646189052,0</coordinates></LinearRing></innerBoundaryIs></Polygon>
  </Placemark>
  
    </Document>
</kml>