<?xml version="1.0" encoding="UTF-8"?>
<kml xmlns="http://www.opengis.net/kml/2.2">
    <Document>
        <Placemark xmlns:ns0="http://www.opengis.net/kml/2.2">
	<Style><LineStyle><color>ff0000ff</color></LineStyle><PolyStyle><fill>0</fill></PolyStyle></Style>
	<ExtendedData><SchemaData schemaUrl="#Wave23_v27MAR2025">
		<SimpleData name="area(ha)">8.293237785044273</SimpleData>
		<SimpleData name="site_id">230010_1.1</SimpleData>
		<SimpleData name="Land_parc">230010</SimpleData>
		<SimpleData name="district">Chhatarpur</SimpleData>
		<SimpleData name="block">Bijawar</SimpleData>
		<SimpleData name="village">Narayanpura</SimpleData>
		<SimpleData name="Land Type">Farmer</SimpleData>
		<SimpleData name="Instance">Wave 2023</SimpleData>
	</SchemaData></ExtendedData>
      <MultiGeometry><Polygon><outerBoundaryIs><LinearRing><coordinates>79.5797565112341,24.6763041700814,0 79.5791517304341,24.676119648819,0 79.5791578303108,24.6761197065358,0 79.5791584758142,24.6760627473883,0 79.5791576604106,24.676062317591,0 79.5791553574248,24.6760612462316,0 79.5791529962827,24.676060286367,0 79.5791505834438,24.6760594406233,0 79.5791481255093,24.6760587113142,0 79.5791460500977,24.6760582034334,0 79.5791454717987,24.6760443760167,0 79.5791454191322,24.6760436406794,0 79.5791498369257,24.6760326824718,0 79.5790988157969,24.6759456355132,0 79.5790955044642,24.6759360763921,0 79.5790947328256,24.6759340219791,0 79.5790938539394,24.6759320038564,0 79.5790928698403,24.6759300266953,0 79.5790917828061,24.6759280950723,0 79.5790905953529,24.6759262134587,0 79.5790803215895,24.6759108028217,0 79.5790628533371,24.67588401164,0 79.5790604889694,24.6758802461681,0 79.578987697775,24.6757560570114,0 79.5789877050368,24.6757556295663,0 79.5789876118483,24.6757532889569,0 79.5789873859366,24.6757509559135,0 79.5789870279096,24.6757486367155,0 79.578986538731,24.6757463376049,0 79.5789859197175,24.67574406477,0 79.5789851725351,24.6757418243281,0 79.5789677725187,24.6756941243327,0 79.5789669072528,24.6756919411442,0 79.5789659202866,24.6756898014935,0 79.5789564202808,24.675670601496,0 79.5789552964803,24.6756684796253,0 79.5789540530011,24.6756664142462,0 79.5789539716564,24.6756662944063,0 79.5789349798283,24.6756661146823,0 79.578894120443,24.6755964042018,0 79.5788031410525,24.6756648669956,0 79.5787833179089,24.6756646793847,0 79.5787792182059,24.6756799322892,0 79.5787786640999,24.6756822566002,0 79.5787784516599,24.6756834459581,0 79.5787447073715,24.6757088387851,0 79.5787435693949,24.6757083903513,0 79.5787411396445,24.6757075680456,0 79.578738666057,24.6757068632611,0 79.5787361554353,24.6757062779363,0 79.5787336146839,24.6757058136808,0 79.5787310507906,24.6757054717715,0 79.5787284708064,24.6757052531486,0 79.5787258818268,24.6757051584135,0 79.5787232909721,24.6757051878266,0 79.5787207053677,24.675705341307,0 79.5787181321243,24.6757056184328,0 79.578715578319,24.6757060184416,0 79.5787130509752,24.6757065402334,0 79.5787105570435,24.6757071823733,0 79.5787081033829,24.675707943095,0 79.5787056967413,24.6757088203067,0 79.5787033437375,24.6757098115956,0 79.5787010508426,24.6757109142357,0 79.5786988243627,24.6757121251944,0 79.5786966704209,24.6757134411413,0 79.578694594941,24.6757148584573,0 79.5786926036311,24.6757163732446,0 79.5786907019675,24.6757179813372,0 79.5786888951803,24.6757196783124,0 79.5786871882385,24.6757214595034,0 79.5786855858364,24.6757233200114,0 79.5786840923811,24.6757252547198,0 79.5786827119798,24.6757272583076,0 79.5786792746627,24.6757325502915,0 79.5786681771998,24.6757269951604,0 79.5786678723827,24.6757538833424,0 79.5785690622597,24.6757529480626,0 79.5785680552534,24.6758417705109,0 79.578566133092,24.6758432169456,0 79.5785056221556,24.675842644149,0 79.5785061196046,24.6758638892837,0 79.578474353243,24.6759122816024,0 79.5783183428539,24.6760296796513,0 79.5782912220322,24.6760279193464,0 79.5782899888593,24.6760211959683,0 79.5781778647093,24.6760201343698,0 79.57814784581,24.675971034548,0 79.578434874515,24.6755584668888,0 79.5787375593312,24.6752644523218,0 79.5792281174816,24.6748803354721,0 79.5792605833574,24.6746759326289,0 79.5792715530627,24.6746760364111,0 79.5792717217352,24.6746744135023,0 79.5792731886527,24.674660299326,0 79.5792739662422,24.6745916747073,0 79.5792892243513,24.67449561031,0 79.5793173163165,24.6744958760742,0 79.579324517891,24.6744828232101,0 79.5793255873718,24.6744807561606,0 79.5793265409507,24.6744786422856,0 79.5793273761818,24.6744764870069,0 79.579328090923,24.6744742958528,0 79.5793286833409,24.6744720744433,0 79.5793291519161,24.6744698284762,0 79.5793294954467,24.6744675637122,0 79.5793297130515,24.6744652859602,0 79.5793298041725,24.6744630010625,0 79.579329768576,24.6744607148796,0 79.5793286685659,24.6744353148795,0 79.5793285040252,24.6744330099258,0 79.5793282106796,24.6744307156789,0 79.5793277892971,24.6744284381448,0 79.5793272409807,24.6744261832854,0 79.579324540977,24.6744162832861,0 79.5793238530371,24.6744140146642,0 79.579323036615,24.6744117818937,0 79.5793220939305,24.6744095910454,0 79.5793210275469,24.6744074480764,0 79.5793199800441,24.6744056046298,0 79.5792956889197,24.6744053748248,0 79.5792766648367,24.6743535136265,0 79.5792771023365,24.6743149023404,0 79.5792624503394,24.6743147637225,0 79.5791498369257,24.6740077693434,0 79.5790843703407,24.6738818734222,0 79.5790848085049,24.6738432078939,0 79.5790766804628,24.6738340147994,0 79.5790438390384,24.6737912626676,0 79.579042302241,24.6737893692275,0 79.579040659376,24.6737875516684,0 79.5790389149228,24.6737858149461,0 79.5790370736376,24.6737841637956,0 79.5790351405408,24.6737826027188,0 79.5790331209029,24.6737811359721,0 79.579031405236,24.6737800183543,0 79.5789324648754,24.6735897496475,0 79.5789324018532,24.6735895634091,0 79.5789314742032,24.6735870802037,0 79.5789210741948,24.6735616802065,0 79.5789199041394,24.6735590734667,0 79.5789185584131,24.6735565384943,0 79.5789028589224,24.6735291740368,0 79.5788907213388,24.6734922218799,0 79.5788899019254,24.6734899480202,0 79.5788889517538,24.6734877170474,0 79.5788878734958,24.6734855352348,0 79.5788866701833,24.6734834087173,0 79.5788853451999,24.6734813434744,0 79.5788839022713,24.6734793453135,0 79.5788823454549,24.6734774198531,0 79.5788806791283,24.6734755725074,0 79.578878907977,24.6734738084709,0 79.5788519079759,24.6734483084771,0 79.5788500961621,24.6734466830573,0 79.5788481953551,24.673445144837,0 79.5788462105748,24.6734436978787,0 79.5788441470633,24.673442346004,0 79.5788420102703,24.6734410927831,0 79.5788398058394,24.673439941526,0 79.5788375395923,24.6734388952732,0 79.5788352175146,24.6734379567878,0 79.5788328457388,24.6734371285484,0 79.578830430529,24.6734364127425,0 79.5788279782638,24.6734358112606,0 79.5788254954198,24.6734353256912,0 79.5788229885544,24.6734349573166,0 79.5787985885629,24.6734319573181,0 79.5787957813848,24.6734316865202,0 79.5787929618634,24.6734315626564,0 79.5787901392022,24.6734315861309,0 79.5787873226152,24.6734317568672,0 79.5787869976473,24.673431793692,0 79.5787845276648,24.6734292166966,0 79.5786540600716,24.6734434434332,0 79.5783983048793,24.673950511253,0 79.5783974178131,24.6739508989044,0 79.5783951340704,24.6739520355009,0 79.5783929189394,24.6739532803219,0 79.578391818107,24.6739539744407,0 79.5783917091091,24.6739635881583,0 79.5783555433202,24.6740352911146,0 79.5783244337525,24.6740349966068,0 79.5783240803984,24.6740354717518,0 79.5783226674629,24.6740376189867,0 79.5783213870673,24.674039834539,0 79.5783202431552,24.6740421115849,0 79.5783192392499,24.674044443111,0 79.5783183784434,24.6740468219362,0 79.5783120607856,24.674066055674,0 79.5782914556641,24.6740900712894,0 79.5782910598782,24.6741249772781,0 79.5782762427543,24.6741248370015,0 79.5782584729677,24.6741999204781,0 79.5782478173519,24.674233450113,0 79.5782457303769,24.6742351958212,0 79.5782135945948,24.6742529900125,0 79.5782111738726,24.6742544202628,0 79.5782088485573,24.6742559770809,0 79.5781906078355,24.6742689533243,0 79.5781895250521,24.6743644407363,0 79.5781742318732,24.6743947610564,0 79.5780903705959,24.6743939670343,0 79.5780884325182,24.6745648668936,0 79.5780835757432,24.6745744959213,0 79.5779895136418,24.6745736052502,0 79.5779873396473,24.674765292963,0 79.5779475910403,24.6748440980862,0 79.5778891394172,24.6748435445591,0 79.5778898100141,24.6748442270247,0 79.5778907534673,24.6748450918731,0 79.5778904612604,24.6748450964409,0 79.5778878793243,24.6748452606648,0 79.5778876123707,24.6748452905447,0 79.5778866082786,24.6749338171918,0 79.5777877988354,24.6749328814271,0 79.577786774702,24.6750231683269,0 79.5777219065499,24.6750225539622,0 79.5777163505889,24.6750321487066,0 79.5776928722457,24.675072511452,0 79.5776916688867,24.6750747242826,0 79.5776905998277,24.6750769939586,0 79.5776896682712,24.6750793136808,0 79.5776888770081,24.6750816764998,0 79.5776882284085,24.6750840753376,0 79.5776877244157,24.6750865030079,0 79.5776873665392,24.6750889522381,0 79.5776871841342,24.6750910849955,0 79.5776869409833,24.6751125193881,0 79.5776859862396,24.6751125103453,0 79.5776815558119,24.6751924156876,0 79.5776814925952,24.6751947765012,0 79.5776815645668,24.6751971371056,0 79.5776817715299,24.6751994910415,0 79.5776821129181,24.6752018318683,0 79.5776825877974,24.6752041531808,0 79.5776831948683,24.6752064486277,0 79.5776839324699,24.675208711928,0 79.5776847985839,24.6752109368889,0 79.5776857908405,24.6752131174225,0 79.5776859379182,24.6752133982332,0 79.5776702404742,24.675295982566,0 79.577667844161,24.6752950045682,0 79.5776653943944,24.6752941442196,0 79.5776628980868,24.6752934039478,0 79.5776603622816,24.6752927858416,0 79.5776577941342,24.675292291645,0 79.5776552008908,24.6752919227525,0 79.5776525898686,24.675291680205,0 79.577649968435,24.6752915646867,0 79.5776473439867,24.6752915765238,0 79.5776447239289,24.6752917156827,0 79.5776421156543,24.6752919817709,0 79.5776395265228,24.6752923740375,0 79.5776369638397,24.6752928913756,0 79.577634434836,24.6752935323257,0 79.5776319466477,24.675294295079,0 79.5776295062955,24.6752951774835,0 79.5776271206652,24.6752961770493,0 79.5776247964882,24.6752972909559,0 79.5776225403224,24.6752985160605,0 79.5776203585338,24.6752998489061,0 79.5776182572788,24.6753012857319,0 79.5776162424862,24.6753028224838,0 79.5776143198411,24.6753044548257,0 79.5776124947685,24.6753061781516,0 79.577610772418,24.675307987599,0 79.5776091576495,24.6753098780623,0 79.5776076550193,24.6753118442072,0 79.5776062687673,24.6753138804861,0 79.5775868635903,24.6753441488337,0 79.5775527616372,24.6753851820632,0 79.5775226585647,24.6754167323894,0 79.5775209970199,24.6754185695448,0 79.5775194438945,24.6754204842613,0 79.5775180035167,24.6754224712028,0 79.5775166799009,24.6754245248319,0 79.5775154767359,24.6754266394253,0 79.5775143973747,24.6754288090897,0 79.5775134448254,24.6754310277786,0 79.5775126217429,24.6754332893085,0 79.5775119304208,24.6754355873769,0 79.5775113727859,24.6754379155792,0 79.5775109503923,24.6754402674268,0 79.5775106644171,24.6754426363655,0 79.5775105156574,24.6754450157931,0 79.5775105045277,24.6754473990784,0 79.5775106310591,24.6754497795794,0 79.5775108948989,24.6754521506618,0 79.5775112953119,24.6754545057175,0 79.5775118311821,24.6754568381834,0 79.5775125010161,24.6754591415589,0 79.5775133029471,24.6754614094248,0 79.5775142347403,24.6754636354607,0 79.5775152937989,24.6754658134628,0 79.5775164771712,24.6754679373613,0 79.5775177815594,24.6754700012369,0 79.5775192033283,24.6754719993378,0 79.5775207385154,24.6754739260955,0 79.5775223828424,24.6754757761403,0 79.577615882832,24.6755754761629,0 79.5776176377563,24.675577250126,0 79.5776194930168,24.675578936693,0 79.5776214434081,24.6755805311319,0 79.5776234834583,24.6755820289694,0 79.5776256074436,24.6755834260032,0 79.577627809405,24.6755847183135,0 79.5776300831644,24.6755859022746,0 79.5776324223426,24.6755869745648,0 79.5776348203767,24.6755879321756,0 79.5776372705386,24.6755887724203,0 79.577639765954,24.6755894929414,0 79.5776422996217,24.6755900917175,0 79.5776448644331,24.6755905670685,0 79.5776474531923,24.6755909176608,0 79.577663567039,24.6755927028403,0 79.5776652040271,24.6756016278893,0 79.5776506265249,24.6756197689924,0 79.5776481131245,24.6756194464236,0 79.5776455849117,24.6756192422179,0 79.5776430485582,24.6756191569142,0 79.5776405107571,24.6756191907375,0 79.5776379782054,24.6756193435986,0 79.5776354575861,24.6756196150941,0 79.577632955551,24.6756200045075,0 79.5776304787024,24.6756205108113,0 79.5776280335765,24.6756211326694,0 79.5776256266257,24.6756218684408,0 79.5776232642016,24.6756227161838,0 79.5776209525385,24.6756236736614,0 79.5776186977363,24.6756247383469,0 79.5776165057454,24.6756259074308,0 79.5776143823501,24.6756271778279,0 79.5776123331538,24.6756285461859,0 79.577610363564,24.6756300088938,0 79.5776084787783,24.6756315620917,0 79.5776066837703,24.6756332016809,0 79.577604983277,24.6756349233349,0 79.5776033817856,24.6756367225102,0 79.5776018835223,24.6756385944591,0 79.5776004924409,24.6756405342418,0 79.5775992122123,24.6756425367395,0 79.5775980462147,24.6756445966677,0 79.5775836073528,24.67567179544,0 79.577512691934,24.6757060465706,0 79.5774856854277,24.675711528488,0 79.5774832064041,24.6757120935278,0 79.5774807626623,24.6757127749109,0 79.5774783607372,24.6757135708154,0 79.5774760070521,24.6757144791128,0 79.577473707901,24.6757154973741,0 79.5774714694323,24.6757166228764,0 79.5774692976319,24.67571785261,0 79.5774671983077,24.6757191832862,0 79.5774651770735,24.6757206113467,0 79.5774632393345,24.6757221329726,0 79.5774613902725,24.6757237440948,0 79.5774596348322,24.6757254404049,0 79.5774579777079,24.6757272173667,0 79.5774564233311,24.6757290702283,0 79.5774549758584,24.6757309940349,0 79.577340239416,24.6758356164423,0 79.577340167525,24.675835528071,0 79.5773385180357,24.6758337077601,0 79.5773367665568,24.6758319688158,0 79.5773349178879,24.6758303160033,0 79.5773329770949,24.6758287538518,0 79.5773309494963,24.6758272866422,0 79.5773288406484,24.6758259183952,0 79.5773266563301,24.6758246528601,0 79.577324402527,24.675823493505,0 79.5773220854155,24.6758224435068,0 79.5773197113451,24.675821505743,0 79.5773172868216,24.6758206827832,0 79.577314818489,24.6758199768826,0 79.5773123131113,24.6758193899758,0 79.5773097775541,24.6758189236709,0 79.5773072187656,24.6758185792458,0 79.5773046437577,24.6758183576443,0 79.5773020595869,24.6758182594738,0 79.5772994733345,24.6758182850032,0 79.5772968920878,24.6758184341625,0 79.5772943229203,24.675818706543,0 79.5772917728722,24.6758191013984,0 79.5772892489315,24.6758196176465,0 79.5772867580148,24.6758202538727,0 79.5772843069479,24.6758210083335,0 79.5772819024475,24.6758218789615,0 79.5772795511027,24.6758228633707,0 79.5772772593571,24.6758239588638,0 79.5772750334907,24.6758251624385,0 79.5772728796032,24.6758264707968,0 79.5771802796188,24.6758859707801,0 79.5771782965309,24.6758873138894,0 79.5771763893325,24.6758887458244,0 79.5771745627841,24.6758902630111,0 79.5771728214449,24.6758918616625,0 79.5771711696616,24.675893537788,0 79.577169611557,24.6758952872041,0 79.5771681510203,24.675897105544,0 79.5771585510185,24.6759097055414,0 79.5771571886112,24.6759115927797,0 79.577155931312,24.6759135399743,0 79.5771547822743,24.6759155422417,0 79.5771537443795,24.6759175945606,0 79.5771528202308,24.675919691784,0 79.5771520121456,24.6759218286524,0 79.5771513221507,24.6759239998067,0 79.5771507519763,24.6759261998021,0 79.5771446866642,24.6759525257974,0 79.5770839226499,24.6760022223265,0 79.5770838369707,24.6760097716526,0 79.5770707230221,24.6760096473879,0 79.5770686265239,24.6760105834826,0 79.5770663137503,24.6760117603391,0 79.5770640732788,24.6760130486928,0 79.5770619115412,24.6760144448449,0 79.5770598347431,24.6760159447877,0 79.5770578488465,24.6760175442152,0 79.5770559595521,24.676019238536,0 79.5770541722837,24.6760210228861,0 79.5770524921719,24.6760228921433,0 79.5770509240399,24.6760248409414,0 79.5770256818081,24.6760580388829,0 79.5770090607302,24.6760784507254,0 79.5770075599047,24.6760803991724,0 79.5770061736712,24.6760824172569,0 79.577004905891,24.6760844993579,0 79.5770037600954,24.6760866396758,0 79.5770027394758,24.6760888322489,0 79.5770018468752,24.6760910709701,0 79.5770010847798,24.6760933496035,0 79.5770004553123,24.6760956618022,0 79.5769999602262,24.6760980011258,0 79.576999360225,24.6761013011256,0 79.5769990354338,24.676103387623,0 79.5769988175644,24.6761054856971,0 79.5769987070917,24.6761075907759,0 79.5769987042563,24.6761096982719,0 79.5770003042302,24.6761757982713,0 79.5770004131253,24.6761779573187,0 79.5770033603853,24.6762163701385,0 79.5770044935393,24.6762425840061,0 79.5770004407635,24.6762544352915,0 79.576999721964,24.676256752671,0 79.5769991394501,24.6762591017815,0 79.5769986948801,24.6762614759364,0 79.5769983895194,24.6762638683775,0 79.5769982242372,24.6762662722947,0 79.576998199504,24.6762686808452,0 79.5769983153903,24.676271087173,0 79.5769985715661,24.6762734844286,0 79.5769989673022,24.6762758657879,0 79.5769995014723,24.6762782244725,0 79.5770001725557,24.6762805537684,0 79.5770220384831,24.6763489797343,0 79.5769932296552,24.6763661499233,0 79.5769929097815,24.6763659597154,0 79.5769907833575,24.6763648288,0 79.5769885979558,24.6763637960132,0 79.5769863589956,24.6763628639158,0 79.5769840720291,24.6763620348194,0 79.576981029466,24.6763610111538,0 79.5769809276363,24.6763699827361,0 79.5768821171004,24.6763690463246,0 79.5768825433841,24.676331491728,0 79.5766849002631,24.6763315674605,0 79.5766844960436,24.6763671733067,0 79.5764868750068,24.6763653000289,0 79.5764861587161,24.6764283858769,0 79.576326518209,24.6764499906932,0 79.5763239112707,24.6764540516224,0 79.5762855695174,24.6764536881027,0 79.5762679026505,24.6764839162549,0 79.5762099848211,24.6765793276874,0 79.5761828281615,24.676619281171,0 79.5761813484271,24.6766216104567,0 79.5761800233356,24.6766240162231,0 79.5761788576028,24.676626489908,0 79.5761457496021,24.6767029464595,0 79.5761000542577,24.6768022840881,0 79.5760847593049,24.6768345623735,0 79.5760838001569,24.6768367401583,0 79.5760829661965,24.6768389605553,0 79.5760822596785,24.6768412175609,0 79.5760816825134,24.6768435050725,0 79.5760812362617,24.6768458169049,0 79.5760745362463,24.6768867169021,0 79.5760742360698,24.6768889171276,0 79.5760740544818,24.6768911281663,0 79.5760739919203,24.6768933446849,0 79.5760740485363,24.6768955613369,0 79.5760742241932,24.6768977727756,0 79.5760745184673,24.6768999736667,0 79.5760861791588,24.6769723673259,0 79.5760849661769,24.6769727688327,0 79.5760825928835,24.6769736849285,0 79.5760802750785,24.6769747128191,0 79.576078019064,24.6769758497095,0 79.5760758309744,24.6769770925085,0 79.5760737167593,24.6769784378369,0 79.5760716821673,24.6769798820365,0 79.5760697327307,24.6769814211804,0 79.5760678737501,24.6769830510838,0 79.5760661102801,24.6769847673147,0 79.5760426102792,24.677008867309,0 79.5760409612138,24.6770106491344,0 79.5760394151133,24.6770125064384,0 79.5760379761084,24.6770144342586,0 79.5760366480437,24.6770164274444,0 79.5760354344675,24.6770184806707,0 79.5760343386221,24.6770205884518,0 79.5760333634353,24.6770227451563,0 79.5760325115126,24.677024945022,0 79.57603178513,24.6770271821716,0 79.5760311862282,24.677029450628,0 79.5760307164075,24.6770317443305,0 79.5760303769229,24.677034057151,0 79.5760301686815,24.6770363829102,0 79.5760300922397,24.6770387153945,0 79.5760301478018,24.6770410483719,0 79.5760303352192,24.6770433756096,0 79.5760306539913,24.6770456908896,0 79.5760311032663,24.6770479880264,0 79.576031681844,24.6770502608824,0 79.5760323881787,24.6770525033854,0 79.576033220383,24.6770547095439,0 79.5760341762337,24.6770568734637,0 79.576035253177,24.6770589893634,0 79.5760362469463,24.6770607040961,0 79.5760353647408,24.677062206762,0 79.5760342633871,24.6770643441275,0 79.5760332859046,24.6770665312092,0 79.5760324349702,24.6770687620183,0 79.5760317129139,24.6770710304461,0 79.5760311217129,24.6770733302811,0 79.5760306629861,24.6770756552254,0 79.5760303379897,24.6770779989129,0 79.5760301476137,24.6770803549256,0 79.5760300923792,24.6770827168123,0 79.5760301724376,24.6770850781053,0 79.5760303875697,24.6770874323386,0 79.5760307371863,24.6770897730658,0 79.5760312203302,24.6770920938772,0 79.5760318356783,24.6770943884177,0 79.5760325815456,24.6770966504041,0 79.5760334558898,24.6770988736425,0 79.5760390255021,24.677111950136,0 79.5760363565915,24.6771159352187,0 79.5760350191538,24.6771180596638,0 79.5760262191504,24.6771329596611,0 79.5760250245065,24.6771351189269,0 79.5760239581799,24.6771373335721,0 79.5760230232333,24.6771395972357,0 79.5760222223522,24.6771419034159,0 79.5760215578368,24.6771442454889,0 79.5760210315958,24.6771466167278,0 79.5760206451406,24.677149010322,0 79.5760203995813,24.6771514193964,0 79.5760202956231,24.6771538370318,0 79.5760203335646,24.6771562562842,0 79.5760205132969,24.6771586702049,0 79.5760208343037,24.6771610718608,0 79.5760212956631,24.6771634543537,0 79.57602189605,24.6771658108406,0 79.5760226337398,24.6771681345532,0 79.5760235066139,24.6771704188173,0 79.5760339604636,24.6771955876234,0 79.5760153259732,24.6772239830214,0 79.5760140917006,24.6772259768186,0 79.576012969696,24.6772280252541,0 79.5760119628482,24.6772301230544,0 79.5760110737492,24.6772322648188,0 79.576010304688,24.6772344450333,0 79.5760096576445,24.6772366580852,0 79.5760091342844,24.6772388982768,0 79.5760087359553,24.6772411598411,0 79.5760084636826,24.6772434369555,0 79.5760083181672,24.6772457237578,0 79.5760082997838,24.6772480143607,0 79.5760084085797,24.677250302867,0 79.5760086442748,24.6772525833851,0 79.5760090062623,24.6772548500439,0 79.5760160062481,24.6772920500455,0 79.5760165116402,24.6772943701037,0 79.576017149338,24.677296662788,0 79.5760179175906,24.6772989218038,0 79.5760188142888,24.6773011409485,0 79.5760198369706,24.6773033141295,0 79.5760209828281,24.6773054353799,0 79.5760222487153,24.6773074988757,0 79.5760236311565,24.6773094989514,0 79.5760251263561,24.6773114301156,0 79.576026730209,24.6773132870661,0 79.5760284383116,24.6773150647044,0 79.5760302459741,24.6773167581498,0 79.5760321482335,24.6773183627529,0 79.5760341398668,24.6773198741081,0 79.576036215406,24.6773212880658,0 79.5760383691523,24.6773226007438,0 79.5760405951926,24.677323808538,0 79.5760428874149,24.6773249081323,0 79.5760452395258,24.6773258965078,0 79.5760476450673,24.6773267709507,0 79.5760500974347,24.6773275290601,0 79.576052589895,24.6773281687545,0 79.5760551156047,24.6773286882777,0 79.5760576676293,24.6773290862033,0 79.5760602389619,24.6773293614386,0 79.5760628225428,24.677329513228,0 79.5760654112784,24.6773295411548,0 79.5760679980611,24.6773294451422,0 79.5760705757887,24.677329225454,0 79.5760731373837,24.6773288826932,0 79.5760756758131,24.6773284178009,0 79.5760781841074,24.6773278320536,0 79.5760806553797,24.6773271270594,0 79.576083082845,24.6773263047541,0 79.5760854598384,24.6773253673953,0 79.5760877798336,24.6773243175566,0 79.576090036461,24.6773231581205,0 79.5760922235246,24.6773218922703,0 79.5760943350198,24.6773205234815,0 79.5760963651491,24.6773190555122,0 79.5760983083388,24.677317492393,0 79.5761001592535,24.6773158384155,0 79.5761019128115,24.6773140981209,0 79.5761035641981,24.6773122762872,0 79.5761051088793,24.6773103779166,0 79.5761065426141,24.6773084082212,0 79.5761078614659,24.6773063726089,0 79.5761090618139,24.6773042766688,0 79.5761101403622,24.6773021261555,0 79.5761110941497,24.6772999269733,0 79.5761119205577,24.6772976851603,0 79.5761126173172,24.6772954068718,0 79.5761130500095,24.677293639572,0 79.5761153605622,24.6772929358486,0 79.5761177974587,24.6772920600183,0 79.5761201801489,24.6772910674465,0 79.5761225019399,24.6772899609214,0 79.5761247563098,24.6772887435512,0 79.5761269369261,24.6772874187555,0 79.5761290376634,24.6772859902555,0 79.5761310526208,24.6772844620639,0 79.5761326204538,24.6772831386973,0 79.5761490822823,24.6773130555385,0 79.5762243964945,24.6773196784429,0 79.5762243065238,24.6773212946245,0 79.5762236688804,24.6773450832889,0 79.576222241256,24.6773461849401,0 79.5762203504606,24.677347806747,0 79.5762185554006,24.6773495169712,0 79.5762168610214,24.6773513109011,0 79.576215271991,24.6773531835944,0 79.5762137926873,24.6773551298918,0 79.5762124271858,24.6773571444311,0 79.5762111792485,24.6773592216624,0 79.5762100523133,24.6773613558628,0 79.5762090494851,24.6773635411525,0 79.5762081735267,24.6773657715111,0 79.5762074268514,24.677368040794,0 79.5762068115162,24.6773703427491,0 79.5762063292165,24.6773726710346,0 79.5762059812809,24.677375019236,0 79.5762057686681,24.677377380884,0 79.5762056919638,24.6773797494723,0 79.5762057513793,24.6773821184752,0 79.576205946751,24.6773844813663,0 79.5762062775405,24.6773868316356,0 79.5762067428367,24.6773891628083,0 79.5762073413576,24.6773914684617,0 79.5762080714543,24.6773937422439,0 79.5762089311153,24.6773959778906,0 79.5762099179723,24.6773981692424,0 79.5762110293065,24.6774003102623,0 79.5762122620561,24.6774023950516,0 79.5762136128249,24.6774044178667,0 79.5762150778916,24.6774063731347,0 79.5762166532198,24.6774082554689,0 79.5762183344695,24.6774100596833,0 79.5762201170089,24.6774117808074,0 79.5762219959269,24.6774134140994,0 79.5762239660472,24.6774149550596,0 79.5762260219421,24.6774163994426,0 79.5762281579475,24.677417743269,0 79.5762303681787,24.6774189828367,0 79.5762326465465,24.6774201147306,0 79.576234986774,24.6774211358323,0 79.5762373824137,24.6774220433287,0 79.5762398268657,24.6774228347196,0 79.5762423133955,24.6774235078246,0 79.5762448351525,24.6774240607895,0 79.5762473851894,24.6774244920907,0 79.5762499564807,24.67742480054,0 79.5762525419425,24.6774249852877,0 79.5762551344519,24.6774250458247,0 79.5762577268663,24.6774249819842,0 79.5762762268729,24.6774240819842,0 79.5762787414974,24.6774239007337,0 79.5762812427212,24.6774236024542,0 79.576283724025,24.6774231879231,0 79.5762861789416,24.6774226582208,0 79.5762886010724,24.677422014728,0 79.5762909841045,24.6774212591217,0 79.5764334786747,24.6773723188715,0 79.5764448384369,24.6773754311348,0 79.5764850174343,24.6773896851135,0 79.576487105345,24.6773903768971,0 79.5764892251699,24.6773909822472,0 79.5764913726257,24.6773914999406,0 79.5765419393217,24.6774025857175,0 79.5765621290572,24.6774081939778,0 79.5765645785483,24.6774088119833,0 79.5765670595742,24.6774093140965,0 79.5765695655722,24.6774096989891,0 79.5765720899133,24.6774099656431,0 79.5765738341474,24.6774100672363,0 79.5765742426059,24.6773740925269,0 79.5771823856204,24.6775691285743,0 79.5773677627504,24.6777977351174,0 79.5773878050416,24.6778619223572,0 79.5774018336093,24.6779090124675,0 79.5774575644618,24.6779095404591,0 79.5774555154342,24.67809011416,0 79.5774683165457,24.6780902354351,0 79.5774641956217,24.6781950826703,0 79.5774604409555,24.6782707539327,0 79.5774534663867,24.6782706878565,0 79.5774514173192,24.6784512615485,0 79.5773992413607,24.6784507672263,0 79.5773979498876,24.6785215096943,0 79.5773879584192,24.6785852646193,0 79.5773876256148,24.67858712832,0 79.5773805275128,24.6786219286713,0 79.5773801351132,24.6786241617183,0 79.5773798655987,24.6786264099193,0 79.5773797196457,24.6786286676322,0 79.5773796976205,24.6786309291908,0 79.5773797019698,24.6786311751997,0 79.5774425278969,24.6786317704303,0 79.5774133132604,24.6792205499195,0 79.5774421376972,24.6792690044454,0 79.5774417183427,24.679305958135,0 79.5774657461963,24.6793624528811,0 79.5774667586929,24.679364658561,0 79.5774678976164,24.6793668121486,0 79.5774691597699,24.6793689075992,0 79.5774705416109,24.6793709390308,0 79.5774720392604,24.6793729007416,0 79.5774736485148,24.6793747872251,0 79.5774753648571,24.6793765931862,0 79.5774771834696,24.6793783135556,0 79.5774790992476,24.6793799435045,0 79.5774811068137,24.6793814784577,0 79.577483200533,24.6793829141068,0 79.5774853745284,24.679384246422,0 79.5774876226978,24.6793854716636,0 79.5774899387308,24.6793865863925,0 79.5774923161264,24.6793875874797,0 79.5774940852248,24.6793882309635,0 79.577506494531,24.679401206476,0 79.5775082378446,24.679402936264,0 79.5775100773666,24.6794045807658,0 79.5775120081065,24.6794061355199,0 79.5775140248262,24.6794075963083,0 79.5775161220544,24.6794089591678,0 79.5775182941013,24.6794102204009,0 79.5775205350741,24.6794113765861,0 79.5775228388931,24.6794124245866,0 79.5775251993081,24.6794133615592,0 79.5775276099154,24.6794141849618,0 79.5775286869857,24.6794144954969,0 79.5776220614095,24.6795714593189,0 79.577645355799,24.6795580538119,0 79.5777890599288,24.6799792717045,0 79.5781648065972,24.6799650457135,0 79.578608396414,24.6798702057321,0 79.578628586037,24.6798675849667,0 79.5786312132481,24.6798796263718,0 79.5786317001808,24.6798822233516,0 79.5786322021484,24.679884535949,0 79.578632835562,24.6798868214488,0 79.5786335986941,24.6798890736182,0 79.5786344894634,24.679891286315,0 79.5786355054407,24.6798934535046,0 79.5786366438551,24.6798955692766,0 79.578637901602,24.6798976278609,0 79.5786392752512,24.6798996236433,0 79.5786407610566,24.6799015511809,0 79.5786423549659,24.6799034052168,0 79.5786440526322,24.6799051806947,0 79.5786458494257,24.6799068727724,0 79.5786463802058,24.679907323008,0 79.5787195978562,24.6799080160987,0 79.5787185362482,24.6800016466385,0 79.5787211344602,24.6800055332215,0 79.5787225158118,24.6800074847761,0 79.5787239092937,24.680009247411,0 79.5787183911395,24.680014444741,0 79.5787165267516,24.6801788767252,0 79.57875985215,24.6801792868382,0 79.5787611842392,24.68017855433,0 79.578763341029,24.6801772220899,0 79.5787654180261,24.6801757878996,0 79.5787674094642,24.6801742557408,0 79.5787693098146,24.6801726298673,0 79.5787711138014,24.6801709147927,0 79.5787728164161,24.6801691152788,0 79.5787744129321,24.6801672363213,0 79.5787758989168,24.6801652831367,0 79.5787772702448,24.6801632611477,0 79.5787785231089,24.6801611759677,0 79.578779654031,24.6801590333859,0 79.5787806598711,24.6801568393505,0 79.5787815378369,24.6801545999528,0 79.578782285491,24.6801523214099,0 79.5787829007576,24.6801500100477,0 79.5787833819285,24.6801476722832,0 79.578783727668,24.6801453146065,0 79.5787839370162,24.6801429435633,0 79.5787840093919,24.6801405657361,0 79.5787839445942,24.6801381877264,0 79.5787837428029,24.6801358161362,0 79.5787834045783,24.6801334575497,0 79.5787829308595,24.6801311185149,0 79.5787823229615,24.6801288055255,0 79.5787815825721,24.6801265250032,0 79.5787807117468,24.6801242832791,0 79.5787799370222,24.6801224441522,0 79.5788127976492,24.6800881923342,0 79.5788130091415,24.6800885827429,0 79.5788142809704,24.6800906498174,0 79.578815669833,24.6800926530217,0 79.5788171718975,24.6800945868292,0 79.5788187830197,24.6800964459043,0 79.5788204987546,24.680098225118,0 79.5788223143683,24.6800999195614,0 79.5788242248518,24.6801015245596,0 79.5788262249339,24.6801030356843,0 79.5788283090965,24.6801044487665,0 79.5788304715894,24.6801057599073,0 79.578846371592,24.6801148599102,0 79.5788485401786,24.6801160317944,0 79.5788507713242,24.6801171011502,0 79.5788530592277,24.6801180651969,0 79.5788553979401,24.6801189214281,0 79.5788577813804,24.6801196676172,0 79.5788602033514,24.6801203018242,0 79.5788626575556,24.6801208223999,0 79.5788651376116,24.6801212279908,0 79.5788676370709,24.6801215175424,0 79.5788701494346,24.6801216903017,0 79.5788726681701,24.6801217458195,0 79.5788751867284,24.6801216839515,0 79.5788776985608,24.6801215048585,0 79.5788801971362,24.6801212090062,0 79.5788826759579,24.6801207971639,0 79.5788851285806,24.6801202704025,0 79.5788875486271,24.6801196300915,0 79.578889929805,24.6801188778959,0 79.5788922659227,24.6801180157715,0 79.5789202659306,24.6801069157682,0 79.5789226104033,24.6801059189559,0 79.5789248945891,24.6801048114357,0 79.5789271122317,24.6801035962409,0 79.578929257257,24.6801022767001,0 79.5789313237897,24.6801008564275,0 79.5789333061695,24.6800993393132,0 79.5789351989666,24.6800977295126,0 79.5789369969967,24.680096031435,0 79.578938695335,24.6800942497315,0 79.5789402893297,24.6800923892821,0 79.5789413048797,24.6800910668594,0 79.5789435238828,24.6800911427947,0 79.5789460703427,24.680091109953,0 79.5789486115679,24.6800909572682,0 79.5789511408074,24.680090685146,0 79.5789536513416,24.6800902943091,0 79.5789561365008,24.6800897857962,0 79.5789585896828,24.6800891609579,0 79.5789610043701,24.6800884214545,0 79.5789633741478,24.6800875692504,0 79.578985074154,24.6800791692479,0 79.5789857892419,24.6800788722093,0 79.578985815982,24.6800792144853,0 79.5789860581645,24.6800814966743,0 79.5789864268491,24.6800837646849,0 79.578986921085,24.6800860126667,0 79.5789875395971,24.680088234821,0 79.5789882807901,24.680090425416,0 79.5789891427521,24.680092578801,0 79.5789961427469,24.6801087788029,0 79.5789971503976,24.680110943861,0 79.5789982801215,24.680113058015,0 79.5789995288507,24.6801151155231,0 79.5790008931938,24.6801171107978,0 79.5790023694456,24.6801190384202,0 79.579003953597,24.6801208931553,0 79.5790056413456,24.6801226699662,0 79.579007428108,24.6801243640273,0 79.5790093090317,24.680125970738,0 79.5790112790086,24.6801274857347,0 79.5790133326886,24.6801289049032,0 79.5790154644943,24.6801302243891,0 79.5790176686363,24.6801314406092,0 79.5790199391285,24.6801325502604,0 79.5790222698049,24.6801335503291,0 79.5790246543358,24.6801344380994,0 79.5790270862453,24.6801352111602,0 79.579029558929,24.6801358674122,0 79.5790320656714,24.680136405073,0 79.5790345996649,24.6801368226825,0 79.5790371540277,24.6801371191066,0 79.5790397218227,24.6801372935402,0 79.5790422960763,24.6801373455096,0 79.5790448697975,24.6801372748737,0 79.5790474359964,24.6801370818243,0 79.579049987704,24.6801367668857,0 79.5790525179902,24.6801363309132,0 79.5790550199835,24.6801357750908,0 79.5790574868889,24.680135100928,0 79.5790599120068,24.6801343102556,0 79.5790622887512,24.680133405221,0 79.5790646106673,24.6801323882821,0 79.5790668714494,24.6801312622005,0 79.5790683188289,24.6801304491597,0 79.57906879548,24.680130684128,0 79.5790711530195,24.6801317034079,0 79.5790735661392,24.6801326075998,0 79.5790760281154,24.6801333941844,0 79.579078532088,24.68013406097,0 79.5790810710799,24.6801346060985,0 79.5790836380164,24.680135028051,0 79.579086225745,24.6801353256518,0 79.5790888270552,24.6801354980716,0 79.5790914346988,24.6801355448301,0 79.5790940414098,24.6801354657969,0 79.5790966399248,24.6801352611923,0 79.5790992230034,24.6801349315863,0 79.579101783448,24.6801344778974,0 79.5791040297526,24.6801339661718,0 79.5791134938744,24.6801414794716,0 79.5791153750189,24.6801428963588,0 79.5790562239185,24.680202047419,0 79.5790545511751,24.6802038094944,0 79.5790529802713,24.6802056481601,0 79.5790515154008,24.6802075585078,0 79.5790501604741,24.6802095354378,0 79.5790489191082,24.6802115736726,0 79.579047794617,24.6802136677709,0 79.5790467900023,24.6802158121427,0 79.5790459079461,24.6802180010633,0 79.579045150803,24.6802202286894,0 79.5790445205943,24.6802224890743,0 79.5790440190023,24.6802247761837,0 79.579043647366,24.6802270839122,0 79.5790434066776,24.6802294060991,0 79.5790432975796,24.6802317365454,0 79.5790433203632,24.6802340690297,0 79.5790434749677,24.6802363973254,0 79.5790437609802,24.6802387152172,0 79.5790441776373,24.6802410165172,0 79.5790447238268,24.680243295082,0 79.5790453980905,24.680245544829,0 79.5790461986285,24.6802477597523,0 79.5790471233037,24.6802499339392,0 79.5790481696477,24.6802520615855,0 79.5790493348672,24.6802541370114,0 79.5790506158516,24.6802561546765,0 79.579122762578,24.6803633147609,0 79.5792085481701,24.680364126557,0 79.5792714260115,24.6803647215442,0 79.5792793416063,24.6802348933687,0 79.5792811138599,24.6802349451114,0 79.5792836972619,24.6802348970456,0 79.579286274381,24.6802347256433,0 79.5792888381691,24.6802344313734,0 79.5792913816145,24.6802340150405,0 79.579293897761,24.6802334777834,0 79.5792963797273,24.6802328210714,0 79.5792988207252,24.6802320467005,0 79.579301214079,24.6802311567887,0 79.579303553243,24.6802301537696,0 79.5793058318197,24.6802290403865,0 79.5793080435776,24.6802278196844,0 79.5793089235959,24.6802272746611,0 79.579309408529,24.6801844877876,0 79.5793324101127,24.6801847054285,0 79.5793347275883,24.6801719434129,0 79.5793353028946,24.6801712973164,0 79.5793484936694,24.6801556935904,0 79.5793685830385,24.6801401889288,0 79.5793705057507,24.6801386247972,0 79.5793723366922,24.6801369712864,0 79.5793740708927,24.6801352328851,0 79.5793757036444,24.6801334143125,0 79.5793772305149,24.6801315205054,0 79.5793786473594,24.6801295566048,0 79.5793799503317,24.6801275279419,0 79.5793811358946,24.6801254400239,0 79.5793822008297,24.6801232985188,0 79.5793831422462,24.6801211092399,0 79.5793839575884,24.6801188781305,0 79.579384644643,24.6801166112471,0 79.5793852015448,24.6801143147436,0 79.5793856267821,24.6801119948541,0 79.5793859192005,24.6801096578763,0 79.5793860780063,24.6801073101543,0 79.5793861027683,24.6801049580613,0 79.5793859934193,24.6801026079825,0 79.5793857502561,24.6801002662974,0 79.579385373939,24.6800979393629,0 79.5793848654893,24.6800956334958,0 79.5793842262875,24.6800933549558,0 79.5793834580687,24.6800911099281,0 79.5793825629184,24.6800889045073,0 79.5793815432666,24.6800867446804,0 79.5793804018812,24.6800846363104,0 79.5793791418609,24.6800825851209,0 79.5793777666259,24.6800805966801,0 79.5793762799098,24.6800786763859,0 79.5793746857483,24.6800768294512,0 79.579372988469,24.6800750608898,0 79.5793711926795,24.6800733755028,0 79.5793693032547,24.6800717778652,0 79.5793673253236,24.6800702723142,0 79.5793652642558,24.6800688629368,0 79.5793631256462,24.680067553559,0 79.5793609153004,24.6800663477351,0 79.5793586392188,24.6800652487387,0 79.5793563035799,24.6800642595531,0 79.5793539147244,24.6800633828635,0 79.5793514791371,24.68006262105,0 79.5793490034297,24.6800619761804,0 79.5793464943229,24.6800614500055,0 79.579343958628,24.6800610439536,0 79.5793414032285,24.6800607591269,0 79.5793388350615,24.6800605962988,0 79.5793362610985,24.6800605559111,0 79.579333688327,24.6800606380736,0 79.5793311237311,24.6800608425632,0 79.5793285742728,24.6800611688247,0 79.579326046873,24.6800616159726,0 79.5793235483925,24.6800621827929,0 79.5793221742823,24.6800625649639,0 79.5793224028803,24.680062382231,0 79.5793242715009,24.68006072163,0 79.5793260416728,24.6800589732957,0 79.5793277084691,24.6800571420941,0 79.5793292672507,24.6800552331219,0 79.579330713679,24.6800532516924,0 79.5793320437283,24.6800512033204,0 79.5793332536967,24.6800490937072,0 79.5793343402165,24.6800469287242,0 79.5793353002636,24.6800447143974,0 79.579336131166,24.6800424568897,0 79.5793368306109,24.6800401624845,0 79.5793373966518,24.6800378375677,0 79.5793378277131,24.6800354886102,0 79.5793381225951,24.6800331221498,0 79.5793382804771,24.6800307447729,0 79.5793383009196,24.6800283630966,0 79.5793381838658,24.6800259837496,0 79.5793379506895,24.6800238096073,0 79.5793391026034,24.6800135425134,0 79.5793394244319,24.680013258812,0 79.5793411884778,24.6800115320789,0 79.5793428512647,24.6800097234044,0 79.5793444082408,24.6800078377398,0 79.5793458551437,24.6800058802474,0 79.5793471880123,24.680003856286,0 79.5793484031979,24.6800017713963,0 79.5793494973737,24.6799996312858,0 79.5793504675444,24.6799974418132,0 79.5793507874216,24.6799965950715,0 79.5793511104275,24.6799966425715,0 79.5793536457981,24.6799968936367,0 79.579356191969,24.6799970248385,0 79.5793587421574,24.6799970358276,0 79.5793612895694,24.6799969265745,0 79.5793638274188,24.6799966973704,0 79.5793663489448,24.6799963488258,0 79.5793688474298,24.6799958818692,0 79.5793713162181,24.6799952977447,0 79.5793737487326,24.6799945980083,0 79.5793761384932,24.6799937845242,0 79.5793784791335,24.6799928594595,0 79.579380764418,24.6799918252785,0 79.5793829882587,24.6799906847364,0 79.5793851447313,24.6799894408715,0 79.579387228091,24.6799880969974,0 79.5793892327876,24.6799866566944,0 79.5793911534807,24.6799851237994,0 79.5793929850534,24.6799835023959,0 79.5793947226265,24.6799817968035,0 79.579396361571,24.6799800115659,0 79.5793978975209,24.6799781514389,0 79.5793993263843,24.6799762213779,0 79.5794006443547,24.6799742265247,0 79.57941434435,24.6799522265206,0 79.5794155855281,24.6799501036602,0 79.5794167011255,24.6799479233786,0 79.5794176879715,24.6799456918724,0 79.5794185432615,24.6799434154838,0 79.5794192645646,24.6799411006826,0 79.5794198498308,24.6799387540477,0 79.5794202973967,24.6799363822485,0 79.5794206059903,24.679933992026,0 79.5794207747345,24.6799315901736,0 79.5794208031497,24.6799291835174,0 79.5794206911551,24.6799267788976,0 79.5794204390692,24.6799243831484,0 79.5794200476084,24.6799220030788,0 79.5794196684866,24.6799203157312,0 79.5794204672767,24.6799191803334,0 79.5794217839614,24.6799170665785,0 79.5794229741521,24.6799148911015,0 79.5794240343944,24.6799126602162,0 79.5794249616112,24.6799103803974,0 79.5794494615904,24.679844780389,0 79.5794502361297,24.6798425130493,0 79.579450879087,24.6798402116267,0 79.5794513886828,24.6798378824916,0 79.5794517635065,24.6798355320911,0 79.5794520025205,24.6798331669311,0 79.5794521050633,24.6798307935586,0 79.579452070851,24.6798284185431,0 79.5794518999783,24.6798260484588,0 79.5794515929182,24.6798236898662,0 79.5794511505207,24.6798213492938,0 79.5794505740104,24.6798190332205,0 79.579449864983,24.6798167480574,0 79.5794490254012,24.6798145001297,0 79.579448057589,24.6798122956599,0 79.5794469642254,24.67981014075,0 79.5794457483367,24.6798080413649,0 79.5794454434221,24.6798075758902,0 79.5794462622124,24.6798080326867,0 79.5794485325215,24.6798091549559,0 79.5794508638775,24.6798101673585,0 79.5794532499175,24.6798110671315,0 79.5794556841294,24.679811851819,0 79.5794581598694,24.6798125192795,0 79.5794606703808,24.6798130676913,0 79.5794632088115,24.6798134955577,0 79.5794657682335,24.6798138017108,0 79.5794683416616,24.6798139853151,0 79.579470922072,24.6798140458694,0 79.5794735024222,24.6798139832087,0 79.57948962029,24.6798132064442,0 79.5794924377479,24.6798131210667,0 79.5794949400558,24.6798129871121,0 79.5794974317085,24.6798127373758,0 79.5794999062935,24.6798123725005,0 79.5795023574419,24.6798118934252,0 79.5795047788453,24.6798113013831,0 79.5795071642718,24.6798105978976,0 79.5795095075821,24.6798097847795,0 79.5795118027454,24.6798088641214,0 79.5795140438546,24.6798078382928,0 79.5795162251419,24.6798067099337,0 79.5795183409934,24.6798054819483,0 79.5795302409956,24.6797981819463,0 79.5795323842646,24.6797967901691,0 79.5795344434668,24.6797952961835,0 79.5795364127706,24.6797937042204,0 79.5795382865987,24.6797920187885,0 79.5795400596445,24.6797902446608,0 79.5795417268866,24.6797883868618,0 79.5795432836034,24.6797864506528,0 79.5795447253861,24.6797844415171,0 79.5795460481517,24.6797823651448,0 79.579547248154,24.6797802274162,0 79.5795483219946,24.6797780343854,0 79.5795492666323,24.6797757922632,0 79.5795500793919,24.6797735073992,0 79.5795554097303,24.6797570446565,0 79.5795741244767,24.6797481876754,0 79.5795763890477,24.6797470462895,0 79.5795785851525,24.6797457981968,0 79.5795807067743,24.6797444468171,0 79.5795827481001,24.6797429958528,0 79.579584703537,24.6797414492794,0 79.5795865677273,24.6797398113343,0 79.5795883355636,24.679738086505,0 79.5795900022023,24.6797362795175,0 79.5795915630769,24.6797343953226,0 79.579593013911,24.6797324390826,0 79.5795943507295,24.6797304161574,0 79.5795955698697,24.6797283320895,0 79.5795966679915,24.6797261925889,0 79.579597642086,24.6797240035174,0 79.5795984894845,24.6797217708728,0 79.5795992078652,24.6797195007722,0 79.5795997952599,24.6797171994353,0 79.5796002500592,24.6797148731674,0 79.579600571017,24.6797125283422,0 79.5796007572541,24.679710171384,0 79.57960080826,24.6797078087505,0 79.5796007238952,24.6797054469151,0 79.5796005043907,24.6797030923487,0 79.5796001503479,24.6797007515025,0 79.5795996627369,24.67969843079,0 79.5795990428937,24.6796961365697,0 79.5795982925166,24.6796938751273,0 79.5795974136614,24.6796916526588,0 79.5795968196833,24.6796902653268,0 79.5795972992353,24.6796902163777,0 79.5795999111533,24.6796898193619,0 79.5796024960442,24.6796892950687,0 79.5796115157438,24.6796872324249,0 79.5796130108461,24.6795552840534,0 79.5795141976869,24.6795543492608,0 79.5794686702795,24.6795539185404,0 79.5794675700824,24.6795555209128,0 79.5794663077543,24.6795575938991,0 79.5794651663427,24.6795597246101,0 79.5794641489992,24.6795619071625,0 79.5794632585328,24.6795641355302,0 79.5794624974021,24.6795664035601,0 79.5794618677089,24.6795687049901,0 79.5794613711918,24.6795710334654,0 79.5794611471545,24.6795724874093,0 79.5794574455206,24.6795709771427,0 79.5794550377528,24.6795700636017,0 79.5794525805996,24.6795692673764,0 79.5794500809024,24.6795685906837,0 79.5794475456208,24.6795680354077,0 79.5794449818134,24.6795676030943,0 79.5794423966184,24.6795672949472,0 79.5794397972335,24.6795671118243,0 79.5794371908958,24.6795670542355,0 79.5794345848619,24.6795671223411,0 79.5794319863874,24.6795673159514,0 79.579429402707,24.6795676345275,0 79.5794268410143,24.6795680771824,0 79.5794243084412,24.6795686426836,0 79.5794218120392,24.6795693294566,0 79.5794193587585,24.6795701355894,0 79.5794169554297,24.6795710588375,0 79.5794146087439,24.6795720966305,0 79.5794123252349,24.6795732460789,0 79.5794101112604,24.6795745039825,0 79.5794079729845,24.6795758668389,0 79.5794059163605,24.6795773308538,0 79.5794039471145,24.679578891951,0 79.5794020707293,24.6795805457842,0 79.579400292429,24.6795822877488,0 79.5793986171647,24.6795841129948,0 79.5793970496009,24.6795860164404,0 79.5793955941018,24.6795879927861,0 79.5793942547198,24.6795900365292,0 79.579393035184,24.6795921419797,0 79.5793919388899,24.6795943032756,0 79.5793909688898,24.6795965143994,0 79.5793901278843,24.6795987691949,0 79.5793894182149,24.6796010613844,0 79.5793888418576,24.6796033845859,0 79.579388400417,24.6796057323313,0 79.5793880951221,24.6796080980838,0 79.579387926823,24.679610475257,0 79.5793878959883,24.6796128572321,0 79.5793880027038,24.6796152373774,0 79.5793882466725,24.6796176090661,0 79.579388438329,24.6796187959596,0 79.579387509544,24.6796185267996,0 79.5793750325452,24.6796152342586,0 79.5793314862401,24.6796001605408,0 79.5793254579125,24.6795937432905,0 79.5793117952082,24.679576646253,0 79.5793007882022,24.6795523301419,0 79.5792177582392,24.6795515444932,0 79.5792182200601,24.6795107982168,0 79.5792160187504,24.6795074157185,0 79.5792152466135,24.6794987405714,0 79.5792149691204,24.679496387915,0 79.5792145570976,24.6794940517753,0 79.579214011677,24.6794917385702,0 79.579213334357,24.6794894546545,0 79.5792125269983,24.6794872063028,0 79.579211591819,24.6794849996918,0 79.5792105313883,24.6794828408835,0 79.5792093486194,24.6794807358088,0 79.5792080467616,24.6794786902508,0 79.5792066293915,24.679476709829,0 79.5792051004029,24.6794747999843,0 79.5792034639964,24.6794729659632,0 79.5792017246674,24.6794712128045,0 79.5791998871944,24.6794695453243,0 79.5791979566254,24.6794679681037,0 79.579195938264,24.6794664854756,0 79.5791938376552,24.6794651015132,0 79.5791916605699,24.6794638200186,0 79.579189412989,24.6794626445123,0 79.5791871010871,24.6794615782236,0 79.5791855230378,24.6794609428801,0 79.5791199684871,24.679460322543,0 79.5791207205246,24.679393974813,0 79.5791354854905,24.6793770366656,0 79.5792920466023,24.6791920977628,0 79.5794433890104,24.6789028338006,0 79.5794642638253,24.6787463464594,0 79.5794131162133,24.6786030455523,0 79.5794441188539,24.6786342467289,0 79.579445917997,24.6786359642628,0 79.5794478136006,24.6786375928734,0 79.5794498004076,24.678639128044,0 79.5794518729082,24.6786405655171,0 79.5794540253546,24.6786419013062,0 79.5794562517775,24.6786431317068,0 79.5794585460024,24.6786442533067,0 79.5794609016667,24.6786452629952,0 79.5794633122375,24.6786461579723,0 79.5794657710296,24.6786469357559,0 79.5794682712241,24.678647594189,0 79.5794708058872,24.6786481314456,0 79.5794733679895,24.6786485460356,0 79.5794759504255,24.6786488368094,0 79.5794785460336,24.6786490029606,0 79.5794811476152,24.6786490440282,0 79.5794837479554,24.6786489598985,0 79.5794863398428,24.6786487508048,0 79.5794889160893,24.6786484173269,0 79.5794914695502,24.6786479603897,0 79.579493993144,24.6786473812604,0 79.5794964798721,24.678646681545,0 79.579498922838,24.6786458631842,0 79.5795013152667,24.6786449284474,0 79.5796131152973,24.6785980284335,0 79.579615413289,24.6785969977518,0 79.5796176497731,24.6785958597015,0 79.5796198187459,24.6785946173376,0 79.5796219143853,24.6785932739951,0 79.5796239310656,24.6785918332799,0 79.5796258633735,24.6785902990595,0 79.5796277061218,24.6785886754523,0 79.5796294543641,24.6785869668166,0 79.5796311034073,24.6785851777391,0 79.5796326488248,24.6785833130222,0 79.5796340864682,24.6785813776717,0 79.5796354124783,24.6785793768825,0 79.5796366232957,24.6785773160257,0 79.5796377156699,24.6785752006333,0 79.5796386866689,24.6785730363838,0 79.5796395336859,24.6785708290868,0 79.5796402544474,24.6785685846674,0 79.5796408470185,24.6785663091507,0 79.5796413098086,24.6785640086448,0 79.5796416415753,24.6785616893252,0 79.5796418414282,24.6785593574177,0 79.5796419088307,24.6785570191821,0 79.5796418436019,24.6785546808951,0 79.579641645917,24.6785523488333,0 79.5796413163065,24.678550029257,0 79.5796408556553,24.6785477283928,0 79.5796402651999,24.6785454524169,0 79.5796395465254,24.678543207439,0 79.579638701561,24.6785409994853,0 79.5796377325747,24.6785388344829,0 79.5796366421679,24.6785367182433,0 79.5796354332674,24.6785346564474,0 79.5796341091185,24.6785326546297,0 79.5796326732756,24.6785307181638,0 79.5796311295931,24.678528852248,0 79.5796294822148,24.678527061891,0 79.5796277355628,24.6785253518987,0 79.5796258943258,24.6785237268614,0 79.5796239634464,24.6785221911414,0 79.5796219481077,24.678520748861,0 79.5796198537196,24.6785194038919,0 79.5796176859043,24.6785181598443,0 79.5796154504808,24.6785170200578,0 79.57961315345,24.6785159875921,0 79.5794409534919,24.6784435876174,0 79.5794384127154,24.6784425970384,0 79.5794358153219,24.6784417377532,0 79.5794331694302,24.6784410124478,0 79.579430483311,24.6784404233894,0 79.5794277653606,24.6784399724192,0 79.5794272826545,24.6784399175729,0 79.5794286866808,24.6784382682688,0 79.5794301767706,24.6784363131537,0 79.5794305471784,24.6784357679075,0 79.5794313408459,24.6784357362744,0 79.579433908267,24.6784355108442,0 79.5794364593151,24.6784351633013,0 79.5794389870384,24.6784346945926,0 79.5794414845488,24.6784341059955,0 79.5794439450403,24.6784333991139,0 79.5794463618078,24.6784325758742,0 79.5794487282655,24.6784316385197,0 79.5794510379647,24.6784305896047,0 79.5794662380914,24.6784232285368,0 79.5795263266992,24.6783963467902,0 79.5795286387677,24.6783952423661,0 79.5795308838111,24.6783940279687,0 79.5795330555698,24.6783927069839,0 79.5795351479885,24.6783912830949,0 79.5795371552331,24.6783897602717,0 79.579539071707,24.6783881427604,0 79.5795408920667,24.6783864350708,0 79.5795426112366,24.6783846419644,0 79.5795442244233,24.6783827684406,0 79.579545727129,24.6783808197234,0 79.5795471151638,24.6783788012461,0 79.5795483846576,24.6783767186366,0 79.5795495320708,24.6783745777017,0 79.5795505542041,24.6783723844107,0 79.5795514482077,24.678370144879,0 79.5795522115888,24.6783678653509,0 79.5795528422191,24.6783655521821,0 79.5795533383402,24.6783632118223,0 79.5795536985689,24.6783608507968,0 79.5795539219007,24.6783584756887,0 79.5795540077129,24.6783560931202,0 79.5795539557664,24.6783537097345,0 79.5795537662059,24.6783513321769,0 79.57955343956,24.6783489670765,0 79.5795529767395,24.6783466210277,0 79.5795523790348,24.6783443005718,0 79.5795516481124,24.6783420121787,0 79.5795507860103,24.6783397622288,0 79.5795497951323,24.6783375569956,0 79.579548678241,24.6783354026275,0 79.5795474384507,24.6783333051315,0 79.5795460792181,24.6783312703559,0 79.579544604333,24.6783293039738,0 79.5794953448847,24.6782672106945,0 79.579495375314,24.6782671673641,0 79.5794959073769,24.6782663134849,0 79.5794966913185,24.6782661302625,0 79.579499157528,24.6782654264803,0 79.579501580102,24.6782646058638,0 79.5795039524161,24.6782636706567,0 79.5795062679832,24.6782626234165,0 79.5795085204715,24.6782614670068,0 79.5795107037216,24.6782602045898,0 79.5795128117635,24.6782588396175,0 79.5795148388328,24.6782573758223,0 79.5795167793865,24.6782558172071,0 79.5795176078203,24.6782550781973,0 79.5795399338966,24.6782443878596,0 79.5795424152102,24.6782431152129,0 79.5795528152124,24.6782374152112,0 79.5795549295106,24.6782361887872,0 79.5795569730816,24.6782348660494,0 79.5795673730831,24.6782277660474,0 79.5795693754074,24.6782263240512,0 79.5795712936605,24.6782247896003,0 79.5795731227349,24.6782231667804,0 79.5795748577606,24.6782214599124,0 79.5795764941182,24.6782196735408,0 79.5795780274505,24.6782178124219,0 79.5795794536752,24.6782158815112,0 79.5795807689947,24.6782138859497,0 79.5795819699071,24.6782118310507,0 79.5795830532147,24.6782097222855,0 79.5795840160333,24.6782075652688,0 79.5795848557993,24.6782053657437,0 79.5795855702768,24.6782031295667,0 79.5795861575635,24.6782008626916,0 79.5795866160956,24.6781985711542,0 79.5795869446524,24.6781962610557,0 79.5795871423589,24.678193938547,0 79.579587208689,24.6781916098117,0 79.5795871434658,24.6781892810504,0 79.5795869468632,24.6781869584634,0 79.5795866194046,24.6781846482348,0 79.5795861619618,24.6781823565156,0 79.5795855757528,24.6781800894077,0 79.5795848623385,24.6781778529473,0 79.5795817848165,24.678169056758,0 79.5795849019168,24.6781663552705,0 79.5795867449015,24.6781646714499,0 79.5795884881497,24.6781629011747,0 79.5795901268111,24.6781610493707,0 79.579591656326,24.6781591211904,0 79.5795930724388,24.6781571219989,0 79.5795943712091,24.6781550573588,0 79.5795955490232,24.6781529330149,0 79.579596602604,24.6781507548779,0 79.5795975290198,24.6781485290085,0 79.5795983256931,24.6781462616,0 79.579598990407,24.6781439589614,0 79.5795995213122,24.6781416274996,0 79.5795999169314,24.6781392737017,0 79.5796001761637,24.6781369041171,0 79.579600298288,24.678134525339,0 79.5796002829644,24.6781321439863,0 79.5796001302356,24.6781297666848,0 79.5795998405265,24.6781274000493,0 79.5795994146432,24.6781250506649,0 79.5795988537708,24.6781227250685,0 79.5795981594698,24.678120429731,0 79.5795973336721,24.678118171039,0 79.5795963786755,24.6781159552772,0 79.5795952971371,24.6781137886109,0 79.5795940920664,24.6781116770686,0 79.5795927668162,24.6781096265256,0 79.5795913250742,24.6781076426875,0 79.5795897708518,24.678105731074,0 79.5795881084735,24.6781038970042,0 79.579586342565,24.6781021455813,0 79.5795844780396,24.6781004816784,0 79.5795825200853,24.6780989099254,0 79.5795804741501,24.6780974346955,0 79.5795783459265,24.6780960600934,0 79.5795761413364,24.6780947899439,0 79.5795738665137,24.6780936277811,0 79.5795715277882,24.6780925768387,0 79.579569131667,24.6780916400408,0 79.5795666848174,24.678090819994,0 79.5795643310887,24.6780901575496,0 79.5795637674402,24.6780852021566,0 79.5795731470227,24.6780733420184,0 79.579574600993,24.6780713987439,0 79.5795759421307,24.6780693888625,0 79.5795771667896,24.6780673178386,0 79.5795782716402,24.678065191303,0 79.5795792536785,24.6780630150371,0 79.5795801102347,24.6780607949579,0 79.5795808389799,24.6780585371012,0 79.5795814379329,24.6780562476057,0 79.5795819054651,24.678053932696,0 79.5795822403056,24.678051598666,0 79.5795824415439,24.6780492518613,0 79.579582508633,24.6780468986624,0 79.5795824413904,24.6780445454671,0 79.579582239999,24.6780421986734,0 79.5795819050063,24.6780398646616,0 79.579581437323,24.6780375497774,0 79.5795808382208,24.6780352603145,0 79.5795801093285,24.6780330024975,0 79.5795792526278,24.6780307824649,0 79.5795782704479,24.6780286062524,0 79.5795771654591,24.6780264797769,0 79.5795759406656,24.6780244088196,0 79.5795745993975,24.6780223990111,0 79.579573476315,24.678020898169,0 79.5795754672826,24.6780210952589,0 79.5795780527438,24.6780212265145,0 79.5795806421801,24.6780212338216,0 79.5795832284793,24.6780211171603,0 79.5795964999751,24.6780201994518,0 79.5795969587721,24.6780206688569,0 79.5796023933039,24.678026646844,0 79.5796040960654,24.6780284232297,0 79.5796054625472,24.6780297066925,0 79.57960529455,24.6780313839159,0 79.5796051945682,24.678033786397,0 79.5796052347019,24.6780361903347,0 79.579605414837,24.6780385889114,0 79.5796057344629,24.6780409753247,0 79.5796061926731,24.6780433428065,0 79.579606788168,24.6780456846426,0 79.5796075192587,24.6780479941916,0 79.579608383872,24.6780502649034,0 79.5796093795558,24.6780524903383,0 79.5796105034862,24.6780546641847,0 79.5796117524759,24.6780567802778,0 79.5796131229825,24.678058832616,0 79.5796146111193,24.678060815379,0 79.579616212666,24.6780627229435,0 79.5796179230804,24.6780645498996,0 79.5796197375118,24.6780662910661,0 79.5796216508144,24.6780679415049,0 79.579623657562,24.6780694965352,0 79.5796257520635,24.6780709517471,0 79.5796279283787,24.6780723030134,0 79.5796294969992,24.6780731691764,0 79.5796252934246,24.6780833119838,0 79.5796244410616,24.6780855433272,0 79.5796237176614,24.6780878123702,0 79.5796231252065,24.6780901128945,0 79.5796226653206,24.6780924385957,0 79.5796223392639,24.6780947831003,0 79.57962214793,24.6780971399833,0 79.5796220918431,24.6780995027857,0 79.5796221711572,24.6781018650324,0 79.5796223856547,24.6781042202498,0 79.5796227347479,24.6781065619834,0 79.5796232174801,24.678108883816,0 79.5796238325284,24.6781111793845,0 79.5796245782073,24.6781134423982,0 79.5796254524733,24.6781156666552,0 79.5796264529306,24.6781178460602,0 79.5796275768373,24.6781199746406,0 79.5796288211136,24.678122046563,0 79.5796301823496,24.6781240561495,0 79.5796316568147,24.6781259978929,0 79.5796323170234,24.678126776884,0 79.5796312856231,24.6781278137265,0 79.5796296582132,24.6781296312714,0 79.579628136439,24.6781315236798,0 79.5796267244181,24.6781334858316,0 79.5796254259709,24.6781355124176,0 79.5796242446108,24.6781375979545,0 79.579623183534,24.6781397367995,0 79.5796222456115,24.6781419231655,0 79.5796214333812,24.6781441511367,0 79.5796207490408,24.678146414685,0 79.5796201944417,24.6781487076858,0 79.5796197710846,24.678151023935,0 79.5796194801151,24.6781533571654,0 79.5796193223204,24.678155701064,0 79.5796192981274,24.6781580492889,0 79.5796194076016,24.6781603954865,0 79.5796196504468,24.6781627333085,0 79.579620026006,24.6781650564297,0 79.579620533263,24.6781673585642,0 79.5796211708454,24.6781696334831,0 79.5796214996403,24.6781706913464,0 79.5796214199656,24.6781712015352,0 79.5796211885249,24.6781735694347,0 79.5796210938218,24.6781759451832,0 79.5796211361191,24.6781783221929,0 79.5796213152995,24.6781806938725,0 79.579621630866,24.6781830536454,0 79.5796220819437,24.6781853949683,0 79.5796226672817,24.6781877113487,0 79.579623385257,24.6781899963633,0 79.5796242338786,24.6781922436762,0 79.5796252107934,24.6781944470555,0 79.5796263132925,24.6781966003914,0 79.5796275383187,24.6781986977129,0 79.5796288824751,24.6782007332042,0 79.5796303420344,24.678202701221,0 79.5796319129495,24.6782045963061,0 79.5796335908641,24.6782064132045,0 79.5796353711255,24.6782081468782,0 79.5796372487973,24.6782097925197,0 79.5796392186727,24.6782113455658,0 79.5796412752894,24.6782128017099,0 79.5796434129446,24.6782141569142,0 79.5796456257105,24.678215407421,0 79.5796479074514,24.6782165497625,0 79.5796628074547,24.6782235497648,0 79.5796650491125,24.6782245384727,0 79.5796673424217,24.6782254227697,0 79.5796696815615,24.6782262004116,0 79.5796720605954,24.6782268694247,0 79.579674473485,24.6782274281109,0 79.5796769141066,24.6782278750524,0 79.5796793762657,24.6782282091147,0 79.5796818537132,24.67822842945,0 79.5796843401613,24.6782285354992,0 79.5796868292993,24.6782285269929,0 79.5796893148097,24.6782284039529,0 79.5797251148226,24.6782258039525,0 79.5797280197066,24.6782255137755,0 79.5797309007358,24.6782250671929,0 79.5797337478325,24.678224465767,0 79.5797808478482,24.6782131657638,0 79.5797835505838,24.6782124414959,0 79.5797862037605,24.6782115776836,0 79.5797887987564,24.6782105771341,0 79.5797913271387,24.6782094430986,0 79.5797934032605,24.6782083736786,0 79.5798135016517,24.678199849807,0 79.5798135956102,24.678199809849,0 79.5798604956229,24.6781798098431,0 79.579862794867,24.6781787619911,0 79.5798650313863,24.6781776063424,0 79.5798671991328,24.6781763460222,0 79.5798692922444,24.6781749844387,0 79.5798713050608,24.678173525274,0 79.5798732321389,24.6781719724739,0 79.5798750682672,24.6781703302377,0 79.5798768084805,24.6781686030064,0 79.5798784480728,24.6781667954508,0 79.5798799826104,24.678164912459,0 79.5798814079432,24.6781629591231,0 79.5798827202171,24.6781609407254,0 79.5798839158831,24.6781588627241,0 79.5798849917081,24.6781567307388,0 79.5798859447826,24.6781545505347,0 79.5798867725293,24.6781523280077,0 79.5798874727098,24.6781500691681,0 79.5798880434307,24.6781477801243,0 79.5798884831486,24.6781454670665,0 79.5798887906743,24.6781431362497,0 79.5798889651763,24.6781407939771,0 79.5798890061827,24.6781384465828,0 79.5798889135825,24.6781361004146,0 79.5798886876263,24.6781337618172,0 79.5798883289251,24.6781314371147,0 79.5798878384488,24.6781291325937,0 79.5798872175239,24.6781268544863,0 79.5798864678295,24.6781246089529,0 79.579885591393,24.678122402066,0 79.5798845905844,24.6781202397936,0 79.5798834681103,24.6781181279831,0 79.579882227006,24.6781160723452,0 79.5798808706278,24.6781140784389,0 79.5798794026438,24.6781121516562,0 79.5798778270237,24.6781102972077,0 79.5798761480283,24.6781085201082,0 79.5798743701981,24.6781068251634,0 79.5798724983408,24.6781052169568,0 79.5798705375183,24.6781036998375,0 79.5798684930332,24.6781022779081,0 79.5798663704143,24.6781009550139,0 79.5798641754017,24.6780997347323,0 79.5798619139312,24.6780986203631,0 79.5798595921184,24.67809761492,0 79.579857216242,24.6780967211219,0 79.5798391073457,24.6780904066,0 79.5798390172399,24.6780890550203,0 79.5798387830935,24.6780866259439,0 79.5798384057502,24.6780842119626,0 79.5798378509725,24.6780812389299,0 79.5799016211168,24.6780286002484,0 79.5799035090588,24.678026957147,0 79.5799052995114,24.6780252253334,0 79.5799069874888,24.6780234096302,0 79.5799085682906,24.6780215150936,0 79.5799100375148,24.6780195469992,0 79.5799113910699,24.6780175108276,0 79.5799126251868,24.6780154122489,0 79.5799137364288,24.6780132571069,0 79.5799147217016,24.6780110514031,0 79.5799155782613,24.6780088012797,0 79.5799163037229,24.6780065130026,0 79.579916896066,24.6780041929438,0 79.5799173536412,24.678001847564,0 79.5799176751744,24.6779994833944,0 79.5799178597702,24.6779971070185,0 79.5799179069144,24.6779947250537,0 79.5799178164759,24.677992344133,0 79.5799175887066,24.6779899708865,0 79.5799172242406,24.677987611923,0 79.5799167240929,24.6779852738115,0 79.5799160896563,24.6779829630629,0 79.5799153226974,24.6779806861118,0 79.5799144253521,24.677978449299,0 79.5799134001192,24.6779762588531,0 79.5799122498535,24.6779741208739,0 79.5799109777584,24.6779720413149,0 79.5799095873761,24.6779700259672,0 79.5799080825784,24.6779680804428,0 79.5799064675557,24.6779662101594,0 79.5799047468053,24.6779644203252,0 79.5799029251191,24.6779627159241,0 79.5799010075698,24.6779611017026,0 79.5798989994972,24.6779595821556,0 79.5798969064932,24.6779581615147,0 79.579894734386,24.6779568437358,0 79.5798924892244,24.6779556324886,0 79.5798901772604,24.6779545311459,0 79.5798878049321,24.6779535427748,0 79.5798853788457,24.6779526701275,0 79.579882905757,24.677951915634,0 79.5797909733502,24.6779263115113,0 79.5797908350358,24.6779258569582,0 79.5797899998067,24.6779235863828,0 79.5797890339498,24.6779213594824,0 79.5797879401843,24.6779191825264,0 79.5797867215893,24.6779170616433,0 79.5797853815955,24.6779150028041,0 79.5797839239755,24.677913011805,0 79.5797823528327,24.6779110942511,0 79.5797806725905,24.677909255541,0 79.579778887979,24.6779075008509,0 79.5797770040225,24.6779058351209,0 79.5797750260249,24.6779042630404,0 79.5797729595546,24.6779027890352,0 79.5797708104295,24.6779014172551,0 79.5797685846997,24.677900151562,0 79.5797662886314,24.6778989955192,0 79.5797639286887,24.6778979523811,0 79.5797615115152,24.6778970250846,0 79.5797590439162,24.6778962162402,0 79.5797565328384,24.677895528125,0 79.5797539853512,24.6778949626762,0 79.5797514086266,24.6778945214858,0 79.5797434768352,24.6778933615018,0 79.5797407017139,24.6778869950524,0 79.5797396931066,24.6778848449785,0 79.5797385639677,24.6778827455277,0 79.5797373173288,24.6778807023366,0 79.5797359565371,24.6778787208911,0 79.5797344852459,24.6778768065108,0 79.5797329074055,24.6778749643358,0 79.5797319083526,24.6778739148172,0 79.5797326406743,24.6778658185555,0 79.5797327860239,24.6778634634902,0 79.579732796554,24.6778611047028,0 79.5797326722359,24.6778587486325,0 79.5797324134091,24.6778564017112,0 79.57973202078,24.6778540703457,0 79.5797314954206,24.6778517609004,0 79.5797308387651,24.67784947968,0 79.579730052606,24.6778472329119,0 79.5797291390895,24.6778450267297,0 79.5797281007094,24.677842867156,0 79.5797269403005,24.6778407600862,0 79.5797256610305,24.6778387112726,0 79.5797242663917,24.677836726308,0 79.5797227601914,24.6778348106114,0 79.5797211465414,24.6778329694123,0 79.5797194298468,24.6778312077371,0 79.579717614794,24.6778295303951,0 79.579715706338,24.6778279419651,0 79.5797137096885,24.6778264467835,0 79.5797116302965,24.677825048932,0 79.5797094738383,24.6778237522265,0 79.579707246201,24.677822560207,0 79.5797049534657,24.6778214761276,0 79.5797026018915,24.6778205029476,0 79.5797001978978,24.6778196433239,0 79.5796977480475,24.6778188996031,0 79.5796952590283,24.6778182738154,0 79.5796927376351,24.6778177676693,0 79.579690190751,24.6778173825464,0 79.5796876253288,24.6778171194981,0 79.5796850483718,24.6778169792425,0 79.5796824669149,24.6778169621625,0 79.5796798880053,24.6778170683047,0 79.5796773186831,24.6778172973794,0 79.5796747659623,24.6778176487611,0 79.5796722368116,24.6778181214907,0 79.5796697381355,24.6778187142777,0 79.5796672767549,24.6778194255037,0 79.5796648593894,24.6778202532273,0 79.579662492638,24.6778211951888,0 79.5796601829617,24.6778222488167,0 79.5796579366659,24.6778234112347,0 79.5796557598825,24.6778246792696,0 79.5796536585542,24.6778260494596,0 79.5796516384173,24.6778275180644,0 79.5796497049866,24.6778290810748,0 79.5796478635402,24.6778307342239,0 79.579646119105,24.6778324729987,0 79.5796334580237,24.6778457745222,0 79.5796266459508,24.6778463379264,0 79.5796241155567,24.6778466074621,0 79.5796216037306,24.6778469958122,0 79.5796191171502,24.6778475019444,0 79.579616662426,24.6778481245131,0 79.5796166026972,24.6778481427394,0 79.5796129550148,24.6778304447575,0 79.5796124402468,24.6778282489564,0 79.5796118066179,24.6778260792608,0 79.5796110556961,24.6778239410386,0 79.5796101893391,24.6778218395805,0 79.5796092096905,24.6778197800856,0 79.5796081191742,24.6778177676498,0 79.5796069204883,24.6778158072519,0 79.5796056165986,24.6778139037426,0 79.5796042107311,24.6778120618315,0 79.5796027063643,24.6778102860756,0 79.5795819252911,24.6777869775834,0 79.5795688802939,24.6777692801825,0 79.5795674225842,24.6777674073052,0 79.5795658624539,24.6777656046371,0 79.5795642039462,24.6777638768497,0 79.5795624513588,24.6777622284205,0 79.5795606092336,24.6777606636213,0 79.5795586823443,24.6777591865072,0 79.5795566756842,24.6777578009061,0 79.5795545944537,24.6777565104086,0 79.5795524440461,24.677755318359,0 79.5795502300339,24.6777542278464,0 79.5795479581548,24.6777532416969,0 79.5795456342961,24.6777523624659,0 79.5795432644801,24.677751592432,0 79.5795408548478,24.6777509335907,0 79.5794987680599,24.6777404849644,0 79.5794983517764,24.6777401085986,0 79.5794964670492,24.6777384915471,0 79.5794944923303,24.6777369667912,0 79.5794924330265,24.6777355385059,0 79.5794902947762,24.6777342106017,0 79.5794880834343,24.6777329867147,0 79.5794858050553,24.6777318701959,0 79.5794834658777,24.6777308641024,0 79.5794810723063,24.6777299711888,0 79.5794786308947,24.6777291939001,0 79.5794761483278,24.6777285343645,0 79.5794736314028,24.6777279943879,0 79.5794710870114,24.6777275754486,0 79.5794685221201,24.677727278694,0 79.5794659437518,24.6777271049363,0 79.5794633589661,24.6777270546515,0 79.5794607748404,24.6777271279771,0 79.5794581984502,24.6777273247125,0 79.5794556368497,24.6777276443189,0 79.5794530970528,24.6777280859212,0 79.5794505860135,24.6777286483104,0 79.5794483987237,24.6777292506098,0 79.5794474152552,24.6777278577374,0 79.579445929468,24.6777259737019,0 79.5794443396202,24.6777241619683,0 79.5794426499184,24.67772242733,0 79.5794408648333,24.6777207743767,0 79.5794389890882,24.6777192074819,0 79.5794193551805,24.6777036342308,0 79.5794371914513,24.6776511576774,0 79.5794386239645,24.6776492237394,0 79.5794399517933,24.6776472133015,0 79.5794411634228,24.6776451424986,0 79.579442255575,24.6776430169327,0 79.5794432252955,24.6776408423544,0 79.5794440699607,24.6776386246467,0 79.5794447872856,24.677636369809,0 79.5794453753295,24.6776340839417,0 79.5794458325016,24.6776317732287,0 79.5794461575651,24.6776294439212,0 79.5794463496406,24.6776271023209,0 79.5794464082085,24.6776247547626,0 79.5794463331104,24.6776224075973,0 79.5794461245493,24.6776200671748,0 79.5794457830896,24.6776177398267,0 79.5794453897465,24.6776158222922,0 79.5794464282055,24.6776159470033,0 79.5794481656418,24.677617648976,0 79.5794500300138,24.6776192933116,0 79.5794519861686,24.6776208460754,0 79.5794540287259,24.6776223029965,0 79.5794561520678,24.6776236600677,0 79.579458350354,24.6776249135564,0 79.5794606175383,24.677626060015,0 79.5794629473849,24.6776270962902,0 79.5794653334856,24.6776280195317,0 79.5794677692775,24.6776288272002,0 79.5794702480612,24.6776295170742,0 79.5794727630187,24.6776300872564,0 79.5794753072329,24.6776305361783,0 79.5794778737058,24.6776308626053,0 79.5794804553787,24.6776310656395,0 79.5794830451506,24.6776311447225,0 79.5794856358985,24.6776310996368,0 79.5794882204967,24.6776309305064,0 79.5794907918363,24.6776306377965,0 79.5794933428449,24.6776302223121,0 79.5794958665061,24.6776296851961,0 79.5794983558787,24.6776290279257,0 79.5795008041157,24.6776282523088,0 79.5795032044834,24.6776273604786,0 79.5795055503797,24.6776263548881,0 79.5795078353521,24.6776252383032,0 79.5795100531162,24.6776240137949,0 79.5795121975718,24.6776226847312,0 79.5795142628209,24.6776212547677,0 79.579516243183,24.6776197278374,0 79.5795181332112,24.67761810814,0 79.5795199277072,24.6776164001306,0 79.579521621735,24.6776146085068,0 79.5795232106356,24.6776127381966,0 79.5795246900386,24.677610794344,0 79.579526055875,24.6776087822957,0 79.5795273043881,24.6776067075856,0 79.579528432144,24.6776045759201,0 79.5795294360408,24.6776023931624,0 79.5795303133173,24.6776001653159,0 79.5795310615607,24.6775978985084,0 79.5795316787129,24.6775955989745,0 79.5795321630765,24.6775932730391,0 79.5795325133192,24.6775909270995,0 79.5795327284778,24.6775885676081,0 79.5795328079605,24.6775862010547,0 79.5795327515487,24.6775838339483,0 79.5795325593974,24.6775814727995,0 79.5795322893665,24.6775795354318,0 79.5795611283823,24.677538317378,0 79.5795624679004,24.6775362873386,0 79.5795636889572,24.6775341958536,0 79.5795647881861,24.6775320486891,0 79.5795657625567,24.677529851765,0 79.5795666093826,24.6775276111379,0 79.5795673263292,24.6775253329854,0 79.5795679114199,24.6775230235881,0 79.5795683630415,24.6775206893131,0 79.579568679949,24.6775183365958,0 79.5795688612687,24.6775159719226,0 79.5795689065008,24.677513601813,0 79.5795688155204,24.6775112328012,0 79.5795685885785,24.6775088714184,0 79.5795682263007,24.6775065241751,0 79.5795677296859,24.6775041975424,0 79.5795671001031,24.6775018979349,0 79.5795663392882,24.6774996316924,0 79.5795654493387,24.677497405063,0 79.5795644327081,24.6774952241854,0 79.5795632921993,24.6774930950722,0 79.5795620309567,24.6774910235934,0 79.5795606524574,24.6774890154598,0 79.579559160502,24.677487076208,0 79.5795575592037,24.6774852111844,0 79.5795558529774,24.6774834255308,0 79.5795540465269,24.6774817241701,0 79.5795521448326,24.677480111793,0 79.5795501531375,24.6774785928448,0 79.5795480769326,24.6774771715131,0 79.5795459219419,24.6774758517165,0 79.5795436941068,24.6774746370937,0 79.5795413995692,24.6774735309934,0 79.5795390446551,24.677472536465,0 79.579536635857,24.6774716562503,0 79.5795341798159,24.6774708927763,0 79.5795316833029,24.6774702481476,0 79.579529153201,24.6774697241416,0 79.5795265964854,24.6774693222029,0 79.5795240202051,24.6774690434396,0 79.5795214314627,24.6774688886203,0 79.5795188373953,24.6774688581718,0 79.5795162451547,24.677468952178,0 79.5795136618877,24.6774691703798,0 79.5795110947161,24.6774695121757,0 79.5795085507177,24.6774699766232,0 79.5795060369061,24.677470562442,0 79.5795035602118,24.6774712680168,0 79.5795011274631,24.6774720914026,0 79.5794987453669,24.6774730303292,0 79.5794964204906,24.677474082208,0 79.5794941592439,24.677475244139,0 79.5794919678608,24.6774765129189,0 79.5794898523831,24.6774778850497,0 79.5794878186429,24.6774793567483,0 79.5794858722474,24.6774809239575,0 79.5794840185625,24.6774825823563,0 79.579482262699,24.6774843273728,0 79.5794806094976,24.6774861541959,0 79.5794790635162,24.6774880577891,0 79.5794552980187,24.6775189854874,0 79.5794464332474,24.6775167405121,0 79.5794340490469,24.6775061517919,0 79.5794083441135,24.6774790396628,0 79.5794066562411,24.6774773480242,0 79.5794048766945,24.6774757367361,0 79.5794030100491,24.6774742099414,0 79.5794010611041,24.6774727715654,0 79.5793990348704,24.6774714253063,0 79.5793969365576,24.6774701746254,0 79.5793947715605,24.6774690227382,0 79.5793925454455,24.6774679726064,0 79.5793902639359,24.6774670269298,0 79.5793879328978,24.67746618814,0 79.5793615329052,24.6774573881432,0 79.5793590755413,24.6774566351432,0 79.579356578343,24.6774560009261,0 79.5793540481822,24.677455487237,0 79.5793514920215,24.6774550954898,0 79.5793489168951,24.6774548267622,0 79.5793463298893,24.677454681794,0 79.5793437381232,24.6774546609839,0 79.5793411487287,24.6774547643892,0 79.5793385688317,24.6774549917255,0 79.5793360055314,24.677455342367,0 79.5793334658817,24.6774558153489,0 79.5793309568714,24.6774564093697,0 79.5793284854048,24.6774571227945,0 79.5793260582829,24.6774579536604,0 79.579323682185,24.6774588996807,0 79.5793213636495,24.6774599582523,0 79.5793191090567,24.6774611264621,0 79.579316924611,24.6774624010954,0 79.5793148163235,24.6774637786445,0 79.5793127899959,24.6774652553188,0 79.5793108512044,24.6774668270545,0 79.5792998512051,24.6774762270521,0 79.5792980254427,24.6774778704025,0 79.5792962953939,24.6774795980455,0 79.5792946657134,24.6774814053328,0 79.579293140786,24.6774832874019,0 79.5792917247144,24.6774852391892,0 79.5792904213086,24.6774872554432,0 79.5792892340754,24.6774893307392,0 79.5792881662091,24.6774914594937,0 79.5792872205828,24.6774936359792,0 79.5792863997407,24.6774958543399,0 79.5792857058913,24.6774981086072,0 79.5792851409014,24.677500392716,0 79.5792847062912,24.6775027005209,0 79.57928440323,24.6775050258128,0 79.5792842325331,24.6775073623354,0 79.5792841946599,24.6775097038022,0 79.5792842897122,24.6775120439136,0 79.5792850047246,24.6775223946298,0 79.5792846161001,24.6775223105104,0 79.5792820496114,24.6775218842587,0 79.5792794620792,24.6775215823671,0 79.579276860716,24.6775214056771,0 79.5792742527725,24.6775213546813,0 79.5792716455182,24.6775214295217,0 79.5792690462204,24.6775216299898,0 79.5792664621242,24.6775219555267,0 79.5792639004325,24.6775224052252,0 79.5792613682855,24.6775229778316,0 79.5792588727413,24.6775236717501,0 79.5792564207559,24.6775244850462,0 79.5792540191638,24.6775254154532,0 79.5792516746592,24.6775264603776,0 79.579249393777,24.6775276169069,0 79.5792471828748,24.6775288818173,0 79.5792450481153,24.6775302515832,0 79.5792429954487,24.6775317223865,0 79.5792410305966,24.6775332901275,0 79.5792391590357,24.6775349504364,0 79.5792373859828,24.6775366986853,0 79.5792359968157,24.6775382224034,0 79.5792211223345,24.6775313781628,0 79.579218744155,24.6775303554082,0 79.5792163098162,24.6775294496593,0 79.5792138262075,24.6775286634796,0 79.5792113003573,24.677527999094,0 79.579208739414,24.6775274583826,0 79.579206150625,24.6775270428757,0 79.5792035413167,24.6775267537492,0 79.5792009188733,24.6775265918212,0 79.5791982907166,24.6775265575501,0 79.5791956642841,24.6775266510329,0 79.5791930470087,24.677526872005,0 79.5791904462974,24.677527219841,0 79.5791878695102,24.6775276935565,0 79.5791853239394,24.677528291811,0 79.5791828167891,24.6775290129114,0 79.5791803551544,24.6775298548168,0 79.579177946002,24.6775308151449,0 79.5791755961497,24.6775318911777,0 79.5791733122476,24.6775330798701,0 79.5791711007592,24.6775343778581,0 79.579168967943,24.6775357814684,0 79.579166919835,24.6775372867287,0 79.5791649622314,24.6775388893791,0 79.5791631006721,24.6775405848841,0 79.5791613404254,24.6775423684454,0 79.5791596864729,24.6775442350154,0 79.5791581434953,24.6775461793119,0 79.5791554434947,24.6775497793111,0 79.5791540468106,24.6775517495145,0 79.5791527640921,24.6775537833892,0 79.5791515988072,24.6775558754364,0 79.5791505541065,24.6775580200001,0 79.5791496328143,24.677560211282,0 79.5791488374216,24.677562443358,0 79.5791481700786,24.6775647101934,0 79.5791476325898,24.6775670056594,0 79.5791472264082,24.6775693235501,0 79.579146952632,24.6775716575989,0 79.5791468120015,24.6775740014952,0 79.5791468048967,24.6775763489023,0 79.579146931337,24.6775786934735,0 79.5791471909805,24.6775810288702,0 79.5791475831252,24.6775833487782,0 79.5791481067109,24.6775856469255,0 79.5791487603221,24.6775879170988,0 79.5791495421917,24.6775901531604,0 79.5791504502058,24.6775923490649,0 79.5791514819095,24.6775944988754,0 79.5791526345134,24.6775965967796,0 79.5791539049015,24.6775986371057,0 79.579155289639,24.6776006143375,0 79.5791567849822,24.6776025231291,0 79.5791583868882,24.6776043583201,0 79.5791600910262,24.6776061149487,0 79.5791618927887,24.6776077882658,0 79.5792032927885,24.6776442882751,0 79.5792052110988,24.6776458926406,0 79.5792072191371,24.6776474025583,0 79.5792093113404,24.6776488138453,0 79.5792114819125,24.6776501225919,0 79.5792137248404,24.6776513251723,0 79.5792160339103,24.6776524182551,0 79.5792184027253,24.677653398812,0 79.5792208247232,24.6776542641266,0 79.579223293194,24.6776550118017,0 79.5792326931292,24.6776576101581,0 79.5792433334957,24.6776619083884,0 79.579243221873,24.6776622942758,0 79.5792426982137,24.6776645753165,0 79.5792423040882,24.6776668780112,0 79.5792420405469,24.6776691962227,0 79.5792419082922,24.6776715237725,0 79.5792419076765,24.6776738544572,0 79.5792420387015,24.6776761820651,0 79.5792423010181,24.6776785003926,0 79.5792426939271,24.6776808032608,0 79.5792432163812,24.6776830845322,0 79.5792438669882,24.6776853381267,0 79.5792446440139,24.677687558038,0 79.5792455453875,24.6776897383496,0 79.5792465687067,24.6776918732505,0 79.5792477112439,24.6776939570508,0 79.5792489699543,24.6776959841966,0 79.579250341483,24.6776979492853,0 79.5792518221746,24.6776998470794,0 79.5792534080829,24.677701672521,0 79.579255094981,24.6777034207448,0 79.579256878373,24.6777050870915,0 79.5792587535058,24.67770666712,0 79.5792607153818,24.677708156619,0 79.5792627587721,24.6777095516188,0 79.5792648782308,24.6777108484015,0 79.579284803771,24.6777223704255,0 79.5792704597828,24.6777442067935,0 79.579270371863,24.6777425447196,0 79.5792701132379,24.6777402008679,0 79.5792697211594,24.6777378725339,0 79.5792691966951,24.6777355660571,0 79.5792685412729,24.6777332877177,0 79.5792677566774,24.677731043719,0 79.5792668450451,24.677728840171,0 79.579265808858,24.6777266830737,0 79.5792646509375,24.6777245783003,0 79.5792633744365,24.6777225315817,0 79.5792619828304,24.6777205484907,0 79.5792604799086,24.6777186344269,0 79.579258869763,24.6777167946019,0 79.5792571567779,24.6777150340252,0 79.5792553456173,24.6777133574905,0 79.5792534412127,24.6777117695626,0 79.5792514487494,24.6777102745652,0 79.5792493736525,24.6777088765688,0 79.579247221572,24.67770757938,0 79.5792449983677,24.6777063865307,0 79.5792427100929,24.6777053012687,0 79.5792403629781,24.6777043265491,0 79.5792379634141,24.6777034650259,0 79.5792355179343,24.6777027190446,0 79.5792330331974,24.6777020906367,0 79.5792305159688,24.6777015815129,0 79.5792279731023,24.6777011930597,0 79.5792254115218,24.6777009263347,0 79.5792228382019,24.677700782064,0 79.5792202601492,24.6777007606407,0 79.5792176843832,24.6777008621228,0 79.5792151179173,24.6777010862343,0 79.5792125677394,24.6777014323648,0 79.5792100407932,24.6777018995718,0 79.579207543959,24.6777024865834,0 79.5791818439674,24.6777091865815,0 79.5791793936971,24.6777098887773,0 79.5791769866647,24.6777107063488,0 79.5791746293721,24.6777116370876,0 79.5791723281871,24.6777126784795,0 79.5791715506604,24.6777130775925,0 79.5791540953463,24.6776967013371,0 79.5791522525039,24.6776950601778,0 79.5791503186456,24.6776935089149,0 79.5791482990173,24.6776920517566,0 79.5791461990976,24.6776906926554,0 79.5791440245827,24.6776894352982,0 79.5791417813713,24.6776882830958,0 79.5791394755485,24.6776872391736,0 79.5791371133692,24.6776863063634,0 79.579134701241,24.6776854871957,0 79.5791322457073,24.6776847838924,0 79.5791297534289,24.6776841983614,0 79.5791272311665,24.6776837321912,0 79.5791263570904,24.6776836135331,0 79.5791267102865,24.6776832227698,0 79.5791282578282,24.6776813144705,0 79.5791296933927,24.6776793344464,0 79.5791310130067,24.6776772881778,0 79.5791322130179,24.6776751813282,0 79.5791332901049,24.6776730197289,0 79.5791342412867,24.6776708093625,0 79.5791350639305,24.6776685563469,0 79.5791357557595,24.6776662669179,0 79.579136314859,24.6776639474119,0 79.5791367396815,24.6776616042489,0 79.5791370290511,24.6776592439141,0 79.5791371821671,24.6776568729403,0 79.5791371986056,24.6776544978898,0 79.5791370783211,24.6776521253362,0 79.5791368216466,24.677649761846,0 79.5791364292924,24.6776474139608,0 79.5791359023445,24.677645088179,0 79.5791352422614,24.6776427909378,0 79.5791344508701,24.6776405285953,0 79.5791335303609,24.6776383074132,0 79.5791324832815,24.677636133539,0 79.5791313125301,24.6776340129897,0 79.5791300213469,24.6776319516342,0 79.5791286133057,24.6776299551779,0 79.5791270923035,24.6776280291466,0 79.5791254625502,24.6776261788709,0 79.5791237285564,24.677624409472,0 79.5791218951214,24.677622725847,0 79.5791199673198,24.677621132656,0 79.5791179504871,24.6776196343084,0 79.5791158502055,24.6776182349512,0 79.5791085502065,24.6776136349526,0 79.5791061950653,24.677612239395,0 79.5791037569887,24.6776109682989,0 79.5791012438459,24.6776098257668,0 79.5790915438482,24.6776057257682,0 79.5790890888016,24.6776047608362,0 79.5790865802455,24.6776039186102,0 79.5790840255194,24.6776032015544,0 79.579081432098,24.6776026117667,0 79.5790788075692,24.6776021509727,0 79.5790761596117,24.6776018205206,0 79.5790734959731,24.6776016213773,0 79.5790708244466,24.6776015541254,0 79.5790681528486,24.6776016189617,0 79.5790654889956,24.6776018156965,0 79.5790628406816,24.6776021437542,0 79.579060215655,24.6776026021749,0 79.5790576215962,24.6776031896174,0 79.579040221602,24.6776075896161,0 79.579037715964,24.6776082890826,0 79.5790352544268,24.6776091089261,0 79.5790328439119,24.6776100468413,0 79.5790304911971,24.6776111001909,0 79.5790282028979,24.6776122660132,0 79.5790259854486,24.67761354103,0 79.5790238450843,24.6776149216562,0 79.5790217878233,24.6776164040097,0 79.5790198194503,24.6776179839225,0 79.5790179455,24.677619656952,0 79.5790161712417,24.6776214183939,0 79.5790145016642,24.6776232632955,0 79.5790061016633,24.6776330632933,0 79.579004658119,24.6776348350626,0 79.5790033111455,24.6776366692263,0 79.5790020639671,24.677638561394,0 79.5789971599111,24.677646431029,0 79.5789967680765,24.6776454483451,0 79.5789957648793,24.6776432885134,0 79.5789946402304,24.6776411792222,0 79.5789933971675,24.6776391261687,0 79.5789920390481,24.6776371348982,0 79.5789905695407,24.6776352107893,0 79.5789889926143,24.677633359039,0 79.5789873125284,24.677631584649,0 79.5789855338209,24.6776298924119,0 79.5789836612961,24.6776282868986,0 79.5789817000119,24.6776267724456,0 79.5789796552657,24.6776253531435,0 79.5789775325804,24.6776240328258,0 79.5789753376896,24.6776228150589,0 79.5789730765216,24.6776217031318,0 79.578970755184,24.6776207000481,0 79.5789683799467,24.6776198085169,0 79.5789659572254,24.6776190309465,0 79.578963493564,24.677618369437,0 79.5789609956169,24.6776178257752,0 79.578958470131,24.6776174014295,0 79.5789559239278,24.6776170975462,0 79.5789533638848,24.6776169149459,0 79.5789507969166,24.677616854122,0 79.5789482299568,24.6776169152387,0 79.5789456699387,24.677617098131,0 79.5789431237771,24.6776174023047,0 79.5788756238009,24.6776271023024,0 79.5788730879041,24.6776275289546,0 79.5788705798207,24.6776280759102,0 79.5788681063818,24.6776287416798,0 79.578865674324,24.6776295244499,0 79.5788632902711,24.6776304220886,0 79.5788609607164,24.6776314321512,0 79.5788586920045,24.6776325518866,0 79.5788564903145,24.6776337782452,0 79.5788543616429,24.6776351078868,0 79.5788523117873,24.6776365371901,0 79.5788503463306,24.6776380622623,0 79.5788484706259,24.6776396789497,0 79.578846689782,24.6776413828491,0 79.5788450086489,24.6776431693198,0 79.5788440855055,24.6776442606788,0 79.5788440002768,24.6776517790484,0 79.5788390037647,24.677651731759,0 79.5788382487212,24.6776531628337,0 79.578837251673,24.6776553356423,0 79.5788363800413,24.6776575530207,0 79.5788357118017,24.6776595796458,0 79.5788351374782,24.6776588006694,0 79.5788335748142,24.6776569044668,0 79.5788319052363,24.6776550859325,0 79.5788301333596,24.6776533500937,0 79.5788282640827,24.6776517017491,0 79.5788281727045,24.6776516292481,0 79.5785475654136,24.6776489731599,0 79.5785465416994,24.677739260057,0 79.5785379188173,24.6777391784285,0 79.5785382649995,24.677739758193,0 79.5785396292817,24.6777417818375,0 79.5785411082305,24.6777437370719,0 79.5785425776698,24.6777454763498,0 79.5785424895996,24.677745471988,0 79.5785399185845,24.6777454670371,0 79.5785373507685,24.6777455842948,0 79.5785347931044,24.6777458234435,0 79.5785322525177,24.6777461838357,0 79.5785297358878,24.6777466644955,0 79.5785272500289,24.6777472641215,0 79.5785248016723,24.67774798109,0 79.5785223974473,24.6777488134596,0 79.578520043864,24.6777497589765,0 79.5785177472953,24.6777508150805,0 79.5785155139598,24.6777519789119,0 79.5785133499047,24.6777532473193,0 79.5785112609897,24.6777546168683,0 79.5785092528711,24.6777560838504,0 79.5785073309864,24.6777576442935,0 79.5785055005395,24.6777592939723,0 79.5785037664868,24.6777610284198,0 79.5785021335238,24.6777628429396,0 79.5785006060719,24.6777647326184,0 79.5784991882673,24.6777666923396,0 79.5784978839489,24.6777687167966,0 79.5784966966485,24.6777708005078,0 79.5784956295811,24.6777729378309,0 79.5784946856359,24.6777751229788,0 79.578493867369,24.6777773500345,0 79.578493176996,24.6777796129677,0 79.5784926163863,24.6777819056511,0 79.5784921870578,24.6777842218766,0 79.5784918901731,24.6777865553724,0 79.5784917265362,24.67778889982,0 79.57849169659,24.6777912488714,0 79.5784918004156,24.6777935961658,0 79.5784920377321,24.6777959353473,0 79.5784924078967,24.6777982600821,0 79.5784929099071,24.6778005640754,0 79.5784935424041,24.6778028410885,0 79.578494303675,24.6778050849558,0 79.5784947702711,24.6778062433997,0 79.5784283447386,24.6778216606737,0 79.5784283656628,24.6778213800358,0 79.5784284054917,24.6778189999374,0 79.57842830797,24.6778166212293,0 79.5784280733688,24.6778142505244,0 79.5784277023403,24.6778118944134,0 79.5784271959162,24.6778095594465,0 79.5784265555041,24.677807252115,0 79.5784257828846,24.6778049788334,0 79.5784248802055,24.6778027459217,0 79.5784238499765,24.6778005595875,0 79.5784226950615,24.6777984259089,0 79.5784214186714,24.6777963508177,0 79.5784200243547,24.6777943400828,0 79.5784185159875,24.6777923992942,0 79.5784168977632,24.6777905338473,0 79.5784151741807,24.6777887489283,0 79.5784133500317,24.6777870494994,0 79.5784114303873,24.677785440285,0 79.5784094205843,24.6777839257589,0 79.5784073262102,24.6777825101315,0 79.5784051530873,24.6777811973385,0 79.5784029072571,24.6777799910294,0 79.5784005949633,24.6777788945579,0 79.578398222634,24.6777779109722,0 79.5783957968646,24.6777770430068,0 79.5783933243988,24.6777762930746,0 79.5783908121103,24.6777756632606,0 79.5783882669834,24.6777751553156,0 79.5783856960936,24.6777747706518,0 79.5783831065883,24.6777745103385,0 79.5783805056664,24.6777743750994,0 79.5783779005587,24.6777743653106,0 79.5783752985075,24.6777744809992,0 79.5783727067466,24.6777747218436,0 79.5783701324815,24.6777750871743,0 79.5783675828686,24.6777755759755,0 79.578365064996,24.6777761868885,0 79.5783625858637,24.6777769182147,0 79.5783601523637,24.6777777679212,0 79.5783577712614,24.6777787336456,0 79.5783554491764,24.6777798127032,0 79.5783531925641,24.6777810020941,0 79.5783510076982,24.6777822985117,0 79.5783489006528,24.6777836983519,0 79.5783468772854,24.6777851977231,0 79.5783449432213,24.677786792457,0 79.5783431038372,24.67778847812,0 79.5783413642469,24.6777902500259,0 79.5783397292863,24.6777921032486,0 79.578338203501,24.6777940326362,0 79.5783367911325,24.6777960328248,0 79.5783068911239,24.6778409328161,0 79.5783057104023,24.677842805381,0 79.5783046291082,24.6778447274301,0 79.5783036497193,24.6778466945591,0 79.5783027744799,24.6778487022601,0 79.5782861744675,24.6778896022545,0 79.5782853436052,24.6778918251173,0 79.5782846403999,24.6778940844579,0 79.5782840667554,24.6778963741602,0 79.5782836242244,24.6778986880256,0 79.578283314005,24.6779010197903,0 79.578283136937,24.677903363142,0 79.5782830934998,24.677905711737,0 79.5782831838109,24.6779080592174,0 79.5782834076259,24.6779103992284,0 79.5782837643388,24.6779127254352,0 79.5782842529841,24.6779150315407,0 79.5782848722389,24.6779173113019,0 79.5782856204268,24.6779195585474,0 79.5782864955225,24.6779217671935,0 79.5782874951569,24.6779239312613,0 79.578288616624,24.6779260448925,0 79.5782898568878,24.6779281023652,0 79.5782912125909,24.6779300981096,0 79.5782926800632,24.677932026723,0 79.5782967800623,24.677937126724,0 79.5782983517092,24.6779389789387,0 79.5783000264379,24.6779407541312,0 79.5783017997349,24.6779424475173,0 79.578303666821,24.6779440545332,0 79.5783056226644,24.6779455708478,0 79.5783076619938,24.6779469923746,0 79.5783097793131,24.6779483152824,0 79.5783119689162,24.677949536006,0 79.5783142249016,24.6779506512553,0 79.5783165411896,24.6779516580248,0 79.5783189115375,24.6779525536011,0 79.578321329557,24.6779533355706,0 79.5783237887314,24.6779540018258,0 79.5783262824331,24.677954550571,0 79.5783288039414,24.6779549803275,0 79.5783313464606,24.6779552899369,0 79.5783339031385,24.6779554785649,0 79.5783364670846,24.677955545703,0 79.5783390313889,24.6779554911704,0 79.5783415891405,24.677955315114,0 79.5783441334459,24.6779550180083,0 79.5783466574483,24.677954600654,0 79.578349154345,24.6779540641759,0 79.578351617407,24.6779534100198,0 79.578354039996,24.6779526399488,0 79.578356415583,24.6779517560383,0 79.5783587377655,24.6779507606704,0 79.5783610002853,24.6779496565278,0 79.5783631970446,24.6779484465861,0 79.578365322123,24.6779471341063,0 79.5783673697932,24.6779457226255,0 79.5783693345368,24.6779442159479,0 79.5783712110584,24.677942618134,0 79.5783729943009,24.67794093349,0 79.5783746794582,24.6779391665562,0 79.5783762619887,24.6779373220946,0 79.5783777376273,24.6779354050761,0 79.5783791023973,24.6779334206672,0 79.5783803526203,24.6779313742161,0 79.5783803920609,24.6779313009652,0 79.5783919041868,24.6779483444505,0 79.57838916802,24.6779931868884,0 79.5783890918822,24.6779955021033,0 79.5783891458024,24.6779978178391,0 79.5783893296386,24.6780001280002,0 79.5783896429069,24.6780024265053,0 79.5783900847826,24.6780047073042,0 79.5783906541028,24.678006964393,0 79.5783913493686,24.6780091918303,0 79.57839216875,24.6780113837528,0 79.57839311009,24.6780135343907,0 79.5783941709109,24.6780156380828,0 79.5783953484201,24.6780176892915,0 79.5783966395182,24.6780196826173,0 79.5783980408064,24.6780216128133,0 79.5783995485963,24.6780234747985,0 79.5784011589187,24.6780252636715,0 79.5784028675349,24.6780269747235,0 79.5784046699471,24.6780286034505,0 79.578406561411,24.678030145565,0 79.5784085369474,24.6780315970078,0 79.5784105913563,24.6780329539582,0 79.5784127192297,24.6780342128443,0 79.5784149149663,24.6780353703522,0 79.5784171727864,24.678036423435,0 79.5784194867466,24.6780373693208,0 79.5784572867564,24.678051769326,0 79.5784595607523,24.6780525759977,0 79.5784618755502,24.6780532791339,0 79.5784642255077,24.6780538770208,0 79.5784666048969,24.678054368201,0 79.5784671673504,24.678054457911,0 79.5784668063683,24.6780551734709,0 79.5784658535985,24.6780573536072,0 79.5784650261431,24.6780595760492,0 79.5784643262395,24.6780618347878,0 79.5784637557802,24.6780641237156,0 79.5784633163076,24.6780664366438,0 79.5784630090099,24.6780687673184,0 79.5784628347181,24.6780711094377,0 79.5784627939035,24.6780734566688,0 79.5784628866763,24.6780758026652,0 79.5784631127858,24.6780781410835,0 79.5784634716207,24.6780804656011,0 79.5784639622106,24.6780827699327,0 79.5784645832291,24.6780850478477,0 79.5784653329971,24.6780872931869,0 79.5784794329837,24.6781258931907,0 79.578480354507,24.6781282042975,0 79.5784814124187,24.6781304661148,0 79.5784826035784,24.6781326719284,0 79.5784839244502,24.6781348151903,0 79.5784853711131,24.6781368895384,0 79.5784869392727,24.678138888815,0 79.578488624274,24.6781408070852,0 79.5784904211151,24.6781426386548,0 79.5784923244621,24.6781443780866,0 79.5784943286649,24.6781460202173,0 79.5784964277741,24.6781475601722,0 79.5784986155585,24.6781489933799,0 79.5785180773546,24.6781610230578,0 79.5785183520373,24.6781626914914,0 79.5785188754307,24.678165025605,0 79.578519532864,24.6781673312375,0 79.5785203225062,24.6781696019671,0 79.5785212421578,24.6781718314693,0 79.5785222892574,24.6781740135342,0 79.5785234608886,24.6781761420843,0 79.578524753788,24.6781782111909,0 79.5785261643546,24.678180215091,0 79.5785276886595,24.6781821482033,0 79.5785293224573,24.6781840051434,0 79.5785310611972,24.6781857807393,0 79.5785597712193,24.6782135865197,0 79.5785665390448,24.6782417742074,0 79.5785671617302,24.6782440768872,0 79.5785679159149,24.6782463465063,0 79.5785687995173,24.6782485767997,0 79.5785698100982,24.6782507616111,0 79.578570944868,24.6782528949095,0 79.5785722006944,24.6782549708062,0 79.5785735741108,24.6782569835709,0 79.5785750613261,24.6782589276477,0 79.5785766582351,24.6782607976703,0 79.5785783604295,24.6782625884765,0 79.5785801632108,24.6782642951232,0 79.5785815340022,24.6782654632875,0 79.5785418473235,24.6782599292841,0 79.5785411071835,24.678259437079,0 79.5783370238202,24.6779971013168,0 79.5782664721621,24.6778958782464,0 79.5782487013,24.6778514902515,0 79.5782477404963,24.677849273606,0 79.5782466529625,24.6778471063981,0 79.5782454417317,24.677844994672,0 79.5782441101818,24.6778429443171,0 79.5782426620266,24.6778409610518,0 79.5782411013047,24.6778390504071,0 79.578239432369,24.6778372177117,0 79.5782376598739,24.6778354680769,0 79.5782357887629,24.6778338063823,0 79.5782338242543,24.6778322372622,0 79.5782317718269,24.6778307650927,0 79.578229637205,24.6778293939797,0 79.5782274263416,24.677828127747,0 79.5782251454029,24.6778269699262,0 79.5782241010001,24.6778265039155,0 79.5782180791513,24.6778264468966,0 79.5780541097156,24.6775911928574,0 79.5780545314726,24.6775540085009,0 79.5781533429927,24.677554944183,0 79.5781543669813,24.6774646572992,0 79.5780555555324,24.677463721621,0 79.5780565795871,24.6773734347399,0 79.5779958731258,24.6773728598601,0 79.5783461565517,24.6771992451316,0 79.5785538413984,24.6770954504361,0 79.5785527902891,24.6771881562277,0 79.5785533875492,24.6771888064592,0 79.5785551267587,24.6771905126634,0 79.5785569600567,24.6771921345434,0 79.5785588825529,24.6771936677731,0 79.5785608891193,24.6771951082626,0 79.5785629744035,24.6771964521697,0 79.5785651328433,24.6771976959095,0 79.5785673586812,24.6771988361645,0 79.5785696459798,24.6771998698931,0 79.5785719886382,24.677200794338,0 79.5785743804073,24.6772016070332,0 79.5785768149074,24.677202305811,0 79.5785792856446,24.6772028888075,0 79.5785817860284,24.6772033544675,0 79.5785843093893,24.6772037015489,0 79.5785868489964,24.6772039291259,0 79.5785893980756,24.6772040365915,0 79.5785919498272,24.6772040236591,0 79.5785944974449,24.677203890363,0 79.578597034133,24.6772036370589,0 79.5786173757935,24.6772011185695,0 79.5786189641798,24.6772021614559,0 79.578621215379,24.6772034769716,0 79.5786235411233,24.6772046793534,0 79.5786302691398,24.6772079414226,0 79.5786813098611,24.6772542887567,0 79.5787088210106,24.6772977885511,0 79.5787102141742,24.6772998604848,0 79.5787117274123,24.67730186087,0 79.5787133563347,24.6773037839028,0 79.5787150962152,24.6773056240038,0 79.5787169420058,24.6773073758343,0 79.5787188883513,24.6773090343116,0 79.5787209296046,24.6773105946239,0 79.5787230598435,24.6773120522442,0 79.5787252728872,24.6773134029434,0 79.578727562315,24.6773146428026,0 79.5787299214845,24.6773157682247,0 79.5787323435509,24.6773167759443,0 79.578734821487,24.6773176630377,0 79.5787489131369,24.6773223118302,0 79.5787492828888,24.6772896961869,0 79.578946905577,24.6772915665533,0 79.5789458971251,24.6773805338594,0 79.5789505277871,24.677381897435,0 79.5790446935899,24.6773827885599,0 79.5790444260524,24.6774063927302,0 79.579053326084,24.6774086053891,0 79.5790690971846,24.6774326076336,0 79.5790783358941,24.6774596518849,0 79.5790791887017,24.6774619324074,0 79.5790801734799,24.6774641680983,0 79.5790812874222,24.6774663525866,0 79.5790825273544,24.6774684796473,0 79.5790838897431,24.6774705432191,0 79.5790853707061,24.6774725374216,0 79.579086966023,24.677474456572,0 79.5790886711479,24.6774762952015,0 79.5790904812217,24.6774780480704,0 79.5790923910864,24.677479710184,0 79.5791180910871,24.6775009101896,0 79.5791200504118,24.6775024435373,0 79.579122094655,24.6775038813511,0 79.5791242182437,24.6775052197113,0 79.5791264153887,24.6775064549695,0 79.5791286801002,24.677507583758,0 79.5791310062043,24.6775086029998,0 79.5791333873597,24.677509509916,0 79.5791358170751,24.6775103020344,0 79.5791382887266,24.6775109771956,0 79.5791572887326,24.6775156771975,0 79.5791597944865,24.6775162333447,0 79.5791623285829,24.6775166692825,0 79.5791648841192,24.6775169838233,0 79.5791674541349,24.6775171761105,0 79.5791700316297,24.6775172456203,0 79.5791726095831,24.6775171921634,0 79.5791751809733,24.6775170158853,0 79.5791777387965,24.6775167172662,0 79.5791802760856,24.6775162971196,0 79.5791827859296,24.6775157565897,0 79.5791852614924,24.6775150971488,0 79.5791876960309,24.6775143205932,0 79.5791900829141,24.677513429038,0 79.5791924156405,24.6775124249116,0 79.5791946878564,24.6775113109491,0 79.5791968933727,24.6775100901845,0 79.5791990261821,24.6775087659431,0 79.5792010804753,24.6775073418316,0 79.5792030506569,24.6775058217293,0 79.5792049313604,24.6775042097763,0 79.5792067174634,24.6775025103634,0 79.5792084041007,24.6775007281194,0 79.5792099866784,24.6774988678988,0 79.579211460886,24.6774969347683,0 79.579212822708,24.6774949339933,0 79.5792140684351,24.6774928710236,0 79.5792151946742,24.6774907514783,0 79.5792161983577,24.6774885811304,0 79.5792170767518,24.6774863658916,0 79.5792178274639,24.6774841117957,0 79.5792184484493,24.6774818249823,0 79.5792189380166,24.6774795116802,0 79.5792192948322,24.6774771781904,0 79.5792195179244,24.6774748308687,0 79.5792196066854,24.6774724761088,0 79.5792195608736,24.6774701203245,0 79.5792193806136,24.6774677699323,0 79.5792190663965,24.6774654313344,0 79.5792186190782,24.6774631109004,0 79.579218039877,24.6774608149508,0 79.5792173303707,24.6774585497391,0 79.5792164924916,24.6774563214354,0 79.5792155285221,24.6774541361091,0 79.5792144410878,24.6774519997124,0 79.5792132331506,24.6774499180644,0 79.5792119080006,24.6774478968352,0 79.5792104692474,24.67744594153,0 79.5792089208097,24.6774440574748,0 79.5792072669051,24.6774422498011,0 79.5791590029826,24.6773922121745,0 79.5791334527003,24.6773507498168,0 79.5791323451283,24.6773490414736,0 79.5791311564172,24.6773473792827,0 79.5791299564169,24.677345779283,0 79.5791285681827,24.6773440255455,0 79.5791214763594,24.6772953432598,0 79.5791210585848,24.6772929631523,0 79.5791205023728,24.6772906068127,0 79.5791198093094,24.6772882809587,0 79.5791189813703,24.6772859922211,0 79.5791180209159,24.677283747125,0 79.5791169306845,24.677281552071,0 79.5791157137843,24.677279413317,0 79.5791143736845,24.6772773369605,0 79.5791129142057,24.677275328921,0 79.5791113395088,24.6772733949233,0 79.579109654083,24.6772715404812,0 79.5791078627336,24.6772697708814,0 79.5791059705674,24.6772680911691,0 79.5790698921684,24.6772377317891,0 79.5790696395835,24.6772364040231,0 79.579069062052,24.6772340940468,0 79.5790683526757,24.6772318149394,0 79.5790675134086,24.6772295729792,0 79.5790665465626,24.677227374342,0 79.5790654548011,24.6772252250843,0 79.5790642411315,24.6772231311268,0 79.5790629088972,24.6772210982376,0 79.579061461768,24.6772191320167,0 79.5790599037303,24.6772172378803,0 79.5790582390761,24.6772154210463,0 79.5790564723908,24.6772136865195,0 79.5790134050645,24.6771735677996,0 79.5789885363665,24.6771300476036,0 79.578965519111,24.6770846789139,0 79.5789514110666,24.6770511843345,0 79.5789504152635,24.677048993655,0 79.5789492949049,24.6770468537923,0 79.5789480530838,24.6770447706543,0 79.5789466932287,24.677042749992,0 79.578945219094,24.6770407973843,0 79.5789436347495,24.6770389182219,0 79.5789419445693,24.6770371176929,0 79.5789401532197,24.6770354007682,0 79.5789382656463,24.6770337721879,0 79.5789362870604,24.6770322364484,0 79.5789342229245,24.6770307977895,0 79.5789320789374,24.677029460183,0 79.5789298610183,24.677028227322,0 79.5789275752904,24.6770271026101,0 79.5789252280643,24.6770260891525,0 79.5789228258201,24.6770251897471,0 79.5789203751902,24.677024406877,0 79.5789178829404,24.6770237427036,0 79.5789153559511,24.6770231990607,0 79.5789128011991,24.677022777449,0 79.5789102257376,24.6770224790326,0 79.578907636677,24.6770223046353,0 79.5789050411653,24.6770222547387,0 79.5789036032936,24.6770222961559,0 79.5789047593657,24.6770205608377,0 79.5789059826706,24.6770184885101,0 79.5789070860665,24.6770163607238,0 79.578908066552,24.6770141832668,0 79.5789089214602,24.6770119620617,0 79.5789096484656,24.6770097031505,0 79.5789102455907,24.6770074126778,0 79.5789107112113,24.6770050968737,0 79.5789110440609,24.6770027620374,0 79.578911243234,24.67700041452,0 79.5789113081889,24.676998060707,0 79.578911238749,24.6769957070008,0 79.5789110351031,24.6769933598038,0 79.5789106978052,24.6769910255006,0 79.5789102277728,24.6769887104408,0 79.5789096262843,24.6769864209214,0 79.578908894976,24.6769841631702,0 79.578908035837,24.6769819433285,0 79.5789070512043,24.6769797674345,0 79.5789059437562,24.6769776414068,0 79.5789047165051,24.6769755710283,0 79.5789033727891,24.6769735619308,0 79.5789027566554,24.6769726924983,0 79.5789031282223,24.6769719733482,0 79.5789298355797,24.6769164795845,0 79.5789724038107,24.6768948599879,0 79.5789745963825,24.6768936778568,0 79.5789767194047,24.6768923941005,0 79.5789787672408,24.6768910121275,0 79.5789807344539,24.6768895356067,0 79.5789826158213,24.6768879684582,0 79.5789844063479,24.6768863148428,0 79.5789861012801,24.6768845791505,0 79.5789875713465,24.6768829078415,0 79.5789890748445,24.6768842306105,0 79.578991031723,24.6768857801763,0 79.578993074763,24.6768872339343,0 79.5789951983528,24.6768885878914,0 79.5789973966593,24.6768898383284,0 79.5789996636443,24.6768909818109,0 79.5790019930809,24.6768920151978,0 79.5790043785706,24.6768929356506,0 79.5790068135611,24.6768937406412,0 79.5790092913641,24.6768944279584,0 79.5790118051734,24.6768949957143,0 79.5790143480844,24.6768954423494,0 79.5790169131121,24.6768957666368,0 79.5790194932111,24.6768959676859,0 79.5790220812943,24.6768960449444,0 79.579024670253,24.6768959982001,0 79.5790272529758,24.6768958275814,0 79.5790298223686,24.6768955335569,0 79.5790323713738,24.6768951169343,0 79.57903489299,24.6768945788579,0 79.5790373802907,24.6768939208057,0 79.579039826444,24.6768931445852,0 79.579072926454,24.6768817445819,0 79.5790741884657,24.6768812917657,0 79.5791349884834,24.676858591759,0 79.5791374247473,24.6768576113791,0 79.5791397996871,24.6768565125259,0 79.5791421064084,24.6768552983892,0 79.579144338215,24.6768539724936,0 79.579146488628,24.6768525386881,0 79.579148551405,24.6768510011351,0 79.5791505205576,24.6768493642979,0 79.5791523903697,24.6768476329282,0 79.5791610448084,24.6768391751792,0 79.5791684979092,24.676832016278,0 79.5791700119484,24.6768304940134,0 79.5791714485288,24.676828910312,0 79.5791728046678,24.6768272684618,0 79.5791791046667,24.6768192684601,0 79.5791805675291,24.6768173037845,0 79.5791819152301,24.676815271499,0 79.5791831440357,24.6768131772341,0 79.5791842505418,24.6768110267917,0 79.5791852316827,24.6768088261298,0 79.5791860847402,24.676806581345,0 79.579186807351,24.6768042986565,0 79.5791873975132,24.6768019843885,0 79.5791878535917,24.6767996449525,0 79.5791881743229,24.6767972868298,0 79.5791883588183,24.6767949165536,0 79.5791884065667,24.6767925406907,0 79.579188317436,24.6767901658232,0 79.5791880916729,24.6767877985306,0 79.5791877299031,24.6767854453716,0 79.5791872331288,24.6767831128653,0 79.5791866027262,24.676780807474,0 79.5791858404419,24.6767785355847,0 79.5791851266936,24.6767767496471,0 79.5791919296957,24.676775556675,0 79.579198833473,24.6767831804801,0 79.5792005297332,24.6767849570822,0 79.5792023251852,24.6767866503467,0 79.5792042149324,24.6767882556557,0 79.5792061938208,24.6767897686309,0 79.5792082564535,24.676791185146,0 79.579210397205,24.676792501338,0 79.5792126102371,24.676793713617,0 79.5792148895142,24.676794818677,0 79.5792172288199,24.676795813504,0 79.5792196217745,24.676796695385,0 79.5792220618516,24.6767974619148,0 79.5792245423964,24.6767981110028,0 79.5792270566439,24.6767986408789,0 79.5792295977369,24.6767990500978,0 79.5792321587453,24.6767993375435,0 79.5792347326844,24.6767995024322,0 79.5792373125344,24.676799544314,0 79.5792398912592,24.6767994630748,0 79.5792424618261,24.6767992589362,0 79.5792450172243,24.6767989324548,0 79.5792475504846,24.6767984845211,0 79.5792500546981,24.6767979163567,0 79.579252523035,24.6767972295111,0 79.5793126452859,24.6767789191252,0 79.5793473279889,24.676773499953,0 79.5793486255233,24.67677328088,0 79.5794020610575,24.676763582962,0 79.5794298921661,24.6767603253818,0 79.5794518033705,24.6767654451551,0 79.5794761298424,24.67680217441,0 79.579477524015,24.6768041603207,0 79.5794790298297,24.6768060769665,0 79.5794806431735,24.6768079191124,0 79.5794823596402,24.6768096817273,0 79.5794841745416,24.6768113599969,0 79.5794860829209,24.6768129493375,0 79.5794880795657,24.6768144454082,0 79.5794901590228,24.676815844123,0 79.5794923156128,24.6768171416615,0 79.5794945434453,24.67681833448,0 79.5794968364358,24.6768194193205,0 79.5794991883215,24.67682039322,0 79.5795015926789,24.6768212535188,0 79.579504042941,24.6768219978669,0 79.5795066270993,24.6768227149373,0 79.579528227298,24.6768513317703,0 79.5795296744369,24.6768531503753,0 79.579531218878,24.6768549008874,0 79.5795328567903,24.6768565789643,0 79.5795345841107,24.6768581804435,0 79.5795363965546,24.6768597013523,0 79.5795382896259,24.676861137918,0 79.5795402586288,24.676862486577,0 79.5795422986789,24.676863743984,0 79.5795444047159,24.6768649070198,0 79.5795830049364,24.6768850418247,0 79.5796531885385,24.6770785634154,0 79.5796458430552,24.6770874069831,0 79.5796443241864,24.6770893393086,0 79.5796429188302,24.6770913420611,0 79.5796416308895,24.677093409679,0 79.5796404639407,24.6770955364204,0 79.5796394212246,24.6770977163794,0 79.5796385056368,24.6770999435021,0 79.5796377197199,24.6771022116039,0 79.5796370656564,24.6771045143862,0 79.5796365452627,24.6771068454541,0 79.579636159984,24.6771091983342,0 79.57963591089,24.6771115664925,0 79.5796357986727,24.6771139433527,0 79.5796358236436,24.6771163223141,0 79.5796359857333,24.6771186967703,0 79.5796362844919,24.6771210601275,0 79.5796367190896,24.6771234058225,0 79.5796372883195,24.6771257273413,0 79.5796379906009,24.6771280182371,0 79.5796388239836,24.6771302721479,0 79.5796397861533,24.6771324828147,0 79.5796570217371,24.6771692322783,0 79.5796691638284,24.6771963792529,0 79.5796702511873,24.6771986327721,0 79.5796714714202,24.6772008287574,0 79.5796728208958,24.6772029606736,0 79.579674295598,24.6772050221761,0 79.5796758911382,24.6772070071299,0 79.5796776027679,24.6772089096279,0 79.5796794253936,24.6772107240082,0 79.5796813535911,24.6772124448713,0 79.5796990929745,24.6772274349828,0 79.5796996301506,24.6772294866104,0 79.5797043241968,24.6774470197386,0 79.5797143677838,24.6774521197548,0 79.5795425443813,24.6776082507974,0 79.5797930421602,24.6777552554046,0 79.5798005618166,24.6777466832539,0 79.5798027985817,24.6777477853914,0 79.5798051441052,24.6777487996854,0 79.5798075446743,24.67774970006,0 79.5798099936675,24.6777504840314,0 79.5798124843294,24.6777511494373,0 79.57981500979,24.6777516944421,0 79.579817563083,24.6777521175426,0 79.5798201371656,24.6777524175717,0 79.5798227249376,24.6777525937019,0 79.5798253192608,24.6777526454472,0 79.5798279129793,24.6777525726649,0 79.5798304989385,24.6777523755559,0 79.5798330700055,24.6777520546637,0 79.5798356190883,24.6777516108736,0 79.5798381391556,24.6777510454097,0 79.5798385391557,24.6777509454097,0 79.5798410371827,24.6777502556184,0 79.5798434918666,24.6777494462759,0 79.5798458963599,24.6777485196399,0 79.5798482439549,24.6777474782954,0 79.5798505281027,24.6777463251473,0 79.5798527424314,24.6777450634126,0 79.5798548807637,24.6777436966109,0 79.5798569371346,24.6777422285552,0 79.5798589058076,24.6777406633408,0 79.5798607812907,24.6777390053341,0 79.579862558352,24.6777372591602,0 79.5798642320344,24.6777354296903,0 79.5798657976686,24.6777335220281,0 79.5798672508874,24.6777315414952,0 79.5798685876366,24.6777294936164,0 79.5798698041874,24.6777273841048,0 79.5798708971459,24.6777252188449,0 79.5799070971243,24.6776482188331,0 79.5799080464686,24.6776460459026,0 79.5799088713352,24.6776438309503,0 79.5799095695087,24.677641579925,0 79.5799101391138,24.6776392988726,0 79.5799105786207,24.6776369939196,0 79.5799108868491,24.6776346712566,0 79.5799110629711,24.6776323371218,0 79.5799110943933,24.6776306489539,0 79.5799315949724,24.6776032243269,0 79.5799316628461,24.677597232311,0 79.5800800708652,24.677428051365,0 79.5804245053112,24.6769965200869,0 79.5804245053112,24.6768684830468,0 79.5804086837816,24.6768813645939,0 79.5804546453993,24.6767888875292,0 79.5805101714774,24.6767323535332,0 79.5805118675197,24.6767305318518,0 79.5805134556006,24.6767286306555,0 79.5805149312631,24.67672665528,0 79.5805162903657,24.6767246112693,0 79.5805175290939,24.6767225043602,0 79.5805186439713,24.6767203404657,0 79.5805196318688,24.676718125659,0 79.5805204900139,24.676715866156,0 79.5805212159982,24.6767135682982,0 79.5805218077841,24.6767112385346,0 79.5805222637107,24.6767088834039,0 79.5805225824985,24.6767065095158,0 79.5805227632529,24.6767041235329,0 79.5805228054664,24.6767017321515,0 79.5805227090207,24.6766993420831,0 79.5805224741864,24.6766969600357,0 79.5805221016226,24.6766945926945,0 79.5805183150242,24.6766743531098,0 79.5804362326377,24.6766735771603,0 79.5804372549412,24.6765832901762,0 79.5803749636466,24.6765827012899,0 79.5804453801262,24.6764464340949,0 79.580121820495,24.6763421071675,0 79.5800539773466,24.6764369498324,0 79.580012234878,24.676418317326,0 79.5800105372908,24.6764167270988,0 79.5800086020126,24.6764150975779,0 79.5800065745245,24.6764135645236,0 79.5800044605786,24.6764121322853,0 79.5799891605806,24.6764023322883,0 79.5799870086271,24.6764010291747,0 79.5799847851195,24.6763998305471,0 79.5799828364514,24.6763989018666,0 79.5799598909143,24.6763775039791,0 79.5799580299942,24.6763758572429,0 79.5799560771721,24.6763743018941,0 79.5799540378164,24.6763728422085,0 79.5799519175334,24.676371482199,0 79.579949722152,24.6763702256042,0 79.5799474577076,24.6763690758788,0 79.5799451304253,24.6763680361835,0 79.5799427467029,24.6763671093764,0 79.5799403130936,24.6763662980053,0 79.5799378362876,24.676365604301,0 79.5799353230939,24.6763650301703,0 79.5799327804214,24.6763645771917,0 79.5799302152602,24.6763642466104,0 79.5799276346621,24.6763640393352,0 79.5799250457215,24.6763639559359,0 79.5799224555556,24.6763639966419,0 79.5799198712849,24.6763641613411,0 79.5799173000139,24.6763644495809,0 79.5799147488112,24.6763648605688,0 79.5799122246903,24.676365393175,0 79.5799097345903,24.6763660459353,0 79.5799072853567,24.6763668170553,0 79.5799048837225,24.6763677044149,0 79.5799025362903,24.6763687055748,0 79.5799018440022,24.6763690422794,0 79.5797565112341,24.6763041700814,0</coordinates></LinearRing></outerBoundaryIs><innerBoundaryIs><LinearRing><coordinates>79.5801335660364,24.6770498417663,0 79.580135866765,24.6770502674907,0 79.580138430122,24.6770506151399,0 79.5801410099018,24.6770508395047,0 79.5801435990077,24.677050939968,0 79.580146190317,24.6770509162532,0 79.5801487767013,24.6770507684257,0 79.5801513510454,24.6770504968922,0 79.5801539062676,24.6770501023996,0 79.5801564353384,24.6770495860332,0 79.5801589313005,24.6770489492134,0 79.5801613872877,24.6770481936921,0 79.5801637965436,24.6770473215477,0 79.5801661524405,24.6770463351795,0 79.5801684484974,24.6770452373009,0 79.5801706783979,24.6770440309321,0 79.5801728360078,24.6770427193917,0 79.5801749153915,24.6770413062879,0 79.5801769108287,24.6770397955079,0 79.5801788168301,24.6770381912079,0 79.5801806281523,24.6770364978012,0 79.5801823398126,24.6770347199462,0 79.5801839471021,24.6770328625338,0 79.5801854455994,24.6770309306737,0 79.580186831182,24.6770289296803,0 79.5801881000385,24.6770268650583,0 79.5801892486781,24.6770247424872,0 79.5801925267414,24.6770182625903,0 79.5802466923058,24.6769340810463,0 79.580247860673,24.6769321596454,0 79.5802489253042,24.6769301885591,0 79.5802498836757,24.6769281724598,0 79.5802507335156,24.6769261161269,0 79.5802514728094,24.6769240244348,0 79.5802520998046,24.6769219023421,0 79.5802526130148,24.6769197548792,0 79.5802670860478,24.676851230794,0 79.5802793978808,24.6768495507132,0 79.5802800986397,24.6768494367152,0 79.5802825964165,24.6768611993123,0 79.5802831746466,24.6768635773016,0 79.5802838924091,24.6768659233311,0 79.5802847476144,24.6768682305704,0 79.5802857377725,24.6768704923019,0 79.5802868600005,24.676872701941,0 79.5802881110314,24.6768748530541,0 79.5802894872226,24.6768769393786,0 79.5802909845676,24.6768789548401,0 79.5802925987068,24.6768808935708,0 79.5803099427523,24.6769005985934,0 79.5803129448874,24.6769049350129,0 79.5803143876419,24.676906902772,0 79.5803159413555,24.6769087986837,0 79.5803176017514,24.6769106175297,0 79.5803193642595,24.6769123543036,0 79.5803212240286,24.6769140042249,0 79.5803231759396,24.6769155627523,0 79.58032521462,24.676917025596,0 79.5803273344583,24.6769183887295,0 79.5803295296197,24.6769196484008,0 79.5803317940622,24.6769208011427,0 79.5803341215528,24.6769218437823,0 79.5803365056852,24.6769227734498,0 79.5803389398971,24.6769235875861,0 79.5803414174884,24.6769242839506,0 79.5803439316395,24.6769248606264,0 79.5803464754304,24.6769253160262,0 79.5803490418592,24.6769256488966,0 79.580351623862,24.6769258583214,0 79.5803539412775,24.6769259347219,0 79.5801111196332,24.6771236340533,0 79.5801113972018,24.6771116556877,0 79.5801113841727,24.677109290086,0 79.5801112355479,24.6771069283555,0 79.5801109517358,24.677104576981,0 79.5801105335154,24.6771022424187,0 79.5801099820353,24.6770999310786,0 79.5801092988094,24.677097649307,0 79.5801091184831,24.6770971512082,0 79.5801335660364,24.6770498417663,0</coordinates></LinearRing></innerBoundaryIs><innerBoundaryIs><LinearRing><coordinates>79.5789522781535,24.6768175816852,0 79.5789520225514,24.6768401319514,0 79.5788532115603,24.67683919682,0 79.5788532597535,24.6768349453133,0 79.5789522781535,24.6768175816852,0</coordinates></LinearRing></innerBoundaryIs><innerBoundaryIs><LinearRing><coordinates>79.5788360612169,24.6768379612,0 79.5788364786136,24.676843516211,0 79.578832065994,24.6768386617907,0 79.5788360612169,24.6768379612,0</coordinates></LinearRing></innerBoundaryIs><innerBoundaryIs><LinearRing><coordinates>79.57891027061,24.6796456386092,0 79.5789114628668,24.6796477138745,0 79.5789127713924,24.6796497298053,0 79.5789141926597,24.6796516809679,0 79.578915722838,24.6796535621034,0 79.578917357803,24.6796553681415,0 79.578919093148,24.6796570942142,0 79.5789209241955,24.6796587356693,0 79.5789228460104,24.6796602880825,0 79.5789248534126,24.6796617472695,0 79.5789269409917,24.6796631092975,0 79.5789291031209,24.6796643704951,0 79.5789313339726,24.6796655274631,0 79.5789336275338,24.6796665770831,0 79.5789359776227,24.6796675165261,0 79.578938377905,24.6796683432598,0 79.5789442588115,24.6796702110161,0 79.5789552665048,24.6796877034472,0 79.5789566107499,24.6796897160787,0 79.5789580681619,24.6796916618397,0 79.5789596347655,24.6796935354229,0 79.5789836347619,24.6797207354288,0 79.5789853752471,24.6797226018801,0 79.5789872240733,24.6797243792335,0 79.5789891757863,24.6797260622455,0 79.5789912246285,24.6797276459512,0 79.5789933645556,24.6797291256786,0 79.5789955892546,24.6797304970622,0 79.5789978921624,24.6797317560565,0 79.5790002664854,24.6797328989472,0 79.5790027052191,24.6797339223628,0 79.5790086059557,24.679736223423,0 79.5790087886895,24.679736410803,0 79.5790106187568,24.6797380994285,0 79.5790125435379,24.6797396977235,0 79.5790145576992,24.6797412012592,0 79.5790166556598,24.6797426058694,0 79.5790188316063,24.679743907662,0 79.5790210795092,24.6797451030298,0 79.57902339314,24.6797461886606,0 79.5790257660876,24.6797471615462,0 79.5790281917768,24.6797480189908,0 79.5790306634861,24.6797487586184,0 79.5790331743667,24.6797493783796,0 79.5790357174611,24.6797498765571,0 79.5790382857226,24.6797502517704,0 79.5790408720347,24.67975050298,0 79.5790434692308,24.6797506294896,0 79.5790460701145,24.6797506309488,0 79.5790486674787,24.6797505073535,0 79.5790512541264,24.6797502590462,0 79.5790538228903,24.6797498867149,0 79.5790563666523,24.6797493913913,0 79.5790588783641,24.679748774448,0 79.5790613510656,24.6797480375944,0 79.5790637779054,24.6797471828723,0 79.5790652280282,24.6797465902896,0 79.579064777575,24.6797486984331,0 79.5790644181481,24.6797510110732,0 79.579064190114,24.6797533376042,0 79.5790640940834,24.6797556717979,0 79.5790641303132,24.6797580074057,0 79.5790642987064,24.679760338175,0 79.5790645988123,24.6797626578663,0 79.5790650298276,24.6797649602699,0 79.5790655905983,24.6797672392221,0 79.5790662796232,24.6797694886221,0 79.579067095058,24.6797717024483,0 79.5790680347196,24.6797738747742,0 79.5790690960925,24.6797759997844,0 79.5790702763355,24.6797780717903,0 79.579071572289,24.6797800852451,0 79.5790729804837,24.6797820347587,0 79.5790744971499,24.6797839151122,0 79.5790761182274,24.6797857212719,0 79.5790778393767,24.6797874484027,0 79.57907965599,24.679789091881,0 79.5790815632045,24.6797906473072,0 79.5790835559143,24.6797921105173,0 79.579085628785,24.6797934775944,0 79.5791013287871,24.6798032775974,0 79.5791035333606,24.6798045766422,0 79.5791058102828,24.6798057669477,0 79.5791078187651,24.6798066912773,0 79.5791060330608,24.6798078752772,0 79.5791040009964,24.6798093787846,0 79.5791020588268,24.6798109784105,0 79.5791002119913,24.6798126696749,0 79.5790984656621,24.6798144478414,0 79.5790968247297,24.6798163079301,0 79.5790952937898,24.6798182447318,0 79.5790940492454,24.6798200088515,0 79.579093626566,24.6798198356454,0 79.5790912033812,24.6798189794254,0 79.5790887342895,24.6798182407712,0 79.5790862261177,24.6798176217252,0 79.5790836858007,24.679817123999,0 79.5790811203622,24.6798167489687,0 79.5790785368955,24.6798164976714,0 79.5790759425435,24.6798163708016,0 79.5790733444796,24.6798163687104,0 79.5790707498871,24.6798164914035,0 79.5790681659398,24.6798167385415,0 79.5790655997822,24.6798171094413,0 79.5790630585094,24.6798176030772,0 79.5790605491478,24.6798182180845,0 79.5790580786357,24.6798189527627,0 79.5790556538037,24.6798198050805,0 79.5790532813563,24.6798207726812,0 79.5790509678532,24.6798218528896,0 79.579048719691,24.679823042719,0 79.5790465430856,24.6798243388795,0 79.5790444440552,24.6798257377875,0 79.5790424284035,24.679827235575,0 79.5790405017035,24.6798288281008,0 79.5790388029171,24.6798303882341,0 79.5790382669778,24.6798290439438,0 79.5790372569687,24.6798268710841,0 79.5790361240322,24.6798247494356,0 79.5790348712662,24.6798226847996,0 79.5790335020961,24.6798206828214,0 79.5790320202657,24.6798187489751,0 79.5790304298269,24.6798168885485,0 79.5790287351284,24.6798151066287,0 79.5790269408041,24.679813408088,0 79.5790250517603,24.6798117975707,0 79.5790230731623,24.6798102794807,0 79.5790210104203,24.6798088579687,0 79.5790188691743,24.6798075369218,0 79.5790166552794,24.6798063199521,0 79.579014374789,24.6798052103872,0 79.5790120339389,24.679804211261,0 79.5790096391295,24.6798033253055,0 79.5790071969093,24.6798025549431,0 79.5790047139559,24.6798019022803,0 79.5790021970586,24.6798013691017,0 79.5789996530995,24.6798009568652,0 79.5789970890346,24.679800666698,0 79.5789945118749,24.6798004993934,0 79.5789919286672,24.679800455409,0 79.5789893464748,24.679800534865,0 79.5789867723584,24.6798007375441,0 79.5789842133563,24.6798010628922,0 79.5789816764659,24.6798015100196,0 79.5789791686237,24.6798020777038,0 79.5789766966871,24.6798027643926,0 79.5789742674151,24.6798035682082,0 79.5789718874502,24.6798044869527,0 79.5789695633,24.6798055181142,0 79.5789681816294,24.6798062149163,0 79.5789683790864,24.6798047531246,0 79.5789685612399,24.6798023910304,0 79.5789686075948,24.6798000234587,0 79.5789685180235,24.6797976569228,0 79.5789682927726,24.6797952979336,0 79.5789679324616,24.6797929529807,0 79.5789674380818,24.6797906285156,0 79.5789668109934,24.6797883309329,0 79.5789660529216,24.6797860665537,0 79.5789651659518,24.6797838416075,0 79.5789641525244,24.6797816622154,0 79.5789630154272,24.6797795343732,0 79.5789617577887,24.6797774639349,0 79.5789603830687,24.6797754565963,0 79.5789588950493,24.6797735178801,0 79.5789572978242,24.6797716531197,0 79.5789555957876,24.6797698674454,0 79.5789537936218,24.6797681657698,0 79.578951896285,24.6797665527743,0 79.5789499089969,24.6797650328966,0 79.5789478372248,24.6797636103179,0 79.5789456866684,24.679762288952,0 79.5789434632441,24.6797610724341,0 79.5789411730688,24.6797599641109,0 79.578938822443,24.6797589670317,0 79.5789364178336,24.6797580839394,0 79.578933965856,24.6797573172636,0 79.5789314732558,24.6797566691134,0 79.5789289468904,24.6797561412721,0 79.5789263937103,24.6797557351917,0 79.5789238207394,24.6797554519895,0 79.5789212350563,24.6797552924445,0 79.5789186437746,24.6797552569957,0 79.5789160540231,24.6797553457406,0 79.5789134729265,24.6797555584351,0 79.5789109075858,24.679755894494,0 79.5788929075921,24.6797586944933,0 79.5788903867145,24.6797591485503,0 79.5788878950785,24.6797597217323,0 79.578886583728,24.679760090605,0 79.5788885960086,24.6797587820831,0 79.5788906279163,24.6797573080698,0 79.5788925723434,24.6797557386349,0 79.5788944239289,24.6797540781057,0 79.5788961775676,24.6797523310605,0 79.5788978284241,24.6797505023164,0 79.5788993719469,24.6797485969155,0 79.5789008038801,24.6797466201115,0 79.5789021202756,24.6797445773547,0 79.5789033175038,24.6797424742776,0 79.5789043922637,24.6797403166787,0 79.5789053415919,24.6797381105071,0 79.5789061628711,24.6797358618454,0 79.5789068538367,24.6797335768939,0 79.5789074125836,24.6797312619525,0 79.5789078375713,24.6797289234041,0 79.5789081276279,24.6797265676965,0 79.5789082819538,24.6797242013248,0 79.5789083001234,24.6797218308137,0 79.5789081820867,24.6797194626992,0 79.5789079281691,24.6797171035106,0 79.5789075390707,24.6797147597527,0 79.5789070158644,24.6797124378877,0 79.5789063599927,24.6797101443175,0 79.578905573264,24.679707885366,0 79.5789046578476,24.6797056672614,0 79.5789036162673,24.6797034961197,0 79.5789024513951,24.679701377927,0 79.5789011664428,24.6796993185237,0 79.5788997649533,24.679697323588,0 79.5788982507906,24.6796953986203,0 79.5788966281298,24.6796935489281,0 79.5788949014448,24.6796917796115,0 79.5788930754965,24.6796900955487,0 79.5788911553193,24.6796885013832,0 79.5788891462076,24.6796870015103,0 79.578887053701,24.6796856000655,0 79.5788848835688,24.6796843009129,0 79.5788826417946,24.6796831076344,0 79.578872923856,24.6796782424952,0 79.5789068612448,24.6796393102653,0 79.57891027061,24.6796456386092,0</coordinates></LinearRing></innerBoundaryIs><innerBoundaryIs><LinearRing><coordinates>79.5790102366011,24.6790308687519,0 79.5789427895815,24.6792183331931,0 79.578912338447,24.6791868198034,0 79.5789105590562,24.6791850735977,0 79.5789086811853,24.6791834157261,0 79.5789067100792,24.679181850819,0 79.5789046512433,24.6791803832474,0 79.5789025104281,24.6791790171102,0 79.5789002936129,24.679177756223,0 79.5788980069894,24.6791766041077,0 79.5788956569443,24.6791755639821,0 79.5788932500413,24.6791746387513,0 79.578890793003,24.6791738309996,0 79.5788882926921,24.679173142983,0 79.578885756092,24.6791725766232,0 79.5788831902876,24.6791721335021,0 79.5788806024452,24.6791718148573,0 79.5788779997929,24.6791716215788,0 79.5788753896,24.6791715542065,0 79.5788727791568,24.6791716129284,0 79.5788701757544,24.6791717975807,0 79.5788675866643,24.6791721076476,0 79.5788650191179,24.6791725422629,0 79.5788624802864,24.679173100213,0 79.578859977261,24.6791737799392,0 79.5788575170327,24.6791745795432,0 79.578855106473,24.6791754967917,0 79.5788527523148,24.6791765291226,0 79.5788504611332,24.6791776736527,0 79.5788482393278,24.6791789271852,0 79.578846093104,24.6791802862189,0 79.5788440284565,24.6791817469581,0 79.5788420511517,24.6791833053228,0 79.5788401667126,24.6791849569604,0 79.5788383804023,24.6791866972578,0 79.5788366972101,24.6791885213542,0 79.5788351218373,24.679190424155,0 79.578833658684,24.6791924003455,0 79.5788323118368,24.6791944444061,0 79.5788310850575,24.6791965506276,0 79.5788299817726,24.6791987131273,0 79.5788290050637,24.6792009258652,0 79.5788281576586,24.679203182661,0 79.5788274419244,24.6792054772114,0 79.57882685986,24.6792078031076,0 79.5788264130912,24.6792101538533,0 79.5788115130562,24.6793030538469,0 79.578811219271,24.679305264254,0 79.5788110451218,24.6793074852081,0 79.5788109910321,24.6793097113066,0 79.5788110571336,24.6793119371344,0 79.5788112432655,24.6793141572769,0 79.578811548975,24.6793163663335,0 79.5788119735185,24.6793185589305,0 79.5788158735118,24.6793361589315,0 79.5788163475729,24.6793380815215,0 79.5788194423237,24.6793494674527,0 79.5787996019834,24.6793540054004,0 79.5787959651598,24.6793549740087,0 79.578766765169,24.6793638740061,0 79.5787643176747,24.6793646860765,0 79.5787619204003,24.679365614832,0 79.5787595800038,24.6793666576933,0 79.5787573029852,24.6793678117641,0 79.5787550956685,24.679369073839,0 79.578752964184,24.6793704404131,0 79.5787509144514,24.6793719076909,0 79.5787489521637,24.6793734715972,0 79.5787470827705,24.6793751277888,0 79.5787453114637,24.6793768716658,0 79.5787436431628,24.6793786983851,0 79.5787420825011,24.6793806028731,0 79.5787406338132,24.6793825798408,0 79.5787393011224,24.6793846237973,0 79.5787380881299,24.679386729066,0 79.5787369982048,24.6793888898,0 79.5787360343739,24.6793910999982,0 79.5787351993142,24.6793933535224,0 79.5787344953449,24.6793956441137,0 79.5787339244211,24.6793979654105,0 79.5787334881285,24.6794003109659,0 79.5787331876787,24.6794026742656,0 79.5787327088203,24.6794075614203,0 79.5787318661639,24.6794079117144,0 79.5787295660681,24.6794090043598,0 79.5787273318589,24.679410205731,0 79.5787251696866,24.6794115125206,0 79.5787230855036,24.6794129211314,0 79.5787210850471,24.6794144276856,0 79.5787191738242,24.6794160280359,0 79.5787173570962,24.6794177177767,0 79.5787156398642,24.6794194922565,0 79.5787140268556,24.6794213465903,0 79.5787125225108,24.6794232756735,0 79.5787111309709,24.6794252741957,0 79.5787098560667,24.679427336655,0 79.5787087013078,24.679429457374,0 79.5787076698731,24.6794316305145,0 79.578706764602,24.6794338500943,0 79.5787059879867,24.6794361100032,0 79.5787053421649,24.6794384040199,0 79.5787048289145,24.6794407258294,0 79.5787044496485,24.6794430690401,0 79.578704205411,24.6794454272014,0 79.5787040968743,24.6794477938218,0 79.5787041243371,24.6794501623861,0 79.578704287724,24.6794525263742,0 79.578704586585,24.6794548792783,0 79.5787050200976,24.6794572146211,0 79.5787055870683,24.6794595259739,0 79.5787141870569,24.6794907259761,0 79.5787148918064,24.6794930243847,0 79.5787157285194,24.679495285547,0 79.5787166948569,24.6794975031422,0 79.5787177881178,24.6794996709714,0 79.578719005246,24.6795017829748,0 79.5787203428391,24.6795038332486,0 79.5787217971582,24.6795058160615,0 79.578723364138,24.6795077258708,0 79.5787250393981,24.679509557338,0 79.5787267253649,24.6795112140638,0 79.5786913063448,24.6795403806216,0 79.5786882673679,24.6795374498425,0 79.5786864283723,24.6795357673701,0 79.5786844949761,24.6795341757037,0 79.5786824725432,24.6795326792587,0 79.5786803666839,24.6795312821865,0 79.5786781832403,24.6795299883629,0 79.5786759282697,24.6795288013771,0 79.5786736080277,24.679527724522,0 79.5786712289511,24.6795267607851,0 79.5786687976399,24.6795259128398,0 79.5786663208388,24.6795251830385,0 79.578663805419,24.6795245734058,0 79.5786612583586,24.6795240856329,0 79.5786586867237,24.6795237210731,0 79.5786560976483,24.6795234807376,0 79.5786534983151,24.6795233652931,0 79.578650895935,24.67952337506,0 79.5786482977273,24.6795235100112,0 79.5786457109001,24.6795237697722,0 79.5786431426296,24.6795241536224,0 79.5786406000406,24.679524660497,0 79.5786380901866,24.6795252889899,0 79.5786356200305,24.6795260373574,0 79.5786331964248,24.6795269035235,0 79.5786308260931,24.6795278850852,0 79.578628515611,24.6795289793197,0 79.5786262713882,24.6795301831912,0 79.5786240996506,24.6795314933601,0 79.5786220064229,24.6795329061916,0 79.5786199975121,24.6795344177665,0 79.5786180784913,24.6795360238913,0 79.5786162546841,24.6795377201103,0 79.5786145311501,24.6795395017179,0 79.5786129126707,24.6795413637718,0 79.5786114037358,24.6795433011061,0 79.5786100085315,24.6795453083465,0 79.5786087309283,24.6795473799245,0 79.5786075744705,24.6795495100932,0 79.5786065423663,24.6795516929432,0 79.5786056374789,24.6795539224188,0 79.5786048623187,24.6795561923351,0 79.5786042190361,24.679558496395,0 79.5786037094157,24.6795608282066,0 79.5786033348712,24.6795631813011,0 79.5786030964418,24.6795655491506,0 79.5786029947888,24.6795679251862,0 79.5786030301943,24.6795703028166,0 79.5786032025601,24.6795726754456,0 79.578603511408,24.6795750364913,0 79.5786088370926,24.6796082916221,0 79.5785614280805,24.6796473314917,0 79.5782535245605,24.6797516556538,0 79.5780813073375,24.6797137196049,0 79.5778464656698,24.6793628106059,0 79.5777503538522,24.6794251912464,0 79.5777411865361,24.6794184821232,0 79.5776064052983,24.6791920977628,0 79.5778251155604,24.6778157498895,0 79.5778407204934,24.6778743594197,0 79.5778401774175,24.677875945839,0 79.5778395396302,24.6778782165703,0 79.5778390317065,24.6778805144914,0 79.5778386550161,24.6778828334061,0 79.5778384105745,24.6778851670613,0 79.5778347105556,24.6779337670592,0 79.5778345986192,24.6779361304531,0 79.577834622323,24.67793849596,0 79.5778347816017,24.6779408570849,0 79.5778350760181,24.6779432073449,0 79.5778355047639,24.6779455402871,0 79.5778360666618,24.6779478495058,0 79.5778367601691,24.6779501286608,0 79.5778375833816,24.6779523714943,0 79.577838534039,24.677954571848,0 79.5778396095312,24.6779567236807,0 79.5778408069053,24.677958821084,0 79.5778421228735,24.6779608582991,0 79.5778435538228,24.6779628297326,0 79.5778450958242,24.6779647299714,0 79.5778467446438,24.6779665537983,0 79.5778724450081,24.6779935112579,0 79.5778986527071,24.678091942723,0 79.5781316771346,24.6785480013328,0 79.5781131490316,24.6785478258805,0 79.578002693743,24.6786685428504,0 79.5780010796752,24.6786704042513,0 79.577999574966,24.6786723406303,0 79.5779981837793,24.678674346629,0 79.5779969099646,24.6786764166967,0 79.5779957570468,24.678678545105,0 79.5779947282163,24.6786807259645,0 79.5779938263199,24.6786829532402,0 79.5779930538533,24.6786852207691,0 79.5779924129541,24.6786875222764,0 79.5779919053958,24.6786898513937,0 79.5779915325828,24.6786922016758,0 79.5779912955467,24.6786945666193,0 79.5779911949436,24.6786969396798,0 79.5779912310518,24.6786993142909,0 79.5779914037713,24.6787016838816,0 79.5779917126244,24.6787040418949,0 79.5779921567562,24.6787063818057,0 79.5779927349379,24.6787086971393,0 79.5779934455695,24.6787109814887,0 79.5779942866846,24.6787132285328,0 79.5779952559558,24.6787154320537,0 79.5779963507008,24.6787175859539,0 79.5779975678905,24.6787196842732,0 79.5779989041566,24.6787217212052,0 79.5780003558015,24.6787236911135,0 79.5780019188083,24.678725588547,0 79.5780035888519,24.6787274082553,0 79.5780053613111,24.6787291452028,0 79.5780072312811,24.6787307945832,0 79.5780091935875,24.6787323518325,0 79.5780112428004,24.6787338126414,0 79.5780133732491,24.6787351729677,0 79.5780155790384,24.6787364290472,0 79.5780178540647,24.678737577404,0 79.5780201920324,24.6787386148606,0 79.5780225864721,24.678739538546,0 79.5780250307581,24.6787403459044,0 79.5780275181266,24.6787410347016,0 79.5780300416947,24.6787416030316,0 79.5780325944792,24.6787420493218,0 79.5780351694162,24.6787423723372,0 79.5780377593806,24.678742571184,0 79.5780403572053,24.6787426453119,0 79.5780429557019,24.6787425945158,0 79.5780455476799,24.6787424189363,0 79.5780481259669,24.6787421190593,0 79.5780506834284,24.6787416957145,0 79.5780532129875,24.6787411500733,0 79.5780557076446,24.6787404836458,0 79.5780581604964,24.6787396982759,0 79.5780605647556,24.6787387961369,0 79.5781402808177,24.6787066205288,0 79.5781418540005,24.6785679186816,0 79.5781700253009,24.6786230532644,0 79.5783385619986,24.6786506192463,0 79.5783377287519,24.6787240936143,0 79.5783529911926,24.6787385885045,0 79.5783757046269,24.6787728261798,0 79.5783760395524,24.6787747305,0 79.5783765848392,24.6787770472236,0 79.578377262416,24.6787793346122,0 79.578378070416,24.6787815863638,0 79.578379006613,24.6787837962743,0 79.578389106606,24.678805896277,0 79.5783901458224,24.6788080152413,0 79.578391302901,24.6788100825805,0 79.5783925747811,24.6788120928259,0 79.5783939580981,24.6788140406595,0 79.5783954491926,24.6788159209286,0 79.57839704412,24.6788177286592,0 79.5783987386612,24.6788194590692,0 79.5784005283336,24.6788211075809,0 79.5784024084027,24.6788226698336,0 79.5784043738951,24.6788241416944,0 79.5784064196114,24.6788255192697,0 79.5784085401398,24.6788267989152,0 79.5784107298708,24.678827977246,0 79.5784129830117,24.6788290511449,0 79.5784152936022,24.6788300177709,0 79.5784275936053,24.6788348177726,0 79.5784300531721,24.6788357072508,0 79.578432561312,24.678836475181,0 79.5784351108363,24.6788371193619,0 79.5784376944375,24.6788376379472,0 79.5784403047104,24.6788380294506,0 79.5784429341735,24.67883829275,0 79.5784455752901,24.6788384270906,0 79.5784482204902,24.6788384320874,0 79.5784508621921,24.678838307726,0 79.5784534928242,24.6788380543631,0 79.5784561048465,24.6788376727246,0 79.5784586907723,24.6788371639045,0 79.5784612431899,24.6788365293612,0 79.5784637547834,24.6788357709134,0 79.5784662183542,24.6788348907349,0 79.5784686268411,24.6788338913486,0 79.5784709733408,24.6788327756189,0 79.5784732511278,24.6788315467438,0 79.5784754536735,24.6788302082454,0 79.5784775746649,24.6788287639601,0 79.5785139746696,24.678802563953,0 79.5785160509637,24.6788009835169,0 79.578518029585,24.678799301721,0 79.5785199046148,24.6787975235963,0 79.5785216704439,24.6787956544619,0 79.57852332179,24.6787936999092,0 79.5785248537134,24.6787916657851,0 79.5785262616313,24.6787895581744,0 79.5785270514398,24.6787882159314,0 79.5785315040293,24.6787902157501,0 79.578533831975,24.678791193676,0 79.5785362122728,24.6787920600201,0 79.5785386385217,24.6787928124526,0 79.5785411041973,24.6787934489501,0 79.578543602669,24.6787939678011,0 79.5785461272181,24.6787943676102,0 79.5785486710557,24.6787946473023,0 79.5785512273412,24.6787948061253,0 79.5785537892003,24.6787948436521,0 79.5785563497439,24.6787947597818,0 79.5785589020864,24.6787945547399,0 79.5785614393641,24.6787942290778,0 79.578563954754,24.6787937836712,0 79.5785664414919,24.678793219718,0 79.5785688928906,24.6787925387346,0 79.5785713023579,24.6787917425523,0 79.5785736634146,24.6787908333121,0 79.5785759697113,24.6787898134591,0 79.5785782150463,24.6787886857359,0 79.5785803933814,24.678787453175,0 79.5785824988589,24.6787861190909,0 79.5785845258168,24.6787846870712,0 79.5785864688044,24.6787831609667,0 79.5785883225968,24.6787815448813,0 79.5785900822088,24.678779843161,0 79.5786076701135,24.6787619251878,0 79.5786606222757,24.6787736369562,0 79.5786621141969,24.6787741765873,0 79.5786644997744,24.678774975263,0 79.5786669271301,24.6787756608342,0 79.5786693898459,24.6787762314882,0 79.5786718814099,24.678776685716,0 79.5786743952339,24.6787770223166,0 79.5786769246711,24.6787772403999,0 79.5786794630332,24.6787773393894,0 79.5786820036084,24.6787773190232,0 79.578684539679,24.6787771793553,0 79.5786870645392,24.6787769207549,0 79.5786895715129,24.6787765439058,0 79.5786920539712,24.6787760498044,0 79.5786945053502,24.6787754397573,0 79.578696919168,24.6787747153775,0 79.578699289042,24.6787738785804,0 79.5787566270398,24.6787520684298,0 79.5788042548645,24.6787356348622,0 79.578806884463,24.6787346476594,0 79.5788094475688,24.6787335238998,0 79.5788119356962,24.6787322673038,0 79.5788382357019,24.6787180672997,0 79.578838875007,24.6787177161476,0 79.5788635750122,24.6787039161436,0 79.5788657433259,24.678702632345,0 79.5788678352271,24.6787012467327,0 79.5788698449956,24.6786997630959,0 79.5788717671355,24.6786981854915,0 79.5788735963906,24.6786965182336,0 79.5788753277587,24.6786947658815,0 79.5788769565053,24.678692933227,0 79.5788784781765,24.6786910252815,0 79.5788798886113,24.6786890472626,0 79.5788811839527,24.6786870045791,0 79.5788823606587,24.6786849028168,0 79.5788834155113,24.6786827477232,0 79.5788843456262,24.6786805451914,0 79.5788851484598,24.6786783012445,0 79.5788858218168,24.6786760220185,0 79.5788863638558,24.678673713746,0 79.5788867730946,24.6786713827393,0 79.5788868173743,24.6786710052121,0 79.5788876587833,24.678671309124,0 79.5788901384606,24.6786720687987,0 79.5788926586574,24.6786727075197,0 79.5788952123124,24.6786732234975,0 79.5788977922706,24.6786736152863,0 79.5789003913032,24.6786738817884,0 79.5789030021281,24.678674022257,0 79.57890561743,24.6786740362987,0 79.5789082298812,24.6786739238741,0 79.5789108321619,24.6786736852981,0 79.5789134169809,24.6786733212392,0 79.5789159770957,24.6786728327175,0 79.5789185053333,24.6786722211018,0 79.5789209946099,24.6786714881057,0 79.5789234379508,24.678670635783,0 79.57892582851,24.6786696665217,0 79.5789281595895,24.6786685830378,0 79.5789304246579,24.6786673883668,0 79.5789313156366,24.6786668892539,0 79.578932577386,24.6785555832889,0 79.5789990912384,24.6785562127696,0 79.5789985405119,24.6785549073466,0 79.5789975307804,24.6785528315857,0 79.5789964080569,24.6785508048598,0 79.5789951751837,24.6785488323003,0 79.578988602042,24.6785389041231,0 79.5789744772274,24.6784983952635,0 79.5789739750294,24.6784970306224,0 79.5789513829433,24.6784387342408,0 79.5789516068844,24.6784152940921,0 79.5789516031789,24.6784142210437,0 79.5789508031597,24.6783656210431,0 79.5789506842661,24.6783630973536,0 79.5789504110788,24.6783605836907,0 79.5789499844532,24.6783580879237,0 79.5789494057249,24.6783556178662,0 79.5789486767057,24.6783531812511,0 79.5789265013763,24.6782864616701,0 79.5789235655636,24.6782728063078,0 79.5789245843841,24.6782732018988,0 79.5789681843958,24.6782889019045,0 79.5789701394437,24.6782895627147,0 79.57902673946,24.6783074627215,0 79.5790291618586,24.6783081656079,0 79.5790293878801,24.6783082196725,0 79.5790283539381,24.678309688489,0 79.5790270608928,24.6783117577988,0 79.5790258891402,24.6783138865644,0 79.5790248419446,24.6783160688554,0 79.5790239222234,24.6783182985925,0 79.5790231325386,24.6783205695638,0 79.5790224750904,24.6783228754428,0 79.5790219517101,24.6783252098058,0 79.5790215638559,24.6783275661496,0 79.5790213126083,24.6783299379098,0 79.5790211986671,24.6783323184791,0 79.57902122235,24.6783347012256,0 79.5790213835908,24.6783370795114,0 79.5790216819403,24.6783394467109,0 79.5790221165676,24.6783417962296,0 79.5790226862617,24.678344121522,0 79.5790233894355,24.6783464161103,0 79.5790242241303,24.6783486736021,0 79.5790251880206,24.6783508877085,0 79.5790262784212,24.6783530522613,0 79.5790274922944,24.6783551612304,0 79.5790288262587,24.6783572087405,0 79.5790302765978,24.6783591890877,0 79.5790318392712,24.678361096755,0 79.5790335099258,24.678362926428,0 79.5790352839072,24.6783646730095,0 79.5790371562735,24.6783663316338,0 79.5790391218085,24.6783678976802,0 79.5790963218122,24.6784110976922,0 79.5790983003468,24.6784125161005,0 79.5791003553047,24.6784138406855,0 79.5791024813623,24.6784150680157,0 79.5791046730116,24.6784161949116,0 79.579106924575,24.6784172184537,0 79.5791092302193,24.6784181359904,0 79.5791115839714,24.6784189451446,0 79.5791139797336,24.6784196438202,0 79.5791164112994,24.6784202302071,0 79.5791188723693,24.6784207027862,0 79.5791213565676,24.6784210603332,0 79.5791238574586,24.6784213019218,0 79.5791263685634,24.6784214269262,0 79.5791288833765,24.6784214350225,0 79.579131395383,24.6784213261897,0 79.5791534653964,24.6784198548559,0 79.5791544712735,24.6784198598729,0 79.579150393942,24.6784235575889,0 79.5791487489915,24.6784251228719,0 79.5791471882619,24.6784267585732,0 79.5791457153594,24.6784284609134,0 79.5791443336872,24.6784302259592,0 79.5791361460689,24.6784412352959,0 79.5791344881117,24.6784422591215,0 79.5791274389729,24.6784468582546,0 79.5790855764775,24.6784531533657,0 79.5790830404084,24.6784535972107,0 79.5790805331801,24.6784541615114,0 79.5790780616405,24.6784548447266,0 79.5790756325401,24.6784556449903,0 79.5790732525132,24.6784565601166,0 79.5790709280603,24.6784575876063,0 79.5790686655302,24.6784587246529,0 79.5790664711022,24.6784599681509,0 79.57906435077,24.678461314704,0 79.5790623103247,24.6784627606344,0 79.5790603553393,24.678464301993,0 79.5790584911533,24.6784659345698,0 79.5790567228582,24.678467653906,0 79.5790550552838,24.6784694553056,0 79.5790534929846,24.6784713338485,0 79.5790520402276,24.6784732844039,0 79.5790507009807,24.6784753016445,0 79.5790494789017,24.6784773800606,0 79.5790483773284,24.6784795139755,0 79.5790473992695,24.678481697561,0 79.5790465473962,24.6784839248532,0 79.5790458240354,24.6784861897688,0 79.5790452311627,24.6784884861218,0 79.5790447703973,24.6784908076401,0 79.5790444429978,24.6784931479832,0 79.5790442498583,24.6784955007591,0 79.5790441915064,24.6784978595416,0 79.5790442681015,24.6785002178885,0 79.5790444794343,24.6785025693583,0 79.5790448249277,24.6785049075288,0 79.5790453036381,24.6785072260137,0 79.579045914258,24.6785095184806,0 79.5790466551196,24.6785117786684,0 79.5790475241994,24.6785140004039,0 79.5790485191238,24.6785161776188,0 79.5790496371755,24.6785183043668,0 79.5790508753007,24.6785203748391,0 79.5790522301177,24.6785223833807,0 79.5790536979264,24.6785243245059,0 79.5790552747177,24.6785261929129,0 79.579056956185,24.6785279834985,0 79.5790586700019,24.6785296264398,0 79.5790415488234,24.6785424384171,0 79.5790102366011,24.6790308687519,0</coordinates></LinearRing></innerBoundaryIs><innerBoundaryIs><LinearRing><coordinates>79.5787197636986,24.6783732392617,0 79.5787222379996,24.6783725553719,0 79.5787246697684,24.678371754174,0 79.5787270523485,24.6783708378612,0 79.578729379218,24.6783698089416,0 79.5787316440076,24.6783686702316,0 79.5787338405178,24.6783674248484,0 79.5787359627363,24.6783660762009,0 79.5787380048537,24.6783646279807,0 79.5787399612802,24.6783630841521,0 79.5787413178073,24.6783618950069,0 79.5787412913527,24.6783628891171,0 79.5787413647308,24.6783652611534,0 79.5787415744135,24.6783676263899,0 79.5787419198217,24.678369978292,0 79.578742400001,24.6783723103618,0 79.5787430136248,24.6783746161561,0 79.5787437589978,24.6783768893044,0 79.5787446340606,24.6783791235265,0 79.5787456363955,24.6783813126495,0 79.5787467632335,24.6783834506254,0 79.578748011461,24.6783855315471,0 79.5787493776296,24.6783875496656,0 79.5787494938004,24.6783877026734,0 79.578748945558,24.6783877732237,0 79.5787464349238,24.6783882184136,0 79.5787439528641,24.6783887817096,0 79.578741506029,24.6783894616022,0 79.5787391009741,24.67839025627,0 79.5787367441432,24.6783911635837,0 79.5787344418509,24.6783921811126,0 79.5787322002655,24.6783933061303,0 79.578730025393,24.6783945356227,0 79.5787279230603,24.6783958662956,0 79.5787258989,24.6783972945838,0 79.5787239583356,24.6783988166606,0 79.5787221065662,24.6784004284479,0 79.5787161065663,24.6784059284465,0 79.5787143118532,24.6784076629865,0 79.5787126199841,24.6784094817768,0 79.5787110356886,24.6784113797328,0 79.5787095633958,24.6784133515486,0 79.5787082072216,24.6784153917118,0 79.5787069709573,24.6784174945191,0 79.578705858059,24.6784196540919,0 79.5787048716378,24.6784218643929,0 79.5787040144514,24.6784241192431,0 79.5787032888961,24.6784264123389,0 79.5787026970002,24.6784287372698,0 79.5787022404185,24.6784310875362,0 79.5787019204274,24.6784334565678,0 79.5787017379214,24.6784358377419,0 79.5787016934108,24.6784382244015,0 79.57870178702,24.6784406098748,0 79.5787020184872,24.6784429874929,0 79.5787023871655,24.678445350609,0 79.5787028920242,24.6784476926168,0 79.5787035316519,24.6784500069691,0 79.5787043042605,24.6784522871959,0 79.5787049498855,24.6784538877895,0 79.5787043872195,24.6784539185334,0 79.5787018694584,24.6784541749626,0 79.5786993693915,24.678454548972,0 79.5786968935915,24.6784550395782,0 79.578694448567,24.6784556454916,0 79.5786938798647,24.6784558154601,0 79.578644338406,24.6783921335313,0 79.5787197636986,24.6783732392617,0</coordinates></LinearRing></innerBoundaryIs><innerBoundaryIs><LinearRing><coordinates>79.5766945085337,24.676397533836,0 79.5766960896755,24.6763956873648,0 79.5766975637767,24.6763937683802,0 79.5766989268619,24.6763917820575,0 79.5767001752549,24.6763897337537,0 79.5767013055887,24.6763876289929,0 79.5767013431229,24.6763875488261,0 79.5767403213469,24.6763939886187,0 79.5766914513893,24.6764006025001,0 79.5766928246156,24.6763993028138,0 79.5766945085337,24.676397533836,0</coordinates></LinearRing></innerBoundaryIs><innerBoundaryIs><LinearRing><coordinates>79.5771980057761,24.6760521554609,0 79.5772000750323,24.6760507883102,0 79.5772020642224,24.6760493252986,0 79.5772039680332,24.6760477703339,0 79.5772057813793,24.6760461275696,0 79.5772074994171,24.6760444013936,0 79.5772091175577,24.6760425964167,0 79.5772106314788,24.6760407174602,0 79.5772120371367,24.676038769543,0 79.5772133307766,24.676036757868,0 79.577228530771,24.6760116578634,0 79.5772297697335,24.6760094734767,0 79.5772308766237,24.6760072306611,0 79.5772414865179,24.6759840681997,0 79.5772475502768,24.6759783363259,0 79.5771745346241,24.6761773805212,0 79.5771851082988,24.676060221378,0 79.5771980057761,24.6760521554609,0</coordinates></LinearRing></innerBoundaryIs><innerBoundaryIs><LinearRing><coordinates>79.5773461264564,24.6758823854397,0 79.5773471523388,24.6758802159926,0 79.5773480525706,24.6758780004641,0 79.5773488246848,24.6758757449256,0 79.5773494665657,24.6758734555579,0 79.5773498397429,24.6758717598482,0 79.5773823309106,24.6758648677827,0 79.577344300689,24.6758856022165,0 79.5773449777347,24.6758845028605,0 79.5773461264564,24.6758823854397,0</coordinates></LinearRing></innerBoundaryIs><innerBoundaryIs><LinearRing><coordinates>79.577837083094,24.6750486079643,0 79.5778436625593,24.6750508664294,0 79.577793584081,24.6751555299293,0 79.5778083173318,24.6751054463583,0 79.577837083094,24.6750486079643,0</coordinates></LinearRing></innerBoundaryIs><innerBoundaryIs><LinearRing><coordinates>79.5779319025767,24.6748579887112,0 79.5779344498846,24.6748576322762,0 79.5779369733885,24.6748571549637,0 79.5779394662233,24.6748565580724,0 79.5779416230486,24.6748559301466,0 79.577938339587,24.6748624398925,0 79.5779303464303,24.6748581310775,0 79.5779319025767,24.6748579887112,0</coordinates></LinearRing></innerBoundaryIs><innerBoundaryIs><LinearRing><coordinates>79.5788353663692,24.6770361834369,0 79.5788375754643,24.6770373956789,0 79.5788398507245,24.6770385010329,0 79.5788421859608,24.6770394964924,0 79.5788445748211,24.6770403793495,0 79.5788470108077,24.6770411472028,0 79.5788494872942,24.6770417979637,0 79.5788519975445,24.677042329862,0 79.5788545347304,24.677042741451,0 79.5788570919506,24.6770430316111,0 79.5788596622491,24.677043199553,0 79.5788622386345,24.6770432448198,0 79.5788635892322,24.6770432041617,0 79.5788622897856,24.6770451811887,0 79.5788610719189,24.6770472761008,0 79.5788599761584,24.6770494265716,0 79.5788590055293,24.677051626664,0 79.5788581627113,24.6770538703039,0 79.5788574500314,24.677056151297,0 79.5788568694571,24.677058463346,0 79.5788564225914,24.6770608000675,0 79.5788561106679,24.6770631550104,0 79.5788559345478,24.6770655216729,0 79.5788558947173,24.6770678935213,0 79.5788559912865,24.6770702640071,0 79.5788562239888,24.6770726265859,0 79.5788565921816,24.677074974735,0 79.5788570948485,24.6770773019716,0 79.5788584879401,24.677082964225,0 79.5787417862125,24.6771456224569,0 79.5787330199435,24.6771263632436,0 79.5787320859537,24.6771244390815,0 79.5787193859465,24.6770998390849,0 79.5787182314155,24.6770977454298,0 79.5787169594936,24.6770957093614,0 79.5787155736107,24.6770937363705,0 79.5787108125448,24.6770873305758,0 79.5786933087377,24.6770608504715,0 79.5786812939865,24.6770375547105,0 79.5786801587968,24.6770354921353,0 79.5786789096933,24.6770334852841,0 79.5786786297717,24.6770330847007,0 79.5787596832065,24.676992576372,0 79.5788049169576,24.6770184710314,0 79.5788353663692,24.6770361834369,0</coordinates></LinearRing></innerBoundaryIs><innerBoundaryIs><LinearRing><coordinates>79.5764217595521,24.6771150727847,0 79.5764113221447,24.6766977667889,0 79.5772880643709,24.6764037549079,0 79.577382001038,24.6761192266211,0 79.5778829965959,24.6757114016113,0 79.5778934340033,24.6754173874048,0 79.5780499951151,24.6749431694822,0 79.5785927403028,24.6739283370693,0 79.5787597388221,24.6736058652279,0 79.5791250480831,24.6743171990632,0 79.5791250480831,24.6746870910542,0 79.5782274310419,24.6756165583947,0 79.5780291203002,24.6760528365941,0 79.5782483058568,24.6761951008944,0 79.5786136151177,24.6760718051769,0 79.5789058625265,24.6757967604447,0 79.5789893617861,24.6760338680085,0 79.5787075517848,24.6768589988164,0 79.5776533736318,24.6774185671772,0 79.576901880295,24.6773047568665,0 79.5764217595521,24.6771150727847,0</coordinates></LinearRing></innerBoundaryIs><innerBoundaryIs><LinearRing><coordinates>79.5795167657109,24.6779668003858,0 79.5795189635975,24.6779680932331,0 79.5795212332379,24.6779692780617,0 79.5795235682795,24.6779703515555,0 79.5795259621869,24.6779713107099,0 79.5795284082596,24.6779721528403,0 79.5795302414451,24.6779726846448,0 79.5795301150497,24.6779747031909,0 79.579530102782,24.6779770692079,0 79.579530226193,24.6779794325628,0 79.5795304849437,24.6779817867642,0 79.5795308783234,24.6779841253459,0 79.5795314052516,24.6779864418845,0 79.5795320642811,24.6779887300172,0 79.5795328536016,24.6779909834592,0 79.5795337710452,24.677993196021,0 79.579534814092,24.6779953616255,0 79.5795359798771,24.6779974743243,0 79.5795372651983,24.6779995283145,0 79.5795386395804,24.6780014796974,0 79.5795008703107,24.6779920373836,0 79.5795008824902,24.6779919236284,0 79.5795009993535,24.6779895737888,0 79.5795014993442,24.6779659737882,0 79.5795014817704,24.6779636124486,0 79.5795013290929,24.6779612551788,0 79.5795010528697,24.6779589994051,0 79.5795091613941,24.6779609441936,0 79.5795106629838,24.6779623113681,0 79.5795126095878,24.6779639054019,0 79.5795146457298,24.6779654031385,0 79.5795167657109,24.6779668003858,0</coordinates></LinearRing></innerBoundaryIs><innerBoundaryIs><LinearRing><coordinates>79.5792845011537,24.6782007184498,0 79.5792861695086,24.6781989018219,0 79.5792877311606,24.6781970076511,0 79.5792878934116,24.6781967877037,0 79.5792874639462,24.6782186286515,0 79.57928710265,24.678218394759,0 79.5792849256121,24.6782171358015,0 79.5792728256142,24.6782105358036,0 79.5792718823483,24.6782100513147,0 79.5792725270089,24.678209725771,0 79.5792747295327,24.6782084712466,0 79.5792768569206,24.6782071127739,0 79.5792789033023,24.6782056541013,0 79.5792808630311,24.678204099254,0 79.5792827306994,24.6782024525222,0 79.5792845011537,24.6782007184498,0</coordinates></LinearRing></innerBoundaryIs><innerBoundaryIs><LinearRing><coordinates>79.5792085203154,24.6782110223515,0 79.5792066270186,24.6782122797705,0 79.5792045756,24.6782137176806,0 79.5791944430417,24.6782157889774,0 79.5791986581905,24.678211054424,0 79.5791998783814,24.6782098143386,0 79.5792085203154,24.6782110223515,0</coordinates></LinearRing></innerBoundaryIs><innerBoundaryIs><LinearRing><coordinates>79.578855509555,24.6777493105875,0 79.5788533207168,24.6777508306012,0 79.5788514089518,24.6777522365631,0 79.5788463352929,24.677702686738,0 79.5788725966138,24.6777402418077,0 79.5788601475978,24.6777466157035,0 79.578857787533,24.6777479041701,0 79.578855509555,24.6777493105875,0</coordinates></LinearRing></innerBoundaryIs><innerBoundaryIs><LinearRing><coordinates>79.578662608927,24.6780775817645,0 79.5786447708785,24.6780906720412,0 79.5786299678004,24.6780807272408,0 79.5786281513294,24.6780795634124,0 79.5786262795115,24.6780784752646,0 79.5786243561207,24.6780774649912,0 79.5785386499689,24.6780347571866,0 79.5785460060139,24.6780293760905,0 79.5785472715892,24.6780310654924,0 79.5785488400401,24.6780329408178,0 79.5785505136107,24.6780347386815,0 79.5785522877267,24.6780364541695,0 79.5785541575391,24.678038082593,0 79.5785561179372,24.6780396195012,0 79.5785581635629,24.6780410606933,0 79.578560288825,24.6780424022302,0 79.5785624879147,24.6780436404452,0 79.5785647548214,24.678044771954,0 79.5785670833491,24.6780457936639,0 79.5785694671335,24.6780467027824,0 79.5785718996591,24.6780474968247,0 79.5785743742773,24.6780481736203,0 79.5785768842243,24.6780487313196,0 79.5785794226401,24.6780491683982,0 79.5785819825864,24.6780494836614,0 79.5785845570664,24.6780496762476,0 79.5785871390435,24.6780497456303,0 79.5785897214605,24.6780496916201,0 79.5785922972591,24.6780495143643,0 79.5785948593991,24.6780492143477,0 79.5785974008776,24.6780487923901,0 79.5786495050509,24.6780388494376,0 79.5786493388865,24.6780410208312,0 79.5786492929875,24.678043363705,0 79.5786493801921,24.6780457055991,0 79.5786496002652,24.6780480402043,0 79.578649952614,24.678050361231,0 79.5786504362893,24.6780526624265,0 79.578651049988,24.6780549375912,0 79.5786517920569,24.6780571805959,0 79.5786526604968,24.6780593853977,0 79.5786536529681,24.6780615460569,0 79.578654766797,24.6780636567527,0 79.578662608927,24.6780775817645,0</coordinates></LinearRing></innerBoundaryIs><innerBoundaryIs><LinearRing><coordinates>79.5786400650053,24.6777575075876,0 79.5786423830194,24.6777584953603,0 79.5786447538703,24.6777593722034,0 79.5786471712048,24.677760135767,0 79.5786496285448,24.6777607840051,0 79.5786521193055,24.6777613151805,0 79.578654636812,24.6777617278697,0 79.5786571743181,24.677762020967,0 79.5786597250239,24.6777621936867,0 79.578662282094,24.6777622455662,0 79.578663840063,24.677762203457,0 79.5786646415312,24.6777657338566,0 79.5786633018799,24.6777664208755,0 79.5786611227254,24.6777676793038,0 79.5786590183705,24.6777690398724,0 79.5786576834978,24.6777700022007,0 79.5786560122285,24.6777695076896,0 79.5786535666497,24.6777689086432,0 79.5786025865977,24.6777576920316,0 79.5786038997954,24.6777571041155,0 79.5786061722031,24.6777559474684,0 79.5786083748414,24.6777546831484,0 79.5786105016053,24.6777533146599,0 79.5786125466001,24.6777518457958,0 79.5786145041576,24.6777502806274,0 79.5786188068779,24.6777466532715,0 79.5786208037213,24.6777480538178,0 79.5786230456533,24.6777494543757,0 79.5786253684196,24.6777507402601,0 79.5786277650025,24.6777519075857,0 79.5786400650053,24.6777575075876,0</coordinates></LinearRing></innerBoundaryIs><innerBoundaryIs><LinearRing><coordinates>79.5787596665842,24.6783276703684,0 79.5787576892933,24.6783292088427,0 79.5787561193037,24.6783305667293,0 79.5787615429091,24.6782261147852,0 79.5787618245641,24.6782271050453,0 79.5787626130251,24.6782293770524,0 79.5787635316192,24.6782316078707,0 79.578764577786,24.678233791282,0 79.5787657486094,24.6782359212005,0 79.5788062527258,24.6783049958713,0 79.5787683750592,24.6783225254589,0 79.5787660898759,24.6783236529378,0 79.5787638726859,24.6783248885731,0 79.578761729615,24.678326228951,0 79.5787596665842,24.6783276703684,0</coordinates></LinearRing></innerBoundaryIs><innerBoundaryIs><LinearRing><coordinates>79.5787865446458,24.6781745270884,0 79.5787842617342,24.6781756802816,0 79.5787820486131,24.6781769419577,0 79.5787799114511,24.6781783086001,0 79.5787789483061,24.6781789964515,0 79.5787853534303,24.6781655119687,0 79.5787862633605,24.6781660870484,0 79.5787884578837,24.678167324514,0 79.5787907200792,24.6781684556734,0 79.5787930437844,24.6781694774451,0 79.5787954226694,24.6781703870458,0 79.5787969736408,24.6781708949365,0 79.5787962443886,24.6781710587148,0 79.5787937476244,24.6781717489855,0 79.5787912942102,24.6781725586971,0 79.5787888909844,24.6781734855926,0 79.5787865446458,24.6781745270884,0</coordinates></LinearRing></innerBoundaryIs><innerBoundaryIs><LinearRing><coordinates>79.5787618942741,24.6784997499757,0 79.5787630281624,24.6785004734284,0 79.5787618716663,24.6785012487643,0 79.5787619049879,24.6785004605875,0 79.5787618942741,24.6784997499757,0</coordinates></LinearRing></innerBoundaryIs><innerBoundaryIs><LinearRing><coordinates>79.5792637486689,24.6797937696032,0 79.5792612511772,24.679793390247,0 79.5792587356971,24.6797931282809,0 79.5792562088331,24.6797929843927,0 79.5792166402901,24.6797916599244,0 79.5792179032502,24.6797903180687,0 79.579219505056,24.6797884212767,0 79.5792291116714,24.6797763989621,0 79.5792312259342,24.6797768973344,0 79.5792337850989,24.679777370424,0 79.5792363680419,24.6797777193275,0 79.5792389675502,24.6797779430706,0 79.5792415763647,24.6797780410284,0 79.5792441871999,24.6797780129273,0 79.579246792765,24.679777858846,0 79.5792493857838,24.6797775792146,0 79.5792519590152,24.679777174814,0 79.5792545052732,24.6797766467735,0 79.5792570174473,24.6797759965678,0 79.5792594885221,24.6797752260126,0 79.5792619115969,24.6797743372596,0 79.5792642799053,24.6797733327907,0 79.5792665868335,24.6797722154111,0 79.5792688259394,24.6797709882411,0 79.5792709909701,24.6797696547075,0 79.5792730758796,24.6797682185344,0 79.5792750748457,24.6797666837324,0 79.5792769822863,24.6797650545874,0 79.5792787928746,24.679763335649,0 79.5792805015544,24.6797615317174,0 79.5792821035543,24.6797596478301,0 79.5792835944006,24.6797576892481,0 79.5792849699299,24.6797556614408,0 79.5792862263011,24.6797535700709,0 79.5792872076681,24.6797517097553,0 79.5792869058172,24.6797534601556,0 79.5792866355525,24.6797558455594,0 79.5792828272301,24.6798011882195,0 79.5792823119065,24.6798008478233,0 79.5792801868588,24.6797995903444,0 79.579277994105,24.6797984339768,0 79.5792757394024,24.6797973817564,0 79.5792734286711,24.6797964364461,0 79.5792710679781,24.6797956005279,0 79.5792686635215,24.6797948761964,0 79.5792662216146,24.6797942653536,0 79.5792637486689,24.6797937696032,0</coordinates></LinearRing></innerBoundaryIs><innerBoundaryIs><LinearRing><coordinates>79.57914566985,24.6796869775874,0 79.5791456461081,24.6796870714419,0 79.5790986701481,24.6797118862225,0 79.5790990316128,24.6797103714181,0 79.5790994466604,24.6797080634087,0 79.5790997303271,24.6797057388556,0 79.5790998818515,24.6797034039984,0 79.579099900827,24.6797010651043,0 79.5790997872026,24.6796987284513,0 79.5790995412833,24.6796964003111,0 79.5790991637292,24.6796940869331,0 79.5790986637282,24.6796914869332,0 79.5790981464963,24.6796891585641,0 79.5790974959227,24.6796868582817,0 79.5790967138092,24.6796845924567,0 79.5790960353159,24.6796829361414,0 79.5790969392028,24.6796831895214,0 79.5790994272881,24.6796837597503,0 79.5791019444095,24.6796842112237,0 79.5791044837824,24.6796845427246,0 79.5791070385624,24.6796847533595,0 79.5791096018636,24.6796848425607,0 79.5791121667769,24.6796848100878,0 79.5791147263892,24.6796846560283,0 79.5791172738012,24.6796843807974,0 79.5791198021471,24.679683985137,0 79.579122304612,24.6796834701136,0 79.5791247744509,24.6796828371152,0 79.5791272050069,24.679682087848,0 79.5791295897287,24.6796812243316,0 79.5791319221887,24.6796802488934,0 79.5791341961003,24.6796791641626,0 79.5791364053344,24.6796779730627,0 79.5791385439364,24.6796766788044,0 79.579140606142,24.6796752848759,0 79.5791425863931,24.6796737950344,0 79.5791444793521,24.6796722132956,0 79.5791462799168,24.6796705439227,0 79.5791479832342,24.6796687914153,0 79.5791495847133,24.6796669604969,0 79.5791510800375,24.6796650561025,0 79.5791519160646,24.6796638654191,0 79.5791530772509,24.6796653709776,0 79.5791546899265,24.6796672436584,0 79.5791561490141,24.6796687653635,0 79.579154931457,24.6796700820542,0 79.5791533579496,24.6796719779114,0 79.5791518959445,24.6796739468833,0 79.5791505495025,24.6796759835006,0 79.5791493223637,24.6796780821062,0 79.5791482179367,24.679680236871,0 79.5791472392893,24.6796824418096,0 79.5791463891399,24.6796846907974,0 79.57914566985,24.6796869775874,0</coordinates></LinearRing></innerBoundaryIs><innerBoundaryIs><LinearRing><coordinates>79.5790621580308,24.6796538963625,0 79.5790609203888,24.6796532754719,0 79.5790597656217,24.6796500806203,0 79.5790621580308,24.6796538963625,0</coordinates></LinearRing></innerBoundaryIs><innerBoundaryIs><LinearRing><coordinates>79.578842502402,24.6797727418917,0 79.5788403429358,24.6797714658297,0 79.5788381137291,24.679770294161,0 79.5788358208211,24.6797692300599,0 79.5788334704236,24.6797682764092,0 79.5788310689041,24.6797674357924,0 79.5788286227684,24.6797667104867,0 79.5788261386435,24.6797661024573,0 79.5788244561607,24.6797657753054,0 79.5788225464853,24.6797596706138,0 79.5788442751891,24.6797658228809,0 79.5788467726783,24.679766464862,0 79.578849303605,24.6797669861743,0 79.5788518609911,24.6797673853805,0 79.5788544377852,24.6797676613797,0 79.5788570268825,24.6797678134111,0 79.5788596211444,24.6797678410555,0 79.578862213418,24.6797677442366,0 79.5788647965558,24.6797675232214,0 79.5788673634355,24.6797671786192,0 79.5788699069798,24.6797667113803,0 79.5788724201756,24.6797661227928,0 79.5788735398908,24.6797658024635,0 79.5788718238825,24.6797668999521,0 79.5788697983524,24.679768344368,0 79.5788678577394,24.6797698830414,0 79.5788660072913,24.6797715118114,0 79.5788642520122,24.6797732262734,0 79.5788627918539,24.6797748100586,0 79.5788611900116,24.6797746136338,0 79.5788586159942,24.6797744223945,0 79.5788560345568,24.6797743543035,0 79.5788534527519,24.6797744095467,0 79.5788508776327,24.6797745879733,0 79.5788483162341,24.6797748890957,0 79.5788461275718,24.6797752534842,0 79.5788445862775,24.6797741188902,0 79.578842502402,24.6797727418917,0</coordinates></LinearRing></innerBoundaryIs><innerBoundaryIs><LinearRing><coordinates>79.5791560042428,24.6799656679624,0 79.579159929918,24.6799608845745,0 79.5791614149242,24.6799589737175,0 79.5791625827283,24.6799572925491,0 79.5791637447298,24.6799572484151,0 79.5791655038309,24.6799571035416,0 79.5791650808524,24.679958958024,0 79.5791646844413,24.6799613113127,0 79.5791644243681,24.6799636804246,0 79.5791643013561,24.67996605877,0 79.5791643157477,24.6799684397334,0 79.5791644057258,24.6799698490726,0 79.5791560042428,24.6799656679624,0</coordinates></LinearRing></innerBoundaryIs></Polygon><Polygon><outerBoundaryIs><LinearRing><coordinates>79.5783697596513,24.6777393002337,0 79.578372266696,24.6777387612059,0 79.5783747395942,24.6777381035408,0 79.5783761726386,24.6777376471673,0 79.5782501066678,24.6777364535721,0 79.5782500035298,24.6777455479459,0 79.5782603292043,24.6777409067135,0 79.5782775290649,24.6777391751839,0 79.5782945285613,24.6777399846838,0 79.5782969272304,24.677740045591,0 79.5783595272529,24.6777402455921,0 79.5783621021127,24.6777401924819,0 79.5783646704454,24.6777400168453,0 79.5783672252723,24.6777397191596,0 79.5783697596513,24.6777393002337,0</coordinates></LinearRing></outerBoundaryIs></Polygon><Polygon><outerBoundaryIs><LinearRing><coordinates>79.57866426072,24.6773238987462,0 79.578665475587,24.6773218200909,0 79.5786665700953,24.677319686345,0 79.5786675412629,24.6773175033219,0 79.5786683864439,24.6773152769695,0 79.5786691033354,24.6773130133535,0 79.5786696899843,24.6773107186412,0 79.5786701447922,24.6773083990847,0 79.57867046652,24.6773060610038,0 79.5786706542912,24.6773037107688,0 79.5786707075941,24.6773013547828,0 79.5786706262835,24.677298999465,0 79.5786704105811,24.6772966512324,0 79.5786700610743,24.6772943164831,0 79.5786695787157,24.6772920015781,0 79.5786689648192,24.6772897128245,0 79.5786682210576,24.6772874564581,0 79.5786673494573,24.6772852386265,0 79.578666352393,24.6772830653723,0 79.5786629523909,24.6772761653732,0 79.5786618099025,24.6772740024022,0 79.5786605431436,24.6772718980081,0 79.5786591556992,24.6772698581465,0 79.578657651496,24.6772678885905,0 79.578656034791,24.6772659949143,0 79.5786543101597,24.6772641824771,0 79.5786524824831,24.6772624564084,0 79.5786505569337,24.6772608215933,0 79.5786485389611,24.6772592826583,0 79.5786464342764,24.6772578439589,0 79.5786442488361,24.6772565095668,0 79.5786419888252,24.6772552832585,0 79.57863966064,24.6772541685046,0 79.5786372708695,24.67725316846,0 79.5786348262769,24.677252285955,0 79.5786323337809,24.677251523487,0 79.5786298004355,24.6772508832141,0 79.5786272334104,24.6772503669483,0 79.5785701969509,24.6772403415439,0 79.5785694322577,24.6772375474761,0 79.5785687481941,24.6772352970501,0 79.5785679376708,24.6772330819618,0 79.5785670028573,24.6772309081398,0 79.5785659462555,24.6772287814025,0 79.5785647706934,24.6772267074419,0 79.5785634793175,24.6772246918092,0 79.578562075584,24.6772227398989,0 79.5785605632502,24.6772208569356,0 79.5785589463637,24.6772190479588,0 79.5785572292522,24.6772173178104,0 79.5785554165114,24.6772156711211,0 79.5785535129933,24.6772141122982,0 79.5785525044272,24.6772133686081,0 79.5785516602204,24.6772878255606,0 79.5786504715521,24.6772887609062,0 79.5786499088816,24.6773383903373,0 79.5786506703733,24.6773379035444,0 79.5786527035122,24.6773364537704,0 79.5786546510905,24.6773349090355,0 79.5786565078021,24.6773332735484,0 79.5786582685881,24.6773315517652,0 79.5786599286514,24.6773297483768,0 79.5786614834688,24.6773278682968,0 79.5786629288043,24.6773259166475,0 79.57866426072,24.6773238987462,0</coordinates></LinearRing></outerBoundaryIs></Polygon></MultiGeometry>
  </Placemark>
  
    </Document>
</kml>