<?xml version="1.0" encoding="UTF-8"?>
<kml xmlns="http://www.opengis.net/kml/2.2">
    <Document>
        <Placemark xmlns:ns0="http://www.opengis.net/kml/2.2">
	<Style><LineStyle><color>ff0000ff</color></LineStyle><PolyStyle><fill>0</fill></PolyStyle></Style>
	<ExtendedData><SchemaData schemaUrl="#Wave23_v27MAR2025">
		<SimpleData name="area(ha)">5.511910919432196</SimpleData>
		<SimpleData name="site_id">230063_1.2</SimpleData>
		<SimpleData name="Land_parc">230063</SimpleData>
		<SimpleData name="district">Chhatarpur</SimpleData>
		<SimpleData name="block">Bada Malahara</SimpleData>
		<SimpleData name="village">Bhayora</SimpleData>
		<SimpleData name="Land Type">Community</SimpleData>
		<SimpleData name="Instance">Wave 2023</SimpleData>
	</SchemaData></ExtendedData>
      <Polygon><outerBoundaryIs><LinearRing><coordinates>79.1250406122239,24.5030336062354,0 79.1250395386377,24.5030357762441,0 79.1250385916524,24.503037995053,0 79.1250377739052,24.5030402564832,0 79.1250370876733,24.503042554237,0 79.1250365348678,24.5030448819157,0 79.125036117028,24.503047233037,0 79.1250358353177,24.5030496010537,0 79.1250356905213,24.5030519793713,0 79.1250356830421,24.5030543613666,0 79.1250358129009,24.5030567404062,0 79.1250360797361,24.5030591098649,0 79.1250364828046,24.5030614631444,0 79.125037020984,24.5030637936911,0 79.1250376927755,24.503066095015,0 79.1250384963083,24.5030683607073,0 79.1250394293448,24.5030705844586,0 79.1250404892866,24.503072760076,0 79.125041673182,24.503074881501,0 79.1250429777342,24.5030769428257,0 79.1250443993101,24.5030789383098,0 79.1250459339511,24.5030808623964,0 79.1250475773833,24.503082709727,0 79.1250493250303,24.5030844751574,0 79.125051172025,24.5030861537711,0 79.1250531132241,24.5030877408935,0 79.1250532955695,24.5030878748422,0 79.1250531123411,24.5030884477003,0 79.1250525224995,24.5030907229606,0 79.1250520622237,24.5030930231182,0 79.1250517327489,24.5030953420003,0 79.1250515349594,24.5030976733834,0 79.1250514693861,24.5031000110106,0 79.1250515362049,24.5031023486083,0 79.1250517352365,24.5031046799029,0 79.1250520659467,24.5031069986377,0 79.125052527448,24.5031092985898,0 79.1250531185019,24.5031115735866,0 79.1250538375221,24.5031138175225,0 79.1250546825789,24.5031160243754,0 79.1250556514044,24.5031181882226,0 79.1250567413985,24.5031203032567,0 79.1250579496359,24.5031223638015,0 79.125059272874,24.5031243643269,0 79.1250607075615,24.5031262994641,0 79.125062249848,24.5031281640195,0 79.1250638955944,24.5031299529891,0 79.1250656403839,24.5031316615717,0 79.1250663207882,24.5031322622359,0 79.1250656662205,24.5031331390178,0 79.1250642619023,24.5031351303768,0 79.1250629737457,24.5031371864342,0 79.1250618053017,24.5031393015222,0 79.1250607597914,24.5031414698101,0 79.125059840097,24.5031436853206,0 79.1250590487537,24.5031459419463,0 79.125058387943,24.5031482334663,0 79.1250578594867,24.5031505535637,0 79.1250574648415,24.5031528958426,0 79.1250572050953,24.5031552538461,0 79.1250570809642,24.5031576210739,0 79.1250559809461,24.5032040210725,0 79.125055994084,24.5032064293997,0 79.1250561475839,24.5032088336578,0 79.125056441009,24.5032112270024,0 79.125056873524,24.5032136026202,0 79.1250574438976,24.5032159537485,0 79.1250688438823,24.5032576537511,0 79.1250695371243,24.5032599338783,0 79.1250703600253,24.5032621776234,0 79.1250713103228,24.5032643788178,0 79.1250723854045,24.5032665314101,0 79.1250732258755,24.5032680046778,0 79.1250726219083,24.5032685169749,0 79.125070811377,24.5032702235316,0 79.1250691015981,24.5032720149813,0 79.1250674973186,24.5032738863505,0 79.1250660029929,24.5032758324432,0 79.1250646227696,24.5032778478564,0 79.125063360481,24.5032799269944,0 79.1250622196316,24.5032820640847,0 79.125061203389,24.5032842531937,0 79.1250603145747,24.5032864882437,0 79.1250595556563,24.5032887630291,0 79.125058928741,24.5032910712343,0 79.1250584355694,24.5032934064506,0 79.1250580775107,24.5032957621946,0 79.1250578555591,24.5032981319256,0 79.1250577703308,24.5033005090644,0 79.1250578220624,24.503302887011,0 79.1250580106103,24.5033052591631,0 79.125058335451,24.5033076189348,0 79.1250587956827,24.5033099597742,0 79.1250593900275,24.5033122751823,0 79.1250672900175,24.5033397751842,0 79.1250680096377,24.5033420381647,0 79.1250688573655,24.5033442636916,0 79.1250698308899,24.5033464456974,0 79.1250709275567,24.5033485782335,0 79.1250721443763,24.503350655486,0 79.1250734780312,24.5033526717918,0 79.1250749248855,24.5033546216539,0 79.1250764809948,24.5033564997565,0 79.1250781421167,24.5033583009795,0 79.1250799037227,24.5033600204121,0 79.1251057037217,24.503383920418,0 79.1251078336252,24.5033857791407,0 79.1251100808833,24.5033875183274,0 79.1251227980841,24.5033967792889,0 79.125123049577,24.5033987994845,0 79.1251140720354,24.5034002412729,0 79.1251115085438,24.5034007173951,0 79.1251089762376,24.5034013171816,0 79.1251064822368,24.503402038946,0 79.1251040335538,24.503402880659,0 79.1251016370733,24.503403839954,0 79.1250992995335,24.5034049141336,0 79.1250970275068,24.5034061001778,0 79.1250948273813,24.5034073947517,0 79.125092705343,24.5034087942155,0 79.1250906673584,24.5034102946343,0 79.1250887191577,24.5034118917895,0 79.1250868662184,24.5034135811903,0 79.1250851137506,24.5034153580868,0 79.1250834666814,24.5034172174829,0 79.1250819296419,24.5034191541506,0 79.1250805069539,24.5034211626447,0 79.1250792026172,24.503423237318,0 79.1250780202995,24.5034253723372,0 79.1250769633249,24.5034275616993,0 79.1250760346652,24.5034297992485,0 79.1250752369317,24.5034320786937,0 79.1250745723672,24.5034343936258,0 79.1250740428403,24.503436737536,0 79.1250736498398,24.503439103834,0 79.1250733944708,24.5034414858665,0 79.1250732774513,24.5034438769362,0 79.1250732991102,24.50344627032,0 79.125073999103,24.5034646703198,0 79.1250741651787,24.5034671190956,0 79.1250744764207,24.5034695559972,0 79.1250749319095,24.503471973825,0 79.1250755302994,24.5034743654355,0 79.1250762698224,24.5034767237628,0 79.125084469814,24.5035004237649,0 79.125085324354,24.503502683714,0 79.1250863084997,24.5035048990807,0 79.1250874194888,24.503507063647,0 79.1250886542031,24.5035091713373,0 79.1250900091769,24.5035112162359,0 79.1250914806072,24.503513192603,0 79.1250930643639,24.5035150948914,0 79.1250947560017,24.5035169177617,0 79.1250965507726,24.5035186560976,0 79.1250984436389,24.5035203050199,0 79.1251004292879,24.5035218599003,0 79.1251025021461,24.5035233163746,0 79.1251046563956,24.5035246703549,0 79.1251068859896,24.5035259180407,0 79.1251091846703,24.50352705593,0 79.1251115459857,24.503528080829,0 79.125113963308,24.5035289898611,0 79.1251164298523,24.5035297804747,0 79.1251189386956,24.5035304504508,0 79.1251214827959,24.5035309979089,0 79.1251240550125,24.5035314213123,0 79.1251266481257,24.5035317194726,0 79.1251274135554,24.5035317700016,0 79.1251270153487,24.5035326841301,0 79.1251261898547,24.5035349094757,0 79.1251254920558,24.5035371711172,0 79.1251249238437,24.5035394629243,0 79.1251244867584,24.503541778685,0 79.1251241819847,24.5035441121221,0 79.1251240103488,24.5035464569108,0 79.1251239723159,24.5035488066954,0 79.125124067989,24.5035511551065,0 79.125124297109,24.5035534957787,0 79.1251246590546,24.5035558223674,0 79.1251258558153,24.5035623013964,0 79.12509556729,24.5035731855617,0 79.125093203092,24.5035741007954,0 79.125090894128,24.5035751273243,0 79.1250886466508,24.5035762623688,0 79.1250864667464,24.5035775028551,0 79.1250843603179,24.5035788454239,0 79.1250823330694,24.5035802864398,0 79.1250803904907,24.5035818220005,0 79.1250785378422,24.5035834479477,0 79.1250767801408,24.5035851598783,0 79.1250751221464,24.5035869531567,0 79.1250735683486,24.5035888229266,0 79.1250721229552,24.5035907641247,0 79.1250707898802,24.5035927714944,0 79.1250695727336,24.5035948395998,0 79.1250684748113,24.5035969628405,0 79.1250674990866,24.5035991354668,0 79.1250666482015,24.5036013515954,0 79.1250659244604,24.503603605225,0 79.1250653298231,24.5036058902529,0 79.1250648658997,24.5036082004913,0 79.1250645339468,24.5036105296842,0 79.1250643348631,24.5036128715242,0 79.1250636348583,24.5036252715237,0 79.1250635693903,24.5036277323516,0 79.1250636506274,24.5036301927859,0 79.1250638783282,24.5036326455095,0 79.1250642518153,24.5036350832282,0 79.1250647699782,24.5036374986924,0 79.1250654312758,24.5036398847188,0 79.1250662337415,24.5036422342114,0 79.1250671749888,24.5036445401831,0 79.1250682522186,24.5036467957761,0 79.1250720522164,24.5036541957771,0 79.1250731857575,24.5036562637833,0 79.1250744336107,24.5036582759294,0 79.1250757924981,24.5036602269295,0 79.1250772588499,24.5036621116583,0 79.1250788288138,24.5036639251646,0 79.1250804982657,24.5036656626843,0 79.1250822628198,24.5036673196529,0 79.1250841178407,24.5036688917177,0 79.1250860584552,24.5036703747486,0 79.1250880795652,24.5036717648498,0 79.1250901758615,24.5036730583696,0 79.1250923418368,24.5036742519097,0 79.1250945718013,24.5036753423348,0 79.1250968598967,24.5036763267803,0 79.1250992001123,24.50367720266,0 79.1251015863002,24.5036779676731,0 79.125104012192,24.5036786198098,0 79.1251064714147,24.503679157357,0 79.125118422525,24.5036814751499,0 79.1251171284577,24.5036929779257,0 79.1251169334573,24.5036952959627,0 79.1251168691545,24.503697620112,0 79.1251169357199,24.5036999442079,0 79.1251171329768,24.5037022620851,0 79.125117460402,24.5037045675943,0 79.1251179171269,24.5037068546195,0 79.1251185019398,24.5037091170934,0 79.1251192132894,24.503711349014,0 79.1251200492884,24.5037135444604,0 79.1251210077192,24.5037156976082,0 79.1251220860392,24.5037178027455,0 79.1251232813876,24.5037198542876,0 79.1251245905935,24.5037218467921,0 79.1251260101836,24.5037237749731,0 79.1251275363921,24.5037256337153,0 79.12512916517,24.5037274180879,0 79.1251308921964,24.503729123357,0 79.1251327128898,24.5037307449989,0 79.1251346224201,24.5037322787115,0 79.1251447224206,24.5037399787136,0 79.1251467202385,24.5037414235246,0 79.1251479402748,24.5037422158076,0 79.1251473220276,24.50374449838,0 79.1251468308976,24.5037468312648,0 79.1251464745934,24.5037491845629,0 79.1251462541018,24.503751551755,0 79.1251461700339,24.5037539262835,0 79.1251462226225,24.5037563015703,0 79.1251481226079,24.50379360157,0 79.1251483095455,24.5037959511186,0 79.1251484438099,24.5037969298594,0 79.1251482644957,24.5037970421925,0 79.1251461919117,24.5037984936548,0 79.1251442061245,24.5038000433857,0 79.1251423126928,24.5038016870472,0 79.1251405169164,24.5038034200384,0 79.1251388238222,24.5038052375085,0 79.1251372381493,24.50380713437,0 79.1251372261326,24.50380715044,0 79.1251290536621,24.5037958281679,0 79.1251283592713,24.5037941990216,0 79.1251273662587,24.5037920369415,0 79.1251262518591,24.5037899249726,0 79.1251250190808,24.5037878688164,0 79.1250906190674,24.5037338688252,0 79.1250892482532,24.5037318419387,0 79.1250877624165,24.5037298840912,0 79.1250861657008,24.503728000742,0 79.1250844625585,24.5037261971431,0 79.1250826577389,24.5037244783238,0 79.1250807562748,24.5037228490772,0 79.1250787634685,24.5037213139464,0 79.1250766848771,24.5037198772122,0 79.1250745262968,24.503718542881,0 79.1250722937468,24.5037173146737,0 79.1250699934528,24.5037161960152,0 79.1250676318292,24.5037151900248,0 79.1250652154615,24.5037142995078,0 79.1250627510878,24.5037135269475,0 79.1250602455801,24.5037128744981,0 79.1250577059251,24.5037123439791,0 79.1250551392048,24.5037119368699,0 79.1250525525766,24.5037116543056,0 79.1250499532533,24.5037114970742,0 79.1250473484833,24.5037114656141,0 79.1250447455301,24.5037115600132,0 79.1250421516521,24.503711780008,0 79.1250395740824,24.5037121249853,0 79.1250370200088,24.5037125939829,0 79.1250344965533,24.5037131856931,0 79.1250320107527,24.5037138984659,0 79.1250295695387,24.5037147303137,0 79.1250271797188,24.5037156789168,0 79.1250248479571,24.50371674163,0 79.1250225807557,24.5037179154899,0 79.125020384437,24.5037191972232,0 79.1250182651252,24.5037205832556,0 79.1250162287304,24.5037220697222,0 79.125014280931,24.5037236524779,0 79.1250124271586,24.5037253271092,0 79.1250106725824,24.5037270889462,0 79.1250090220953,24.5037289330759,0 79.1250074802996,24.5037308543561,0 79.1250060514947,24.503732847429,0 79.1250047396649,24.503734906737,0 79.1250035484683,24.5037370265376,0 79.1250024812266,24.5037392009196,0 79.1250015409158,24.5037414238196,0 79.1250007301581,24.5037436890391,0 79.1250000512142,24.5037459902614,0 79.1249995059775,24.5037483210693,0 79.1249990959684,24.5037506749635,0 79.1249988223303,24.5037530453798,0 79.124998685826,24.5037554257084,0 79.1249986868365,24.5037578093116,0 79.1249988253587,24.5037601895426,0 79.1249991010065,24.503762559764,0 79.1249995130112,24.5037649133664,0 79.1250000602239,24.5037672437866,0 79.1250007411187,24.5037695445262,0 79.1250254410918,24.5038450445323,0 79.1250261029649,24.5038469179357,0 79.1250268534918,24.503848763147,0 79.1250319680214,24.5038605448415,0 79.1250499483431,24.503909404461,0 79.1250509112996,24.5039117957537,0 79.1250520202126,24.5039141335081,0 79.1250532715471,24.5039164102725,0 79.1250546613146,24.5039186187894,0 79.1250676530589,24.5039379790505,0 79.125067517836,24.503938387991,0 79.1250668899034,24.503940732614,0 79.1250663998569,24.5039431046008,0 79.1250630998501,24.5039618045993,0 79.1250627617432,24.5039640901878,0 79.1250625516703,24.5039663885954,0 79.1250624701799,24.5039686938211,0 79.1250625174847,24.5039709998462,0 79.1250626934611,24.5039733006499,0 79.1250629976499,24.5039755902251,0 79.1250644976463,24.5039848902254,0 79.1250649574844,24.5039872906357,0 79.1250655582359,24.5039896648392,0 79.1250662981496,24.5039920059155,0 79.1250671750688,24.5039943070405,0 79.1250681864374,24.5039965615066,0 79.1250693293074,24.5039987627424,0 79.1250706003474,24.5040009043315,0 79.1250719958525,24.5040029800313,0 79.1250874398306,24.5040246201073,0 79.1250911915473,24.5040311275143,0 79.1250901672984,24.504045952084,0 79.1250900718014,24.5040483200952,0 79.1250901122492,24.5040506894289,0 79.1250902885305,24.5040530535555,0 79.1250906001594,24.5040554059597,0 79.125091046277,24.5040577401584,0 79.125091625654,24.5040600497186,0 79.1250923366936,24.5040623282755,0 79.1250931774362,24.5040645695495,0 79.1250941455649,24.5040667673637,0 79.1250952384115,24.5040689156613,0 79.1250964529642,24.5040710085216,0 79.1250977858759,24.5040730401768,0 79.1250978518477,24.5040731297216,0 79.1250974054315,24.5040738067302,0 79.1250961826748,24.5040759031669,0 79.125095082189,24.504078055579,0 79.1250941070242,24.5040802580012,0 79.1250932598829,24.5040825043294,0 79.1250925431132,24.504084788338,0 79.1250919587015,24.5040871036969,0 79.1250915082674,24.504089443989,0 79.1250911930595,24.5040918027282,0 79.1250910139513,24.5040941733773,0 79.1250909714391,24.504096549366,0 79.1250910656409,24.5040989241094,0 79.1250912962956,24.5041012910258,0 79.1250916627639,24.5041036435553,0 79.1250921640301,24.5041059751778,0 79.1250982569696,24.5041308409982,0 79.125098041752,24.5041309447376,0 79.1250957627682,24.5041321909783,0 79.1250935603602,24.5041335476023,0 79.1250914409071,24.50413501068,0 79.125089410548,24.5041365759737,0 79.125087475164,24.5041382389494,0 79.1250856403608,24.5041399947903,0 79.125083911453,24.5041418384107,0 79.1250649114515,24.5041632384058,0 79.1250633410904,24.504165104579,0 79.1250618792503,24.5041670431616,0 79.1250605299111,24.5041690488756,0 79.1250592967466,24.5041711162602,0 79.1250581831143,24.5041732396867,0 79.1250571920461,24.5041754133737,0 79.1250563262404,24.5041776314031,0 79.1250555880544,24.5041798877362,0 79.125054979498,24.5041821762296,0 79.1250545022281,24.5041844906527,0 79.125054157544,24.5041868247042,0 79.1250539463842,24.5041891720293,0 79.1250538693237,24.5041915262372,0 79.125053897431,24.5041926823141,0 79.1250536579506,24.5041926720613,0 79.125051161299,24.5041926808802,0 79.1250486683325,24.5041928052684,0 79.1250461854367,24.5041930449072,0 79.1250437189713,24.5041933991828,0 79.1249810189931,24.5042038991805,0 79.1249784730378,24.5042043893544,0 79.1249759588664,24.5042050016646,0 79.1249734834718,24.5042057344082,0 79.1249710537394,24.5042065855468,0 79.1249686764273,24.5042075527133,0 79.1249663581481,24.5042086332172,0 79.1249641053499,24.5042098240534,0 79.1249619242989,24.5042111219095,0 79.1249598210616,24.5042125231755,0 79.124957801488,24.5042140239539,0 79.1249558711956,24.5042156200703,0 79.1249540355534,24.5042173070851,0 79.1249522996673,24.504219080306,0 79.1249506683656,24.5042209348007,0 79.1249491461857,24.5042228654111,0 79.1249477373614,24.5042248667672,0 79.1249464458115,24.5042269333023,0 79.1249452751283,24.5042290592684,0 79.124944228568,24.5042312387521,0 79.1249433090418,24.5042334656913,0 79.1249425191071,24.5042357338917,0 79.1249418609612,24.5042380370445,0 79.1249413364347,24.5042403687435,0 79.1249409469867,24.5042427225031,0 79.1249406937002,24.5042450917764,0 79.1249405772799,24.5042474699734,0 79.1249405980495,24.504249850479,0 79.1249407559514,24.5042522266721,0 79.1249410505463,24.5042545919432,0 79.1249414810148,24.5042569397134,0 79.1249420461596,24.5042592634526,0 79.1249427444088,24.5042615566971,0 79.1249435738201,24.5042638130685,0 79.1249445320867,24.5042660262907,0 79.1249456165431,24.5042681902076,0 79.1249468241729,24.5042702988004,0 79.1249481516172,24.504272346204,0 79.1249495951837,24.5042743267238,0 79.1249511508572,24.5042762348508,0 79.1249528143106,24.5042780652776,0 79.124954580917,24.5042798129131,0 79.1249564457626,24.5042814728961,0 79.1249584036606,24.5042830406095,0 79.1249604491649,24.5042845116927,0 79.1249625765861,24.5042858820539,0 79.1249647800068,24.5042871478815,0 79.1249670532982,24.5042883056546,0 79.1249693901372,24.5042893521529,0 79.124971784024,24.5042902844655,0 79.1249742283001,24.5042910999994,0 79.1249767161666,24.504291796486,0 79.1249792407037,24.5042923719881,0 79.1250538241567,24.5043074747892,0 79.1250560075202,24.5043152853874,0 79.1250567554774,24.5043176831383,0 79.125057646997,24.5043200394385,0 79.1250583973283,24.5043218584255,0 79.1250515979278,24.5043405328166,0 79.125050848995,24.5043427837673,0 79.125050229272,24.5043450673696,0 79.1250497404426,24.5043473774183,0 79.1250493838352,24.5043497076362,0 79.1250491604189,24.5043520516917,0 79.1250490708006,24.504354403215,0 79.1250491152239,24.5043567558166,0 79.1250492935682,24.5043591031037,0 79.1250496053488,24.5043614386981,0 79.1250500497185,24.5043637562532,0 79.1250506254698,24.5043660494716,0 79.1250513310384,24.504368312122,0 79.1250521645069,24.504370538056,0 79.1250531236105,24.5043727212253,0 79.1250542057432,24.5043748556974,0 79.1250554079645,24.5043769356725,0 79.1250567270075,24.5043789554986,0 79.1250581592881,24.5043809096872,0 79.1250597009144,24.5043827929284,0 79.1250613476973,24.5043846001046,0 79.125063095162,24.5043863263054,0 79.1250649385603,24.5043879668402,0 79.1250668728829,24.5043895172511,0 79.125068812988,24.504390915741,0 79.1250822969832,24.5044053543595,0 79.1250955425056,24.5044247869447,0 79.1250970196722,24.5044268286115,0 79.1250986156585,24.5044287939831,0 79.1251003257682,24.5044306772763,0 79.1251021449693,24.5044324729496,0 79.1251040679089,24.504434175719,0 79.1251060889286,24.5044357805743,0 79.1251082020815,24.504437282793,0 79.1251104011498,24.504438677955,0 79.1251126796625,24.5044399619548,0 79.1251130898222,24.5044401658891,0 79.1251129026352,24.5044413580585,0 79.1251126692099,24.5044437223226,0 79.1251125719503,24.504446094546,0 79.1251126111254,24.5044484681674,0 79.125112786627,24.5044508366217,0 79.1251130979697,24.5044531933581,0 79.1251135442922,24.5044555318582,0 79.1251141243601,24.504457845654,0 79.1251148365691,24.5044601283459,0 79.1251156789493,24.5044623736201,0 79.1251204401264,24.504474054386,0 79.1251207864715,24.504475820993,0 79.1251213691048,24.5044781036492,0 79.1251220804609,24.5044803555515,0 79.1251229186212,24.5044825706269,0 79.1251238813255,24.5044847429018,0 79.1251249659774,24.5044868665179,0 79.1251261696518,24.504488935748,0 79.1251274891027,24.5044909450119,0 79.1251289207716,24.5044928888909,0 79.1251304607976,24.5044947621425,0 79.1251321050276,24.504496559715,0 79.125132831612,24.5044972750699,0 79.125132911768,24.5044987335868,0 79.1251331720094,24.5045010591209,0 79.1251335634835,24.504503369208,0 79.1251340851402,24.5045056576523,0 79.1251347355803,24.5045079183158,0 79.1251355130594,24.504510145135,0 79.125136415492,24.5045123321372,0 79.1251374404577,24.5045144734565,0 79.1251385852075,24.5045165633496,0 79.1251398466708,24.504518596211,0 79.1251412214643,24.5045205665883,0 79.1251427059006,24.5045224691967,0 79.1251442959981,24.504524298933,0 79.1251459874919,24.5045260508895,0 79.1251477758454,24.5045277203673,0 79.1251483629039,24.5045282144242,0 79.1251512001629,24.5045377534965,0 79.1251513697098,24.5045383094713,0 79.1251613696983,24.5045703094737,0 79.1251621029106,24.5045724525661,0 79.125162951703,24.5045745596393,0 79.1251639139747,24.5045766254782,0 79.125164987344,24.5045786449697,0 79.1251661691542,24.5045806131152,0 79.1251694364145,24.5045857473847,0 79.1251688077872,24.5046002056798,0 79.1251687708814,24.5046024151315,0 79.1251688521934,24.5046046235883,0 79.1251690515284,24.5046068257577,0 79.1251693684086,24.5046090163622,0 79.1251698020748,24.5046111901518,0 79.1251748020665,24.5046331901529,0 79.1251753641764,24.5046353865775,0 79.1251760455123,24.5046375545627,0 79.1251768443724,24.5046396886939,0 79.1251777587615,24.5046417836406,0 79.125182958758,24.5046528836419,0 79.125183955609,24.5046548764857,0 79.1251850570033,24.5046568227058,0 79.125190157001,24.5046653227071,0 79.1251914483394,24.5046673483571,0 79.1251928529108,24.5046693099072,0 79.1251943669241,24.5046712020629,0 79.1251959862929,24.5046730197171,0 79.1251977066463,24.5046747579635,0 79.1251995233407,24.5046764121106,0 79.1252002115245,24.5046769767513,0 79.1252001591915,24.5046771496088,0 79.1251995354753,24.5046794411581,0 79.1251990435938,24.5046817594191,0 79.1251986848931,24.5046840980462,0 79.1251984603552,24.5046864506382,0 79.1251983705947,24.5046888107557,0 79.1251984158573,24.5046911719388,0 79.125198596019,24.5046935277242,0 79.1251989105868,24.504695871664,0 79.1251993586996,24.5046981973423,0 79.1251999391309,24.5047004983934,0 79.1252006502919,24.5047027685188,0 79.1252014902361,24.5047050015049,0 79.1252024566645,24.5047071912395,0 79.1252035469316,24.5047093317291,0 79.1252047580534,24.5047114171146,0 79.1252060867148,24.5047134416881,0 79.1252075292789,24.504715399908,0 79.1252090817972,24.5047172864142,0 79.1252107400203,24.504719096043,0 79.1252124994093,24.5047208238412,0 79.1252143551485,24.5047224650795,0 79.1252163021583,24.5047240152656,0 79.1252183351094,24.5047254701563,0 79.1252204484374,24.5047268257693,0 79.1252226363577,24.5047280783941,0 79.1252248928815,24.504729224602,0 79.1252272118324,24.5047302612556,0 79.1252295868631,24.5047311855175,0 79.12524077964,24.5047352282833,0 79.1252413113504,24.5047361221223,0 79.1252426808501,24.5047381593391,0 79.1252441663597,24.504740127321,0 79.1252457637085,24.5047420205426,0 79.1252474684118,24.5047438336883,0 79.1252492756831,24.5047455616674,0 79.1252511804485,24.5047471996285,0 79.1252531773599,24.5047487429726,0 79.1252538481654,24.5047492080219,0 79.1252538165366,24.5047493461894,0 79.1252532533,24.5047522888722,0 79.125250753294,24.504768488871,0 79.1252504730152,24.5047706963413,0 79.125250311817,24.5047729137585,0 79.1252502700904,24.5047751357479,0 79.1252503479363,24.5047773569235,0 79.1252505451661,24.5047795719012,0 79.1252508613018,24.5047817753123,0 79.1252509802788,24.5047824713289,0 79.125246709406,24.5047939297558,0 79.1252466886399,24.5047939855891,0 79.1252461590732,24.5047954124758,0 79.1252400815834,24.5048018852472,0 79.1252384830233,24.5048036788273,0 79.1252369870365,24.5048055450219,0 79.1252355975559,24.5048074789249,0 79.1252343182345,24.5048094754522,0 79.1252331524354,24.5048115293549,0 79.1252321032234,24.5048136352336,0 79.125231173357,24.504815787552,0 79.1252303652807,24.5048179806517,0 79.1252296811188,24.5048202087672,0 79.1252291226701,24.504822466041,0 79.1252286914026,24.5048247465388,0 79.1252283884501,24.5048270442653,0 79.1252282146091,24.5048293531799,0 79.1252281703366,24.5048316672126,0 79.125228255749,24.5048339802799,0 79.1252284706217,24.504836286301,0 79.1252288143899,24.5048385792133,0 79.1252292861499,24.5048408529891,0 79.1252298846614,24.5048431016506,0 79.1252306083509,24.5048453192862,0 79.125231455316,24.5048475000659,0 79.12523242333,24.5048496382566,0 79.1252393233257,24.5048638382584,0 79.1252399926423,24.5048651579798,0 79.1252417509707,24.5048684835168,0 79.1252416867494,24.5048695786885,0 79.1252416853973,24.5048719747325,0 79.1252418230004,24.5048743674665,0 79.1252420991708,24.5048767501483,0 79.1252425131304,24.5048791160642,0 79.1252430637128,24.5048814585477,0 79.1252437493665,24.5048837709984,0 79.1252445681597,24.5048860469004,0 79.1252455177852,24.5048882798408,0 79.1252465955671,24.5048904635278,0 79.1252477984688,24.5048925918084,0 79.1252491231005,24.5048946586856,0 79.1252624748665,24.5049142792793,0 79.1252671379879,24.5049269773303,0 79.1252680167545,24.5049291791913,0 79.1252690192609,24.5049313363408,0 79.1252701428036,24.5049334429615,0 79.1252713843525,24.504935493372,0 79.1252727405595,24.5049374820428,0 79.1252742077669,24.5049394036106,0 79.1252749197211,24.5049402399476,0 79.1252748372519,24.504940555836,0 79.125274372212,24.5049428607805,0 79.1252740385618,24.5049451847055,0 79.1252738372009,24.504947521345,0 79.1252737686722,24.5049498643982,0 79.1252738331605,24.5049522075475,0 79.1252740304919,24.5049545444747,0 79.1252743601345,24.5049568688785,0 79.1252744261997,24.5049571992459,0 79.1252737069228,24.5049587775479,0 79.1252728705142,24.5049609076799,0 79.1252721518573,24.5049630734982,0 79.1252715527592,24.5049652695568,0 79.1252710747264,24.504967490334,0 79.1252707189607,24.5049697302455,0 79.1252704863569,24.5049719836592,0 79.1252703774997,24.5049742449088,0 79.1252703926629,24.5049765083086,0 79.1252705318084,24.5049787681672,0 79.1252714318045,24.5049888681673,0 79.1252717060485,24.5049911975889,0 79.1252721120185,24.5049935108524,0 79.1252726486206,24.5049958017255,0 79.1252733144094,24.5049980640363,0 79.125274107591,24.50500029169,0 79.1252750260285,24.5050024786849,0 79.1252760672476,24.5050046191291,0 79.1252772284431,24.505006707256,0 79.1252785064866,24.5050087374398,0 79.125279897935,24.505010704211,0 79.1252813990395,24.505012602271,0 79.1252830057559,24.5050144265062,0 79.1252847137556,24.5050161720017,0 79.1252865184371,24.5050178340551,0 79.1252884149382,24.5050194081886,0 79.1252903981498,24.5050208901613,0 79.12529229361,24.5050221624621,0 79.1252925952442,24.5050227679168,0 79.1252952529516,24.5050384268765,0 79.125295502111,24.5050397624015,0 79.1252983361507,24.5050536897091,0 79.1252990739161,24.5050719998823,0 79.1252989232809,24.50507387545,0 79.1252988693414,24.5050762463112,0 79.1252989515546,24.5050786164925,0 79.1252991696937,24.5050809794524,0 79.1252995231567,24.505083328669,0 79.1253000109679,24.5050856576584,0 79.1253006317811,24.5050879599927,0 79.1253013838827,24.5050902293174,0 79.125302265197,24.5050924593691,0 79.1253032732915,24.505094643993,0 79.125304405384,24.5050967771593,0 79.1253056583498,24.5050988529807,0 79.1253070287308,24.5051008657278,0 79.1253085127447,24.5051028098453,0 79.1253101062956,24.5051046799676,0 79.1253118049854,24.5051064709331,0 79.1253127049853,24.5051073709334,0 79.1253144542936,24.5051090328794,0 79.1253162941337,24.50511061086,0 79.1253182196979,24.5051121007517,0 79.1253202259547,24.5051134986613,0 79.1253223076615,24.5051148009359,0 79.1253244593786,24.5051160041727,0 79.1253266754835,24.5051171052274,0 79.1253289501853,24.505118101223,0 79.1253296269602,24.5051183595429,0 79.1253320138267,24.5051200777763,0 79.1253320194975,24.5051201467666,0 79.1253323415913,24.505122459807,0 79.1253327937978,24.505124754542,0 79.1253333749101,24.5051270248479,0 79.1253340833775,24.5051292646665,0 79.1253349173095,24.5051314680208,0 79.1253358744808,24.505133629031,0 79.125336952337,24.5051357419304,0 79.1253381480021,24.5051378010809,0 79.1253394582852,24.5051398009874,0 79.1253408796899,24.5051417363133,0 79.1253424084232,24.505143601894,0 79.1253440404057,24.5051453927512,0 79.1253457712822,24.5051471041061,0 79.1253475964341,24.5051487313917,0 79.1253495109908,24.5051502702658,0 79.1253621309218,24.5051598970105,0 79.1253806787585,24.5051792908963,0 79.1253803673036,24.5051802222085,0 79.1253797437844,24.5051825060798,0 79.1253792512419,24.5051848165888,0 79.1253788910155,24.5051871474514,0 79.125378664085,24.5051894923281,0 79.1253785710678,24.5051918448412,0 79.1253786122167,24.5051941985923,0 79.12537878742,24.5051965471796,0 79.1253790962009,24.5051988842152,0 79.1253795377198,24.505201203343,0 79.1253801107758,24.5052034982552,0 79.1253808138103,24.5052057627102,0 79.1253815911828,24.5052078465255,0 79.1253810752087,24.5052094298315,0 79.1253804713342,24.505211709198,0 79.1253799976689,24.505214014188,0 79.1253796554915,24.5052163385786,0 79.1253794457261,24.5052186760942,0 79.1253793689388,24.5052210204239,0 79.125379425337,24.5052233652385,0 79.1253796147684,24.5052257042073,0 79.1253799367216,24.5052280310155,0 79.1253803903275,24.5052303393812,0 79.1253809743613,24.5052326230721,0 79.1253816872463,24.5052348759227,0 79.1253825270577,24.5052370918506,0 79.1253834915284,24.5052392648732,0 79.1253845780543,24.5052413891238,0 79.125385783702,24.5052434588672,0 79.1253871052165,24.5052454685154,0 79.1253885390299,24.5052474126427,0 79.1253900812712,24.5052492860003,0 79.1253908526428,24.5052501281255,0 79.1253912495407,24.5052513345399,0 79.1253921192822,24.5052535518248,0 79.1253931142664,24.5052557245704,0 79.1253942317832,24.5052578468587,0 79.1253954687886,24.5052599129089,0 79.1253968219134,24.5052619170936,0 79.1253982874718,24.5052638539536,0 79.125399861472,24.5052657182133,0 79.1254015396266,24.5052675047949,0 79.1254033173648,24.5052692088321,0 79.1254051898442,24.5052708256833,0 79.1254071519647,24.5052723509446,0 79.1254091983818,24.5052737804614,0 79.1254113235214,24.5052751103401,0 79.1254135215951,24.5052763369583,0 79.1254157866156,24.5052774569749,0 79.1254463866222,24.5052916569798,0 79.1254487503217,24.5052926826951,0 79.1254511701233,24.505293592316,0 79.1254536392222,24.5052943832843,0 79.1254561506749,24.5052950533756,0 79.1254586974185,24.5052956007056,0 79.1254612722913,24.505296023735,0 79.1254638680523,24.5052963212743,0 79.1254664774015,24.5052964924867,0 79.1254690930011,24.5052965368907,0 79.1254717074956,24.5052964543613,0 79.1254743135324,24.5052962451309,0 79.1254769037829,24.5052959097876,0 79.1254794709629,24.5052954492746,0 79.1254820078529,24.5052948648869,0 79.1254845073187,24.5052941582679,0 79.1254869623314,24.5052933314048,0 79.125489365987,24.5052923866228,0 79.1254903037821,24.5052919627953,0 79.1254909697044,24.5052932360811,0 79.1254921952671,24.5052952970018,0 79.1254935362112,24.5052972968691,0 79.1254949889136,24.5052992302796,0 79.1254965494494,24.5053010920096,0 79.1254982136023,24.5053028770289,0 79.125499976876,24.5053045805148,0 79.1255018345063,24.5053061978647,0 79.1255037814744,24.5053077247087,0 79.1255058125198,24.5053091569216,0 79.1255079221549,24.5053104906338,0 79.1255101046799,24.5053117222418,0 79.1255123541979,24.5053128484179,0 79.1255146646311,24.5053138661195,0 79.1255170297371,24.5053147725968,0 79.1255194431256,24.5053155654007,0 79.1255218982762,24.5053162423892,0 79.1255243885554,24.5053168017331,0 79.1255269072348,24.5053172419212,0 79.125547172625,24.5053202864874,0 79.1255607957057,24.5053228813607,0 79.1255605244194,24.5053248081929,0 79.1255603288538,24.5053271679202,0 79.1255602687185,24.5053295337826,0 79.1255603441786,24.5053318992774,0 79.125560744176,24.5053384992774,0 79.1255609584972,24.5053408871682,0 79.1255613109907,24.5053432612896,0 79.1255618006634,24.5053456149527,0 79.1255624261357,24.5053479415261,0 79.1255631856454,24.5053502344548,0 79.1255640770525,24.5053524872785,0 79.1255650978455,24.50535469365,0 79.1255662451486,24.505356847353,0 79.125567515729,24.5053589423196,0 79.1255689060072,24.5053609726471,0 79.1255704120659,24.5053629326152,0 79.125572029662,24.5053648167019,0 79.125573754238,24.5053666195988,0 79.1255755809349,24.5053683362263,0 79.1255775046062,24.5053699617478,0 79.1255795198318,24.5053714915836,0 79.1256110689703,24.5053941756807,0 79.1256209595215,24.5054058116273,0 79.1256226826685,24.5054077277602,0 79.1256245182909,24.5054095543543,0 79.1256264608413,24.5054112858896,0 79.125628504449,24.5054129171329,0 79.1256287421228,24.5054130867365,0 79.1256285017029,24.5054152847446,0 79.1256283793804,24.505417650527,0 79.1256283928448,24.5054200189234,0 79.1256285420592,24.5054223834134,0 79.1256288266127,24.505424737487,0 79.1256292457219,24.5054270746633,0 79.125629798233,24.5054293885076,0 79.1256304826247,24.5054316726495,0 79.125631297013,24.5054339208006,0 79.1256322391556,24.5054361267712,0 79.1256333064587,24.5054382844879,0 79.1256344959839,24.5054403880104,0 79.1256358044563,24.5054424315473,0 79.1256372282733,24.5054444094724,0 79.1256387635151,24.5054463163402,0 79.125640405955,24.5054481469008,0 79.1256421510709,24.5054498961143,0 79.1256439940584,24.505451559165,0 79.1256459298434,24.5054531314742,0 79.1256470773105,24.5054539692751,0 79.1256466962091,24.5054558219106,0 79.1256463506605,24.5054581787048,0 79.1256461412351,24.5054605488792,0 79.1256460685142,24.505462925856,0 79.1256461326995,24.5054653030386,0 79.1256463336131,24.5054676738298,0 79.1256466706972,24.5054700316501,0 79.1256471430164,24.5054723699559,0 79.12564774926,24.5054746822579,0 79.1256484877454,24.505476962139,0 79.1256493564232,24.505479203272,0 79.1256503528826,24.5054813994371,0 79.1256514743583,24.5054835445395,0 79.1256527177378,24.5054856326261,0 79.1256540795706,24.505487657902,0 79.1256555560771,24.5054896147464,0 79.1256571431599,24.5054914977288,0 79.1256805431564,24.5055177977345,0 79.1256822081753,24.5055195730792,0 79.1256839714842,24.505521267107,0 79.1256858283464,24.5055228752675,0 79.1256877737743,24.505524393241,0 79.1256898025423,24.5055258169501,0 79.1256919092008,24.5055271425705,0 79.125694088091,24.5055283665415,0 79.1256963333604,24.5055294855753,0 79.1256986389777,24.505530496666,0 79.1257009987498,24.5055313970978,0 79.1257034063382,24.505532184452,0 79.1257058552758,24.5055328566137,0 79.1257083389844,24.5055334117773,0 79.1257090556678,24.5055335363717,0 79.1257140955949,24.5055405831497,0 79.1257140692683,24.5055413345684,0 79.1257141216286,24.5055436960059,0 79.1257143089154,24.5055460517044,0 79.1257146306157,24.5055483952139,0 79.125715085849,24.5055507201179,0 79.1257156733685,24.5055530200506,0 79.1257163915659,24.5055552887147,0 79.1257172384745,24.5055575198984,0 79.1257182117755,24.5055597074928,0 79.125719308804,24.5055618455081,0 79.1257205265563,24.5055639280902,0 79.125721861698,24.505565949537,0 79.1257233105736,24.5055679043137,0 79.125724869216,24.5055697870679,0 79.1257265333575,24.5055715926447,0 79.1257282984416,24.5055733161003,0 79.1257301596354,24.5055749527157,0 79.125732111843,24.5055764980098,0 79.1257328946083,24.5055770548678,0 79.1257385819354,24.5055828704823,0 79.1257388468811,24.5055834713162,0 79.1257399281869,24.5055855978603,0 79.125741128755,24.5055876701409,0 79.1257420110118,24.5055890186812,0 79.1257409248677,24.505591051913,0 79.1257399091886,24.5055932377501,0 79.1257390205769,24.5055954694465,0 79.1257382614932,24.505597740823,0 79.1257376340392,24.5056000455902,0 79.1257371399523,24.5056023773666,0 79.1257367806007,24.5056047296955,0 79.1257365569793,24.5056070960637,0 79.1257364697072,24.5056094699189,0 79.1257365190263,24.505611844688,0 79.1257367047999,24.5056142137956,0 79.1257383047941,24.5056291137958,0 79.1257386157245,24.505631405324,0 79.125739054323,24.5056336793045,0 79.1257396194419,24.5056359297862,0 79.1257403096022,24.5056381508796,0 79.1257411229979,24.5056403367723,0 79.1257420575002,24.5056424817435,0 79.1257431106636,24.5056445801801,0 79.1257442797319,24.5056466265904,0 79.1257455616458,24.505648615619,0 79.1257469530505,24.5056505420605,0 79.1257484503046,24.5056524008735,0 79.1257500494899,24.5056541871935,0 79.1257517464213,24.5056558963458,0 79.1257535366579,24.5056575238573,0 79.1257554155148,24.5056590654691,0 79.125757378075,24.5056605171466,0 79.1257594192024,24.5056618750908,0 79.1257615335554,24.5056631357481,0 79.1257637156009,24.5056642958192,0 79.1257659596283,24.5056653522683,0 79.1257682597651,24.5056663023307,0 79.1257720113583,24.5056677473891,0 79.1257720542983,24.5056689631146,0 79.1257722801324,24.5056713667131,0 79.1257732801292,24.5056794667132,0 79.1257736293594,24.5056817644164,0 79.1257741009485,24.5056840131305,0 79.125771013226,24.5056892879855,0 79.1257698671723,24.5056913736824,0 79.1257688405012,24.5056935108054,0 79.1257679359589,24.5056956936381,0 79.125767155965,24.505697916342,0 79.1257665026056,24.5057001729718,0 79.1257659776284,24.5057024574916,0 79.1257655824376,24.5057047637908,0 79.1257653180902,24.5057070857005,0 79.1257651852933,24.5057094170103,0 79.1257651844022,24.5057117514843,0 79.1257653154192,24.5057140828783,0 79.1257655779938,24.5057164049564,0 79.1257659714238,24.5057187115077,0 79.1257664946569,24.5057209963625,0 79.1257671462934,24.5057232534093,0 79.1257679245905,24.5057254766112,0 79.1257688274663,24.5057276600215,0 79.125769852506,24.5057297978001,0 79.1257709969677,24.5057318842289,0 79.1257722577902,24.5057339137273,0 79.1257736316012,24.5057358808666,0 79.125775114726,24.5057377803854,0 79.1257767031977,24.5057396072027,0 79.1257874379296,24.5057513178242,0 79.1257877727849,24.5057521891323,0 79.1257871818398,24.5057541721251,0 79.1257866327836,24.5057564868636,0 79.1257862171875,24.5057588247687,0 79.1257859361959,24.5057611794027,0 79.1257857905824,24.5057635442818,0 79.1257857807481,24.505765912894,0 79.1257859067201,24.5057682787171,0 79.1257861681514,24.5057706352366,0 79.1257865643222,24.5057729759634,0 79.1257870941417,24.5057752944522,0 79.1257877561508,24.5057775843187,0 79.1257885485267,24.5057798392574,0 79.1257894690876,24.5057820530592,0 79.1257905152984,24.5057842196281,0 79.1257916842785,24.5057863329982,0 79.1257929728087,24.50578838735,0 79.1257943773412,24.5057903770267,0 79.1257958940082,24.5057922965495,0 79.1257975186336,24.5057941406328,0 79.1257992467436,24.5057959041985,0 79.1258010735798,24.5057975823907,0 79.1258029941117,24.5057991705881,0 79.125805003051,24.5058006644174,0 79.1258070948657,24.5058020597653,0 79.1258090989831,24.5058032545351,0 79.1258076505135,24.505804388791,0 79.1258057727099,24.5058060231639,0 79.1258039913042,24.5058077455156,0 79.125802311213,24.5058095510924,0 79.1258007370731,24.505811434911,0 79.1257992732292,24.5058133917722,0 79.1257979237215,24.5058154162751,0 79.1257966922745,24.5058175028322,0 79.125795582287,24.5058196456846,0 79.1257945968224,24.5058218389183,0 79.1257937386007,24.5058240764798,0 79.1257930099905,24.5058263521937,0 79.1257924130028,24.5058286597791,0 79.1257919492852,24.5058309928672,0 79.1257916201175,24.5058333450187,0 79.1257914264083,24.5058357097417,0 79.1257913686922,24.5058380805099,0 79.1257914471285,24.5058404507798,0 79.1257916615007,24.5058428140097,0 79.1257920112172,24.5058451636772,0 79.1257923593166,24.5058468388412,0 79.1257907268455,24.5058479093834,0 79.1257887171665,24.5058493782081,0 79.1257867938883,24.5058509408793,0 79.1257849622393,24.5058525931492,0 79.1257832271989,24.505854330526,0 79.1257815934835,24.5058561482868,0 79.1257800655346,24.5058580414899,0 79.1257786475057,24.5058600049887,0 79.1257773432519,24.5058620334456,0 79.1257761563185,24.5058641213462,0 79.1257750899324,24.5058662630146,0 79.1257741469924,24.5058684526288,0 79.125773330062,24.5058706842363,0 79.1257726413618,24.5058729517705,0 79.1257720827643,24.5058752490673,0 79.1257692175133,24.5058886747912,0 79.1257639810774,24.5059028048424,0 79.125763218256,24.5059050546488,0 79.1257625847454,24.5059073378039,0 79.125762082271,24.5059096480899,0 79.1257617122012,24.505911979215,0 79.1257615088086,24.5059139951279,0 79.1257577187838,24.5059158107083,0 79.1257554587836,24.5059169634232,0 79.125753267945,24.5059182229745,0 79.1257511522947,24.5059195858974,0 79.1257491176527,24.5059210484426,0 79.1257471696163,24.5059226065867,0 79.1257453135443,24.5059242560433,0 79.1257435545427,24.505925992275,0 79.1257418974502,24.5059278105055,0 79.1257403468255,24.505929705733,0 79.1257389069342,24.5059316727439,0 79.1257375817373,24.5059337061271,0 79.1257363748804,24.5059358002888,0 79.1257352896834,24.5059379494683,0 79.1257343291316,24.5059401477532,0 79.1257334958675,24.5059423890963,0 79.1257327921833,24.5059446673318,0 79.1257322200147,24.5059469761925,0 79.1257317809359,24.5059493093268,0 79.1257314761546,24.5059516603165,0 79.1257313065093,24.5059540226942,0 79.1257312724668,24.5059563899611,0 79.1257314724613,24.5059703899609,0 79.1257315733266,24.50597274459,0 79.1257318083514,24.5059750911941,0 79.1257321768951,24.505977423378,0 79.1257326779534,24.5059797347855,0 79.1257333101607,24.5059820191174,0 79.125734071794,24.5059842701481,0 79.1257349607777,24.5059864817427,0 79.125735974689,24.5059886478739,0 79.1257371107645,24.5059907626382,0 79.1257383659081,24.5059928202722,0 79.1257397366992,24.5059948151681,0 79.1257412194019,24.5059967418891,0 79.1257428099753,24.5059985951843,0 79.1257445040845,24.5060003700028,0 79.1257462971124,24.5060020615076,0 79.1257481841727,24.5060036650888,0 79.1257501601222,24.5060051763761,0 79.1257522195759,24.5060065912507,0 79.1257543569211,24.5060079058566,0 79.1257565663328,24.506009116611,0 79.1257588417895,24.5060102202141,0 79.1257611770899,24.5060112136584,0 79.1257635658695,24.5060120942364,0 79.125766001618,24.506012859548,0 79.1257684776972,24.5060135075078,0 79.1257709873589,24.5060140363495,0 79.1257735237635,24.5060144446322,0 79.1257742735001,24.5060145286943,0 79.1257759932442,24.5060158548334,0 79.1257780224486,24.506017262379,0 79.1257801283271,24.5060185722426,0 79.1258136283321,24.5060382722488,0 79.1258158684146,24.5060395139311,0 79.1258181773611,24.5060406450833,0 79.1258205486635,24.5060416625171,0 79.1258229756379,24.5060425633646,0 79.1258254514436,24.5060433450868,0 79.1258279691021,24.5060440054801,0 79.125830521517,24.5060445426833,0 79.1258331014941,24.506044955182,0 79.1258357017612,24.5060452418137,0 79.1258383149891,24.5060454017703,0 79.1258409338121,24.5060454346011,0 79.1258435508485,24.5060453402136,0 79.125846158722,24.5060451188736,0 79.1258487500818,24.5060447712052,0 79.1258513176239,24.5060442981883,0 79.1258538541111,24.5060437011561,0 79.1258563523941,24.5060429817915,0 79.1258588054311,24.506042142122,0 79.1258612063078,24.5060411845145,0 79.1258613298668,24.5060411279122,0 79.1258613378881,24.5060411397861,0 79.125862824563,24.5060431005965,0 79.1258644224195,24.5060449867725,0 79.1258661269911,24.506046793042,0 79.1258679335133,24.5060485143559,0 79.1258698369363,24.5060501459029,0 79.1258718319397,24.5060516831222,0 79.125873912947,24.5060531217171,0 79.1258760741413,24.5060544576663,0 79.1258783094815,24.5060556872356,0 79.1258806127193,24.506056806988,0 79.1258829774167,24.5060578137936,0 79.1258853969638,24.506058704838,0 79.1258878645974,24.5060594776307,0 79.1258903734199,24.5060601300115,0 79.1258929164185,24.5060606601568,0 79.125895486485,24.5060610665847,0 79.1258974477279,24.5060613280838,0 79.1258977303539,24.5060618414597,0 79.125898993361,24.5060638677729,0 79.1259003690894,24.5060658316779,0 79.1259018538648,24.5060677279297,0 79.1259034437218,24.5060695514639,0 79.1259051344145,24.5060712974105,0 79.1259069214274,24.5060729611066,0 79.1259087999881,24.5060745381089,0 79.1259107650795,24.5060760242057,0 79.1259128114534,24.5060774154281,0 79.1259149336445,24.5060787080606,0 79.1259171259851,24.506079898651,0 79.1259193826202,24.5060809840195,0 79.125921697523,24.5060819612675,0 79.125924064511,24.5060828277849,0 79.1259264772628,24.5060835812577,0 79.1259289293345,24.5060842196734,0 79.1259314141775,24.5060847413272,0 79.1259395141802,24.5060862413279,0 79.1259419325831,24.5060866321147,0 79.1259443692441,24.5060869122929,0 79.1259468181247,24.5060870811683,0 79.1259492731559,24.5060871383222,0 79.1259517282537,24.5060870836131,0 79.1259541773337,24.5060869171765,0 79.1259607773361,24.5060863171764,0 79.1259633636386,24.5060860187284,0 79.1259659291007,24.5060855956927,0 79.1259684665587,24.5060850492504,0 79.125968773163,24.5060849673638,0 79.1259690029242,24.506085186699,0 79.1259709096465,24.5060868237148,0 79.1259729084826,24.5060883659951,0 79.1259749938172,24.5060898092072,0 79.1259771597924,24.506091149297,0 79.1259794003236,24.5060923825,0 79.1259817091166,24.5060935053517,0 79.1259840796859,24.5060945146981,0 79.1259865053719,24.5060954077036,0 79.1259889793606,24.5060961818596,0 79.1259914947021,24.5060968349914,0 79.1260128947088,24.5061018349935,0 79.1260153883296,24.5061023550069,0 79.1260179080536,24.506102756071,0 79.1260204471083,24.5061030371079,0 79.1260229986691,24.5061031973621,0 79.1260255558779,24.506103236403,0 79.1260281118614,24.5061031541257,0 79.1260306597495,24.5061029507512,0 79.126031954674,24.5061027851501,0 79.1260332444231,24.5061034590541,0 79.126057644428,24.5061154590581,0 79.1260599371315,24.5061165171931,0 79.1260622869043,24.5061174647352,0 79.1260646873796,24.506118299117,0 79.1260671320536,24.5061190180777,0 79.1260696143023,24.5061196196694,0 79.1260721274003,24.5061201022621,0 79.1260746645384,24.5061204645482,0 79.1260772188422,24.5061207055461,0 79.126079783391,24.5061208246028,0 79.1260823512361,24.5061208213958,0 79.1260849154201,24.5061206959336,0 79.1260874689954,24.5061204485564,0 79.1260900050432,24.5061200799342,0 79.126092516692,24.506119591066,0 79.1260949971366,24.5061189832762,0 79.1260974396565,24.5061182582117,0 79.1260998376335,24.5061174178369,0 79.1261021845705,24.506116464429,0 79.1261044741086,24.5061154005711,0 79.1261067000442,24.5061142291456,0 79.1261088563462,24.5061129533266,0 79.1261109371723,24.5061115765708,0 79.1261129368845,24.5061101026086,0 79.1261148500646,24.5061085354335,0 79.1261166715289,24.5061068792918,0 79.1261176972053,24.5061058442152,0 79.1261188509822,24.5061062997629,0 79.1261212805563,24.5061071234687,0 79.1261237540447,24.5061078293204,0 79.1261262646242,24.5061084153708,0 79.1261288053694,24.5061088800033,0 79.1261313692715,24.5061092219361,0 79.1261319514449,24.5061092711932,0 79.126132468602,24.5061099988744,0 79.1261340037781,24.5061119276966,0 79.1261356482041,24.5061137795958,0 79.126137397285,24.5061155493972,0 79.1261392461331,24.506117232155,0 79.126141189582,24.5061188231672,0 79.126143222201,24.5061203179878,0 79.1261453383101,24.5061217124396,0 79.1261475319962,24.5061230026261,0 79.1261497971291,24.506124184942,0 79.1261521273794,24.5061252560834,0 79.1261545162353,24.5061262130571,0 79.1261569570215,24.506127053189,0 79.1261594429174,24.5061277741314,0 79.1261619669765,24.5061283738697,0 79.1261645221456,24.5061288507281,0 79.1261671012845,24.5061292033739,0 79.1261776277752,24.5061303833356,0 79.1261787298669,24.5061319118717,0 79.1261802246335,24.5061337708158,0 79.1261818212884,24.5061355574237,0 79.1261835156574,24.506137267025,0 79.1261853033113,24.5061388951505,0 79.1261871795769,24.506140437544,0 79.1261891395493,24.5061418901734,0 79.1261911781048,24.5061432492414,0 79.1261932899143,24.506144511195,0 79.1261954694571,24.5061456727353,0 79.1261977110355,24.5061467308259,0 79.1262000087898,24.5061476827007,0 79.1262023567131,24.5061485258714,0 79.1262372567227,24.5061601258759,0 79.1262397003575,24.5061608725972,0 79.1262421832652,24.5061615015716,0 79.126244698674,24.5061620110839,0 79.1262472397236,24.5061623997443,0 79.1262489339307,24.5061625762949,0 79.1262495004536,24.5061642760371,0 79.1262503671348,24.5061664648623,0 79.1262513560009,24.5061686098899,0 79.1262524644214,24.5061707054137,0 79.1262536894479,24.5061727458597,0 79.1262550278215,24.5061747258,0 79.1262564759823,24.5061766399678,0 79.1262580300779,24.5061784832714,0 79.1262596859744,24.5061802508074,0 79.126261439267,24.506181937874,0 79.1262632852917,24.5061835399836,0 79.126265219138,24.5061850528743,0 79.1262672356619,24.5061864725218,0 79.126269329499,24.5061877951496,0 79.1262714950797,24.5061890172396,0 79.1262737266434,24.5061901355408,0 79.1262760182539,24.5061911470786,0 79.1262783638155,24.506192049162,0 79.1262807570886,24.5061928393916,0 79.1262831917071,24.5061935156652,0 79.1262856611946,24.5061940761839,0 79.1262881589822,24.5061945194566,0 79.1262906784255,24.5061948443043,0 79.1262932128227,24.5061950498629,0 79.1262957554319,24.5061951355854,0 79.1263145094245,24.5061953250208,0 79.1263148736405,24.5061956559061,0 79.1263168066827,24.506197236453,0 79.126318827799,24.5061987219031,0 79.1263209314078,24.5062001081543,0 79.1263231117001,24.5062013913784,0 79.126325362655,24.5062025680317,0 79.1263276780565,24.506203634865,0 79.1263300515104,24.5062045889321,0 79.1263324764624,24.5062054275984,0 79.1263349462161,24.5062061485478,0 79.1263374539511,24.5062067497895,0 79.1263399927423,24.5062072296631,0 79.1263425555787,24.5062075868435,0 79.1263451353831,24.5062078203442,0 79.1263477250313,24.5062079295205,0 79.1263503173718,24.5062079140708,0 79.126352905246,24.5062077740379,0 79.1263554815073,24.5062075098084,0 79.1263568122269,24.5062073080847,0 79.1263567690073,24.5062085322888,0 79.1263568221321,24.5062109112818,0 79.1263570121962,24.5062132844076,0 79.1263573386716,24.5062156450717,0 79.126357800651,24.5062179867139,0 79.1263583968505,24.5062203028269,0 79.1263591256135,24.5062225869745,0 79.1263599849147,24.5062248328092,0 79.1263609723662,24.5062270340899,0 79.1263620852239,24.5062291846995,0 79.1263633203954,24.5062312786616,0 79.1263646744481,24.5062333101573,0 79.1263661436194,24.5062352735412,0 79.1263677238264,24.5062371633571,0 79.1263694106779,24.5062389743534,0 79.1263711994862,24.5062407014976,0 79.1263730852804,24.5062423399899,0 79.1263750628201,24.5062438852772,0 79.1263771266098,24.5062453330652,0 79.1263792709144,24.5062466793306,0 79.126381489775,24.5062479203322,0 79.1263837770256,24.5062490526215,0 79.12638612631,24.5062500730518,0 79.1263885310999,24.5062509787874,0 79.1263909847124,24.5062517673114,0 79.1263934803292,24.5062524364326,0 79.1263960110151,24.5062529842914,0 79.1263985697376,24.5062534093655,0 79.1264011493861,24.5062537104735,0 79.126403742792,24.5062538867787,0 79.1264063427484,24.5062539377913,0 79.1264089420302,24.5062538633693,0 79.1264115334143,24.5062536637197,0 79.1264141096993,24.5062533393972,0 79.1264166637259,24.5062528913032,0 79.1264191883968,24.5062523206827,0 79.126421676696,24.5062516291216,0 79.1264241217086,24.5062508185417,0 79.1264265166404,24.5062498911954,0 79.1264283689127,24.5062490661114,0 79.1264318222974,24.5062501782182,0 79.1264342602605,24.5062508987925,0 79.126436735821,24.5062515025839,0 79.1264392423021,24.5062519879639,0 79.1264417729433,24.5062523536234,0 79.1264443209192,24.506252598576,0 79.1264468793576,24.5062527221612,0 79.1264494413579,24.5062527240457,0 79.1264520000101,24.5062526042242,0 79.1264545484132,24.5062523630201,0 79.1264570796937,24.5062520010839,0 79.1264595870243,24.5062515193917,0 79.1264620636426,24.5062509192428,0 79.1264645028687,24.5062502022558,0 79.1264668981236,24.5062493703645,0 79.126469242947,24.5062484258128,0 79.1264715310147,24.5062473711481,0 79.1264737561553,24.5062462092151,0 79.1264759123673,24.5062449431476,0 79.1264779938352,24.5062435763605,0 79.1264799949448,24.5062421125401,0 79.1264819102991,24.5062405556345,0 79.1264837347319,24.506238909843,0 79.1264854633225,24.5062371796045,0 79.1264870914086,24.5062353695857,0 79.1264886145992,24.5062334846684,0 79.1264900287859,24.5062315299366,0 79.1264913301546,24.5062295106624,0 79.1264925151951,24.5062274322922,0 79.1264935807113,24.5062253004314,0 79.1264944139542,24.5062233747581,0 79.1264962777435,24.5062249599705,0 79.1264982744161,24.5062264867954,0 79.1265003562992,24.5062279151626,0 79.1265025176004,24.5062292410978,0 79.1265047523062,24.5062304609119,0 79.1265070541989,24.5062315712109,0 79.1265094168739,24.5062325689056,0 79.1265118337574,24.5062334512201,0 79.1265142981249,24.5062342156995,0 79.1265168031197,24.5062348602168,0 79.126519341772,24.5062353829787,0 79.1265219070185,24.5062357825307,0 79.1265244917218,24.5062360577611,0 79.1265270886904,24.5062362079041,0 79.1265296906987,24.5062362325421,0 79.126532290507,24.5062361316063,0 79.1265348808818,24.5062359053778,0 79.1265374546158,24.5062355544858,0 79.126540004548,24.5062350799068,0 79.1265425235836,24.5062344829611,0 79.1265535785271,24.5062315764977,0 79.1266070320692,24.5062387593167,0 79.1266095502658,24.5062390373939,0 79.1266120807547,24.5062391966723,0 79.1266146168461,24.5062392367308,0 79.1266171518356,24.5062391574636,0 79.1266196790214,24.5062389590802,0 79.1266221917226,24.5062386421051,0 79.1266246832964,24.5062382073762,0 79.1266271471561,24.5062376560428,0 79.126629576788,24.5062369895625,0 79.126631965769,24.5062362096971,0 79.1266343077835,24.5062353185084,0 79.12663659664,24.5062343183523,0 79.1266388262876,24.506233211873,0 79.1266409908319,24.5062320019956,0 79.1266430845505,24.5062306919185,0 79.1266451019084,24.5062292851051,0 79.1266470375724,24.5062277852747,0 79.1266488864253,24.5062261963922,0 79.1266506435794,24.506224522658,0 79.1266523043893,24.506222768497,0 79.1266538644645,24.5062209385465,0 79.1266553196807,24.5062190376443,0 79.1266566661908,24.5062170708156,0 79.1266579004351,24.5062150432602,0 79.1266745418164,24.506185971773,0 79.1266749169614,24.5061862066025,0 79.1266771138695,24.5061874330156,0 79.126679377687,24.5061885529311,0 79.126681702253,24.5061895633012,0 79.1266840812415,24.5061904613763,0 79.1266865081781,24.5061912447124,0 79.1266889764582,24.5061919111777,0 79.1266914793644,24.5061924589584,0 79.1266940100854,24.5061928865638,0 79.126696561734,24.5061931928302,0 79.1266991273659,24.506193376924,0 79.1267016999991,24.5061934383444,0 79.1267030999996,24.5061934383445,0 79.1267056252806,24.5061933791659,0 79.1267081439401,24.5061932017852,0 79.1267106493738,24.5061929066675,0 79.1267131350123,24.5061924945866,0 79.126715594338,24.5061919666231,0 79.1267180209023,24.5061913241613,0 79.1267204083424,24.5061905688858,0 79.1267227503983,24.5061897027771,0 79.1267250409288,24.5061887281061,0 79.126727273928,24.5061876474286,0 79.1267581711807,24.5061717551085,0 79.1267686679298,24.5061700940093,0 79.1267967855002,24.5061792339635,0 79.1267993289031,24.5061799903367,0 79.1268019133659,24.5061806194832,0 79.1268045312931,24.5061811195541,0 79.1268071749908,24.5061814890796,0 79.1268098366894,24.5061817269739,0 79.1268125085664,24.5061818325377,0 79.1268151827694,24.5061818054607,0 79.1268178514391,24.5061816458227,0 79.1268205067325,24.5061813540926,0 79.1268231408458,24.506180931128,0 79.1268257460378,24.5061803781719,0 79.1268283146519,24.5061796968492,0 79.1268308391391,24.5061788891625,0 79.1268693391508,24.5061654891587,0 79.1268716502768,24.5061646228754,0 79.1268739105243,24.506163650677,0 79.1268761141001,24.5061625750553,0 79.1268782553561,24.5061613987674,0 79.126880328804,24.5061601248281,0 79.1268823291295,24.5061587565026,0 79.1269192291345,24.5061321564955,0 79.1269211355965,24.5061307097624,0 79.1269229602962,24.5061291772988,0 79.1269246986337,24.5061275629677,0 79.1269263462273,24.5061258708384,0 79.1269278989238,24.5061241051765,0 79.1269293528091,24.5061222704327,0 79.1269404101898,24.5061075526725,0 79.1269780551045,24.5060771334338,0 79.1269805164583,24.5060750024529,0 79.1269825605522,24.5060731068126,0 79.1269832171172,24.5060730427295,0 79.1269857718286,24.5060726685646,0 79.1269883015875,24.5060721723625,0 79.126990799436,24.5060715554882,0 79.1269932585034,24.5060708196382,0 79.1269956720262,24.5060699668366,0 79.1269980333658,24.5060689994291,0 79.1270003360272,24.5060679200765,0 79.1270025736769,24.5060667317477,0 79.1270047401603,24.5060654377111,0 79.1270068295182,24.506064041526,0 79.1270088360039,24.5060625470328,0 79.1270107540985,24.506060958342,0 79.1270125785261,24.5060592798235,0 79.1270143042687,24.5060575160939,0 79.1270159265796,24.5060556720046,0 79.1270174409964,24.5060537526277,0 79.1270188433538,24.5060517632426,0 79.1270308205891,24.5060337523544,0 79.1270315666225,24.5060327518761,0 79.1270329128953,24.5060307254546,0 79.1270341409965,24.5060286371347,0 79.1270352475364,24.5060264926805,0 79.1270362294607,24.5060242980112,0 79.1270370840591,24.5060220591844,0 79.1270373075755,24.5060213571653,0 79.1270623470498,24.5060157399451,0 79.1270647836969,24.506015132419,0 79.1270671831711,24.5060144115884,0 79.1270695391837,24.5060135793425,0 79.12707184556,24.5060126378624,0 79.1270740962555,24.5060115896157,0 79.1270762853714,24.5060104373495,0 79.1270784071704,24.5060091840837,0 79.1270804560918,24.506007833103,0 79.1270824267657,24.5060063879481,0 79.1270843140271,24.5060048524063,0 79.1270861129301,24.5060032305022,0 79.1270896014686,24.5059999199502,0 79.1270993853396,24.5060088884994,0 79.1271012454498,24.5060105071014,0 79.1271031950584,24.5060120349796,0 79.1271052288866,24.5060134679972,0 79.1271073414278,24.5060148022743,0 79.127109526962,24.506016034198,0 79.1271117795715,24.5060171604329,0 79.1271140931574,24.5060181779295,0 79.1271164614553,24.506019083933,0 79.1271188780528,24.5060198759901,0 79.1271213364067,24.5060205519563,0 79.1271238298609,24.5060211100014,0 79.127126351664,24.5060215486145,0 79.127128894988,24.5060218666078,0 79.1271314529466,24.5060220631205,0 79.1271340186139,24.5060221376204,0 79.1271365850431,24.5060220899058,0 79.1271391452853,24.506021920106,0 79.1271416924084,24.5060216286806,0 79.1271442195158,24.5060212164188,0 79.1271467197652,24.5060206844367,0 79.1271491863869,24.5060200341748,0 79.1271516127022,24.5060192673937,0 79.1271539921416,24.5060183861695,0 79.1271563182627,24.5060173928883,0 79.1271585847671,24.5060162902395,0 79.1271607855182,24.5060150812085,0 79.1271629145571,24.506013769069,0 79.1271649661193,24.5060123573737,0 79.1271669346499,24.5060108499449,0 79.1271688148191,24.5060092508641,0 79.127170601536,24.506007564461,0 79.127172289963,24.5060057953017,0 79.1271738451178,24.5060039836036,0 79.1271748841052,24.5060049056777,0 79.1271768116153,24.5060064470267,0 79.1271788239137,24.5060078948129,0 79.1271809155819,24.5060092451381,0 79.1271830809878,24.5060104943661,0 79.1271853143004,24.5060116391332,0 79.1271876095063,24.5060126763569,0 79.1271899604252,24.5060136032443,0 79.1271923607267,24.5060144172995,0 79.1271948039477,24.5060151163306,0 79.1271972835093,24.5060156984553,0 79.1271997927349,24.5060161621061,0 79.1272023248678,24.5060165060346,0 79.1272048730899,24.5060167293147,0 79.1272074305396,24.506016831345,0 79.1272136305418,24.5060169313452,0 79.1272150409129,24.5060169356429,0 79.1272442321631,24.5060166427548,0 79.1272558234764,24.5060168312317,0 79.1272584403462,24.5060168102598,0 79.1272610523185,24.5060166623419,0 79.1272636520429,24.5060163878943,0 79.1272662322033,24.5060159876892,0 79.1272687855389,24.506015462853,0 79.1272713048641,24.5060148148626,0 79.1272737830895,24.5060140455414,0 79.1272754243966,24.5060134454636,0 79.1272755735227,24.5060135824344,0 79.127277488345,24.5060151661482,0 79.1272794910773,24.506016656054,0 79.1272815762367,24.506018048073,0 79.1272986762388,24.5060288480763,0 79.1273008936648,24.5060301696405,0 79.1273031853521,24.5060313805031,0 79.1273055447062,24.5060324771795,0 79.1273079649375,24.506033456514,0 79.1273104390816,24.5060343156883,0 79.1273129600188,24.5060350522301,0 79.1273155204947,24.5060356640199,0 79.1273181131413,24.5060361492972,0 79.1273207304977,24.5060365066654,0 79.1273233650322,24.5060367350963,0 79.1273260091635,24.5060368339325,0 79.1273286552828,24.5060368028895,0 79.1273312957756,24.5060366420567,0 79.1273339230433,24.506036351897,0 79.1273365295257,24.5060359332453,0 79.1273643052538,24.5060307656687,0 79.127364336209,24.5060308018965,0 79.1273660004657,24.5060326467149,0 79.1273677691972,24.5060344082706,0 79.127369637436,24.5060360816162,0 79.1273715999354,24.5060376620521,0 79.1273736511835,24.5060391451398,0 79.1273757854194,24.5060405267139,0 79.1273779966492,24.5060418028943,0 79.1273802786626,24.5060429700969,0 79.1273826250506,24.5060440250436,0 79.1273850292233,24.5060449647715,0 79.1273874844287,24.5060457866414,0 79.1273899837712,24.5060464883451,0 79.1273925202316,24.5060470679119,0 79.127395086686,24.506047523714,0 79.1273976759267,24.5060478544714,0 79.1274002806818,24.506048059255,0 79.1274028936358,24.5060481374898,0 79.1274055074502,24.5060480889561,0 79.1274081147842,24.5060479137901,0 79.127410708315,24.5060476124838,0 79.1274132807587,24.5060471858834,0 79.1274158248905,24.506046635187,0 79.1274183335654,24.5060459619413,0 79.1274207997377,24.5060451680371,0 79.1274232164811,24.506044255704,0 79.1274255770082,24.5060432275043,0 79.1274278746895,24.5060420863257,0 79.1274301030719,24.5060408353733,0 79.127432255897,24.5060394781603,0 79.1274343271187,24.5060380184985,0 79.1274363109199,24.5060364604873,0 79.1274382017291,24.5060348085024,0 79.1274399942359,24.5060330671834,0 79.1274416834062,24.5060312414207,0 79.1274423546738,24.5060304326004,0 79.1274560858101,24.5060319237634,0 79.1274586652472,24.5060321412186,0 79.127461253603,24.5060322344866,0 79.1274638437411,24.5060322033101,0 79.1274664285199,24.5060320477752,0 79.1274690008128,24.5060317683107,0 79.1274715535273,24.506031365687,0 79.1274740796252,24.5060308410144,0 79.1274765721415,24.5060301957395,0 79.1274790242039,24.5060294316413,0 79.1274814290516,24.5060285508267,0 79.1274837800538,24.5060275557243,0 79.1274860707286,24.5060264490777,0 79.12748829476,24.5060252339381,0 79.1274904460159,24.506023913656,0 79.127492518565,24.5060224918716,0 79.1274945066928,24.506020972505,0 79.1274964049177,24.5060193597455,0 79.1274982080058,24.5060176580397,0 79.1274999109858,24.5060158720795,0 79.1275015091622,24.5060140067892,0 79.1275029981285,24.5060120673118,0 79.1275043737794,24.5060100589948,0 79.1275056323219,24.5060079873754,0 79.127506770286,24.5060058581655,0 79.1275077845341,24.5060036772359,0 79.1275086722698,24.5060014505996,0 79.1275094310454,24.505999184396,0 79.1275100587687,24.5059968848735,0 79.1275105537092,24.5059945583722,0 79.1275109145021,24.5059922113067,0 79.1275111401526,24.5059898501485,0 79.1275112300386,24.5059874814076,0 79.1275111839124,24.505985111615,0 79.1275110019009,24.5059827473049,0 79.1275109324253,24.5059822323994,0 79.1275112775807,24.5059820438843,0 79.1275134088228,24.5059807377724,0 79.1275154629853,24.5059793320619,0 79.1275174345143,24.5059778305536,0 79.1275193180795,24.5059762373069,0 79.1275211085882,24.5059745566296,0 79.1275228011995,24.5059727930658,0 79.1275243913369,24.5059709513836,0 79.1275261913367,24.5059687513831,0 79.1275276288868,24.5059668989736,0 79.1275289627509,24.505964982727,0 79.1275301895497,24.5059630074978,0 79.1275313061755,24.5059609782898,0 79.1275323097994,24.5059589002437,0 79.127533197879,24.5059567786239,0 79.1275339681645,24.5059546188051,0 79.1275346187045,24.5059524262588,0 79.1275351478509,24.5059502065395,0 79.1275355542634,24.5059479652704,0 79.1275408542505,24.5059133652679,0 79.1275411471096,24.5059110019122,0 79.1275413035064,24.5059086277225,0 79.1275413230069,24.5059062492909,0 79.1275412055569,24.5059038732214,0 79.1275409514825,24.5059015061115,0 79.1275405614891,24.5058991545335,0 79.1275400366597,24.505896825017,0 79.1275393784515,24.5058945240302,0 79.127538588692,24.5058922579618,0 79.1275376695742,24.5058900331039,0 79.12753662365,24.5058878556341,0 79.1275354538237,24.5058857315983,0 79.1275341633432,24.5058836668941,0 79.1275327557919,24.5058816672544,0 79.1275312350779,24.5058797382314,0 79.1275296054237,24.5058778851813,0 79.1275193054224,24.5058667851838,0 79.1275187712537,24.5058662190993,0 79.127502171252,24.5058489191033,0 79.1275003196254,24.5058470935418,0 79.1274839196247,24.5058317935455,0 79.1274820133172,24.5058301081662,0 79.1274800108216,24.5058285189131,0 79.1274779268835,24.5058270367505,0 79.1274781886807,24.5058256791402,0 79.1274785033941,24.5058233379597,0 79.127478684013,24.5058209849328,0 79.1274787300442,24.5058186264853,0 79.127478641362,24.5058162690579,0 79.1274784182086,24.5058139190884,0 79.1274780611934,24.5058115829941,0 79.1274775712914,24.5058092671546,0 79.1274769498403,24.5058069778942,0 79.1274761985374,24.5058047214644,0 79.1274753194344,24.5058025040274,0 79.1274743149318,24.5058003316385,0 79.127473187773,24.5057982102304,0 79.127471941036,24.5057961455961,0 79.1274705781255,24.505794143374,0 79.1274691027634,24.5057922090319,0 79.1274675189787,24.5057903478522,0 79.1274658310965,24.5057885649174,0 79.1274640437262,24.5057868650965,0 79.1274621617489,24.5057852530315,0 79.1274601903039,24.5057837331247,0 79.127458134775,24.5057823095268,0 79.1274560007755,24.5057809861253,0 79.1274537941332,24.5057797665344,0 79.1274516094513,24.505778697431,0 79.127451712568,24.5057769575266,0 79.1274517165933,24.5057745824386,0 79.1274515840781,24.5057722104447,0 79.127451315389,24.5057698481122,0 79.1274509112702,24.5057675019817,0 79.1274503728404,24.5057651785486,0 79.1274497015904,24.5057628842458,0 79.1274488993786,24.5057606254254,0 79.1274479684261,24.5057584083414,0 79.1274469113104,24.505756239132,0 79.1274457309583,24.505754123803,0 79.1274444306378,24.5057520682111,0 79.127443013949,24.5057500780475,0 79.1274414848143,24.5057481588223,0 79.1274398474672,24.505746315849,0 79.1274381064411,24.5057445542304,0 79.1274362665563,24.5057428788436,0 79.1274343329067,24.5057412943273,0 79.127432310846,24.5057398050684,0 79.1274302059725,24.5057384151902,0 79.127428024114,24.5057371285408,0 79.1274257713112,24.5057359486823,0 79.1274234538014,24.5057348788816,0 79.1274210780009,24.5057339221004,0 79.1274186504875,24.5057330809878,0 79.1274161779821,24.5057323578725,0 79.1274136673304,24.5057317547566,0 79.1274111254833,24.5057312733098,0 79.1274085594784,24.5057309148652,0 79.12740597642,24.5057306804151,0 79.1274033834598,24.5057305706087,0 79.1274007877767,24.50573058575,0 79.1273981965574,24.505730725797,0 79.1273956169759,24.5057309903621,0 79.1273930561742,24.5057313787127,0 79.1273905212423,24.5057318897735,0 79.1273880191986,24.5057325221298,0 79.1273855569704,24.5057332740306,0 79.1273831413746,24.5057341433943,0 79.1273807790993,24.5057351278138,0 79.1273753964441,24.5057375293061,0 79.1273495512614,24.5057476195489,0 79.1273210439925,24.505755857039,0 79.1273186389888,24.5057566149153,0 79.1273162798758,24.5057574852121,0 79.1273139729254,24.5057584656156,0 79.127311724271,24.5057595535192,0 79.127309539891,24.5057607460307,0 79.1273074255927,24.5057620399796,0 79.127307322877,24.5057621101135,0 79.1273054697847,24.5057621978995,0 79.1273029193124,24.5057624408036,0 79.12730038608,24.5057628046424,0 79.1272978769321,24.5057632884328,0 79.1272953986482,24.5057638908676,0 79.1272947724316,24.5057640754574,0 79.1272947256901,24.505763900177,0 79.1272940572669,24.5057616480829,0 79.127293262529,24.5057594306082,0 79.1272923436008,24.50575725368,0 79.1272913029385,24.505755123117,0 79.1272901433236,24.5057530446141,0 79.1272888678557,24.505751023727,0 79.1272874799441,24.5057490658573,0 79.1272859832985,24.5057471762381,0 79.1272843819193,24.5057453599204,0 79.1272826800869,24.5057436217589,0 79.1272808823502,24.5057419663996,0 79.1272789935143,24.5057403982671,0 79.1272770186279,24.505738921553,0 79.1272749629697,24.5057375402043,0 79.1272728320344,24.5057362579133,0 79.1272706315177,24.5057350781075,0 79.1272683673015,24.5057340039403,0 79.1272660454377,24.5057330382829,0 79.1272636721326,24.5057321837164,0 79.1272612537298,24.505731442525,0 79.1272590575339,24.5057308831289,0 79.1272583080324,24.5057288932041,0 79.1272573521998,24.5057267265454,0 79.1272562751162,24.5057246080457,0 79.1272550796675,24.5057225433815,0 79.1272537690569,24.5057205380848,0 79.1272523467961,24.5057185975289,0 79.127250816696,24.5057167269132,0 79.1272491828564,24.5057149312502,0 79.1272474496552,24.5057132153511,0 79.1272456217363,24.5057115838135,0 79.1272449031311,24.5057110057018,0 79.1272465037592,24.5057083218185,0 79.1272476927468,24.5057061963192,0 79.1272487572334,24.5057040162646,0 79.1272496942401,24.5057017877552,0 79.1272505011452,24.5056995170267,0 79.1272511756906,24.5056972104332,0 79.1272517159888,24.5056948744291,0 79.127252120528,24.5056925155511,0 79.1272523881761,24.5056901403998,0 79.1272525181843,24.5056877556215,0 79.1272525101888,24.5056853678894,0 79.1272523642119,24.5056829838848,0 79.1272520806622,24.5056806102788,0 79.127251660333,24.5056782537133,0 79.1272511044005,24.5056759207824,0 79.1272504144205,24.5056736180144,0 79.1272495923235,24.5056713518528,0 79.1272486404101,24.5056691286389,0 79.127247561344,24.5056669545937,0 79.1272463581445,24.5056648358008,0 79.1272450341786,24.5056627781891,0 79.1272435931511,24.5056607875161,0 79.1272418737918,24.5056585436078,0 79.1272419040696,24.5056584458549,0 79.1272424853419,24.5056560988155,0 79.1272429290798,24.5056537267657,0 79.1272432340219,24.5056513364479,0 79.1272433993016,24.5056489346567,0 79.127243424449,24.505646528219,0 79.1272433093927,24.5056441239751,0 79.1272430544596,24.5056417287589,0 79.1272426603745,24.505639349379,0 79.1272421282575,24.5056369925986,0 79.1272414596211,24.5056346651167,0 79.1272406563661,24.5056323735493,0 79.1272397207755,24.5056301244101,0 79.1272386555088,24.5056279240921,0 79.1272382683477,24.5056272272685,0 79.127238647166,24.5056264931647,0 79.1272396294703,24.5056242976483,0 79.1272404843503,24.5056220579413,0 79.1272412094444,24.5056197802305,0 79.1272418027499,24.5056174708077,0 79.1272422626277,24.5056151360522,0 79.1272425878076,24.5056127824134,0 79.1272427773914,24.5056104163927,0 79.1272428308553,24.5056080445259,0 79.1272427480516,24.5056056733648,0 79.1272425292091,24.5056033094593,0 79.1272421749323,24.5056009593394,0 79.1272416861999,24.5055986294967,0 79.1272410643619,24.505596326367,0 79.127240311136,24.5055940563123,0 79.1272394286029,24.5055918256033,0 79.1272384192004,24.5055896404018,0 79.1272372857168,24.5055875067441,0 79.1272360312831,24.5055854305239,0 79.1272346593646,24.5055834174766,0 79.1272331737508,24.5055814731627,0 79.1272315785456,24.5055796029531,0 79.1272298781554,24.5055778120139,0 79.1272280772772,24.5055761052922,0 79.1272261808856,24.5055744875025,0 79.1272241942191,24.5055729631137,0 79.1272221227654,24.5055715363367,0 79.1272199722467,24.5055702111125,0 79.1272177486032,24.505568991102,0 79.1272154579774,24.5055678796752,0 79.1272131066967,24.5055668799021,0 79.1272107012561,24.5055659945445,0 79.1272091374896,24.5055655046258,0 79.1272091258442,24.5055648088339,0 79.1272090186735,24.5055624471899,0 79.1272087765395,24.505560093917,0 79.1272084001063,24.5055577554682,0 79.1272078904061,24.5055554382559,0 79.1272072488366,24.505553148634,0 79.127206477157,24.505550892881,0 79.1272055774834,24.5055486771824,0 79.1272045522827,24.5055465076139,0 79.1272034043662,24.5055443901246,0 79.1272021368816,24.5055423305211,0 79.1272007533046,24.5055403344509,0 79.127199257429,24.5055384073876,0 79.1271976533567,24.5055365546152,0 79.1271959454863,24.5055347812144,0 79.1271941385009,24.5055330920481,0 79.1271922373555,24.5055314917479,0 79.1271902472632,24.5055299847023,0 79.1271881736812,24.5055285750437,0 79.1271860222953,24.5055272666374,0 79.127183799005,24.5055260630714,0 79.1271815099068,24.5055249676459,0 79.1271791612776,24.5055239833647,0 79.1271767595576,24.5055231129268,0 79.1271743113327,24.5055223587191,0 79.127171823316,24.5055217228096,0 79.1271693023301,24.5055212069422,0 79.1271682280003,24.5055210405816,0 79.1271683447242,24.5055207981549,0 79.1271693305594,24.5055185949214,0 79.127170188067,24.5055163471926,0 79.1271709148614,24.5055140612214,0 79.1271715089209,24.505511743367,0 79.1271719685929,24.5055094000773,0 79.1271722925987,24.5055070378709,0 79.1271724800369,24.5055046633191,0 79.1271725303861,24.5055022830275,0 79.1271724435063,24.5054999036176,0 79.1271722196391,24.5054975317087,0 79.1271718594074,24.505495173899,0 79.1271713638132,24.5054928367475,0 79.1271707342353,24.5054905267558,0 79.1271703126011,24.5054892668483,0 79.1271714536677,24.5054876474506,0 79.127172749484,24.5054855755264,0 79.1271739237746,24.5054834438161,0 79.1271749732552,24.5054812582821,0 79.1271758949904,24.5054790250371,0 79.1271766864022,24.5054767503273,0 79.127177345277,24.5054744405151,0 79.1271778697721,24.5054721020608,0 79.1271782584204,24.5054697415049,0 79.1271785101349,24.5054673654498,0 79.1271786242117,24.5054649805411,0 79.1271786003316,24.5054625934494,0 79.1271784385614,24.5054602108511,0 79.1271783668073,24.505459642147,0 79.1271789653824,24.5054592955205,0 79.1271810757288,24.5054579266106,0 79.1271831047492,24.5054564583615,0 79.1271850468643,24.5054548948104,0 79.1271868967339,24.5054532402568,0 79.1271886492711,24.5054514992504,0 79.1271902996569,24.5054496765783,0 79.1271918433533,24.5054477772525,0 79.1271932761154,24.5054458064958,0 79.1271945940035,24.5054437697272,0 79.1271957933937,24.5054416725472,0 79.127196870988,24.5054395207227,0 79.1271978238233,24.5054373201706,0 79.1271986492795,24.5054350769419,0 79.1271993450869,24.5054327972049,0 79.127199909332,24.5054304872284,0 79.1272003404636,24.5054281533642,0 79.1272006372959,24.5054258020297,0 79.1272007990129,24.5054234396908,0 79.1272008251699,24.5054210728431,0 79.1272007156948,24.5054187079949,0 79.1272004708888,24.505416351649,0 79.127200091425,24.5054140102847,0 79.1271995783469,24.5054116903403,0 79.1271989330653,24.5054093981949,0 79.1271981573546,24.5054071401514,0 79.1271972533478,24.5054049224189,0 79.1271962235306,24.5054027510955,0 79.127195070735,24.505400632152,0 79.1271937981306,24.5053985714147,0 79.127192409217,24.5053965745503,0 79.1271909078133,24.5053946470497,0 79.1271892980479,24.5053927942129,0 79.1271875843473,24.5053910211348,0 79.1271857714239,24.505389332691,0 79.1271838642625,24.5053877335242,0 79.1271818681076,24.5053862280317,0 79.1271797884479,24.5053848203533,0 79.1271776310022,24.5053835143597,0 79.1271768169291,24.5053830491752,0 79.1271767233016,24.5053821355039,0 79.1271778772847,24.5053807022037,0 79.1271793112789,24.5053787084023,0 79.1271806280873,24.5053766480314,0 79.1271818240279,24.5053745268521,0 79.1271828957569,24.5053723507953,0 79.1271838402776,24.5053701259452,0 79.1271846549492,24.5053678585228,0 79.1271853374937,24.5053655548677,0 79.1271858860028,24.5053632214212,0 79.1271862989429,24.5053608647076,0 79.1271865751592,24.5053584913164,0 79.1271867138796,24.5053561078838,0 79.1271867147162,24.5053537210739,0 79.1271865776666,24.5053513375603,0 79.127186303114,24.5053489640075,0 79.1271858918261,24.5053466070521,0 79.1271853449529,24.5053442732841,0 79.1271846640235,24.5053419692289,0 79.1271838509418,24.5053397013287,0 79.1271829079812,24.5053374759248,0 79.1271818377783,24.5053352992393,0 79.1271806433254,24.5053331773585,0 79.127179743325,24.5053316773587,0 79.1271784478184,24.5053296455471,0 79.1271770383891,24.5053276782483,0 79.127175518865,24.5053257808051,0 79.1271738933727,24.5053239583706,0 79.1271721663269,24.5053222158944,0 79.1271703424178,24.5053205581085,0 79.1271684265989,24.5053189895152,0 79.1271664240731,24.5053175143746,0 79.1271643402791,24.5053161366929,0 79.127162180876,24.5053148602116,0 79.1271599517283,24.5053136883973,0 79.12715765889,24.5053126244326,0 79.127155308588,24.5053116712069,0 79.1271529072054,24.5053108313091,0 79.1271515061857,24.505310416441,0 79.1271522059725,24.5053098044016,0 79.1271539724059,24.5053080893115,0 79.1271556386017,24.5053062922013,0 79.1271572000182,24.5053044179698,0 79.127158652399,24.5053024717259,0 79.1271599917852,24.5053004587748,0 79.1271612145258,24.5052983846037,0 79.1271623172877,24.5052962548664,0 79.1271632970649,24.5052940753684,0 79.1271641511866,24.5052918520508,0 79.1271648773247,24.505289590974,0 79.1271654734997,24.5052872983016,0 79.1271659380866,24.5052849802831,0 79.1271662698189,24.5052826432371,0 79.1271664677924,24.5052802935342,0 79.1271665314674,24.5052779375795,0 79.1271664606704,24.5052755817949,0 79.1271662555944,24.505273232602,0 79.1271659167984,24.5052708964046,0 79.1271654452059,24.5052685795708,0 79.1271648421025,24.5052662884161,0 79.1271641091321,24.5052640291858,0 79.1271632482927,24.5052618080384,0 79.1271622619309,24.5052596310285,0 79.1271492619227,24.5052329310318,0 79.1271481393117,24.5052307800245,0 79.1271468941661,24.5052286862418,0 79.1271455299581,24.5052266555226,0 79.1271440504923,24.5052246935302,0 79.1271424598943,24.505222805736,0 79.1271407626001,24.5052209974046,0 79.1271389633428,24.5052192735787,0 79.1271370671401,24.5052176390659,0 79.12713507928,24.5052160984241,0 79.1271045792821,24.5051936984304,0 79.1271025572146,24.5051922901634,0 79.1271004585745,24.5051909790406,0 79.1270982889306,24.5051897685411,0 79.1270960540399,24.5051886618769,0 79.1270937598328,24.5051876619847,0 79.127091412397,24.5051867715175,0 79.1270913011683,24.5051867353456,0 79.1270933977061,24.505179131473,0 79.1270948507265,24.5051743183371,0 79.1270954649361,24.5051720580854,0 79.1270959509109,24.5051697718537,0 79.127096307357,24.5051674657288,0 79.1270965333254,24.5051651458507,0 79.1270966282145,24.5051628183958,0 79.1270965917716,24.5051604895607,0 79.1270964240938,24.5051581655458,0 79.1270961256274,24.5051558525385,0 79.1270956971673,24.505153556697,0 79.1270951398541,24.5051512841338,0 79.1270944551716,24.5051490408994,0 79.1270936449427,24.5051468329662,0 79.1270927113246,24.5051446662125,0 79.1270917863694,24.5051428068624,0 79.1270919021004,24.5051419476117,0 79.1270920833712,24.5051395925422,0 79.1270921298186,24.5051372320218,0 79.1270920413156,24.505134872508,0 79.1270918181043,24.5051325204558,0 79.1270914607953,24.5051301822996,0 79.1270909703662,24.5051278644359,0 79.1270903481584,24.5051255732055,0 79.1270895958744,24.5051233148766,0 79.127088715572,24.5051210956271,0 79.1270877096595,24.5051189215283,0 79.1270865808887,24.5051167985278,0 79.1270853323477,24.5051147324334,0 79.1270839674519,24.5051127288973,0 79.1270824899354,24.5051107934005,0 79.1270809038401,24.5051089312379,0 79.1270792135051,24.5051071475037,0 79.1270774235546,24.5051054470777,0 79.1270755388853,24.5051038346117,0 79.1270739603174,24.5051026191656,0 79.1270746890791,24.5051003501642,0 79.1270753023443,24.5050979717029,0 79.1270757740323,24.5050955663588,0 79.1270761027605,24.5050931411822,0 79.1270762875655,24.5050907032812,0 79.1270763279056,24.5050882598017,0 79.1270762236626,24.5050858179055,0 79.1270759751419,24.5050833847501,0 79.1270755830721,24.5050809674671,0 79.1270750486024,24.5050785731418,0 79.1270743732992,24.505076208792,0 79.1270683732924,24.5050573087935,0 79.1270675817137,24.5050550404751,0 79.1270666605074,24.5050528135077,0 79.1270656122372,24.5050506340886,0 79.1270644398202,24.5050485082828,0 79.1270631465189,24.5050464420057,0 79.1270617359323,24.5050444410076,0 79.127060211986,24.5050425108567,0 79.1270585789206,24.5050406569243,0 79.1270568412807,24.5050388843695,0 79.1270550039018,24.505037198125,0 79.127053071897,24.5050356028832,0 79.1270510506425,24.5050341030834,0 79.1270489457633,24.5050327028992,0 79.1270467631167,24.5050314062271,0 79.1270445087765,24.5050302166753,0 79.1270421890163,24.5050291375543,0 79.1270398102913,24.5050281718669,0 79.1270373792211,24.5050273223004,0 79.1270349025709,24.5050265912192,0 79.1270323872326,24.5050259806575,0 79.127029840206,24.5050254923145,0 79.1270206763922,24.5050239650129,0 79.1270156880816,24.5050190888001,0 79.1270159951692,24.5050185052855,0 79.1270169981122,24.505016310705,0 79.1270178733119,24.5050140708275,0 79.1270186183376,24.5050117918733,0 79.1270192311204,24.5050094801713,0 79.1270197099585,24.5050071421416,0 79.1270200535221,24.5050047842772,0 79.127020260857,24.5050024131262,0 79.1270206646634,24.5049955116622,0 79.1270227409593,24.5049925455236,0 79.1270240815488,24.5049905147986,0 79.1270253036783,24.5049884224291,0 79.1270264039716,24.5049862741953,0 79.1270273793894,24.5049840760318,0 79.1270282272369,24.5049818340108,0 79.1270289451721,24.504979554326,0 79.1270295312116,24.504977243275,0 79.1270299837365,24.5049749072421,0 79.1270303014968,24.5049725526804,0 79.1270304836145,24.5049701860946,0 79.1270305295867,24.5049678140222,0 79.1270304392864,24.5049654430161,0 79.127030212963,24.5049630796262,0 79.1270298512417,24.5049607303812,0 79.1270293551217,24.5049584017711,0 79.1270287259738,24.5049561002285,0 79.1270279655357,24.5049538321114,0 79.1270270759083,24.5049516036855,0 79.1270260595492,24.5049494211068,0 79.1270173595439,24.504932021109,0 79.1270161328223,24.5049297397844,0 79.1270147676656,24.5049275252782,0 79.1270132684051,24.5049253846164,0 79.1270116397976,24.5049233245907,0 79.1270098870102,24.504921351737,0 79.127008015604,24.5049194723147,0 79.1270021156037,24.5049138723161,0 79.1269999215753,24.5049119152993,0 79.1269975989993,24.504910086688,0 79.1269862719522,24.5049017145252,0 79.12698633989,24.5049011731083,0 79.1269864998008,24.5048988143801,0 79.1269865245736,24.5048964512267,0 79.1269864141405,24.5048940901258,0 79.1269861688042,24.5048917375495,0 79.1269857892373,24.5048893999466,0 79.1269852764802,24.5048870837249,0 79.1269846319383,24.5048847952334,0 79.1269838573786,24.5048825407451,0 79.1269829549243,24.5048803264401,0 79.126981927049,24.504878158388,0 79.1269807765704,24.5048760425317,0 79.126979506642,24.5048739846712,0 79.1269781207451,24.5048719904473,0 79.1269766226784,24.5048700653265,0 79.1269750165484,24.5048682145858,0 79.1269733067578,24.5048664432984,0 79.1269714979933,24.5048647563196,0 79.1269699780155,24.5048634797695,0 79.1269932354409,24.5048082221124,0 79.1269940933284,24.5048060146604,0 79.1269948248835,24.5048037694524,0 79.1269954281353,24.5048014925371,0 79.1269959014588,24.5047991900486,0 79.1269962435788,24.5047968681898,0 79.1269964535735,24.504794533216,0 79.1269965308772,24.5047921914176,0 79.1269964752818,24.5047898491036,0 79.1269962869369,24.5047875125842,0 79.1269959663501,24.504785188154,0 79.1269955143849,24.5047828820753,0 79.126994932259,24.5047806005605,0 79.1269942215407,24.5047783497564,0 79.1269933841446,24.5047761357264,0 79.1269924223269,24.5047739644355,0 79.1269913386785,24.504771841733,0 79.126990136119,24.5047697733377,0 79.1269888178881,24.5047677648218,0 79.1269873875371,24.5047658215963,0 79.1269858489195,24.5047639488965,0 79.1269842061803,24.5047621517673,0 79.1269824637452,24.5047604350504,0 79.1269806263084,24.5047588033707,0 79.1269786988199,24.5047572611238,0 79.1269766864725,24.5047558124648,0 79.1269745946875,24.5047544612962,0 79.1269724291003,24.5047532112583,0 79.1269701955451,24.5047520657187,0 79.126967900039,24.5047510277635,0 79.1269655487664,24.504750100189,0 79.1269631480616,24.504749285494,0 79.1269607043921,24.5047485858735,0 79.1269582243414,24.5047480032122,0 79.1269557145907,24.5047475390798,0 79.1269531819014,24.5047471947267,0 79.1269506330967,24.5047469710806,0 79.1269480750431,24.5047468687441,0 79.1269455146321,24.5047468879928,0 79.1269429587615,24.5047470287748,0 79.1269404143171,24.5047472907109,0 79.1269378881534,24.5047476730955,0 79.1269353870762,24.5047481748983,0 79.1269329178234,24.5047487947675,0 79.1269304870473,24.5047495310332,0 79.1269281012965,24.5047503817117,0 79.1269257669982,24.5047513445115,0 79.1269234904412,24.5047524168385,0 79.1269212777585,24.5047535958041,0 79.1269191349113,24.5047548782319,0 79.1269170676723,24.5047562606671,0 79.1269092206158,24.5047617997659,0 79.1268834677482,24.5047626290179,0 79.1268836448609,24.5047621694121,0 79.1268843863769,24.5047598590416,0 79.1268849921887,24.5047575157768,0 79.1268854605724,24.5047551462861,0 79.1268857901949,24.5047527573125,0 79.1268859801184,24.5047503556544,0 79.1268860298023,24.5047479481465,0 79.1268859391052,24.5047455416399,0 79.1268857082853,24.504743142983,0 79.1268853379994,24.5047407590017,0 79.1268798379881,24.5047110590028,0 79.1268793436931,24.5047087552673,0 79.1268787191601,24.5047064781638,0 79.1268779660785,24.5047042338522,0 79.1268770864856,24.5047020284038,0 79.1268760827609,24.5046998677849,0 79.1268749576196,24.5046977578402,0 79.1268737141056,24.5046957042777,0 79.1268723555826,24.5046937126525,0 79.1268708857259,24.5046917883525,0 79.1268693085115,24.5046899365832,0 79.1268676282064,24.5046881623541,0 79.1268658493559,24.5046864704647,0 79.1268639767722,24.5046848654919,0 79.126862015521,24.5046833517776,0 79.1268599709079,24.5046819334165,0 79.126857848464,24.5046806142457,0 79.1268556539309,24.5046793978337,0 79.1268533932452,24.5046782874711,0 79.1268510725225,24.5046772861618,0 79.1268486980408,24.5046763966144,0 79.1268462762235,24.5046756212354,0 79.1268455779603,24.5046754343458,0 79.1268455012807,24.5046739253118,0 79.12684524691,24.5046715763044,0 79.1268448586809,24.5046692426766,0 79.1268443376551,24.5046669308102,0 79.1268436852577,24.5046646470277,0 79.1268429032726,24.5046623975747,0 79.1268419938385,24.5046601886028,0 79.1268409594424,24.5046580261532,0 79.1268398029133,24.5046559161396,0 79.1268385274139,24.5046538643324,0 79.1268371364324,24.5046518763427,0 79.1268356337729,24.5046499576074,0 79.1268340235447,24.5046481133737,0 79.1268323101516,24.5046463486851,0 79.1268304982791,24.5046446683677,0 79.1268285928824,24.5046430770166,0 79.1268265991723,24.504641578984,0 79.1268245226011,24.5046401783665,0 79.1268223688477,24.5046388789945,0 79.1268201438022,24.5046376844215,0 79.1268184158498,24.5046368646724,0 79.126813423842,24.5046328811518,0 79.1268121283541,24.5046318826836,0 79.1267773283564,24.5046059826909,0 79.1267752798598,24.5046045380558,0 79.1267731514331,24.5046031936418,0 79.1267709489263,24.5046019531441,0 79.1267686783936,24.5046008199725,0 79.1267663460758,24.5045997972416,0 79.1267639583835,24.5045988877626,0 79.1267615218797,24.5045980940353,0 79.1267590432615,24.5045974182413,0 79.1267565293417,24.5045968622382,0 79.1267539870303,24.5045964275543,0 79.1267523144721,24.5045962238957,0 79.1267431501965,24.5045813053139,0 79.1267442328452,24.5045808403081,0 79.1267465279022,24.5045797157344,0 79.1267487549242,24.5045784819398,0 79.1267509077087,24.5045771423605,0 79.1267529802599,24.5045757007273,0 79.1267549668054,24.5045741610555,0 79.1267568618125,24.5045725276333,0 79.1267586600033,24.5045708050098,0 79.1267603563697,24.5045689979829,0 79.126761946187,24.5045671115854,0 79.1267634250273,24.5045651510712,0 79.126764788772,24.5045631219004,0 79.1267660336227,24.5045610297247,0 79.1267671561125,24.5045588803711,0 79.1267681531151,24.5045566798257,0 79.1267690218537,24.5045544342174,0 79.1267697599087,24.5045521498005,0 79.1267703652246,24.5045498329373,0 79.1267708361155,24.5045474900807,0 79.1267711712698,24.5045451277559,0 79.1267713697543,24.5045427525422,0 79.1267714310159,24.5045403710549,0 79.1267713548843,24.5045379899267,0 79.1267711415713,24.5045356157894,0 79.1267707916712,24.5045332552553,0 79.1267703061583,24.5045309148988,0 79.1267696863851,24.5045286012381,0 79.1267689340775,24.504526320717,0 79.126768051331,24.5045240796871,0 79.126767040604,24.5045218843899,0 79.1267659047116,24.5045197409397,0 79.1267646468174,24.5045176553061,0 79.1267632704248,24.5045156332981,0 79.1267617793672,24.5045136805471,0 79.1267601777975,24.5045118024918,0 79.1267584701762,24.5045100043627,0 79.1267573244244,24.5045089192406,0 79.1267573309645,24.5045086591977,0 79.1267572555883,24.5045063017291,0 79.1267570457414,24.504503951081,0 79.1267567019969,24.5045016136707,0 79.126756225293,24.5044992958795,0 79.1267556169314,24.5044970040352,0 79.1267548785727,24.5044947443945,0 79.1267546256523,24.5044940959145,0 79.1267614469897,24.5044874152214,0 79.1267631388997,24.5044856698812,0 79.1267647299947,24.5044838468845,0 79.1267662160245,24.504481951101,0 79.1267675930193,24.5044799875953,0 79.1267688573006,24.5044779616124,0 79.1267700054911,24.5044758785647,0 79.1267710345234,24.5044737440167,0 79.1267719416488,24.5044715636706,0 79.1267727244438,24.5044693433509,0 79.1267733808174,24.504467088989,0 79.1267739090162,24.504464806607,0 79.1267743076291,24.5044625023021,0 79.126775907625,24.5044514023013,0 79.1267761738096,24.5044491026012,0 79.126776310923,24.5044467934449,0 79.1267763186054,24.5044444808936,0 79.1267761968367,24.5044421710173,0 79.1267759459363,24.504439869879,0 79.1267755665629,24.5044375835185,0 79.1267750597123,24.5044353179372,0 79.1267744267149,24.5044330790818,0 79.1267736692322,24.5044308728287,0 79.1267727892523,24.5044287049689,0 79.1267681892489,24.5044182049701,0 79.1267671701092,24.5044160436332,0 79.1267660292157,24.5044139338487,0 79.1267647696711,24.5044118813544,0 79.1267633949009,24.504409891732,0 79.1267619086438,24.5044079703924,0 79.1267603149417,24.5044061225606,0 79.1267586181287,24.5044043532621,0 79.1267568228193,24.5044026673083,0 79.1267549338961,24.5044010692844,0 79.1267529564958,24.5043995635362,0 79.1267508959963,24.5043981541586,0 79.126748758001,24.5043968449845,0 79.1267465483243,24.5043956395742,0 79.1267442729756,24.5043945412058,0 79.1267419381426,24.5043935528664,0 79.126739550175,24.5043926772439,0 79.126737115567,24.5043919167195,0 79.1267346409396,24.5043912733615,0 79.1267321330225,24.5043907489195,0 79.1267295986363,24.5043903448197,0 79.1267270446731,24.5043900621611,0 79.1267244780786,24.5043899017124,0 79.1267219058327,24.50438986391,0 79.126720229887,24.5043899192859,0 79.1267198803809,24.5043888495566,0 79.1267190175647,24.5043866358444,0 79.1267180299899,24.504384466226,0 79.126716920334,24.5043823465836,0 79.1267156916053,24.5043802826638,0 79.1267143471351,24.5043782800621,0 79.1267128905685,24.5043763442076,0 79.1267113258542,24.5043744803488,0 79.1267096572344,24.5043726935388,0 79.126707889233,24.5043709886218,0 79.1267060266432,24.5043693702199,0 79.1267040745146,24.5043678427209,0 79.1267030505697,24.5043671224435,0 79.1267027809761,24.5043623147247,0 79.1267046574161,24.504347850456,0 79.1267069250351,24.5043317798954,0 79.1267071888222,24.5043294261397,0 79.1267073174517,24.5043270629699,0 79.12670731057,24.5043246968794,0 79.1267071681961,24.5043223343696,0 79.1267068907212,24.5043199819319,0 79.1267064789077,24.5043176460303,0 79.1267059338872,24.5043153330832,0 79.1267052571573,24.5043130494459,0 79.1267044505774,24.5043108013933,0 79.1267035163639,24.5043085951024,0 79.1267024570836,24.5043064366355,0 79.1267012756473,24.5043043319235,0 79.1266999753011,24.5043022867495,0 79.1266985596181,24.5043003067333,0 79.1266970324883,24.5042983973152,0 79.1266961318389,24.5042973868978,0 79.1266963362677,24.5042973314699,0 79.1266987464467,24.5042965515977,0 79.1267011092355,24.5042956585261,0 79.1267034182889,24.5042946546534,0 79.1267056674058,24.5042935426755,0 79.1267078505461,24.5042923255788,0 79.1267099618469,24.5042910066317,0 79.1267119956383,24.5042895893764,0 79.1267139464584,24.5042880776188,0 79.1267158090683,24.5042864754191,0 79.1267175784658,24.5042847870797,0 79.1267192498992,24.5042830171349,0 79.1267208188799,24.5042811703379,0 79.1267222811942,24.5042792516484,0 79.126723632915,24.5042772662189,0 79.1267248704124,24.5042752193816,0 79.1267259903629,24.5042731166332,0 79.1267269897589,24.5042709636206,0 79.1267278659165,24.504268766126,0 79.1267286164828,24.5042665300507,0 79.126729239442,24.5042642613998,0 79.1267297331213,24.5042619662658,0 79.1267300961948,24.5042596508124,0 79.1267303276875,24.5042573212579,0 79.1267304269777,24.5042549838582,0 79.1267303937988,24.5042526448905,0 79.1267302282399,24.5042503106363,0 79.1267299307455,24.5042479873642,0 79.1267295021148,24.5042456813134,0 79.1267289434987,24.504243398677,0 79.1267282563974,24.504241145585,0 79.1267235563925,24.5042271455862,0 79.1267227467662,24.5042249384118,0 79.1267218138404,24.5042227723711,0 79.1267207600971,24.5042206532263,0 79.1267195883396,24.5042185866152,0 79.1267183016853,24.5042165780358,0 79.1267169035571,24.5042146328317,0 79.1267153976745,24.5042127561776,0 79.1267137880438,24.5042109530664,0 79.1267120789472,24.5042092282949,0 79.1267102749315,24.5042075864516,0 79.1267054054082,24.5042033776192,0 79.1267056029868,24.5041980231814,0 79.1267056229312,24.5041956795369,0 79.1267055099015,24.5041933381043,0 79.1267052642024,24.5041910051962,0 79.1267048864962,24.5041886871021,0 79.1267043778014,24.5041863900714,0 79.1267037394892,24.5041841202971,0 79.1267029732808,24.5041818838983,0 79.1267020812416,24.5041796869044,0 79.1267010657766,24.5041775352385,0 79.1266999296236,24.5041754347014,0 79.1266986758457,24.5041733909562,0 79.1266973078229,24.5041714095127,0 79.1266958292434,24.504169495713,0 79.1266942440936,24.5041676547166,0 79.1266925566469,24.5041658914867,0 79.1266907714527,24.5041642107772,0 79.1266888933239,24.504162617119,0 79.1266869273238,24.5041611148088,0 79.1266848787529,24.5041597078967,0 79.126682753134,24.5041584001757,0 79.1266805561978,24.5041571951715,0 79.1266782938671,24.5041560961327,0 79.126676694813,24.5041554141796,0 79.1266766939318,24.5041553489458,0 79.1266765238544,24.5041529671525,0 79.1266762164174,24.5041505969155,0 79.1266757724803,24.5041482448624,0 79.1266751932846,24.50414591757,0 79.1266744804499,24.5041436215458,0 79.1266736359693,24.5041413632099,0 79.1266726622041,24.5041391488771,0 79.1266715618772,24.5041369847391,0 79.1266703380654,24.5041348768472,0 79.1266689941906,24.5041328310955,0 79.1266675340107,24.5041308532043,0 79.1266659616084,24.5041289487041,0 79.1266642813806,24.5041271229203,0 79.1266624980255,24.5041253809581,0 79.1266606165298,24.5041237276884,0 79.1266548031173,24.5041188831806,0 79.1266548108766,24.5041188698911,0 79.1266559728801,24.5041167472253,0 79.1266570113062,24.504114571593,0 79.1266579232823,24.5041123490128,0 79.1266587062858,24.5041100856328,0 79.1266593581506,24.5041077877141,0 79.1266598770736,24.5041054616135,0 79.1266602616191,24.5041031137656,0 79.1266605107235,24.5041007506651,0 79.1266606236977,24.5040983788491,0 79.1266606002292,24.5040960048785,0 79.1266604403828,24.5040936353206,0 79.1266601446009,24.50409127673,0 79.1266597137016,24.5040889356313,0 79.1266594425273,24.504087823169,0 79.1266597134875,24.5040876392556,0 79.126661697529,24.5040861397099,0 79.1266635934102,24.5040845475352,0 79.1266653959719,24.5040828670641,0 79.1266671003091,24.5040811028695,0 79.1266687017839,24.5040792597522,0 79.1266701960383,24.5040773427277,0 79.1266715790062,24.5040753570126,0 79.1266728469243,24.5040733080105,0 79.1266739963422,24.504071201297,0 79.1266750241323,24.504069042605,0 79.1266759274976,24.5040668378087,0 79.1266762342435,24.5040659509706,0 79.1266770915845,24.5040654620357,0 79.1266792306957,24.5040640932513,0 79.1266812876851,24.504062622851,0 79.1266832567936,24.5040610549518,0 79.1266851325079,24.5040593939436,0 79.1266869095762,24.504057644477,0 79.1266885830231,24.5040558114502,0 79.126690148163,24.5040538999954,0 79.126691600614,24.5040519154645,0 79.1266929363092,24.5040498634138,0 79.1266941515091,24.5040477495887,0 79.1266948515088,24.5040464495885,0 79.1266959347766,24.5040442970519,0 79.126696893088,24.5040420954613,0 79.1266977238014,24.5040398508848,0 79.1266984246272,24.5040375695092,0 79.1266989936337,24.5040352576226,0 79.1266994292526,24.5040329215974,0 79.1266997302831,24.5040305678724,0 79.1266998958955,24.5040282029351,0 79.1266999256335,24.5040258333039,0 79.1266998194149,24.5040234655105,0 79.1266995775327,24.504021106081,0 79.1266992006534,24.5040187615188,0 79.1266986898159,24.5040164382863,0 79.1266980464283,24.5040141427869,0 79.1266972722638,24.5040118813478,0 79.1266963694565,24.5040096602022,0 79.1266953404946,24.5040074854722,0 79.1266941882142,24.5040053631521,0 79.1266929157916,24.5040032990916,0 79.1266915267338,24.5040012989798,0 79.1266900248694,24.5039993683298,0 79.1266884143382,24.5039975124629,0 79.1266866995792,24.5039957364946,0 79.1266848853189,24.5039940453198,0 79.1266829765578,24.5039924436,0 79.1266809785571,24.50399093575,0 79.1266788968239,24.5039895259259,0 79.1266767370961,24.5039882180136,0 79.1266745053266,24.5039870156181,0 79.1266722076668,24.5039859220537,0 79.1266698504497,24.5039849403343,0 79.1266674401726,24.5039840731661,0 79.1266649834788,24.5039833229391,0 79.1266624871399,24.5039826917212,0 79.1266599580364,24.5039821812522,0 79.1266574031393,24.5039817929392,0 79.1266548294908,24.5039815278525,0 79.1266540424797,24.5039814658832,0 79.1266474563493,24.5039776755755,0 79.1266438375669,24.5039594369454,0 79.1266433313024,24.5039572070344,0 79.1266427027576,24.5039550033277,0 79.1266419535325,24.5039528314356,0 79.1266410855347,24.5039506968875,0 79.1266401009739,24.5039486051176,0 79.1266390023567,24.5039465614512,0 79.12663779248,24.5039445710911,0 79.1266364744239,24.5039426391046,0 79.1266350515441,24.5039407704102,0 79.1266335274629,24.5039389697652,0 79.1266319060605,24.5039372417538,0 79.1266301914647,24.5039355907754,0 79.1266289839998,24.5039344853504,0 79.1266289363469,24.5039337943049,0 79.1266286445173,24.5039314765934,0 79.1266282221999,24.5039291757749,0 79.126627670523,24.5039268979959,0 79.1266269909604,24.5039246493416,0 79.1266261853274,24.5039224358192,0 79.1266252557764,24.5039202633421,0 79.1266242047907,24.5039181377141,0 79.1266230351779,24.5039160646138,0 79.1266217500628,24.5039140495794,0 79.1266203528783,24.5039120979941,0 79.1266188473572,24.5039102150715,0 79.1266172375215,24.5039084058419,0 79.1266155276717,24.5039066751386,0 79.1266137223757,24.5039050275851,0 79.1266118264565,24.5039034675829,0 79.1266098449788,24.5039019992995,0 79.1266077832363,24.5039006266574,0 79.1266056467368,24.5038993533236,0 79.126603441188,24.5038981826998,0 79.126601172482,24.5038971179133,0 79.1265988466796,24.5038961618087,0 79.1265964699942,24.5038953169403,0 79.126594048775,24.503894585565,0 79.1265915894904,24.5038939696367,0 79.1265890987103,24.5038934708009,0 79.1265865830888,24.5038930903902,0 79.1265840493463,24.5038928294209,0 79.1265815042518,24.5038926885901,0 79.1265666615468,24.5038922191144,0 79.1265674926025,24.5038917398521,0 79.1265696142827,24.5038903683985,0 79.1265716541218,24.5038888966525,0 79.1265736064635,24.5038873286951,0 79.126575465894,24.5038856688741,0 79.1265772272573,24.5038839217922,0 79.1265788856693,24.5038820922938,0 79.1265804365313,24.503880185452,0 79.1265818755429,24.5038782065545,0 79.1265831987137,24.5038761610884,0 79.1265844023748,24.5038740547257,0 79.1265854831885,24.5038718933074,0 79.1265864381577,24.5038696828267,0 79.1265872646345,24.5038674294133,0 79.1265879603269,24.5038651393156,0 79.1265885233061,24.503862818884,0 79.1265889520107,24.5038604745529,0 79.1265892452522,24.5038581128229,0 79.1265894022173,24.5038557402429,0 79.1265894224709,24.503853363392,0 79.1265893059567,24.5038509888609,0 79.1265890529979,24.5038486232341,0 79.1265886642958,24.5038462730714,0 79.1265881409284,24.5038439448894,0 79.126587484347,24.5038416451442,0 79.1265866963721,24.5038393802127,0 79.1265857791888,24.5038371563755,0 79.1265847353404,24.5038349797991,0 79.1265835677213,24.5038328565189,0 79.1265822795694,24.5038307924227,0 79.1265808744566,24.5038287932341,0 79.1265793562792,24.5038268644967,0 79.1265777292469,24.5038250115587,0 79.1265759978715,24.5038232395581,0 79.1265741669539,24.5038215534087,0 79.126572241571,24.503819957786,0 79.126570227062,24.5038184571145,0 79.1265681290128,24.5038170555556,0 79.1265659532411,24.5038157569955,0 79.1265647853808,24.5038151376106,0 79.126564818342,24.5038145195971,0 79.1265648090919,24.5038121571037,0 79.1265646647645,24.503809798289,0 79.1265643857552,24.5038074496148,0 79.1265639728283,24.503805117515,0 79.126563427115,24.5038028083783,0 79.1265627501102,24.5038005285302,0 79.1265619436685,24.5037982842161,0 79.126560143667,24.5037936842166,0 79.1265591909143,24.5037914398981,0 79.126558108732,24.5037892452568,0 79.1265569001991,24.5037871065367,0 79.126555568754,24.5037850298228,0 79.1265541181851,24.5037830210239,0 79.1265525526193,24.5037810858551,0 79.126550876511,24.5037792298226,0 79.1265490946291,24.5037774582069,0 79.1265472120433,24.5037757760487,0 79.1265452341099,24.5037741881339,0 79.1265431664564,24.5037726989805,0 79.1265410149658,24.5037713128254,0 79.1265387857593,24.5037700336124,0 79.1265364851795,24.5037688649811,0 79.1265341197719,24.5037678102565,0 79.1265316962665,24.5037668724394,0 79.1265292215586,24.5037660541981,0 79.1265267026892,24.5037653578607,0 79.1265241468249,24.5037647854083,0 79.1265215612375,24.5037643384696,0 79.1265189532836,24.5037640183163,0 79.1265163303832,24.5037638258593,0 79.1265142926963,24.5037637761151,0 79.1265071357152,24.5037562050967,0 79.126504862799,24.5037310768519,0 79.1265045809218,24.5037287172221,0 79.1265041638704,24.5037263744136,0 79.1265036127982,24.503724054905,0 79.126502929229,24.5037217651106,0 79.1265021150532,24.5037195113627,0 79.1265011725224,24.5037172998936,0 79.1265001042429,24.5037151368189,0 79.126498913169,24.5037130281204,0 79.1264976025944,24.5037109796293,0 79.1264961761435,24.5037089970106,0 79.1264946377608,24.5037070857468,0 79.1264929917005,24.5037052511234,0 79.1264912425148,24.5037034982138,0 79.1264893950406,24.5037018318654,0 79.1264892821644,24.5037017402467,0 79.1264902942443,24.5036999697896,0 79.12649136736,24.5036978271221,0 79.1264923167813,24.5036956361216,0 79.1264931399195,24.5036934027616,0 79.1264938345303,24.5036911331317,0 79.1264943987199,24.5036888334198,0 79.1264948309501,24.5036865098962,0 79.1264951300423,24.503684168896,0 79.126495295181,24.503681816802,0 79.1264953259162,24.5036794600271,0 79.1264952221638,24.5036771049971,0 79.1264949842069,24.5036747581331,0 79.1264946126942,24.5036724258337,0 79.1264941086387,24.503670114458,0 79.1264934734147,24.5036678303079,0 79.1264927087541,24.5036655796113,0 79.1264918167419,24.5036633685046,0 79.12649079981,24.5036612030165,0 79.1264896607312,24.5036590890512,0 79.1264884026111,24.5036570323723,0 79.1264870288801,24.5036550385875,0 79.1264855432836,24.5036531131329,0 79.1264839498722,24.5036512612581,0 79.1264822529902,24.5036494880123,0 79.1264804572643,24.5036477982304,0 79.1264785675905,24.5036461965194,0 79.126476589121,24.5036446872465,0 79.1264745272501,24.5036432745267,0 79.1264723875996,24.5036419622118,0 79.1264701760031,24.5036407538798,0 79.1264678984907,24.5036396528252,0 79.1264655612719,24.5036386620502,0 79.1264631707193,24.5036377842559,0 79.1264607333506,24.5036370218358,0 79.1264582558114,24.5036363768685,0 79.1264557448567,24.5036358511127,0 79.1264532073325,24.5036354460017,0 79.1264458073351,24.5036344460022,0 79.1264433596386,24.5036341722383,0 79.1264409000491,24.5036340107365,0 79.1264384347125,24.5036339619004,0 79.1264359697889,24.503634025852,0 79.1264335114374,24.5036342024315,0 79.1264310658009,24.5036344911977,0 79.1264286389902,24.503634891429,0 79.1264262370694,24.5036354021254,0 79.1264238660401,24.5036360220108,0 79.1264084180236,24.5036404457616,0 79.1263957844455,24.5036407549766,0 79.1263954008608,24.5036403403358,0 79.126393621815,24.50363861064,0 79.1263917457943,24.5036369689686,0 79.1263897779931,24.5036354198675,0 79.1263877238604,24.503633967626,0 79.1263855890841,24.5036326162655,0 79.1263850511333,24.5036323127214,0 79.1263874440403,24.5036072244738,0 79.1263876015116,24.5036048563225,0 79.126387622778,24.5036024838716,0 79.1263875077809,24.5036001136755,0 79.1263872568379,24.5035977522822,0 79.1263868706423,24.5035954062156,0 79.1263863502611,24.5035930819571,0 79.1263856971319,24.5035907859279,0 79.1263849130591,24.5035885244712,0 79.1263840002089,24.5035863038347,0 79.1263829611032,24.5035841301535,0 79.1263817986127,24.5035820094325,0 79.1263805159491,24.5035799475309,0 79.1263791166559,24.5035779501449,0 79.126377604599,24.5035760227927,0 79.1263759839557,24.503574170799,0 79.1263742592034,24.5035723992803,0 79.126372435107,24.5035707131307,0 79.1263705167059,24.5035691170085,0 79.1263685093001,24.5035676153234,0 79.1263664184355,24.503566212224,0 79.1263642498883,24.5035649115866,0 79.1263620096497,24.5035637170045,0 79.1263597039087,24.5035626317779,0 79.1263573390355,24.503561658905,0 79.1263549215633,24.5035608010736,0 79.1263524581709,24.5035600606535,0 79.1263499556639,24.5035594396904,0 79.126347420956,24.5035589398996,0 79.1263448610497,24.5035585626621,0 79.1263422830173,24.5035583090199,0 79.126339693981,24.5035581796739,0 79.1263371010936,24.5035581749813,0 79.1263345115185,24.5035582949551,0 79.1263319324097,24.503558539264,0 79.1263293708926,24.5035589072328,0 79.1263268340438,24.5035593978451,0 79.1263243288719,24.5035600097454,0 79.1263218622979,24.5035607412433,0 79.1263194411361,24.5035615903178,0 79.1263170720755,24.5035625546232,0 79.126314761661,24.5035636314955,0 79.1263125162756,24.5035648179595,0 79.1263103421226,24.5035661107375,0 79.1263082452085,24.5035675062578,0 79.1263062313264,24.5035690006653,0 79.1263043060401,24.5035705898311,0 79.1263024746685,24.503572269365,0 79.1263007422712,24.5035740346269,0 79.1262991136341,24.50357588074,0 79.1262975932568,24.503577802604,0 79.1262961853395,24.5035797949094,0 79.126294893772,24.5035818521521,0 79.1262937221224,24.5035839686486,0 79.1262926736276,24.5035861385517,0 79.1262917511844,24.5035883558665,0 79.126290957341,24.5035906144674,0 79.1262903707705,24.503592643553,0 79.1262891856836,24.5035912353321,0 79.1262875076363,24.5035894434619,0 79.1262857295413,24.5035877342821,0 79.1262838562581,24.5035861124638,0 79.1262818929062,24.5035845824394,0 79.1262798448515,24.5035831483905,0 79.1262777176913,24.5035818142363,0 79.1262755172391,24.5035805836229,0 79.1262732495085,24.5035794599137,0 79.1262709206974,24.5035784461796,0 79.1262685371702,24.5035775451912,0 79.1262661054411,24.5035767594109,0 79.126263632156,24.5035760909862,0 79.1262611240741,24.5035755417438,0 79.1262585880502,24.5035751131849,0 79.1262571102833,24.5035749359338,0 79.1262413273818,24.5035569956615,0 79.1262397118896,24.5035552516744,0 79.1262380019669,24.5035535847679,0 79.1262362020001,24.5035519992178,0 79.1262343166064,24.5035504990915,0 79.1262323506224,24.5035490882371,0 79.1262303090912,24.5035477702737,0 79.1262281972497,24.5035465485823,0 79.1262260205154,24.5035454262966,0 79.1262237844719,24.5035444062957,0 79.1262214948553,24.503543491196,0 79.1262191575389,24.503542683345,0 79.1262167785184,24.5035419848149,0 79.1262143638965,24.5035413973978,0 79.126213645043,24.5035412402396,0 79.1262116648529,24.5035397547652,0 79.1262095806121,24.5035383517643,0 79.126207418841,24.5035370506903,0 79.1262051854872,24.5035358551225,0 79.126202886695,24.5035347683502,0 79.1262005287889,24.5035337933634,0 79.1261981182558,24.5035329328444,0 79.1261956617277,24.5035321891607,0 79.1261931659628,24.5035315643582,0 79.1261906378276,24.503531060156,0 79.1261880842773,24.5035306779411,0 79.1261855123374,24.5035304187652,0 79.1261829290836,24.5035302833412,0 79.1261803416231,24.5035302720418,0 79.1261777570743,24.503530384898,0 79.126175182548,24.5035306215993,0 79.126172625127,24.5035309814946,0 79.1261700918473,24.5035314635937,0 79.1261675896785,24.5035320665702,0 79.1261651255046,24.5035327887652,0 79.1261627061049,24.5035336281919,0 79.1261603381355,24.5035345825408,0 79.1261580281114,24.5035356491864,0 79.1261557823878,24.503536825194,0 79.1261536071431,24.5035381073283,0 79.1261515083618,24.5035394920618,0 79.1261449083628,24.5035440920606,0 79.1261427424236,24.5035456919901,0 79.1261406785596,24.5035474011606,0 79.1261387233424,24.5035492141298,0 79.1261368829976,24.5035511251249,0 79.1261351633851,24.5035531280611,0 79.1261335699803,24.5035552165609,0 79.1261223699778,24.5035708165577,0 79.1261209955161,24.5035728459868,0 79.1261197402497,24.5035749390753,0 79.1261186076904,24.5035770899672,0 79.1261176010068,24.5035792926449,0 79.1261167230154,24.503581540946,0 79.1261159761725,24.5035838285804,0 79.1261153625676,24.503586149148,0 79.1261148839174,24.5035884961563,0 79.126114541561,24.5035908630392,0 79.1261143364562,24.5035932431749,0 79.1261142691769,24.5035956299042,0 79.1261143399114,24.50359801655,0 79.1261145484616,24.5036003964349,0 79.1261148942443,24.5036027629008,0 79.1261153762919,24.503605109327,0 79.1261159932559,24.5036074291487,0 79.1261167434101,24.5036097158758,0 79.1261176246559,24.5036119631108,0 79.1261186345278,24.5036141645663,0 79.1261197702004,24.5036163140835,0 79.1261210284965,24.5036184056485,0 79.1261224058957,24.5036204334098,0 79.1261238985445,24.5036223916942,0 79.1261255022668,24.503624275023,0 79.1261260997262,24.5036249048983,0 79.1261255808673,24.5036250380264,0 79.1261231152558,24.5036257347898,0 79.1261206928375,24.5036265485754,0 79.126118320241,24.5036274771564,0 79.1261160039587,24.5036285179918,0 79.1261137503288,24.5036296682335,0 79.1261115655181,24.503630924734,0 79.1261094555052,24.503632284055,0 79.1261074260637,24.5036337424769,0 79.1261054827471,24.5036352960089,0 79.1261036308731,24.5036369403999,0 79.1261018755091,24.5036386711503,0 79.1261002214583,24.5036404835239,0 79.1260986732471,24.5036423725616,0 79.1260972351118,24.503644333094,0 79.1260959109878,24.5036463597565,0 79.1260947044984,24.5036484470034,0 79.126093618945,24.503650589123,0 79.1260926572982,24.5036527802538,0 79.1260918221893,24.5036550143999,0 79.1260911159036,24.5036572854479,0 79.1260905403737,24.5036595871833,0 79.1260900971745,24.5036619133077,0 79.1260898257438,24.5036639680866,0 79.1260879860803,24.5036633047463,0 79.1260855518746,24.5036624939214,0 79.1260830745082,24.5036618011364,0 79.1260805608125,24.5036612283017,0 79.1260780177191,24.5036607769969,0 79.1260754522406,24.5036604484666,0 79.1260728714516,24.5036602436165,0 79.1260702824687,24.5036601630117,0 79.1260676924311,24.5036602068744,0 79.126065108481,24.5036603750837,0 79.1260625377437,24.5036606671756,0 79.1260599873083,24.5036610823448,0 79.1260574642075,24.5036616194464,0 79.1260549753991,24.5036622769993,0 79.1260525277459,24.5036630531902,0 79.1260501279976,24.5036639458789,0 79.1260477827716,24.5036649526036,0 79.1260454985349,24.5036660705883,0 79.1260432815863,24.5036672967501,0 79.1260411380394,24.5036686277077,0 79.126039073805,24.503670059791,0 79.1260370945753,24.503671589051,0 79.1260352058082,24.5036732112706,0 79.1260334127119,24.5036749219765,0 79.1260317202312,24.5036767164513,0 79.1260301330331,24.5036785897467,0 79.1260286554943,24.503680536697,0 79.1260272916893,24.5036825519334,0 79.1260260453788,24.5036846298987,0 79.1260249199996,24.5036867648629,0 79.126023918655,24.5036889509386,0 79.1260230441062,24.5036911820978,0 79.1260222987649,24.5036934521878,0 79.1260216846864,24.5036957549487,0 79.126021203564,24.5036980840307,0 79.1260208567246,24.5037004330111,0 79.1260206451244,24.5037027954124,0 79.126020569347,24.5037051647203,0 79.1260206296015,24.5037075344013,0 79.1260208257215,24.5037098979208,0 79.1260211571664,24.5037122487613,0 79.1260216230222,24.5037145804403,0 79.1260222220042,24.503716886528,0 79.1260225171183,24.5037178053096,0 79.1260146637068,24.5037199546641,0 79.126012213054,24.5037206897528,0 79.126009807735,24.5037215410262,0 79.1260074543236,24.5037225061577,0 79.1260051592521,24.5037235825095,0 79.1260029287929,24.5037247671397,0 79.1260007690423,24.5037260568108,0 79.1259986859031,24.5037274479978,0 79.1259966850685,24.5037289368986,0 79.1259947720073,24.5037305194439,0 79.1259929519478,24.5037321913083,0 79.1259912298645,24.5037339479225,0 79.1259896104641,24.5037357844856,0 79.1259880981725,24.503737695978,0 79.1259866971229,24.5037396771754,0 79.1259854111447,24.503741722663,0 79.1259842437524,24.5037438268503,0 79.1259831981367,24.5037459839864,0 79.1259822771554,24.5037481881756,0 79.1259814833256,24.5037504333935,0 79.1259808188169,24.5037527135039,0 79.1259802854455,24.503755022275,0 79.1259798846692,24.5037573533965,0 79.1259796175833,24.5037597004975,0 79.1259794849178,24.503762057163,0 79.1259794857334,24.503762966078,0 79.1259786309027,24.5037626429948,0 79.1259761911321,24.5037618551718,0 79.1259737095761,24.5037611854748,0 79.1259711930606,24.5037606357459,0 79.1259686485076,24.5037602074971,0 79.1259660829163,24.5037599019064,0 79.1259635033438,24.5037597198144,0 79.1259609168854,24.503759661722,0 79.1259583306557,24.503759727789,0 79.1259557517684,24.5037599178335,0 79.1259518950001,24.5037602954194,0 79.1259513429715,24.503760196271,0 79.1259488094551,24.5037598649975,0 79.125946260572,24.5037596543958,0 79.1259437031822,24.5037595650327,0 79.1259411441691,24.5037595971487,0 79.1259385904199,24.5037597506575,0 79.1259360488082,24.5037600251459,0 79.1259335261745,24.503760419875,0 79.1259310293084,24.5037609337824,0 79.12592856493,24.5037615654851,0 79.1259261396723,24.5037623132828,0 79.1259237600627,24.5037631751629,0 79.1259214325058,24.5037641488055,0 79.1259191632662,24.5037652315903,0 79.1259169584513,24.5037664206029,0 79.1259148239955,24.5037677126431,0 79.1259127656435,24.5037691042334,0 79.1259107889353,24.5037705916286,0 79.1259088991912,24.5037721708252,0 79.1259071014972,24.5037738375729,0 79.1259054006919,24.5037755873857,0 79.125903801353,24.5037774155542,0 79.1259031514719,24.5037782429795,0 79.125902023608,24.5037784567623,0 79.125899508332,24.5037790615967,0 79.1258970313872,24.5037797868818,0 79.1258945996579,24.5037806306018,0 79.1258922199026,24.5037815904118,0 79.1258898987353,24.5037826636442,0 79.1258876426072,24.5037838473162,0 79.125885457789,24.5037851381379,0 79.1258833503527,24.5037865325218,0 79.1258813261556,24.5037880265925,0 79.1258793908237,24.5037896161974,0 79.1258778445363,24.5037910277965,0 79.125875898143,24.503790624284,0 79.1258732732807,24.5037902149098,0 79.1258706281018,24.5037899357247,0 79.1258679703132,24.5037897875421,0 79.1258653076581,24.5037897707938,0 79.1258626478942,24.5037898855285,0 79.1258599987707,24.503790131412,0 79.1258573680056,24.5037905077279,0 79.1258344312847,24.5037943716208,0 79.1258305265452,24.5037860154853,0 79.125831646424,24.5037848698441,0 79.1258333178855,24.5037829612184,0 79.125834873911,24.5037809725548,0 79.1258363099322,24.5037789096919,0 79.1258376217329,24.5037767786862,0 79.1258388054618,24.5037745857942,0 79.1258398576434,24.5037723374543,0 79.1258411576425,24.5037693374538,0 79.1258420467999,24.50376711756,0 79.1258428077062,24.5037648581112,0 79.1258434382737,24.5037625653062,0 79.1258439367723,24.5037602454356,0 79.1258443018346,24.5037579048638,0 79.1258445324589,24.5037555500124,0 79.1258446280126,24.5037531873419,0 79.1258445882334,24.5037508233344,0 79.1258444132306,24.5037484644756,0 79.1258441034842,24.503746117237,0 79.1258436598441,24.5037437880586,0 79.1258430835274,24.5037414833303,0 79.1258423761153,24.5037392093752,0 79.1258415395485,24.5037369724322,0 79.1258405761222,24.5037347786381,0 79.1258394884797,24.5037326340118,0 79.125836288478,24.5037267340127,0 79.1258350824404,24.5037246490467,0 79.1258337590062,24.5037226245809,0 79.1258323217901,24.5037206661448,0 79.1258307747174,24.5037187790873,0 79.1258291220137,24.5037169685625,0 79.1258273681929,24.5037152395154,0 79.1258255180452,24.5037135966686,0 79.1258235766238,24.503712044509,0 79.1258215492314,24.503710587276,0 79.1258194414052,24.5037092289498,0 79.1258172589023,24.5037079732402,0 79.1258150076837,24.5037068235771,0 79.1258126938981,24.5037057831003,0 79.125810323865,24.5037048546517,0 79.1258079040577,24.5037040407672,0 79.1258054410853,24.5037033436697,0 79.1258029416748,24.5037027652632,0 79.1258004126528,24.5037023071273,0 79.1257978609267,24.5037019705136,0 79.125795293466,24.5037017563412,0 79.1257927172831,24.5037016651952,0 79.1257901394142,24.5037016973245,0 79.1257875669002,24.5037018526414,0 79.1257850067673,24.5037021307217,0 79.125782466008,24.5037025308057,0 79.1257799515616,24.5037030518009,0 79.1257774702959,24.5037036922843,0 79.1257750289879,24.5037044505063,0 79.1257738966132,24.5037048637431,0 79.1257741278087,24.5037037935266,0 79.1257744948027,24.5037014598127,0 79.1257747281204,24.5036991117481,0 79.1257748271252,24.5036967557392,0 79.125774791547,24.5036943982141,0 79.125774621483,24.5036920456049,0 79.125774317397,24.5036897043305,0 79.1257738801188,24.5036873807787,0 79.1257733108414,24.5036850812892,0 79.1257726111181,24.5036828121357,0 79.125771782858,24.5036805795093,0 79.1257708283208,24.5036783895015,0 79.1257697501109,24.5036762480875,0 79.1257685511701,24.5036741611099,0 79.1257672347695,24.5036721342626,0 79.1257658045009,24.5036701730758,0 79.1257655392583,24.5036698475701,0 79.1257660163085,24.5036700467211,0 79.1257684408067,24.5036709204749,0 79.1257709123455,24.503671675867,0 79.1257734240288,24.5036723107898,0 79.1257759688484,24.5036728234718,0 79.1257785397038,24.5036732124823,0 79.1257811294218,24.5036734767361,0 79.1257837307766,24.5036736154958,0 79.1257863365098,24.5036736283741,0 79.125788939351,24.5036735153353,0 79.1257915320376,24.5036732766946,0 79.1257941073357,24.503672913118,0 79.1257966580594,24.5036724256199,0 79.1257991770919,24.5036718155605,0 79.1258016574045,24.5036710846419,0 79.1258040920766,24.5036702349037,0 79.125806474315,24.5036692687168,0 79.1258087974728,24.5036681887769,0 79.1258110550679,24.5036669980974,0 79.1258132408012,24.5036657000005,0 79.125815348574,24.5036642981082,0 79.1258173725052,24.5036627963319,0 79.1258193069476,24.503661198862,0 79.1258211465039,24.5036595101558,0 79.1258223470294,24.5036582849967,0 79.1258235935264,24.5036584037626,0 79.1258262060238,24.5036585251169,0 79.1258288218785,24.503658519586,0 79.125831433735,24.5036583871856,0 79.1258340342493,24.5036581282878,0 79.1258366161091,24.5036577436207,0 79.1258391720545,24.5036572342659,0 79.1258416948986,24.5036566016556,0 79.1258441775475,24.5036558475686,0 79.1258466130205,24.5036549741254,0 79.1258489944692,24.5036539837819,0 79.1258513151974,24.5036528793228,0 79.1258535686796,24.5036516638536,0 79.1258557485793,24.5036503407922,0 79.125857848767,24.5036489138588,0 79.1258598633372,24.5036473870656,0 79.1258617866252,24.5036457647059,0 79.1258636132231,24.5036440513414,0 79.1258641847741,24.50364345501,0 79.1258791312927,24.5036760909118,0 79.1258790721837,24.5036766840077,0 79.1258789727254,24.5036790557125,0 79.1258790096488,24.5036814289223,0 79.1258791828519,24.5036837970753,0 79.1258794918558,24.5036861536242,0 79.125879935806,24.5036884920535,0 79.1258805134753,24.5036908058977,0 79.1258812232664,24.5036930887594,0 79.1258820632169,24.503695334327,0 79.1258830310045,24.5036975363919,0 79.1258841239534,24.5036996888655,0 79.1258853390417,24.5037017857969,0 79.1258866729101,24.5037038213882,0 79.1258881218705,24.5037057900113,0 79.1258896819168,24.5037076862235,0 79.1258913487358,24.5037095047819,0 79.125893117719,24.5037112406585,0 79.1258949839755,24.503712889054,0 79.1258969423452,24.5037144454107,0 79.1258989874138,24.5037159054256,0 79.1259011135269,24.5037172650621,0 79.1259033148061,24.5037185205609,0 79.1259055851653,24.5037196684508,0 79.1259079183273,24.503720705558,0 79.1259103078413,24.5037216290152,0 79.1259127471007,24.503722436269,0 79.1259152293614,24.5037231250877,0 79.1259177477602,24.5037236935667,0 79.1259202953342,24.5037241401342,0 79.1259228650399,24.5037244635557,0 79.1259254497723,24.5037246629368,0 79.1259280423851,24.5037247377263,0 79.1259306357103,24.5037246877175,0 79.1259332225775,24.5037245130485,0 79.1259357958347,24.5037242142024,0 79.1259383483671,24.5037237920054,0 79.1259408731174,24.5037232476248,0 79.1259433631051,24.5037225825656,0 79.1259458114457,24.5037217986668,0 79.1259482113701,24.5037208980957,0 79.1259505562428,24.5037198833421,0 79.1259528395806,24.5037187572117,0 79.1259550550705,24.5037175228182,0 79.125957196587,24.5037161835742,0 79.1259592582091,24.5037147431828,0 79.1259612342369,24.5037132056263,0 79.1259631192069,24.5037115751557,0 79.1259649079075,24.5037098562792,0 79.1259665092568,24.5037081457579,0 79.1259762161007,24.5037080348225,0 79.1259788270523,24.5037079416587,0 79.1259814289502,24.5037077221278,0 79.1259840144946,24.5037073768455,0 79.1259865764316,24.5037069067806,0 79.1259891075735,24.5037063132519,0 79.125991600819,24.5037055979245,0 79.1259940491732,24.5037047628054,0 79.125996445767,24.5037038102376,0 79.1259987838767,24.5037027428935,0 79.1260065838786,24.5036989428924,0 79.1260088654234,24.5036977590911,0 79.1260110749811,24.5036964660062,0 79.1260132063056,24.503695067293,0 79.126015253372,24.5036935669055,0 79.1260172103934,24.503691969085,0 79.1260190718378,24.5036902783484,0 79.1260208324429,24.5036884994752,0 79.1260224872319,24.5036866374939,0 79.126024031527,24.5036846976681,0 79.1260254609626,24.5036826854814,0 79.1260267714979,24.5036806066221,0 79.1260279594282,24.5036784669666,0 79.1260290213955,24.5036762725635,0 79.1260299543976,24.5036740296162,0 79.1260307557972,24.503671744465,0 79.1260314233289,24.5036694235697,0 79.1260319551055,24.5036670734912,0 79.1260323496239,24.5036647008729,0 79.1260326057689,24.5036623124217,0 79.1260327228163,24.5036599148895,0 79.1260327004352,24.5036575150538,0 79.1260325386891,24.5036551196984,0 79.126032238035,24.5036527355949,0 79.1260317993229,24.5036503694826,0 79.126031223793,24.5036480280502,0 79.1260305130723,24.5036457179166,0 79.1260296691698,24.5036434456123,0 79.1260286944712,24.5036412175606,0 79.1260275917317,24.50363904006,0 79.1260230917294,24.5036307400612,0 79.1260220648534,24.503628948091,0 79.1260194648522,24.5036246480917,0 79.1260181485913,24.5036226003385,0 79.1260167164083,24.5036206187882,0 79.1260151722706,24.5036187089298,0 79.1260135204555,24.5036168760535,0 79.1260117655385,24.5036151252366,0 79.1260099123808,24.5036134613288,0 79.1260079661158,24.5036118889393,0 79.1260059321346,24.5036104124236,0 79.1260038160714,24.5036090358717,0 79.1260016237879,24.5036077630966,0 79.1259993613567,24.5036065976241,0 79.1259970350449,24.5036055426825,0 79.1259946512963,24.503604601194,0 79.125992216714,24.5036037757666,0 79.125989738042,24.5036030686868,0 79.1259872221461,24.5036024819131,0 79.1259852434915,24.5036021206768,0 79.1259850521405,24.503588123021,0 79.125985969555,24.5035879687889,0 79.1259884585524,24.5035874269434,0 79.1259909135004,24.5035867677488,0 79.1259933277957,24.5035859929784,0 79.1259956949442,24.5035851047162,0 79.1259980085787,24.5035841053514,0 79.126000262476,24.5035829975721,0 79.1260024505733,24.5035817843581,0 79.1260045669851,24.5035804689727,0 79.1260066060186,24.5035790549541,0 79.1260085621893,24.5035775461057,0 79.1260104302352,24.5035759464861,0 79.1260122051317,24.5035742603981,0 79.1260138821046,24.5035724923767,0 79.1260154566431,24.5035706471779,0 79.1260169245121,24.5035687297648,0 79.1260182817632,24.5035667452949,0 79.1260195247457,24.5035646991062,0 79.1260281711789,24.5035495533335,0 79.1260292555798,24.5035501802435,0 79.126031516761,24.5035513400874,0 79.1260338414058,24.5035523896451,0 79.1260362230949,24.5035533260185,0 79.1260386552519,24.5035541466221,0 79.1260411311608,24.5035548491899,0 79.126043643985,24.5035554317819,0 79.1260461867859,24.5035558927895,0 79.1260487525419,24.5035562309395,0 79.1260513341684,24.5035564452984,0 79.1260539245366,24.5035565352741,0 79.1260565164939,24.5035565006183,0 79.1260591028831,24.5035563414266,0 79.1260616765623,24.5035560581386,0 79.126064230425,24.5035556515366,0 79.1260667574192,24.5035551227433,0 79.126069250567,24.5035544732188,0 79.1260717029842,24.5035537047567,0 79.126074107899,24.5035528194789,0 79.1260764586707,24.5035518198299,0 79.1260773706381,24.5035513773095,0 79.1260885889176,24.5035512339444,0 79.1260911465825,24.5035511404867,0 79.1260936955063,24.5035509257611,0 79.1260962288261,24.5035505903457,0 79.1260987397212,24.5035501351436,0 79.1261012214312,24.5035495613804,0 79.1261036672743,24.5035488706008,0 79.1261060706652,24.5035480646648,0 79.1261084251331,24.5035471457423,0 79.1261107243386,24.5035461163074,0 79.1261129620913,24.5035449791318,0 79.1261151323664,24.5035437372772,0 79.1261172293204,24.5035423940872,0 79.1261192473075,24.5035409531783,0 79.1261211808944,24.50353941843,0 79.1261230248752,24.5035377939745,0 79.1261247742849,24.5035360841854,0 79.1261264244136,24.5035342936664,0 79.1261279708182,24.5035324272382,0 79.1261294093354,24.503530489926,0 79.1261307360919,24.5035284869458,0 79.1261319475157,24.5035264236907,0 79.126133040345,24.5035243057156,0 79.1261340116375,24.5035221387231,0 79.126134858778,24.5035199285477,0 79.1261355794858,24.50351768114,0 79.1261361718203,24.503515402551,0 79.1261366341869,24.5035130989157,0 79.1261369653405,24.5035107764364,0 79.1261371643896,24.5035084413662,0 79.1261372286218,24.5035061767308,0 79.1261486615048,24.5035030657416,0 79.1261510682426,24.5035023488624,0 79.1261534316282,24.5035015199743,0 79.1261557454399,24.5035005812594,0 79.1261580035867,24.5034995351889,0 79.1261591349556,24.5034989425128,0 79.126161281062,24.5035000077262,0 79.1261635285776,24.503500992292,0 79.1261658275605,24.503501871756,0 79.1261681721449,24.5035026438741,0 79.1261705563485,24.5035033066763,0 79.1261729740881,24.5035038584715,0 79.1261754191949,24.5035042978518,0 79.1262285886457,24.5035125820482,0 79.1262402584131,24.5035249097591,0 79.12624035902,24.5035259560749,0 79.126240649757,24.503528285183,0 79.126241072254,24.5035305973386,0 79.1262416253715,24.5035328863052,0 79.1262423076177,24.503535145909,0 79.1262431171524,24.5035373700554,0 79.126244051792,24.5035395527453,0 79.1262451090157,24.5035416880915,0 79.126246285972,24.5035437703346,0 79.1262475794862,24.5035457938582,0 79.1262489860695,24.5035477532044,0 79.126250501928,24.5035496430884,0 79.1262521229732,24.5035514584128,0 79.1262538448326,24.5035531942813,0 79.1262556628621,24.5035548460118,0 79.1262575721581,24.5035564091492,0 79.1262595675707,24.5035578794774,0 79.1262616437178,24.5035592530306,0 79.1262637949996,24.503560526104,0 79.1262660156136,24.5035616952638,0 79.1262682995704,24.5035627573566,0 79.1262706407096,24.5035637095176,0 79.1262730327165,24.5035645491786,0 79.1262754691394,24.5035652740749,0 79.1262779434068,24.5035658822513,0 79.1262804488449,24.5035663720674,0 79.1262829786961,24.503566742202,0 79.1262855261367,24.5035669916568,0 79.1262880842957,24.503567119759,0 79.1262906462732,24.503567126163,0 79.126293205159,24.5035670108515,0 79.1262957540511,24.5035667741357,0 79.1262982860746,24.5035664166539,0 79.1263007944,24.5035659393705,0 79.1263032722619,24.5035653435726,0 79.1263057129769,24.5035646308673,0 79.1263081099618,24.503563803177,0 79.1263104567514,24.5035628627341,0 79.1263127470159,24.5035618120752,0 79.126314974578,24.5035606540341,0 79.1263171334293,24.5035593917345,0 79.126319217747,24.5035580285809,0 79.1263212219092,24.5035565682501,0 79.1263231405102,24.5035550146809,0 79.1263249683751,24.5035533720638,0 79.1263267005738,24.5035516448291,0 79.1263283324342,24.5035498376357,0 79.1263298595546,24.5035479553579,0 79.1263312778163,24.5035460030726,0 79.1263581778095,24.5035068030648,0 79.1263594815215,24.5035047890964,0 79.1263606693797,24.5035027159956,0 79.1263617381899,24.5035005893371,0 79.1263626850777,24.5034984148401,0 79.1263635074969,24.503496198352,0 79.1263642032358,24.5034939458335,0 79.1263647704234,24.5034916633419,0 79.1263652075346,24.5034893570153,0 79.1263655133938,24.5034870330557,0 79.1263656871785,24.5034846977127,0 79.1263657284215,24.5034823572665,0 79.1263656370118,24.5034800180108,0 79.1263654131952,24.5034776862365,0 79.1263650575736,24.5034753682139,0 79.1263645711034,24.5034730701768,0 79.1263639550928,24.5034707983048,0 79.1263632111983,24.5034685587075,0 79.1263623414203,24.5034663574076,0 79.126361348098,24.5034642003246,0 79.1263602339025,24.5034620932594,0 79.1263590018301,24.5034600418782,0 79.126357655194,24.5034580516976,0 79.1263561976157,24.5034561280695,0 79.1263546330147,24.5034542761668,0 79.1263545100607,24.5034541452651,0 79.1263390651045,24.5034259674363,0 79.126339264375,24.50342588561,0 79.1263415537766,24.5034248109567,0 79.1263437788249,24.5034236285364,0 79.1263459334663,24.5034223415661,0 79.1263480118389,24.5034209535471,0 79.1263500082881,24.5034194682559,0 79.1263519173823,24.5034178897332,0 79.1263537339276,24.5034162222737,0 79.1263554529818,24.5034144704139,0 79.1263570698681,24.50341263892,0 79.1263585801873,24.5034107327749,0 79.1263599798307,24.5034087571644,0 79.1263612649901,24.5034067174635,0 79.1263624321692,24.5034046192215,0 79.1263634781925,24.5034024681469,0 79.1263644002142,24.5034002700919,0 79.1263651957257,24.5033980310368,0 79.1263658625628,24.5033957570732,0 79.1263663989114,24.5033934543876,0 79.1263668033121,24.5033911292449,0 79.1263670746648,24.5033887879708,0 79.1263672122311,24.5033864369353,0 79.126367215637,24.5033840825345,0 79.126367084873,24.503381731174,0 79.126366820295,24.5033793892508,0 79.1263664226228,24.5033770631367,0 79.1263658929384,24.50337475916,0 79.1263652326827,24.503372483589,0 79.1263644436521,24.5033702426147,0 79.1263635279934,24.503368042334,0 79.1263624881976,24.503365888733,0 79.1263613270937,24.503363787671,0 79.1263600478406,24.5033617448641,0 79.1263489478367,24.5033450448669,0 79.1263475539527,24.5033430659231,0 79.1263460491978,24.5033411561724,0 79.1263444376659,24.5033393208105,0 79.126342723741,24.5033375648304,0 79.1263409120859,24.5033358930092,0 79.1263390076292,24.503334309895,0 79.1263370155518,24.5033328197949,0 79.1263349412734,24.5033314267624,0 79.1263327904368,24.5033301345875,0 79.1263305688935,24.5033289467854,0 79.1263282826872,24.5033278665875,0 79.1263259380374,24.5033268969326,0 79.1263235413227,24.5033260404584,0 79.1263210990635,24.5033252994952,0 79.1263186179038,24.5033246760586,0 79.1263161045936,24.5033241718446,0 79.1263135659703,24.5033237882252,0 79.1263110089403,24.5033235262437,0 79.1263084404599,24.5033233866131,0 79.1263058675166,24.503323369713,0 79.1263032971102,24.5033234755896,0 79.1263007362334,24.5033237039547,0 79.126298191853,24.5033240541872,0 79.1262956708909,24.5033245253341,0 79.1262931802055,24.5033251161138,0 79.1262907265726,24.503325824919,0 79.1262883166674,24.5033266498214,0 79.1262859570459,24.503327588577,0 79.1262836541274,24.5033286386318,0 79.1262814141771,24.5033297971291,0 79.1262792432887,24.5033310609173,0 79.1262771473681,24.5033324265583,0 79.1262751321172,24.5033338903368,0 79.1262732030185,24.5033354482706,0 79.126271907475,24.5033365508608,0 79.1262478525481,24.5033299591206,0 79.1262454163349,24.5033293532324,0 79.1262429494356,24.5033288621825,0 79.1262404583113,24.5033284872569,0 79.1262379494865,24.5033282294378,0 79.1262354295319,24.5033280894002,0 79.1262329050475,24.5033280675109,0 79.1262303826452,24.5033281638274,0 79.1262278689313,24.5033283780973,0 79.1262253704895,24.5033287097594,0 79.1262228938633,24.5033291579451,0 79.1262204455393,24.5033297214806,0 79.1262180319297,24.5033303988899,0 79.1262156593561,24.5033311883988,0 79.1262133340324,24.5033320879395,0 79.1262110620488,24.5033330951561,0 79.1261818620562,24.5033468951522,0 79.1261798357746,24.5033479084365,0 79.1261778635353,24.5033490073752,0 79.1261759496597,24.5033501895605,0 79.1261740983414,24.5033514524018,0 79.1261659983425,24.5033572524003,0 79.1261631271593,24.5033594748656,0 79.1261550788861,24.5033662027191,0 79.1261528701052,24.5033663201121,0 79.1261503404827,24.5033665748494,0 79.1261478285836,24.5033669486167,0 79.126145341093,24.5033674404192,0 79.126142884631,24.5033680489481,0 79.126140465735,24.5033687725838,0 79.1261380908428,24.5033696094006,0 79.1261377093518,24.5033697649418,0 79.1261384062697,24.5033677983995,0 79.1261390714138,24.5033655232847,0 79.1261396059663,24.5033632195226,0 79.126140008472,24.5033608933846,0 79.1261402778353,24.5033585512033,0 79.1261404133228,24.5033561993545,0 79.1261404145657,24.5033538442409,0 79.1261402815606,24.5033514922735,0 79.1261400146697,24.5033491498552,0 79.1261396146194,24.5033468233626,0 79.1261390824988,24.5033445191292,0 79.1261384197566,24.5033422434276,0 79.1261376281968,24.5033400024529,0 79.1261373648074,24.5033393713471,0 79.1261376391136,24.5033393552203,0 79.1261401813812,24.5033390840362,0 79.1261427048552,24.503338692564,0 79.1261452027424,24.5033381818577,0 79.1261476683185,24.503337553292,0 79.1261500949464,24.503336808559,0 79.1261524760935,24.5033359496635,0 79.12615480535,24.5033349789176,0 79.1261570764456,24.5033338989345,0 79.1261592832665,24.5033327126215,0 79.126161419872,24.5033314231722,0 79.1261634805104,24.5033300340577,0 79.1261654596346,24.5033285490174,0 79.1261673519169,24.503326972049,0 79.1261691522632,24.5033253073978,0 79.1261806522633,24.503314107395,0 79.1261823647213,24.5033123499224,0 79.1261839746935,24.5033105131328,0 79.1261854777991,24.503308602024,0 79.1261868699482,24.5033066217962,0 79.1261881473526,24.5033045778377,0 79.1261893065365,24.5033024757101,0 79.1261903443459,24.5033003211331,0 79.1261912579569,24.5032981199696,0 79.1261920448835,24.5032958782087,0 79.1261927029845,24.5032936019505,0 79.1261932304692,24.5032912973885,0 79.1261936259023,24.5032889707935,0 79.1261938882079,24.5032866284962,0 79.1261940166722,24.50328427687,0 79.1261940109457,24.5032819223136,0 79.126193871044,24.5032795712339,0 79.1261935973478,24.503277230028,0 79.1261931906018,24.5032749050665,0 79.1261926519127,24.5032726026755,0 79.1261919827463,24.5032703291199,0 79.1261911849235,24.503268090586,0 79.1261902606152,24.5032658931649,0 79.1261892123363,24.5032637428357,0 79.1261880429393,24.5032616454496,0 79.1261867556061,24.5032596067135,0 79.1261735556015,24.5032399067168,0 79.1261721010147,24.5032378620017,0 79.1261705278147,24.5032358921863,0 79.1261688405975,24.5032340030254,0 79.1261670442923,24.503232200038,0 79.1261651441467,24.5032304884915,0 79.126163145712,24.5032288733859,0 79.1261610548265,24.5032273594397,0 79.1261588775985,24.5032259510759,0 79.1261566203887,24.5032246524088,0 79.1261252203943,24.5032076524143,0 79.1261229638371,24.5032065025999,0 79.1261206446024,24.5032054624322,0 79.1261182690478,24.5032045347627,0 79.1261158436857,24.5032037221343,0 79.1261133751647,24.5032030267748,0 79.1261108702519,24.5032024505905,0 79.1261083358142,24.5032019951607,0 79.1261057787993,24.503201661734,0 79.1261032062169,24.5032014512245,0 79.1261006251193,24.5032013642093,0 79.1260980425821,24.5032014009268,0 79.1260954656851,24.5032015612763,0 79.1260929014923,24.5032018448185,0 79.1260903570331,24.5032022507758,0 79.1260878392827,24.5032027780356,0 79.1260853551431,24.5032034251523,0 79.1260829114242,24.503204190352,0 79.1260805148251,24.5032050715371,0 79.1260781719158,24.5032060662919,0 79.1260758891188,24.5032071718894,0 79.1260736726921,24.5032083852988,0 79.1260715287118,24.5032097031938,0 79.1260694630552,24.5032111219615,0 79.126067481385,24.5032126377126,0 79.1260655891336,24.503214246292,0 79.1260637914883,24.5032159432899,0 79.1260620933772,24.5032177240542,0 79.1260604994553,24.5032195837034,0 79.126059014092,24.5032215171395,0 79.1260576413595,24.5032235190622,0 79.1260500116556,24.5032353212566,0 79.1260342975333,24.503237837165,0 79.1260317317221,24.5032383124885,0 79.1260291970813,24.5032389116889,0 79.1260267007487,24.5032396330789,0 79.1260242497546,24.5032404746267,0 79.1260218510013,24.5032414339626,0 79.1260195112443,24.5032425083848,0 79.1260172370727,24.5032436948675,0 79.126015034891,24.5032449900694,0 79.1260129109009,24.503246390343,0 79.126010871084,24.5032478917448,0 79.1260089211848,24.5032494900467,0 79.1260070666945,24.5032511807474,0 79.1260053128359,24.5032529590858,0 79.1260042228985,24.5032541896587,0 79.1260032667106,24.5032541623139,0 79.1260007184112,24.5032542099588,0 79.1259981762029,24.5032543779764,0 79.1259956468721,24.5032546659182,0 79.1259869468752,24.5032558659179,0 79.1259843711266,24.50325628539,0 79.1259818233044,24.5032568292223,0 79.1259793105748,24.5032574958854,0 79.1259768400052,24.503258283504,0 79.1259744185445,24.503259189863,0 79.1259720530033,24.503260212413,0 79.1259697500352,24.503261348278,0 79.1259675161175,24.5032625942631,0 79.1259653575336,24.5032639468639,0 79.1259632803547,24.5032654022759,0 79.1259612904232,24.5032669564056,0 79.1259593933361,24.5032686048818,0 79.1259575944293,24.5032703430679,0 79.1259558987624,24.503272166075,0 79.1259543111048,24.5032740687755,0 79.125952835922,24.5032760458179,0 79.1259514773632,24.5032780916414,0 79.1259506562526,24.5032794054177,0 79.1259484269309,24.5032785476727,0 79.1259460019977,24.5032777482981,0 79.1259435347441,24.5032770659087,0 79.1259410319056,24.5032765023674,0 79.125938500315,24.5032760592126,0 79.1259359468836,24.5032757376544,0 79.1259358056569,24.5032757267071,0 79.1259341765724,24.5032694965668,0 79.1259335043821,24.5032671958776,0 79.125932700516,24.5032649308299,0 79.1259317672118,24.5032627077285,0 79.1259307070672,24.5032605327616,0 79.1259295230335,24.5032584119835,0 79.1259282184064,24.5032563512975,0 79.1259267968175,24.5032543564398,0 79.1259252622238,24.5032524329631,0 79.1259010394638,24.5032236955793,0 79.1259014209345,24.5032230915089,0 79.1259025545511,24.5032210674055,0 79.1259035753018,24.5032189936223,0 79.1259086752987,24.5032078936206,0 79.1259096132034,24.5032056928078,0 79.1259104239949,24.5032034501121,0 79.1259111054524,24.5032011716756,0 79.1259116557099,24.5031988637385,0 79.1259120732603,24.5031965326215,0 79.1259123168072,24.5031945170148,0 79.1259128673497,24.5031937215363,0 79.1259141574674,24.5031916163073,0 79.1259153227599,24.5031894509886,0 79.1259163598955,24.5031872317713,0 79.1259172659088,24.5031849650006,0 79.1259180382093,24.5031826571576,0 79.125918674589,24.5031803148409,0 79.1259191732282,24.5031779447476,0 79.1259195327013,24.5031755536543,0 79.1259197519805,24.5031731483976,0 79.1259198304388,24.5031707358546,0 79.1259199304269,24.5031403358538,0 79.1259198709327,24.5031379796552,0 79.125919677114,24.5031356295099,0 79.1259193494993,24.5031332918248,0 79.1259188889817,24.5031309729731,0 79.1259182968167,24.5031286792765,0 79.1259175746188,24.5031264169883,0 79.1259167243567,24.5031241922758,0 79.1259157483485,24.5031220112043,0 79.1259146492551,24.5031198797198,0 79.1259134300729,24.5031178036334,0 79.1259120941256,24.5031157886048,0 79.1259106450554,24.5031138401276,0 79.1259090868127,24.5031119635138,0 79.1259074236458,24.5031101638795,0 79.1259056600889,24.5031084461308,0 79.1259038009497,24.5031068149509,0 79.1259018512968,24.5031052747866,0 79.1258998164454,24.5031038298369,0 79.125897701943,24.503102484041,0 79.1258955135543,24.5031012410679,0 79.1258932572452,24.5031001043062,0 79.1258909391671,24.5030990768551,0 79.1258885656396,24.5030981615155,0 79.1258861431334,24.5030973607829,0 79.125883678253,24.5030966768403,0 79.1258811777181,24.5030961115524,0 79.1258786483459,24.5030956664601,0 79.1258760970319,24.503095342777,0 79.1258735307318,24.5030951413854,0 79.1258709564417,24.5030950628344,0 79.12586838118,24.5030951073383,0 79.1258658119673,24.5030952747755,0 79.1258632558078,24.5030955646897,0 79.1258607196704,24.5030959762905,0 79.1258582104692,24.5030965084557,0 79.1258557350448,24.5030971597346,0 79.1258533001457,24.5030979283515,0 79.1258509124103,24.5030988122112,0 79.1258485783479,24.5030998089039,0 79.1258463043217,24.5031009157125,0 79.1258444639498,24.5031019276022,0 79.1258439915037,24.5031007414491,0 79.1258429840152,24.5030985714927,0 79.1258418540758,24.5030964526308,0 79.1258406047682,24.503094390644,0 79.1258303047642,24.5030783906466,0 79.1258290930505,24.5030766048083,0 79.1258277917874,24.5030748725247,0 79.1258264037969,24.5030731975526,0 79.1258249320892,24.5030715835243,0 79.1258131360738,24.5030592426667,0 79.1258136880823,24.5030584352245,0 79.1258149338126,24.5030563828993,0 79.1258160612435,24.5030542740862,0 79.1258170673253,24.5030521144894,0 79.1258179493366,24.5030499099507,0 79.1258187048914,24.5030476664332,0 79.1258193319462,24.5030453900057,0 79.1258198288046,24.503043086826,0 79.1258201941228,24.5030407631239,0 79.1258204269124,24.5030384251852,0 79.125820526544,24.503036079334,0 79.1258204927478,24.5030337319156,0 79.1258203256155,24.50303138928,0 79.125820025599,24.5030290577638,0 79.12581959351,24.5030267436737,0 79.1258190305172,24.5030244532695,0 79.1258183381435,24.5030221927465,0 79.1258175182618,24.5030199682195,0 79.1258165730898,24.5030177857058,0 79.1258155051843,24.5030156511089,0 79.125814317434,24.5030135702031,0 79.1258130130516,24.5030115486171,0 79.1258115955655,24.5030095918193,0 79.1258100688101,24.5030077051028,0 79.125808436915,24.5030058935711,0 79.1258067042947,24.5030041621244,0 79.1258051851784,24.5030027941843,0 79.1257953135292,24.5029867343464,0 79.1257945680315,24.5029801491386,0 79.1257942454784,24.5029778684803,0 79.1257937964003,24.5029756058136,0 79.1257932219628,24.5029733670117,0 79.125792523657,24.5029711578855,0 79.1257917032954,24.5029689841692,0 79.1257907630073,24.5029668515049,0 79.1257897052334,24.5029647654281,0 79.1257885327193,24.5029627313537,0 79.1257872485083,24.5029607545612,0 79.125785855934,24.5029588401817,0 79.1257843586107,24.5029569931842,0 79.1257827604251,24.5029552183628,0 79.1257810655254,24.5029535203243,0 79.1257792783109,24.5029519034761,0 79.1257774034207,24.502950372015,0 79.1257658034212,24.5029413720175,0 79.1257638363049,24.5029399233378,0 79.125761790751,24.5029385686604,0 79.1257596721192,24.5029373115346,0 79.1257574859606,24.5029361552545,0 79.1257552380033,24.5029351028495,0 79.1257529341372,24.5029341570772,0 79.1257505803989,24.5029333204157,0 79.1257481829555,24.502932595057,0 79.1257418096883,24.5029308310283,0 79.1257421280628,24.5029307100016,0 79.1257444891256,24.5029296748404,0 79.1257467868431,24.5029285265185,0 79.1257490147434,24.5029272682705,0 79.1257511665511,24.5029259036404,0 79.1257532362052,24.502924436472,0 79.1257552178761,24.502922870898,0 79.125757105982,24.5029212113279,0 79.1257588952047,24.5029194624365,0 79.1257605805044,24.5029176291497,0 79.1257621571343,24.5029157166314,0 79.1257636206533,24.5029137302687,0 79.1257649669392,24.5029116756564,0 79.1257661921999,24.502909558582,0 79.1257672929842,24.5029073850084,0 79.1257682661915,24.5029051610581,0 79.1257691090807,24.5029028929952,0 79.1257698192774,24.5029005872083,0 79.1257703947814,24.5028982501919,0 79.1257708339717,24.5028958885289,0 79.1257718339693,24.5028894885285,0 79.1257721790836,24.5028866344597,0 79.1257723251752,24.5028837660873,0 79.1257724251728,24.5028775660872,0 79.1257723966975,24.502875228206,0 79.1257722359632,24.5028728948102,0 79.125771943401,24.5028705721599,0 79.125771519796,24.5028682664868,0 79.1257709662846,24.5028659839768,0 79.1257702843519,24.5028637307535,0 79.1257694758274,24.5028615128623,0 79.1257685428804,24.5028593362535,0 79.1257674880138,24.5028572067669,0 79.1257663140579,24.5028551301157,0 79.1257650241621,24.5028531118712,0 79.1257636217874,24.5028511574485,0 79.1257621106959,24.5028492720909,0 79.1257604949421,24.5028474608567,0 79.1257587788607,24.5028457286054,0 79.1257569670558,24.5028440799844,0 79.1257550643885,24.5028425194168,0 79.1257530759634,24.5028410510896,0 79.1257510071152,24.5028396789421,0 79.1257488633946,24.5028384066556,0 79.125746650553,24.5028372376436,0 79.1257443745272,24.5028361750425,0 79.1257420414236,24.5028352217032,0 79.1257396575018,24.5028343801833,0 79.1257372291575,24.5028336527406,0 79.125734762906,24.5028330413267,0 79.1257322653638,24.5028325475821,0 79.1257297432317,24.5028321728314,0 79.1257272032765,24.5028319180801,0 79.1257246523124,24.5028317840115,0 79.1257220971837,24.5028317709854,0 79.1257019206106,24.5028321463655,0 79.1257014869851,24.5028317742192,0 79.1256994985355,24.5028302397049,0 79.1256974244504,24.5028288032321,0 79.1256952704969,24.5028274687948,0 79.125693042664,24.5028262401036,0 79.1256907471462,24.5028251205747,0 79.1256860757804,24.5028229850935,0 79.1256829690441,24.5028211679461,0 79.1256826141632,24.5028209774904,0 79.1256805383184,24.5028124702465,0 79.1256829912228,24.5028070388105,0 79.1256839118573,24.5028048393686,0 79.1256847058593,24.5028025989808,0 79.1256853710673,24.5028003237467,0 79.12568590567,24.502798019861,0 79.1256863082121,24.502795693596,0 79.1256865775975,24.5027933512852,0 79.1256867130929,24.5027909993057,0 79.1256867143294,24.5027886440611,0 79.1256865813035,24.5027862919637,0 79.1256863143775,24.5027839494171,0 79.1256859143764,24.5027811494172,0 79.1256854664151,24.5027785885253,0 79.1256848584544,24.5027760554017,0 79.1256840925015,24.5027735584089,0 79.1256825924999,24.5027691584093,0 79.1256818322276,24.5027671033746,0 79.1256809649152,24.5027650841414,0 79.1256799925663,24.5027631053746,0 79.1256789174274,24.5027611716458,0 79.1256733174249,24.5027516716472,0 79.1256717998465,24.5027492760831,0 79.1256701245996,24.502746970168,0 79.1256611245974,24.5027353701703,0 79.125659199093,24.5027330507511,0 79.1256571141136,24.502730849793,0 79.1256478141129,24.5027216497951,0 79.1256460249112,24.5027199696084,0 79.1256441427263,24.5027183767476,0 79.1256421726421,24.5027168755151,0 79.1256401199798,24.5027154699657,0 79.1256379902838,24.5027141638959,0 79.1256357893065,24.5027129608335,0 79.1256335229928,24.502711864028,0 79.1256311974642,24.5027108764419,0 79.1256288190019,24.5027100007427,0 79.1256263940303,24.5027092392958,0 79.1256239290995,24.5027085941578,0 79.1256214308672,24.5027080670712,0 79.1256189060813,24.5027076594598,0 79.1256163615614,24.5027073724246,0 79.1256138041803,24.5027072067407,0 79.1256112408456,24.5027071628558,0 79.125608678481,24.5027072408884,0 79.1256061240076,24.5027074406277,0 79.1256035843251,24.5027077615342,0 79.1256010662932,24.5027082027411,0 79.1255955662951,24.5027093027409,0 79.1255930474912,24.5027098703844,0 79.1255905647806,24.5027105583982,0 79.1255881250287,24.5027113648796,0 79.125585914861,24.5027122181533,0 79.1255860317217,24.5027115276318,0 79.125586293882,24.5027091567102,0 79.1255864189297,24.5027067764329,0 79.1255864065162,24.5027043934341,0 79.1255862566762,24.5027020143556,0 79.1255859698272,24.5026996458285,0 79.1255855467689,24.5026972944542,0 79.1255849886803,24.5026949667866,0 79.1255762886684,24.5026627667886,0 79.1255756152934,24.5026605241766,0 79.1255627152796,24.5026215241798,0 79.1255618803628,24.5026192245493,0 79.1255609117789,24.5026169692305,0 79.1255598123193,24.5026147647232,0 79.1255585851525,24.5026126173808,0 79.1255572338154,24.5026105333918,0 79.1255557622023,24.5026085187623,0 79.1255541745545,24.5026065792984,0 79.1255524754476,24.5026047205895,0 79.1255506697783,24.5026029479924,0 79.1255487627505,24.5026012666157,0 79.1255467598603,24.5025996813051,0 79.1255446668799,24.5025981966294,0 79.1255424898412,24.5025968168674,0 79.1255215898443,24.5025843168713,0 79.125519413377,24.5025830876376,0 79.1255171702063,24.502581963277,0 79.1255148663624,24.5025809468121,0 79.1255125080384,24.5025800409754,0 79.125510101574,24.5025792482018,0 79.1255076534383,24.5025785706226,0 79.1255051702123,24.5025780100593,0 79.1255026585714,24.5025775680187,0 79.1255001252674,24.5025772456891,0 79.1254975771105,24.502577043937,0 79.1254950209504,24.5025769633047,0 79.1254924636588,24.5025770040091,0 79.1254899121101,24.5025771659407,0 79.1254873731634,24.5025774486641,0 79.1254848536439,24.5025778514194,0 79.1254823603246,24.5025783731239,0 79.1254798999079,24.5025790123751,0 79.1254774790081,24.5025797674547,0 79.125475104133,24.5025806363327,0 79.1254727816667,24.5025816166735,0 79.1254705178525,24.5025827058417,0 79.125468318776,24.5025839009094,0 79.1254661903486,24.5025851986641,0 79.1254641382922,24.502586595617,0 79.125462168123,24.502588088013,0 79.1254602851373,24.5025896718401,0 79.1254584943968,24.5025913428407,0 79.1254568007155,24.5025930965228,0 79.1254552086463,24.5025949281722,0 79.125453722469,24.502596832865,0 79.1254523461789,24.5025988054811,0 79.1254510834756,24.5026008407175,0 79.1254499377535,24.5026029331033,0 79.1254489120926,24.5026050770135,0 79.1254480092501,24.5026072666851,0 79.125447231653,24.5026094962317,0 79.1254465813916,24.5026117596597,0 79.125446060214,24.5026140508848,0 79.1254456695213,24.5026163637475,0 79.1254454103636,24.5026186920304,0 79.1254452834378,24.5026210294747,0 79.1254452890849,24.5026233697968,0 79.1254454272898,24.5026257067054,0 79.125445697681,24.5026280339186,0 79.1254460995317,24.5026303451801,0 79.1254466317615,24.5026326342769,0 79.1254482317593,24.5026387342773,0 79.1254489007341,24.502641019166,0 79.1254496996049,24.5026432688499,0 79.1254502963956,24.5026446911814,0 79.1254463137019,24.5026508138284,0 79.1254374237996,24.5026422717931,0 79.1254356208535,24.5026406265898,0 79.125433727534,24.5026390687028,0 79.1254317488857,24.5026376022825,0 79.1254296901799,24.5026362312359,0 79.1254275569017,24.5026349592159,0 79.1254253547345,24.5026337896113,0 79.1254251547345,24.5026336896113,0 79.1254228139409,24.5026325923226,0 79.1254204125609,24.5026316107485,0 79.1254179574205,24.5026307476793,0 79.1254154554988,24.5026300055682,0 79.1254129139074,24.5026293865248,0 79.1254103398713,24.5026288923087,0 79.1254097398715,24.5026287923087,0 79.1254071658081,24.5026284272599,0 79.1254045742747,24.5026281870447,0 79.1254019724968,24.5026280723327,0 79.1253993677286,24.5026280834438,0 79.1253967672326,24.502628220347,0 79.1253941782595,24.5026284826606,0 79.1253916080276,24.5026288696533,0 79.1253890637032,24.502629380246,0 79.1253865523802,24.5026300130151,0 79.1253840810607,24.5026307661964,0 79.1253816566351,24.5026316376898,0 79.1253792858629,24.5026326250656,0 79.1253769753543,24.5026337255708,0 79.1253747315515,24.5026349361369,0 79.1253725607103,24.5026362533888,0 79.1253721934669,24.502636502732,0 79.1253669441471,24.5026233333967,0 79.1253659978563,24.5026211392434,0 79.1253649275903,24.5026189933193,0 79.1253637362717,24.5026169014845,0 79.125362427154,24.5026148694515,0 79.1253610038122,24.5026129027695,0 79.1253594701332,24.5026110068094,0 79.1253578303053,24.5026091867486,0 79.1253560888066,24.5026074475575,0 79.125354250393,24.5026057939856,0 79.1253523200848,24.5026042305486,0 79.1253503031535,24.5026027615159,0 79.1253482051071,24.5026013908994,0 79.125346031675,24.502600122442,0 79.1253437887926,24.5025989596076,0 79.1253414825849,24.5025979055718,0 79.1253391193497,24.5025969632131,0 79.1253367055408,24.5025961351048,0 79.1253342477499,24.5025954235084,0 79.125331752689,24.5025948303672,0 79.1253292271716,24.502594357301,0 79.1253266780947,24.5025940056016,0 79.1253241124193,24.5025937762295,0 79.125321537152,24.5025936698111,0 79.1253189593255,24.502593686637,0 79.1253163859794,24.5025938266612,0 79.1253138241413,24.5025940895013,0 79.125311280807,24.5025944744396,0 79.1253087629222,24.5025949804249,0 79.1253062773628,24.5025956060753,0 79.1253038309165,24.5025963496824,0 79.1253014302642,24.5025972092154,0 79.1252990819617,24.5025981823271,0 79.125296792422,24.50259926636,0 79.1252945678975,24.5026004583537,0 79.1252924144629,24.5026017550532,0 79.1252903379992,24.5026031529174,0 79.1252883441767,24.5026046481287,0 79.1252864384404,24.5026062366041,0 79.1252846259945,24.5026079140057,0 79.1252829117885,24.5026096757526,0 79.1252813005038,24.5026115170338,0 79.1252797965406,24.502613432821,0 79.1252784040059,24.5026154178825,0 79.1252771267026,24.5026174667974,0 79.1252759681188,24.5026195739702,0 79.1252749314185,24.5026217336467,0 79.1252740194327,24.5026239399291,0 79.125273234652,24.5026261867923,0 79.1252725792194,24.5026284681005,0 79.125272054925,24.5026307776237,0 79.1252716632005,24.5026331090548,0 79.1252715740507,24.5026339197647,0 79.1252598165397,24.5026404864592,0 79.1252418530613,24.5026351034637,0 79.1252393825765,24.50263442803,0 79.1252368768973,24.5026338716327,0 79.1252343428689,24.5026334357918,0 79.1252317874142,24.5026331216981,0 79.1252292175145,24.5026329302097,0 79.1252266401908,24.5026328618496,0 79.1252240624841,24.5026329168047,0 79.1252214914365,24.5026330949248,0 79.1252189340721,24.5026333957232,0 79.1252163973774,24.5026338183783,0 79.1252138882825,24.5026343617354,0 79.1252114136422,24.50263502431,0 79.1252089802171,24.5026358042919,0 79.125206594655,24.5026366995505,0 79.1252042634733,24.5026377076397,0 79.1252019930407,24.5026388258057,0 79.1251997895598,24.5026400509935,0 79.1251976590505,24.5026413798562,0 79.125195607333,24.5026428087632,0 79.1251936400128,24.5026443338109,0 79.1251917624643,24.502645950833,0 79.1251910723004,24.5026466107722,0 79.1251756519236,24.5026421559967,0 79.1251731778997,24.5026415057192,0 79.1251706701737,24.5026409744112,0 79.1251681355734,24.5026405635194,0 79.1251655810001,24.5026402741626,0 79.1251630134092,24.5026401071286,0 79.1251604397918,24.5026400628722,0 79.125157867155,24.5026401415139,0 79.1251553025038,24.5026403428395,0 79.125152752821,24.502640666301,0 79.1251502250488,24.5026411110176,0 79.1251477260697,24.5026416757784,0 79.125145262688,24.5026423590458,0 79.1251428416108,24.5026431589593,0 79.1251404694302,24.502644073341,0 79.125138152605,24.5026450997012,0 79.1251358974435,24.5026462352454,0 79.1251337100859,24.5026474768817,0 79.125131596488,24.5026488212295,0 79.1251295624046,24.5026502646284,0 79.1251276133739,24.5026518031483,0 79.1251257547028,24.5026534326003,0 79.125123991452,24.5026551485477,0 79.1251223284225,24.5026569463183,0 79.1251207701423,24.5026588210173,0 79.1251193208542,24.5026607675402,0 79.1251179845043,24.5026627805872,0 79.1251167647313,24.5026648546772,0 79.1251156648562,24.5026669841629,0 79.1251146878738,24.5026691632461,0 79.1251138364442,24.5026713859938,0 79.1251131128857,24.502673646354,0 79.1251130503611,24.502673887706,0 79.1251105382817,24.5026738685574,0 79.1251079955383,24.5026739692919,0 79.1251054618571,24.5026741898926,0 79.1251029439825,24.5026745297724,0 79.1251004486167,24.5026749880265,0 79.1250980486176,24.5026754880264,0 79.1250955314822,24.5026760766316,0 79.1250930517044,24.5026767856799,0 79.1250906161623,24.5026776132047,0 79.1250882316113,24.5026785569106,0 79.1250859046654,24.5026796141801,0 79.1250836417788,24.5026807820807,0 79.1250814492281,24.5026820573729,0 79.1250793330948,24.5026834365195,0 79.1250772992484,24.5026849156952,0 79.12507535333,24.5026864907971,0 79.1250735007373,24.5026881574565,0 79.1250717466085,24.5026899110505,0 79.1250700958092,24.5026917467152,0 79.1250697250321,24.5026922063488,0 79.1250690063715,24.5026920873024,0 79.1250664290163,24.5026917875594,0 79.1250638379889,24.5026916123953,0 79.1250612404764,24.5026915622959,0 79.1250586436837,24.5026916374002,0 79.125056054814,24.5026918375,0 79.1250534810482,24.5026921620401,0 79.1250509295255,24.5026926101204,0 79.1250484073233,24.5026931804979,0 79.1250459214379,24.5026938715906,0 79.1250434787644,24.5026946814814,0 79.1250410860786,24.502695607924,0 79.1250387500172,24.5026966483484,0 79.12503647706,24.5026977998688,0 79.1250342735119,24.5026990592911,0 79.1250321454851,24.5027004231218,0 79.1250300988822,24.5027018875779,0 79.1250281393803,24.5027034485973,0 79.1250262724145,24.5027051018501,0 79.1250245031637,24.5027068427503,0 79.1250228365352,24.5027086664691,0 79.1250212771521,24.5027105679479,0 79.1250198293397,24.5027125419121,0 79.1250184971142,24.5027145828866,0 79.1249969971069,24.50274958288,0 79.1249957904838,24.5027516735157,0 79.1249947051485,24.5027538190936,0 79.1249937440788,24.5027560137275,0 79.1249929099113,24.5027582513965,0 79.1249922049346,24.5027605259614,0 79.1249916310827,24.5027628311821,0 79.1249911899299,24.5027651607342,0 79.1249908826867,24.5027675082267,0 79.1249907101959,24.5027698672193,0 79.1249906729307,24.5027722312401,0 79.1249907709935,24.5027745938035,0 79.1249910041151,24.5027769484278,0 79.124991371656,24.5027792886532,0 79.1249918726079,24.5027816080593,0 79.1249925055964,24.5027839002828,0 79.124993268885,24.502786159035,0 79.1249941603795,24.5027883781192,0 79.1249951776343,24.5027905514473,0 79.1249963178584,24.5027926730569,0 79.1249975779237,24.5027947371272,0 79.1249989543733,24.5027967379956,0 79.1250004434308,24.5027986701728,0 79.1250020410112,24.5028005283578,0 79.1250037427313,24.5028023074527,0 79.1250055439227,24.5028040025766,0 79.1250074396438,24.502805609079,0 79.1250094246937,24.5028071225525,0 79.1250114936264,24.5028085388449,0 79.1250136407659,24.5028098540705,0 79.1250165407382,24.5028115315059,0 79.1250275426459,24.5028244908124,0 79.1250291763514,24.5028263147576,0 79.1250309119345,24.5028280581402,0 79.1250327446578,24.5028297162015,0 79.1250346695188,24.5028312844157,0 79.1250366812635,24.5028327585023,0 79.1250387744005,24.5028341344375,0 79.1250409432167,24.5028354084657,0 79.1250431817919,24.5028365771093,0 79.1250454840159,24.5028376371785,0 79.1250478436046,24.5028385857797,0 79.1250502541173,24.5028394203236,0 79.1250527089743,24.5028401385323,0 79.1250552014749,24.5028407384453,0 79.1250577248157,24.5028412184252,0 79.1250598726285,24.5028415209028,0 79.1250581488508,24.5028420437505,0 79.1250557259011,24.5028429108919,0 79.1250533562841,24.5028438937134,0 79.1250510465909,24.5028449894812,0 79.1250488032458,24.5028461951473,0 79.1250466324888,24.5028475073584,0 79.1250445403577,24.5028489224644,0 79.1250425326719,24.5028504365292,0 79.1250406150156,24.5028520453415,0 79.125038792723,24.5028537444264,0 79.1250370708626,24.5028555290579,0 79.1250354542238,24.502857394272,0 79.1250339473033,24.5028593348806,0 79.1250325542926,24.502861345486,0 79.1250312790664,24.5028634204956,0 79.1250301251717,24.5028655541378,0 79.125029095818,24.5028677404779,0 79.1250281938686,24.5028699734347,0 79.1250274218322,24.502872246797,0 79.1250267818561,24.5028745542417,0 79.1250262757206,24.5028768893504,0 79.1250259048335,24.5028792456283,0 79.1250256702263,24.5028816165211,0 79.1250255725516,24.5028839954344,0 79.1250256120811,24.5028863757511,0 79.1250257120803,24.5028885757511,0 79.1250258892953,24.5028909565656,0 79.1250262037711,24.5028933254834,0 79.1250266546288,24.5028956758834,0 79.1250272406081,24.5028980011966,0 79.1250279600714,24.5029002949238,0 79.1250288110079,24.5029025506542,0 79.1250297910391,24.5029047620832,0 79.1250308974261,24.5029069230301,0 79.1250321270765,24.5029090274551,0 79.1250451270711,24.5029299274584,0 79.125046259701,24.5029316573148,0 79.1250474756382,24.5029333391565,0 79.1250487724559,24.5029349696266,0 79.1250507724556,24.5029373696271,0 79.1250523869342,24.5029392055578,0 79.1250541039249,24.5029409618907,0 79.1250559187481,24.502942633839,0 79.1250578264575,24.5029442168459,0 79.1250598218539,24.5029457065969,0 79.125061899499,24.502947099032,0 79.1250640537302,24.502948390356,0 79.1250662786763,24.5029495770497,0 79.1250685682734,24.5029506558786,0 79.1250709162814,24.5029516239026,0 79.1250733163008,24.5029524784833,0 79.1250757617907,24.5029532172916,0 79.1250782460858,24.502953838314,0 79.1250807624155,24.5029543398579,0 79.1250833039217,24.5029547205564,0 79.1250858636777,24.5029549793718,0 79.1250884347069,24.5029551155989,0 79.1250910100023,24.5029551288664,0 79.1250935825449,24.502955019138,0 79.1250961453236,24.5029547867128,0 79.1250986913535,24.5029544322244,0 79.1251012136958,24.5029539566387,0 79.1251037054758,24.5029533612521,0 79.1251061599024,24.5029526476872,0 79.1251085702862,24.5029518178888,0 79.1251109300578,24.5029508741184,0 79.1251122226333,24.5029502818265,0 79.1251206404492,24.5029634239339,0 79.1251220038391,24.5029654302194,0 79.125123480083,24.5029673684843,0 79.1251250651369,24.5029692334187,0 79.1251267546586,24.502971019914,0 79.1251285440198,24.5029727230761,0 79.1251304283187,24.5029743382392,0 79.1251324023934,24.5029758609788,0 79.125134460836,24.5029772871234,0 79.1251365980076,24.5029786127663,0 79.1251388080535,24.5029798342758,0 79.1251410849195,24.5029809483058,0 79.1251526411957,24.5029862515293,0 79.125155236072,24.5029878853405,0 79.1251574246521,24.5029891866421,0 79.1251584676404,24.5029897372901,0 79.1251555603811,24.5029966716355,0 79.1251536207873,24.5029959395063,0 79.1251512031588,24.5029951587771,0 79.1251487444663,24.5029944940329,0 79.1251462513508,24.5029939470692,0 79.1251437305463,24.5029935193634,0 79.1251411888614,24.5029932120707,0 79.1251386331614,24.5029930260212,0 79.1251360703491,24.5029929617172,0 79.1251335073468,24.5029930193326,0 79.1251332285943,24.5029930388933,0 79.1251290182526,24.5029854236708,0 79.1251277930467,24.5029833445593,0 79.1251264506536,24.5029813269413,0 79.1251249947494,24.5029793763419,0 79.1251234293211,24.5029774981027,0 79.1251217586556,24.5029756973672,0 79.1251199873278,24.5029739790668,0 79.1251181201886,24.5029723479068,0 79.125116162351,24.5029708083542,0 79.1251141191765,24.5029693646249,0 79.1251119962603,24.5029680206726,0 79.1251097994158,24.5029667801776,0 79.125107534659,24.5029656465369,0 79.125105208192,24.5029646228551,0 79.1251028263856,24.5029637119354,0 79.1251003957623,24.5029629162723,0 79.1250979229784,24.5029622380447,0 79.1250954148054,24.50296167911,0 79.1250928781118,24.5029612409987,0 79.1250903198443,24.5029609249106,0 79.1250877470086,24.5029607317113,0 79.1250851666504,24.5029606619298,0 79.1250825858358,24.5029607157573,0 79.1250800116323,24.5029608930463,0 79.1250774510893,24.5029611933114,0 79.1250749112187,24.5029616157302,0 79.1250723989758,24.5029621591461,0 79.1250699212403,24.5029628220708,0 79.1250674847975,24.5029636026891,0 79.1250650963193,24.5029644988631,0 79.1250627623467,24.5029655081387,0 79.125060489271,24.5029666277522,0 79.1250582833169,24.5029678546374,0 79.1250561505255,24.5029691854346,0 79.1250540967373,24.5029706164995,0 79.1250521275765,24.5029721439131,0 79.1250502484356,24.5029737634927,0 79.1250484644606,24.5029754708031,0 79.1250467805367,24.5029772611689,0 79.1250452012754,24.5029791296873,0 79.1250437310014,24.5029810712413,0 79.125042373741,24.5029830805142,0 79.1250411332111,24.5029851520036,0 79.1250400128087,24.5029872800368,0 79.1250390156021,24.5029894587862,0 79.125038144322,24.5029916822855,0 79.1250374013546,24.5029939444457,0 79.1250367887342,24.5029962390719,0 79.1250363081387,24.5029985598803,0 79.125035960884,24.5030009005156,0 79.1250357479212,24.503003254568,0 79.1250356698335,24.503005615591,0 79.1250357268346,24.503007977119,0 79.1250359187686,24.503010332685,0 79.1250362451098,24.5030126758385,0 79.1250367049645,24.5030150001628,0 79.1250408448486,24.5030331952423,0 79.1250406122239,24.5030336062354,0</coordinates></LinearRing></outerBoundaryIs><innerBoundaryIs><LinearRing><coordinates>79.1254451046357,24.5035040883681,0 79.1254463213807,24.5035029200195,0 79.1254464767661,24.5035031318825,0 79.1254474343591,24.5035042995134,0 79.125445977333,24.5035049742381,0 79.1254452157661,24.5035053741323,0 79.1254448550511,24.503504304063,0 79.1254451046357,24.5035040883681,0</coordinates></LinearRing></innerBoundaryIs><innerBoundaryIs><LinearRing><coordinates>79.1254339876405,24.5036171877321,0 79.1254314322812,24.5036168568368,0 79.1254288615062,24.5036166486783,0 79.1254262823519,24.5036165638264,0 79.1254237018773,24.5036166025135,0 79.1254221672803,24.5036166991405,0 79.1254216935549,24.5036155657105,0 79.1254206325739,24.5036133814486,0 79.1254200393158,24.5036123159546,0 79.1254211514713,24.5036120490804,0 79.1254235980425,24.5036113356018,0 79.1254260007246,24.5036105066008,0 79.1254283530075,24.5036095643237,0 79.1254306485175,24.5036085113236,0 79.1254328810351,24.5036073504535,0 79.1254345400211,24.5036063799765,0 79.1254357128168,24.5036174960813,0 79.1254339876405,24.5036171877321,0</coordinates></LinearRing></innerBoundaryIs><innerBoundaryIs><LinearRing><coordinates>79.1254801348742,24.5040851180801,0 79.1254808361343,24.5040828277569,0 79.1254814045709,24.5040805068138,0 79.1254818386057,24.504078161695,0 79.1254821370334,24.5040757989121,0 79.1254822990256,24.5040734250257,0 79.1254823241323,24.5040710466272,0 79.1254822122839,24.5040686703206,0 79.125481963791,24.5040663027041,0 79.1254815793436,24.5040639503515,0 79.125481060009,24.5040616197945,0 79.1254804072294,24.5040593175043,0 79.1254796228173,24.5040570498734,0 79.1254787089507,24.5040548231982,0 79.125477668167,24.5040526436615,0 79.1254765033562,24.5040505173149,0 79.1254752177526,24.5040484500626,0 79.1254738149257,24.5040464476445,0 79.1254722987707,24.5040445156207,0 79.1254706734975,24.5040426593556,0 79.1254689436188,24.5040408840035,0 79.1254671139378,24.5040391944938,0 79.1254661826406,24.5040384206838,0 79.1254666346154,24.5040381071577,0 79.1254722984888,24.5040339792495,0 79.1254856973327,24.5040499192557,0 79.1254873216927,24.50405175061,0 79.1254890483808,24.5040535018274,0 79.1254908726827,24.5040551681266,0 79.1254927896175,24.504056744958,0 79.1254947939512,24.5040582280163,0 79.1254968802113,24.5040596132524,0 79.1254990427017,24.504060896884,0 79.1255012755181,24.5040620754064,0 79.1255035725641,24.504063145602,0 79.1255059275681,24.5040641045485,0 79.1255083341,24.504064949628,0 79.1255107855893,24.5040656785328,0 79.1255132753427,24.5040662892731,0 79.1255157965621,24.5040667801811,0 79.1255173876934,24.5040670112665,0 79.1255173971482,24.5040681247399,0 79.1255175166688,24.5040699513137,0 79.125517380814,24.5040705447645,0 79.1255169984405,24.5040727569617,0 79.1255167364622,24.5040749837905,0 79.125516595524,24.5040772197687,0 79.125516575973,24.5040794593911,0 79.1255166778572,24.504081697144,0 79.1255171467847,24.5040881449321,0 79.1254794410951,24.5040869967655,0 79.1254801348742,24.5040851180801,0</coordinates></LinearRing></innerBoundaryIs><innerBoundaryIs><LinearRing><coordinates>79.1254050381502,24.5042269459797,0 79.1254063650464,24.5042289536823,0 79.1254078041644,24.5042308955845,0 79.1254093516158,24.5042327664398,0 79.1254110032198,24.5042345611932,0 79.1254127545138,24.5042362749956,0 79.1254146007661,24.5042379032165,0 79.1254165369885,24.5042394414567,0 79.1254185579494,24.5042408855601,0 79.1254206581886,24.5042422316249,0 79.1254228320314,24.5042434760142,0 79.1254250736045,24.5042446153659,0 79.1254273768515,24.5042456466015,0 79.1254297355493,24.5042465669349,0 79.1254321433249,24.5042473738793,0 79.1254345936729,24.5042480652546,0 79.1254370799728,24.5042486391928,0 79.125439595507,24.5042490941431,0 79.1254421334788,24.5042494288763,0 79.125444687031,24.504249642488,0 79.1254472492642,24.5042497344011,0 79.1254498132556,24.5042497043673,0 79.1254523720776,24.5042495524676,0 79.1254549188167,24.5042492791125,0 79.1254574465919,24.5042488850406,0 79.125459227026,24.5042485194696,0 79.1254561297082,24.5042514435104,0 79.12541399674,24.5042668003934,0 79.1254122805456,24.5042653673601,0 79.1254102690148,24.5042638576256,0 79.1254081732942,24.5042624470263,0 79.125405999213,24.5042611394856,0 79.1254037528181,24.5042599386401,0 79.1254014403575,24.50425884783,0 79.125399068263,24.5042578700892,0 79.1253966431325,24.5042570081371,0 79.125394171711,24.5042562643712,0 79.1253916608727,24.5042556408602,0 79.125389117601,24.5042551393383,0 79.1253865489697,24.5042547612004,0 79.1253839621233,24.5042545074983,0 79.1253813642568,24.5042543789375,0 79.1253787625956,24.5042543758758,0 79.1253761643762,24.5042544983215,0 79.1253735768252,24.5042547459342,0 79.1253710071394,24.504255118025,0 79.1253684624663,24.5042556135592,0 79.1253535964404,24.5042588856628,0 79.1253534891205,24.5042586065705,0 79.1253527302344,24.5042567869705,0 79.1253550119541,24.5042563570338,0 79.1253575121065,24.504255759533,0 79.1253599746357,24.5042550430624,0 79.1253747746403,24.5042503430611,0 79.1253772226491,24.5042494984588,0 79.1253796182785,24.5042485362912,0 79.1253819547905,24.5042474592648,0 79.1253842256132,24.5042462704088,0 79.1253864243595,24.5042449730671,0 79.1253880243598,24.5042439730668,0 79.1253901241027,24.504242585378,0 79.1253921413491,24.5042410987584,0 79.1253940705378,24.5042395173065,0 79.1253959063503,24.504237845382,0 79.1253976437255,24.5042360875942,0 79.1253992778738,24.504234248789,0 79.12540080429,24.5042323340359,0 79.125402218766,24.5042303486135,0 79.1254035174024,24.5042282979953,0 79.1254046348654,24.5042262983399,0 79.1254050381502,24.5042269459797,0</coordinates></LinearRing></innerBoundaryIs><innerBoundaryIs><LinearRing><coordinates>79.1255779425308,24.5042803206383,0 79.125579645273,24.5042801072183,0 79.125600309003,24.5042771808534,0 79.1255990858677,24.5042782764968,0 79.1255973494428,24.5042800024948,0 79.1255957133667,24.5042818087098,0 79.1255941820587,24.5042836902632,0 79.125592759655,24.5042856420725,0 79.1255914499977,24.5042876588656,0 79.1255902566245,24.5042897351949,0 79.1255891827588,24.504291865452,0 79.1255882313012,24.5042940438826,0 79.1255874048218,24.5042962646027,0 79.125586705553,24.5042985216136,0 79.1255861353837,24.504300808819,0 79.125585695854,24.5043031200406,0 79.1255853881511,24.5043054490357,0 79.1255852131061,24.5043077895133,0 79.1255851711919,24.5043101351514,0 79.1255852625217,24.5043124796141,0 79.1255854868489,24.5043148165687,0 79.1255858435674,24.5043171397027,0 79.1255863317138,24.5043194427411,0 79.1255869499696,24.504321719463,0 79.1255871137967,24.5043222118595,0 79.1255862580049,24.5043229013467,0 79.1255854005588,24.5043236673257,0 79.1255851652319,24.5043230352839,0 79.1255842105097,24.5043208511186,0 79.1255831327252,24.5043187154305,0 79.1255819348058,24.50431663402,0 79.1255806200049,24.5043146125401,0 79.1255791918936,24.5043126564812,0 79.1255776543506,24.5043107711559,0 79.1255760115517,24.5043089616847,0 79.1255742679588,24.504307232982,0 79.1255724283074,24.504305589743,0 79.1255704975941,24.5043040364306,0 79.1255684810625,24.5043025772636,0 79.1255663841895,24.5043012162051,0 79.1255642126702,24.5042999569517,0 79.1255619724024,24.5042988029234,0 79.1255596694705,24.5042977572546,0 79.1255573101293,24.5042968227853,0 79.1255549007867,24.5042960020535,0 79.1255524479864,24.5042952972882,0 79.1255499583901,24.5042947104036,0 79.1255474387596,24.5042942429937,0 79.125544895938,24.5042938963278,0 79.1255442223721,24.5042938371123,0 79.1255456669508,24.504289522891,0 79.1255463583339,24.5042872471064,0 79.1255469186616,24.5042849413443,0 79.1255471500469,24.5042836812396,0 79.1255779425308,24.5042803206383,0</coordinates></LinearRing></innerBoundaryIs><innerBoundaryIs><LinearRing><coordinates>79.1256412989454,24.504262774838,0 79.1256430791643,24.5042610865453,0 79.1256447611142,24.5042593159011,0 79.1256463402518,24.5042574676883,0 79.1256478123115,24.5042555468994,0 79.1256491733169,24.5042535587229,0 79.1256504195915,24.5042515085294,0 79.125651547769,24.504249401857,0 79.1256525548017,24.5042472443962,0 79.1256534379696,24.5042450419749,0 79.1256541948869,24.5042428005423,0 79.1256548235091,24.5042405261532,0 79.125655322138,24.5042382249511,0 79.1256556894268,24.5042359031523,0 79.1256559243833,24.5042335670283,0 79.1256560263729,24.5042312228898,0 79.1256559951201,24.5042288770686,0 79.1256558307093,24.5042265359016,0 79.1256555335847,24.5042242057127,0 79.1256551045488,24.5042218927963,0 79.1256545447606,24.5042196034002,0 79.1256538557322,24.5042173437085,0 79.1256531330216,24.5042151912905,0 79.1256533123039,24.504215303583,0 79.1256555217188,24.5042165369261,0 79.1256577987855,24.5042176625448,0 79.1256601372364,24.5042186773407,0 79.1256625306348,24.5042195785207,0 79.125664972393,24.5042203636043,0 79.1256674557899,24.5042210304305,0 79.1256699739901,24.5042215771639,0 79.1256725200622,24.5042220022996,0 79.1256750869981,24.5042223046674,0 79.1256776677323,24.504222483435,0 79.1256802551613,24.5042225381104,0 79.1256828421633,24.5042224685431,0 79.1256854216174,24.5042222749245,0 79.1256879864238,24.5042219577876,0 79.1256905295228,24.5042215180054,0 79.1256930439145,24.5042209567883,0 79.125695522678,24.504220275681,0 79.1256979589905,24.5042194765584,0 79.1257003461461,24.50421856162,0 79.1257026775742,24.5042175333841,0 79.1257049468574,24.5042163946811,0 79.1257071477495,24.5042151486452,0 79.1257092741926,24.504213798706,0 79.1257113203337,24.5042123485794,0 79.1257132805408,24.5042108022568,0 79.125731032861,24.5041960379486,0 79.1257771100865,24.5041669564175,0 79.1257792017155,24.5041655607899,0 79.1257812104527,24.5041640666869,0 79.1257831307664,24.5041624782229,0 79.1257849573686,24.504160799772,0 79.1257866852294,24.5041590359562,0 79.1257883095908,24.5041571916325,0 79.1257898259796,24.5041552718799,0 79.1257912302202,24.5041532819847,0 79.1257925184456,24.5041512274265,0 79.1257936871085,24.5041491138631,0 79.1257947329907,24.5041469471146,0 79.1257956532121,24.5041447331477,0 79.1257964452387,24.504142478059,0 79.1257971068894,24.5041401880584,0 79.1257976363424,24.504137869452,0 79.1257980321395,24.5041355286245,0 79.1257982931909,24.504133172022,0 79.1257984187777,24.5041308061339,0 79.1257984085542,24.5041284374752,0 79.1257982625485,24.5041260725686,0 79.1257979811626,24.5041237179262,0 79.1257975651714,24.5041213800323,0 79.1257970157204,24.5041190653247,0 79.1257963343227,24.5041167801774,0 79.1257955228547,24.5041145308832,0 79.1257952674793,24.5041139307826,0 79.1257962340286,24.5041134698078,0 79.1257984499623,24.5041122746167,0 79.1258005947972,24.5041109753614,0 79.1258026627019,24.5041095755743,0 79.1258046480538,24.5041080790614,0 79.1258278392918,24.5040896486286,0 79.1258509744612,24.5041013247252,0 79.1258532880011,24.5041024204676,0 79.1258556615322,24.5041034029302,0 79.1258580884355,24.5041042693734,0 79.1258605619429,24.5041050173808,0 79.1258630751565,24.5041056448663,0 79.1258656210676,24.5041061500802,0 79.1258681925764,24.5041065316135,0 79.1258707825115,24.5041067884022,0 79.1258733836504,24.5041069197302,0 79.1258759887391,24.5041069252313,0 79.1258785905126,24.50410680489,0 79.1258811817155,24.5041065590421,0 79.1258815589257,24.5041065047094,0 79.1258815703152,24.5041071573448,0 79.1258799039321,24.5041079641777,0 79.1258777067289,24.5041091654578,0 79.1258755805784,24.504110469399,0 79.1258735312043,24.5041118724911,0 79.1258715641237,24.5041133709567,0 79.1258696846322,24.504114960762,0 79.1258678977895,24.5041166376269,0 79.1258662084058,24.5041183970374,0 79.1258646210292,24.5041202342568,0 79.125863139933,24.5041221443394,0 79.1258617691044,24.5041241221429,0 79.1258605122338,24.5041261623431,0 79.1258593727048,24.5041282594474,0 79.1258583535851,24.5041304078105,0 79.1258574576183,24.5041326016486,0 79.1258566872164,24.5041348350558,0 79.1258560444533,24.5041371020196,0 79.1258555310594,24.5041393964373,0 79.1258551484169,24.5041417121319,0 79.1258548975558,24.5041440428696,0 79.1258547791516,24.5041463823757,0 79.1258547935228,24.5041487243521,0 79.125854940631,24.5041510624941,0 79.12585522008,24.5041533905072,0 79.1258556311176,24.5041557021242,0 79.1258561726372,24.504157991122,0 79.125856843181,24.5041602513385,0 79.1258576409439,24.5041624766891,0 79.1258585637783,24.5041646611828,0 79.1258596091997,24.5041667989389,0 79.1258607743939,24.5041688842023,0 79.125862056224,24.5041709113594,0 79.1258634512393,24.5041728749529,0 79.1258649556843,24.5041747696966,0 79.125866565509,24.5041765904898,0 79.1258682763794,24.5041783324306,0 79.12587008369,24.5041799908298,0 79.1258719825751,24.5041815612227,0 79.1258739679229,24.5041830393817,0 79.1258909679244,24.5041950393851,0 79.1258924642951,24.5041960411525,0 79.1258889931964,24.5041945991966,0 79.1258865776626,24.5041936657691,0 79.125884111337,24.5041928511,0 79.1258816011877,24.504192157491,0 79.1258790543063,24.5041915869017,0 79.1258764778887,24.5041911409441,0 79.1258738792138,24.5041908208783,0 79.1258712656238,24.5041906276085,0 79.1258686445026,24.5041905616807,0 79.1258660232557,24.5041906232813,0 79.1258634092888,24.5041908122361,0 79.1258608099871,24.5041911280113,0 79.1258582326943,24.5041915697147,0 79.1258556846921,24.5041921360985,0 79.1258531731791,24.5041928255625,0 79.1258507052512,24.5041936361586,0 79.1258482878809,24.5041945655968,0 79.125845927898,24.5041956112511,0 79.12584363197,24.5041967701673,0 79.1258414065836,24.5041980390711,0 79.1258392580261,24.5041994143775,0 79.1258371923679,24.5042008922009,0 79.1258352154449,24.504202468366,0 79.1258333328424,24.5042041384198,0 79.1258315498795,24.5042058976438,0 79.1258298715935,24.5042077410677,0 79.1258283027259,24.5042096634835,0 79.1258268477092,24.5042116594596,0 79.1258255106545,24.504213723357,0 79.125792310643,24.5042682233469,0 79.1257911120309,24.5042703181498,0 79.1257900349498,24.5042724675107,0 79.1257890823553,24.5042746655315,0 79.1257884714776,24.5042763236447,0 79.1257882622584,24.5042758181253,0 79.125787226068,24.5042736615209,0 79.1257860683204,24.5042715573203,0 79.1257847921692,24.5042695112552,0 79.1257834010904,24.5042675288989,0 79.1257818988733,24.5042656156511,0 79.1257802896097,24.5042637767235,0 79.1257785776832,24.5042620171249,0 79.1257767677568,24.5042603416484,0 79.1257748647608,24.5042587548579,0 79.1257728738785,24.5042572610755,0 79.1257708005331,24.5042558643703,0 79.1257686503721,24.5042545685468,0 79.1257664292523,24.5042533771345,0 79.1257641432239,24.5042522933789,0 79.1257617985139,24.5042513202319,0 79.1257594015088,24.5042504603444,0 79.1257569587381,24.5042497160585,0 79.1257544768556,24.5042490894017,0 79.1257519626216,24.5042485820809,0 79.1257494228847,24.5042481954779,0 79.125746864563,24.504247930646,0 79.125744294625,24.5042477883063,0 79.125741720071,24.5042477688467,0 79.1257391479138,24.5042478723202,0 79.1257365851598,24.5042480984449,0 79.1257340387897,24.5042484466048,0 79.1257315157395,24.5042489158516,0 79.1256884593625,24.5042580002752,0 79.1256404206434,24.504263525498,0 79.1256412989454,24.504262774838,0</coordinates></LinearRing></innerBoundaryIs><innerBoundaryIs><LinearRing><coordinates>79.125878825429,24.5040032844267,0 79.1258808344334,24.5040018041017,0 79.1258827561271,24.5040002297139,0 79.1258845852562,24.5039985655678,0 79.1258863168197,24.5039968162132,0 79.1258870404668,24.5039960035056,0 79.1258886226836,24.5039962738448,0 79.1258911935318,24.5039965862371,0 79.1258937787696,24.5039967745729,0 79.125896371252,24.5039968383319,0 79.1258989638138,24.5039967773378,0 79.1259042748063,24.5039965244338,0 79.1259243029779,24.5040081323534,0 79.1259265805915,24.5040093752079,0 79.1259289279058,24.5040105042755,0 79.1259313381375,24.5040115162933,0 79.1259338043213,24.5040124083367,0 79.1259363193305,24.504013177828,0 79.1259388758973,24.5040138225434,0 79.1259414666335,24.5040143406199,0 79.1259440840524,24.5040147305602,0 79.1259467205902,24.5040149912376,0 79.1259493686278,24.5040151218987,0 79.1259502902122,24.5040151219915,0 79.1259490918692,24.5040169090244,0 79.1259478577446,24.5040189861103,0 79.1259467441682,24.5040211194727,0 79.1259457541949,24.5040233032591,0 79.1259455804526,24.5040237515126,0 79.125945064255,24.5040235174473,0 79.125919373269,24.5040098661503,0 79.1259171730302,24.5040087644841,0 79.1259149144407,24.504007766567,0 79.125912603339,24.5040068749788,0 79.1259102456991,24.5040060920241,0 79.1259078476157,24.5040054197268,0 79.1259054152875,24.5040048598248,0 79.1259029550021,24.5040044137655,0 79.1259004731193,24.5040040827018,0 79.1258979760547,24.5040038674896,0 79.1258954702631,24.5040037686852,0 79.1258929622218,24.5040037865439,0 79.1258904584142,24.5040039210197,0 79.1258879653125,24.5040041717649,0 79.1258854893612,24.5040045381314,0 79.1258830369607,24.504005019172,0 79.1258827714658,24.5040050843231,0 79.1258786535281,24.5040033980681,0 79.125878825429,24.5040032844267,0</coordinates></LinearRing></innerBoundaryIs><innerBoundaryIs><LinearRing><coordinates>79.1260006549952,24.5039730560098,0 79.1260031987043,24.5039734030817,0 79.1260057587247,24.5039736283796,0 79.1260083280985,24.5039737312912,0 79.1260108998421,24.5039737115367,0 79.1260134669656,24.5039735691699,0 79.1260160224915,24.5039733045776,0 79.126018559474,24.5039729184791,0 79.1260210710177,24.5039724119238,0 79.1260235502961,24.5039717862884,0 79.1260259905706,24.5039710432734,0 79.1260283852086,24.5039701848984,0 79.1260307277015,24.5039692134964,0 79.1260330116825,24.5039681317076,0 79.1260352309437,24.5039669424723,0 79.1260373794532,24.5039656490228,0 79.1260373887817,24.5039656427459,0 79.1260377730943,24.5039659397339,0 79.1260398423269,24.5039673751453,0 79.126041991239,24.5039687089403,0 79.1260442138765,24.5039699374233,0 79.126046504081,24.5039710571905,0 79.1260488555072,24.5039720651393,0 79.1260509964835,24.503972860031,0 79.1260303675418,24.5039842779096,0 79.1260282069829,24.5039855451392,0 79.1260270954259,24.5039862744081,0 79.1260257785638,24.503985841182,0 79.1260233241367,24.5039851632345,0 79.1260208345306,24.5039846028827,0 79.12601831647,24.5039841616401,0 79.1260157767565,24.5039838406986,0 79.1260132222499,24.5039836409251,0 79.1260106598501,24.5039835628591,0 79.1260080964783,24.5039836067116,0 79.1260055390584,24.503983772364,0 79.1260029944981,24.503984059369,0 79.1260004696704,24.5039844669512,0 79.1259979713951,24.50398499401,0 79.1259977153873,24.5039850610101,0 79.1259978810042,24.5039846602688,0 79.1259986637677,24.5039824198088,0 79.125999317917,24.5039801450804,0 79.1259998416759,24.5039778422604,0 79.1260002336221,24.503975517602,0 79.1260004926912,24.5039731774177,0 79.126000500706,24.5039730273676,0 79.1260006549952,24.5039730560098,0</coordinates></LinearRing></innerBoundaryIs><innerBoundaryIs><LinearRing><coordinates>79.1262546490479,24.5040525167175,0 79.1262573582048,24.5040499901999,0 79.1262583183894,24.5040503764353,0 79.1262606974615,24.5040512022781,0 79.1262631199074,24.5040519147753,0 79.1262655792821,24.5040525120313,0 79.1262680690422,24.5040529924571,0 79.1262705825635,24.5040533547743,0 79.126270648983,24.5040533611587,0 79.1262546490479,24.5040525167175,0</coordinates></LinearRing></innerBoundaryIs><innerBoundaryIs><LinearRing><coordinates>79.1265118222221,24.5040840277724,0 79.1265139893081,24.5040827571824,0 79.1265160810196,24.5040813849005,0 79.1265180916625,24.5040799146621,0 79.1265200157636,24.5040783504696,0 79.1265514157656,24.5040514504627,0 79.1265532366497,24.504049807446,0 79.1265533577482,24.5040496862232,0 79.1265549223698,24.5040512768075,0 79.126556774228,24.504052969497,0 79.126558721603,24.5040545699253,0 79.1265607590119,24.5040560735864,0 79.1265628807186,24.5040574762469,0 79.1265650807494,24.5040587739575,0 79.1265673529103,24.5040599630646,0 79.126569690804,24.5040610402204,0 79.1265720878484,24.5040620023921,0 79.1265745372946,24.5040628468707,0 79.1265747852093,24.5040629188527,0 79.1265390874691,24.5040771466751,0 79.1265117269927,24.504084077395,0 79.1265118222221,24.5040840277724,0</coordinates></LinearRing></innerBoundaryIs><innerBoundaryIs><LinearRing><coordinates>79.1255570567054,24.502748641003,0 79.1255569845459,24.5027491899664,0 79.125556810589,24.5027515582518,0 79.1255567729296,24.5027539316301,0 79.1255568716719,24.5027563035383,0 79.1255571065428,24.5027586674176,0 79.1255574768929,24.5027610167311,0 79.1255619777186,24.5027850729248,0 79.1255616775845,24.5027841968652,0 79.1255607971533,24.5027820244463,0 79.1255496320442,24.5027565042211,0 79.1255495666313,24.5027554239673,0 79.1255493967752,24.5027539865704,0 79.1255570567054,24.502748641003,0</coordinates></LinearRing></innerBoundaryIs><innerBoundaryIs><LinearRing><coordinates>79.1255677131891,24.502815728086,0 79.1255629092343,24.5028115481756,0 79.1255638975886,24.5028047669479,0 79.125564167793,24.5028024631935,0 79.125564308448,24.5028001497872,0 79.125564319183,24.5027978328244,0 79.1255643017584,24.5027974945424,0 79.1255677131891,24.502815728086,0</coordinates></LinearRing></innerBoundaryIs><innerBoundaryIs><LinearRing><coordinates>79.1256777826079,24.5031267199066,0 79.1256771161196,24.5031244324255,0 79.1256763194786,24.5031221800642,0 79.1256753948762,24.5031199690185,0 79.1256752863291,24.5031197453489,0 79.1256789802594,24.503123781311,0 79.1256807622295,24.5031256238401,0 79.1256826512719,24.5031273747882,0 79.1256846417741,24.503129028953,0 79.125686727822,24.5031305814197,0 79.1256889032177,24.5031320275759,0 79.125690901305,24.5031332092465,0 79.1256782627888,24.5031285605977,0 79.1256777826079,24.5031267199066,0</coordinates></LinearRing></innerBoundaryIs><innerBoundaryIs><LinearRing><coordinates>79.1256532945186,24.5030698384168,0 79.1256548444654,24.5030533599653,0 79.12565499988,24.5030528572171,0 79.12565556693,24.5030505784419,0 79.1256560043183,24.5030482758656,0 79.1256563108723,24.5030459556607,0 79.1256564857703,24.5030436240473,0 79.1256565285434,24.5030412872759,0 79.1256564390769,24.503038951611,0 79.125655939074,24.503031451611,0 79.1256557177315,24.5030291243137,0 79.1256553650958,24.5030268106116,0 79.1256548821113,24.5030245167019,0 79.1256545686877,24.5030233552795,0 79.1256810872394,24.5030341068962,0 79.1256795436051,24.5030353707343,0 79.1256776914186,24.5030370570627,0 79.1256726914186,24.5030418570616,0 79.1256709771225,24.5030435905333,0 79.1256693632123,24.5030454028952,0 79.1256678540171,24.5030472892857,0 79.1256664535855,24.5030492446445,0 79.125665165674,24.5030512637264,0 79.1256639937375,24.5030533411154,0 79.1256629409196,24.5030554712388,0 79.1256620100444,24.5030576483827,0 79.1256612036092,24.5030598667069,0 79.125660523777,24.5030621202609,0 79.1256599723715,24.5030644029995,0 79.1256595508719,24.5030667087994,0 79.1256592604089,24.5030690314752,0 79.1256591017616,24.5030713647966,0 79.1256590753555,24.5030737025044,0 79.1256591812616,24.5030760383278,0 79.12565934965,24.503077685646,0 79.1256532945186,24.5030698384168,0</coordinates></LinearRing></innerBoundaryIs><innerBoundaryIs><LinearRing><coordinates>79.1257008860009,24.5031375250566,0 79.1257034538457,24.5031382550119,0 79.1257060613435,24.5031388558576,0 79.1257158613467,24.5031408558585,0 79.125717828613,24.5031412190694,0 79.125719810397,24.5031415087623,0 79.1257606129962,24.503146696725,0 79.1257619582959,24.5031480217949,0 79.1257637606888,24.5031497066184,0 79.1257656567649,24.5031513030313,0 79.1257676413516,24.5031528066783,0 79.1257697090345,24.5031542134573,0 79.1257718541727,24.5031555195303,0 79.1257740709139,24.5031567213341,0 79.1257763532105,24.5031578155901,0 79.1257786948359,24.5031587993128,0 79.1257810894018,24.5031596698186,0 79.1257823136715,24.5031600484455,0 79.1257818837678,24.5031608383792,0 79.1257808594422,24.5031629953327,0 79.1257799592841,24.5031651981757,0 79.1257791857374,24.5031674409285,0 79.1257785409016,24.5031697175027,0 79.1257780265275,24.5031720217185,0 79.1257776440113,24.5031743473207,0 79.1257773943913,24.5031766879963,0 79.1257772783453,24.5031790373912,0 79.1257772961882,24.5031813891278,0 79.1257774478716,24.503183736822,0 79.1257777329838,24.5031860741008,0 79.1257781507507,24.5031883946193,0 79.1257787000384,24.5031906920783,0 79.1257793793557,24.5031929602411,0 79.1257801868586,24.5031951929504,0 79.1257811130866,24.503197367084,0 79.1257810386071,24.5031976054053,0 79.1257808747985,24.5031982534526,0 79.1257808209629,24.5031982456603,0 79.1257782351865,24.5031979982781,0 79.1257756387575,24.5031978758926,0 79.1257737953949,24.5031978779851,0 79.1257589328406,24.5031934689983,0 79.125750052299,24.503182937304,0 79.1257465906873,24.5031777095665,0 79.1257451679545,24.5031756848125,0 79.1257436292815,24.5031737323369,0 79.1257419790442,24.5031718576924,0 79.1257402219357,24.5031700662102,0 79.1257383629531,24.5031683629853,0 79.1257364073832,24.5031667528613,0 79.125727945345,24.5031601506133,0 79.1257060644533,24.5031418679171,0 79.1257041596814,24.5031403562211,0 79.125702172982,24.5031389355549,0 79.1257001095454,24.50313760963,0 79.1256986272866,24.5031367571789,0 79.1257008860009,24.5031375250566,0</coordinates></LinearRing></innerBoundaryIs><innerBoundaryIs><LinearRing><coordinates>79.1259635037497,24.5034261382583,0 79.1259661139032,24.5034260796954,0 79.1259687170146,24.5034258948514,0 79.1259713057918,24.5034255842439,0 79.1259738729828,24.5034251487432,0 79.1259764113962,24.5034245895692,0 79.1259789139212,24.5034239082882,0 79.1259813735475,24.5034231068089,0 79.1259837833849,24.5034221873763,0 79.1259861366829,24.503421152566,0 79.1259884268491,24.5034200052768,0 79.1259906474681,24.5034187487227,0 79.1259927923194,24.5034173864236,0 79.1259948553946,24.5034159221956,0 79.1259968309143,24.5034143601406,0 79.1260107475026,24.5034027535925,0 79.1260166509857,24.5034018598381,0 79.1260284867181,24.5034022142014,0 79.1260310402592,24.5034022301458,0 79.1260335912807,24.5034021251593,0 79.126036132947,24.5034018995233,0 79.1260376036108,24.5034016982244,0 79.12604923252,24.5034013601755,0 79.1260484918446,24.5034034017407,0 79.1260478091753,24.5034056736838,0 79.1260472570039,24.5034079751276,0 79.1260468368351,24.5034102998009,0 79.1260465498138,24.5034126413692,0 79.1260463967222,24.5034149934519,0 79.1260459589474,24.5034269883561,0 79.1260418903099,24.50343148527,0 79.1260415164392,24.503431278413,0 79.1260392495018,24.5034301674476,0 79.1260369223726,24.5034291660871,0 79.1260345413756,24.5034282770525,0 79.1260321129813,24.5034275027599,0 79.1260296437888,24.5034268453134,0 79.1260271405083,24.5034263064996,0 79.1260246099425,24.5034258877828,0 79.1260220589682,24.5034255903009,0 79.1260194945178,24.5034254148622,0 79.1260169235603,24.5034253619436,0 79.1260143530822,24.5034254316888,0 79.126011790069,24.5034256239082,0 79.1260092414856,24.5034259380797,0 79.126006714258,24.5034263733492,0 79.1260042152538,24.5034269285341,0 79.1260017512642,24.5034276021256,0 79.1259993289853,24.5034283922932,0 79.1259969549994,24.5034292968895,0 79.1259946357581,24.5034303134563,0 79.125992377564,24.5034314392312,0 79.1259806775666,24.5034376392294,0 79.1259784348553,24.5034389019911,0 79.1259762689806,24.5034402724576,0 79.1259741861141,24.5034417467235,0 79.1259721921909,24.5034433205881,0 79.1259702928926,24.5034449895667,0 79.1259684936313,24.5034467489035,0 79.1259667995339,24.5034485935854,0 79.1259652154277,24.503450518356,0 79.1259637458266,24.5034525177307,0 79.1259625118642,24.5034544069642,0 79.1259617832203,24.5034540917833,0 79.1259616811505,24.5034540506542,0 79.125961990065,24.5034532391941,0 79.1259627046067,24.5034509940983,0 79.1259632911242,24.503448718156,0 79.1259637480434,24.503446417475,0 79.1259640741382,24.5034440982297,0 79.1259642685333,24.5034417666443,0 79.1259643307072,24.5034394289759,0 79.1259642604929,24.5034370914981,0 79.1259640580789,24.503434760484,0 79.1259637240085,24.5034324421893,0 79.1259632591782,24.5034301428356,0 79.1259626648354,24.5034278685935,0 79.1259620958719,24.5034261016398,0 79.1259635037497,24.5034261382583,0</coordinates></LinearRing></innerBoundaryIs><innerBoundaryIs><LinearRing><coordinates>79.1258810902078,24.5034747457505,0 79.1258784860518,24.5034749549021,0 79.125875897661,24.5034752899886,0 79.1258733323042,24.503475750069,0 79.1258707971854,24.5034763338512,0 79.1258682994238,24.5034770396958,0 79.1258658460336,24.5034778656208,0 79.1258634439046,24.5034788093067,0 79.1258610997823,24.5034798681034,0 79.1258597904922,24.5034805406503,0 79.1258606823038,24.5034796129381,0 79.125862287082,24.5034777555796,0 79.1258637832141,24.5034758237796,0 79.1258651665835,24.5034738228531,0 79.1258664333841,24.5034717583056,0 79.1258675801303,24.5034696358177,0 79.1258679933671,24.5034687578617,0 79.1258688394039,24.5034692075394,0 79.1258711217157,24.5034702794848,0 79.1258812601048,24.5034747403772,0 79.1258810902078,24.5034747457505,0</coordinates></LinearRing></innerBoundaryIs><innerBoundaryIs><LinearRing><coordinates>79.125804344324,24.5034925603913,0 79.1258067685785,24.5034933883015,0 79.1258092369424,24.5034940987576,0 79.1258117426243,24.503494689805,0 79.1258142787297,24.5034951598173,0 79.1258168382809,24.5034955075014,0 79.1258194142354,24.5034957319006,0 79.1258219995056,24.5034958323976,0 79.1258245869784,24.5034958087157,0 79.125826143488,24.5034957196391,0 79.1258245937407,24.503497147814,0 79.1258228682927,24.503498914342,0 79.1258212465205,24.503500761277,0 79.1258197328921,24.5035026835305,0 79.1258183315775,24.5035046758067,0 79.1258170464375,24.5035067326169,0 79.1258158810126,24.5035088482945,0 79.1258148385135,24.5035110170109,0 79.1258139218125,24.5035132327911,0 79.1258131334348,24.5035154895307,0 79.1258124755527,24.5035177810123,0 79.1258095755488,24.5035290810112,0 79.1258094453795,24.5035296596556,0 79.1258093159145,24.5035297335162,0 79.1258072040034,24.50353108339,0 79.125805171986,24.5035325323036,0 79.125803225404,24.5035340763058,0 79.1258013695658,24.5035357111858,0 79.1258004464633,24.5035366139731,0 79.125799013837,24.503536025124,0 79.1257966071493,24.5035351050766,0 79.1257941506799,24.5035343027098,0 79.1257916512961,24.5035336202667,0 79.1257891159853,24.5035330596554,0 79.125786551835,24.5035326224428,0 79.1257839660138,24.5035323098514,0 79.1257813657504,24.503532122755,0 79.1257787583143,24.5035320616767,0 79.1257761509946,24.5035321267872,0 79.1257735510806,24.5035323179044,0 79.125772179063,24.5035324859224,0 79.1257723906897,24.5035322187892,0 79.1257738048651,24.5035302197189,0 79.1257751018541,24.5035281551885,0 79.1257762780469,24.5035260309439,0 79.1257773301698,24.5035238528974,0 79.1257782552948,24.5035216271109,0 79.1257790508468,24.5035193597793,0 79.1257797146119,24.503517057213,0 79.1257802447425,24.5035147258205,0 79.1257806397633,24.5035123720904,0 79.1257808985747,24.5035100025739,0 79.1257809152167,24.5035096777806,0 79.1257818969497,24.5035092566764,0 79.1257841674648,24.5035081470763,0 79.1257863716344,24.503506930618,0 79.125788503457,24.5035056106133,0 79.1257905571286,24.5035041906564,0 79.1257925270573,24.5035026746133,0 79.1257944078798,24.5035010666117,0 79.1257961944751,24.5034993710299,0 79.1257978819788,24.5034975924844,0 79.1257994657963,24.5034957358176,0 79.1258009416154,24.5034938060847,0 79.1258023054179,24.5034918085399,0 79.1258023338851,24.5034917615552,0 79.125804344324,24.5034925603913,0</coordinates></LinearRing></innerBoundaryIs><innerBoundaryIs><LinearRing><coordinates>79.1257077806692,24.5035631802543,0 79.1257088628056,24.5035610493512,0 79.1257098222878,24.5035588698086,0 79.1257106565157,24.5035566475326,0 79.1257113108316,24.5035545560308,0 79.1257378869295,24.5035514819305,0 79.1257383183688,24.5035514214063,0 79.1257371420591,24.5035530231265,0 79.1257358037309,24.5035550716239,0 79.1257357659862,24.5035551370153,0 79.1257066820892,24.5035650783062,0 79.1257077806692,24.5035631802543,0</coordinates></LinearRing></innerBoundaryIs><innerBoundaryIs><LinearRing><coordinates>79.1257223586921,24.5037435091428,0 79.1257212193553,24.5037455048407,0 79.1257201901975,24.5037475500419,0 79.1257192737794,24.5037496396573,0 79.1257184723814,24.5037517684876,0 79.1257177879974,24.5037539312358,0 79.1257172223304,24.5037561225206,0 79.1257167767878,24.5037583368896,0 79.1257166667982,24.503759093853,0 79.1256931704357,24.503801643601,0 79.1256920395069,24.5038038359681,0 79.1256910388487,24.5038060807314,0 79.1256901713474,24.5038083714156,0 79.1256894395056,24.5038107014131,0 79.1256888454343,24.5038130640026,0 79.1256883908471,24.503815452369,0 79.1256880770554,24.5038178596228,0 79.1256879049644,24.50382027882,0 79.1256878750705,24.5038227029822,0 79.1256879874599,24.5038251251166,0 79.1256882418084,24.5038275382362,0 79.1256886373824,24.5038299353802,0 79.1256891730407,24.5038323096338,0 79.1256898472383,24.503834654148,0 79.1256906580303,24.50383696216,0 79.1256916030779,24.5038392270119,0 79.125692679655,24.5038414421705,0 79.1256938846562,24.5038436012461,0 79.1256952146054,24.5038456980104,0 79.125696988453,24.5038483292203,0 79.1256955145184,24.503848478102,0 79.1256929836649,24.5038488564199,0 79.1256904777167,24.5038493545676,0 79.1256880034456,24.503849971199,0 79.1256855675379,24.5038507046477,0 79.1256831765762,24.5038515529318,0 79.1256808370215,24.5038525137589,0 79.125678555196,24.5038535845326,0 79.125676337266,24.5038547623593,0 79.1256741892248,24.5038560440562,0 79.1256721168773,24.5038574261598,0 79.1256701258234,24.5038589049352,0 79.1256682214437,24.5038604763863,0 79.1256664088843,24.5038621362665,0 79.1256658443796,24.5038627099776,0 79.1256659041193,24.5038617878616,0 79.1256659215313,24.5038594191345,0 79.1256658031134,24.5038570528334,0 79.1256655491918,24.5038546954749,0 79.1256651604658,24.5038523535511,0 79.1256646380059,24.5038500335116,0 79.1256639832511,24.5038477417456,0 79.1256631980043,24.5038454845647,0 79.1256502353074,24.503811349498,0 79.1256516069204,24.5038105327642,0 79.1256537273006,24.5038091968376,0 79.1256557686261,24.5038077615134,0 79.1256577253373,24.5038062307005,0 79.1256595921053,24.503804608568,0 79.125661363846,24.5038028995339,0 79.125663035734,24.5038011082525,0 79.1256646032162,24.5037992396023,0 79.1256660620234,24.5037972986726,0 79.1256674081828,24.5037952907494,0 79.1256686380281,24.5037932213012,0 79.1256697482098,24.503791095964,0 79.1256707357045,24.5037889205262,0 79.1256715978227,24.5037867009125,0 79.1256723322166,24.5037844431678,0 79.1256729368859,24.5037821534411,0 79.125673410184,24.5037798379683,0 79.1256737508218,24.5037775030556,0 79.1256739578716,24.5037751550619,0 79.1256740307696,24.5037728003821,0 79.1256739693172,24.5037704454288,0 79.1256737736818,24.5037680966158,0 79.1256734443962,24.50376576034,0 79.1256729823571,24.5037634429641,0 79.125672388823,24.5037611507993,0 79.1256717004197,24.5037589994946,0 79.1256730466545,24.5037581776254,0 79.1256751225113,24.503756760832,0 79.1256771142496,24.5037552463105,0 79.1256790163805,24.503753638235,0 79.1256912397644,24.503742746581,0 79.125723602562,24.5037414567585,0 79.1257223586921,24.5037435091428,0</coordinates></LinearRing></innerBoundaryIs><innerBoundaryIs><LinearRing><coordinates>79.1256476316727,24.5039253974575,0 79.1256475058904,24.5039252893899,0 79.1256455146378,24.5039237512968,0 79.1256434373982,24.5039223115638,0 79.1256412799681,24.5039209742084,0 79.1256390483678,24.5039197429624,0 79.1256367488244,24.5039186212615,0 79.1256343877547,24.5039176122359,0 79.1256319717472,24.5039167187011,0 79.1256295075436,24.5039159431505,0 79.1256270020202,24.5039152877484,0 79.1256244621685,24.5039147543235,0 79.125621895076,24.5039143443643,0 79.1256193079059,24.5039140590148,0 79.1256167078776,24.5039138990713,0 79.1256141022464,24.5039138649801,0 79.1256114982833,24.5039139568363,0 79.1256089032544,24.5039141743837,0 79.1256063244011,24.503914517015,0 79.1256037689195,24.5039149837743,0 79.1256012439407,24.5039155733591,0 79.1255987565104,24.5039162841241,0 79.1255981712479,24.5039164829605,0 79.1255967062379,24.5039092610939,0 79.1255990792689,24.5039096174722,0 79.1256016299333,24.5039098767712,0 79.1256041918838,24.503910014344,0 79.1256067581865,24.5039100298182,0 79.1256093218959,24.503909923152,0 79.1256118760736,24.503909694634,0 79.1256144138069,24.5039093448826,0 79.1256169282275,24.5039088748446,0 79.1256194125304,24.503908285792,0 79.125621859992,24.503907579319,0 79.1256242639884,24.5039067573376,0 79.1256266180134,24.5039058220726,0 79.1256374180164,24.5039012220713,0 79.1256397355297,24.5039001664235,0 79.1256419893284,24.5038990009849,0 79.1256441732058,24.5038977289651,0 79.1256462811474,24.5038963538672,0 79.1256483073481,24.503894879478,0 79.1256502462277,24.5038933098582,0 79.1256520924467,24.5038916493303,0 79.125652742128,24.5038910002477,0 79.1256476316727,24.5039253974575,0</coordinates></LinearRing></innerBoundaryIs><innerBoundaryIs><LinearRing><coordinates>79.1264699145009,24.5042164420851,0 79.1264687521092,24.5042171150107,0 79.1264642976701,24.5042166709543,0 79.1264626149705,24.5042157732015,0 79.1264635246317,24.5042159105877,0 79.1264660542271,24.5042161708584,0 79.1264685951277,24.5042163113864,0 79.1264701443829,24.5042163238094,0 79.1264699145009,24.5042164420851,0</coordinates></LinearRing></innerBoundaryIs><innerBoundaryIs><LinearRing><coordinates>79.1263652837059,24.5042246718431,0 79.1263644265798,24.5042269123684,0 79.1263636993683,24.5042291910262,0 79.1263631040827,24.5042315015145,0 79.1263626423694,24.504233837443,0 79.1263623155053,24.5042361923515,0 79.1263621243946,24.5042385597268,0 79.1263620695656,24.5042409330214,0 79.1263621511701,24.5042433056717,0 79.1263623084638,24.5042450138824,0 79.1263605506468,24.5042465437894,0 79.1263587268428,24.5042483117846,0 79.126357647603,24.5042494161228,0 79.1263569578143,24.5042485463626,0 79.1263553418617,24.5042467173737,0 79.1263536239876,24.5042449678836,0 79.1263518088557,24.504243302642,0 79.1263499013939,24.5042417261697,0 79.1263479067807,24.5042402427468,0 79.1263458304314,24.5042388564004,0 79.1263436779829,24.5042375708945,0 79.1263414552788,24.5042363897189,0 79.1263302276087,24.5042307758847,0 79.1263305334315,24.5042306877064,0 79.1263329151616,24.5042298753749,0 79.1263352480016,24.5042289518691,0 79.126337525758,24.504227919641,0 79.1263397423838,24.5042267814309,0 79.126341891994,24.5042255402607,0 79.1263499736551,24.504220603101,0 79.126351336679,24.5042209826772,0 79.1263538552659,24.5042216178909,0 79.126356407073,24.5042221302117,0 79.1263589849433,24.5042225182027,0 79.1263615816468,24.5042227807758,0 79.1263641899008,24.5042229171946,0 79.1263660672233,24.5042229242956,0 79.1263652837059,24.5042246718431,0</coordinates></LinearRing></innerBoundaryIs><innerBoundaryIs><LinearRing><coordinates>79.1263276611269,24.5043204885061,0 79.1263287331125,24.5043226211664,0 79.1263299248184,24.5043246999498,0 79.1263312330216,24.5043267192341,0 79.1263326541839,24.5043286735582,0 79.126334184462,24.5043305576367,0 79.126335819717,24.5043323663739,0 79.1263375555265,24.5043340948781,0 79.1263393871959,24.5043357384746,0 79.1263413097715,24.5043372927183,0 79.1263619097726,24.5043530927227,0 79.1263639133768,24.5043545501847,0 79.1263639183996,24.5043545534642,0 79.1263622065428,24.5043547098631,0 79.126360949974,24.5043541343001,0 79.1263586450186,24.5043532098613,0 79.1263329450253,24.5043436098649,0 79.1263304902906,24.5043427618851,0 79.1263279897534,24.5043420345291,0 79.1263254504877,24.5043414298548,0 79.1263228796772,24.5043409495726,0 79.1263202845946,24.5043405950413,0 79.1263176725816,24.504340367264,0 79.1263150510275,24.5043402668849,0 79.1263124273487,24.5043402941881,0 79.1263030249048,24.5043406210121,0 79.126301424074,24.5043371119933,0 79.1263002856336,24.5043348012734,0 79.1262916854589,24.5043185771737,0 79.1263118764825,24.5043208117535,0 79.1263144354332,24.5043210332382,0 79.1263170035184,24.504321132463,0 79.126319573766,24.5043211091586,0 79.1263221391979,24.5043209633883,0 79.1263246928495,24.5043206955477,0 79.1263272277878,24.504320306364,0 79.1263275530825,24.5043202403196,0 79.1263276611269,24.5043204885061,0</coordinates></LinearRing></innerBoundaryIs><innerBoundaryIs><LinearRing><coordinates>79.1264663161659,24.5044001222811,0 79.1264688602357,24.5043999999396,0 79.1264694667576,24.5043999419262,0 79.1264691745963,24.5044012920434,0 79.1264688067686,24.5044036256768,0 79.1264686685537,24.5044050116616,0 79.1264647769981,24.5044001234913,0 79.1264663161659,24.5044001222811,0</coordinates></LinearRing></innerBoundaryIs><innerBoundaryIs><LinearRing><coordinates>79.1260562020137,24.5049718345271,0 79.1260450283623,24.5049783524891,0 79.1260186311332,24.5049898780402,0 79.126018498812,24.5049897044927,0 79.126016896673,24.5049878233406,0 79.1260151881839,24.5049860222419,0 79.126013378114,24.5049843062245,0 79.1260114715164,24.504982680079,0 79.1260094737134,24.5049811483446,0 79.126007390282,24.5049797152976,0 79.1260059168842,24.5049788091821,0 79.1260055147458,24.5049778777654,0 79.1260062727461,24.504977748806,0 79.1260087609225,24.504977201994,0 79.1260112147624,24.5049765378601,0 79.1260136276632,24.5049757581912,0 79.1260159931325,24.5049748650854,0 79.1260183048052,24.5049738609457,0 79.1260205564614,24.5049727484739,0 79.1260227420423,24.5049715306636,0 79.1260244578524,24.5049704592105,0 79.1260261557369,24.5049708348236,0 79.1260286733511,24.5049712666212,0 79.1260312120663,24.5049715782646,0 79.1260337650382,24.5049717689136,0 79.1260363253837,24.5049718380543,0 79.1260388862,24.5049717855002,0 79.1260414405829,24.504971611393,0 79.1260439816458,24.5049713162022,0 79.1260465025377,24.5049709007235,0 79.1260489964621,24.5049703660771,0 79.1260514566954,24.5049697137045,0 79.1260538766046,24.5049689453645,0 79.1260562496654,24.5049680631287,0 79.1260577325647,24.5049674278899,0 79.1260562020137,24.5049718345271,0</coordinates></LinearRing></innerBoundaryIs><innerBoundaryIs><LinearRing><coordinates>79.1258438392514,24.5049583465241,0 79.1258413607804,24.5049588063573,0 79.1258294607844,24.5049613063566,0 79.1258271538612,24.5049618501823,0 79.1258290426546,24.5049607088408,0 79.1258310997322,24.5049593206371,0 79.1258330754654,24.5049578368042,0 79.12583496455,24.5049562613256,0 79.1258367619144,24.5049545984311,0 79.1258377256495,24.5049536091821,0 79.1258378400285,24.5049537127289,0 79.1258397817339,24.5049552942794,0 79.1258418117954,24.5049567800429,0 79.1258439245758,24.5049581658934,0 79.125844158329,24.5049583027622,0 79.1258438392514,24.5049583465241,0</coordinates></LinearRing></innerBoundaryIs><innerBoundaryIs><LinearRing><coordinates>79.1258450608154,24.5044983049789,0 79.1258623947657,24.5044809710206,0 79.1258625935419,24.5044807613625,0 79.1258641156324,24.5044813382793,0 79.1258665403854,24.5044821245142,0 79.1258690066351,24.5044827940214,0 79.1258715076747,24.5044833449801,0 79.1258740367031,24.5044837758923,0 79.1258765868427,24.5044840855859,0 79.1258791511589,24.5044842732189,0 79.1258817226782,24.5044843382811,0 79.1258842944079,24.5044842805954,0 79.1258868593543,24.5044841003187,0 79.1258921593562,24.5044836003187,0 79.1258947214508,24.5044832963818,0 79.1258972626418,24.5044828701281,0 79.1258997759591,24.5044823227266,0 79.1259022545094,24.5044816556787,0 79.1259046914945,24.5044808708141,0 79.1259070802305,24.5044799702852,0 79.1259094141656,24.5044789565622,0 79.1259116868984,24.5044778324253,0 79.1259138921954,24.5044766009579,0 79.1259157530604,24.5044754352658,0 79.1259173318193,24.504476470323,0 79.1259195166363,24.5044777492736,0 79.1259217718973,24.5044789213856,0 79.1259240913681,24.5044799834188,0 79.1259264686369,24.5044809324375,0 79.1259288971323,24.5044817658182,0 79.125931370141,24.5044824812573,0 79.125933880827,24.504483076777,0 79.1259364222499,24.5044835507311,0 79.1259389873844,24.5044839018095,0 79.1259415691397,24.5044841290416,0 79.1259441603789,24.5044842317995,0 79.1259467539391,24.5044842097989,0 79.1259476870537,24.5044841569207,0 79.1259489965506,24.5044849093211,0 79.1259572144262,24.5044937860173,0 79.1259551885442,24.5045023373556,0 79.1259547565038,24.504504389352,0 79.1259544287223,24.5045064574462,0 79.1259523900074,24.5045218157233,0 79.1259520994685,24.504521227288,0 79.1259508921085,24.5045190927285,0 79.1259495622868,24.5045170199987,0 79.1259481137738,24.5045150149755,0 79.1259465506765,24.5045130833435,0 79.1259448774267,24.5045112305796,0 79.1259430987685,24.5045094619369,0 79.1259412197449,24.5045077824299,0 79.1259392456835,24.5045061968204,0 79.1259371821813,24.5045047096043,0 79.1259350350889,24.5045033249981,0 79.1259328104939,24.5045020469275,0 79.1259305147037,24.5045008790163,0 79.1259281542274,24.5044998245758,0 79.1259257357577,24.5044988865956,0 79.1259232661517,24.5044980677352,0 79.1259207524112,24.5044973703163,0 79.1258968524185,24.5044913703188,0 79.1258943542503,24.5044908068278,0 79.1258918273712,24.5044903632847,0 79.1258892786549,24.504490040896,0 79.125886715035,24.5044898405387,0 79.1258841434852,24.5044897627579,0 79.125881571001,24.5044898077652,0 79.1258790045804,24.504489975438,0 79.125876451205,24.5044902653203,0 79.1258739178206,24.5044906766235,0 79.125871411319,24.5044912082288,0 79.1258689385186,24.5044918586899,0 79.1258665061463,24.5044926262375,0 79.1258641208189,24.5044935087836,0 79.1258617890253,24.5044945039272,0 79.1258595171086,24.5044956089614,0 79.1258573112494,24.5044968208801,0 79.1258551774481,24.5044981363864,0 79.1258531215095,24.5044995519017,0 79.1258511490264,24.5045010635755,0 79.1258492653646,24.5045026672953,0 79.1258474756482,24.5045043586987,0 79.125846791611,24.5045050765487,0 79.1258450608154,24.5044983049789,0</coordinates></LinearRing></innerBoundaryIs><innerBoundaryIs><LinearRing><coordinates>79.1258504762657,24.5043994013879,0 79.1258491191375,24.504397401043,0 79.1258476498632,24.5043954681693,0 79.1258460724405,24.5043936080257,0 79.1258443911609,24.5043918256731,0 79.1258426105989,24.5043901259608,0 79.1258407355988,24.5043885135133,0 79.125838771262,24.5043869927175,0 79.125836722933,24.5043855677112,0 79.1258345961846,24.5043842423715,0 79.1258323968032,24.5043830203041,0 79.1258301307728,24.504381904834,0 79.1258278042585,24.504380898996,0 79.1258254235902,24.5043800055269,0 79.1258229952449,24.5043792268575,0 79.1258205258297,24.5043785651063,0 79.125818022063,24.5043780220738,0 79.125815490757,24.5043775992374,0 79.1258129387987,24.5043772977475,0 79.1258103731311,24.5043771184245,0 79.1258078007348,24.5043770617561,0 79.1258052286086,24.5043771278966,0 79.1258026637506,24.5043773166661,0 79.1258001131389,24.5043776275508,0 79.1257975837132,24.5043780597051,0 79.1257950823552,24.5043786119531,0 79.1257926158706,24.5043792827923,0 79.1257901909699,24.5043800703976,0 79.1257878142506,24.504380972626,0 79.1257854921791,24.5043819870229,0 79.1257832310732,24.5043831108284,0 79.1257810370847,24.5043843409849,0 79.1257789161829,24.5043856741454,0 79.125776874138,24.5043871066829,0 79.1257749165061,24.5043886346998,0 79.1257730486132,24.5043902540387,0 79.1257712755414,24.5043919602939,0 79.1257696021148,24.5043937488231,0 79.1257680328862,24.5043956147603,0 79.1257672280748,24.5043966826561,0 79.1257666735994,24.5043961192323,0 79.1257648286419,24.5043944329296,0 79.125762888875,24.5043928381905,0 79.1257608597191,24.5043913394714,0 79.1257587468444,24.5043899409603,0 79.1257565561551,24.504388646565,0 79.1257542937728,24.5043874599027,0 79.1257519660195,24.5043863842893,0 79.1257495793998,24.5043854227304,0 79.1257471405828,24.5043845779131,0 79.1257308405874,24.5043793779151,0 79.1257283527921,24.5043786512445,0 79.125725826456,24.5043780460548,0 79.1257232686587,24.5043775640419,0 79.1257206865684,24.5043772065567,0 79.125718087421,24.5043769746009,0 79.1257154785005,24.5043768688247,0 79.1257128671181,24.5043768895244,0 79.1257102605919,24.5043770366421,0 79.1257076662265,24.5043773097654,0 79.1257050912923,24.504377708129,0 79.1257025430054,24.5043782306164,0 79.1256977024107,24.5043793470068,0 79.1256970448099,24.5043762111397,0 79.1257152629108,24.504372845545,0 79.1257177126643,24.5043723332339,0 79.1257201307274,24.5043717074405,0 79.1257225108256,24.5043709697889,0 79.1257248467829,24.5043701221929,0 79.1257271325376,24.5043691668522,0 79.1257293621587,24.5043681062456,0 79.1257315298604,24.5043669431253,0 79.1257336300179,24.5043656805094,0 79.1257356571815,24.5043643216744,0 79.125737606091,24.5043628701461,0 79.1257394716892,24.5043613296911,0 79.1257412491352,24.5043597043068,0 79.1257783491355,24.504324004298,0 79.125780073999,24.5043222553085,0 79.1257816967867,24.5043204263579,0 79.1257832130784,24.5043185224279,0 79.1257846187436,24.5043165487048,0 79.1257859099537,24.5043145105649,0 79.1257870831913,24.5043124135597,0 79.1257881352608,24.5043102634014,0 79.1257890632963,24.5043080659468,0 79.1257895241237,24.5043067787129,0 79.1257896269797,24.504307031867,0 79.1257906530771,24.5043092020117,0 79.125791801965,24.5043113200129,0 79.1257930704907,24.5043133800585,0 79.1257944551732,24.5043153764954,0 79.1257959522128,24.5043173038454,0 79.1257975575016,24.5043191568194,0 79.1257992666342,24.5043209303328,0 79.1258010749209,24.5043226195188,0 79.1258029773994,24.5043242197422,0 79.125804968849,24.5043257266116,0 79.1258070438051,24.5043271359922,0 79.1258091965738,24.5043284440164,0 79.1258114212475,24.5043296470948,0 79.1258137117217,24.5043307419261,0 79.1258160617109,24.504331725506,0 79.1258184647665,24.5043325951353,0 79.1258209142942,24.5043333484277,0 79.1258234035724,24.5043339833161,0 79.1258259257701,24.5043344980584,0 79.1258284739661,24.5043348912419,0 79.1258652078717,24.504339657508,0 79.1258649793794,24.5043406513551,0 79.125864584359,24.5043429540004,0 79.1258643197697,24.5043452722338,0 79.1258641863173,24.5043475998738,0 79.1258641843576,24.504349930714,0 79.1258643138958,24.5043522585392,0 79.1258645745865,24.5043545771423,0 79.1258649657346,24.504356880341,0 79.1258654862971,24.5043591619939,0 79.1258661348859,24.504361416017,0 79.1258669097717,24.5043636364,0 79.1258678088883,24.5043658172225,0 79.1258680203578,24.5043662595381,0 79.1258679373616,24.5043663498292,0 79.1258663961882,24.5043682145184,0 79.1258649625966,24.5043701497207,0 79.1258636404326,24.5043721502447,0 79.125862433243,24.5043742107238,0 79.1258613442662,24.5043763256307,0 79.1258603764235,24.5043784892919,0 79.1258595323112,24.5043806959032,0 79.1258588141938,24.5043829395452,0 79.1258582239975,24.5043852141991,0 79.1258577633058,24.504387513763,0 79.1258574333544,24.5043898320681,0 79.1258572350285,24.5043921628954,0 79.1258571688601,24.5043944999921,0 79.1258571688595,24.5043960215531,0 79.1258523558037,24.504402340112,0 79.1258504762657,24.5043994013879,0</coordinates></LinearRing></innerBoundaryIs><innerBoundaryIs><LinearRing><coordinates>79.1255333109169,24.5046837393963,0 79.1255319071494,24.5046817368894,0 79.1255312810162,24.504680939512,0 79.1255312793187,24.5046809346523,0 79.1255308692207,24.5046799432887,0 79.1255348377961,24.5046805981031,0 79.1255356337852,24.5046872534783,0 79.1255333109169,24.5046837393963,0</coordinates></LinearRing></innerBoundaryIs><innerBoundaryIs><LinearRing><coordinates>79.1254837696732,24.5045232018353,0 79.1254844271952,24.5045209097105,0 79.1254849523415,24.5045185891693,0 79.1254853436647,24.504516246608,0 79.1254856000862,24.5045138884831,0 79.1254857208991,24.5045115212943,0 79.1254857198765,24.5045113610982,0 79.1254952107273,24.5045121511451,0 79.1254999940603,24.504512769597,0 79.1255004600182,24.5045188694401,0 79.1254835453665,24.5045238443391,0 79.1254837696732,24.5045232018353,0</coordinates></LinearRing></innerBoundaryIs><innerBoundaryIs><LinearRing><coordinates>79.1251533729278,24.5032828103462,0 79.125155353401,24.5032813327617,0 79.1251572475961,24.5032797633195,0 79.1251590504304,24.5032781062311,0 79.1251607570663,24.5032763659428,0 79.1251623629242,24.5032745471245,0 79.1251638636953,24.5032726546566,0 79.1251652553523,24.5032706936172,0 79.1251665341611,24.5032686692685,0 79.1251676966902,24.5032665870425,0 79.1251687398202,24.5032644525263,0 79.1251696607519,24.5032622714477,0 79.1251702026874,24.5032607593004,0 79.1251704774417,24.5032626656921,0 79.1251709459411,24.5032649788785,0 79.1251715455183,24.5032672665881,0 79.1251722745447,24.5032695226065,0 79.1251795745375,24.5032901226083,0 79.1251804391419,24.5032923601716,0 79.1251814310814,24.5032945530602,0 79.1251824530211,24.5032965137291,0 79.1251814270014,24.5032962412988,0 79.1251789614617,24.5032957105095,0 79.1251787410377,24.5032956738651,0 79.1251549134412,24.5032895596166,0 79.1251543783959,24.5032879158044,0 79.1251535710756,24.5032856550129,0 79.1251526347321,24.5032834362703,0 79.1251525863959,24.5032833375512,0 79.1251533729278,24.5032828103462,0</coordinates></LinearRing></innerBoundaryIs><innerBoundaryIs><LinearRing><coordinates>79.125508182895,24.5051756207587,0 79.1255084128811,24.5051756197283,0 79.1255083529806,24.5051757725273,0 79.125508182895,24.5051756207587,0</coordinates></LinearRing></innerBoundaryIs><innerBoundaryIs><LinearRing><coordinates>79.1257173473585,24.5048292012542,0 79.1257158592426,24.5048272555537,0 79.1257142613484,24.5048253841598,0 79.1257125580991,24.5048235922523,0 79.125712288016,24.5048233366068,0 79.1257123277211,24.5048232083959,0 79.1257131364854,24.5048227102881,0 79.1257196954842,24.504822960806,0 79.1257182905939,24.5048305840487,0 79.1257173473585,24.5048292012542,0</coordinates></LinearRing></innerBoundaryIs><innerBoundaryIs><LinearRing><coordinates>79.1258078395279,24.5049683763933,0 79.1258103591107,24.5049679827931,0 79.1258128530305,24.5049674703089,0 79.1258142095874,24.5049671231224,0 79.1258128013626,24.5049679485046,0 79.1258106806262,24.5049693415729,0 79.1258086434014,24.5049708353458,0 79.125807724439,24.5049715855586,0 79.1258073389583,24.5049708017897,0 79.1258061535651,24.5049686947018,0 79.1258060721391,24.5049685669254,0 79.1258078395279,24.5049683763933,0</coordinates></LinearRing></innerBoundaryIs><innerBoundaryIs><LinearRing><coordinates>79.1257949516484,24.5050247129166,0 79.1257955320817,24.5050242342966,0 79.1258112671131,24.5050638554297,0 79.1258111896973,24.5050643582581,0 79.1258109651301,24.5050666775776,0 79.1258109454804,24.5050671662686,0 79.1258105027467,24.5050667865874,0 79.1258085744884,24.5050652949684,0 79.1258065653432,24.5050638955819,0 79.1258044805748,24.5050625920941,0 79.1258023256449,24.5050613879198,0 79.1258001061992,24.5050602862138,0 79.1257978280523,24.5050592898626,0 79.1257954971727,24.5050584014763,0 79.125793119667,24.5050576233824,0 79.1257907017638,24.5050569576195,0 79.1257894093059,24.5050566668189,0 79.1257903239992,24.5050547159483,0 79.1257912085176,24.5050525223435,0 79.1257919677078,24.5050502897723,0 79.1257925995329,24.5050480242254,0 79.1257931022975,24.5050457317814,0 79.1257934746526,24.5050434185917,0 79.1257937155991,24.5050410908628,0 79.1257938244905,24.5050387548405,0 79.1257938010347,24.5050364167928,0 79.1257933963426,24.5050258659996,0 79.1257949516484,24.5050247129166,0</coordinates></LinearRing></innerBoundaryIs><innerBoundaryIs><LinearRing><coordinates>79.1256785217094,24.5050333576028,0 79.1256769347129,24.5050314775654,0 79.1256752418183,24.5050296765263,0 79.1256734477144,24.5050279594738,0 79.1256715573703,24.5050263311634,0 79.1256695760217,24.5050247961052,0 79.1256683750392,24.5050239607931,0 79.1256683688222,24.5050237275011,0 79.1256681732587,24.5050213885019,0 79.1256678451547,24.5050190619578,0 79.1256673853963,24.5050167541525,0 79.1256667952255,24.505014471319,0 79.1256660762361,24.505012219623,0 79.1256652303701,24.505010005146,0 79.125664542192,24.5050083434492,0 79.1256647522209,24.5050000921875,0 79.1256651217141,24.5050003071657,0 79.1256673560181,24.5050014624097,0 79.1256696529583,24.5050025097713,0 79.1256720063182,24.5050034464162,0 79.1256744097289,24.5050042698093,0 79.1256768566858,24.5050049777223,0 79.1256792268543,24.5050055412054,0 79.1256789712833,24.5050280306796,0 79.1256790138476,24.5050304324996,0 79.1256791959939,24.5050328288467,0 79.1256794289651,24.5050345579945,0 79.1256785217094,24.5050333576028,0</coordinates></LinearRing></innerBoundaryIs><innerBoundaryIs><LinearRing><coordinates>79.1258382816593,24.5051101505798,0 79.1258377611422,24.5051117429748,0 79.1258364284954,24.505109111,0 79.1258382816593,24.5051101505798,0</coordinates></LinearRing></innerBoundaryIs><innerBoundaryIs><LinearRing><coordinates>79.1258028768685,24.5052601086544,0 79.1258033608951,24.5052578172383,0 79.1258037148373,24.5052555059939,0 79.1258039377488,24.5052531810996,0 79.1258040290338,24.5052508487708,0 79.1258039884482,24.5052485152422,0 79.1258038161006,24.5052461867522,0 79.1258036993867,24.5052452960769,0 79.1258113115109,24.5052433006646,0 79.1258126961658,24.5052430047083,0 79.1258122137899,24.5052437165002,0 79.1258109785245,24.5052457701817,0 79.1258028767829,24.5052601089711,0 79.1258028768685,24.5052601086544,0</coordinates></LinearRing></innerBoundaryIs><innerBoundaryIs><LinearRing><coordinates>79.1265484113838,24.504978260238,0 79.1265496870297,24.504978134147,0 79.1265498743935,24.5049781064377,0 79.1265497759097,24.5049781642975,0 79.1265482829105,24.5049791453701,0 79.1265484113838,24.504978260238,0</coordinates></LinearRing></innerBoundaryIs><innerBoundaryIs><LinearRing><coordinates>79.1265712642974,24.5049704588222,0 79.1265733560325,24.5049690517444,0 79.1265736450351,24.5049688350116,0 79.126578753071,24.5049685313869,0 79.1265786933688,24.5049694703276,0 79.1265786881657,24.5049703784306,0 79.1265762876922,24.5049703752836,0 79.1265737250415,24.5049704940036,0 79.1265711726037,24.5049707344864,0 79.1265706916803,24.5049708030771,0 79.1265712642974,24.5049704588222,0</coordinates></LinearRing></innerBoundaryIs><innerBoundaryIs><LinearRing><coordinates>79.126281873955,24.5052306629286,0 79.1262804058636,24.5052326053291,0 79.1262723547925,24.5052438768242,0 79.1262709226848,24.5052438767931,0 79.1262699817936,24.505243921441,0 79.1262675683568,24.5052431748404,0 79.1262394150363,24.5052352122872,0 79.1262394287727,24.5052344274655,0 79.1262393322577,24.5052320386252,0 79.1262390976643,24.50522965781,0 79.1262387256503,24.5052272916973,0 79.1262382172592,24.5052249469231,0 79.1262375739168,24.5052226300636,0 79.1262367974275,24.5052203476169,0 79.1262358899691,24.5052181059843,0 79.1262348540865,24.5052159114528,0 79.126233867468,24.5052140924241,0 79.1262347940354,24.5052139239437,0 79.1262373275982,24.5052133340576,0 79.1262398234507,24.5052126221904,0 79.1262422745834,24.5052117903412,0 79.1262446741125,24.5052108408463,0 79.126247015299,24.5052097763721,0 79.126249291568,24.5052085999082,0 79.1262514965266,24.5052073147587,0 79.1262536239826,24.5052059245326,0 79.1262556679609,24.5052044331345,0 79.1262576227214,24.5052028447528,0 79.1262594827741,24.5052011638482,0 79.1262612428954,24.5051993951416,0 79.1262621069056,24.5051984286689,0 79.1262627050191,24.5051985473132,0 79.1262652365216,24.5051989246609,0 79.1262677860371,24.5051991811071,0 79.1262690700173,24.5051992487258,0 79.1262691368096,24.505199731602,0 79.1262695915225,24.5052020447144,0 79.1262701772001,24.5052043330353,0 79.1262708922546,24.5052065903613,0 79.1262717347475,24.5052088105726,0 79.1262727023948,24.5052109876502,0 79.1262737925733,24.505213115692,0 79.1262750023274,24.505215188929,0 79.1262763283774,24.5052172017405,0 79.1262777671286,24.5052191486698,0 79.1262788640791,24.5052204782704,0 79.1262831569546,24.5052291420803,0 79.126281873955,24.5052306629286,0</coordinates></LinearRing></innerBoundaryIs><innerBoundaryIs><LinearRing><coordinates>79.126131913566,24.5052908778176,0 79.1261297933444,24.505292191208,0 79.1261277504538,24.5052936034858,0 79.1261257903973,24.5052951108467,0 79.1261239184551,24.5052967092299,0 79.1261221396698,24.5052983943298,0 79.1261204588332,24.505300161607,0 79.1261188804731,24.5053020063006,0 79.1261174088415,24.5053039234414,0 79.1261160479027,24.505305907865,0 79.1261148013227,24.5053079542256,0 79.1261146304536,24.5053082725115,0 79.1261142447376,24.5053067577016,0 79.1261135859785,24.5053044486045,0 79.1261127947633,24.5053021745918,0 79.1261118733038,24.50529994202,0 79.1261108241757,24.5052977571297,0 79.1261096503114,24.5052956260282,0 79.1261083549923,24.5052935546724,0 79.1261069418391,24.5052915488525,0 79.1261054148021,24.5052896141751,0 79.1261037781495,24.5052877560482,0 79.1261020364564,24.5052859796657,0 79.1261001945912,24.5052842899931,0 79.1260982577024,24.5052826917534,0 79.126096231204,24.5052811894141,0 79.1260941207608,24.5052797871746,0 79.1260919322718,24.5052784889547,0 79.1260896718546,24.505277298383,0 79.1260873458274,24.5052762187877,0 79.1260849606923,24.5052752531863,0 79.1260825231163,24.5052744042781,0 79.126081805406,24.5052741933348,0 79.1260837919404,24.5052656222052,0 79.1260908077147,24.5052736309822,0 79.126092481595,24.5052754421371,0 79.1260942571424,24.5052771703363,0 79.1260961294541,24.5052788108078,0 79.1260980933599,24.5052803590216,0 79.1261001434371,24.5052818107028,0 79.1261022740246,24.5052831618427,0 79.1261044792393,24.5052844087104,0 79.1261067529919,24.505285547863,0 79.1261090890038,24.5052865761549,0 79.1261114808246,24.5052874907466,0 79.1261139218497,24.5052882891127,0 79.1261164053387,24.5052889690486,0 79.1261189244339,24.5052895286768,0 79.1261214721793,24.505289966452,0 79.1261240415398,24.5052902811654,0 79.1261266254205,24.505290471948,0 79.1261292166866,24.5052905382729,0 79.1261318081827,24.505290479957,0 79.126132754882,24.505290413001,0 79.126131913566,24.5052908778176,0</coordinates></LinearRing></innerBoundaryIs><innerBoundaryIs><LinearRing><coordinates>79.1268200579296,24.5051166181436,0 79.1268201050125,24.5051164686739,0 79.1268202342921,24.5051165191651,0 79.1268200579296,24.5051166181436,0</coordinates></LinearRing></innerBoundaryIs><innerBoundaryIs><LinearRing><coordinates>79.1265950958469,24.5060250040751,0 79.1265946096029,24.5060273448704,0 79.1265942590314,24.5060297058817,0 79.126594045109,24.5060320805301,0 79.126593968432,24.5060344621989,0 79.126594029214,24.5060368442517,0 79.1265942272856,24.506039220051,0 79.1265945620948,24.5060415829769,0 79.1265950327089,24.5060439264453,0 79.1265956378165,24.5060462439262,0 79.1265963757315,24.5060485289621,0 79.1265972443977,24.5060507751859,0 79.1265982413947,24.5060529763388,0 79.1265993639444,24.5060551262872,0 79.1266005288115,24.5060570843832,0 79.1265791192778,24.5060491001643,0 79.1265767292851,24.5060482742322,0 79.1265742957662,24.5060475626202,0 79.1265718252478,24.5060469672369,0 79.1265693243557,24.5060464896791,0 79.1265667997971,24.5060461312275,0 79.1265642583429,24.5060458928435,0 79.1265617068089,24.5060457751664,0 79.1265591520384,24.5060457785118,0 79.126556600883,24.5060459028708,0 79.1265540601848,24.5060461479098,0 79.126551536758,24.5060465129717,0 79.12654903737,24.5060469970773,0 79.1265465687242,24.5060475989283,0 79.1265441374414,24.5060483169107,0 79.1265417500422,24.5060491490987,0 79.1265394129293,24.5060500932606,0 79.1265371323708,24.506051146864,0 79.1265349144832,24.5060523070834,0 79.1265327652145,24.5060535708071,0 79.1265306903291,24.5060549346457,0 79.1265286953917,24.5060563949416,0 79.1265267857526,24.5060579477784,0 79.1265249665334,24.5060595889914,0 79.1265232426131,24.5060613141789,0 79.1265216186153,24.5060631187141,0 79.1265200988952,24.5060649977574,0 79.1265186875289,24.5060669462692,0 79.1265173883015,24.5060689590237,0 79.1265162046975,24.5060710306228,0 79.1265151398912,24.5060731555106,0 79.1265141967384,24.5060753279882,0 79.1265133777686,24.5060775422292,0 79.1265126851783,24.5060797922952,0 79.1265121208249,24.5060820721514,0 79.1265116862221,24.5060843756835,0 79.1265113825353,24.5060866967136,0 79.1265112105791,24.5060890290166,0 79.1265111708148,24.5060913663376,0 79.1265112633488,24.5060937024079,0 79.1265114879331,24.5060960309623,0 79.1265118439653,24.5060983457557,0 79.1265180426947,24.5061322588876,0 79.1265166102989,24.5061326672512,0 79.1265142133915,24.5061334773882,0 79.1265118655446,24.5061343999978,0 79.1265095730571,24.5061354326049,0 79.1265073420795,24.5061365724391,0 79.1265051785971,24.5061378164424,0 79.1265030884142,24.5061391612773,0 79.1265010771386,24.5061406033357,0 79.1264991501662,24.5061421387488,0 79.1264973126669,24.5061437633974,0 79.1264955695704,24.5061454729227,0 79.1264939255531,24.5061472627383,0 79.1264923850258,24.5061491280424,0 79.1264909521215,24.5061510638306,0 79.1264896306844,24.5061530649094,0 79.1264884242599,24.5061551259103,0 79.1264878546393,24.5061562332429,0 79.1264863214987,24.5061548399025,0 79.1264843644286,24.5061532411625,0 79.126482317236,24.506151739883,0 79.126480185711,24.5061503403099,0 79.1264779758822,24.5061490464017,0 79.1264756939997,24.506147861818,0 79.1264733465173,24.506146789909,0 79.1264709400746,24.5061458337066,0 79.1264684814776,24.5061449959152,0 79.12646597768,24.5061442789042,0 79.1264634357634,24.5061436847017,0 79.1264632289091,24.5061436469372,0 79.1264627904281,24.5061429667739,0 79.1264613844129,24.5061409137687,0 79.1264598600346,24.5061389327481,0 79.1264582216849,24.5061370294196,0 79.1264564740838,24.5061352092665,0 79.1264546222661,24.5061334775327,0 79.1264526715668,24.5061318392073,0 79.1264506276059,24.5061302990101,0 79.126448496272,24.5061288613786,0 79.1264462837053,24.5061275304544,0 79.1264439962803,24.5061263100719,0 79.126441640587,24.5061252037471,0 79.1264269698488,24.5061187629366,0 79.1264175302092,24.5061081721245,0 79.1264159006952,24.5061064356989,0 79.1264141770825,24.5061047770813,0 79.1264123638025,24.5061032005362,0 79.126410465517,24.5061017101167,0 79.1264101462033,24.5061014840834,0 79.1264070982861,24.5060877321945,0 79.1264089784522,24.5060873221617,0 79.1264114338406,24.5060866618387,0 79.1264138484985,24.5060858858904,0 79.1264162159272,24.5060849964051,0 79.1264185297552,24.5060839957769,0 79.1264207837551,24.5060828866987,0 79.1264229718607,24.5060816721554,0 79.126425088183,24.5060803554159,0 79.1264271270263,24.5060789400239,0 79.1264290829032,24.5060774297887,0 79.1264309505499,24.5060758287749,0 79.1264327249398,24.5060741412914,0 79.1264344012975,24.5060723718798,0 79.1264359751113,24.5060705253022,0 79.1264374421456,24.5060686065284,0 79.1264387984519,24.5060666207224,0 79.1264400403801,24.5060645732289,0 79.1264411645877,24.5060624695582,0 79.126442168049,24.5060603153722,0 79.1264430480635,24.5060581164684,0 79.1264438022626,24.5060558787649,0 79.1264444286166,24.5060536082841,0 79.1264449254397,24.5060513111367,0 79.1264452913948,24.5060489935051,0 79.1264455254971,24.5060466616269,0 79.1264456271164,24.5060443217779,0 79.1264455959793,24.5060419802556,0 79.1264454321696,24.5060396433616,0 79.1264451361282,24.5060373173856,0 79.1264447086518,24.5060350085873,0 79.126444150891,24.5060327231808,0 79.1264437845103,24.5060315193179,0 79.1264461668997,24.5060307846149,0 79.1264485536074,24.5060299196376,0 79.1264508879073,24.506028942229,0 79.1264531634782,24.5060278550358,0 79.1264553741583,24.5060266610019,0 79.126457513961,24.5060253633608,0 79.1264595770922,24.5060239656263,0 79.1264615579649,24.5060224715833,0 79.1264634512151,24.5060208852777,0 79.1264652517162,24.5060192110049,0 79.1264669545925,24.5060174532987,0 79.1264685552328,24.5060156169189,0 79.1264700493027,24.5060137068382,0 79.1264714327564,24.5060117282289,0 79.1264727018477,24.506009686449,0 79.1264738531399,24.5060075870273,0 79.1264748835155,24.5060054356489,0 79.1264757901843,24.5060032381396,0 79.1264765706912,24.50600100045,0 79.1264772229226,24.5059987286395,0 79.1264777451123,24.5059964288601,0 79.1264781358463,24.5059941073392,0 79.1264783940666,24.5059917703635,0 79.1264784848604,24.5059900663713,0 79.1264799594033,24.5059898276587,0 79.1264824677416,24.5059892967767,0 79.1264836567961,24.5059889845051,0 79.1265015407275,24.5059934755376,0 79.1265168030986,24.5059987384246,0 79.1265192488246,24.505999515352,0 79.1265217357285,24.5060001738088,0 79.1265242569608,24.5060007119816,0 79.1265268055778,24.5060011283881,0 79.1265293745601,24.5060014218814,0 79.1265319568323,24.5060015916534,0 79.1265345452826,24.5060016372363,0 79.1265371327819,24.5060015585046,0 79.1265397122039,24.5060013556753,0 79.1265422764445,24.5060010293068,0 79.1265448184414,24.5060005802981,0 79.1265457713463,24.5060003639821,0 79.1265462064433,24.506000739464,0 79.1265481826233,24.5060022736849,0 79.126550244135,24.5060037108267,0 79.1265523852889,24.5060050469228,0 79.1265546001752,24.5060062782857,0 79.1265568826809,24.5060074015167,0 79.1265594826815,24.5060086015171,0 79.1265617398907,24.5060095785419,0 79.1265640482396,24.5060104498072,0 79.1265664018139,24.5060112130807,0 79.1265687945837,24.5060118664069,0 79.1265712204185,24.5060124081119,0 79.1265736731029,24.5060128368077,0 79.1265761463529,24.5060131513961,0 79.126578633832,24.506013351071,0 79.1265811291669,24.5060134353209,0 79.1265836259643,24.5060134039298,0 79.1265861178272,24.5060132569782,0 79.1265885983713,24.5060129948426,0 79.126591061241,24.5060126181946,0 79.1265935001264,24.5060121279993,0 79.1265984212029,24.5060110187407,0 79.1265950958469,24.5060250040751,0</coordinates></LinearRing></innerBoundaryIs><innerBoundaryIs><LinearRing><coordinates>79.1263235392387,24.5057691135373,0 79.1263226118919,24.5057713566205,0 79.1263218160549,24.505773641604,0 79.1263211539741,24.5057759620375,0 79.1263206275186,24.505778311371,0 79.1263203383965,24.505780072492,0 79.1263199029568,24.5057804752172,0 79.1263184986513,24.5057801400849,0 79.1263159738033,24.5057796648616,0 79.1263134252729,24.5057793109614,0 79.1263108600184,24.5057790793505,0 79.1263082850439,24.5057789706614,0 79.1263057073799,24.5057789851908,0 79.1263031340642,24.505779122899,0 79.126300572123,24.5057793834101,0 79.1262980285512,24.5057797660128,0 79.1262955102936,24.5057802696623,0 79.1262930242259,24.5057808929836,0 79.1262905771359,24.5057816342749,0 79.126288175705,24.505782491512,0 79.12628582649,24.5057834623546,0 79.1262835359049,24.5057845441518,0 79.1262813102039,24.5057857339499,0 79.1262791554638,24.5057870285005,0 79.1262770775679,24.505788424269,0 79.1262765777015,24.5057887983275,0 79.1262713605573,24.5057820779407,0 79.1262731570385,24.5057819854338,0 79.1262757182204,24.5057817302873,0 79.1262782613519,24.5057813531441,0 79.1262807794968,24.5057808550326,0 79.1262832657872,24.5057802373115,0 79.126285713442,24.5057795016655,0 79.1262881157854,24.505778650101,0 79.1262904662655,24.5057776849406,0 79.1262927584714,24.5057766088166,0 79.1262949861514,24.505775424664,0 79.1262971432299,24.5057741357125,0 79.1262992238236,24.5057727454775,0 79.1263012222579,24.5057712577508,0 79.1263031330824,24.50576967659,0 79.1263049510854,24.5057680063074,0 79.1263149891622,24.5057582890839,0 79.1263152597217,24.5057586349134,0 79.1263168874312,24.5057604988714,0 79.1263186205062,24.5057622815298,0 79.1263204541047,24.5057639779081,0 79.1263223831036,24.5057655832668,0 79.1263244021137,24.5057670931205,0 79.126324484843,24.5057671485832,0 79.1263235392387,24.5057691135373,0</coordinates></LinearRing></innerBoundaryIs><innerBoundaryIs><LinearRing><coordinates>79.1262141500149,24.5057210960906,0 79.1262117520837,24.5057035113111,0 79.1262113668254,24.5057011824409,0 79.1262108493227,24.5056988751297,0 79.1262102009847,24.5056965956602,0 79.126209423577,24.5056943502392,0 79.1262085192162,24.5056921449809,0 79.1262074903649,24.5056899858901,0 79.1262063398247,24.5056878788457,0 79.1262050707283,24.5056858295853,0 79.1262036865315,24.5056838436887,0 79.1262029346721,24.5056828798764,0 79.1262034670778,24.505682739732,0 79.126232167087,24.5056744397297,0 79.1262345635656,24.5056736841812,0 79.1262369144668,24.5056728169986,0 79.1262392135839,24.5056718404714,0 79.1262414548472,24.5056707571776,0 79.1262436323395,24.5056695699774,0 79.1262457403119,24.5056682820049,0 79.1262477731993,24.5056668966606,0 79.1262497256347,24.5056654176019,0 79.1262515924634,24.5056638487337,0 79.1262533687568,24.5056621941978,0 79.1262550498254,24.5056604583625,0 79.126256631231,24.5056586458105,0 79.1262581087985,24.5056567613271,0 79.1262594786271,24.5056548098875,0 79.1262607371002,24.5056527966437,0 79.1262611452533,24.5056521029329,0 79.1262610243458,24.5056527769396,0 79.1262607375173,24.5056551651444,0 79.126260589972,24.5056575639305,0 79.1262605821282,24.5056599665019,0 79.1262607140079,24.5056623660518,0 79.1262609852376,24.505664755782,0 79.1262613307956,24.5056667568443,0 79.1262281846193,24.5057117828189,0 79.12622680161,24.5057137716887,0 79.1262255339646,24.505715823911,0 79.1262243851406,24.5057179338888,0 79.1262233582712,24.5057200958671,0 79.1262224561572,24.5057223039496,0 79.1262216812588,24.5057245521139,0 79.1262210356897,24.5057268342285,0 79.1262209354605,24.505727284224,0 79.1262141500149,24.5057210960906,0</coordinates></LinearRing></innerBoundaryIs><innerBoundaryIs><LinearRing><coordinates>79.126145693507,24.5056174250638,0 79.1261444856863,24.5056194966281,0 79.1261433972248,24.5056216228563,0 79.1261424310676,24.5056237979955,0 79.1261415898287,24.5056260161605,0 79.1261408757844,24.5056282713496,0 79.1261402908665,24.505630557461,0 79.1261398366577,24.5056328683092,0 79.126139514387,24.5056351976418,0 79.1261394766232,24.5056356643585,0 79.126137493767,24.5056341749888,0 79.1261354184527,24.5056327756002,0 79.1261332660766,24.5056314773218,0 79.1261310425164,24.5056302836991,0 79.1261287538445,24.5056291979917,0 79.1261144196767,24.505622827253,0 79.1261137277413,24.5056109047544,0 79.1261194794177,24.5056130364947,0 79.1261218798266,24.5056138603906,0 79.1261243237732,24.5056145690683,0 79.1261268046569,24.5056151606138,0 79.1261293157772,24.5056156334295,0 79.1261318503522,24.5056159862384,0 79.1261344015362,24.5056162180875,0 79.1261369624391,24.5056163283508,0 79.1261395261443,24.5056163167303,0 79.1261420857276,24.5056161832576,0 79.1261446342761,24.505615928293,0 79.1261468231813,24.5056156032672,0 79.126145693507,24.5056174250638,0</coordinates></LinearRing></innerBoundaryIs><innerBoundaryIs><LinearRing><coordinates>79.1260352638648,24.5055405508487,0 79.1260330079395,24.5055394482014,0 79.1260306925892,24.5055384540178,0 79.1260283240374,24.5055375709703,0 79.1260259086507,24.5055368014323,0 79.1260234529214,24.5055361474725,0 79.1260209634506,24.5055356108486,0 79.1260184469296,24.5055351930031,0 79.1260159101229,24.505534895059,0 79.1260133598493,24.5055347178172,0 79.1260108029637,24.5055346617542,0 79.1260093409285,24.5055346990776,0 79.126009599203,24.5055341427195,0 79.1260104905699,24.5055318999901,0 79.1260112511499,24.50552961729,0 79.1260118788172,24.5055273009997,0 79.1260123718172,24.5055249575937,0 79.1260127287721,24.5055225936221,0 79.126012948684,24.5055202156926,0 79.1260130309383,24.5055178304518,0 79.126012975305,24.5055154445669,0 79.1260127819398,24.5055130647068,0 79.126012451383,24.5055106975236,0 79.1260119845587,24.5055083496338,0 79.1260113827717,24.5055060276003,0 79.1260106477041,24.5055037379134,0 79.1260097814105,24.5055014869732,0 79.1260087863123,24.5054992810714,0 79.1260076651911,24.5054971263738,0 79.1260064211805,24.5054950289031,0 79.1260050577577,24.5054929945222,0 79.1260035787337,24.5054910289172,0 79.1260019882426,24.5054891375826,0 79.1260002907301,24.5054873258047,0 79.1259918907294,24.5054788258067,0 79.1259900673583,24.5054770771996,0 79.1259881443143,24.5054754203972,0 79.1259861271105,24.5054738601493,0 79.1259840215299,24.5054724009289,0 79.125981833609,24.5054710469194,0 79.1259795696201,24.5054698020025,0 79.1259772360538,24.5054686697473,0 79.1259636137307,24.5054624818311,0 79.1259599226612,24.5054427753134,0 79.1259594169021,24.5054404451729,0 79.125958777861,24.5054381426069,0 79.1259580073081,24.5054358739934,0 79.1259571073778,24.5054336456164,0 79.1259560805629,24.5054314636484,0 79.1259558832868,24.5054310986134,0 79.1260096985374,24.5054159037148,0 79.1260289121924,24.5054398614864,0 79.1260409216623,24.5054560022213,0 79.1260420913633,24.5054575071725,0 79.1260424883967,24.5054579964896,0 79.1260425362884,24.5054596665645,0 79.1260427395797,24.5054620260401,0 79.1260430777555,24.5054643725221,0 79.126043549886,24.5054666995593,0 79.1260441546732,24.5054690007538,0 79.1260448904544,24.5054712697788,0 79.1260457552065,24.5054735003959,0 79.1260467465522,24.5054756864724,0 79.1260478617658,24.505477821998,0 79.1260490977812,24.5054799011013,0 79.1260504512003,24.5054819180662,0 79.1260519183019,24.5054838673474,0 79.1260534950525,24.5054857435855,0 79.1260551771171,24.5054875416221,0 79.126056959871,24.5054892565137,0 79.1260588384128,24.5054908835455,0 79.1260608075778,24.5054924182443,0 79.1260628619521,24.5054938563906,0 79.1260649958873,24.5054951940303,0 79.1260672035167,24.5054964274859,0 79.1260694787705,24.5054975533662,0 79.1260718153934,24.5054985685757,0 79.1260742069611,24.5054994703231,0 79.1260766468984,24.5055002561294,0 79.1260774886004,24.5055004825997,0 79.1260858976201,24.5055112793691,0 79.1260842289624,24.5055126257293,0 79.1260824095015,24.5055142538758,0 79.1260806842272,24.5055159657117,0 79.1260790577312,24.5055177566812,0 79.1260775343422,24.5055196220178,0 79.1260761181145,24.5055215567573,0 79.1260748128171,24.5055235557506,0 79.1260736219239,24.5055256136777,0 79.1260725486043,24.5055277250617,0 79.1260715957149,24.5055298842834,0 79.1260707657916,24.5055320855964,0 79.126070061043,24.5055343231423,0 79.1260694833449,24.505536590966,0 79.1260690342347,24.5055388830322,0 79.1260687149076,24.5055411932407,0 79.1260685262135,24.5055435154434,0 79.1260684686545,24.50554584346,0 79.126068542384,24.5055481710948,0 79.1260687472055,24.5055504921532,0 79.1260690825742,24.505552800458,0 79.1260695475974,24.5055550898659,0 79.1260701410375,24.505557354284,0 79.1260705963994,24.505558913322,0 79.1260352638648,24.5055405508487,0</coordinates></LinearRing></innerBoundaryIs><innerBoundaryIs><LinearRing><coordinates>79.1263065954206,24.5058783823039,0 79.1263061460555,24.5058792107042,0 79.1263051092109,24.5058814073021,0 79.1263042010338,24.5058836510858,0 79.1263034240762,24.5058859357506,0 79.1263027805213,24.5058882548768,0 79.1263022721774,24.5058906019477,0 79.1263019004729,24.5058929703685,0 79.1263016664523,24.5058953534841,0 79.1263015707731,24.5058977445981,0 79.1263016137042,24.5059001369918,0 79.126301795125,24.5059025239427,0 79.1263021145258,24.5059048987438,0 79.1263025710089,24.5059072547221,0 79.1263027079253,24.5059077934654,0 79.1263015920995,24.5059075696318,0 79.1262990291764,24.5059071835739,0 79.1262964475983,24.5059069214809,0 79.1262938545222,24.5059067840793,0 79.1262912571365,24.5059067717501,0 79.1262886626419,24.5059068845274,0 79.126286078231,24.5059071220987,0 79.1262835110683,24.5059074838052,0 79.1262809682706,24.5059079686443,0 79.1262784568873,24.5059085752719,0 79.1262759838804,24.5059093020062,0 79.1262735561058,24.5059101468325,0 79.1262711802939,24.5059111074089,0 79.1262688630308,24.5059121810723,0 79.1262674083912,24.5059129456117,0 79.1262627166337,24.505911174234,0 79.1262557272226,24.505908542233,0 79.1262552066336,24.5059075260839,0 79.1262483299906,24.5058832556118,0 79.1262649559545,24.505879251808,0 79.1262674276088,24.5058785930379,0 79.1262698583386,24.5058778171855,0 79.1262722415243,24.5058769263638,0 79.126274570676,24.5058759229987,0 79.1262768394506,24.5058748098226,0 79.1262790416696,24.5058735898671,0 79.1262811713358,24.5058722664545,0 79.1262832226494,24.5058708431888,0 79.1262851900242,24.5058693239458,0 79.1262870681025,24.5058677128631,0 79.126288066969,24.5058667616711,0 79.1263065954206,24.5058783823039,0</coordinates></LinearRing></innerBoundaryIs><innerBoundaryIs><LinearRing><coordinates>79.1267233036643,24.5060395528208,0 79.1267256480281,24.5060386363221,0 79.1267279375155,24.5060376102303,0 79.126735331208,24.5060340769613,0 79.1267364906215,24.5060340316043,0 79.1267377579429,24.506033921296,0 79.1267375994836,24.5060340631623,0 79.1267358719586,24.5060357783587,0 79.1267342435726,24.5060375729177,0 79.1267327186736,24.5060394420473,0 79.1267313784638,24.5060412752539,0 79.1267296357438,24.5060409231893,0 79.1267270437914,24.5060404657408,0 79.1267244288075,24.5060401358064,0 79.1267221000523,24.5060399574441,0 79.1267233036643,24.5060395528208,0</coordinates></LinearRing></innerBoundaryIs><innerBoundaryIs><LinearRing><coordinates>79.1267828018432,24.5060184235195,0 79.1267854370568,24.5060178335854,0 79.1267880328422,24.5060171119921,0 79.126790581349,24.5060162609221,0 79.1267930748697,24.5060152829491,0 79.1267955058631,24.506014181031,0 79.1267978669772,24.5060129585002,0 79.1268001510712,24.5060116190541,0 79.126817493319,24.5060008223239,0 79.1268190233356,24.5060013291325,0 79.1268201570694,24.5060016445335,0 79.1268201534056,24.5060016538562,0 79.1268194022023,24.5060039376435,0 79.1268187838806,24.5060062545476,0 79.1268183001668,24.5060085981005,0 79.1268179524112,24.5060109617593,0 79.1268177415848,24.5060133389253,0 79.1268176682761,24.5060157229621,0 79.1268177326897,24.506018107214,0 79.126817934646,24.5060204850247,0 79.126818273581,24.506022849756,0 79.1268187485485,24.5060251948061,0 79.1268193582226,24.5060275136281,0 79.1268215254354,24.5060348932784,0 79.1267916769351,24.5060237217015,0 79.1267892933778,24.5060228947038,0 79.1267868663141,24.5060221814703,0 79.1267844022247,24.5060215839056,0 79.1267819076892,24.5060211036052,0 79.1267793893686,24.5060207418517,0 79.1267768539871,24.5060204996111,0 79.1267743083147,24.5060203775301,0 79.1267729059696,24.5060203766524,0 79.1267828018432,24.5060184235195,0</coordinates></LinearRing></innerBoundaryIs><innerBoundaryIs><LinearRing><coordinates>79.1264718162575,24.5053493885614,0 79.126474366306,24.5053492181906,0 79.1264769032821,24.5053489271554,0 79.1264841032847,24.5053479271552,0 79.1264866192369,24.5053475164505,0 79.126489108567,24.5053469870742,0 79.1264915645941,24.505346340447,0 79.1264939807263,24.5053455783044,0 79.126496350479,24.5053447026918,0 79.126498493354,24.5053437901186,0 79.1264987990626,24.5053455481256,0 79.1265000990601,24.5053519481259,0 79.1265006487233,24.5053543027413,0 79.126501334821,24.505356627189,0 79.1265015428588,24.5053572071702,0 79.1264967595151,24.5053567288359,0 79.1264942119443,24.5053565350449,0 79.1264916568226,24.5053564622673,0 79.1264891010112,24.5053565106985,0 79.1264865513733,24.5053566802085,0 79.1264840147555,24.5053569703421,0 79.1264814979694,24.5053573803201,0 79.1264790077732,24.5053579090418,0 79.126476550854,24.5053585550872,0 79.1264741338094,24.5053593167215,0 79.1264717631298,24.5053601918996,0 79.1264694451813,24.5053611782714,0 79.1264671861883,24.505362273188,0 79.1264649922168,24.5053634737093,0 79.1264628691584,24.5053647766115,0 79.1264608227141,24.505366178396,0 79.1264588583793,24.5053676752985,0 79.1264569814287,24.5053692632993,0 79.126456551819,24.5053696665019,0 79.1264563194193,24.5053696095355,0 79.1264538046749,24.5053691199999,0 79.1264512654719,24.5053687510098,0 79.1264487087073,24.5053685035675,0 79.126440447629,24.5053679027622,0 79.1264416118957,24.5053668908524,0 79.1264434117187,24.5053651512842,0 79.1264451081497,24.5053633268002,0 79.1264466964108,24.5053614225388,0 79.1264480601502,24.5053596942349,0 79.1264565814825,24.5053567780452,0 79.1264589786479,24.5053558914888,0 79.1264613217552,24.5053548912283,0 79.1264636043677,24.5053537800114,0 79.1264658202152,24.5053525608907,0 79.1264679632105,24.5053512372152,0 79.1264700274667,24.505349812621,0 79.1264705474299,24.5053494130063,0 79.1264718162575,24.5053493885614,0</coordinates></LinearRing></innerBoundaryIs><innerBoundaryIs><LinearRing><coordinates>79.1263883369259,24.5053768945781,0 79.1263907917703,24.5053777269471,0 79.1263932914176,24.5053784389831,0 79.1263943949063,24.5053786954355,0 79.1263718360459,24.5053848348718,0 79.1263715916698,24.5053849020091,0 79.1263693164039,24.5053855329654,0 79.1263689381048,24.5053852877888,0 79.126366729689,24.5053840115285,0 79.1263644505417,24.505382844012,0 79.1263621070523,24.5053817885126,0 79.1263597057909,24.5053808479893,0 79.1263572534894,24.5053800250787,0 79.1263547570229,24.5053793220881,0 79.1263530941433,24.5053789406993,0 79.1263638499546,24.5053784913697,0 79.126365869404,24.5053783689796,0 79.126387681122,24.5053766352294,0 79.1263883369259,24.5053768945781,0</coordinates></LinearRing></innerBoundaryIs><innerBoundaryIs><LinearRing><coordinates>79.126323966058,24.5053806090727,0 79.1263215500343,24.505381517393,0 79.1263191899406,24.5053825414494,0 79.1263143740679,24.5053847758412,0 79.1263142651699,24.5053846878734,0 79.1263122325591,24.5053832124293,0 79.1263101179804,24.5053818368084,0 79.1263079272831,24.5053805648162,0 79.1263056665269,24.5053793999709,0 79.1263033419655,24.5053783454949,0 79.1263009600289,24.5053774043049,0 79.12629920883,24.5053768102112,0 79.1262995671245,24.5053762953221,0 79.1263021316349,24.505375801775,0 79.1263037580604,24.5053764850337,0 79.1263060778277,24.5053773322764,0 79.1263084414889,24.5053780709974,0 79.1263108429846,24.5053786993029,0 79.1263132761583,24.5053792155822,0 79.1263157347726,24.5053796185118,0 79.1263182125245,24.5053799070587,0 79.1263207030621,24.5053800804833,0 79.1263232000009,24.5053801383409,0 79.1263233000009,24.5053801383409,0 79.1263255499409,24.5053800913694,0 79.1263255861897,24.5053800898551,0 79.126323966058,24.5053806090727,0</coordinates></LinearRing></innerBoundaryIs><innerBoundaryIs><LinearRing><coordinates>79.1259805145653,24.5051176558669,0 79.1259779469012,24.5051178696689,0 79.125975394952,24.5051182059277,0 79.1259733462813,24.5051185767373,0 79.1259737383753,24.5051164658293,0 79.1259739292801,24.5051149489594,0 79.1259824336883,24.5051175882592,0 79.1259805145653,24.5051176558669,0</coordinates></LinearRing></innerBoundaryIs><innerBoundaryIs><LinearRing><coordinates>79.1253962063546,24.5046424294122,0 79.1253987139657,24.5046429314031,0 79.1254012467195,24.5046433133629,0 79.1254037977585,24.5046435742574,0 79.1254063601754,24.5046437133802,0 79.1254089270322,24.5046437303547,0 79.1254114913791,24.5046436251348,0 79.1254140462727,24.5046433980055,0 79.1254160772966,24.5046431192382,0 79.1254182746037,24.5046463340913,0 79.1254196933669,24.5046482943824,0 79.1254212217603,24.5046501844177,0 79.1254220597966,24.5046511151755,0 79.1254199287674,24.5046651034351,0 79.1254192494507,24.5046640551324,0 79.1254177947926,24.5046620600994,0 79.1254162263826,24.504660138577,0 79.1254145486481,24.5046582959896,0 79.1254127663254,24.5046565375389,0 79.1254065663251,24.5046507375403,0 79.1254044378007,24.5046488621471,0 79.1254021903804,24.5046471067265,0 79.1253956283844,24.5046422845127,0 79.1253962063546,24.5046424294122,0</coordinates></LinearRing></innerBoundaryIs><innerBoundaryIs><LinearRing><coordinates>79.1259168981781,24.5042059728127,0 79.1259178951169,24.5042062966651,0 79.1259394494907,24.5042130612965,0 79.1259397106269,24.5042139515372,0 79.1259398645783,24.504214383557,0 79.1259370289716,24.5042145954967,0 79.1259356931852,24.5042139991896,0 79.125914147746,24.5042050488394,0 79.1259168981781,24.5042059728127,0</coordinates></LinearRing></innerBoundaryIs><innerBoundaryIs><LinearRing><coordinates>79.1260976186294,24.5042924090688,0 79.1260976539878,24.5042921622671,0 79.1260977952118,24.5042922571869,0 79.1260976186294,24.5042924090688,0</coordinates></LinearRing></innerBoundaryIs></Polygon>
  </Placemark>
  
    </Document>
</kml>