<?xml version="1.0" encoding="UTF-8"?>
<kml xmlns="http://www.opengis.net/kml/2.2">
    <Document>
        <Placemark xmlns:ns0="http://www.opengis.net/kml/2.2">
	<Style><LineStyle><color>ff0000ff</color></LineStyle><PolyStyle><fill>0</fill></PolyStyle></Style>
	<ExtendedData><SchemaData schemaUrl="#Wave23_v27MAR2025">
		<SimpleData name="area(ha)">2.359050630062175</SimpleData>
		<SimpleData name="site_id">230084_4.6</SimpleData>
		<SimpleData name="Land_parc">230084</SimpleData>
		<SimpleData name="district">Damoh</SimpleData>
		<SimpleData name="block">Batyagarh</SimpleData>
		<SimpleData name="village">Achalpura</SimpleData>
		<SimpleData name="Land Type">Community</SimpleData>
		<SimpleData name="Instance">Wave 2023</SimpleData>
	</SchemaData></ExtendedData>
      <Polygon><outerBoundaryIs><LinearRing><coordinates>79.5406046374993,24.2593344077152,0 79.5406048552169,24.2593367752982,0 79.5406052084916,24.2593391291018,0 79.540605696345,24.2593414626067,0 79.5406063174259,24.2593437693502,0 79.5406070700142,24.2593460429435,0 79.5406079520255,24.2593482770897,0 79.540608961017,24.2593504656011,0 79.5406100941943,24.2593526024164,0 79.5406113484189,24.2593546816175,0 79.5406127202171,24.2593566974458,0 79.5406142057896,24.2593586443184,0 79.540615801022,24.2593605168432,0 79.5406175014961,24.259362309834,0 79.540622843481,24.259367651821,0 79.5406237705885,24.2593703889982,0 79.5406245921579,24.2593726093026,0 79.5406255383445,24.2593747875106,0 79.5406266065964,24.2593769177478,0 79.5406277940329,24.2593789942692,0 79.5406290974515,24.2593810114747,0 79.540630513337,24.259382963924,0 79.540632037871,24.2593848463517,0 79.5406336669419,24.259386653681,0 79.5406353961564,24.2593883810378,0 79.540637220851,24.2593900237637,0 79.5406391361047,24.2593915774283,0 79.5406411367522,24.2593930378417,0 79.5406432173981,24.2593944010652,0 79.5406453724312,24.2593956634224,0 79.5406475960394,24.2593968215089,0 79.5406498822261,24.2593978722014,0 79.5406522248256,24.2593988126664,0 79.5406546175202,24.2593996403675,0 79.5406570538571,24.2594003530725,0 79.5406595272658,24.2594009488593,0 79.5406620310758,24.2594014261211,0 79.5406636650991,24.2594016572155,0 79.5406694688165,24.2594042588818,0 79.5406718231509,24.2594052448544,0 79.54067423074,24.2594061160543,0 79.5406766849325,24.2594068700746,0 79.5406782190852,24.2594072605354,0 79.5406781554418,24.2594092757508,0 79.5406782159032,24.2594116399905,0 79.5406784113156,24.259413998084,0 79.5406787411426,24.2594163435614,0 79.5406792044794,24.2594186699872,0 79.5406798000547,24.2594209709781,0 79.5406805262344,24.2594232402206,0 79.5406813810258,24.2594254714885,0 79.5406823620838,24.2594276586595,0 79.5406834667165,24.2594297957327,0 79.540684691893,24.2594318768442,0 79.5406860342517,24.259433896284,0 79.5406874901095,24.259435848511,0 79.5406890554717,24.2594377281689,0 79.5406907260433,24.2594395301002,0 79.5406924972407,24.2594412493608,0 79.5406943642041,24.2594428812334,0 79.5406963218108,24.2594444212405,0 79.5406983646897,24.2594458651566,0 79.5407004872355,24.2594472090199,0 79.5407026836243,24.2594484491431,0 79.5407049478298,24.2594495821236,0 79.5407072736395,24.2594506048527,0 79.5407096546717,24.2594515145243,0 79.5407120843934,24.2594523086424,0 79.540714556138,24.2594529850281,0 79.5407170631235,24.2594535418255,0 79.5407195984713,24.2594539775069,0 79.5407221552249,24.259454290877,0 79.5407247263691,24.2594544810758,0 79.5407273048491,24.2594545475814,0 79.5407298835903,24.2594544902115,0 79.5407324555169,24.2594543091235,0 79.5407350135723,24.2594540048141,0 79.5407495240152,24.259451923018,0 79.5407497183026,24.2594521683735,0 79.5407513353119,24.2594540009993,0 79.5407530544466,24.2594557537533,0 79.5407548710206,24.2594574218575,0 79.5407567800819,24.2594590007649,0 79.5407587764268,24.2594604861715,0 79.5407608546132,24.2594618740282,0 79.5407630089763,24.2594631605518,0 79.5407652336435,24.2594643422354,0 79.5407675225505,24.2594654158579,0 79.540769869458,24.2594663784926,0 79.5407722679684,24.2594672275154,0 79.5407747115437,24.259467960612,0 79.540777193523,24.2594685757841,0 79.5407797071404,24.2594690713548,0 79.5407822455443,24.259469445973,0 79.540784801815,24.2594696986178,0 79.5407873689844,24.2594698286004,0 79.5407899400546,24.2594698355664,0 79.5407925080171,24.2594697194969,0 79.540795065872,24.2594694807083,0 79.5407976066465,24.2594691198515,0 79.540800123415,24.2594686379101,0 79.5408026093168,24.259468036198,0 79.5408050575757,24.2594673163552,0 79.5408074615178,24.259466480344,0 79.5408098145902,24.2594655304434,0 79.5408121103788,24.2594644692427,0 79.5408143426253,24.2594632996345,0 79.5408165052448,24.2594620248072,0 79.5408185923423,24.2594606482358,0 79.5408205982285,24.2594591736728,0 79.5408225174355,24.2594576051376,0 79.5408243447317,24.259455946906,0 79.5408260751362,24.2594542034982,0 79.5408277039319,24.2594523796664,0 79.540829226679,24.2594504803824,0 79.5408306392265,24.2594485108233,0 79.5408319377241,24.2594464763582,0 79.540833118632,24.2594443825326,0 79.5408341787312,24.2594422350543,0 79.5408351151321,24.2594400397769,0 79.5408359252821,24.2594378026848,0 79.5408366069728,24.2594355298759,0 79.5408371583459,24.2594332275458,0 79.5408375778986,24.2594309019704,0 79.5408378644871,24.259428559489,0 79.5408380173302,24.2594262064869,0 79.5408380360113,24.2594238493784,0 79.5408379204795,24.2594214945886,0 79.5408376767331,24.2594192019932,0 79.5408647402188,24.2594184255802,0 79.5408673190335,24.2594182894568,0 79.540869886515,24.2594180295482,0 79.5408724355991,24.2594176465697,0 79.5408749592721,24.2594171415748,0 79.5408774505902,24.259416515953,0 79.540879902699,24.2594157714258,0 79.5408823088514,24.2594149100416,0 79.5408846624273,24.2594139341705,0 79.5408869569508,24.2594128464974,0 79.5408891861088,24.2594116500151,0 79.5408913437679,24.2594103480156,0 79.5408934239915,24.2594089440813,0 79.540895421056,24.2594074420748,0 79.5408973294666,24.2594058461291,0 79.5408991439724,24.2594041606351,0 79.540900859581,24.2594023902303,0 79.5409024715721,24.2594005397859,0 79.5409039755103,24.2593986143933,0 79.5409053672577,24.2593966193501,0 79.5409066429849,24.2593945601454,0 79.540907799182,24.259392442445,0 79.5409088326678,24.2593902720757,0 79.5409097405986,24.2593880550089,0 79.5409105204764,24.2593857973449,0 79.5409111701554,24.2593835052954,0 79.5409113473516,24.2593827111604,0 79.5409124851127,24.2593846250547,0 79.5409138200893,24.2593866176764,0 79.540915265814,24.2593885442525,0 79.540916818408,24.2593903996142,0 79.5409184737061,24.2593921787839,0 79.5409202272672,24.2593938769883,0 79.5409220743869,24.2593954896713,0 79.5409240101096,24.2593970125065,0 79.540926029242,24.2593984414081,0 79.5409281263671,24.2593997725428,0 79.5409284424694,24.2593999517283,0 79.5409283415145,24.2594010289157,0 79.5409282561898,24.2594034215204,0 79.5409283093131,24.2594058149081,0 79.5409285007351,24.2594082023498,0 79.5409288299177,24.2594105771332,0 79.5409292959353,24.2594129325817,0 79.5409298974778,24.259415262073,0 79.5409306328539,24.2594175590578,0 79.5409314999962,24.2594198170781,0 79.5409324964666,24.2594220297855,0 79.5409336194638,24.2594241909591,0 79.5409348658303,24.2594262945228,0 79.5409362320621,24.2594283345624,0 79.5409377143179,24.2594303053424,0 79.5409393084306,24.2594322013219,0 79.5409410099182,24.2594340171705,0 79.540942813997,24.259435747783,0 79.540944715595,24.2594373882937,0 79.5409467093658,24.2594389340903,0 79.540948789704,24.259440380827,0 79.5409509507608,24.2594417244361,0 79.5409531864603,24.2594429611403,0 79.5409554905169,24.2594440874624,0 79.5409578564528,24.2594451002359,0 79.5409602776163,24.2594459966134,0 79.5409627472002,24.2594467740747,0 79.5409652582614,24.259447430434,0 79.5409678037401,24.259447963846,0 79.5409703764796,24.2594483728109,0 79.5409729692468,24.259448656179,0 79.5409755747522,24.2594488131536,0 79.5409781856704,24.2594488432933,0 79.5409807946608,24.2594487465135,0 79.5410057691682,24.2594472111978,0 79.5410169605799,24.2594585671907,0 79.5410186974476,24.2594602414089,0 79.5410205254681,24.2594618319681,0 79.5410224398536,24.2594633347024,0 79.5410244355901,24.2594647456758,0 79.5410265074504,24.2594660611929,0 79.541028650008,24.2594672778081,0 79.5410308576513,24.2594683923349,0 79.5410331245982,24.2594694018543,0 79.5410354449111,24.2594703037221,0 79.5410378125129,24.2594710955762,0 79.5410402212024,24.2594717753427,0 79.5410582181491,24.2594763955877,0 79.541055958623,24.259480197085,0 79.5410547761524,24.2594823178052,0 79.5410537173151,24.2594844927452,0 79.5410527850579,24.2594867158519,0 79.5410519819754,24.2594889809385,0 79.5410513103025,24.2594912817011,0 79.5410507719086,24.2594936117366,0 79.541050368292,24.2594959645603,0 79.541050100576,24.2594983336243,0 79.5410499695057,24.2595007123354,0 79.5410499754459,24.2595030940736,0 79.5410501183801,24.2595054722103,0 79.5410503979104,24.2595078401271,0 79.541050813259,24.259510191234,0 79.5410513632698,24.2595125189878,0 79.5410520464123,24.2595148169103,0 79.5410528607851,24.2595170786061,0 79.541053804122,24.259519297781,0 79.5410548737974,24.2595214682589,0 79.5410560668346,24.2595235839992,0 79.5410573799132,24.2595256391137,0 79.5410588093789,24.259527627883,0 79.5410603512534,24.2595295447723,0 79.5410620012456,24.2595313844467,0 79.5410637547636,24.2595331417864,0 79.5410656069271,24.2595348119006,0 79.5410675525817,24.2595363901414,0 79.5410695863123,24.2595378721163,0 79.5410717024592,24.2595392537011,0 79.5410738951329,24.2595405310506,0 79.5410761582311,24.25954170061,0 79.5410784854556,24.2595427591244,0 79.5410808703296,24.2595437036478,0 79.5410833062158,24.2595445315516,0 79.5410857863352,24.2595452405317,0 79.5410883037853,24.259545828615,0 79.5410908515602,24.2595462941648,0 79.5410934225691,24.2595466358855,0 79.5410960096568,24.2595468528261,0 79.5410986056234,24.2595469443827,0 79.5411012032442,24.2595469103006,0 79.5411037952899,24.2595467506747,0 79.5411063745467,24.2595464659492,0 79.5411089338364,24.2595460569164,0 79.5411114660364,24.2595455247148,0 79.5411139640995,24.2595448708255,0 79.5411164210735,24.2595440970683,0 79.5411188301205,24.2595432055965,0 79.541121184536,24.2595421988913,0 79.5411234777676,24.2595410797542,0 79.5411257034331,24.2595398513,0 79.5411278553384,24.2595385169474,0 79.5411299274946,24.25953708041,0 79.5411319141349,24.2595355456857,0 79.5411338097304,24.2595339170459,0 79.541149521241,24.2595196861986,0 79.5411556835144,24.2595159321698,0 79.5411556554784,24.2595170504241,0 79.5411557322836,24.2595194250394,0 79.5411559452262,24.2595217926633,0 79.5411562937167,24.2595241467403,0 79.5411567767901,24.2595264807523,0 79.5411573931089,24.2595287882367,0 79.5411581409666,24.2595310628045,0 79.5411590182925,24.2595332981578,0 79.5411600226575,24.2595354881073,0 79.5411611512806,24.2595376265894,0 79.5411624010369,24.2595397076829,0 79.541163768466,24.2595417256257,0 79.5411652497817,24.2595436748303,0 79.5411668408825,24.2595455498998,0 79.5411685373628,24.2595473456423,0 79.5411703345255,24.2595490570858,0 79.5411722273945,24.2595506794915,0 79.5411742107287,24.2595522083673,0 79.5411762790366,24.2595536394799,0 79.5411784265913,24.2595549688668,0 79.5411806474467,24.2595561928472,0 79.5411829354535,24.259557308032,0 79.5411852842767,24.2595583113336,0 79.5411876874127,24.2595591999738,0 79.5411901382076,24.2595599714922,0 79.5411926298755,24.2595606237526,0 79.5411951555175,24.259561154949,0 79.5411977081404,24.2595615636106,0 79.5412002806764,24.2595618486058,0 79.5412028660026,24.2595620091456,0 79.5412054569606,24.2595620447854,0 79.5412080463765,24.2595619554267,0 79.5412106270805,24.2595617413166,0 79.5412131919272,24.2595614030482,0 79.5412157338149,24.2595609415581,0 79.5412182457055,24.259560358124,0 79.5412193130624,24.259560054615,0 79.5412194782479,24.2595602569075,0 79.5412211056817,24.2595621430449,0 79.5412228403564,24.2595639470569,0 79.5412246773496,24.2595656638248,0 79.5412266114492,24.259567288477,0 79.5412286371669,24.2595688164039,0 79.541230748755,24.2595702432698,0 79.5412329402219,24.2595715650261,0 79.5412352053491,24.2595727779222,0 79.5412375377096,24.2595738785168,0 79.5412399306853,24.2595748636867,0 79.5412423774861,24.2595757306366,0 79.5412583010252,24.2595809301606,0 79.541262983584,24.2595846035478,0 79.5412650427412,24.2595861328836,0 79.5412671886524,24.2595875584501,0 79.5412694151031,24.2595888761191,0 79.5412717156458,24.2595900820747,0 79.5412740836182,24.2595911728244,0 79.5412765121629,24.2595921452096,0 79.5412789942469,24.2595929964143,0 79.5412815226825,24.2595937239735,0 79.5413068226901,24.2596003239761,0 79.5413093849576,24.2596009246995,0 79.5413119787072,24.259601398443,0 79.5413139290954,24.2596016557854,0 79.5413142579338,24.2596020755905,0 79.541315850386,24.2596039011479,0 79.5413175437664,24.2596056486932,0 79.5413193335354,24.2596073135418,0 79.5413212148952,24.2596088912307,0 79.5413231828025,24.2596103775305,0 79.5413252319816,24.2596117684569,0 79.5413273569395,24.2596130602813,0 79.5413295519797,24.2596142495405,0 79.5413318112179,24.2596153330465,0 79.5413341285976,24.2596163078948,0 79.5413522286022,24.2596234078973,0 79.5413546689328,24.2596242953708,0 79.5413571573833,24.2596250623522,0 79.5413596868814,24.2596257066615,0 79.5413622502378,24.2596262264677,0 79.5413648401673,24.2596266202933,0 79.541367449309,24.259626887019,0 79.5413700702473,24.2596270258868,0 79.5413726955335,24.2596270365021,0 79.5413753177059,24.2596269188345,0 79.5413779293123,24.2596266732186,0 79.5413805229301,24.2596263003525,0 79.5413830911879,24.2596258012958,0 79.5413856267865,24.2596251774669,0 79.5413881225195,24.2596244306389,0 79.5413900150239,24.2596238126783,0 79.5414059210461,24.2596237472213,0 79.5414083678783,24.2596236813729,0 79.5414108081184,24.2596235041313,0 79.5414132357366,24.2596232159346,0 79.5414156447346,24.2596228174949,0 79.5414180291597,24.2596223097967,0 79.5414203831203,24.2596216940945,0 79.5414373960445,24.259616821849,0 79.5414372265748,24.2596182362941,0 79.5414370796994,24.259620574883,0 79.541437065325,24.2596229173083,0 79.54143718349,24.2596252572643,0 79.5414374338766,24.2596275884517,0 79.5414378158105,24.2596299045951,0 79.5414383282638,24.2596321994593,0 79.5414389698568,24.2596344668667,0 79.5414397388624,24.2596367007133,0 79.5414406332104,24.2596388949856,0 79.5414416504933,24.2596410437768,0 79.5414427879726,24.2596431413022,0 79.5414440425861,24.2596451819152,0 79.5414454109566,24.2596471601227,0 79.5414468894002,24.2596490705992,0 79.541448473937,24.2596509082018,0 79.5414501603016,24.2596526679836,0 79.5414519439541,24.2596543452073,0 79.5414538200931,24.2596559353577,0 79.5414557836679,24.2596574341544,0 79.5414578293927,24.2596588375624,0 79.5414599517603,24.2596601418038,0 79.5414621450573,24.2596613433676,0 79.5414644033794,24.2596624390192,0 79.5414667206471,24.2596634258091,0 79.5414690906225,24.2596643010808,0 79.5414715069255,24.2596650624781,0 79.5414739630514,24.2596657079514,0 79.5414764523884,24.259666235763,0 79.5414789682352,24.2596666444921,0 79.541481503819,24.2596669330383,0 79.5414840523142,24.2596671006249,0 79.5414866068601,24.2596671468007,0 79.54148916058,24.2596670714415,0 79.5414917065992,24.2596668747501,0 79.5414942380639,24.259666557256,0 79.5414967481593,24.2596661198138,0 79.5414992301282,24.2596655636013,0 79.541544497234,24.2596542705508,0 79.5415731094414,24.2596499465196,0 79.5415759536974,24.2596494374505,0 79.5415787603663,24.2596487758769,0 79.5415997124226,24.2596432297454,0 79.5416273441016,24.2596463162623,0 79.5416299737447,24.259646544572,0 79.5416326129578,24.2596466432857,0 79.5416352541475,24.2596466121192,0 79.541637889715,24.2596464511622,0 79.5416405120776,24.2596461608778,0 79.5416431136906,24.2596457421012,0 79.541645687069,24.2596451960372,0 79.5416482248089,24.2596445242569,0 79.5416507196092,24.2596437286931,0 79.5416531642921,24.2596428116345,0 79.5416555518241,24.2596417757198,0 79.5416578753361,24.2596406239292,0 79.5416601281433,24.2596393595765,0 79.5416623037642,24.2596379862994,0 79.5416643959393,24.2596365080489,0 79.5416663986493,24.259634929078,0 79.5416896247068,24.2596156000109,0 79.541691066888,24.259615731333,0 79.5416937417532,24.2596158408239,0 79.5416964191555,24.2596158168653,0 79.54169909118,24.2596156595281,0 79.5417017499271,24.2596153692775,0 79.541704387537,24.2596149469714,0 79.541706996212,24.2596143938584,0 79.5417203270031,24.2596112149782,0 79.5417321938298,24.2596141695756,0 79.5417346601132,24.2596147214635,0 79.541737154142,24.2596151560923,0 79.5417396692882,24.2596154723071,0 79.5417421988672,24.2596156692673,0 79.5417447361564,24.2596157464495,0 79.5417472744126,24.2596157036487,0 79.54174980689,24.2596155409786,0 79.5417523268581,24.2596152588714,0 79.5417548276198,24.2596148580769,0 79.541757302529,24.2596143396603,0 79.5417597450082,24.2596137049994,0 79.5417621485663,24.2596129557809,0 79.5417645068153,24.2596120939958,0 79.5417668134879,24.2596111219346,0 79.54176829561,24.259610410351,0 79.5417847959191,24.2596071102889,0 79.5417875059995,24.2596064939921,0 79.5417901736232,24.2596057378643,0 79.541792790214,24.2596048443365,0 79.5417953473598,24.2596038162812,0 79.5417978368392,24.2596026570037,0 79.5418002506489,24.2596013702309,0 79.5418243506538,24.2595876702271,0 79.541826510611,24.2595863692111,0 79.5418285931443,24.2595849660972,0 79.541830592518,24.2595834647497,0 79.5418325032253,24.2595818693038,0 79.5418343200036,24.2595801841538,0 79.541836037849,24.259578413941,0 79.5418376520302,24.2595765635411,0 79.5418391581013,24.2595746380504,0 79.5418405519142,24.2595726427724,0 79.54184182963,24.2595705832024,0 79.5418429877296,24.2595684650131,0 79.5418440230231,24.2595662940385,0 79.5418449326593,24.2595640762581,0 79.5418457141327,24.2595618177801,0 79.541846365291,24.259559524825,0 79.5418468843406,24.2595572037081,0 79.5418472698521,24.2595548608224,0 79.5418475207637,24.2595525026209,0 79.5418476363841,24.2595501355985,0 79.5418476163951,24.2595477662747,0 79.5418474608518,24.2595454011752,0 79.5418471701824,24.2595430468141,0 79.5418467451875,24.2595407096759,0 79.5418461870379,24.2595383961975,0 79.5418454972706,24.2595361127511,0 79.5418446777856,24.2595338656257,0 79.5418438862225,24.2595320227618,0 79.5418462668178,24.2595328033886,0 79.541848801741,24.2595334963232,0 79.5418513735916,24.2595340634676,0 79.5418539749488,24.2595345031854,0 79.541856598307,24.2595348142078,0 79.5418592360967,24.2595349956374,0 79.5418618807072,24.2595350469508,0 79.5418645245077,24.2595349679998,0 79.5418662796756,24.2595348288129,0 79.5418665685866,24.2595355983754,0 79.5418675268115,24.2595377757172,0 79.5418773268053,24.2595584757198,0 79.5418784233636,24.2595606342143,0 79.5418796425257,24.2595627367034,0 79.5418809809003,24.2595647773388,0 79.5418824347645,24.2595667504444,0 79.5418840000744,24.2595686505317,0 79.5418856724759,24.2595704723153,0 79.541887447317,24.2595722107279,0 79.5418893196607,24.2595738609339,0 79.541891284299,24.259575418343,0 79.5418933357671,24.2595768786231,0 79.5418954683586,24.2595782377124,0 79.5418976761414,24.2595794918303,0 79.5418999529743,24.2595806374884,0 79.5419022925242,24.2595816714999,0 79.5419046882833,24.2595825909887,0 79.5419071335876,24.2595833933971,0 79.5419096216352,24.259584076493,0 79.5419121455053,24.2595846383765,0 79.5419146981775,24.2595850774844,0 79.5419172725513,24.2595853925955,0 79.5419198614659,24.2595855828332,0 79.5419224577197,24.2595856476684,0 79.5419250540912,24.2595855869206,0 79.5419276433583,24.2595854007589,0 79.5419302183185,24.2595850897011,0 79.5419327718094,24.2595846546124,0 79.5419352967282,24.2595840967031,0 79.5419377860516,24.2595834175251,0 79.5419402328552,24.2595826189676,0 79.541942630333,24.2595817032517,0 79.5419449718162,24.2595806729248,0 79.5419472507917,24.2595795308528,0 79.5419494609202,24.2595782802124,0 79.5419515960541,24.2595769244824,0 79.5419536502543,24.259575467434,0 79.5419556178068,24.2595739131201,0 79.5419574932386,24.2595722658641,0 79.5419592713331,24.2595705302481,0 79.5419609471444,24.2595687110999,0 79.5419625160108,24.2595668134797,0 79.5419639735686,24.2595648426658,0 79.5419653157633,24.2595628041402,0 79.541989963738,24.2595230346929,0 79.5419920528185,24.2595218970622,0 79.5419942061793,24.2595205793359,0 79.5419962810255,24.2595191596754,0 79.5419982716224,24.2595176420047,0 79.5420001724679,24.2595160305186,0 79.5420019783082,24.2595143296712,0 79.5420036841519,24.2595125441637,0 79.5420052852841,24.2595106789311,0 79.5420067772792,24.259508739129,0 79.5420081560135,24.259506730119,0 79.542009417676,24.259504657454,0 79.5420105587797,24.2595025268628,0 79.5420115761704,24.2595003442343,0 79.5420124670362,24.2594981156013,0 79.5420132289146,24.2594958471237,0 79.5420138597,24.2594935450716,0 79.5420143576487,24.2594912158078,0 79.5420147213845,24.2594888657704,0 79.542014949902,24.2594865014549,0 79.5420150425696,24.2594841293962,0 79.5420149991313,24.2594817561507,0 79.5420148197069,24.259479388278,0 79.5420145047926,24.2594770323229,0 79.5420140552587,24.2594746947972,0 79.5420137842806,24.2594736197215,0 79.5420150041648,24.259473188577,0 79.5420173463898,24.2594722295118,0 79.5420196309631,24.2594711599274,0 79.5420218516853,24.2594699827263,0 79.5420240025305,24.2594687011028,0 79.5420260776625,24.2594673185345,0 79.5420280714505,24.259465838773,0 79.5420299784842,24.2594642658337,0 79.542031793589,24.2594626039847,0 79.5420335118396,24.2594608577354,0 79.5420351285735,24.2594590318242,0 79.5420366394039,24.2594571312057,0 79.542038040231,24.2594551610373,0 79.5420393272537,24.259453126665,0 79.5420404969798,24.2594510336089,0 79.5420415462351,24.2594488875487,0 79.5420424721726,24.2594466943075,0 79.5420432722797,24.2594444598369,0 79.5420439443853,24.2594421901998,0 79.5420444866658,24.2594398915551,0 79.5420448976496,24.25943757014,0 79.5420451762216,24.2594352322536,0 79.5420453216258,24.2594328842399,0 79.5420453334678,24.25943053247,0 79.5420452117153,24.2594281833256,0 79.5420449566988,24.2594258431809,0 79.5420445691103,24.259423518386,0 79.5420440500015,24.2594212152491,0 79.5420434007809,24.2594189400197,0 79.5420301007661,24.2593768400231,0 79.5420293492645,24.2593746679274,0 79.5420284791767,24.2593725333622,0 79.5420274927193,24.2593704417656,0 79.5420263924053,24.2593683984658,0 79.5420257323998,24.259367314338,0 79.5420332653111,24.2593581258363,0 79.5420347483497,24.2593562155113,0 79.542036121207,24.2593542371719,0 79.5420373801798,24.2593521961542,0 79.5420385218723,24.2593500979636,0 79.5420395432049,24.2593479482595,0 79.542040441423,24.2593457528405,0 79.5420412141035,24.2593435176282,0 79.5420418591624,24.2593412486519,0 79.5420423748598,24.2593389520315,0 79.5420427598047,24.259336633962,0 79.5420430129586,24.2593343006959,0 79.5420431336389,24.2593319585267,0 79.54204312152,24.2593296137721,0 79.5420429766345,24.2593272727566,0 79.5420426993734,24.2593249417948,0 79.5420422904845,24.2593226271739,0 79.5420417510706,24.2593203351373,0 79.5420410825868,24.2593180718673,0 79.5420402868362,24.2593158434687,0 79.5420393659652,24.2593136559523,0 79.5420383224577,24.2593115152184,0 79.5420371591284,24.2593094270414,0 79.5420358791152,24.2593073970536,0 79.5420344858706,24.2593054307308,0 79.5420329831528,24.2593035333766,0 79.5420042923362,24.2592692187925,0 79.5419856227371,24.2592419180351,0 79.5419842327783,24.2592399963332,0 79.5419827376138,24.2592381421995,0 79.5419811411436,24.2592363604704,0 79.5419794475321,24.2592346557935,0 79.541977661197,24.2592330326154,0 79.5419757867977,24.25923149517,0 79.5419738292236,24.2592300474676,0 79.5419717935809,24.2592286932844,0 79.5419571935829,24.2592194932872,0 79.5419550302275,24.2592182052359,0 79.5419527962722,24.2592170228086,0 79.5419504978465,24.2592159492498,0 79.5419481412572,24.259214987505,0 79.5419457329702,24.2592141402132,0 79.5419432795936,24.2592134096992,0 79.541940787859,24.2592127979676,0 79.5419382646035,24.2592123066966,0 79.5419357167504,24.2592119372344,0 79.5419331512907,24.2592116905947,0 79.5419305752637,24.2592115674541,0 79.5419279957375,24.2592115681507,0 79.5419254197901,24.2592116926825,0 79.5419228544893,24.2592119407077,0 79.5419209108084,24.2592122236355,0 79.5419200224484,24.2592103010837,0 79.5419193029711,24.2592089471906,0 79.541921635309,24.2592087615666,0 79.541924176032,24.2592084364173,0 79.5419266948383,24.2592079904054,0 79.5419291848923,24.2592074247412,0 79.5419316394367,24.2592067409598,0 79.5419340518101,24.259205940917,0 79.5419364154661,24.2592050267838,0 79.54193872399,24.259204001041,0 79.5419409711171,24.2592028664722,0 79.5419431507491,24.2592016261566,0 79.5419452569709,24.2592002834599,0 79.5419472840667,24.259198842026,0 79.5419492265353,24.2591973057668,0 79.5419510791052,24.2591956788511,0 79.5419528367491,24.2591939656943,0 79.5419602367489,24.2591863656926,0 79.5419619139653,24.2591845489338,0 79.5419634844181,24.2591826536632,0 79.5419649437426,24.259180685148,0 79.5419662878828,24.2591786488595,0 79.5419675131031,24.2591765504569,0 79.541968615998,24.2591743957726,0 79.5419695935025,24.2591721907948,0 79.5419704428998,24.2591699416519,0 79.5419711618291,24.2591676545949,0 79.5419717482923,24.2591653359802,0 79.5419722006595,24.2591629922519,0 79.5419725176734,24.259160629924,0 79.541972698453,24.2591582555619,0 79.5419727424957,24.2591558757648,0 79.5419726496794,24.2591534971468,0 79.5419724202618,24.2591511263188,0 79.5419720548807,24.2591487698699,0 79.5419715545515,24.2591464343495,0 79.5419709206648,24.2591441262486,0 79.5419701549823,24.2591418519821,0 79.5419694911789,24.2591401956348,0 79.5419704750312,24.2591391970147,0 79.5419720630252,24.259137409633,0 79.5419735494343,24.2591355502671,0 79.5419749303831,24.2591336237647,0 79.5419762022711,24.2591316351488,0 79.5419773617823,24.2591295896039,0 79.5419784058936,24.2591274924634,0 79.5419793318828,24.2591253491949,0 79.5419801373356,24.2591231653864,0 79.541980820152,24.2591209467315,0 79.5419813785518,24.2591186990147,0 79.5419838785478,24.2591072990137,0 79.5419843313971,24.259104901323,0 79.541984642682,24.2591024847461,0 79.5419848114982,24.259100056303,0 79.5419848373552,24.2590976230484,0 79.541984720178,24.2590951920509,0 79.5419844603069,24.2590927703724,0 79.541984058497,24.259090365048,0 79.5419835159154,24.2590879830652,0 79.5419828341384,24.2590856313434,0 79.5419820151465,24.2590833167146,0 79.541981061319,24.2590810459027,0 79.5419799754266,24.2590788255043,0 79.5419787606239,24.2590766619697,0 79.5419774204399,24.259074561584,0 79.5419759587678,24.2590725304487,0 79.5419743798539,24.2590705744644,0 79.5419673798527,24.2590623744661,0 79.5419658604755,24.2590606810223,0 79.5419642532056,24.25905905721,0 79.541953653205,24.2590488572125,0 79.5419519380698,24.259047286126,0 79.5419501406685,24.2590457943382,0 79.5419482653579,24.2590443854653,0 79.5419448744612,24.2590419633975,0 79.5419457177768,24.2590401126934,0 79.5419465818639,24.2590378988288,0 79.5419473190586,24.2590356467223,0 79.5419479273613,24.2590333624824,0 79.5419484051221,24.259031052305,0 79.5419487510451,24.2590287224563,0 79.541948964192,24.2590263792558,0 79.5419490439847,24.2590240290593,0 79.5419489902067,24.2590216782416,0 79.5419488030039,24.2590193331789,0 79.5419484828841,24.2590170002322,0 79.5419480307155,24.2590146857293,0 79.5419474477248,24.2590123959483,0 79.5419473652204,24.2590121342849,0 79.5419485693469,24.2590105324196,0 79.5419499256541,24.2590085078362,0 79.5419511639086,24.2590064206399,0 79.541952280681,24.2590042766113,0 79.5419532728784,24.2590020816884,0 79.541954137753,24.2589998419498,0 79.5419548729094,24.2589975635988,0 79.5419554763116,24.2589952529453,0 79.5419559462885,24.2589929163885,0 79.5419562815384,24.2589905603998,0 79.5419564811329,24.258988191504,0 79.5419565445193,24.2589858162618,0 79.5419564715219,24.2589834412516,0 79.541956262343,24.258981073051,0 79.5419559175618,24.2589787182187,0 79.5419554381334,24.2589763832765,0 79.5419548253854,24.2589740746911,0 79.5419540810149,24.2589717988562,0 79.5419532070834,24.2589695620747,0 79.5419522060114,24.2589673705414,0 79.5419510805713,24.2589652303259,0 79.5419498338801,24.2589631473555,0 79.5419484693904,24.258961127399,0 79.5419469908814,24.2589591760507,0 79.5419454024476,24.258957298715,0 79.5419437084885,24.2589555005911,0 79.5419419136953,24.258953786659,0 79.5419401295727,24.2589522532299,0 79.5419400955154,24.2589505849149,0 79.5419399153978,24.2589482492386,0 79.5419396034387,24.2589459252649,0 79.5419391604771,24.258943619245,0 79.5419385877047,24.2589413373815,0 79.541937886662,24.2589390858122,0 79.5419370592347,24.2589368705934,0 79.5419361076484,24.2589346976835,0 79.5419350344627,24.2589325729272,0 79.5419338425642,24.2589305020398,0 79.541932535159,24.2589284905914,0 79.5419311157637,24.2589265439924,0 79.5419295881962,24.2589246674788,0 79.5419279565652,24.2589228660981,0 79.5419262252597,24.2589211446956,0 79.5419243989364,24.2589195079015,0 79.5419224825079,24.2589179601184,0 79.5419204811288,24.2589165055097,0 79.5419184518409,24.2589151816876,0 79.5419184542825,24.2589151694655,0 79.5419187851128,24.2589128284434,0 79.5419189820267,24.258910474768,0 79.5419190444858,24.2589081148739,0 79.5419189723195,24.2589057552124,0 79.541918765725,24.2589034022347,0 79.5419184252671,24.2589010623731,0 79.5419179518766,24.2588987420246,0 79.5419173468476,24.2588964475324,0 79.5419166118342,24.2588941851694,0 79.5419157488459,24.2588919611204,0 79.5419147602417,24.2588897814656,0 79.5419136487245,24.2588876521636,0 79.5419124173329,24.2588855790358,0 79.5419110694334,24.2588835677496,0 79.5419096087107,24.2588816238035,0 79.5419080391584,24.2588797525118,0 79.5419063650672,24.2588779589904,0 79.5419045910138,24.2588762481425,0 79.5419027218482,24.2588746246451,0 79.5419007626803,24.2588730929366,0 79.5418987188662,24.2588716572044,0 79.5418986475703,24.2588716123411,0 79.5418987525669,24.2588709851679,0 79.5418990091154,24.2588686461758,0 79.541899132521,24.2588662981116,0 79.5418991224491,24.2588639473413,0 79.541898978927,24.2588616002384,0 79.5418987023438,24.2588592631662,0 79.5418982934494,24.2588569424609,0 79.5418977533524,24.2588546444142,0 79.5418970835171,24.2588523752566,0 79.5418962857594,24.2588501411402,0 79.5418953622424,24.2588479481219,0 79.5418943154697,24.2588458021475,0 79.5418931482794,24.258843709035,0 79.5418918638359,24.2588416744591,0 79.5418904656216,24.2588397039361,0 79.5418889574272,24.2588378028082,0 79.5418873433418,24.2588359762297,0 79.5418856277413,24.2588342291528,0 79.5418838152771,24.2588325663141,0 79.541881910863,24.2588309922219,0 79.5418799196623,24.2588295111437,0 79.5418778470733,24.258828127095,0 79.5418756987153,24.2588268438281,0 79.5418734804127,24.2588256648223,0 79.5418711981799,24.258824593274,0 79.5418688582041,24.2588236320883,0 79.5418664668297,24.2588227838712,0 79.5418640305398,24.2588220509223,0 79.5418615559398,24.2588214352288,0 79.5418467372592,24.2588181254744,0 79.5418470956632,24.2588164049234,0 79.5418474461818,24.2588140622415,0 79.541847662433,24.2588117059473,0 79.5418477438235,24.2588093425045,0 79.5418476901301,24.2588069783966,0 79.5418475015001,24.2588046201086,0 79.541847178451,24.2588022741097,0 79.5418467218689,24.2587999468353,0 79.5418461330063,24.2587976446696,0 79.5418454134785,24.2587953739278,0 79.5418445652595,24.2587931408389,0 79.5418435906759,24.2587909515286,0 79.5418424924012,24.2587888120025,0 79.5418412734481,24.2587867281297,0 79.5418399371606,24.2587847056267,0 79.5418384872041,24.2587827500415,0 79.5418369275563,24.2587808667385,0 79.5418352624954,24.258779060884,0 79.541833496589,24.2587773374318,0 79.5418316346813,24.2587757011095,0 79.5418296818798,24.2587741564058,0 79.5418276435414,24.2587727075581,0 79.5418255252574,24.2587713585408,0 79.5418233328389,24.2587701130546,0 79.5418210722998,24.2587689745159,0 79.5418187498413,24.258767946048,0 79.5418163718342,24.2587670304721,0 79.5418139448017,24.2587662302998,0 79.5418114754017,24.2587655477262,0 79.5418089704081,24.2587649846235,0 79.5418064366924,24.2587645425365,0 79.5418038812051,24.2587642226779,0 79.5418013109563,24.2587640259252,0 79.5417987329966,24.258763952818,0 79.5417961543978,24.2587640035568,0 79.5417935822333,24.2587641780027,0 79.5417935662327,24.2587641798641,0 79.5417933183951,24.2587630931419,0 79.5417926502882,24.2587607820517,0 79.5417918496707,24.2587585066281,0 79.5417909187881,24.2587562732526,0 79.5417898602509,24.2587540881884,0 79.5417886770278,24.2587519575635,0 79.5417877937912,24.2587505559856,0 79.5418102575467,24.2587032080963,0 79.5418112109174,24.2587010478489,0 79.5418120414354,24.2586988453783,0 79.5418127468882,24.2586966065526,0 79.5418133253961,24.2586943373367,0 79.5418137754179,24.2586920437763,0 79.5418140957547,24.2586897319821,0 79.5418142855528,24.2586874081135,0 79.5418143443067,24.2586850783619,0 79.5418142718599,24.2586827489344,0 79.5418140684053,24.2586804260372,0 79.5418137344851,24.2586781158592,0 79.5418132709889,24.2586758245554,0 79.5418126791515,24.2586735582305,0 79.5418119605499,24.2586713229225,0 79.5418111170986,24.2586691245871,0 79.5418101510447,24.2586669690811,0 79.5418090649622,24.2586648621474,0 79.5418078617446,24.2586628093995,0 79.5418065445977,24.2586608163065,0 79.5418051170307,24.2586588881786,0 79.5418035828472,24.2586570301528,0 79.5418019461345,24.2586552471795,0 79.5418002112533,24.2586535440089,0 79.5417983828259,24.2586519251788,0 79.5417964657238,24.2586503950023,0 79.5417944650545,24.2586489575561,0 79.5417923861485,24.25864761667,0 79.5417902345446,24.2586463759164,0 79.5417880159751,24.2586452386013,0 79.5417857363511,24.2586442077545,0 79.5417834017461,24.2586432861227,0 79.5417810183801,24.2586424761612,0 79.5417785926031,24.2586417800281,0 79.541776130878,24.258641199578,0 79.5417736397636,24.2586407363575,0 79.5417329034887,24.2586341601054,0 79.5417342892978,24.258632814189,0 79.5417359713362,24.2586309973958,0 79.5417375464704,24.2586291017648,0 79.541739010312,24.2586271325775,0 79.5417403587827,24.25862509532,0 79.5417415881256,24.2586229956682,0 79.5417426949158,24.2586208394719,0 79.5417436760695,24.2586186327382,0 79.5417445288534,24.2586163816153,0 79.5417452508916,24.2586140923749,0 79.5417458401723,24.2586117713948,0 79.5417462950539,24.2586094251415,0 79.541746614269,24.2586070601517,0 79.5417467969283,24.2586046830143,0 79.5417467988134,24.2586045845079,0 79.5417475544732,24.2586050688148,0 79.5417497476444,24.2586063227304,0 79.5417520095561,24.2586074694191,0 79.541754333977,24.2586085057218,0 79.5417567145037,24.2586094287836,0 79.541759144578,24.2586102360618,0 79.5417616175055,24.2586109253322,0 79.5417641264736,24.2586114946961,0 79.5417666645703,24.258611942585,0 79.5417692248037,24.2586122677649,0 79.5417718001205,24.2586124693401,0 79.541774383426,24.2586125467552,0 79.5417769676038,24.2586124997969,0 79.5417795455345,24.2586123285947,0 79.5417821101165,24.2586120336201,0 79.5417846542845,24.2586116156858,0 79.5417871710298,24.2586110759431,0 79.541789653419,24.258610415879,0 79.5417920946136,24.2586096373118,0 79.5417944878882,24.2586087423864,0 79.5417968266498,24.2586077335682,0 79.5418148266543,24.2585994335659,0 79.5418171378687,24.2585982961414,0 79.5418193797415,24.2585970474994,0 79.5418215459115,24.2585956911827,0 79.5418236302323,24.25859423104,0 79.5418256267896,24.2585926712143,0 79.5418275299185,24.2585910161316,0 79.5418293342186,24.258589270488,0 79.5418310345706,24.2585874392369,0 79.5418326261496,24.2585855275742,0 79.5418341044396,24.2585835409243,0 79.5418354652461,24.2585814849243,0 79.5418367047077,24.2585793654079,0 79.5418378193077,24.2585771883892,0 79.5418388058832,24.2585749600454,0 79.5418503058749,24.2585468600415,0 79.5418511542473,24.2585446081151,0 79.5418518718651,24.2585423182939,0 79.54185245673,24.2585399969545,0 79.5418529072132,24.258537650561,0 79.5418532220605,24.2585352856476,0 79.5418534003949,24.2585329087999,0 79.5418534417199,24.2585305266367,0 79.5418533459204,24.2585281457917,0 79.5418531132632,24.2585257728949,0 79.5418527443962,24.2585234145542,0 79.5418522403466,24.2585210773368,0 79.541851602518,24.2585187677514,0 79.5418508326867,24.2585164922293,0 79.5418499329963,24.2585142571074,0 79.5418479645961,24.2585097378265,0 79.541849459108,24.2585093686314,0 79.5418519233315,24.2585086303409,0 79.5418543417608,24.2585077741783,0 79.5418567076933,24.2585068025164,0 79.5418590145718,24.2585057180481,0 79.541861256003,24.2585045237792,0 79.5418634257746,24.2585032230194,0 79.5418655178733,24.2585018193738,0 79.5418675265007,24.2585003167326,0 79.5418694460901,24.2584987192604,0 79.5418712713213,24.2584970313844,0 79.5418729971357,24.2584952577827,0 79.5418746187502,24.2584934033707,0 79.5418761316706,24.2584914732878,0 79.5418775317039,24.2584894728834,0 79.5418788149699,24.2584874077015,0 79.541879977912,24.2584852834656,0 79.5418810173071,24.2584831060632,0 79.5418819302748,24.2584808815287,0 79.5418827142845,24.2584786160276,0 79.5418833671635,24.2584763158385,0 79.5418838871023,24.2584739873364,0 79.54188427266,24.2584716369747,0 79.541884522768,24.2584692712674,0 79.5418846367332,24.258466896771,0 79.5418846142396,24.2584645200664,0 79.5418844553496,24.2584621477406,0 79.5418841605037,24.2584597863684,0 79.5418837305189,24.2584574424944,0 79.5418798305122,24.2584391424953,0 79.5418792625925,24.25843680804,0 79.5418785606212,24.258434504435,0 79.5418777265684,24.2584322381457,0 79.541876762775,24.2584300155328,0 79.541875671946,24.2584278428341,0 79.5418744571431,24.2584257261478,0 79.5418731217756,24.2584236714144,0 79.5418716695914,24.258421684401,0 79.5418701046663,24.2584197706843,0 79.5418684313925,24.2584179356353,0 79.5418666544662,24.2584161844044,0 79.5418647788746,24.2584145219066,0 79.5418628098818,24.2584129528079,0 79.5418607530139,24.2584114815122,0 79.5418285530173,24.2583896815185,0 79.5418263459065,24.2583882710228,0 79.5418240580679,24.2583869731421,0 79.5418216963305,24.2583857917505,0 79.5418192677435,24.2583847303741,0 79.5418167795561,24.2583837921811,0 79.5418142391949,24.2583829799718,0 79.5418078106401,24.2583811035623,0 79.5418084405788,24.2583802103413,0 79.5418097279655,24.2583781559759,0 79.5418108960273,24.2583760425209,0 79.5418119415475,24.2583738757969,0 79.5418128616466,24.2583716617708,0 79.5418136537907,24.2583694065402,0 79.5418143157983,24.2583671163159,0 79.5418148458463,24.2583647974052,0 79.5418152424748,24.2583624561943,0 79.5418155045915,24.2583600991309,0 79.5418156314747,24.2583577327064,0 79.5418156227748,24.2583553634379,0 79.5418154785159,24.2583529978502,0 79.5418147108393,24.2583444437777,0 79.5418515695225,24.2583961867922,0 79.5418530181336,24.2583981097634,0 79.5418545733403,24.2583999614337,0 79.5418562309756,24.2584017368416,0 79.5418579865978,24.2584034312297,0 79.5418598355026,24.2584050400581,0 79.5418617727359,24.2584065590157,0 79.5418637931069,24.2584079840326,0 79.5418658912021,24.2584093112904,0 79.5418680613995,24.2584105372328,0 79.5418702978842,24.2584116585747,0 79.5418725946633,24.2584126723117,0 79.5418749455828,24.2584135757273,0 79.5418773443432,24.2584143664008,0 79.5418797845172,24.2584150422137,0 79.5418822595663,24.258415601355,0 79.5418847628585,24.2584160423266,0 79.5418872876862,24.2584163639469,0 79.5418898272843,24.2584165653542,0 79.5418923748477,24.2584166460086,0 79.5418949235504,24.2584166056941,0 79.541897466563,24.2584164445188,0 79.5418999970715,24.2584161629145,0 79.5419025082954,24.2584157616357,0 79.5419049935059,24.2584152417577,0 79.5419074460439,24.2584146046736,0 79.5419098593377,24.2584138520903,0 79.5419122269209,24.2584129860244,0 79.5419145424496,24.2584120087966,0 79.5419167997192,24.2584109230253,0 79.5419189926815,24.25840973162,0 79.5419211154604,24.2584084377728,0 79.5419231623679,24.2584070449508,0 79.5419251279193,24.258405556886,0 79.5419270068478,24.2584039775656,0 79.5419610068493,24.2583738775581,0 79.5419628424557,24.2583721636823,0 79.5419645760425,24.2583703627286,0 79.5419662027027,24.2583684797949,0 79.541967717832,24.2583665202107,0 79.5419691171417,24.2583644895229,0 79.5419703966711,24.2583623934792,0 79.5419715527983,24.2583602380128,0 79.541972582251,24.2583580292246,0 79.5419734821153,24.2583557733668,0 79.5419742498439,24.2583534768246,0 79.541974883264,24.2583511460985,0 79.5419751097958,24.2583500718715,0 79.5419756692034,24.2583498774238,0 79.5419780521815,24.2583489141113,0 79.5419803762779,24.2583478366441,0 79.5419826349921,24.2583466480358,0 79.5419848220067,24.2583453516108,0 79.5419869312046,24.2583439509953,0 79.5419889566867,24.2583424501066,0 79.5419908927877,24.2583408531426,0 79.5419927340925,24.25833916457,0 79.541994475451,24.2583373891115,0 79.5420050754504,24.2583259891089,0 79.5420066537321,24.2583242014107,0 79.5420081306653,24.2583223423437,0 79.5420095024174,24.2583204167322,0 79.5420107654285,24.2583184295735,0 79.5420119164211,24.2583163860243,0 79.542012952408,24.258314291388,0 79.542013870701,24.2583121511004,0 79.5420146689169,24.2583099707156,0 79.5420153449842,24.258307755892,0 79.5420158971486,24.2583055123773,0 79.542016323977,24.2583032459936,0 79.5420163399885,24.2583031458192,0 79.5420408782557,24.2582928588125,0 79.5420432065675,24.2582918139467,0 79.5420454716803,24.2582906581988,0 79.5420476673172,24.2582893947715,0 79.5420497873941,24.2582880271658,0 79.5420518260358,24.2582865591715,0 79.5420537775933,24.2582849948566,0 79.5420556366585,24.2582833385558,0 79.5420573980798,24.258281594859,0 79.5420590569762,24.2582797685981,0 79.5420606087508,24.2582778648338,0 79.5420620491034,24.2582758888416,0 79.5420633740427,24.2582738460972,0 79.5420645798972,24.2582717422611,0 79.5420656633253,24.2582695831633,0 79.5420666213248,24.2582673747869,0 79.5420674512411,24.2582651232514,0 79.5420681507743,24.2582628347961,0 79.5420687179859,24.2582605157624,0 79.5420691513043,24.2582581725766,0 79.5420694495285,24.2582558117319,0 79.5420696118324,24.2582534397703,0 79.542069637766,24.2582510632648,0 79.5420695272575,24.2582486888009,0 79.5420692806133,24.2582463229584,0 79.5420688985166,24.2582439722933,0 79.5420688364885,24.2582436925943,0 79.5420701365124,24.2582451856434,0 79.5420718583921,24.2582469626653,0 79.5420736798967,24.2582486541405,0 79.5420755959771,24.2582502553806,0 79.5420776013223,24.2582517619471,0 79.5420796903738,24.2582531696639,0 79.542081857341,24.2582544746292,0 79.5420840962175,24.2582556732258,0 79.5420864007973,24.2582567621313,0 79.5420887646926,24.2582577383275,0 79.5420911813509,24.2582585991085,0 79.5420936440737,24.2582593420882,0 79.5420961460346,24.2582599652074,0 79.5420986802986,24.2582604667387,0 79.542101239841,24.2582608452921,0 79.5421038175673,24.2582610998182,0 79.5421064063323,24.2582612296115,0 79.5421089989604,24.2582612343123,0 79.5421115882651,24.2582611139075,0 79.5421141670692,24.2582608687309,0 79.5421167282249,24.258260499462,0 79.5421192646328,24.2582600071244,0 79.5421217692624,24.2582593930828,0 79.5421242351713,24.2582586590393,0 79.5421266555243,24.2582578070285,0 79.5421290236126,24.258256839412,0 79.5421296993684,24.2582565232149,0 79.5421300345379,24.2582569960295,0 79.5421315689491,24.2582589284432,0 79.5421332127609,24.2582607836973,0 79.5421349613656,24.2582625565916,0 79.5421368098622,24.2582642421569,0 79.5421387530696,24.2582658356686,0 79.542140785541,24.2582673326603,0 79.5421429015797,24.258268728936,0 79.5421450952545,24.2582700205822,0 79.5421473604169,24.2582712039784,0 79.5421496907177,24.2582722758077,0 79.5421520796254,24.2582732330659,0 79.542154520444,24.2582740730699,0 79.5421570063321,24.2582747934651,0 79.5421595303222,24.2582753922324,0 79.5421620853395,24.2582758676935,0 79.5421646642227,24.2582762185158,0 79.5421672597433,24.2582764437158,0 79.5421698646263,24.2582765426624,0 79.5421724715706,24.2582765150783,0 79.542175073269,24.2582763610407,0 79.5421776624293,24.2582760809815,0 79.5421802317942,24.2582756756855,0 79.542182774162,24.2582751462888,0 79.5421852824068,24.2582744942753,0 79.5421877494981,24.2582737214725,0 79.5422307165627,24.2582590867205,0 79.5422392648989,24.2582618235393,0 79.5422418792958,24.2582625863397,0 79.5422445359721,24.2582632144668,0 79.5422472266813,24.2582637059711,0 79.5422792266919,24.2582687059733,0 79.5422818855848,24.2582690533104,0 79.5422845611779,24.2582692672299,0 79.5422872455127,24.2582693470958,0 79.5422899306044,24.2582692926703,0 79.5422926084662,24.2582691041155,0 79.5422952711327,24.258268781992,0 79.5422979106838,24.2582683272582,0 79.542300519268,24.2582677412666,0 79.542303089126,24.2582670257603,0 79.5423056126137,24.2582661828675,0 79.5423080822248,24.2582652150955,0 79.5423291822305,24.258256315093,0 79.5423312154272,24.2582553974019,0 79.5423318508567,24.2582560570733,0 79.5423336478963,24.2582577374257,0 79.5423355379971,24.2582593296474,0 79.5423375160237,24.2582608294125,0 79.5423395766018,24.2582622326461,0 79.5423417141331,24.2582635355359,0 79.54234392281,24.2582647345418,0 79.5423461966316,24.2582658264063,0 79.5423485294201,24.2582668081628,0 79.5423509148374,24.258267677144,0 79.5423533464025,24.2582684309888,0 79.5423558175089,24.2582690676491,0 79.5423583214428,24.2582695853952,0 79.5423608514011,24.2582699828203,0 79.5423634005101,24.2582702588447,0 79.542365961844,24.2582704127185,0 79.5423685284437,24.2582704440234,0 79.542371093336,24.2582703526746,0 79.5423736495522,24.2582701389202,0 79.5423761901472,24.258269803341,0 79.5423787082183,24.2582693468486,0 79.542381196924,24.2582687706834,0 79.5423836495027,24.2582680764108,0 79.5423860592909,24.2582672659171,0 79.5423884197412,24.2582663414043,0 79.5423907244406,24.2582653053843,0 79.5423929671271,24.2582641606719,0 79.5423951417077,24.2582629103773,0 79.5424145197839,24.2582511127065,0 79.5424521966298,24.2582579808796,0 79.5424547277222,24.2582583796769,0 79.5424572780501,24.2582586569522,0 79.5424598406771,24.2582588119515,0 79.5424624086332,24.2582588442532,0 79.5424649749338,24.2582587537695,0 79.5424675325991,24.2582585407463,0 79.5424700746726,24.2582582057631,0 79.5424725942403,24.2582577497311,0 79.5424750844493,24.2582571738905,0 79.5424775385265,24.2582564798076,0 79.5424799497974,24.2582556693701,0 79.5424823117035,24.2582547447824,0 79.5424846178209,24.258253708559,0 79.5424868618773,24.2582525635186,0 79.5424890377691,24.2582513127753,0 79.5424911395783,24.258249959731,0 79.5424931615884,24.2582485080658,0 79.5424950982996,24.2582469617279,0 79.5424969444445,24.2582453249233,0 79.5424986950019,24.2582436021037,0 79.5425003452104,24.2582417979549,0 79.5425018905819,24.2582399173841,0 79.542503326913,24.2582379655059,0 79.5425046502972,24.2582359476293,0 79.5425058571351,24.2582338692426,0 79.542506065893,24.2582334595576,0 79.5425061133184,24.25823347219,0 79.5425086431746,24.2582340152141,0 79.5425112007497,24.2582344351469,0 79.5425137789237,24.2582347308195,0 79.5425163705192,24.2582349014088,0 79.5425189683213,24.2582349464399,0 79.542521565098,24.2582348657873,0 79.5425241536202,24.2582346596757,0 79.5425267266816,24.2582343286788,0 79.542529277119,24.2582338737181,0 79.5425317978323,24.2582332960601,0 79.542534281804,24.258232597313,0 79.542536722119,24.2582317794221,0 79.5425391119835,24.2582308446643,0 79.5425414447446,24.2582297956418,0 79.5425437139079,24.2582286352751,0 79.5425459131563,24.2582273667945,0 79.5425480363673,24.2582259937314,0 79.5425500776301,24.2582245199081,0 79.5425520312619,24.2582229494279,0 79.5425538918242,24.2582212866626,0 79.5425556541371,24.2582195362413,0 79.5425767541362,24.2581974362362,0 79.5425784156999,24.2581956002247,0 79.5425799691594,24.2581936863085,0 79.5425814101769,24.2581916998319,0 79.5425827347288,24.2581896463416,0 79.5425839391166,24.2581875315715,0 79.5425850199774,24.2581853614265,0 79.542585974293,24.2581831419663,0 79.5425867993989,24.2581808793882,0 79.5425874929911,24.2581785800098,0 79.5425877863998,24.258177359656,0 79.5425897669355,24.258178515442,0 79.5425920389694,24.2581796911719,0 79.5425943757332,24.2581807549315,0 79.5425967706678,24.258181703735,0 79.542599217051,24.2581825349191,0 79.542601708016,24.2581832461508,0 79.5426042365709,24.2581838354337,0 79.5426067956184,24.2581843011139,0 79.5426093779753,24.2581846418841,0 79.5426119763934,24.2581848567879,0 79.5426145835792,24.258184945222,0 79.5426171922145,24.2581849069383,0 79.5426197949771,24.2581847420441,0 79.5426223845615,24.2581844510024,0 79.5426249536988,24.25818403463,0 79.5426274951778,24.2581834940958,0 79.5426300018649,24.2581828309167,0 79.542632466724,24.2581820469545,0 79.5426348828365,24.2581811444095,0 79.5426372434206,24.2581801258151,0 79.5426395418504,24.2581789940304,0 79.5426417716746,24.2581777522323,0 79.5426439266341,24.2581764039062,0 79.5426460006802,24.2581749528368,0 79.5426479879914,24.2581734030972,0 79.5426498829894,24.2581717590372,0 79.5426515857512,24.2581701165279,0 79.5426523917882,24.2581704487363,0 79.5426547961034,24.2581713039617,0 79.542657245957,24.2581720426141,0 79.5426597346301,24.2581726626677,0 79.5426622552971,24.258173162422,0 79.5426648010448,24.2581735405062,0 79.5426673648909,24.2581737958835,0 79.542669939804,24.2581739278533,0 79.5426725187218,24.2581739360539,0 79.5426750945714,24.2581738204626,0 79.542677660288,24.2581735813965,0 79.5426802088351,24.2581732195113,0 79.5426820310871,24.2581728703395,0 79.5427051439219,24.2581820951976,0 79.5427074944682,24.2581829680572,0 79.5427098909116,24.2581837288152,0 79.5427123268963,24.258184375454,0 79.5427147959617,24.2581849062585,0 79.5427172915594,24.258185319821,0 79.5427198070707,24.2581856150447,0 79.542722335824,24.2581857911465,0 79.5427248711128,24.2581858476594,0 79.5427274062129,24.2581857844336,0 79.542729934401,24.2581856016367,0 79.5427324489718,24.2581852997535,0 79.5427349432562,24.2581848795847,0 79.5427374106392,24.2581843422445,0 79.5427398445767,24.2581836891583,0 79.5427422386136,24.2581829220579,0 79.5427445864005,24.258182042978,0 79.5427468817107,24.2581810542499,0 79.5427491184566,24.2581799584959,0 79.5427512907061,24.2581787586222,0 79.542753392698,24.258177457811,0 79.5427554188575,24.2581760595122,0 79.5427573638108,24.2581745674344,0 79.5427592223998,24.2581729855347,0 79.5427877790671,24.2581473937642,0 79.5427907198437,24.258146485583,0 79.5427931288644,24.2581456769746,0 79.5427954886847,24.2581447544438,0 79.5427977929003,24.2581437204943,0 79.5428000352575,24.2581425779322,0 79.5428022096709,24.2581413298582,0 79.5428043102393,24.2581399796597,0 79.5428063312618,24.2581385310008,0 79.5428082672535,24.2581369878132,0 79.5428101129604,24.258135354285,0 79.5428118633733,24.2581336348495,0 79.5428135137417,24.258131834173,0 79.5428150595866,24.2581299571425,0 79.5428164967128,24.2581280088521,0 79.54281782122,24.2581259945893,0 79.5428190295135,24.2581239198206,0 79.5428201183142,24.2581217901769,0 79.5428210846672,24.2581196114379,0 79.5428219259498,24.2581173895164,0 79.5428226398789,24.2581151304426,0 79.5428232245169,24.2581128403474,0 79.5428236782771,24.2581105254461,0 79.5428239999282,24.2581081920211,0 79.5428241885972,24.258105846405,0 79.542824243772,24.2581034949638,0 79.5428241653029,24.2581011440791,0 79.5428239534029,24.2580988001309,0 79.5428236086471,24.2580964694807,0 79.5428231319711,24.2580941584536,0 79.5428225246686,24.2580918733215,0 79.5428217883878,24.2580896202861,0 79.5428209251268,24.2580874054621,0 79.5428199372286,24.2580852348602,0 79.5428188273742,24.2580831143713,0 79.5428175985757,24.2580810497503,0 79.5428162541678,24.2580790466003,0 79.5428147977994,24.2580771103578,0 79.5428132334228,24.2580752462776,0 79.5428115652837,24.2580734594187,0 79.5427809652812,24.2580423594258,0 79.5427792717057,24.2580407223502,0 79.5427774910354,24.2580391648917,0 79.5427756277175,24.2580376909401,0 79.5427736864059,24.2580363041767,0 79.5427716719491,24.2580350080652,0 79.5427695893784,24.2580338058426,0 79.5427674438952,24.2580327005116,0 79.5427652408581,24.2580316948329,0 79.5427629857692,24.2580307913182,0 79.5427606842609,24.2580299922241,0 79.5427583420813,24.2580292995464,0 79.5427365420878,24.2580233995487,0 79.542734017845,24.2580227826211,0 79.5427314614693,24.2580222892891,0 79.5427288801551,24.2580219209409,0 79.5427262811668,24.2580216786132,0 79.5427236718186,24.258021562988,0 79.5427210594541,24.2580215743907,0 79.5427184514251,24.2580217127892,0 79.5427158550714,24.258021977794,0 79.5427132776996,24.2580223686593,0 79.5427120796854,24.2580226107973,0 79.542711512139,24.2580220595777,0 79.5427096456903,24.2580204272219,0 79.5427076885709,24.2580188867087,0 79.5427056461508,24.258017442265,0 79.5427035240339,24.258016097854,0 79.5427013280429,24.2580148571645,0 79.5426990642031,24.2580137236006,0 79.5426967387262,24.2580127002728,0 79.5426943579927,24.2580117899888,0 79.5426919285348,24.2580109952462,0 79.5426586285444,24.2580009952499,0 79.5426561144621,24.2580003076924,0 79.5426535640077,24.2579997438659,0 79.5426509844203,24.2579993053706,0 79.5426483830217,24.2579989934511,0 79.5426457671957,24.257998808993,0 79.5426431443669,24.2579987525195,0 79.5426405219798,24.2579988241912,0 79.5426379074777,24.2579990238045,0 79.5426353082816,24.2579993507929,0 79.5426327317689,24.2579998042282,0 79.5426301852527,24.2580003828235,0 79.542627675961,24.2580010849364,0 79.5426252110159,24.2580019085742,0 79.542622797414,24.258002851399,0 79.5426204420059,24.2580039107348,0 79.5426181514771,24.2580050835747,0 79.5426159323289,24.2580063665899,0 79.5426137908603,24.2580077561386,0 79.5426117331492,24.2580092482769,0 79.5426097650365,24.2580108387694,0 79.5426078921082,24.2580125231019,0 79.5426061196804,24.2580142964934,0 79.5426044527839,24.2580161539106,0 79.5426028961501,24.2580180900814,0 79.5426014541971,24.2580200995102,0 79.5426001310177,24.2580221764935,0 79.5425909461932,24.2580375181723,0 79.5425908053226,24.2580373561711,0 79.542589187307,24.2580355899681,0 79.5425874730157,24.2580339018301,0 79.542585666923,24.2580322961633,0 79.5425837737428,24.2580307771583,0 79.5425817984164,24.2580293487798,0 79.5425797460992,24.2580280147558,0 79.542577622148,24.2580267785682,0 79.542575432106,24.2580256434433,0 79.5425731816894,24.2580246123438,0 79.5425708767718,24.258023687961,0 79.5425695112612,24.2580232149279,0 79.5425668234231,24.2580163824896,0 79.5425658693789,24.2580141456268,0 79.5425647869353,24.2580119584444,0 79.5425635791556,24.2580098271325,0 79.542562249458,24.2580077577228,0 79.5425608016058,24.258005756072,0 79.5425592396963,24.2580038278449,0 79.54255756815,24.2580019784985,0 79.5425557916976,24.2580002132666,0 79.5425539153665,24.2579985371452,0 79.5425519444669,24.2579969548776,0 79.5425498845766,24.2579954709418,0 79.5425477415254,24.2579940895376,0 79.5425455213783,24.2579928145745,0 79.5425452319704,24.2579926674156,0 79.542545055878,24.2579920907771,0 79.5425442291064,24.2579898448507,0 79.5425432749014,24.257987641803,0 79.5425421958935,24.2579854877069,0 79.542540995057,24.2579833885002,0 79.542539675702,24.2579813499696,0 79.5425382414655,24.2579793777344,0 79.5425366963009,24.2579774772312,0 79.5425350444677,24.2579756536988,0 79.5425332905192,24.2579739121638,0 79.5425314392904,24.257972257427,0 79.5425294958841,24.2579706940498,0 79.5425274656576,24.2579692263416,0 79.5425253542073,24.2579678583483,0 79.5425231673535,24.2579665938408,0 79.5425209111244,24.2579654363049,0 79.5425185917394,24.2579643889313,0 79.5425162155921,24.2579634546072,0 79.5425137892325,24.2579626359081,0 79.5425113193489,24.2579619350908,0 79.5424981193529,24.2579585350921,0 79.5424953664357,24.2579579038696,0 79.5424925784309,24.2579574190753,0 79.5424897645966,24.2579570823191,0 79.5424869342766,24.2579568947194,0 79.542456873936,24.2579556991387,0 79.5424236565378,24.2579478730502,0 79.5424211603791,24.2579473479881,0 79.5424186378217,24.257946942613,0 79.5424160956885,24.2579466580213,0 79.542413540855,24.2579464949826,0 79.5424109802313,24.2579464539379,0 79.5424084207429,24.2579465349983,0 79.5424058693123,24.2579467379445,0 79.5424033328405,24.2579470622276,0 79.5424008181876,24.2579475069706,0 79.5423983321549,24.2579480709704,0 79.5423958814664,24.2579487527018,0 79.5423934727503,24.2579495503209,0 79.5423911125215,24.2579504616703,0 79.5423888071634,24.2579514842851,0 79.5423865629115,24.2579526153997,0 79.5423849757487,24.2579535168904,0 79.5423833901726,24.2579523504523,0 79.542381270589,24.2579509537508,0 79.5423790732597,24.2579496619808,0 79.5423768043584,24.2579484787717,0 79.5423744702601,24.2579474074479,0 79.5423720775229,24.2579464510194,0 79.5423696328696,24.2579456121737,0 79.5423671431689,24.2579448932676,0 79.5423646154162,24.2579442963209,0 79.5423620567135,24.257943823011,0 79.5423594742502,24.2579434746676,0 79.542356875282,24.2579432522695,0 79.5423542671113,24.2579431564415,0 79.5423516570663,24.2579431874531,0 79.5423490524803,24.2579433452168,0 79.5423464606714,24.2579436292896,0 79.5423438889218,24.2579440388733,0 79.5423413444573,24.257944572817,0 79.542338834427,24.2579452296205,0 79.5423363658835,24.2579460074385,0 79.5423120955054,24.2579543205236,0 79.5423111190874,24.2579537431092,0 79.5423089222943,24.2579525861629,0 79.5423066635082,24.2579515343292,0 79.5423043487077,24.257950590392,0 79.5422785487143,24.2579407903955,0 79.5422761200716,24.2579399360693,0 79.5422736456107,24.2579392005124,0 79.5422711322364,24.2579385857773,0 79.5422685869619,24.2579380935794,0 79.5422660168894,24.257937725292,0 79.5422634291905,24.2579374819429,0 79.5422608310858,24.257937364211,0 79.5422582298248,24.2579373724249,0 79.5422556326663,24.2579375065616,0 79.5422530468571,24.2579377662469,0 79.5422504796127,24.2579381507561,0 79.5422479380966,24.2579386590164,0 79.5422454294006,24.2579392896094,0 79.5422429605249,24.2579400407756,0 79.5422405383585,24.257940910419,0 79.5422381696604,24.2579418961129,0 79.5422358610399,24.2579429951069,0 79.542233618939,24.2579442043343,0 79.5422314496139,24.257945520421,0 79.5422310922148,24.2579457630654,0 79.5421974914721,24.2579381656943,0 79.5421949712883,24.2579376596778,0 79.5421924256574,24.2579372753636,0 79.5421898615664,24.2579370138065,0 79.5421872860529,24.2579368757244,0 79.5421847061862,24.2579368614963,0 79.5421821290473,24.2579369711613,0 79.5421795617096,24.2579372044184,0 79.5421770112199,24.2579375606273,0 79.5421744845786,24.2579380388104,0 79.5421719887206,24.2579386376551,0 79.5421695304963,24.2579393555177,0 79.5421671166529,24.2579401904281,0 79.5421647538158,24.2579411400945,0 79.5421624484703,24.2579422019104,0 79.542160206944,24.2579433729613,0 79.5421580353892,24.2579446500331,0 79.5421559397664,24.2579460296205,0 79.5421539258273,24.257947507937,0 79.5421519990998,24.2579490809249,0 79.5421501648721,24.2579507442668,0 79.5421484281788,24.2579524933974,0 79.5421467937866,24.2579543235157,0 79.5421460505647,24.2579552508774,0 79.542144116055,24.2579539272696,0 79.5421419856504,24.257952622093,0 79.5421397840818,24.2579514202767,0 79.5421375173095,24.2579503250747,0 79.5421351914705,24.2579493394518,0 79.5421328128616,24.2579484660765,0 79.5421303879225,24.2579477073133,0 79.5421279232183,24.2579470652165,0 79.5421254254218,24.2579465415244,0 79.5421229012953,24.2579461376549,0 79.5421203576725,24.2579458547012,0 79.5421178014398,24.2579456934296,0 79.5421152395179,24.2579456542765,0 79.5421126788426,24.2579457373481,0 79.5421101263466,24.2579459424193,0 79.5421075889404,24.2579462689351,0 79.5421050734935,24.2579467160113,0 79.5420897734986,24.2579498160105,0 79.5420869492716,24.2579504691185,0 79.5420841721014,24.2579512741675,0 79.542079369719,24.2579528109304,0 79.5420785143513,24.2579507640243,0 79.5420774825047,24.257948631616,0 79.5420763318941,24.2579465509194,0 79.5420750655917,24.2579445274897,0 79.5420736869784,24.2579425667293,0 79.5420721997348,24.2579406738733,0 79.542070607832,24.2579388539753,0 79.5420689155199,24.2579371118944,0 79.542067127317,24.2579354522817,0 79.5420652479976,24.2579338795682,0 79.5420632825793,24.2579323979528,0 79.5420612363095,24.2579310113914,0 79.5420591146517,24.257929723586,0 79.5420569232703,24.2579285379748,0 79.5420546680162,24.2579274577233,0 79.5420523549107,24.2579264857157,0 79.5420499901295,24.2579256245471,0 79.5420475799864,24.2579248765168,0 79.5420451309162,24.2579242436219,0 79.5420426494577,24.2579237275523,0 79.5420401422361,24.2579233296856,0 79.5420376159455,24.2579230510843,0 79.5420350773307,24.2579228924922,0 79.5420335071735,24.2579228317121,0 79.5420334468771,24.2579227200768,0 79.5420321928016,24.2579206732333,0 79.5420308243687,24.2579186889234,0 79.5420293452784,24.2579167725126,0 79.5420277595301,24.2579149291827,0 79.5420260714117,24.257913163918,0 79.5420242854877,24.2579114814917,0 79.5420224065872,24.257909886453,0 79.5420204397906,24.2579083831148,0 79.542018390416,24.257906975542,0 79.5420162640049,24.2579056675407,0 79.5420140663069,24.2579044626475,0 79.5420118032645,24.2579033641206,0 79.5420094809969,24.2579023749301,0 79.5420071057833,24.2579014977509,0 79.5420046840462,24.2579007349548,0 79.5420022223338,24.2579000886043,0 79.5419997273025,24.2578995604472,0 79.5419972056987,24.2578991519115,0 79.5419946643407,24.257898864102,0 79.5419921101002,24.2578986977968,0 79.5419895498837,24.2578986534455,0 79.5419869906139,24.2578987311683,0 79.5419844392109,24.2578989307548,0 79.5419819025736,24.2578992516653,0 79.5419801809132,24.2578995538046,0 79.5419792099089,24.2578986618495,0 79.5419772481321,24.2578970432843,0 79.5419751945908,24.2578955234019,0 79.5419730551833,24.2578941065678,0 79.5419708360547,24.2578927968516,0 79.541968543579,24.2578915980152,0 79.5419661843407,24.257890513502,0 79.5419637651165,24.2578895464271,0 79.5419612928549,24.2578886995681,0 79.5419180928672,24.2578750995732,0 79.5419156432646,24.2578743933021,0 79.5419131568355,24.257873805062,0 79.5419106403407,24.2578733364523,0 79.5419081006232,24.2578729887473,0 79.5419055445889,24.2578727628924,0 79.5419029791882,24.2578726595018,0 79.5419004113967,24.2578726788566,0 79.5418978481969,24.2578728209043,0 79.5418952965585,24.2578730852585,0 79.54189276342,24.2578734712004,0 79.5418902556693,24.2578739776805,0 79.5418877801256,24.2578746033217,0 79.5418853435202,24.2578753464228,0 79.5418829524788,24.257876204963,0 79.5418806135031,24.2578771766079,0 79.5418783329531,24.2578782587154,0 79.5418761170301,24.257879448343,0 79.5418739717596,24.2578807422559,0 79.541871902975,24.2578821369357,0 79.5418699163017,24.2578836285901,0 79.5418680171418,24.2578852131629,0 79.5418662106595,24.2578868863454,0 79.541864501767,24.2578886435879,0 79.5418628951111,24.2578904801122,0 79.5418613950605,24.2578923909243,0 79.5418600056942,24.2578943708285,0 79.5418587307902,24.2578964144409,0 79.5418575738151,24.2578985162048,0 79.541856537915,24.2579006704048,0 79.5418556259067,24.2579028711835,0 79.5418554702519,24.2579033152569,0 79.5418244411598,24.2578389491661,0 79.5418233366859,24.2578368113633,0 79.5418221115976,24.2578347295311,0 79.5418207692581,24.2578327093845,0 79.5418193133523,24.2578307564692,0 79.5418177478771,24.2578288761464,0 79.5418160771298,24.2578270735778,0 79.5418143056971,24.2578253537118,0 79.5418124384418,24.2578237212698,0 79.5418104804899,24.2578221807332,0 79.5418084372163,24.2578207363309,0 79.5418063142302,24.2578193920282,0 79.5418041173596,24.2578181515154,0 79.5418018526354,24.2578170181979,0 79.5417995262745,24.2578159951869,0 79.5417971446633,24.2578150852908,0 79.5417947143398,24.2578142910074,0 79.5417922419756,24.2578136145171,0 79.5417897343578,24.2578130576771,0 79.5417871983703,24.2578126220158,0 79.5417846409748,24.2578123087295,0 79.541782069192,24.2578121186779,0 79.5417794900817,24.257812052383,0 79.5417769107241,24.2578121100266,0 79.5417743382,24.2578122914506,0 79.5417717795715,24.2578125961568,0 79.5417692418625,24.2578130233089,0 79.5417667320395,24.2578135717342,0 79.5417642569923,24.2578142399271,0 79.5417618235155,24.2578150260534,0 79.5417594382893,24.257815927955,0 79.5417571078617,24.257816943156,0 79.5417548386301,24.2578180688695,0 79.541752636824,24.2578193020052,0 79.5417505084877,24.257820639178,0 79.541748459464,24.2578220767169,0 79.5417464953777,24.2578236106759,0 79.5417446216206,24.2578252368437,0 79.5417428433366,24.2578269507563,0 79.5417411654074,24.2578287477088,0 79.5417395924392,24.257830622768,0 79.5417381287501,24.2578325707868,0 79.5417367783582,24.2578345864172,0 79.5417355449705,24.2578366641262,0 79.5417344319731,24.25783879821,0 79.5417334424211,24.2578409828102,0 79.5417325790313,24.2578432119295,0 79.5417318441737,24.2578454794488,0 79.5417312398656,24.2578477791431,0 79.541730767766,24.2578501046995,0 79.541730429171,24.2578524497338,0 79.5417302250099,24.2578548078084,0 79.5417254768886,24.2579368485968,0 79.5417244492629,24.2579366911416,0 79.5417218999848,24.2579364247577,0 79.5417193390332,24.2579362804701,0 79.5417167733607,24.2579362586707,0 79.5417142099323,24.2579363594186,0 79.5417116557071,24.2579365824404,0 79.5417091176191,24.2579369271305,0 79.5417066025586,24.2579373925532,0 79.5417041173534,24.2579379774451,0 79.5417016687501,24.2579386802183,0 79.5416992633962,24.2579394989649,0 79.5416969078215,24.2579404314623,0 79.5416946084208,24.2579414751788,0 79.5416923714364,24.2579426272813,0 79.5416902029411,24.2579438846419,0 79.5416881088219,24.2579452438472,0 79.5416860947638,24.2579467012074,0 79.5416841662345,24.2579482527661,0 79.5416823284693,24.2579498943112,0 79.5416805864574,24.2579516213863,0 79.5416789449279,24.2579534293029,0 79.5416774083372,24.2579553131528,0 79.5416759808567,24.257957267822,0 79.5416746663616,24.257959288004,0 79.5416734684205,24.2579613682145,0 79.5416723902854,24.2579635028063,0 79.5416714348834,24.2579656859845,0 79.541670604808,24.2579679118223,0 79.5416699023127,24.2579701742771,0 79.5416693293046,24.2579724672069,0 79.5416688873393,24.2579747843871,0 79.5416685776166,24.257977119527,0 79.5416684009773,24.2579794662874,0 79.5416683579011,24.2579818182972,0 79.5416684485047,24.2579841691716,0 79.5416685424725,24.257985152042,0 79.5416684607796,24.2579851781782,0 79.5416660688441,24.2579860750786,0 79.5416637315233,24.2579870857871,0 79.541661455254,24.2579882075203,0 79.541659246305,24.257989437189,0 79.5416571107599,24.2579907714065,0 79.5416550544998,24.2579922064986,0 79.5416530831877,24.257993738513,0 79.5416512022524,24.2579953632306,0 79.5416494168741,24.2579970761769,0 79.5416477319697,24.2579988726345,0 79.5416461521793,24.258000747656,0 79.5416446818537,24.2580026960776,0 79.5416433250422,24.2580047125334,0 79.5416420854813,24.2580067914702,0 79.5416409665849,24.2580089271625,0 79.5416399714343,24.2580111137287,0 79.5416391027702,24.2580133451471,0 79.5416383629848,24.2580156152722,0 79.5416377541156,24.2580179178524,0 79.5416372778394,24.2580202465463,0 79.5416369354677,24.2580225949406,0 79.5416367279436,24.2580249565681,0 79.5416366558385,24.2580273249247,0 79.541636719351,24.2580296934882,0 79.5416369183062,24.2580320557354,0 79.5416372521563,24.2580344051608,0 79.5416394889978,24.2580474621036,0 79.5416372179977,24.2580528037469,0 79.541636346956,24.2580550220399,0 79.5416356034115,24.2580572789968,0 79.5416349893918,24.2580595684628,0 79.5416345065716,24.2580618841942,0 79.5416341562673,24.2580642198762,0 79.5416339394343,24.2580665691392,0 79.541633856664,24.2580689255766,0 79.5416339081821,24.2580712827624,0 79.5416340938481,24.2580736342685,0 79.5416344131556,24.2580759736822,0 79.5416348652339,24.2580782946238,0 79.5416354488502,24.2580805907641,0 79.5416355117367,24.2580807903859,0 79.5416342541599,24.2580818906779,0 79.5416198637532,24.2580951791147,0 79.5416185007477,24.2580950934116,0 79.5416159600444,24.2580950541137,0 79.5416134205125,24.2580951350252,0 79.541610888914,24.2580953359306,0 79.5416083719899,24.258095656295,0 79.5416058764417,24.2580960952654,0 79.5416034089146,24.2580966516729,0 79.5416009759786,24.2580973240361,0 79.541598584112,24.2580981105645,0 79.5415962396834,24.2580990091639,0 79.5415939489355,24.2581000174417,0 79.5415917179677,24.2581011327131,0 79.5415895527204,24.2581023520085,0 79.5415417527295,24.2581308520006,0 79.5415396603241,24.258132171169,0 79.5415389385592,24.2581326783706,0 79.5415363703083,24.2581328191589,0 79.5415337989873,24.2581330849537,0 79.5415312464448,24.2581334742127,0 79.5415287197286,24.258133985861,0 79.5415262258155,24.2581346184859,0 79.5415237715913,24.2581353703406,0 79.5415213638326,24.2581362393492,0 79.5415190091874,24.2581372231123,0 79.5415167141573,24.2581383189134,0 79.5415144850791,24.2581395237271,0 79.5415142917427,24.2581396411914,0 79.5415102624646,24.2581384456911,0 79.5415077464218,24.2581377664809,0 79.5415051945033,24.2581372110516,0 79.5415026139484,24.2581367809791,0 79.5415000120777,24.2581364774831,0 79.5414973962723,24.2581363014249,0 79.5414947739527,24.2581362533037,0 79.5414921525581,24.2581363332561,0 79.5414895395249,24.2581365410553,0 79.5414869422658,24.2581368761118,0 79.5414843681489,24.2581373374752,0 79.5414818244763,24.2581379238365,0 79.5414793184642,24.2581386335323,0 79.5414768572217,24.2581394645495,0 79.5414744477307,24.2581404145305,0 79.5414720968268,24.2581414807804,0 79.541469811179,24.2581426602745,0 79.5414675972713,24.2581439496667,0 79.5414654613842,24.2581453452991,0 79.5414634095768,24.2581468432128,0 79.5414614476698,24.2581484391582,0 79.5414595812288,24.2581501286081,0 79.5414578155485,24.2581519067696,0 79.5414561556379,24.2581537685985,0 79.5414546062059,24.2581557088131,0 79.5414406645194,24.2581741793209,0 79.5414330668978,24.2581718903516,0 79.5414497130005,24.2581506167504,0 79.5414511881449,24.2581486211084,0 79.5414525449981,24.258146556122,0 79.5414537796914,24.2581444276788,0 79.5414548887043,24.2581422418474,0 79.541455868875,24.2581400048602,0 79.5414567174086,24.2581377230952,0 79.541457431886,24.2581354030583,0 79.5414580102698,24.2581330513642,0 79.5414584509112,24.2581306747183,0 79.5414587525537,24.2581282798967,0 79.5414589143373,24.2581258737276,0 79.5414600212001,24.2580967787578,0 79.5415039435855,24.2580771924042,0 79.5415581050254,24.2580793068134,0 79.5415607092806,24.2580793452731,0 79.5415633121111,24.2580792574393,0 79.5415659062354,24.2580790435576,0 79.5415684843966,24.2580787042265,0 79.5415710393823,24.2580782403951,0 79.5415735640448,24.258077653361,0 79.5415760513215,24.2580769447665,0 79.5415784942543,24.2580761165939,0 79.541580886009,24.2580751711599,0 79.5415832198946,24.2580741111095,0 79.5415854893823,24.258072939408,0 79.5415876881231,24.2580716593333,0 79.5415898099661,24.2580702744665,0 79.5415918489754,24.2580687886817,0 79.5415937994468,24.2580672061352,0 79.5415956559241,24.2580655312544,0 79.5415974132136,24.2580637687247,0 79.5415990663994,24.2580619234767,0 79.5416006108567,24.2580600006726,0 79.541602042265,24.2580580056912,0 79.5416033566198,24.2580559441137,0 79.5416045502443,24.2580538217072,0 79.5416056197993,24.2580516444092,0 79.5416065622928,24.2580494183105,0 79.5416073750881,24.2580471496388,0 79.5416080559115,24.2580448447407,0 79.5416086028584,24.2580425100639,0 79.5416123814852,24.2580240105037,0 79.5416217719578,24.2580041771627,0 79.5416225801279,24.2580023634927,0 79.5416233017118,24.2580005193849,0 79.5416484654512,24.2579315359691,0 79.5417027514524,24.2578836264044,0 79.5417045705354,24.2578819342155,0 79.5417062900013,24.2578801566341,0 79.5417079050881,24.257878298583,0 79.5417094113231,24.2578763652079,0 79.5417108045348,24.2578743618632,0 79.5417120808649,24.2578722940969,0 79.5417132367786,24.2578701676355,0 79.5417142690749,24.2578679883681,0 79.5417151748949,24.2578657623299,0 79.54171595173,24.2578634956857,0 79.5417165974287,24.2578611947129,0 79.541717110203,24.2578588657837,0 79.5417174886327,24.2578565153479,0 79.5417177316699,24.2578541499148,0 79.5417178386414,24.2578517760353,0 79.5417178092511,24.2578494002836,0 79.5417176435803,24.2578470292391,0 79.5417173420878,24.2578446694682,0 79.5417169056087,24.2578423275061,0 79.5417163353517,24.2578400098386,0 79.541715632896,24.2578377228844,0 79.5417148001871,24.2578354729768,0 79.5417138395312,24.2578332663469,0 79.5417127535885,24.2578311091056,0 79.5417115453667,24.2578290072273,0 79.5417102182117,24.2578269665328,0 79.5417087757989,24.2578249926738,0 79.5417072221231,24.2578230911166,0 79.5417055614869,24.2578212671274,0 79.5417037984894,24.2578195257576,0 79.541701938013,24.2578178718298,0 79.5416999852101,24.2578163099242,0 79.5416979454889,24.2578148443666,0 79.5416958244981,24.2578134792156,0 79.5416936281117,24.2578122182518,0 79.5416913624122,24.2578110649674,0 79.5416890336745,24.2578100225563,0 79.5416866483476,24.2578090939054,0 79.5416842130375,24.2578082815864,0 79.5416817344887,24.257807587849,0 79.5416792195651,24.2578070146144,0 79.5416766752316,24.2578065634703,0 79.5416741085346,24.2578062356659,0 79.5416715265822,24.257806032109,0 79.5416689365249,24.2578059533635,0 79.5416663455357,24.2578059996474,0 79.5416068455567,24.2578084996475,0 79.5416043100345,24.2578086663981,0 79.5416017872763,24.257808952885,0 79.5415992840046,24.2578093583447,0 79.5415968068899,24.2578098816968,0 79.5415943625331,24.2578105215468,0 79.5415919574478,24.2578112761895,0 79.5415895980428,24.2578121436141,0 79.5415872906055,24.2578131215091,0 79.5415850412844,24.2578142072687,0 79.5415828560734,24.2578153979996,0 79.5415807407956,24.2578166905287,0 79.5415787010876,24.257818081412,0 79.5415767423847,24.257819566943,0 79.5415748699063,24.2578211431632,0 79.5415730886421,24.2578228058723,0 79.5415714033387,24.2578245506398,0 79.5415119033347,24.257889450625,0 79.5415102879691,24.2578913098418,0 79.5415087815727,24.2578932444272,0 79.541507388321,24.2578952490185,0 79.541506112076,24.2578973180594,0 79.5415049563753,24.2578994458146,0 79.5415039244224,24.2579016263863,0 79.5415030190779,24.2579038537299,0 79.5415022428512,24.2579061216717,0 79.541489364787,24.2579475344987,0 79.5414710146954,24.257945950986,0 79.5414684192451,24.2579457902848,0 79.54146581816,24.257945755465,0 79.5414632186986,24.2579458466237,0 79.5414606281148,24.2579460635066,0 79.5414580536377,24.2579464055085,0 79.5414555024517,24.257946871675,0 79.5414529816759,24.2579474607052,0 79.5414504983448,24.2579481709553,0 79.5414480593881,24.2579490004435,0 79.5414456716121,24.2579499468549,0 79.5414433416798,24.2579510075485,0 79.5414410760931,24.2579521795645,0 79.5414388811743,24.2579534596322,0 79.5414367630484,24.2579548441796,0 79.5414347276262,24.2579563293428,0 79.5414327805876,24.2579579109777,0 79.541430927366,24.2579595846704,0 79.5414291731329,24.2579613457505,0 79.5414275227835,24.2579631893035,0 79.5414259809234,24.2579651101849,0 79.5414245518551,24.2579671030344,0 79.5414232395667,24.2579691622908,0 79.5414220477199,24.2579712822076,0 79.5414209796409,24.257973456869,0 79.5414200383102,24.2579756802066,0 79.5414192263546,24.257977946016,0 79.5414185460399,24.2579802479743,0 79.5414179992646,24.2579825796578,0 79.5414175875544,24.2579849345597,0 79.54141746533,24.2579859867028,0 79.5413672969486,24.2580057046168,0 79.5413649203858,24.2580067080239,0 79.541362605308,24.258007825742,0 79.5413603582506,24.2580090546155,0 79.5413581855573,24.2580103911753,0 79.5413560933615,24.2580118316483,0 79.5413540875698,24.2580133719679,0 79.5413521738446,24.2580150077856,0 79.5413503575883,24.2580167344837,0 79.5413486439285,24.2580185471874,0 79.5413470377028,24.2580204407794,0 79.5413455434456,24.2580224099141,0 79.5413441653755,24.2580244490324,0 79.5413429073826,24.2580265523778,0 79.5413417730185,24.2580287140125,0 79.5413407654854,24.2580309278341,0 79.5413398876277,24.2580331875929,0 79.5413391419237,24.2580354869094,0 79.5413385304784,24.2580378192925,0 79.5413380550181,24.2580401781579,0 79.5413280390501,24.2580985011042,0 79.5413094715123,24.2581305405595,0 79.5413020986385,24.2581365441838,0 79.5413002209136,24.2581381555457,0 79.5412984375134,24.2581398545913,0 79.5412967533029,24.258141636686,0 79.5412951728761,24.2581434969685,0 79.5412937005442,24.2581454303643,0 79.5412923403234,24.2581474315995,0 79.5412910959241,24.2581494952153,0 79.5412899707408,24.2581516155823,0 79.5412889678428,24.2581537869168,0 79.5412880899657,24.2581560032957,0 79.5412873395043,24.2581582586731,0 79.5412867185057,24.258160546897,0 79.5412862286639,24.2581628617254,0 79.541285871315,24.2581651968439,0 79.5412856474338,24.2581675458829,0 79.5412855576311,24.2581699024345,0 79.5412856021518,24.2581722600707,0 79.5412857808745,24.2581746123602,0 79.5412860933116,24.2581769528864,0 79.5412865386109,24.258179275265,0 79.5412871155578,24.2581815731608,0 79.5412878225784,24.2581838403056,0 79.5412886577441,24.2581860705153,0 79.5413005617933,24.2582153462007,0 79.5412977023207,24.2582260358035,0 79.5412619638887,24.2582503379307,0 79.5412598676769,24.2582518456238,0 79.5412578634739,24.2582534550501,0 79.5412559571464,24.2582551614984,0 79.5412541542747,24.2582569599737,0 79.541252460136,24.2582588452115,0 79.5412508796896,24.2582608116932,0 79.5412494175617,24.2582628536626,0 79.5412480780322,24.2582649651425,0 79.5412468650222,24.258267139952,0 79.5412457820825,24.2582693717251,0 79.5412448323831,24.2582716539289,0 79.5412440187039,24.2582739798829,0 79.5412433434268,24.2582763427787,0 79.5412428085284,24.2582787356994,0 79.541233508511,24.2583269356957,0 79.5412331290819,24.2583292505863,0 79.5412328810357,24.2583315803958,0 79.5412327650391,24.2583339188607,0 79.541232781404,24.2583362596945,0 79.5412329300864,24.2583385966042,0 79.5412332106867,24.2583409233072,0 79.5412336224504,24.2583432335486,0 79.5412341642706,24.2583455211175,0 79.5412348346907,24.2583477798642,0 79.5412356319084,24.2583500037162,0 79.5412365537804,24.2583521866952,0 79.5412375978285,24.2583543229324,0 79.5412387612459,24.2583564066849,0 79.5412400409048,24.2583584323507,0 79.5412414333651,24.2583603944842,0 79.5412429348834,24.2583622878104,0 79.541244541423,24.2583641072393,0 79.541246248665,24.2583658478797,0 79.5412480520197,24.2583675050521,0 79.5412499466389,24.2583690743014,0 79.5412519274294,24.2583705514088,0 79.5412539890659,24.2583719324034,0 79.5412542266427,24.2583720748389,0 79.5412516724544,24.2583723688243,0 79.5412491022445,24.2583727925697,0 79.5412465601503,24.2583733406352,0 79.5412440533207,24.2583740114795,0 79.5412415888052,24.2583748032161,0 79.5412391735347,24.2583757136185,0 79.5412368143014,24.2583767401264,0 79.5412345177399,24.2583778798531,0 79.5412322903085,24.2583791295934,0 79.5412301382713,24.2583804858329,0 79.5412280676802,24.2583819447575,0 79.5412260843581,24.2583835022645,0 79.5412241938825,24.2583851539737,0 79.5412224015699,24.2583868952403,0 79.5412207124605,24.2583887211676,0 79.5411668124554,24.2584502211539,0 79.5411651985562,24.2584521683636,0 79.5411637020317,24.2584541928373,0 79.5411623272733,24.2584562886347,0 79.5411610783146,24.2584584496061,0 79.5411599588207,24.2584606694108,0 79.5411589720763,24.2584629415351,0 79.5411581209769,24.2584652593121,0 79.5411574080198,24.2584676159407,0 79.541156835297,24.2584700045062,0 79.541156404489,24.2584724179996,0 79.5411525044793,24.2584987179979,0 79.541152214974,24.2585011706025,0 79.54115207202,24.2585036340432,0 79.5411520760443,24.2585061009651,0 79.5411522270347,24.2585085640028,0 79.5411525245405,24.2585110158024,0 79.5411529676735,24.2585134490438,0 79.5411535551106,24.2585158564621,0 79.5411542850979,24.2585182308695,0 79.5411550542616,24.2585204939888,0 79.5411297113202,24.2585404534512,0 79.5411277653734,24.2585420706849,0 79.5411259162435,24.258543780738,0 79.5411241691908,24.258545578746,0 79.541122529185,24.2585474595942,0 79.5411210008913,24.2585494179321,0 79.5411195886574,24.258551448189,0 79.5411182965004,24.2585535445895,0 79.5411171280962,24.25855570117,0 79.5411160867684,24.2585579117958,0 79.5411151754793,24.2585601701784,0 79.5411143968213,24.2585624698935,0 79.5411137530094,24.2585648043991,0 79.5411132458748,24.2585671670544,0 79.5411128768605,24.2585695511384,0 79.5411126470159,24.2585719498692,0 79.5411125569951,24.2585743564232,0 79.541112607054,24.2585767639546,0 79.5411127970503,24.2585791656148,0 79.5411131264435,24.2585815545718,0 79.5411135942966,24.2585839240299,0 79.5411141992787,24.2585862672487,0 79.5411149396689,24.2585885775627,0 79.5411217396623,24.2586078775644,0 79.5411226005916,24.2586101178178,0 79.5411235888402,24.2586123134596,0 79.541124701673,24.2586144584125,0 79.5411250196728,24.2586149964243,0 79.5411246739757,24.258615240035,0 79.5411227076289,24.2586167829517,0 79.5411208324187,24.2586184184543,0 79.541119053525,24.258620142025,0 79.5411173758617,24.2586219489026,0 79.5411158040632,24.258623834096,0 79.5411105065402,24.2586305463878,0 79.541109741738,24.2586302756807,0 79.5411073204827,24.2586295481795,0 79.5411048614247,24.2586289364701,0 79.5411023711474,24.2586284421902,0 79.5410998563174,24.2586280666629,0 79.5410973236675,24.2586278108937,0 79.5410947799779,24.2586276755673,0 79.5410922320585,24.258627661046,0 79.5410896867304,24.2586277673686,0 79.5410871508079,24.2586279942505,0 79.5410846310799,24.2586283410843,0 79.5410821342923,24.2586288069415,0 79.5410796671293,24.2586293905749,0 79.5410772361958,24.2586300904221,0 79.5410748479999,24.2586309046094,0 79.5410725089351,24.2586318309571,0 79.5410702252635,24.2586328669853,0 79.5410680030987,24.2586340099203,0 79.5410658483899,24.2586352567024,0 79.5410637669055,24.2586366039936,0 79.541061764218,24.2586380481872,0 79.5410598456889,24.2586395854168,0 79.5410580164545,24.258641211567,0 79.5410562814118,24.2586429222843,0 79.5410546452057,24.2586447129888,0 79.5410531122169,24.2586465788867,0 79.5410516865491,24.2586485149825,0 79.5410503720193,24.2586505160931,0 79.5410491721465,24.2586525768612,0 79.5410344721401,24.2586794768566,0 79.5410334340736,24.2586815000426,0 79.5410325065327,24.2586835678646,0 79.5410316917923,24.2586856752512,0 79.5410309918504,24.2586878170339,0 79.5410304084238,24.25868998796,0 79.5410299429432,24.2586921827052,0 79.5410295965504,24.2586943958868,0 79.5410295206799,24.2586951417378,0 79.5410290589627,24.2586951820895,0 79.5410265358004,24.2586955242268,0 79.541024035345,24.2586959856796,0 79.5410215643045,24.2586965652098,0 79.5410191293081,24.2586972612629,0 79.541016736888,24.2586980719714,0 79.5410143934624,24.2586989951606,0 79.5410121053182,24.2587000283536,0 79.5410098785935,24.2587011687789,0 79.5410077192623,24.2587024133769,0 79.5410056331171,24.2587037588088,0 79.5410055846402,24.2587037936484,0 79.5410058873102,24.258703251537,0 79.5410069059004,24.2587011752728,0 79.541007809034,24.2586990545731,0 79.5410085944146,24.2586968948303,0 79.5410183944051,24.2586674948269,0 79.5410190659828,24.2586652798076,0 79.5410196137018,24.2586630363173,0 79.541020036142,24.2586607701736,0 79.5410203322078,24.2586584872525,0 79.5410205011317,24.2586561934738,0 79.5410205424755,24.2586538947852,0 79.541020456132,24.2586515971474,0 79.5410202423253,24.2586493065182,0 79.5410199208008,24.2586471571298,0 79.5410215286509,24.2586455630027,0 79.541023195934,24.2586437233781,0 79.5410247546122,24.2586418053832,0 79.541026200311,24.2586398144011,0 79.5410275289728,24.2586377560198,0 79.5410287368687,24.2586356360162,0 79.5410298206084,24.2586334603406,0 79.5410307771504,24.258631235099,0 79.54103160381,24.2586289665371,0 79.5410322982671,24.2586266610217,0 79.5410328585727,24.2586243250236,0 79.5410332831541,24.258621965099,0 79.5410335708198,24.2586195878713,0 79.5410353708124,24.2585999878704,0 79.5410355197589,24.2585976291406,0 79.5410355339091,24.2585952664969,0 79.541035413224,24.2585929064097,0 79.5410351580344,24.2585905553427,0 79.541034769039,24.2585882197344,0 79.5410342473032,24.2585859059815,0 79.5410335942559,24.2585836204204,0 79.5410328116856,24.2585813693106,0 79.5410319017354,24.258579158817,0 79.5410311993071,24.2585776900548,0 79.5410329276682,24.2585773837413,0 79.5410354668165,24.2585768039415,0 79.5410379687873,24.2585761013048,0 79.5410404265159,24.2585752778153,0 79.5410428330629,24.258574335798,0 79.5410451816331,24.2585732779129,0 79.5410474655951,24.2585721071469,0 79.5410496785,24.2585708268059,0 79.5410518140994,24.2585694405049,0 79.5410538663635,24.2585679521583,0 79.5410558294973,24.2585663659686,0 79.5410576979578,24.2585646864145,0 79.5410594664693,24.2585629182384,0 79.5410611300384,24.2585610664328,0 79.5410626839676,24.2585591362264,0 79.5410641238694,24.2585571330695,0 79.5410654456782,24.258555062618,0 79.5410666456617,24.258552930718,0 79.5410677204316,24.2585507433891,0 79.5410686669533,24.2585485068075,0 79.5410853669403,24.2585057068018,0 79.5410861654884,24.258503479481,0 79.5410868368398,24.2585012171569,0 79.5410873791841,24.2584989259306,0 79.5410877910587,24.2584966119812,0 79.5410880713528,24.2584942815489,0 79.5410882193107,24.2584919409185,0 79.5410882345331,24.2584895964022,0 79.5410881480324,24.258487873012,0 79.5410897233838,24.2584873510628,0 79.5410920599976,24.2584864497174,0 79.541094342922,24.2584854393245,0 79.5410965661073,24.2584843225618,0 79.5410987236619,24.2584831023886,0 79.5411008098683,24.2584817820385,0 79.5411028191981,24.2584803650104,0 79.5411047463264,24.2584788550595,0 79.5411065861464,24.2584772561871,0 79.5411083337825,24.2584755726303,0 79.5411099846034,24.2584738088505,0 79.5411115342345,24.2584719695218,0 79.5411129785691,24.2584700595185,0 79.5411143137798,24.2584680839021,0 79.5411155363282,24.2584660479079,0 79.5411166429747,24.2584639569315,0 79.5411176307865,24.2584618165139,0 79.541118497146,24.2584596323273,0 79.5411192397572,24.2584574101599,0 79.5411315397438,24.2584169101555,0 79.5411321678528,24.2584146098217,0 79.5411326633558,24.2584122824253,0 79.5411330248858,24.258409934387,0 79.5411332514454,24.2584075721843,0 79.5411333424097,24.258405202334,0 79.5411332975276,24.2584028313738,0 79.5411331169231,24.2584004658444,0 79.5411330201464,24.2583997446593,0 79.5411340976487,24.2583995172314,0 79.5411365706875,24.2583988688954,0 79.5411390034283,24.2583981030571,0 79.5411413892339,24.2583972218057,0 79.5411437215954,24.2583962275457,0 79.5411459941494,24.2583951229896,0 79.5411482006958,24.2583939111508,0 79.5411503352148,24.2583925953356,0 79.5411523918827,24.2583911791338,0 79.5411543650886,24.2583896664092,0 79.5411562494489,24.2583880612889,0 79.5411580398228,24.258386368152,0 79.5411597313256,24.2583845916177,0 79.5411613193426,24.258382736533,0 79.5411627995412,24.2583808079589,0 79.5411641678832,24.2583788111571,0 79.5411654206352,24.2583767515753,0 79.5411665543796,24.2583746348326,0 79.5411675660232,24.2583724667039,0 79.541168452806,24.2583702531044,0 79.5411692123086,24.2583680000734,0 79.5411698424591,24.2583657137577,0 79.541170341538,24.2583634003949,0 79.541170708184,24.2583610662963,0 79.5411709413965,24.2583587178301,0 79.5411710405396,24.2583563614033,0 79.5411710053425,24.2583540034449,0 79.5411708359014,24.258351650388,0 79.5411705326786,24.2583493086523,0 79.5411700965012,24.2583469846265,0 79.5411695285594,24.2583446846512,0 79.5411688304027,24.2583424150013,0 79.5411680039357,24.2583401818688,0 79.5411670514132,24.2583379913465,0 79.5411659754341,24.2583358494104,0 79.5411647789337,24.2583337619044,0 79.5411634651766,24.2583317345236,0 79.5411620377468,24.2583297727993,0 79.5411476024644,24.2583110146648,0 79.541153125555,24.2583044349802,0 79.5411546658861,24.2583024954536,0 79.5411560916622,24.2583004836473,0 79.5411573988567,24.2582984052426,0 79.5411585837785,24.2582962661087,0 79.5411596430812,24.2582940722863,0 79.5411605737736,24.2582918299706,0 79.5411613732275,24.2582895454938,0 79.5411620391851,24.2582872253071,0 79.541162569766,24.2582848759625,0 79.5411629634719,24.2582825040944,0 79.5411630537737,24.2582816609303,0 79.5411634924282,24.2582819189953,0 79.5411657185134,24.2582830833728,0 79.5411680076596,24.2582841399918,0 79.5411703536664,24.2582850859904,0 79.5411727501792,24.2582859188062,0 79.5411751907068,24.2582866361833,0 79.5411776686387,24.2582872361788,0 79.5411801772631,24.2582877171674,0 79.5411827097851,24.2582880778462,0 79.5411852593449,24.2582883172384,0 79.5411878190369,24.2582884346955,0 79.5411903819276,24.2582884298994,0 79.5411929410752,24.2582883028631,0 79.5411954895478,24.2582880539306,0 79.5411980204427,24.2582876837763,0 79.5412005269045,24.2582871934026,0 79.5412030021442,24.258286584138,0 79.5412054394572,24.2582858576326,0 79.5412078322417,24.2582850158543,0 79.5412101740166,24.2582840610831,0 79.5412124584389,24.2582829959052,0 79.541214679321,24.2582818232058,0 79.5412168306471,24.2582805461612,0 79.5412189065903,24.2582791682305,0 79.5412209015276,24.2582776931461,0 79.5412228100553,24.2582761249033,0 79.5412246270041,24.25827446775,0 79.5412263474524,24.2582727261748,0 79.5412279667402,24.258270904895,0 79.5412294804814,24.2582690088437,0 79.541230884576,24.2582670431567,0 79.5412321752207,24.2582650131582,0 79.5412534752129,24.2582294131519,0 79.5412546077198,24.2582274023931,0 79.5412556289047,24.2582253421326,0 79.5412565362019,24.2582232375468,0 79.541257327332,24.2582210939233,0 79.5412696273203,24.258184793919,0 79.5412703156164,24.2581825617337,0 79.5412708779499,24.258180300083,0 79.5412713128365,24.2581780149374,0 79.541271619128,24.2581757123293,0 79.5412717960159,24.2581733983373,0 79.5412718430333,24.25817107907,0 79.541271760056,24.2581687606499,0 79.5412715473032,24.2581664491973,0 79.5412712053363,24.2581641508142,0 79.5412707350583,24.2581618715679,0 79.5412701377105,24.2581596174754,0 79.5412694148699,24.2581573944871,0 79.5412685684447,24.2581552084714,0 79.5412676006694,24.258153065199,0 79.5412673028078,24.2581524909321,0 79.5412689928614,24.2581516752069,0 79.5412712461075,24.2581504428642,0 79.5412734245642,24.2581491022445,0 79.5412755220477,24.2581476571535,0 79.5412775326037,24.2581461116934,0 79.5412794505247,24.2581444702514,0 79.5412812703665,24.258142737487,0 79.5412829869629,24.2581409183191,0 79.5413006869614,24.2581211183147,0 79.5413022546003,24.2581192688323,0 79.541303715507,24.2581173473005,0 79.5413050657495,24.258115358891,0 79.5413063016934,24.2581133089557,0 79.5413074200121,24.2581112030123,0 79.5413084176958,24.2581090467289,0 79.541309292059,24.2581068459092,0 79.5413100407484,24.2581046064768,0 79.5413106617488,24.2581023344594,0 79.5413111533889,24.2581000359721,0 79.5413115143453,24.2580977172014,0 79.5413117436466,24.2580953843883,0 79.5413118406755,24.2580930438119,0 79.541311805171,24.2580907017717,0 79.5413096051514,24.2580401017715,0 79.541309444858,24.2580378415308,0 79.5413091611222,24.2580355915049,0 79.5413087546583,24.258033357357,0 79.5413082264892,24.2580311447104,0 79.5413075779444,24.2580289591341,0 79.5413068106563,24.258026806129,0 79.5413059800661,24.2580246594655,0 79.5413071324244,24.2580242543134,0 79.5413095105604,24.2580233521577,0 79.5413118340378,24.2580223373226,0 79.5413140965103,24.2580212125802,0 79.541316291798,24.2580199810026,0 79.5413184139044,24.2580186459538,0 79.541320457033,24.2580172110806,0 79.5413224156032,24.2580156803023,0 79.541324284265,24.2580140578001,0 79.5413260579144,24.2580123480059,0 79.5413277317066,24.25801055559,0 79.5413293010697,24.2580086854482,0 79.541330761717,24.2580067426889,0 79.5413321096588,24.2580047326187,0 79.5413333412132,24.258002660728,0 79.5413344530162,24.2580005326761,0 79.5413354420311,24.2579983542758,0 79.5413363055564,24.2579961314773,0 79.5413370412332,24.2579938703522,0 79.5413376470522,24.2579915770766,0 79.5413381213587,24.2579892579146,0 79.5413384628569,24.257986919201,0 79.5413386706142,24.2579845673238,0 79.5413387440631,24.2579822087073,0 79.541338683003,24.2579798497938,0 79.5413384876006,24.2579774970267,0 79.5413381583897,24.2579751568326,0 79.5413376962695,24.2579728356036,0 79.5413371025023,24.2579705396801,0 79.5413365100337,24.2579686861727,0 79.5413370350743,24.2579687446534,0 79.5413395918284,24.2579689062935,0 79.5413421542925,24.2579689457633,0 79.5413447155262,24.2579688629561,0 79.5413472685923,24.2579686580961,0 79.5413498065759,24.2579683317381,0 79.5413523226028,24.2579678847661,0 79.5413548098585,24.2579673183907,0 79.5413572616062,24.257966634146,0 79.5413596712053,24.2579658338851,0 79.5413620321294,24.2579649197757,0 79.541364337984,24.2579638942936,0 79.5413665825238,24.2579627602163,0 79.5413687596692,24.2579615206154,0 79.5413708635237,24.2579601788484,0 79.5413728883888,24.2579587385494,0 79.5413748287803,24.2579572036196,0 79.5413766794426,24.2579555782163,0 79.5413784353633,24.2579538667418,0 79.5413800917863,24.2579520738317,0 79.5413816442253,24.2579502043421,0 79.5413830884755,24.2579482633364,0 79.5413844206252,24.257946256072,0 79.5413856370663,24.2579441879854,0 79.541386734504,24.257942064678,0 79.5413877099659,24.2579398919009,0 79.5413885608101,24.257937675539,0 79.5414102607906,24.2578760755315,0 79.5414109945113,24.2578737878084,0 79.5414115954599,24.2578714677594,0 79.5414120619601,24.2578691218566,0 79.5414123927104,24.2578667566443,0 79.5414125867881,24.2578643787205,0 79.5414126436519,24.2578619947189,0 79.5414125631432,24.25785961129,0 79.5414123454864,24.2578572350827,0 79.541411991289,24.2578548727258,0 79.5414115015388,24.2578525308095,0 79.5414108776022,24.2578502158668,0 79.5414101212198,24.2578479343557,0 79.5414092345015,24.2578456926408,0 79.5414082199211,24.2578434969756,0 79.5413942199128,24.2578152969793,0 79.5413931225481,24.2578132280647,0 79.5413919116552,24.2578112130858,0 79.5413905903784,24.2578092572743,0 79.5413891621484,24.2578073657089,0 79.5413876306736,24.2578055433009,0 79.5413859999308,24.2578037947825,0 79.5413842741541,24.2578021246937,0 79.5413824578247,24.257800537371,0 79.5413805556587,24.2577990369359,0 79.5413785725953,24.2577976272845,0 79.5413696725963,24.2577916272863,0 79.5413675488913,24.257790272904,0 79.5413653505371,24.2577890226407,0 79.5413630836006,24.2577878799467,0 79.5413607543381,24.2577868479757,0 79.541358369178,24.2577859295757,0 79.5413559347027,24.2577851272813,0 79.5413534576308,24.2577844433067,0 79.5413509447986,24.2577838795394,0 79.541348403141,24.2577834375354,0 79.5413458396724,24.2577831185145,0 79.5413432614674,24.2577829233571,0 79.5413406756413,24.2577828526018,0 79.5413380893305,24.257782906444,0 79.5413355096727,24.2577830847349,0 79.5413329437871,24.2577833869825,0 79.5413303987551,24.2577838123528,0 79.5413278816004,24.2577843596717,0 79.5413253992698,24.2577850274288,0 79.541322958614,24.2577858137813,0 79.5413205663688,24.2577867165589,0 79.5413182291362,24.2577877332702,0 79.5413159533665,24.2577888611092,0 79.5413137453403,24.2577900969634,0 79.5413116111514,24.2577914374221,0 79.5413095566897,24.2577928787859,0 79.5413075876249,24.2577944170769,0 79.5413071494041,24.257794797608,0 79.5412605921156,24.2578076091146,0 79.5411927546197,24.2578167301227,0 79.5411901313629,24.2578171495418,0 79.5411875366699,24.2578176983511,0 79.5411849781277,24.2578183749457,0 79.5411824632178,24.2578191773475,0 79.5411799992936,24.25782010321,0 79.54117759356,24.257821149826,0 79.5411752530512,24.2578223141352,0 79.5411729846111,24.2578235927331,0 79.5411556606886,24.2578339592569,0 79.5411549615685,24.25783411365,0 79.5411523784422,24.2578348233073,0 79.5411498415598,24.2578356615368,0 79.5411239415674,24.2578449615342,0 79.5411216805131,24.257845833573,0 79.5411194696291,24.2578468077575,0 79.5411173144011,24.2578478816702,0 79.5411152201769,24.2578490526465,0 79.5411131921529,24.257850317781,0 79.5411112353611,24.2578516739344,0 79.5411093546568,24.2578531177418,0 79.5411075547068,24.2578546456206,0 79.541105839977,24.2578562537798,0 79.5410917399769,24.2578701537765,0 79.5410900557947,24.2578719025753,0 79.5410884723929,24.2578737287999,0 79.5410869939992,24.2578756275741,0 79.5410856245612,24.2578775938279,0 79.5410843677355,24.2578796223113,0 79.5410832268777,24.2578817076081,0 79.5410822050341,24.2578838441503,0 79.5410813049332,24.2578860262331,0 79.5410805289783,24.2578882480303,0 79.5410712132852,24.2579175038949,0 79.5410393778744,24.2579534336096,0 79.5410377985848,24.2579553150041,0 79.5410363293492,24.2579572699082,0 79.5410349742301,24.2579592929164,0 79.5410337369745,24.2579613784349,0 79.5410326210035,24.2579635206972,0 79.541031629403,24.2579657137797,0 79.5410307649146,24.2579679516184,0 79.5410300299289,24.2579702280254,0 79.5410294264781,24.2579725367064,0 79.5410289562309,24.2579748712776,0 79.5410286204874,24.2579772252839,0 79.5410284201761,24.2579795922161,0 79.5410283558509,24.2579819655295,0 79.5410284276895,24.2579843386618,0 79.5410286354935,24.2579867050509,0 79.5410289786881,24.2579890581538,0 79.5410294563246,24.2579913914639,0 79.541030067082,24.2579936985293,0 79.5410308092717,24.2579959729708,0 79.5410316808415,24.2579982084996,0 79.5410326793814,24.258000398934,0 79.5410338021303,24.2580025382175,0 79.5410341936742,24.258003193664,0 79.5410339321024,24.2580034724999,0 79.5410323469866,24.2580053541821,0 79.5410308721142,24.2580073097588,0 79.5410295115754,24.2580093338067,0 79.5410282691432,24.2580114207128,0 79.5410271482632,24.2580135646896,0 79.5410261520438,24.2580157597914,0 79.5410252832477,24.2580179999308,0 79.5410189833235,24.2580357078086,0 79.541015055473,24.2580429921812,0 79.5410139949201,24.2580450929357,0 79.5410130532083,24.2580472407667,0 79.5410122328133,24.2580494300277,0 79.5410115358919,24.2580516549633,0 79.5410109642762,24.2580539097242,0 79.5410105194691,24.2580561883829,0 79.5410102026398,24.2580584849489,0 79.5410100146214,24.2580607933847,0 79.541009955908,24.2580631076215,0 79.5410100266541,24.2580654215755,0 79.5410100868495,24.2580661160381,0 79.5410100437356,24.258066201921,0 79.5410090916776,24.2580683930309,0 79.5410082657285,24.2580706267344,0 79.5410075681425,24.2580728969355,0 79.5410070008235,24.2580751974384,0 79.5410065653197,24.2580775219647,0 79.5410062628197,24.2580798641706,0 79.5410060941491,24.2580822176637,0 79.5410060597682,24.2580845760211,0 79.5410061597707,24.2580869328064,0 79.541006393884,24.2580892815878,0 79.5410067614689,24.2580916159549,0 79.5410072615223,24.2580939295371,0 79.5410078926795,24.2580962160202,0 79.5410086532181,24.2580984691641,0 79.541008887623,24.2580990536042,0 79.541008775676,24.2581009158881,0 79.5410087708632,24.2581033183485,0 79.5410087999112,24.2581043931383,0 79.5410083614144,24.2581087780893,0 79.5410081882446,24.2581112601212,0 79.5410081644182,24.2581137471298,0 79.5410082900076,24.2581162315675,0 79.5410109613999,24.2581493309315,0 79.5410002634203,24.2581615772971,0 79.5409988316643,24.2581632993423,0 79.5409974916126,24.2581650823438,0 79.5409962463475,24.2581669222004,0 79.5409950987335,24.2581688146801,0 79.5409940514103,24.2581707554298,0 79.5409797720359,24.2581988941797,0 79.5409788010316,24.2582002777484,0 79.5409775158932,24.2582023397086,0 79.5409763507962,24.2582044607715,0 79.5409753089644,24.2582066350684,0 79.5409743932805,24.258208856583,0 79.5409736062781,24.2582111191686,0 79.5409729501349,24.2582134165647,0 79.5409724266663,24.2582157424145,0 79.5409720373209,24.2582180902825,0 79.5409692373133,24.2582385902813,0 79.5409689578604,24.2582412933738,0 79.5409688561491,24.2582440069794,0 79.5409689325474,24.258246721283,0 79.5409695199934,24.2582563503519,0 79.5409528423746,24.2582649581523,0 79.5409505800431,24.2582662000837,0 79.5409483934649,24.2582675512581,0 79.5409462889093,24.2582690078011,0 79.5409442724108,24.2582705655366,0 79.5409423497512,24.2582722199979,0 79.5409405264433,24.2582739664414,0 79.540938807715,24.2582757998596,0 79.5409371984944,24.2582777149955,0 79.5409357033956,24.2582797063578,0 79.5409343267054,24.2582817682369,0 79.5409330723711,24.2582838947207,0 79.5409319439894,24.258286079712,0 79.5409309447955,24.258288316946,0 79.5409094597531,24.258340354069,0 79.5408943045688,24.2583734021233,0 79.5408935778567,24.2583750799481,0 79.5408929248878,24.2583767830671,0 79.5408839393234,24.25840180826,0 79.5408749411735,24.2584155772345,0 79.540864970734,24.2584247753136,0 79.5408632226962,24.258426473605,0 79.5408615727718,24.2584282524859,0 79.5408600253743,24.2584301071975,0 79.5408585846431,24.2584320327786,0 79.5408572544322,24.258434024078,0 79.5408560382999,24.258436075769,0 79.5408549394995,24.2584381823632,0 79.5408539609703,24.2584403382254,0 79.54085310533,24.2584425375885,0 79.5408523748673,24.2584447745692,0 79.5408517715364,24.2584470431835,0 79.5408512969512,24.2584493373626,0 79.5408509523812,24.2584516509697,0 79.5408507387482,24.2584539778156,0 79.5408493190732,24.258476349805,0 79.5408482944999,24.2584764019247,0 79.5408457488032,24.2584766536253,0 79.5408432208175,24.2584770262964,0 79.5408407173771,24.2584775189305,0 79.54083824525,24.2584781301957,0 79.5408358111194,24.2584788584395,0 79.540833421566,24.2584797016932,0 79.5408310830498,24.2584806576771,0 79.540828801893,24.2584817238065,0 79.5408265842626,24.2584828971994,0 79.5408244361539,24.2584841746835,0 79.5408223633742,24.2584855528051,0 79.5408203715273,24.2584870278385,0 79.540818465998,24.2584885957961,0 79.5408166519379,24.2584902524389,0 79.5408149342512,24.2584919932881,0 79.5408133175816,24.2584938136376,0 79.5408118062998,24.258495708566,0 79.5408104044916,24.2584976729504,0 79.5408091159465,24.2584997014803,0 79.5408079441482,24.2585017886714,0 79.5408068922646,24.2585039288812,0 79.5408059631395,24.2585061163237,0 79.5408051592846,24.2585083450852,0 79.5408044828733,24.2585106091403,0 79.5408039357342,24.2585129023681,0 79.5408035193465,24.2585152185691,0 79.5408032348357,24.2585175514815,0 79.5408030829713,24.2585198947982,0 79.5408030641636,24.2585222421842,0 79.5408031784636,24.2585245872934,0 79.5408034255623,24.2585269237858,0 79.5408038047916,24.2585292453449,0 79.5408043151263,24.2585315456944,0 79.5408049551868,24.2585338186152,0 79.5408057232426,24.2585360579628,0 79.5408066172174,24.2585382576829,0 79.5408102172148,24.2585464576839,0 79.5408112315728,24.2585486056693,0 79.5408123659931,24.2585507025703,0 79.5408136174266,24.2585527427507,0 79.5408149825095,24.2585547207267,0 79.5408164575729,24.2585566311818,0 79.5408180386518,24.258558468981,0 79.5408197214966,24.2585602291846,0 79.5408215015841,24.2585619070613,0 79.5408233741296,24.2585634981014,0 79.5408252434012,24.2585649286182,0 79.54082506776,24.2585658032621,0 79.5408220357539,24.2585832675814,0 79.5408212621489,24.2585842346964,0 79.5408198860754,24.2585861522488,0 79.5408186180826,24.258588131443,0 79.5408174614477,24.2585901671629,0 79.5408164191607,24.2585922541468,0 79.5408058678805,24.2586148838514,0 79.5407834483613,24.2586320365586,0 79.5407815503129,24.2586335661419,0 79.5407797403514,24.2586351829805,0 79.5407780232432,24.2586368828166,0 79.5407764035103,24.2586386611738,0 79.540774885418,24.2586405133689,0 79.5407734729641,24.2586424345244,0 79.5407721698682,24.258644419581,0 79.540770979562,24.2586464633114,0 79.5407699051798,24.2586485603333,0 79.5407689495512,24.2586507051247,0 79.5407681151926,24.2586528920372,0 79.5407674043013,24.2586551153119,0 79.5407668187493,24.2586573690939,0 79.5407663600787,24.2586596474481,0 79.5407660294973,24.2586619443747,0 79.5407658278758,24.2586642538249,0 79.540765755745,24.2586665697168,0 79.5407658132949,24.2586688859519,0 79.5407658189505,24.2586689929178,0 79.5407623899419,24.2586690638014,0 79.5407597232022,24.2586691853069,0 79.5407570675656,24.2586694391466,0 79.540754430839,24.2586698245741,0 79.540751820774,24.2586703404565,0 79.5407492450435,24.2586709852772,0 79.5407467112197,24.2586717571404,0 79.5407442267514,24.2586726537772,0 79.5407417989427,24.2586736725515,0 79.5407394349306,24.2586748104683,0 79.540737141665,24.2586760641825,0 79.5407056416713,24.2586943641774,0 79.5407035154776,24.2586956716257,0 79.5407014662729,24.2586970786152,0 79.5406994995959,24.2586985813429,0 79.5406976207621,24.2587001757473,0 79.5406958348498,24.2587018575188,0 79.5406941466859,24.258703622112,0 79.5406925608333,24.2587054647574,0 79.5406910815783,24.2587073804746,0 79.5406897129191,24.2587093640859,0 79.540688458555,24.2587114102298,0 79.5406873218763,24.258713513376,0 79.5406863059552,24.2587156678399,0 79.5406854135377,24.2587178677984,0 79.5406846470358,24.2587201073054,0 79.5406840085212,24.2587223803078,0 79.5406834997198,24.2587246806622,0 79.5406831220067,24.258727002151,0 79.5406828764029,24.2587293384996,0 79.5406827635722,24.2587316833932,0 79.5406827838196,24.258734030494,0 79.5406829370904,24.2587363734581,0 79.5406832229702,24.258738705953,0 79.5406836406864,24.2587410216742,0 79.5406841891101,24.2587433143627,0 79.5406848667589,24.2587455778217,0 79.5406856718012,24.2587478059335,0 79.5406866020611,24.2587499926759,0 79.5406876550244,24.2587521321385,0 79.540688827845,24.2587542185386,0 79.540690117353,24.2587562462369,0 79.540691520063,24.2587582097531,0 79.5406930321839,24.25876010378,0 79.5406946496285,24.2587619231983,0 79.5406963680251,24.2587636630905,0 79.5406981827293,24.2587653187539,0 79.5407000888361,24.2587668857136,0 79.5407020811937,24.2587683597342,0 79.540704154417,24.2587697368318,0 79.5407063029026,24.2587710132842,0 79.5407085208432,24.2587721856414,0 79.5407108022443,24.2587732507348,0 79.5407131409395,24.2587742056855,0 79.5407428512215,24.2587854980993,0 79.5407430184269,24.2587863297002,0 79.5407436088714,24.2587886006134,0 79.540744326566,24.2587908405087,0 79.5407451695916,24.2587930433969,0 79.5407461356943,24.2587952033881,0 79.5407472222909,24.2587973147067,0 79.5407484264759,24.2587993717074,0 79.5407497450297,24.2588013688903,0 79.5407511744266,24.2588033009152,0 79.5407527108447,24.2588051626161,0 79.5407543501759,24.2588069490154,0 79.5407560880369,24.2588086553364,0 79.5407579197811,24.2588102770167,0 79.5407598405105,24.2588118097204,0 79.5407618450897,24.2588132493491,0 79.5407624609663,24.2588136463309,0 79.5407620403254,24.2588141253532,0 79.5407605202262,24.2588160567112,0 79.5407591133336,24.2588180588747,0 79.5407578235629,24.2588201262719,0 79.5407566545032,24.2588222531495,0 79.5407556094079,24.2588244335886,0 79.5407546911855,24.2588266615214,0 79.5407539023912,24.2588289307479,0 79.5407532452201,24.258831234953,0 79.5407527215011,24.2588335677244,0 79.5407523326916,24.2588359225704,0 79.5407520798736,24.2588382929377,0 79.5407519637508,24.2588406722299,0 79.5407519846461,24.2588430538256,0 79.5407521425017,24.2588454310973,0 79.5407524368781,24.2588477974293,0 79.5407528669561,24.2588501462363,0 79.5407535322284,24.2588532721112,0 79.5407115620676,24.2588570707353,0 79.5407090117533,24.25885736335,0 79.5407064815653,24.2588577775587,0 79.5407039783959,24.2588583122331,0 79.540701509064,24.2588589659165,0 79.5406990802962,24.2588597368285,0 79.5406966987086,24.2588606228688,0 79.5406943707891,24.258861621624,0 79.5406921028789,24.2588627303732,0 79.5406899011561,24.2588639460961,0 79.5406877716183,24.2588652654812,0 79.5406857200665,24.2588666849341,0 79.5406837520895,24.2588682005882,0 79.540681873048,24.2588698083148,0 79.5406800880609,24.2588715037342,0 79.5406784019904,24.2588732822281,0 79.5406768194297,24.2588751389515,0 79.5406753446897,24.2588770688468,0 79.5406739817878,24.2588790666566,0 79.5406727344367,24.2588811269388,0 79.5406716060342,24.258883244081,0 79.5406705996541,24.2588854123159,0 79.5406697180381,24.258887625737,0 79.5406689635876,24.2588898783149,0 79.5406683383579,24.2588921639133,0 79.5406678440522,24.2588944763061,0 79.5406674820169,24.258896809194,0 79.5406672532384,24.2588991562222,0 79.5406671583398,24.2589015109971,0 79.5406671975796,24.258903867104,0 79.540667370851,24.2589062181249,0 79.540667677682,24.2589085576552,0 79.5406681172367,24.258910879322,0 79.5406686883177,24.2589131768007,0 79.5406693893695,24.258915443833,0 79.5406702184822,24.2589176742431,0 79.5406711733974,24.2589198619552,0 79.5406722515137,24.2589220010099,0 79.5406734498942,24.2589240855801,0 79.5406747652746,24.2589261099874,0 79.5406761940715,24.258928068717,0 79.5406777323929,24.2589299564332,0 79.5406793760481,24.2589317679938,0 79.5406811205599,24.2589334984637,0 79.5406829611758,24.2589351431292,0 79.5406848928821,24.25893669751,0 79.5406869104164,24.2589381573719,0 79.540689008283,24.258939518738,0 79.540691180767,24.2589407778998,0 79.5406934219503,24.2589419314273,0 79.540712808678,24.2589513082771,0 79.5407126565997,24.2589515760252,0 79.5407116114173,24.2589536704938,0 79.5407106841049,24.2589558111061,0 79.5407098770759,24.2589579922906,0 79.5407091924309,24.2589602083708,0 79.5407086319517,24.2589624535787,0 79.5407081970969,24.258964722071,0 79.5407078889985,24.2589670079436,0 79.5407077084583,24.2589693052472,0 79.5407076559462,24.2589716080027,0 79.5407077315987,24.2589739102169,0 79.5407078170844,24.2589748740087,0 79.5406802503961,24.2589952368588,0 79.5406587316867,24.2589874240477,0 79.5406563274719,24.2589866167823,0 79.5406538807411,24.2589859251726,0 79.5406513981086,24.258985351088,0 79.5406488862857,24.2589848960805,0 79.5406463520625,24.2589845613802,0 79.5406438022899,24.2589843478918,0 79.5406412438605,24.2589842561924,0 79.5406386836906,24.25898428653,0 79.540636128701,24.2589844388225,0 79.5406335857987,24.2589847126582,0 79.5406310618578,24.2589851072969,0 79.5406285637012,24.2589856216718,0 79.5406260980823,24.2589862543923,0 79.5406236716663,24.258987003748,0 79.5406212910125,24.2589878677132,0 79.5406189625566,24.2589888439523,0 79.5406166925929,24.2589899298263,0 79.540614487258,24.2589911223998,0 79.5406123525133,24.2589924184489,0 79.5406102941299,24.2589938144699,0 79.5406083176721,24.258995306689,0 79.5406064284828,24.2589968910724,0 79.5406046316692,24.2589985633369,0 79.5406029320884,24.259000318962,0 79.540601334335,24.2590021532016,0 79.5405998427281,24.2590040610974,0 79.5405984613,24.2590060374916,0 79.5405971937852,24.2590080770416,0 79.5405960436101,24.2590101742338,0 79.5405950138839,24.2590123233989,0 79.5405941073904,24.2590145187271,0 79.5405821718721,24.2590458615632,0 79.5405694828521,24.2590749203642,0 79.540568578562,24.2590771613877,0 79.5405678048633,24.2590794431353,0 79.5405671639233,24.2590817592157,0 79.5405666575372,24.2590841031412,0 79.5405662871236,24.2590864683464,0 79.5405660537199,24.2590888482059,0 79.5405659579801,24.2590912360537,0 79.5405660001722,24.259093625201,0 79.5405661801781,24.2590960089557,0 79.5405664974936,24.2590983806406,0 79.5405669512299,24.2591007336123,0 79.540567540116,24.25910306128,0 79.5405682625024,24.2591053571236,0 79.5405691163656,24.2591076147122,0 79.5405700993138,24.259109827722,0 79.5405712085938,24.2591119899542,0 79.5405724410983,24.2591140953522,0 79.540573793375,24.2591161380185,0 79.5405752616359,24.2591181122314,0 79.5405768417685,24.2591200124609,0 79.5405785293464,24.2591218333843,0 79.5405803196427,24.259123569901,0 79.5405822076426,24.2591252171468,0 79.5406297076437,24.259164517157,0 79.5406316567302,24.2591660472117,0 79.5406336901018,24.2591674821104,0 79.5406358022377,24.2591688179571,0 79.5406379874034,24.2591700511249,0 79.5406402396658,24.2591711782657,0 79.5406425529099,24.2591721963191,0 79.5406449208551,24.2591731025212,0 79.5406473370722,24.2591738944114,0 79.5406497950009,24.2591745698397,0 79.5406522879678,24.2591751269723,0 79.5406548092043,24.2591755642965,0 79.5406573518649,24.259175880625,0 79.5406599090462,24.2591760750988,0 79.5406624738052,24.25917614719,0 79.5406635065245,24.2591761268658,0 79.540662135661,24.2591776681183,0 79.5406605873693,24.2591795031738,0 79.5406591439423,24.2591814087247,0 79.5406578091917,24.2591833797392,0 79.5406565866418,24.2591854110127,0 79.5406554795211,24.2591874971815,0 79.5406544907529,24.2591896327367,0 79.5406536229481,24.2591918120394,0 79.5406528783984,24.2591940293348,0 79.5406522590697,24.259196278768,0 79.5406517665975,24.2591985543991,0 79.5406514022822,24.2592008502191,0 79.5406511670857,24.2592031601658,0 79.5406510616292,24.2592054781394,0 79.5406508577701,24.2592171658065,0 79.5406483713238,24.2592170003826,0 79.5406457817526,24.2592169532773,0 79.5406431930617,24.259217031064,0 79.5406406124125,24.2592172335274,0 79.5406380469439,24.2592175601074,0 79.5406355037529,24.2592180099006,0 79.5406329898748,24.2592185816627,0 79.5406305122641,24.259219273812,0 79.5406280777745,24.2592200844338,0 79.5406256931407,24.2592210112856,0 79.5406233649596,24.2592220518034,0 79.5406210996717,24.2592232031088,0 79.5406189035435,24.2592244620169,0 79.5406167826504,24.259225825045,0 79.5406147428594,24.2592272884226,0 79.5406127898135,24.2592288481014,0 79.5406109289153,24.2592304997668,0 79.5406091653128,24.2592322388497,0 79.5406075038848,24.2592340605392,0 79.5406059492273,24.2592359597958,0 79.5406045056411,24.2592379313656,0 79.5406031771197,24.2592399697944,0 79.5406019673382,24.2592420694433,0 79.5406008796434,24.2592442245038,0 79.5405999170442,24.2592464290144,0 79.5405990822034,24.2592486768765,0 79.5405983774307,24.2592509618718,0 79.5405978046755,24.2592532776791,0 79.5405973655224,24.2592556178922,0 79.5405970611862,24.2592579760371,0 79.5405968925089,24.2592603455903,0 79.5405968599571,24.2592627199969,0 79.5405969636208,24.2592650926884,0 79.5405972032132,24.2592674571011,0 79.5406034244943,24.2593151861333,0 79.5406046374993,24.2593344077152,0</coordinates></LinearRing></outerBoundaryIs><innerBoundaryIs><LinearRing><coordinates>79.5408137457557,24.2590695534551,0 79.5408154868942,24.2590677769977,0 79.540817123131,24.2590659186128,0 79.5408186498873,24.2590639835009,0 79.5408196811811,24.2590625190936,0 79.5408428444004,24.2590803888794,0 79.5408427666948,24.2590804581125,0 79.540841013285,24.2590821930655,0 79.5408393613867,24.2590840098248,0 79.5408378155334,24.2590859034041,0 79.5408363799678,24.2590878686065,0 79.5408350586299,24.2590899000385,0 79.5408346150327,24.2590906711695,0 79.5408183207925,24.2590755598123,0 79.5408163879829,24.2590738621785,0 79.5408143574185,24.2590722633331,0 79.5408123409522,24.2590708425816,0 79.5408137457557,24.2590695534551,0</coordinates></LinearRing></innerBoundaryIs><innerBoundaryIs><LinearRing><coordinates>79.5409791763525,24.2590884771922,0 79.540980561348,24.2590864755884,0 79.5409818298473,24.2590844100997,0 79.5409827653719,24.2590826802404,0 79.5409835524192,24.2590840922349,0 79.5409848473408,24.259086142299,0 79.5409848540545,24.2590861517474,0 79.5409789679052,24.2590887461175,0 79.5409791763525,24.2590884771922,0</coordinates></LinearRing></innerBoundaryIs><innerBoundaryIs><LinearRing><coordinates>79.541152600471,24.2592297919254,0 79.5411550684543,24.2592303791037,0 79.5411575662794,24.2592308483811,0 79.5411918662907,24.2592364483836,0 79.5411943019611,24.2592367886491,0 79.5411967531462,24.2592370168018,0 79.5411992137103,24.2592371322707,0 79.5412016774941,24.2592371347667,0 79.5412041383305,24.2592370242835,0 79.5412065384184,24.2592368057987,0 79.5412061734533,24.2592376079218,0 79.5412053116989,24.2592398189542,0 79.5412045764889,24.2592420680705,0 79.5412039698118,24.2592443491877,0 79.5412034933085,24.2592466561362,0 79.5412031482677,24.2592489826765,0 79.5412029356226,24.2592513225164,0 79.5412028559484,24.2592536693275,0 79.5412029094606,24.2592560167624,0 79.5412030960144,24.2592583584723,0 79.5412034151053,24.2592606881238,0 79.5412038658704,24.259262999416,0 79.5412044470903,24.2592652860978,0 79.5412051571932,24.2592675419845,0 79.5412059942585,24.2592697609749,0 79.541225332848,24.2593170109732,0 79.5412162427955,24.2593152718048,0 79.5412161414712,24.259315224648,0 79.5412138006084,24.2593142721001,0 79.5412114088948,24.2593134324157,0 79.5412089727992,24.259312707866,0 79.5412064989106,24.2593121004107,0 79.5412039939204,24.259311611693,0 79.541201464604,24.2593112430345,0 79.5411989178024,24.2593109954325,0 79.5411948178038,24.2593106954327,0 79.5411923248973,24.2593105712295,0 79.5411898283284,24.259310563018,0 79.5411873345141,24.2593106708193,0 79.5411848498638,24.2593108943562,0 79.5411823807639,24.2593112330543,0 79.5411799335604,24.259311686043,0 79.5411775145432,24.259312252158,0 79.5411751299298,24.2593129299443,0 79.5411747275168,24.259313065173,0 79.5411748133778,24.2593129095417,0 79.5411758602424,24.2593107347889,0 79.5411767808029,24.2593085125342,0 79.541177572507,24.2593062489383,0 79.5411782331601,24.2593039502765,0 79.5411787609305,24.2593016229211,0 79.5411791543553,24.2592992733243,0 79.5411794123438,24.2592969079996,0 79.5411795341807,24.2592945335044,0 79.5411795195284,24.2592921564213,0 79.5411793684273,24.2592897833401,0 79.5411790812965,24.2592874208397,0 79.541178658932,24.2592850754695,0 79.5411781025046,24.2592827537314,0 79.5411774135569,24.2592804620618,0 79.5411765939988,24.2592782068139,0 79.5411756461024,24.2592759942396,0 79.5411749515962,24.2592745945194,0 79.5411751102362,24.2592733529848,0 79.5411753410761,24.2592710273188,0 79.5411754404388,24.2592686938208,0 79.5411754080585,24.259266358734,0 79.541175244022,24.2592640283061,0 79.541174948768,24.2592617087719,0 79.5411745230865,24.2592594063376,0 79.5411739681165,24.2592571271632,0 79.5411732853428,24.2592548773466,0 79.5411724765922,24.2592526629074,0 79.5411715440284,24.2592504897701,0 79.5411704901466,24.2592483637491,0 79.5411693177664,24.2592462905325,0 79.5411680300245,24.2592442756672,0 79.5411666303664,24.259242324544,0 79.5411651225367,24.2592404423831,0 79.5411635105697,24.2592386342202,0 79.5411617987783,24.2592369048931,0 79.5411599917423,24.2592352590287,0 79.5411580942964,24.2592337010303,0 79.5411561115173,24.2592322350665,0 79.54115404871,24.2592308650594,0 79.5411519113934,24.2592295946745,0 79.5411519025638,24.2592295900023,0 79.541152600471,24.2592297919254,0</coordinates></LinearRing></innerBoundaryIs><innerBoundaryIs><LinearRing><coordinates>79.5412672528486,24.2591330519247,0 79.5412662359697,24.2591351991488,0 79.5412653418519,24.2591373918084,0 79.5412645728991,24.2591396240089,0 79.5412639311784,24.2591418897493,0 79.541263418415,24.2591441829386,0 79.5412630359875,24.2591464974117,0 79.5412627849239,24.2591488269467,0 79.5412626658992,24.2591511652808,0 79.5412626792333,24.2591535061278,0 79.5412628248906,24.2591558431946,0 79.5412631024792,24.2591581701984,0 79.5412631224528,24.2591582831037,0 79.5412621293666,24.2591587647797,0 79.5412598964613,24.259159990409,0 79.5412577373001,24.2591613224769,0 79.5412556579134,24.2591627572631,0 79.5412536641088,24.2591642907601,0 79.5412517614549,24.2591659186851,0 79.5412499552659,24.2591676364913,0 79.5412488565546,24.2591687985014,0 79.5412487975843,24.2591686920921,0 79.5412474962805,24.2591666228279,0 79.54124607743,24.2591646195558,0 79.541244545004,24.2591626878828,0 79.5412429032919,24.2591608332158,0 79.5412411568888,24.2591590607458,0 79.5412393106828,24.259157375434,0 79.5412373698414,24.2591557819975,0 79.541235339797,24.2591542848963,0 79.541220205379,24.2591437158222,0 79.5412091637272,24.2591235385297,0 79.5411901662326,24.2590830606254,0 79.5411913060842,24.2590822226802,0 79.5411932971199,24.259080677821,0 79.5411951961407,24.2590790384762,0 79.5411969978189,24.2590773092451,0 79.5411986970997,24.2590754949792,0 79.5412002892156,24.2590736007684,0 79.5412017696998,24.2590716319272,0 79.5412031343988,24.2590695939793,0 79.5412043794837,24.2590674926424,0 79.5412055014614,24.2590653338118,0 79.5412064971842,24.2590631235443,0 79.5412073638583,24.2590608680411,0 79.5412080990525,24.2590585736301,0 79.5412087007038,24.2590562467484,0 79.5412091671245,24.2590538939243,0 79.541209497006,24.2590515217587,0 79.541209506281,24.2590514068027,0 79.5412112369473,24.2590524085855,0 79.5412135444732,24.2590535905056,0 79.5412159178471,24.2590546572109,0 79.5412183502312,24.2590556056282,0 79.5412208346176,24.2590564330251,0 79.5412233638489,24.2590571370178,0 79.5412259306379,24.259057715578,0 79.5412285275899,24.2590581670389,0 79.5412311472226,24.2590584900998,0 79.5412337819889,24.2590586838298,0 79.5412364242979,24.259058747671,0 79.5412390665368,24.2590586814394,0 79.5412417010933,24.2590584853257,0 79.5412443203771,24.259058159895,0 79.5412457525598,24.2590579095781,0 79.5412451949392,24.2590586597482,0 79.5412438574663,24.2590606783947,0 79.541242636972,24.2590627584051,0 79.5412415367968,24.2590648940869,0 79.5412405599515,24.2590670795951,0 79.5412397091097,24.2590693089484,0 79.5412389865999,24.2590715760453,0 79.5412383943995,24.2590738746812,0 79.5412379341294,24.2590761985653,0 79.5412376070491,24.2590785413373,0 79.5412374140538,24.2590808965857,0 79.5412373556718,24.2590832578644,0 79.5412374320629,24.2590856187111,0 79.5412376430179,24.2590879726646,0 79.5412379879595,24.2590903132824,0 79.5412384659438,24.2590926341588,0 79.5412390756624,24.2590949289419,0 79.5412398154469,24.2590971913513,0 79.5412406832724,24.2590994151951,0 79.541241676764,24.2591015943872,0 79.5412427932026,24.2591037229634,0 79.5412440295327,24.2591057950982,0 79.5412453823708,24.2591078051206,0 79.5412468480143,24.2591097475293,0 79.541248422452,24.2591116170085,0 79.5412673355807,24.2591328993987,0 79.5412672528486,24.2591330519247,0</coordinates></LinearRing></innerBoundaryIs><innerBoundaryIs><LinearRing><coordinates>79.541313003771,24.2590358019726,0 79.5413153011802,24.2590348793244,0 79.5413169329802,24.2590341310036,0 79.5413165187332,24.2590359815071,0 79.5413162144685,24.2590378249138,0 79.5413074960249,24.2590378622781,0 79.541313003771,24.2590358019726,0</coordinates></LinearRing></innerBoundaryIs><innerBoundaryIs><LinearRing><coordinates>79.5413073737877,24.2593654827992,0 79.5413099412059,24.2593658576724,0 79.5413125266253,24.2593661078017,0 79.5413151228403,24.2593662324899,0 79.5413177226148,24.2593662313895,0 79.5413203187031,24.2593661045036,0 79.5413229038696,24.2593658521858,0 79.5413254709092,24.2593654751394,0 79.5413280126673,24.2593649744152,0 79.5413305220597,24.2593643514088,0 79.5413329920925,24.2593636078565,0 79.5413354158816,24.2593627458308,0 79.5413377866716,24.2593617677342,0 79.5413400978548,24.2593606762927,0 79.5413423429898,24.2593594745482,0 79.5413445158191,24.2593581658503,0 79.5413466102869,24.2593567538462,0 79.5413486205558,24.2593552424715,0 79.5413505410227,24.2593536359384,0 79.5413523663354,24.2593519387246,0 79.5413540914063,24.2593501555603,0 79.5413557114277,24.2593482914154,0 79.5413572218843,24.2593463514854,0 79.5413586185663,24.2593443411771,0 79.5413598975812,24.2593422660935,0 79.5413610553641,24.2593401320179,0 79.5413620886882,24.2593379448983,0 79.5413629946735,24.2593357108304,0 79.5413637707949,24.2593334360407,0 79.5413644148895,24.2593311268693,0 79.5413649251619,24.2593287897521,0 79.5413653001901,24.2593264312029,0 79.5413684001812,24.2593025312015,0 79.5413686364012,24.2593001927552,0 79.5413687396687,24.2592978462112,0 79.5413687097043,24.2592954979187,0 79.5413685465892,24.2592931542317,0 79.5413682507647,24.2592908214917,0 79.5413678230311,24.2592885060105,0 79.541367264546,24.2592862140534,0 79.5413665768204,24.259283951822,0 79.5413657617151,24.2592817254372,0 79.5413648214357,24.2592795409233,0 79.5413637585264,24.259277404191,0 79.5413625758632,24.259275321022,0 79.541361276646,24.2592732970526,0 79.5413598643904,24.2592713377595,0 79.5413583429176,24.259269448444,0 79.5413567163443,24.2592676342182,0 79.5413549890718,24.259265899991,0 79.5413508383816,24.2592619443019,0 79.5413518258795,24.2592587553147,0 79.5413561593923,24.2592599463129,0 79.5413586343932,24.2592605626084,0 79.5413611410351,24.2592610599341,0 79.5413636725192,24.2592614369408,0 79.5413662219793,24.2592616926061,0 79.5413687825003,24.2592618262365,0 79.5413713471373,24.2592618374696,0 79.5413739089341,24.2592617262748,0 79.5413764609423,24.2592614929538,0 79.5413789962399,24.2592611381395,0 79.5413815079505,24.2592606627942,0 79.54140406909,24.259255828266,0 79.5414120974581,24.259259278756,0 79.5414144454797,24.2592602203807,0 79.5414168437551,24.2592610487372,0 79.5414192857888,24.259261761582,0 79.5414217649668,24.2592623569843,0 79.5414242745743,24.2592628333315,0 79.5414268078141,24.2592631893335,0 79.5414293578252,24.259263424026,0 79.5414319177009,24.2592635367734,0 79.5414344805079,24.2592635272704,0 79.5414370393051,24.2592633955426,0 79.541439587162,24.2592631419469,0 79.541442117178,24.25926276717,0 79.5414446225005,24.2592622722271,0 79.5414470963442,24.2592616584587,0 79.5414495320086,24.2592609275271,0 79.5414497535967,24.2592608491089,0 79.541450068495,24.2592614330812,0 79.541462968489,24.2592840330845,0 79.5414642294811,24.2592861075519,0 79.541465607711,24.2592881183582,0 79.5414670993651,24.2592900599397,0 79.5414687003161,24.2592919269239,0 79.5414704061342,24.2592937141451,0 79.5414722120995,24.2592954166581,0 79.541474113215,24.259297029752,0 79.5414761042203,24.2592985489636,0 79.5414781796063,24.2592999700891,0 79.5414803336307,24.2593012891964,0 79.5414825603332,24.2593025026356,0 79.5414848535526,24.2593036070491,0 79.5414872069437,24.259304599381,0 79.5414896139948,24.2593054768856,0 79.5414920680456,24.2593062371348,0 79.5414945623058,24.2593068780252,0 79.5414970898739,24.2593073977833,0 79.5414996437562,24.259307794971,0 79.5415022168862,24.2593080684893,0 79.5415048021441,24.2593082175814,0 79.5415073923767,24.2593082418347,0 79.5415099804168,24.2593081411822,0 79.5415125591034,24.2593079159023,0 79.5415151213013,24.2593075666184,0 79.5415176599211,24.2593070942969,0 79.5415201679384,24.2593065002448,0 79.5415226384138,24.2593057861057,0 79.5415250645114,24.2593049538557,0 79.5415274395183,24.2593040057975,0 79.5415297568629,24.2593029445545,0 79.5415320101333,24.259301773063,0 79.5415341930948,24.2593004945645,0 79.541536299707,24.2592991125965,0 79.5415383241412,24.259297630983,0 79.5415402607958,24.2592960538235,0 79.5415421043121,24.259294385482,0 79.5415438275769,24.2592926527084,0 79.5415437713727,24.2592936460228,0 79.5415437731897,24.2592960174031,0 79.5415439108173,24.2592983854246,0 79.5415441838757,24.2593007435545,0 79.5415445916116,24.2593030852869,0 79.5415451329001,24.2593054041612,0 79.5415458062479,24.25930769378,0 79.5415466097974,24.2593099478265,0 79.5415475413315,24.2593121600822,0 79.5415485982804,24.2593143244435,0 79.541549777728,24.2593164349395,0 79.5415510764205,24.2593184857473,0 79.5415524907748,24.2593204712093,0 79.5415540168891,24.2593223858476,0 79.5415556505529,24.25932422438,0 79.5415573872591,24.2593259817344,0 79.5415592222164,24.2593276530622,0 79.5415611503624,24.2593292337527,0 79.5415631663775,24.2593307194448,0 79.5415652647,24.2593321060396,0 79.5415674395406,24.2593333897118,0 79.5415696848994,24.2593345669199,0 79.5415719945817,24.2593356344161,0 79.5415743622153,24.2593365892553,0 79.5415767812682,24.2593374288032,0 79.5415792450666,24.2593381507436,0 79.5415817468132,24.2593387530847,0 79.5415842796059,24.2593392341649,0 79.5415868364571,24.2593395926568,0 79.5415894103128,24.2593398275714,0 79.5415919940719,24.2593399382606,0 79.5415945806063,24.259339924419,0 79.5415971627801,24.2593397860848,0 79.5415997334692,24.2593395236397,0 79.5416022855815,24.2593391378077,0 79.5416248291966,24.2593351694567,0 79.5416247024408,24.2593360821944,0 79.5416245106399,24.259338459549,0 79.541624455977,24.259340842871,0 79.5416245386045,24.259343225516,0 79.5416247582919,24.2593456008412,0 79.5416251144269,24.2593479622242,0 79.5416256060166,24.2593503030816,0 79.5416262316904,24.2593526168873,0 79.541626989704,24.2593548971904,0 79.541627877944,24.2593571376336,0 79.5416288939342,24.2593593319704,0 79.5416300348419,24.2593614740833,0 79.5416387826934,24.2593768549328,0 79.5416380479029,24.2593789847577,0 79.5416373388139,24.2593812428602,0 79.5416367588357,24.2593835317283,0 79.5416363095394,24.2593858451618,0 79.5416359921422,24.2593881768937,0 79.5416358075038,24.2593905206075,0 79.5416357886134,24.2593913843838,0 79.5416348705361,24.2593911078545,0 79.5416322478121,24.2593903912614,0 79.5416295857172,24.2593898093513,0 79.5416268924732,24.2593893639215,0 79.5416245594984,24.2593890997307,0 79.5416215002172,24.2593841708904,0 79.5416201579488,24.2593821350644,0 79.5416187005812,24.2593801668825,0 79.5416171321604,24.259378271809,0 79.5416154570408,24.2593764551052,0 79.5416136798731,24.2593747218147,0 79.5416118055911,24.2593730767497,0 79.5416098393985,24.2593715244773,0 79.5416077867539,24.2593700693072,0 79.5416056533561,24.2593687152792,0 79.541603445128,24.2593674661526,0 79.5416011682003,24.2593663253952,0 79.5415988288944,24.2593652961742,0 79.5415964337049,24.259364381347,0 79.5415939892815,24.2593635834534,0 79.5415915024107,24.2593629047085,0 79.5415889799968,24.2593623469968,0 79.5415864290425,24.2593619118667,0 79.5415838566303,24.2593616005261,0 79.5415812699018,24.2593614138395,0 79.5415786760384,24.2593613523251,0 79.5415760822416,24.2593614161537,0 79.5415734957125,24.2593616051482,0 79.541570923632,24.2593619187837,0 79.5415683731409,24.2593623561897,0 79.5415658513201,24.2593629161516,0 79.541563365171,24.259363597115,0 79.5415609215958,24.2593643971892,0 79.5415585273785,24.259365314153,0 79.5415561891663,24.2593663454606,0 79.5415539134506,24.2593674882489,0 79.5415517065496,24.2593687393451,0 79.5415495745901,24.2593700952758,0 79.5415475234912,24.2593715522767,0 79.5415455589472,24.2593731063025,0 79.5415436864124,24.2593747530389,0 79.5415419110854,24.2593764879141,0 79.541540237895,24.2593783061116,0 79.5415386714866,24.2593802025835,0 79.5415380153845,24.2593810905107,0 79.5414873105561,24.2593886354873,0 79.5414848007616,24.259389070475,0 79.5414823189444,24.2593896241858,0 79.5414661189349,24.2593936492417,0 79.5414612737121,24.2593703460689,0 79.5414607317335,24.2593680624482,0 79.5414600615861,24.2593658075997,0 79.5414592650654,24.2593635875653,0 79.541458344306,24.2593614082938,0 79.541457301775,24.2593592756249,0 79.541456140266,24.259357195273,0 79.5414548628913,24.2593551728127,0 79.5414534730738,24.2593532136633,0 79.5414519745376,24.2593513230746,0 79.5414503712982,24.2593495061124,0 79.5414486676516,24.2593477676455,0 79.5414468681628,24.2593461123323,0 79.5414449776536,24.2593445446082,0 79.54144300119,24.2593430686742,0 79.5414409440679,24.259341688485,0 79.5414388117995,24.2593404077391,0 79.5414366100985,24.2593392298682,0 79.5414343448645,24.2593381580286,0 79.5414320221674,24.2593371950923,0 79.5414296482309,24.2593363436397,0 79.5414272294163,24.2593356059522,0 79.5414247722049,24.2593349840065,0 79.5414222831811,24.2593344794692,0 79.5414197690143,24.2593340936922,0 79.5414172364414,24.2593338277092,0 79.5414146922488,24.259333682233,0 79.5414121432537,24.2593336576534,0 79.5414095962863,24.2593337540362,0 79.5414070581715,24.2593339711232,0 79.5414045357103,24.2593343083327,0 79.5414020356618,24.2593347647611,0 79.5413995647252,24.2593353391853,0 79.5413971295215,24.2593360300662,0 79.541394736576,24.2593368355524,0 79.5413923923008,24.2593377534857,0 79.5413901029775,24.2593387814063,0 79.5413878747406,24.2593399165598,0 79.5413857135608,24.2593411559046,0 79.5413836252291,24.2593424961197,0 79.5413816153415,24.2593439336138,0 79.5413796892834,24.2593454645352,0 79.5413778522161,24.2593470847816,0 79.5413258522171,24.2593953847697,0 79.5413241173673,24.2593970814425,0 79.5413224801159,24.2593988577661,0 79.5413209448074,24.2594007090272,0 79.5413195155152,24.2594026303138,0 79.5413181960321,24.2594046165279,0 79.5413169898591,24.2594066623993,0 79.5413159001965,24.2594087624996,0 79.5413149299358,24.2594109112564,0 79.5413145224204,24.2594119641536,0 79.5413003484677,24.2594106539567,0 79.5412991674682,24.2594090524905,0 79.5412976307319,24.2594071849805,0 79.5412959905468,24.2594053929548,0 79.5412942513166,24.2594036812248,0 79.5412934324676,24.2594029547136,0 79.541293708107,24.259402697738,0 79.5412954254918,24.2594009183694,0 79.5412970383939,24.2593990586329,0 79.5412985423463,24.2593971236793,0 79.5412999331838,24.2593951188674,0 79.5413012070543,24.2593930497498,0 79.5413023604298,24.2593909220569,0 79.541303390116,24.2593887416814,0 79.5413042932611,24.2593865146621,0 79.5413050673638,24.2593842471668,0 79.5413057102803,24.2593819454755,0 79.5413062202298,24.2593796159626,0 79.5413065958002,24.2593772650801,0 79.5413068359511,24.2593748993387,0 79.5413069400177,24.2593725252906,0 79.5413069077116,24.2593701495107,0 79.5413067391223,24.2593677785788,0 79.5413064347167,24.2593654190615,0 79.5413064112561,24.2593652940336,0 79.5413073737877,24.2593654827992,0</coordinates></LinearRing></innerBoundaryIs><innerBoundaryIs><LinearRing><coordinates>79.5409552675164,24.2592507150152,0 79.5409566450861,24.2592499863926,0 79.5409588618127,24.2592486636198,0 79.5409678659696,24.2592429692917,0 79.5409698366948,24.2592432620257,0 79.5409688659719,24.2592436167428,0 79.5409665050721,24.2592446148687,0 79.5409642049195,24.2592457258356,0 79.5409619719251,24.259246946547,0 79.5409598123129,24.2592482736005,0 79.5409577321021,24.2592497032974,0 79.5409557370907,24.2592512316526,0 79.5409554487,24.2592514774118,0 79.5409552675164,24.2592507150152,0</coordinates></LinearRing></innerBoundaryIs><innerBoundaryIs><LinearRing><coordinates>79.5407936529355,24.2592521020612,0 79.5407953653254,24.2592630613843,0 79.5407943574638,24.2592617342999,0 79.5407927631918,24.2592598547456,0 79.540791063056,24.2592580548614,0 79.5407892617847,24.2592563396534,0 79.5407873643879,24.2592547138919,0 79.5407862979358,24.2592538922709,0 79.5407935416628,24.2592512693301,0 79.5407936529355,24.2592521020612,0</coordinates></LinearRing></innerBoundaryIs><innerBoundaryIs><LinearRing><coordinates>79.5414931235555,24.2595645987544,0 79.5414934978057,24.2595622502649,0 79.5414937369207,24.2595598869893,0 79.5414938402398,24.2595575154588,0 79.5414938074774,24.2595551422274,0 79.541493638724,24.2595527738538,0 79.541493334446,24.2595504168834,0 79.5414928954844,24.2595480778299,0 79.5414923230524,24.2595457631576,0 79.5414916187317,24.2595434792633,0 79.541490784469,24.2595412324589,0 79.5414898225699,24.2595390289538,0 79.5414887356927,24.2595368748375,0 79.5414875268411,24.2595347760632,0 79.5414861993559,24.2595327384311,0 79.5414847569058,24.2595307675725,0 79.5414832034772,24.2595288689342,0 79.5414815433632,24.2595270477631,0 79.5414797811517,24.2595253090924,0 79.5414779217128,24.2595236577271,0 79.5414759701853,24.2595220982309,0 79.5414739319625,24.2595206349136,0 79.5414718126773,24.2595192718194,0 79.5414696181865,24.2595180127153,0 79.541467354555,24.259516861081,0 79.5414650280385,24.2595158200992,0 79.5414626450666,24.2595148926467,0 79.541460212225,24.2595140812867,0 79.5414577362372,24.2595133882615,0 79.5414552239458,24.2595128154863,0 79.5414526822938,24.2595123645441,0 79.5414501183054,24.259512036681,0 79.5414492633502,24.2595119691005,0 79.541450300294,24.2595107604412,0 79.5414518042318,24.2595088019982,0 79.5414531927674,24.2595067731896,0 79.5414544619928,24.2595046797254,0 79.5414545932591,24.2595044332765,0 79.5414704721435,24.2595079679585,0 79.5415017647155,24.2595265147325,0 79.5415032680266,24.2595273710093,0 79.5415239036131,24.2595386588534,0 79.5415015155619,24.2595660892508,0 79.5414927080738,24.2595665008151,0 79.5414931235555,24.2595645987544,0</coordinates></LinearRing></innerBoundaryIs><innerBoundaryIs><LinearRing><coordinates>79.5417203188992,24.2585571842576,0 79.5417186071549,24.258555400102,0 79.5417167953954,24.2585537009838,0 79.5417148886393,24.2585520916095,0 79.5417128921681,24.2585505764369,0 79.5417108115119,24.258549159663,0 79.5417086524341,24.2585478452123,0 79.5417064209153,24.2585466367257,0 79.5417041231366,24.2585455375507,0 79.5417017654628,24.2585445507318,0 79.5416993544246,24.2585436790027,0 79.5416968967004,24.2585429247778,0 79.541694399098,24.2585422901464,0 79.5416918685357,24.2585417768664,0 79.5416909637209,24.2585416386561,0 79.5416847483316,24.258536364993,0 79.5416827438459,24.2585347543259,0 79.5416806472416,24.2585332454505,0 79.5416784646609,24.2585318427873,0 79.541676202498,24.2585305504457,0 79.5416746602312,24.2585297722617,0 79.5416754858864,24.2585293505086,0 79.5416776693735,24.2585280935403,0 79.541679778111,24.2585267335224,0 79.5416818063186,24.2585252741829,0 79.5416837484367,24.258523719522,0 79.5416855991415,24.2585220738014,0 79.5416873533601,24.2585203415321,0 79.5416890062838,24.2585185274627,0 79.5416905533818,24.2585166365658,0 79.5416919904131,24.2585146740245,0 79.5416933134388,24.2585126452185,0 79.5416945188321,24.2585105557092,0 79.541695603289,24.2585084112241,0 79.5416965638367,24.2585062176416,0 79.5416973978423,24.2585039809747,0 79.5416981030196,24.2585017073544,0 79.5416986774356,24.2584994030131,0 79.5416991195159,24.2584970742672,0 79.5417000963542,24.2584909896122,0 79.5417182266676,24.2584990075313,0 79.5417178450266,24.2584996851052,0 79.541716741209,24.2585017749887,0 79.5417157560515,24.2585039141389,0 79.5417148921602,24.2585060968974,0 79.5417141518201,24.2585083174904,0 79.5417135369895,24.258510570044,0 79.541713049295,24.2585128485998,0 79.5417126900264,24.2585151471305,0 79.5417124601341,24.2585174595561,0 79.5417123602264,24.2585197797597,0 79.5417123905673,24.258522101604,0 79.5417125510768,24.2585244189473,0 79.5417128413301,24.2585267256597,0 79.5417132605597,24.2585290156395,0 79.5417138076564,24.2585312828293,0 79.5417144811731,24.2585335212319,0 79.5417152793284,24.2585357249263,0 79.5417162000108,24.2585378880834,0 79.5417172407851,24.2585400049811,0 79.5417183988981,24.2585420700198,0 79.5417196712865,24.2585440777371,0 79.5417210545845,24.2585460228223,0 79.541722545133,24.2585479001301,0 79.5417241389893,24.2585497046947,0 79.5417256366162,24.2585512324873,0 79.5417255042006,24.2585628846539,0 79.5417203188992,24.2585571842576,0</coordinates></LinearRing></innerBoundaryIs><innerBoundaryIs><LinearRing><coordinates>79.5415993214499,24.2584943761236,0 79.5415974581378,24.2584927546704,0 79.5415955051281,24.2584912245129,0 79.5415934677361,24.2584897898156,0 79.5415913515067,24.2584884544831,0 79.5415891621992,24.2584872221495,0 79.541586905772,24.2584860961687,0 79.5415845883662,24.2584850796052,0 79.5415822162886,24.2584841752256,0 79.5415797959951,24.2584833854912,0 79.5415773340727,24.2584827125514,0 79.5415748372215,24.2584821582374,0 79.541572312237,24.2584817240581,0 79.5415697659909,24.258481411195,0 79.5415672054132,24.2584812204996,0 79.5415646374725,24.2584811524908,0 79.5415620691577,24.2584812073539,0 79.5415595074586,24.2584813849393,0 79.541556959347,24.258481684764,0 79.5415544317577,24.2584821060118,0 79.5415519315698,24.2584826475362,0 79.5415494655876,24.2584833078636,0 79.5415470405225,24.2584840851968,0 79.5415446629744,24.2584849774202,0 79.541542339414,24.2584859821056,0 79.541540076165,24.2584870965187,0 79.5415378793869,24.2584883176265,0 79.5415357550585,24.2584896421058,0 79.5415337089612,24.2584910663518,0 79.5415124935656,24.2585066502022,0 79.54151318798,24.2585056859159,0 79.5415144873035,24.2585036595994,0 79.5415156698359,24.258501574031,0 79.5415167323718,24.2584994348637,0 79.5415176720311,24.2584972478959,0 79.5415184862669,24.2584950190555,0 79.541519172872,24.258492754384,0 79.5415197299855,24.2584904600199,0 79.5415201560971,24.2584881421822,0 79.541520450052,24.2584858071536,0 79.5415206110533,24.2584834612634,0 79.5415206386646,24.2584811108702,0 79.5415205328112,24.258478762345,0 79.5415202937799,24.2584764220535,0 79.541519518761,24.25847049954,0 79.5415210448761,24.2584691849318,0 79.5415228235661,24.2584674840662,0 79.5415245030415,24.2584657004371,0 79.5415260787275,24.2584638389029,0 79.541527546332,24.2584619045343,0 79.5415289018575,24.2584599026003,0 79.5415301416117,24.2584578385541,0 79.5415312622175,24.2584557180178,0 79.5415322606225,24.2584535467678,0 79.5415331341072,24.2584513307182,0 79.5415338802922,24.2584490759054,0 79.5415343500119,24.2584473340755,0 79.5415349096809,24.2584486979012,0 79.5415358775527,24.258450881701,0 79.5415369684268,24.2584530162107,0 79.5415381793296,24.2584550956117,0 79.5415395069603,24.2584571142355,0 79.5415409476998,24.2584590665796,0 79.5415424976206,24.2584609473217,0 79.5415441524978,24.2584627513352,0 79.5415459078201,24.2584644737023,0 79.5415477588027,24.2584661097278,0 79.5415497003998,24.2584676549521,0 79.5415517273186,24.2584691051629,0 79.5415538340339,24.258470456407,0 79.5415560148029,24.2584717050009,0 79.5415582636807,24.258472847541,0 79.5415605745371,24.2584738809127,0 79.5415629410727,24.2584748022991,0 79.5415653568365,24.2584756091886,0 79.541567815243,24.2584762993816,0 79.5415703095908,24.2584768709966,0 79.5415728330804,24.2584773224754,0 79.5415753788327,24.2584776525874,0 79.5415779399082,24.2584778604325,0 79.5415805093254,24.2584779454444,0 79.5415830800802,24.2584779073911,0 79.5415856451647,24.2584777463765,0 79.5415881975867,24.2584774628395,0 79.5415907303882,24.258477057553,0 79.541593236665,24.2584765316217,0 79.5415948766861,24.2584761037684,0 79.5416009200061,24.2584959202596,0 79.5415993214499,24.2584943761236,0</coordinates></LinearRing></innerBoundaryIs><innerBoundaryIs><LinearRing><coordinates>79.5416735458589,24.2582332898721,0 79.5416737788148,24.2582333340297,0 79.5416762941709,24.2582336877506,0 79.5416788260995,24.2582339218675,0 79.5416813678391,24.2582340357552,0 79.5416839126021,24.2582340291097,0 79.5416864535928,24.2582339019487,0 79.5416889840256,24.2582336546117,0 79.541691497143,24.2582332877593,0 79.5416939862339,24.258232802371,0 79.5416964446513,24.2582321997432,0 79.54169886583,24.2582314814852,0 79.5417012433043,24.2582306495149,0 79.5417205218804,24.2582233745839,0 79.5417166279954,24.2582257371651,0 79.5416908013391,24.2582390237109,0 79.5416724244254,24.2582420749718,0 79.5416715485296,24.2582422417747,0 79.5416735458589,24.2582332898721,0</coordinates></LinearRing></innerBoundaryIs><innerBoundaryIs><LinearRing><coordinates>79.5412904654046,24.258379275583,0 79.5412929684625,24.258378813523,0 79.5412954420332,24.2583782331386,0 79.5412978794667,24.25837753599,0 79.5413002742104,24.2583767239515,0 79.5413026198263,24.2583757992061,0 79.5413049100085,24.2583747642398,0 79.5413071386003,24.2583736218351,0 79.5413092996103,24.2583723750631,0 79.5413113872289,24.2583710272756,0 79.5413133958439,24.258369582096,0 79.5413153200553,24.2583680434095,0 79.5413455262414,24.2583425953685,0 79.5413839581222,24.2583623801184,0 79.5413839559211,24.2583624490415,0 79.5413840135707,24.2583647891669,0 79.5413842034334,24.2583671234078,0 79.5413845249986,24.2583694454899,0 79.5413849774022,24.2583717491713,0 79.5413851887155,24.2583725766289,0 79.5413827633282,24.2583751622827,0 79.5413811553041,24.2583769689162,0 79.5413796511676,24.2583788492576,0 79.5413782549311,24.2583807982908,0 79.5413769703192,24.2583828108167,0 79.5413758007586,24.2583848814668,0 79.5413747493692,24.2583870047175,0 79.5413738189557,24.2583891749048,0 79.5413730120001,24.2583913862396,0 79.5413723306549,24.2583936328231,0 79.5413717767377,24.2583959086623,0 79.5413713517262,24.2583982076862,0 79.541371056754,24.2584005237621,0 79.541370892608,24.2584028507117,0 79.5413708597262,24.2584051823276,0 79.5413709581962,24.2584075123901,0 79.5413711877554,24.2584098346837,0 79.5413715477914,24.2584121430134,0 79.5413720373437,24.2584144312216,0 79.5413726551066,24.2584166932044,0 79.5413733994321,24.2584189229277,0 79.5413742683346,24.2584211144437,0 79.5413752594962,24.2584232619062,0 79.5413763702731,24.2584253595868,0 79.5413775977021,24.2584274018898,0 79.5413789385089,24.2584293833672,0 79.541380389117,24.2584312987333,0 79.5413819456567,24.2584331428786,0 79.5413836039757,24.2584349108838,0 79.5413853596505,24.2584365980326,0 79.5413872079977,24.2584381998245,0 79.5413891440867,24.2584397119865,0 79.5413936285541,24.2584430351886,0 79.5413920958531,24.2584456358343,0 79.5413915962657,24.2584459706219,0 79.541389571737,24.2584474846717,0 79.5413876376432,24.2584490950313,0 79.5413857994287,24.2584507971678,0 79.5413840622675,24.25845258629,0 79.5413824310495,24.258454457362,0 79.5413809103663,24.2584564051169,0 79.5413678609703,24.258474092545,0 79.5413676934359,24.2584740227319,0 79.5413652883405,24.2584731569911,0 79.5413628370259,24.258472408098,0 79.5413618346091,24.2584721545611,0 79.5413534275018,24.2584640290328,0 79.5413516827934,24.2584624253207,0 79.5413498525494,24.2584609038517,0 79.5413479413764,24.2584594684554,0 79.541315226144,24.2584361298839,0 79.5413153650962,24.258435788998,0 79.5413161417927,24.2584335281999,0 79.5413167879994,24.2584312331455,0 79.5413173019351,24.2584289101609,0 79.5413176821833,24.2584265656488,0 79.541317927696,24.2584242060716,0 79.5413180377964,24.2584218379331,0 79.541318012181,24.2584194677606,0 79.5413178509205,24.2584171020872,0 79.5413175544594,24.2584147474333,0 79.5413171236147,24.2584124102892,0 79.5413165595741,24.2584100970969,0 79.5413158638923,24.2584078142323,0 79.5413150384867,24.2584055679876,0 79.5413140856326,24.2584033645544,0 79.5413130079562,24.258401210006,0 79.541311808428,24.2583991102811,0 79.5413104903544,24.2583970711671,0 79.5413090573683,24.2583950982846,0 79.5413075134197,24.2583931970715,0 79.541305862764,24.2583913727681,0 79.541304109951,24.2583896304029,0 79.5413022598122,24.2583879747783,0 79.5413003174471,24.2583864104579,0 79.5412982882095,24.2583849417534,0 79.5412961776926,24.258383572713,0 79.5412939917138,24.2583823071103,0 79.5412917362982,24.2583811484337,0 79.5412894176627,24.2583800998768,0 79.5412881956485,24.2583795833554,0 79.5412904654046,24.258379275583,0</coordinates></LinearRing></innerBoundaryIs><innerBoundaryIs><LinearRing><coordinates>79.541295766716,24.2588776509982,0 79.541274972701,24.258895149362,0 79.5412741390888,24.2588929210612,0 79.5412731575645,24.258890691811,0 79.541272048003,24.2588885136202,0 79.5412708135503,24.2588863926648,0 79.5412694577066,24.2588843349583,0 79.5412679843161,24.2588823463351,0 79.5412663975564,24.2588804324335,0 79.5412658196067,24.2588798074049,0 79.5412694003387,24.2588799207787,0 79.541271926117,24.2588799413248,0 79.5412744497219,24.2588798431075,0 79.5412769645139,24.2588796263851,0 79.5412794638768,24.2588792917279,0 79.541281941235,24.2588788400163,0 79.5412843900706,24.2588782724388,0 79.5412868039411,24.2588775904885,0 79.5412891764957,24.2588767959597,0 79.5412915014923,24.2588758909426,0 79.5412937728141,24.2588748778184,0 79.5412959844854,24.2588737592525,0 79.5412979555709,24.2588726378189,0 79.541295766716,24.2588776509982,0</coordinates></LinearRing></innerBoundaryIs><innerBoundaryIs><LinearRing><coordinates>79.5412820588244,24.2579374707333,0 79.5412795257332,24.2579378881136,0 79.5412770198865,24.2579384262577,0 79.5412745481288,24.2579390836956,0 79.541232448142,24.2579513836921,0 79.5412300980858,24.2579521307322,0 79.5412298343923,24.2579522284921,0 79.5412293449876,24.2579516080052,0 79.5412277489111,24.2579497902094,0 79.5412260525175,24.2579480504516,0 79.5412242603391,24.2579463933798,0 79.5412223771638,24.257944823421,0 79.5412204080228,24.2579433447697,0 79.541218358177,24.2579419613763,0 79.541216837546,24.2579410422749,0 79.5412609287508,24.257918945762,0 79.5412837483163,24.2579372752285,0 79.5412820588244,24.2579374707333,0</coordinates></LinearRing></innerBoundaryIs><innerBoundaryIs><LinearRing><coordinates>79.5409817559991,24.2587480038777,0 79.5409856996916,24.2587312672046,0 79.5409871390985,24.2587293348496,0 79.5409817559991,24.2587480038777,0</coordinates></LinearRing></innerBoundaryIs><innerBoundaryIs><LinearRing><coordinates>79.5409732909516,24.2587773613404,0 79.5409726793978,24.25877974133,0 79.540972209283,24.2587821481836,0 79.5409718819862,24.2587845748414,0 79.5409716984673,24.2587870141856,0 79.5409716592646,24.2587894590613,0 79.5409717644932,24.2587919022972,0 79.5409720138444,24.2587943367268,0 79.5409724065869,24.2587967552096,0 79.5409729415686,24.2587991506519,0 79.5409736172203,24.2588015160273,0 79.5409744315604,24.2588038443978,0 79.5409753822001,24.2588061289339,0 79.5409764116999,24.2588082503204,0 79.5409755934068,24.2588086289412,0 79.5409734015619,24.258809775879,0 79.5409712766875,24.2588110242614,0 79.5409692243646,24.2588123708097,0 79.5409672499834,24.2588138119871,0 79.5409653587296,24.2588153440085,0 79.5409635555705,24.2588169628501,0 79.540961845242,24.25881866426,0 79.5409602322362,24.2588204437696,0 79.5409589009572,24.2588220758314,0 79.54095941962,24.2588206133342,0 79.54096009581,24.2588182938873,0 79.5409606365552,24.2588159447647,0 79.5409610403264,24.2588135726094,0 79.5409613059818,24.2588111841299,0 79.5409614327701,24.2588087860803,0 79.5409614203329,24.2588063852422,0 79.5409612687052,24.2588039884049,0 79.5409609783158,24.2588016023465,0 79.5409603789869,24.2587976375655,0 79.5409760006087,24.2587670392276,0 79.5409766822899,24.2587655999094,0 79.5409732909516,24.2587773613404,0</coordinates></LinearRing></innerBoundaryIs><innerBoundaryIs><LinearRing><coordinates>79.5409466381033,24.2588433094313,0 79.5409185541808,24.258872346811,0 79.5409169152958,24.2588741322338,0 79.5409153792227,24.2588759929069,0 79.5409139500652,24.2588779238595,0 79.5409126316413,24.258879919933,0 79.5409114274731,24.2588819757949,0 79.5409103407777,24.258884085953,0 79.540909374458,24.25888624477,0 79.5409085310956,24.2588884464786,0 79.5409078129437,24.2588906851969,0 79.5409072219207,24.2588929549443,0 79.5408977181841,24.2589341377388,0 79.5408944010013,24.2589394594204,0 79.5408706596388,24.2589319101631,0 79.54088805487,24.258882394386,0 79.5409060692479,24.2588608954677,0 79.5409156189528,24.2588543944941,0 79.5409279575233,24.2588505739212,0 79.5409304154078,24.2588497454709,0 79.5409328217807,24.2588487984028,0 79.5409351698372,24.258847735395,0 79.540937452937,24.2588465594537,0 79.540939664624,24.2588452739043,0 79.5409417986435,24.2588438823823,0 79.5409438489608,24.2588423888226,0 79.5409458097777,24.2588407974491,0 79.5409476755494,24.2588391127619,0 79.5409494409994,24.2588373395252,0 79.5409505789628,24.2588360667751,0 79.5409466381033,24.2588433094313,0</coordinates></LinearRing></innerBoundaryIs><innerBoundaryIs><LinearRing><coordinates>79.5418829168041,24.2580061400368,0 79.5418831112385,24.2580077146424,0 79.5418815981121,24.2580062466789,0 79.5418809066765,24.2580056422684,0 79.5418815584476,24.2580049149107,0 79.5418829168041,24.2580061400368,0</coordinates></LinearRing></innerBoundaryIs><innerBoundaryIs><LinearRing><coordinates>79.5418798829268,24.2580714584498,0 79.5418817321327,24.2580698294329,0 79.54188348633,24.2580681143645,0 79.5418851407613,24.258066317896,0 79.5418866909396,24.2580644448995,0 79.541888132661,24.2580625004546,0 79.5418894620153,24.2580604898348,0 79.5418905024942,24.2580587136528,0 79.5418905754246,24.2580589292076,0 79.541891493771,24.2580612038386,0 79.5418925440314,24.2580634299715,0 79.5418937231744,24.2580656011817,0 79.5419054123408,24.2580857496264,0 79.5419064534685,24.2580907807523,0 79.5418958931009,24.258093214879,0 79.5418934107653,24.2580938508123,0 79.541890968122,24.2580946049499,0 79.5418885718624,24.258095475226,0 79.541886228551,24.2580964592564,0 79.5418839446069,24.2580975543455,0 79.5418817262871,24.2580987574933,0 79.5418810485825,24.2580991704111,0 79.5418809324121,24.2580986988488,0 79.5418802297349,24.258096413256,0 79.5418793969509,24.2580941646974,0 79.541878436364,24.2580919593936,0 79.5418773506316,24.2580898034455,0 79.5418761427574,24.2580877028175,0 79.5418748160829,24.2580856633209,0 79.5418733742784,24.258083690598,0 79.5418718213326,24.2580817901063,0 79.5418701615417,24.2580799671033,0 79.5418699529741,24.2580797610893,0 79.5418798829268,24.2580714584498,0</coordinates></LinearRing></innerBoundaryIs><innerBoundaryIs><LinearRing><coordinates>79.5421567620256,24.2580232585171,0 79.5421564633271,24.258023777591,0 79.542155388723,24.258025906057,0 79.5421544361351,24.2580280828152,0 79.5421536081342,24.258030301991,0 79.5421529069549,24.2580325575952,0 79.5421523344897,24.2580348435404,0 79.5421518922835,24.2580371536574,0 79.5421515815296,24.2580394817116,0 79.5421514030669,24.25804182142,0 79.542150916433,24.2580519919885,0 79.5421471462836,24.258058158117,0 79.5421243556374,24.2580880119678,0 79.5421229459448,24.2580899644356,0 79.5421216485587,24.2580919812833,0 79.5421204669686,24.2580940570862,0 79.5421194043527,24.2580961862608,0 79.5421184635692,24.2580983630803,0 79.5421176471484,24.2581005816898,0 79.5421169572864,24.2581028361217,0 79.5421163958386,24.2581051203123,0 79.5421159846003,24.2581073196323,0 79.5420991164557,24.2581087697008,0 79.5420990066861,24.2581073704895,0 79.5420986823906,24.2581049993362,0 79.5420982217012,24.2581026472365,0 79.5420976259086,24.2581003207802,0 79.5420968966821,24.2580980264853,0 79.5420960360647,24.2580957707798,0 79.5420950464677,24.2580935599836,0 79.5420939306636,24.2580914002906,0 79.5420926917785,24.2580892977517,0 79.5420913332836,24.2580872582576,0 79.5420898589849,24.2580852875223,0 79.5420882730129,24.2580833910673,0 79.5420865798111,24.2580815742059,0 79.5420690249267,24.2580637166667,0 79.5420938674914,24.2580581621818,0 79.542096326104,24.2580575502796,0 79.5420987469096,24.2580568226229,0 79.5421011234293,24.258055981159,0 79.5421034493024,24.2580550281402,0 79.5421057183041,24.258053966117,0 79.5421079243617,24.2580527979319,0 79.5421100615708,24.2580515267113,0 79.5421121242115,24.2580501558575,0 79.5421456242161,24.2580266558512,0 79.5421476179565,24.2580251803039,0 79.5421495252843,24.2580236116775,0 79.5421513410355,24.2580219542188,0 79.5421530602945,24.2580202124152,0 79.5421538448582,24.2580193292686,0 79.5421567620256,24.2580232585171,0</coordinates></LinearRing></innerBoundaryIs><innerBoundaryIs><LinearRing><coordinates>79.5418678232273,24.2592791564125,0 79.541857881451,24.2592816578916,0 79.541856703351,24.2592810264676,0 79.5418543529722,24.2592799173776,0 79.541851941065,24.2592789255143,0 79.5418494745793,24.2592780537357,0 79.5418469606223,24.2592773045538,0 79.5418411573742,24.2592757317112,0 79.5418377590904,24.2592740535465,0 79.5418750647085,24.2592741475156,0 79.5418776562631,24.2592740914899,0 79.5418784578862,24.2592740353627,0 79.5418678232273,24.2592791564125,0</coordinates></LinearRing></innerBoundaryIs></Polygon>
  </Placemark>
  
    </Document>
</kml>