<?xml version="1.0" encoding="UTF-8"?>
<kml xmlns="http://www.opengis.net/kml/2.2">
    <Document>
        <Placemark xmlns:ns0="http://www.opengis.net/kml/2.2">
	<Style><LineStyle><color>ff0000ff</color></LineStyle><PolyStyle><fill>0</fill></PolyStyle></Style>
	<ExtendedData><SchemaData schemaUrl="#Wave23_v27MAR2025">
		<SimpleData name="area(ha)">2.683654183965663</SimpleData>
		<SimpleData name="site_id">230009_1.1</SimpleData>
		<SimpleData name="Land_parc">230009</SimpleData>
		<SimpleData name="district">Chhatarpur</SimpleData>
		<SimpleData name="block">Bijawar</SimpleData>
		<SimpleData name="village">Ramnagar</SimpleData>
		<SimpleData name="Land Type">Community</SimpleData>
		<SimpleData name="Instance">Wave 2023</SimpleData>
	</SchemaData></ExtendedData>
      <Polygon><outerBoundaryIs><LinearRing><coordinates>79.6263895430684,24.6521110005729,0 79.6263460961307,24.6520463853761,0 79.6263462802216,24.6520446315799,0 79.6263463920808,24.6520422666921,0 79.6263463681601,24.6520398996967,0 79.6263462085253,24.6520375371006,0 79.6263459136151,24.6520351853986,0 79.6263454842403,24.6520328510556,0 79.6263449215813,24.6520305404888,0 79.6263442271849,24.6520282600499,0 79.6263434029599,24.652026016008,0 79.6263424511722,24.6520238145319,0 79.6263413744383,24.6520216616736,0 79.6263401757181,24.6520195633512,0 79.626338858307,24.6520175253333,0 79.6263374258264,24.6520155532222,0 79.6263358822145,24.6520136524394,0 79.6263342317146,24.6520118282101,0 79.626332478864,24.6520100855493,0 79.6263306284812,24.6520084292475,0 79.6263286856531,24.6520068638578,0 79.6262678616461,24.651960388554,0 79.6262458010242,24.6519260441935,0 79.6262444057282,24.6519239990451,0 79.6262428930006,24.6519220248616,0 79.6262412671525,24.6519201272692,0 79.6262395328173,24.6519183116759,0 79.6262376949378,24.6519165832559,0 79.6262357587517,24.6519149469349,0 79.6262337297768,24.6519134073763,0 79.6262331968118,24.6519130450756,0 79.6262347243803,24.6519115972231,0 79.6262363802406,24.6519098582485,0 79.6262379368163,24.651908044294,0 79.626239390049,24.6519061600891,0 79.6262407361497,24.6519042105463,0 79.6262419716089,24.6519022007487,0 79.6262430932054,24.6519001359362,0 79.6262440980149,24.6518980214923,0 79.6262449834176,24.65189586293,0 79.6262535470353,24.6518732445006,0 79.6262548407995,24.6518718547422,0 79.6262563956484,24.6518699976848,0 79.6262578432018,24.6518680695426,0 79.6262591795764,24.6518660754883,0 79.6262604011872,24.6518640208712,0 79.6262615047569,24.6518619112033,0 79.6262624873251,24.651859752144,0 79.6262633462559,24.6518575494856,0 79.6262640792449,24.6518553091369,0 79.626264684326,24.6518530371081,0 79.6262651598757,24.6518507394944,0 79.6262655046185,24.6518484224594,0 79.6262657176294,24.6518460922192,0 79.626265798337,24.6518437550248,0 79.6262657465248,24.6518414171463,0 79.6262655623319,24.6518390848555,0 79.6262652462523,24.6518367644091,0 79.626264799134,24.6518344620321,0 79.6262642221766,24.6518321839011,0 79.6262635169277,24.6518299361276,0 79.626242216906,24.6517681361332,0 79.6262413823881,24.6517659177145,0 79.6262404229113,24.6517637419068,0 79.6262393410664,24.6517616145845,0 79.6262381397741,24.6517595414913,0 79.6262368222778,24.6517575282242,0 79.6262353921348,24.6517555802191,0 79.6262338532063,24.6517537027353,0 79.6262322096473,24.6517519008419,0 79.6262304658952,24.6517501794039,0 79.6262286266581,24.651748543069,0 79.6262266969017,24.6517469962551,0 79.6262246818363,24.6517455431387,0 79.6262225869023,24.6517441876428,0 79.6262204177559,24.6517429334274,0 79.6262181802537,24.6517417838785,0 79.6262158804366,24.6517407421001,0 79.6262135245141,24.6517398109047,0 79.6262111188469,24.6517389928065,0 79.6262086699301,24.6517382900143,0 79.6262061843756,24.6517377044256,0 79.6262036688942,24.6517372376215,0 79.6262011302776,24.6517368908622,0 79.6261985753796,24.6517366650839,0 79.6261960110984,24.6517365608964,0 79.6261934443574,24.6517365785808,0 79.6261908820864,24.6517367180895,0 79.6261883312035,24.6517369790457,0 79.6261857985957,24.6517373607449,0 79.626183291101,24.6517378621565,0 79.6261808154894,24.6517384819268,0 79.6261783784448,24.6517392183824,0 79.626175986547,24.651740069535,0 79.6261736462539,24.6517410330866,0 79.6261713638843,24.6517421064355,0 79.6261691456002,24.6517432866839,0 79.6261669973908,24.6517445706452,0 79.6261649250563,24.6517459548528,0 79.6261629341916,24.6517474355695,0 79.6261610301719,24.6517490087973,0 79.6261592181381,24.6517506702888,0 79.6261575029824,24.6517524155581,0 79.6261558893355,24.651754239893,0 79.6261543815543,24.6517561383681,0 79.6261529837096,24.6517581058575,0 79.6261516995755,24.6517601370493,0 79.6261505326191,24.6517622264593,0 79.6261494859909,24.6517643684463,0 79.626148562517,24.6517665572272,0 79.6261477646905,24.6517687868924,0 79.6261470946656,24.6517710514219,0 79.6261465542512,24.6517733447018,0 79.626141430211,24.6517982113269,0 79.6261406586612,24.6517977801856,0 79.6261383881992,24.6517966560011,0 79.6261360565613,24.6517956417837,0 79.6261336701187,24.6517947403048,0 79.6261312353923,24.6517939540277,0 79.626128759035,24.651793285101,0 79.6261262478136,24.6517927353524,0 79.62612370859,24.6517923062842,0 79.6261211483025,24.6517919990689,0 79.6261185739473,24.6517918145458,0 79.6261185561855,24.6517918141238,0 79.6261193423414,24.6517913203416,0 79.6261214072258,24.6517898712975,0 79.6261233857125,24.6517883248459,0 79.6261252723064,24.6517866852819,0 79.6261270617675,24.6517849571592,0 79.626128749126,24.6517831452775,0 79.6261303296951,24.6517812546692,0 79.6261317990852,24.6517792905854,0 79.626133153215,24.651777258481,0 79.6261343883235,24.6517751640001,0 79.6261355009804,24.6517730129599,0 79.6261364880954,24.6517708113348,0 79.6261373469269,24.6517685652396,0 79.6261380750894,24.6517662809126,0 79.6261386705607,24.6517639646983,0 79.6261391316868,24.65176162303,0 79.6261436316767,24.6517347230281,0 79.6261439520625,24.6517324092173,0 79.6261441412756,24.6517300833727,0 79.6261441988109,24.6517277517013,0 79.626144124515,24.6517254204258,0 79.6261439185861,24.6517230957675,0 79.6261435815739,24.6517207839303,0 79.6261431143776,24.651718491084,0 79.6261425182441,24.6517162233473,0 79.6261417947643,24.6517139867723,0 79.6261409458691,24.6517117873278,0 79.6261399738238,24.6517096308833,0 79.6261388812226,24.6517075231939,0 79.6261376709813,24.6517054698844,0 79.6261363463297,24.6517034764344,0 79.6261349108029,24.6517015481639,0 79.626133368232,24.6516996902188,0 79.6261317227336,24.6516979075576,0 79.6261299786992,24.6516962049376,0 79.6261281407829,24.6516945869027,0 79.6261262138897,24.6516930577708,0 79.6261242031619,24.6516916216228,0 79.6261221139656,24.6516902822914,0 79.6261199518762,24.6516890433508,0 79.6261177226638,24.6516879081075,0 79.6261154322774,24.651686879591,0 79.6261130868294,24.6516859605462,0 79.6261106925791,24.6516851534257,0 79.6261082559162,24.6516844603835,0 79.6261057833434,24.6516838832692,0 79.6261032814592,24.6516834236228,0 79.6261007569404,24.6516830826711,0 79.6260982165243,24.651682861324,0 79.6260956669905,24.6516827601721,0 79.6260931151429,24.6516827794854,0 79.6260878560585,24.6516829435123,0 79.6260816935756,24.6516499608096,0 79.6260820959414,24.6516485031466,0 79.6260825934252,24.6516462034518,0 79.6260829596257,24.6516438832573,0 79.6260831935558,24.6516415488185,0 79.6260832945847,24.6516392064294,0 79.6260832624399,24.6516368624052,0 79.6260830972083,24.6516345230659,0 79.6260827993352,24.6516321947185,0 79.6260823696238,24.6516298836405,0 79.6260818092326,24.6516275960628,0 79.6260811196726,24.6516253381531,0 79.6260803028028,24.6516231159988,0 79.6260793608257,24.6516209355913,0 79.6260782962809,24.6516188028091,0 79.6260771120386,24.6516167234025,0 79.6260758112916,24.6516147029777,0 79.6260743975469,24.6516127469821,0 79.6260728746162,24.6516108606893,0 79.6260607746141,24.6515966606923,0 79.6260589894736,24.6515946841315,0 79.6260570844845,24.6515928033346,0 79.626055065786,24.6515910243627,0 79.6260529398835,24.6515893529488,0 79.6260513212951,24.6515882198708,0 79.6260533237382,24.6515855545007,0 79.6260547257564,24.6515835799205,0 79.6260560132587,24.6515815412401,0 79.6260571827453,24.6515794440015,0 79.6260582310369,24.6515772939057,0 79.626059155284,24.6515750967978,0 79.6260599529738,24.6515728586504,0 79.6260606219382,24.6515705855477,0 79.6260611603584,24.651568283669,0 79.6260615667708,24.6515659592718,0 79.6260618400707,24.6515636186748,0 79.6260619795152,24.6515612682407,0 79.6260619847251,24.651558914359,0 79.6260618556863,24.6515565634285,0 79.6260615927496,24.6515542218401,0 79.6260611966297,24.6515518959593,0 79.6260606684036,24.6515495921087,0 79.6260600095071,24.6515473165512,0 79.6260592217315,24.6515450754727,0 79.6260586188692,24.6515436248621,0 79.6258732638299,24.6515419300912,0 79.6258733535107,24.6515337382655,0 79.6258550897551,24.6514852415993,0 79.6258551386639,24.6514851573405,0 79.6258555026749,24.6514845179552,0 79.6258876026609,24.6514270179453,0 79.6258887277986,24.6514248636461,0 79.6258897267702,24.6514226580068,0 79.625890596783,24.6514204071938,0 79.6258913354047,24.6514181174999,0 79.6258919405701,24.6514157953263,0 79.6258924105876,24.6514134471654,0 79.6258927441429,24.651411079582,0 79.6258929403036,24.6514086991952,0 79.6258929985213,24.6514063126601,0 79.6258929186332,24.6514039266488,0 79.6258927008627,24.6514015478319,0 79.6258923458186,24.65139918286,0 79.6258918544935,24.6513968383451,0 79.6258912282611,24.6513945208417,0 79.6258904688721,24.651392236829,0 79.6258895784497,24.6513899926926,0 79.6258885594832,24.6513877947064,0 79.6258874148213,24.6513856490155,0 79.6258861476645,24.6513835616187,0 79.6258847615551,24.6513815383519,0 79.6258832603685,24.6513795848715,0 79.6258816483016,24.651377706639,0 79.6258799298613,24.6513759089054,0 79.625878109852,24.6513741966969,0 79.6258521098517,24.6513509967027,0 79.6258502604759,24.6513494287602,0 79.6258483259302,24.651347949145,0 79.6258463112595,24.6513465617154,0 79.6258442217174,24.6513452700896,0 79.6258420627529,24.6513440776358,0 79.6258398399961,24.6513429874636,0 79.6258379611391,24.651342175993,0 79.6258377779421,24.6513414871381,0 79.6258370322138,24.6513392119291,0 79.6258361565946,24.6513369757106,0 79.6258351535079,24.6513347846718,0 79.625825600112,24.6513153680574,0 79.6258300712018,24.6513059439559,0 79.6258590792348,24.6512784192797,0 79.625860824242,24.6512766742882,0 79.6258624669142,24.6512748482104,0 79.6258640027476,24.6512729460531,0 79.6258654275311,24.6512709730315,0 79.6258667373584,24.6512689345552,0 79.6258679286382,24.6512668362133,0 79.6258689981042,24.6512646837591,0 79.6258699428243,24.6512624830939,0 79.6258707602082,24.6512602402517,0 79.6258714480148,24.6512579613818,0 79.6258720043583,24.6512556527324,0 79.6258724277134,24.6512533206332,0 79.6258727169193,24.6512509714785,0 79.6258728711831,24.651248611709,0 79.6258728900818,24.6512462477947,0 79.6258727735636,24.651243886217,0 79.6258725219481,24.6512415334509,0 79.625872135925,24.651239195947,0 79.6258716165528,24.6512368801144,0 79.6258709652555,24.6512345923024,0 79.6258701838188,24.6512323387839,0 79.6258692743852,24.6512301257375,0 79.6258682394484,24.6512279592308,0 79.6258670818456,24.6512258452039,0 79.625865804751,24.6512237894531,0 79.625864411666,24.6512217976148,0 79.6258629064102,24.6512198751501,0 79.6258612931107,24.65121802733,0 79.6258595761907,24.6512162592209,0 79.6258587573375,24.6512155000208,0 79.6258595693887,24.6512156331045,0 79.6258621612209,24.651215929671,0 79.6258647665824,24.6512161006148,0 79.6258673781884,24.651216145458,0 79.625869988737,24.6512160640753,0 79.6258725909292,24.6512158566941,0 79.6258751774892,24.6512155238943,0 79.6258777411851,24.6512150666064,0 79.6258802748487,24.6512144861089,0 79.6258827713961,24.651213784025,0 79.6258852238469,24.6512129623177,0 79.625887625344,24.6512120232844,0 79.625889969173,24.6512109695506,0 79.6258922487806,24.6512098040626,0 79.6258944577928,24.6512085300791,0 79.6258965900335,24.6512071511621,0 79.6258986395409,24.651205671167,0 79.6259362737692,24.6511769855196,0 79.6259381004848,24.6511775227803,0 79.6259405948636,24.6511781270325,0 79.6259431203653,24.6511786114145,0 79.6259456700982,24.6511789746044,0 79.6259482371044,24.6511792156113,0 79.6259508143791,24.6511793337774,0 79.6259533948891,24.6511793287803,0 79.6259559715926,24.6511792006336,0 79.6259585374583,24.651178949687,0 79.6259610854843,24.6511785766253,0 79.6259636087173,24.6511780824665,0 79.6259661002719,24.6511774685592,0 79.625968553349,24.6511767365785,0 79.6259709612545,24.6511758885219,0 79.6259733174175,24.6511749267037,0 79.6259756154085,24.6511738537486,0 79.6259778489567,24.6511726725843,0 79.6259800119669,24.6511713864343,0 79.6259820985366,24.6511699988081,0 79.625984102972,24.6511685134924,0 79.6259860198032,24.6511669345404,0 79.6259878437995,24.6511652662608,0 79.6259895699834,24.6511635132062,0 79.6259911936446,24.6511616801603,0 79.6259927103522,24.6511597721252,0 79.6259941159674,24.6511577943077,0 79.6259954066545,24.6511557521049,0 79.6259965788914,24.6511536510897,0 79.6259976294793,24.6511514969955,0 79.6259985555512,24.6511492957004,0 79.6259993545801,24.6511470532115,0 79.6260000243856,24.6511447756482,0 79.6260005631398,24.6511424692255,0 79.6260009693726,24.6511401402374,0 79.6260012419754,24.6511377950394,0 79.6260013802044,24.651135440031,0 79.6260013836823,24.6511330816388,0 79.6260012523997,24.6511307262984,0 79.6260009867149,24.6511283804373,0 79.6260005873528,24.6511260504569,0 79.6260000554033,24.6511237427154,0 79.6259993923179,24.6511214635102,0 79.6259985999062,24.651119219061,0 79.6259976807466,24.6511170164896,0 79.6259980213818,24.6511167227816,0 79.6259997942454,24.6511150266623,0 79.6260014683252,24.6511132486783,0 79.6260030391021,24.651111393629,0 79.6260045023359,24.651109466522,0 79.6260058540768,24.6511074725595,0 79.6260070906758,24.6511054171239,0 79.6260082087947,24.6511033057639,0 79.6260092054154,24.6511011441788,0 79.6260100778474,24.6510989382038,0 79.6260154107083,24.6510842728218,0 79.6260263161652,24.6510573986362,0 79.6260271722919,24.6510551012979,0 79.6260278921027,24.6510527652333,0 79.6260284735176,24.6510503971931,0 79.6260289148565,24.6510480040202,0 79.626029214844,24.6510455926303,0 79.6260293726131,24.6510431699918,0 79.6260293877081,24.6510407431053,0 79.6260292600852,24.6510383189841,0 79.6260289901134,24.6510359046332,0 79.6260285785727,24.6510335070294,0 79.6260280266524,24.6510311331012,0 79.6260273359475,24.6510287897087,0 79.6260257359457,24.6510238897091,0 79.6260248813986,24.651021514734,0 79.6260238843115,24.6510191866329,0 79.626022747742,24.651016912545,0 79.6260214751754,24.6510146994442,0 79.6260200705144,24.651012554117,0 79.6260185380664,24.6510104831424,0 79.6260168825308,24.6510084928712,0 79.6260151089846,24.6510065894068,0 79.6260084089841,24.6509997894084,0 79.6260066082686,24.6509980563514,0 79.6260047097275,24.6509964128122,0 79.626002718681,24.6509948633967,0 79.6260006407088,24.6509934124468,0 79.6259984816341,24.6509920640287,0 79.6259962475075,24.6509908219212,0 79.6259939445899,24.650989689605,0 79.6259915793348,24.6509886702534,0 79.6259891583705,24.6509877667229,0 79.6259866884814,24.6509869815455,0 79.6259841765892,24.6509863169217,0 79.625981629733,24.6509857747139,0 79.6259790550502,24.6509853564416,0 79.6259764597557,24.6509850632769,0 79.6259738511227,24.6509848960415,0 79.6259712364615,24.6509848552038,0 79.6259686230992,24.6509849408785,0 79.6259660183596,24.6509851528254,0 79.625963429542,24.6509854904505,0 79.6259608639013,24.6509859528077,0 79.6259583286272,24.6509865386014,0 79.6259558308247,24.6509872461898,0 79.6259533774933,24.6509880735901,0 79.6259509755084,24.6509890184836,0 79.6259509204382,24.6509890433822,0 79.6259508773973,24.6509889947793,0 79.625949159705,24.6509872491155,0 79.6259473450418,24.6509855874187,0 79.6259338541522,24.6509738600474,0 79.6259323805437,24.6509722913678,0 79.6259309056757,24.6509707905344,0 79.6259087056744,24.6509491905396,0 79.6259069163254,24.6509475370388,0 79.6259050361848,24.6509459699427,0 79.6259030702414,24.6509444934093,0 79.6259010237117,24.6509431113567,0 79.6258989020262,24.6509418274521,0 79.6258967108146,24.6509406451023,0 79.6258944558914,24.6509395674446,0 79.6258921432397,24.6509385973384,0 79.6258899352629,24.6509377941992,0 79.6258908835486,24.6509360205521,0 79.6259076012433,24.6509046874021,0 79.6259090541715,24.6509016931444,0 79.6259147541677,24.6508886931425,0 79.6259156476807,24.6508864910714,0 79.6259164146828,24.6508842495132,0 79.6259170530984,24.6508819745342,0 79.6259175611998,24.6508796722911,0 79.6259179376119,24.6508773490142,0 79.6259181813161,24.650875010991,0 79.6259182916528,24.6508726645486,0 79.6259182683235,24.6508703160372,0 79.6259181113913,24.6508679718125,0 79.625917821281,24.6508656382184,0 79.6259173987775,24.6508633215703,0 79.6259168450244,24.6508610281375,0 79.6259161615202,24.6508587641267,0 79.6259153501147,24.6508565356649,0 79.6259144130037,24.6508543487827,0 79.6259133527233,24.6508522093985,0 79.6259127841921,24.6508512047986,0 79.625913367811,24.6508505284619,0 79.6259148472215,24.6508486181653,0 79.625916216326,24.6508466403688,0 79.6259174714452,24.6508446003874,0 79.6259186092063,24.6508425037029,0 79.6259196265518,24.6508403559499,0 79.6259205207477,24.6508381629001,0 79.6259212893912,24.6508359304466,0 79.6259219304166,24.650833664589,0 79.6259224421014,24.650831371416,0 79.6259228230705,24.6508290570903,0 79.6259230723,24.6508267278311,0 79.6259231891204,24.6508243898977,0 79.6259231732176,24.650822049573,0 79.6259230246344,24.650819713146,0 79.6259227437701,24.6508173868954,0 79.6259223313795,24.6508150770726,0 79.6259217885707,24.6508127898846,0 79.6259211168025,24.6508105314779,0 79.6259203178802,24.6508083079215,0 79.6259193939506,24.6508061251907,0 79.6259183474967,24.6508039891512,0 79.6259171813305,24.6508019055431,0 79.6258994813228,24.6507722055478,0 79.6258981452012,24.65077010069,0 79.6258966869284,24.6507680646844,0 79.6258951107408,24.650766103446,0 79.6258934212177,24.6507642226728,0 79.6258916232677,24.6507624278289,0 79.6258897221141,24.6507607241285,0 79.6258877232803,24.6507591165216,0 79.6258856325733,24.6507576096784,0 79.6258834560672,24.6507562079768,0 79.6258812000852,24.650754915489,0 79.6258788711816,24.65075373597,0 79.6258764761222,24.6507526728466,0 79.6258740218654,24.6507517292074,0 79.6258715155414,24.6507509077939,0 79.6258515559656,24.6507449160334,0 79.6258420858502,24.6507315063568,0 79.6258335916718,24.6507136770055,0 79.6258325279287,24.650711591124,0 79.6258313492659,24.6507095574923,0 79.625830058746,24.6507075813947,0 79.6258286597223,24.6507056679657,0 79.6258271558299,24.6507038221771,0 79.6258255509765,24.6507020488248,0 79.6258238493321,24.6507003525168,0 79.625822055318,24.6506987376604,0 79.6258201735959,24.6506972084519,0 79.625818209055,24.6506957688644,0 79.6258161667999,24.6506944226387,0 79.6258140521372,24.6506931732726,0 79.6258118705614,24.6506920240125,0 79.6258096277412,24.6506909778445,0 79.6258073295039,24.650690037487,0 79.6258049818214,24.6506892053832,0 79.6258025907938,24.6506884836954,0 79.6258001626336,24.6506878742987,0 79.625777162641,24.6506826743008,0 79.6257746248144,24.6506821648665,0 79.6257720611893,24.6506817780923,0 79.6257694788584,24.6506815150482,0 79.625766884966,24.650681376462,0 79.6257642866885,24.6506813627171,0 79.6257616912146,24.6506814738515,0 79.6257591057249,24.6506817095577,0 79.6257565373726,24.6506820691837,0 79.6257539932635,24.6506825517345,0 79.6257533532233,24.6506827056146,0 79.6257540081347,24.6506807448808,0 79.6257546333767,24.6506784481633,0 79.6257551260645,24.6506761246561,0 79.625755484844,24.6506737807447,0 79.6257557087293,24.6506714228704,0 79.625755797105,24.6506690575131,0 79.6257557497284,24.6506666911734,0 79.6257555667295,24.6506643303543,0 79.6257552486115,24.6506619815439,0 79.6257547962484,24.650659651197,0 79.6257542108835,24.650657345718,0 79.6257534941254,24.6506550714426,0 79.6257526479441,24.650652834621,0 79.6257516746649,24.6506506414005,0 79.6257505769626,24.6506484978083,0 79.6257493578539,24.6506464097355,0 79.6257480206891,24.6506443829205,0 79.625746569143,24.6506424229333,0 79.6257450072048,24.6506405351604,0 79.6257433391669,24.6506387247896,0 79.6257415696134,24.6506369967963,0 79.6257397034073,24.6506353559292,0 79.6257377456775,24.6506338066978,0 79.6257357018039,24.6506323533596,0 79.6257335774037,24.6506309999087,0 79.625731378315,24.6506297500646,0 79.6257291105814,24.6506286072621,0 79.6257267804349,24.6506275746418,0 79.6257243942793,24.6506266550416,0 79.6257219586721,24.6506258509887,0 79.6257194803069,24.6506251646928,0 79.6257169659945,24.6506245980398,0 79.625714422645,24.6506241525873,0 79.6257118572477,24.6506238295591,0 79.6257092768529,24.6506236298432,0 79.6257066885521,24.6506235539884,0 79.6257040994582,24.6506236022032,0 79.6257015166866,24.650623774355,0 79.6256989473353,24.6506240699707,0 79.6256963984653,24.650624488238,0 79.6256938770813,24.6506250280073,0 79.6256913901126,24.6506256877953,0 79.6256889443937,24.6506264657887,0 79.6256865466461,24.6506273598495,0 79.6256635180092,24.6506365973284,0 79.62566292276,24.6506347863898,0 79.6256620524551,24.6506325665738,0 79.6256610565204,24.6506303913149,0 79.6256599376729,24.6506282665472,0 79.6256586989647,24.6506261980669,0 79.625657343775,24.6506241915169,0 79.6256558758008,24.6506222523709,0 79.6256542990467,24.6506203859189,0 79.6256526178139,24.6506185972524,0 79.6256508366888,24.650616891251,0 79.6256489605304,24.6506152725685,0 79.6256469944566,24.6506137456207,0 79.6256449438309,24.6506123145729,0 79.6256428142474,24.6506109833292,0 79.6256406115154,24.650609755521,0 79.625638341644,24.6506086344978,0 79.6256360108253,24.6506076233176,0 79.6256336254177,24.6506067247391,0 79.6256311919285,24.6506059412134,0 79.6256287169962,24.650605274878,0 79.6256262073724,24.6506047275507,0 79.6256236699032,24.6506043007244,0 79.6256211115107,24.6506039955637,0 79.6256185391742,24.6506038129009,0 79.6256159599109,24.6506037532344,0 79.625613380757,24.6506038167269,0 79.6255645710819,24.6506061853096,0 79.62557405058,24.6505967702931,0 79.6255757305842,24.6505950126293,0 79.6255773089578,24.6505931779683,0 79.6255787814827,24.6505912712132,0 79.6255801442241,24.6505892974592,0 79.62558139354,24.6505872619811,0 79.625582526092,24.6505851702182,0 79.6255835388534,24.6505830277605,0 79.6255844291179,24.6505808403333,0 79.6255851945064,24.6505786137823,0 79.6255858329735,24.6505763540574,0 79.6255863428129,24.6505740671975,0 79.6255867226623,24.6505717593138,0 79.6255869715066,24.6505694365737,0 79.6255870886808,24.6505671051844,0 79.6255870738717,24.6505647713763,0 79.6255869271189,24.6505624413859,0 79.6255866488147,24.6505601214398,0 79.6255862397027,24.6505578177376,0 79.6255857008762,24.6505555364358,0 79.6255850337753,24.6505532836306,0 79.6255842401824,24.6505510653423,0 79.6255833222186,24.650548887499,0 79.6255822823369,24.6505467559205,0 79.6255811233161,24.6505446763032,0 79.6255798482536,24.6505426542045,0 79.6255784605568,24.6505406950281,0 79.6255769639341,24.6505388040096,0 79.625575362385,24.6505369862025,0 79.6255736601893,24.6505352464645,0 79.6255718618959,24.6505335894448,0 79.6255678618959,24.6505300894457,0 79.6255659555258,24.6505285063412,0 79.6255639614557,24.6505270162065,0 79.6255618851073,24.6505256230929,0 79.6255597321261,24.6505243307882,0 79.6255575083658,24.6505231428062,0 79.6255552198727,24.6505220623768,0 79.6255528728689,24.6505210924376,0 79.6255504737358,24.6505202356259,0 79.6255480289963,24.6505194942711,0 79.6255455452975,24.650518870389,0 79.6255430293925,24.6505183656759,0 79.6255404881216,24.650517981504,0 79.6255379283944,24.6505177189179,0 79.6255353571706,24.6505175786314,0 79.6255334589327,24.6505175656569,0 79.6255335168639,24.6505175483913,0 79.625535886542,24.6505167167984,0 79.6255382063508,24.6505157750539,0 79.6255404701649,24.6505147256443,0 79.625542672007,24.6505135713406,0 79.625544806063,24.6505123151907,0 79.6255468666981,24.6505109605115,0 79.6255488484712,24.6505095108799,0 79.6255507461496,24.6505079701235,0 79.6255525547224,24.6505063423108,0 79.6255542694144,24.6505046317399,0 79.6255558856977,24.6505028429275,0 79.6255573993048,24.6505009805969,0 79.625558806239,24.6504990496655,0 79.6255601027853,24.6504970552319,0 79.6255612855203,24.6504950025622,0 79.625562351321,24.6504928970766,0 79.6255632973731,24.6504907443344,0 79.6255641211788,24.6504885500199,0 79.6255648205628,24.6504863199272,0 79.6255653936783,24.6504840599445,0 79.6255658390121,24.6504817760395,0 79.6255661553883,24.6504794742426,0 79.6255695553763,24.650448274241,0 79.6255697456254,24.6504458895299,0 79.6255697974638,24.6504434989578,0 79.6255697107463,24.6504411092301,0 79.625569485716,24.6504387270499,0 79.6255691230042,24.6504363590989,0 79.6255687841353,24.6504347664061,0 79.6255706470371,24.6504335347966,0 79.625598347041,24.6504141347913,0 79.6256003693096,24.6504126396187,0 79.6256023026593,24.6504110492323,0 79.6256041417295,24.6504093680418,0 79.6256058814209,24.6504076007087,0 79.6256075169099,24.6504057521333,0 79.6256090436618,24.650403827441,0 79.6256104574433,24.6504018319686,0 79.6256117543344,24.6503997712489,0 79.6256129307393,24.6503976509957,0 79.6256139833961,24.6503954770879,0 79.625614909386,24.650393255553,0 79.6256157061417,24.6503909925507,0 79.6256163714539,24.6503886943557,0 79.6256169034779,24.6503863673401,0 79.6256173007387,24.6503840179562,0 79.6256175621346,24.6503816527182,0 79.625617686941,24.650379278184,0 79.6256176748117,24.6503769009376,0 79.6256175257805,24.6503745275704,0 79.6256172402606,24.6503721646631,0 79.6256168190436,24.6503698187673,0 79.6256162632974,24.6503674963876,0 79.625615574563,24.6503652039631,0 79.6256147547501,24.6503629478501,0 79.6256138061318,24.6503607343042,0 79.6256127313382,24.6503585694629,0 79.6256115333495,24.6503564593286,0 79.6256102154875,24.6503544097521,0 79.625608781406,24.6503524264163,0 79.6256072350815,24.6503505148205,0 79.6256055808014,24.6503486802648,0 79.6256038231526,24.6503469278361,0 79.6256019670085,24.6503452623932,0 79.6256000175157,24.6503436885539,0 79.6255979800795,24.6503422106821,0 79.6255958603492,24.6503408328754,0 79.6255936642021,24.6503395589542,0 79.6255913977275,24.6503383924505,0 79.6255890672098,24.6503373365989,0 79.6255866791107,24.6503363943267,0 79.6255842400517,24.6503355682468,0 79.6255817567956,24.6503348606495,0 79.6255792362279,24.6503342734969,0 79.6255766853371,24.6503338084168,0 79.6255745104827,24.6503335197044,0 79.6255731923515,24.6503315596785,0 79.6255717223019,24.6503296107079,0 79.6255701424974,24.6503277348371,0 79.6255684572812,24.6503259372231,0 79.6255666712863,24.650324222808,0 79.6255647894229,24.650322596305,0 79.6255628168644,24.6503210621859,0 79.6255607590341,24.6503196246681,0 79.6255586215891,24.6503182877038,0 79.6255564104059,24.6503170549685,0 79.6255541315635,24.6503159298513,0 79.6255517913269,24.6503149154454,0 79.6255493961299,24.6503140145396,0 79.6255469525573,24.6503132296107,0 79.6255457740504,24.650312913414,0 79.6255457333281,24.6503124283108,0 79.6255453843697,24.650310003164,0 79.6255448922091,24.6503075988492,0 79.6255442582911,24.6503052224243,0 79.6255434844764,24.650302880865,0 79.6255425730365,24.6503005810447,0 79.6255415266468,24.6502983297144,0 79.625540348379,24.6502961334826,0 79.6255298483741,24.6502778334854,0 79.6255285568718,24.6502757221164,0 79.6255271434899,24.6502736769964,0 79.6255256122858,24.6502717039963,0 79.6255239676551,24.6502698087798,0 79.625522214319,24.6502679967875,0 79.6255203573107,24.650266273221,0 79.6255184019611,24.6502646430281,0 79.6255163538834,24.6502631108885,0 79.6255142189568,24.6502616812006,0 79.6255120033101,24.6502603580684,0 79.6255097133036,24.6502591452902,0 79.6255073555113,24.6502580463475,0 79.6254770555184,24.6502448463521,0 79.6254747315895,24.6502439002732,0 79.6254723574479,24.6502430647956,0 79.6254699393905,24.6502423421352,0 79.625467483831,24.6502417342088,0 79.6254649972821,24.6502412426288,0 79.625462486339,24.650240868699,0 79.6254607535016,24.6502406937568,0 79.6254605652674,24.6502401281386,0 79.6254596765922,24.6502378893696,0 79.6254595042138,24.6502375175509,0 79.6254597401129,24.650237157079,0 79.6254609434651,24.6502350799749,0 79.6254620269115,24.6502329484513,0 79.6254629875159,24.6502307682851,0 79.625463822675,24.6502285453847,0 79.6254645301253,24.6502262857746,0 79.6254651079497,24.6502239955785,0 79.625465554582,24.6502216810033,0 79.6254658688118,24.6502193483216,0 79.6254660497877,24.6502170038555,0 79.6254660970191,24.6502146539586,0 79.625466010378,24.6502123049996,0 79.6254657900993,24.6502099633444,0 79.6254654367799,24.6502076353393,0 79.6254649513773,24.6502053272934,0 79.6254565513643,24.6501703272954,0 79.6254559247357,24.6501680107084,0 79.6254551650498,24.6501657276179,0 79.6254542744291,24.6501634844027,0 79.6254532553618,24.6501612873299,0 79.6254521106952,24.6501591425378,0 79.6254508436272,24.6501570560189,0 79.6254494576979,24.6501550336024,0 79.625447960746,24.6501530860993,0 79.6255141474266,24.6501151464485,0 79.6255162809284,24.6501138518639,0 79.6255183381533,24.6501124579672,0 79.6255203135726,24.6501109685049,0 79.6255222018769,24.6501093874798,0 79.6255239979913,24.6501077191413,0 79.6255256970885,24.6501059679731,0 79.6255272946021,24.6501041386817,0 79.6255287862385,24.6501022361835,0 79.6255301679889,24.6501002655917,0 79.6255314361396,24.6500982322025,0 79.6255325872823,24.6500961414807,0 79.6255336183233,24.6500939990455,0 79.6255345264914,24.6500918106548,0 79.625535309346,24.6500895821902,0 79.6255359647831,24.650087319641,0 79.625536491041,24.6500850290878,0 79.6255368867054,24.650082716687,0 79.6255371507129,24.6500803886532,0 79.6255372823541,24.6500780512433,0 79.625537281275,24.6500757107393,0 79.6255371474786,24.6500733734316,0 79.6255368813245,24.650071045602,0 79.6255364835281,24.6500687335067,0 79.6255359551584,24.6500664433597,0 79.6255352976355,24.650064181316,0 79.6255345127266,24.6500619534551,0 79.6255336025412,24.6500597657646,0 79.6255325695255,24.6500576241242,0 79.6255314164559,24.6500555342897,0 79.6255301464314,24.6500535018778,0 79.6255287628652,24.6500515323508,0 79.625527269476,24.6500496310019,0 79.6255256702772,24.6500478029413,0 79.6254776499169,24.6499957369315,0 79.6254711963125,24.6499761701736,0 79.6254703974226,24.6499739565082,0 79.6254694745825,24.6499717834781,0 79.6254684302521,24.6499696568761,0 79.6254672672156,24.649967582371,0 79.6254659885731,24.649965565493,0 79.6254645977334,24.6499636116186,0 79.6254630984039,24.6499617259562,0 79.6254614945815,24.6499599135327,0 79.6254597905417,24.6499581791794,0 79.6254579908268,24.6499565275197,0 79.6254561002346,24.6499549629565,0 79.6254541238049,24.6499534896605,0 79.6254520668063,24.6499521115592,0 79.6254499347222,24.6499508323261,0 79.6254477332363,24.6499496553715,0 79.6254454682171,24.6499485838327,0 79.6254431457026,24.6499476205663,0 79.625440771884,24.6499467681399,0 79.6254402845086,24.6499466191718,0 79.6254402927461,24.6499465946378,0 79.6254409276669,24.649944270546,0 79.625441426815,24.6499419189478,0 79.6254417887852,24.6499395464634,0 79.6254420125584,24.6499371597721,0 79.6254420975047,24.6499347655928,0 79.6254420433849,24.6499323706658,0 79.6254418503514,24.6499299817335,0 79.6254415189477,24.6499276055212,0 79.6254410501066,24.6499252487186,0 79.6254404451483,24.6499229179606,0 79.6254397057757,24.6499206198089,0 79.6254388340703,24.6499183607334,0 79.6254378324864,24.6499161470939,0 79.6254367038434,24.6499139851223,0 79.625435451319,24.6499118809051,0 79.6254347650704,24.64991086092,0 79.6254352331708,24.6499096672628,0 79.6254639478763,24.6499040451248,0 79.6254664718445,24.6499034871555,0 79.6254689602432,24.649902808739,0 79.625471406196,24.6499020117502,0 79.6254738029437,24.6499010983914,0 79.6254761438634,24.6499000711866,0 79.6254784224862,24.6498989329742,0 79.6254806325155,24.6498976868997,0 79.6254827678441,24.6498963364062,0 79.6254848225714,24.6498948852259,0 79.6254867910193,24.6498933373687,0 79.6254886677485,24.649891697112,0 79.6254904475727,24.6498899689883,0 79.6254921255738,24.6498881577732,0 79.6254936971146,24.6498862684717,0 79.6254951578527,24.6498843063046,0 79.6254965037514,24.6498822766941,0 79.6254977310914,24.6498801852487,0 79.6254988364812,24.6498780377478,0 79.6254998168663,24.6498758401258,0 79.6255006695375,24.6498735984555,0 79.6255013921385,24.6498713189315,0 79.6255019826726,24.6498690078528,0 79.6255024395079,24.6498666716059,0 79.6255027613819,24.6498643166466,0 79.6255029474054,24.6498619494825,0 79.6255029970641,24.649859576655,0 79.6255029102209,24.649857204721,0 79.6255026871158,24.6498548402351,0 79.6255023283653,24.6498524897312,0 79.6255018349608,24.6498501597045,0 79.6255012082658,24.6498478565938,0 79.6255004500119,24.6498455867634,0 79.6254995622947,24.6498433564856,0 79.625498547567,24.6498411719236,0 79.6254974086331,24.649839039114,0 79.6254961486402,24.6498369639506,0 79.6254947710701,24.6498349521677,0 79.6254932797296,24.6498330093247,0 79.6254916787398,24.6498311407903,0 79.6254899725247,24.649829351728,0 79.6254881657993,24.6498276470816,0 79.6254862635562,24.6498260315617,0 79.625484271052,24.6498245096324,0 79.6254821937926,24.6498230854994,0 79.6254800375185,24.6498217630982,0 79.6254593222847,24.6498097682606,0 79.6254615444957,24.6498075750973,0 79.6254632484936,24.6498058026326,0 79.6254648488442,24.6498039512274,0 79.6254663411766,24.6498020259382,0 79.6254677214147,24.6498000320235,0 79.6254689857888,24.6497979749292,0 79.6254701308457,24.6497958602739,0 79.6254711534577,24.649793693833,0 79.6254720508319,24.6497914815239,0 79.6254728205174,24.6497892293888,0 79.625473460412,24.649786943579,0 79.6254739687679,24.6497846303376,0 79.6254743441966,24.6497822959826,0 79.6254745856729,24.6497799468898,0 79.6254746925372,24.6497775894752,0 79.6254746644975,24.6497752301774,0 79.6254745016306,24.6497728754404,0 79.6254742043812,24.6497705316956,0 79.6254737735613,24.6497682053442,0 79.6254732103474,24.6497659027403,0 79.6254725162779,24.6497636301727,0 79.6254716932485,24.6497613938486,0 79.6254707435072,24.6497591998757,0 79.6254696696478,24.6497570542466,0 79.6254684746034,24.6497549628213,0 79.6254671616379,24.6497529313123,0 79.6254657343376,24.6497509652679,0 79.6254641966005,24.6497490700581,0 79.6254625526268,24.6497472508591,0 79.6254608069065,24.6497455126396,0 79.6254589642077,24.6497438601472,0 79.6254570295633,24.6497422978952,0 79.6254550082572,24.6497408301505,0 79.6254529058102,24.649739460922,0 79.6254507279646,24.6497381939493,0 79.6254484806687,24.649737032693,0 79.6254461700604,24.6497359803245,0 79.6254438024506,24.6497350397184,0 79.6254413843058,24.6497342134435,0 79.6254389222307,24.6497335037568,0 79.6254364229497,24.6497329125964,0 79.6254338932891,24.649732441577,0 79.625431340158,24.6497320919851,0 79.6254309752443,24.649732059719,0 79.625431012573,24.649731987361,0 79.6254319840677,24.6497298192002,0 79.6254328311821,24.6497276078974,0 79.6254329134811,24.6497273510469,0 79.6254348401683,24.6497272204505,0 79.6254374022248,24.6497269230864,0 79.6254399437748,24.6497265037499,0 79.6254424578711,24.6497259635871,0 79.6254449376419,24.6497253040746,0 79.6254473763088,24.6497245270149,0 79.625449767206,24.6497236345322,0 79.6254521037984,24.649722629066,0 79.6254543796989,24.6497215133646,0 79.6254565886868,24.6497202904776,0 79.6254587247239,24.6497189637477,0 79.6254607819717,24.6497175368013,0 79.6254627548069,24.6497160135389,0 79.6254646378369,24.6497143981242,0 79.6254664259147,24.6497126949726,0 79.6254708122789,24.6497082921183,0 79.6254709769694,24.6497084533796,0 79.6254728262636,24.649710085071,0 79.6254747659247,24.6497116266356,0 79.6254767907007,24.6497130738993,0 79.625478895109,24.6497144229433,0 79.6254810734514,24.6497156701148,0 79.6254833198297,24.6497168120367,0 79.6254856281612,24.649717845617,0 79.6254879921956,24.6497187680572,0 79.6254904055318,24.6497195768594,0 79.625492861635,24.6497202698336,0 79.6254953538549,24.6497208451036,0 79.6254978754432,24.6497213011115,0 79.6255394754573,24.6497278011144,0 79.6255420286868,24.6497281376041,0 79.6255445976549,24.6497283518191,0 79.6255471753561,24.6497284431752,0 79.6255497547607,24.6497284114233,0 79.6255523288345,24.64972825665,0 79.625554890558,24.6497279792773,0 79.6255574329451,24.6497275800617,0 79.6255599490626,24.6497270600918,0 79.6255624320489,24.6497264207857,0 79.6255648751327,24.6497256638868,0 79.6255672716517,24.6497247914591,0 79.6255696150703,24.6497238058818,0 79.6255718989979,24.6497227098427,0 79.6255741172062,24.6497215063308,0 79.6255762636459,24.6497201986279,0 79.6255783324635,24.6497187903005,0 79.6255803180174,24.649717285189,0 79.6255822148927,24.6497156873979,0 79.6255840179167,24.6497140012846,0 79.6255857221722,24.6497122314472,0 79.6255873230119,24.6497103827121,0 79.6255888160699,24.6497084601209,0 79.6255901972748,24.6497064689166,0 79.6255914628599,24.6497044145294,0 79.6255918294088,24.6497037813991,0 79.6256014703705,24.6496971270382,0 79.625603446788,24.6496956888933,0 79.6256053401711,24.6496941602804,0 79.6256071455676,24.6496925451976,0 79.6256317888222,24.6496693426221,0 79.6256327242142,24.6496690293329,0 79.6256549526569,24.6496699957866,0 79.625657622686,24.6496700458236,0 79.625660291772,24.6496699639107,0 79.6256629521138,24.6496697502874,0 79.6256724521172,24.6496687502872,0 79.6256750736987,24.6496684090356,0 79.6256776715049,24.6496679398831,0 79.6256802380708,24.6496673441779,0 79.6256827660211,24.6496666236317,0 79.6256852480916,24.6496657803151,0 79.6256876771497,24.6496648166516,0 79.6256900462152,24.6496637354101,0 79.6256923484806,24.6496625396979,0 79.62569457733,24.6496612329509,0 79.6256967263585,24.6496598189241,0 79.6256987893908,24.6496583016809,0 79.6257007604985,24.6496566855813,0 79.6257026340175,24.6496549752693,0 79.625704404564,24.6496531756595,0 79.6257060670503,24.6496512919234,0 79.6257076166989,24.6496493294741,0 79.6257090490569,24.6496472939508,0 79.6257103600081,24.6496451912028,0 79.6257115457856,24.6496430272725,0 79.6257202457812,24.6496260272697,0 79.6257212759715,24.6496238693524,0 79.6257221816716,24.6496216652861,0 79.6257229604184,24.6496194210648,0 79.6257236100941,24.6496171427918,0 79.6257241289318,24.649614836663,0 79.6257245155205,24.6496125089501,0 79.6257247688089,24.6496101659834,0 79.6257248881082,24.6496078141347,0 79.625724873094,24.6496054597999,0 79.625724723807,24.6496031093819,0 79.6257244406533,24.6496007692727,0 79.6257240244029,24.6495984458363,0 79.6257234761879,24.6495961453915,0 79.6257227974991,24.6495938741944,0 79.6257219901824,24.6495916384218,0 79.6257210564332,24.6495894441538,0 79.6257199987909,24.6495872973579,0 79.6257188201319,24.6495852038724,0 79.6257175236615,24.6495831693907,0 79.6257161129057,24.6495811994457,0 79.625714591701,24.6495792993946,0 79.6257129641844,24.6495774744049,0 79.6257112347821,24.6495757294396,0 79.6257094081973,24.6495740692443,0 79.6257074893973,24.6495724983339,0 79.6257054836007,24.6495710209807,0 79.6257033962621,24.6495696412023,0 79.6257012330582,24.6495683627512,0 79.625698999872,24.6495671891041,0 79.6256967027767,24.6495661234529,0 79.6256943480194,24.6495651686956,0 79.6256919420039,24.6495643274287,0 79.6256894912737,24.6495636019402,0 79.6256870024934,24.6495629942029,0 79.6256844824316,24.6495625058698,0 79.6256819379416,24.6495621382688,0 79.6256793759433,24.6495618923996,0 79.6256768034042,24.6495617689309,0 79.6256742273204,24.6495617681985,0 79.6256716546977,24.6495618902043,0 79.6256690925326,24.6495621346166,0 79.6256665477928,24.6495625007707,0 79.6256640273991,24.6495629876708,0 79.6256615382056,24.6495635939927,0 79.6256590869819,24.6495643180876,0 79.6256566803943,24.6495651579861,0 79.6256543249875,24.6495661114043,0 79.6256520271673,24.6495671757491,0 79.6256497931825,24.6495683481261,0 79.6256476291088,24.6495696253469,0 79.6256455408313,24.649571003938,0 79.6256435340293,24.6495724801504,0 79.6256417058524,24.6495739749955,0 79.625640646993,24.649574013548,0 79.62562902311,24.6495745633265,0 79.6256294978541,24.6495732174175,0 79.6256301638745,24.6495709223863,0 79.6256306969518,24.6495685985272,0 79.6256310956116,24.6495662522678,0 79.625631358751,24.6495638900979,0 79.6256314856424,24.6495615185511,0 79.6256314759347,24.649559144187,0 79.6256313296548,24.6495567735731,0 79.6256310472073,24.6495544132664,0 79.6256306293735,24.6495520697954,0 79.625630077309,24.6495497496421,0 79.6256293925409,24.6495474592239,0 79.6256285769633,24.6495452048761,0 79.6256276328319,24.6495429928342,0 79.6256265627583,24.6495408292165,0 79.6256253697022,24.6495387200076,0 79.6256240569636,24.6495366710414,0 79.6256226281735,24.6495346879853,0 79.6256210872839,24.6495327763244,0 79.6256194385568,24.6495309413463,0 79.6256176865526,24.6495291881264,0 79.6256158361172,24.6495275215142,0 79.6256138923689,24.6495259461193,0 79.6256118606841,24.6495244662993,0 79.6256097466822,24.6495230861473,0 79.6256075562106,24.6495218094808,0 79.625605295328,24.6495206398309,0 79.625602970288,24.649519580433,0 79.6256005875215,24.6495186342172,0 79.6255981536192,24.6495178038007,0 79.6255956753131,24.6495170914804,0 79.6255931594582,24.6495164992267,0 79.6255750594641,24.6495126992283,0 79.625572573454,24.6495122383774,0 79.6255700648366,24.6495118947674,0 79.6255675402269,24.6495116693041,0 79.625565006282,24.6495115625822,0 79.6255624696836,24.6495115748831,0 79.6255599371205,24.6495117061743,0 79.6255574152707,24.6495119561096,0 79.6255549107843,24.6495123240301,0 79.6255524302651,24.6495128089654,0 79.6255499802542,24.6495134096369,0 79.6255475672119,24.6495141244607,0 79.6255451975011,24.6495149515518,0 79.6255428773705,24.6495158887293,0 79.6255406129382,24.649516933522,0 79.6255384101751,24.6495180831749,0 79.6255201301817,24.6495282012526,0 79.6255186821018,24.6495285752104,0 79.6255163388301,24.6495292978978,0 79.62549797754,24.6495354327308,0 79.6254972532793,24.6495342270286,0 79.6254958659029,24.6495321835222,0 79.6254943614308,24.6495302104348,0 79.6254927441321,24.6495283133654,0 79.6254910185958,24.6495264976969,0 79.6254891897185,24.6495247685815,0 79.6254872626897,24.6495231309258,0 79.6254871676348,24.649523058375,0 79.6254876298246,24.6495213609789,0 79.6254881193934,24.6495190586579,0 79.6254884774758,24.6495167362072,0 79.6254887031056,24.6495143998946,0 79.6254887956738,24.6495120560255,0 79.6254887549305,24.6495097109258,0 79.6254885809858,24.6495073709244,0 79.625488274309,24.6495050423366,0 79.6254878357279,24.649502731447,0 79.6254872664262,24.6495004444923,0 79.6254865679403,24.6494981876446,0 79.6254857421552,24.6494959669949,0 79.6254847912998,24.6494937885362,0 79.6254837179403,24.6494916581481,0 79.6254825249733,24.64948958158,0 79.6254812156187,24.6494875644362,0 79.6254797934101,24.6494856121609,0 79.6254782621859,24.6494837300227,0 79.6254766260786,24.6494819231014,0 79.6254748895039,24.6494801962735,0 79.6254730571484,24.6494785541996,0 79.6254711339575,24.6494770013112,0 79.6254694045057,24.6494757447849,0 79.6254691424296,24.6494749243965,0 79.6254682950728,24.6494727075385,0 79.6254673227406,24.6494705339464,0 79.6254662280636,24.6494684095004,0 79.6254650140033,24.649466339948,0 79.6254636838441,24.6494643308882,0 79.6254622411848,24.6494623877561,0 79.6254606899282,24.6494605158088,0 79.6254590342711,24.6494587201105,0 79.6254572786926,24.6494570055194,0 79.6254554279424,24.649455376674,0 79.6254534870274,24.649453837981,0 79.6254514611984,24.6494523936032,0 79.6254493559362,24.649451047448,0 79.6254471769363,24.6494498031575,0 79.6254449300937,24.6494486640978,0 79.6254426214871,24.6494476333506,0 79.6254402573619,24.6494467137045,0 79.6254378441142,24.6494459076473,0 79.6254353882726,24.6494452173599,0 79.6254328964812,24.6494446447097,0 79.6254303754812,24.6494441912459,0 79.6254265088837,24.649443590752,0 79.6254229767761,24.6494381531673,0 79.6254216073671,24.6494361647584,0 79.6254201266269,24.6494342441525,0 79.6254185385658,24.6494323965513,0 79.6254168474846,24.6494306269586,0 79.6254150579635,24.649428940167,0 79.625413174849,24.6494273407449,0 79.625411203241,24.649425833024,0 79.6254091484794,24.6494244210876,0 79.625407016129,24.6494231087597,0 79.6254048119649,24.6494218995946,0 79.6254025419567,24.6494207968668,0 79.6254002122521,24.6494198035631,0 79.6253978291608,24.6494189223735,0 79.625395399137,24.6494181556846,0 79.6253929287617,24.6494175055728,0 79.6253904247256,24.6494169737988,0 79.6253878938104,24.6494165618029,0 79.6253853428705,24.6494162707007,0 79.6253827788146,24.6494161012808,0 79.625380208587,24.6494160540019,0 79.6253776391487,24.6494161289921,0 79.6253750774584,24.6494163260483,0 79.625372530454,24.6494166446368,0 79.6253700050336,24.6494170838948,0 79.6253675080366,24.6494176426327,0 79.6253650462259,24.6494183193371,0 79.6253626262687,24.6494191121754,0 79.6253602547189,24.6494200190004,0 79.6253579379994,24.649421037356,0 79.6253556823847,24.6494221644843,0 79.6253534939837,24.6494233973327,0 79.6253523872002,24.6494240959747,0 79.625351038116,24.6494237924878,0 79.6253484801777,24.6494233462268,0 79.6253459000618,24.6494230237846,0 79.6253433049387,24.6494228260574,0 79.6253407020204,24.6494227535945,0 79.6253380985408,24.6494228065975,0 79.6253355017349,24.6494229849189,0 79.6253329188197,24.6494232880633,0 79.6253303569733,24.6494237151881,0 79.6253278233151,24.6494242651065,0 79.6253272784022,24.6494244114931,0 79.625327230798,24.6494227431368,0 79.62532702847,24.6494203889025,0 79.6253266917262,24.6494180475578,0 79.6253262214881,24.6494157255086,0 79.6253256190422,24.6494134291082,0 79.6253248860367,24.6494111646393,0 79.6253240244773,24.6494089382977,0 79.6253141244696,24.6493853383004,0 79.6253131464066,24.6493831761118,0 79.6253120470937,24.6493810631359,0 79.6253108294832,24.6493790050473,0 79.6253094968453,24.6493770073737,0 79.625308052759,24.6493750754801,0 79.6253065011029,24.649373214555,0 79.6253048460441,24.6493714295963,0 79.6253030920277,24.649369725398,0 79.6253012437644,24.6493681065369,0 79.6252993062182,24.6493665773609,0 79.6252972845927,24.6493651419769,0 79.6252951843174,24.6493638042398,0 79.6252930110331,24.6493625677425,0 79.6252907705765,24.6493614358059,0 79.6252884689649,24.6493604114699,0 79.6252861123797,24.6493594974857,0 79.62528370715,24.6493586963079,0 79.6252812597355,24.6493580100883,0 79.6252787767093,24.6493574406698,0 79.62527626474,24.6493569895817,0 79.6252737305741,24.6493566580356,0 79.6252711810175,24.6493564469218,0 79.6252686229177,24.6493563568074,0 79.625266063145,24.6493563879343,0 79.625263508574,24.649356540219,0 79.6252609660657,24.6493568132525,0 79.6252584424485,24.6493572063014,0 79.6252559445,24.6493577183103,0 79.625253478929,24.6493583479039,0 79.6252510523573,24.6493590933914,0 79.6252486713021,24.6493599527705,0 79.625246342158,24.6493609237334,0 79.6252440711804,24.6493620036722,0 79.6252418644686,24.6493631896865,0 79.6252397279492,24.6493644785911,0 79.6252376673601,24.6493658669244,0 79.6252356882356,24.6493673509576,0 79.6252337958909,24.6493689267052,0 79.6252319954085,24.6493705899351,0 79.6252302916237,24.6493723361804,0 79.6252286891125,24.6493741607511,0 79.6252271921788,24.6493760587471,0 79.6252258048429,24.6493780250709,0 79.6252245308308,24.6493800544414,0 79.6252233735641,24.6493821414084,0 79.6252153247606,24.6493976396317,0 79.6252121957683,24.6493719124424,0 79.6252118382637,24.6493695453712,0 79.6252113442267,24.6493671989028,0 79.6252107150412,24.6493648796106,0 79.6252099524697,24.6493625939916,0 79.6252090586485,24.6493603484486,0 79.6252080360815,24.6493581492721,0 79.6252068876333,24.6493560026229,0 79.625205616521,24.6493539145144,0 79.6252042263056,24.649351890796,0 79.6252027208813,24.649349937137,0 79.6252011044655,24.6493480590101,0 79.6251993815864,24.6493462616767,0 79.6251975570702,24.6493445501717,0 79.6251956360281,24.6493429292896,0 79.6251936238415,24.649341403571,0 79.6251915261473,24.64933997729,0 79.6251893488218,24.6493386544421,0 79.6251870979645,24.6493374387331,0 79.6251847798808,24.6493363335685,0 79.6251824010644,24.6493353420442,0 79.6251799681792,24.649334466938,0 79.6251774880405,24.6493337107012,0 79.6251749675961,24.6493330754523,0 79.6251724139065,24.6493325629709,0 79.6251698341255,24.6493321746926,0 79.6251672354799,24.6493319117051,0 79.6251646252495,24.6493317747451,0 79.6251620107463,24.6493317641963,0 79.6251593992945,24.6493318800882,0 79.6251567982096,24.6493321220963,0 79.6251542147782,24.6493324895425,0 79.6251516562373,24.6493329813974,0 79.6251346562431,24.6493366813964,0 79.6251321674222,24.649337286148,0 79.6251297164682,24.649338008621,0 79.6251273100424,24.6493388468518,0 79.6251249546853,24.6493397985621,0 79.6251226567983,24.6493408611654,0 79.6251222336639,24.6493410828693,0 79.6251211993133,24.6493397336796,0 79.6251196049898,24.6493378700195,0 79.6251179060409,24.6493360852437,0 79.6251161071315,24.6493343842527,0 79.6251142132009,24.649332771717,0 79.6251122294492,24.649331252064,0 79.6251101613232,24.6493298294664,0 79.6251080145015,24.6493285078302,0 79.6251057948787,24.6493272907842,0 79.625103508549,24.6493261816701,0 79.6251011617903,24.6493251835332,0 79.6250987610459,24.649324299114,0 79.6250963129076,24.649323530841,0 79.6250938240974,24.6493228808235,0 79.6250931800776,24.649322745523,0 79.6250930765909,24.6493219570454,0 79.625092637336,24.6493196391402,0 79.6250920665726,24.6493173452924,0 79.6250913658504,24.64931508173,0 79.6250905370719,24.6493128545985,0 79.6250895824871,24.6493106699447,0 79.6250885046878,24.6493085336999,0 79.6250873066003,24.6493064516641,0 79.6250859914774,24.6493044294901,0 79.6250845628897,24.649302472668,0 79.6250830247158,24.6493005865109,0 79.6250813811321,24.6492987761395,0 79.6250796366007,24.6492970464691,0 79.6250777958581,24.6492954021957,0 79.6250758639021,24.6492938477837,0 79.625073845978,24.6492923874533,0 79.6250717475643,24.6492910251692,0 79.6250695743584,24.6492897646303,0 79.6250673322606,24.6492886092587,0 79.6250650273582,24.6492875621914,0 79.6250626659091,24.6492866262713,0 79.6250602543247,24.6492858040392,0 79.6250577991524,24.6492850977277,0 79.6250553070582,24.6492845092544,0 79.6250527848081,24.6492840402169,0 79.62505023925,24.6492836918888,0 79.6250476772952,24.6492834652157,0 79.6250451058996,24.6492833608131,0 79.6250425320444,24.6492833789644,0 79.6250399627177,24.6492835196204,0 79.6250374048953,24.6492837823991,0 79.6250348655218,24.6492841665871,0 79.6250323514916,24.6492846711414,0 79.6250168514969,24.6492881711404,0 79.62501436389,24.6492887962828,0 79.6250119153878,24.649289539272,0 79.6250095126689,24.6492903980813,0 79.6250071622872,24.6492913703681,0 79.625004870654,24.6492924534803,0 79.6250026440199,24.6492936444635,0 79.6250004884587,24.6492949400691,0 79.62499840985,24.649296336763,0 79.6249964138637,24.6492978307355,0 79.6249945059442,24.6492994179115,0 79.6249926912958,24.6493010939616,0 79.6249909748683,24.6493028543141,0 79.6249893613435,24.6493046941673,0 79.6249878551226,24.6493066085026,0 79.6249864603143,24.6493085920983,0 79.6249851807231,24.6493106395437,0 79.6249840198394,24.6493127452541,0 79.6249829808297,24.6493149034856,0 79.6249820665281,24.6493171083513,0 79.6249812794286,24.6493193538369,0 79.6249806216781,24.6493216338176,0 79.6249800950709,24.649323942074,0 79.6249797010432,24.6493262723101,0 79.62497944067,24.6493286181696,0 79.6249793146615,24.6493309732537,0 79.6249793233613,24.6493333311386,0 79.6249794667458,24.6493356853925,0 79.6249797444238,24.6493380295938,0 79.624980155638,24.6493403573482,0 79.6249806992666,24.6493426623062,0 79.6249813738269,24.6493449381807,0 79.6249821774788,24.6493471787638,0 79.6249831080302,24.6493493779437,0 79.6249841629429,24.6493515297219,0 79.6249853393394,24.6493536282288,0 79.624985456224,24.6493538123585,0 79.6249844561546,24.6493542118584,0 79.6249821791531,24.6493552522682,0 79.6249813606647,24.6493556757635,0 79.6249809161395,24.6493555234946,0 79.6249784425254,24.6493548090985,0 79.6249770649531,24.6493544828527,0 79.6249767238945,24.64935398749,0 79.6249752726292,24.6493521007747,0 79.6249737178348,24.6493502842551,0 79.6249720635687,24.6493485426718,0 79.6249697635686,24.6493462426724,0 79.6249679716006,24.6493445422066,0 79.6249660848189,24.6493429296802,0 79.6249641083831,24.649341409503,0 79.624962047698,24.649339985832,0 79.6249599083989,24.6493386625604,0 79.624957696336,24.6493374433069,0 79.6249554175582,24.6493363314056,0 79.6249530782973,24.6493353298972,0 79.6249506849503,24.6493344415205,0 79.6249482440621,24.6493336687047,0 79.6249457623074,24.6493330135633,0 79.6249432464732,24.6493324778879,0 79.624940703439,24.6493320631432,0 79.6249381401593,24.6493317704636,0 79.6249355636436,24.6493316006492,0 79.6249329809377,24.6493315541646,0 79.6249303991043,24.6493316311368,0 79.6248931991177,24.6493336311366,0 79.6248906269167,24.6493338311813,0 79.6248880696627,24.649334153763,0 79.6248855343396,24.6493345980006,0 79.6248830278713,24.6493351626809,0 79.6248805571031,24.6493358462619,0 79.6248781287826,24.6493366468766,0 79.6248757495415,24.6493375623386,0 79.6248734258775,24.6493385901477,0 79.6248711641367,24.649339727497,0 79.6248689704958,24.6493409712804,0 79.6248668509456,24.6493423181012,0 79.6248648112746,24.649343764281,0 79.6248628570533,24.6493453058705,0 79.6248609936186,24.6493469386595,0 79.6248592260596,24.6493486581888,0 79.6248575592033,24.6493504597625,0 79.6248559976022,24.6493523384605,0 79.6248545455208,24.6493542891519,0 79.6248532069249,24.6493563065095,0 79.6248519854701,24.6493583850239,0 79.6248508844923,24.6493605190185,0 79.6248499069982,24.6493627026656,0 79.6248490556574,24.6493649300014,0 79.6248483327949,24.6493671949432,0 79.6248477403849,24.6493694913054,0 79.6248472800452,24.6493718128166,0 79.624846953033,24.6493741531368,0 79.6248467602414,24.6493765058744,0 79.624846702197,24.6493788646043,0 79.6248467194532,24.6493793940632,0 79.6247337508468,24.6494072072732,0 79.6247312752483,24.6494078806882,0 79.6247288415481,24.6494086714457,0 79.6247264563999,24.6494095773837,0 79.6247241263247,24.6494105960254,0 79.6247218576931,24.6494117245857,0 79.6247196567076,24.6494129599792,0 79.6247175293856,24.6494142988282,0 79.6247154815434,24.6494157374724,0 79.6247135187798,24.6494172719783,0 79.624711646461,24.6494188981508,0 79.624709869706,24.6494206115437,0 79.6247081933725,24.6494224074726,0 79.6247066220436,24.6494242810274,0 79.6247051600154,24.6494262270857,0 79.6247038112851,24.649428240327,0 79.6247025795403,24.6494303152471,0 79.6247014681484,24.649432446173,0 79.6247004801481,24.6494346272787,0 79.6246996182406,24.6494368526011,0 79.6246988847824,24.6494391160561,0 79.6246982817788,24.6494414114552,0 79.6246978108784,24.6494437325229,0 79.6246974733688,24.6494460729133,0 79.6246972701725,24.6494484262277,0 79.6246972018453,24.6494507860321,0 79.6246972685739,24.6494531458746,0 79.6246974701759,24.6494554993035,0 79.6246978061,24.6494578398844,0 79.624698275428,24.6494601612182,0 79.6246988768767,24.6494624569581,0 79.6246996088016,24.6494647208276,0 79.6247004692017,24.6494669466372,0 79.6247014557246,24.6494691283016,0 79.6247025656732,24.6494712598558,0 79.6247037960128,24.6494733354724,0 79.6247051433797,24.6494753494764,0 79.6247066040902,24.6494772963614,0 79.6247081741505,24.6494791708048,0 79.6247098492682,24.6494809676816,0 79.6247116248634,24.6494826820792,0 79.6248060248609,24.6495691821009,0 79.6248079272934,24.6495708350641,0 79.6248099231136,24.6495723933341,0 79.6248120066859,24.6495738525108,0 79.6248141721269,24.6495752084739,0 79.624816413322,24.6495764573946,0 79.6248187239428,24.6495775957463,0 79.6248210974646,24.6495786203146,0 79.6248235271855,24.6495795282064,0 79.6248260062445,24.649580316858,0 79.6248285276415,24.6495809840427,0 79.6248310842568,24.6495815278763,0 79.6248336688713,24.6495819468234,0 79.6248362741868,24.6495822397009,0 79.6248388928466,24.6495824056818,0 79.6248415174564,24.6495824442975,0 79.6248423207064,24.6495824170875,0 79.6248423094896,24.6495835971699,0 79.624842423969,24.6495859733614,0 79.624842675217,24.6495883407451,0 79.6248430625362,24.6495906927501,0 79.6248435848517,24.6495930228484,0 79.6248442407136,24.6495953245725,0 79.6248450283017,24.6495975915339,0 79.6248459454299,24.6495998174406,0 79.6248469895527,24.6496019961144,0 79.6248481577721,24.6496041215082,0 79.6248494468455,24.6496061877229,0 79.6248508531953,24.6496081890236,0 79.6248523729178,24.6496101198555,0 79.6248540017951,24.6496119748595,0 79.6248557353061,24.649613748887,0 79.6248561709598,24.6496141500355,0 79.624854522283,24.6496146389754,0 79.6248520953919,24.6496154900929,0 79.624849720849,24.6496164567082,0 79.6248474052297,24.6496175361449,0 79.6248451549461,24.6496187254137,0 79.6248429762293,24.6496200212216,0 79.6248408751124,24.6496214199804,0 79.6248388574136,24.6496229178168,0 79.6248369287201,24.6496245105831,0 79.6248350943724,24.649626193869,0 79.6248333594501,24.6496279630131,0 79.6248317287573,24.6496298131168,0 79.6248263513473,24.6496362538552,0 79.6248241301231,24.6496361612301,0 79.624821486222,24.6496361804041,0 79.6248188472304,24.6496363288369,0 79.6248162207087,24.6496366061033,0 79.6248150605075,24.6496367574339,0 79.6247964127046,24.6496319492893,0 79.6247939337486,24.6496313730039,0 79.6247914254762,24.6496309147672,0 79.6247888946127,24.6496305758078,0 79.6247863479442,24.6496303570347,0 79.6247837922988,24.6496302590343,0 79.6247812345291,24.6496302820695,0 79.6247786814932,24.6496304260785,0 79.6247761400363,24.6496306906751,0 79.6247736169729,24.64963107515,0 79.624771119068,24.6496315784722,0 79.6247686530192,24.6496321992922,0 79.6247662254387,24.6496329359453,0 79.6247638428354,24.6496337864565,0 79.6247615115978,24.6496347485452,0 79.6247592379766,24.6496358196319,0 79.624757028068,24.6496369968446,0 79.6247548877974,24.6496382770269,0 79.6247528229034,24.6496396567463,0 79.6247508389226,24.6496411323034,0 79.6247489411746,24.6496426997418,0 79.6247471347478,24.6496443548588,0 79.6247454244858,24.6496460932164,0 79.6247451676968,24.6496463830991,0 79.6247443563212,24.6496460596571,0 79.6247419329366,24.6496452287898,0 79.6247394652608,24.6496445150718,0 79.6247369600684,24.6496439204626,0 79.6247185600744,24.6496400204642,0 79.6247160695304,24.6496395539544,0 79.6247135560233,24.6496392051695,0 79.6247110262107,24.6496389750334,0 79.6247084867932,24.6496388641556,0 79.6247059444972,24.6496388728299,0 79.6247034060564,24.6496390010332,0 79.6247008781944,24.649639248426,0 79.6246983676068,24.6496396143529,0 79.6246958809434,24.6496400978449,0 79.6246934247907,24.6496406976211,0 79.6246910056543,24.6496414120931,0 79.6246886299419,24.6496422393683,0 79.624686303946,24.6496431772555,0 79.6246861653527,24.6496432411159,0 79.6246733381633,24.6496325517904,0 79.6246375875124,24.6495998294407,0 79.6246300237737,24.6495854448397,0 79.6246288154216,24.6495832960552,0 79.6246274830272,24.6495812094243,0 79.6246260304062,24.6495791909224,0 79.6246244617185,24.6495772463299,0 79.6246227814563,24.6495753812155,0 79.6246209944314,24.6495736009203,0 79.6246191057612,24.6495719105426,0 79.6246171208544,24.649570314923,0 79.6246150453951,24.649568818631,0 79.624597745397,24.6495570186345,0 79.624595652719,24.6495556670534,0 79.6245934861682,24.6495544164702,0 79.6245912515745,24.6495532702502,0 79.624588954951,24.6495522314778,0 79.6245866024778,24.6495513029481,0 79.6245842004851,24.6495504871599,0 79.6245817554365,24.6495497863082,0 79.6245792739115,24.6495492022791,0 79.6245767625875,24.649548736644,0 79.6245742282223,24.6495483906561,0 79.6245716776357,24.6495481652462,0 79.6245691176911,24.649548061021,0 79.6245665552771,24.649548078261,0 79.6245639972889,24.6495482169196,0 79.6245614506098,24.6495484766239,0 79.6245589220928,24.6495488566749,0 79.6245564185417,24.6495493560501,0 79.6245539466936,24.6495499734055,0 79.6245515131999,24.64955070708,0 79.6245491246088,24.6495515550993,0 79.624546787348,24.6495525151815,0 79.6245445077068,24.6495535847431,0 79.6245422918195,24.6495547609059,0 79.6245401456488,24.649556040505,0 79.6245380749699,24.6495574200971,0 79.6245360853549,24.6495588959699,0 79.6245341821576,24.649560464152,0 79.6245323704993,24.6495621204234,0 79.6245306552552,24.6495638603273,0 79.6245290410406,24.6495656791817,0 79.6245275321995,24.6495675720924,0 79.6245261327919,24.6495695339655,0 79.6245248465835,24.649571559522,0 79.6245236770354,24.6495736433112,0 79.6245226272948,24.6495757797257,0 79.6245217001864,24.6495779630168,0 79.624520898205,24.6495801873092,0 79.6245202235087,24.6495824466178,0 79.6245196779131,24.6495847348628,0 79.6245192628862,24.6495870458868,0 79.6245189795449,24.649589373471,0 79.6245188286517,24.6495917113521,0 79.6245188106126,24.649594053239,0 79.6245189254762,24.64959639283,0 79.6245191729333,24.6495987238293,0 79.6245195523181,24.6496010399646,0 79.6245200626097,24.6496033350031,0 79.624520702435,24.6496056027693,0 79.6245214700722,24.6496078371606,0 79.6245439700518,24.6496678371666,0 79.6245449203312,24.6496701610098,0 79.6245460088443,24.6496724336385,0 79.6245472323044,24.6496746481904,0 79.6245485870172,24.6496767979785,0 79.6245500688921,24.6496788765115,0 79.6245516734546,24.6496808775132,0 79.6245537670803,24.6496833433401,0 79.6245666447108,24.6497048187008,0 79.6245558926499,24.649713268613,0 79.6245539919704,24.6497148425949,0 79.6245521832436,24.6497165046188,0 79.6245504713457,24.649718250204,0 79.6245488608918,24.6497200746445,0 79.6245473562237,24.6497219730218,0 79.6245459613979,24.649723940218,0 79.6245446801746,24.6497259709297,0 79.6245435160079,24.6497280596822,0 79.6245424720364,24.6497302008444,0 79.6245415510746,24.6497323886439,0 79.6245407556053,24.6497346171825,0 79.624540087773,24.6497368804523,0 79.6245395493781,24.6497391723516,0 79.6245391418722,24.6497414867017,0 79.624538926895,24.649743305157,0 79.6245069836427,24.649736901604,0 79.6245045494967,24.6497364718469,0 79.6245020948244,24.6497361542442,0 79.6244996258083,24.6497359495958,0 79.6244971486674,24.6497358584174,0 79.6244946696407,24.6497358809384,0 79.6244921949723,24.6497360171022,0 79.6244897308953,24.6497362665658,0 79.6244872836159,24.6497366287009,0 79.6244848592983,24.6497371025953,0 79.6244824640485,24.6497376870555,0 79.6244504640589,24.649746287053,0 79.6244479898364,24.6497470171822,0 79.6244455610745,24.6497478652774,0 79.6244431845015,24.6497488289892,0 79.6244408667013,24.649749905648,0 79.6244386140947,24.649751092271,0 79.6244364329222,24.6497523855711,0 79.6244343292261,24.6497537819653,0 79.6244323088342,24.6497552775853,0 79.6244303773436,24.6497568682878,0 79.6244285401052,24.6497585496662,0 79.6244268022084,24.6497603170626,0 79.6244251684678,24.6497621655807,0 79.6244236434092,24.6497640900998,0 79.6244222312576,24.6497660852883,0 79.624420935925,24.649768145619,0 79.6244197609997,24.6497702653843,0 79.6244187097368,24.6497724387118,0 79.6244177850483,24.6497746595808,0 79.6244169894962,24.6497769218389,0 79.6244163252841,24.649779219219,0 79.6244157942522,24.6497815453567,0 79.6244153978715,24.6497838938081,0 79.6244151372403,24.6497862580672,0 79.6244150130805,24.6497886315844,0 79.624415025736,24.6497910077844,0 79.6244151751718,24.6497933800844,0 79.624415460974,24.6497957419126,0 79.6244158823508,24.6497980867261,0 79.6244164381349,24.649800408029,0 79.6244171267866,24.6498026993907,0 79.6244179463981,24.6498049544635,0 79.624418894699,24.6498071670002,0 79.6244199690622,24.6498093308715,0 79.6244211665113,24.6498114400828,0 79.6244615664941,24.6498782400935,0 79.6244628892156,24.6498802968639,0 79.6244643289718,24.6498822869031,0 79.624465881742,24.6498842046539,0 79.6244675431902,24.6498860447611,0 79.624469308677,24.6498878020862,0 79.6244711732723,24.6498894717221,0 79.6244731317692,24.6498910490062,0 79.6244751786986,24.649892529534,0 79.6244773083447,24.6498939091713,0 79.6244795147604,24.6498951840654,0 79.6244817917843,24.6498963506563,0 79.6244828412207,24.6498968235556,0 79.6244729842022,24.6499049180588,0 79.6244710735727,24.6499065732412,0 79.624469262138,24.649908319099,0 79.6244675550428,24.6499101506739,0 79.6244659571355,24.649912062764,0 79.6244644729542,24.6499140499388,0 79.6244631067142,24.6499161065544,0 79.6244618622958,24.6499182267699,0 79.6244607432333,24.6499204045636,0 79.6244597527049,24.6499226337503,0 79.6244588935239,24.6499249079989,0 79.624458342358,24.6499266653414,0 79.6244561421001,24.6499268398984,0 79.6244535825996,24.6499271669501,0 79.6244510453174,24.6499276158938,0 79.6244485371982,24.6499281855008,0 79.6244460651071,24.6499288742119,0 79.6244436358105,24.6499296801423,0 79.6244412559576,24.6499306010858,0 79.6244389320624,24.6499316345217,0 79.6244366704856,24.6499327776215,0 79.6244344774175,24.6499340272564,0 79.6244323588606,24.6499353800059,0 79.6244303206138,24.6499368321674,0 79.624428368256,24.6499383797662,0 79.6244265071309,24.6499400185664,0 79.6244247423328,24.6499417440823,0 79.624423078692,24.649943551591,0 79.6244215207621,24.6499454361452,0 79.6244200728074,24.6499473925866,0 79.6244187387911,24.6499494155602,0 79.6244175223646,24.6499514995289,0 79.6244164268573,24.6499536387887,0 79.6244154552678,24.6499558274841,0 79.6244146102555,24.6499580596244,0 79.6244138941332,24.6499603291001,0 79.6244133088612,24.6499626296992,0 79.6244128560412,24.6499649551248,0 79.6244125369128,24.649967299012,0 79.6244123523495,24.6499696549451,0 79.6244123028564,24.6499720164759,0 79.6244123885691,24.6499743771404,0 79.6244126092528,24.6499767304774,0 79.6244129643037,24.6499790700453,0 79.6244134527499,24.6499813894406,0 79.6244140732544,24.6499836823148,0 79.6244190732484,24.6500002823161,0 79.6244197973578,24.6500024686278,0 79.6244200663922,24.6500031538296,0 79.6244191347964,24.6500051631448,0 79.6244182634225,24.6500073499726,0 79.6244175165129,24.6500095749345,0 79.6244168960525,24.6500118321177,0 79.6244164036902,24.6500141155241,0 79.6244160407343,24.6500164190856,0 79.6244158081494,24.6500187366807,0 79.6244157065536,24.6500210621506,0 79.6244157362169,24.6500233893156,0 79.6244158970604,24.6500257119914,0 79.6244161886567,24.6500280240056,0 79.624416610231,24.6500303192144,0 79.6244171606629,24.6500325915183,0 79.6244225176297,24.6500522862778,0 79.6244226017728,24.6500813195885,0 79.6244226582904,24.6500833623148,0 79.6244228158866,24.6500854006115,0 79.6244278158674,24.6501343006123,0 79.6244281151349,24.6501365930283,0 79.6244285422364,24.650138868465,0 79.6244290960552,24.6501411209722,0 79.6244297751429,24.6501433446595,0 79.6244305777239,24.650145533712,0 79.6244315016993,24.6501476824053,0 79.6244325446529,24.6501497851206,0 79.6244337038574,24.6501518363593,0 79.6244349762816,24.6501538307573,0 79.6244363585979,24.6501557630993,0 79.6244378471918,24.6501576283322,0 79.6244394381704,24.6501594215785,0 79.6244411273734,24.6501611381487,0 79.6244429103834,24.6501627735541,0 79.624444782538,24.650164323518,0 79.6244467389415,24.6501657839873,0 79.6244587389426,24.6501742839897,0 79.624459809225,24.6501750017209,0 79.6244589114934,24.6501759315999,0 79.6244572961144,24.6501777938304,0 79.624455790192,24.6501797311662,0 79.6244543978989,24.6501817382394,0 79.6244531230928,24.6501838094889,0 79.6244519693059,24.6501859391756,0 79.6244509397352,24.6501881213987,0 79.6244500372333,24.6501903501117,0 79.624433237219,24.6502354501059,0 79.6244324784295,24.6502376734978,0 79.6244318461102,24.6502399296944,0 79.6244313419439,24.6502422126914,0 79.6244309672722,24.650244516413,0 79.6244307230925,24.6502468347281,0 79.6244306100544,24.6502491614671,0 79.6244306284589,24.6502514904377,0 79.6244307782569,24.6502538154418,0 79.6244310590499,24.6502561302918,0 79.6244314700905,24.6502584288271,0 79.6244320102848,24.6502607049307,0 79.6244326781953,24.650262952545,0 79.6244334720443,24.6502651656884,0 79.6244343897192,24.650267338471,0 79.6244354287779,24.6502694651104,0 79.6244365864549,24.6502715399469,0 79.6244378596695,24.6502735574587,0 79.6244392450331,24.6502755122765,0 79.6244407388588,24.6502773991979,0 79.6244423371711,24.6502792132012,0 79.6244440357165,24.6502809494588,0 79.6244458299744,24.6502826033499,0 79.6244477151698,24.650284170473,0 79.6244496862857,24.6502856466575,0 79.6244517380761,24.6502870279747,0 79.6244538650807,24.6502883107485,0 79.6245154650911,24.6503234107596,0 79.6245176704271,24.6503245960179,0 79.6245199399497,24.6503256753356,0 79.6245222675713,24.6503266458176,0 79.6245246470487,24.6503275048608,0 79.6245270719991,24.6503282501608,0 79.6245295359182,24.6503288797187,0 79.624532032197,24.6503293918457,0 79.6245329718933,24.6503295384008,0 79.6245329445339,24.6503296358477,0 79.6245324310287,24.6503319696826,0 79.6245320528412,24.6503343250106,0 79.624531811023,24.6503366952832,0 79.6245317062464,24.6503390739099,0 79.6245317388026,24.6503414542775,0 79.6245319086012,24.6503438297675,0 79.6245322151702,24.6503461937753,0 79.6245326576571,24.6503485397279,0 79.6245332348317,24.6503508611029,0 79.6245339450892,24.650353151446,0 79.6245347864548,24.650355404389,0 79.6245357565893,24.650357613668,0 79.6245368527953,24.6503597731404,0 79.6245380720249,24.6503618768021,0 79.6245394108884,24.6503639188041,0 79.624540865663,24.6503658934688,0 79.6245424323041,24.650367795306,0 79.6245441064557,24.6503696190278,0 79.6245458834632,24.6503713595637,0 79.6245477583857,24.6503730120742,0 79.6245497260104,24.6503745719649,0 79.6245517808664,24.6503760348985,0 79.6245539172405,24.6503773968077,0 79.6245561291929,24.6503786539058,0 79.6245584105734,24.6503798026976,0 79.6245607550389,24.650380839989,0 79.6245631560711,24.6503817628959,0 79.624565606994,24.6503825688524,0 79.6245681009933,24.6503832556177,0 79.6245706311347,24.6503838212821,0 79.6245731903834,24.650384264273,0 79.6245757716239,24.6503845833586,0 79.6245783676792,24.6503847776519,0 79.6245809713314,24.6503848466126,0 79.6245835753413,24.6503847900489,0 79.6245861724689,24.6503846081182,0 79.6245887554931,24.6503843013263,0 79.6245913172322,24.6503838705261,0 79.6245938505635,24.6503833169154,0 79.6245963484436,24.6503826420335,0 79.6245988039273,24.6503818477569,0 79.6245992448554,24.6503816807385,0 79.6245992968065,24.6503830034062,0 79.6245995257435,24.6503853644175,0 79.6245998899482,24.6503877111937,0 79.6246003884166,24.6503900372662,0 79.6246010197749,24.6503923362234,0 79.6246017822827,24.6503946017284,0 79.6246019016478,24.6503948997287,0 79.6246003889411,24.6504013791441,0 79.6245999098004,24.6504037365992,0 79.6245995682848,24.6504061139783,0 79.6245993653579,24.6504085045757,0 79.6245993015919,24.6504109016478,0 79.6245993771668,24.6504132984333,0 79.6245995918694,24.6504156881713,0 79.624599945094,24.650418064121,0 79.6246004358445,24.6504204195804,0 79.6246010627363,24.6504227479054,0 79.6246016762023,24.6504245970292,0 79.6246001088996,24.6504245536381,0 79.6245975357103,24.6504246049735,0 79.6245949689394,24.6504247787284,0 79.6245924155548,24.6504250744312,0 79.6245898824883,24.650425491279,0 79.6245873766162,24.6504260281402,0 79.6245849047414,24.6504266835576,0 79.6245824735743,24.6504274557516,0 79.6245800897146,24.6504283426262,0 79.6245777596339,24.6504293417737,0 79.6245754896576,24.6504304504818,0 79.6245732859481,24.6504316657405,0 79.6245711544878,24.6504329842509,0 79.6245691010628,24.6504344024336,0 79.6245671312478,24.6504359164386,0 79.62456525039,24.650437522156,0 79.6245634635956,24.6504392152265,0 79.624561775715,24.6504409910541,0 79.6245601913305,24.650442844818,0 79.6245587147431,24.6504447714856,0 79.6245573499613,24.6504467658268,0 79.6245561006901,24.6504488224274,0 79.624554970321,24.6504509357043,0 79.6245539619224,24.6504530999208,0 79.6245530782321,24.6504553092015,0 79.6245523216487,24.650457557549,0 79.6245516942265,24.6504598388596,0 79.6245511976684,24.6504621469403,0 79.6245508333227,24.6504644755253,0 79.6245506021784,24.6504668182933,0 79.6245505048629,24.6504691688842,0 79.6245505416405,24.650471520917,0 79.6245507124113,24.6504738680065,0 79.6245510167118,24.6504762037812,0 79.6245514537159,24.6504785219001,0 79.6245520222372,24.6504808160701,0 79.6245527207324,24.6504830800634,0 79.6245535473053,24.6504853077338,0 79.624554499712,24.6504874930338,0 79.624555575367,24.6504896300311,0 79.6245567713502,24.6504917129243,0 79.6245580844149,24.650493736059,0 79.6245595109965,24.650495693943,0 79.6245610472223,24.6504975812611,0 79.6245626889219,24.65049939289,0 79.6245644316385,24.6505011239115,0 79.6245662706412,24.6505027696264,0 79.6245682009377,24.6505043255671,0 79.6245702172878,24.6505057875098,0 79.6245748899962,24.6505089977683,0 79.6245984082752,24.6505478190572,0 79.6246057197616,24.6505613878277,0 79.6246046980208,24.6505626532615,0 79.6246032738451,24.6505646253183,0 79.6246019645143,24.6505666627731,0 79.6246007736148,24.6505687600447,0 79.6245997044087,24.6505709113884,0 79.6245987598248,24.6505731109112,0 79.6245979424507,24.650575352588,0 79.6245972545252,24.6505776302784,0 79.6245966979327,24.6505799377433,0 79.6245962741979,24.6505822686622,0 79.6245959844814,24.6505846166501,0 79.6245958295769,24.6505869752753,0 79.6245958099088,24.6505893380771,0 79.6245959255308,24.6505916985833,0 79.6245961761262,24.6505940503278,0 79.6245965610088,24.6505963868688,0 79.6245970791241,24.650598701806,0 79.6245977290529,24.6506009887983,0 79.6245985090151,24.650603241581,0 79.624599416874,24.6506054539834,0 79.6246004501429,24.6506076199452,0 79.6246016059914,24.6506097335332,0 79.6246028812534,24.6506117889581,0 79.6246042724357,24.6506137805894,0 79.6246057757276,24.6506157029717,0 79.6246073870112,24.6506175508391,0 79.6246091018728,24.65061931913,0 79.6246109156151,24.6506210030007,0 79.6246128232699,24.6506225978385,0 79.6246273232705,24.6506340978416,0 79.6246293477879,24.6506356193466,0 79.6246314577592,24.6506370405686,0 79.6246326517476,24.6506377587323,0 79.6246250244646,24.6506457746605,0 79.6246233817219,24.6506475950815,0 79.624621845295,24.6506494914592,0 79.6246204193809,24.6506514586131,0 79.6246191078751,24.6506534911693,0 79.6246179143601,24.6506555835755,0 79.6246168420965,24.6506577301155,0 79.6246158940134,24.6506599249257,0 79.6246150727008,24.6506621620102,0 79.6246143804022,24.6506644352579,0 79.624613819009,24.6506667384588,0 79.6246133900547,24.650669065321,0 79.6246130947111,24.6506714094881,0 79.6246129337851,24.6506737645564,0 79.6246129077162,24.6506761240924,0 79.6246130165757,24.6506784816504,0 79.6246132600662,24.65068083079,0 79.6246136375226,24.650683165094,0 79.6246141479138,24.6506854781855,0 79.6246147898454,24.6506877637458,0 79.6246155615639,24.6506900155311,0 79.6246164609611,24.6506922273902,0 79.6246174855801,24.6506943932808,0 79.6246186326219,24.650696507286,0 79.624619898953,24.6506985636311,0 79.6246212811141,24.6507005566984,0 79.6246227753295,24.6507024810433,0 79.6246243775172,24.6507043314091,0 79.6246260833006,24.6507061027409,0 79.6246278880197,24.6507077901999,0 79.6246297867446,24.6507093891762,0 79.6246317742882,24.6507108953019,0 79.6246338452212,24.6507123044626,0 79.6246359938862,24.6507136128087,0 79.6246382144135,24.6507148167661,0 79.6246405007372,24.650715913046,0 79.6246583007413,24.6507239130488,0 79.6246606974955,24.6507249185469,0 79.6246631495485,24.6507258057135,0 79.6246656499118,24.6507265720202,0 79.6246681914592,24.6507272152828,0 79.624670766947,24.650727733668,0 79.6246733690349,24.6507281256983,0 79.6246759903066,24.6507283902565,0 79.6246786232913,24.6507285265885,0 79.6246812604847,24.6507285343057,0 79.6246838943707,24.6507284133862,0 79.6246865174424,24.6507281641745,0 79.6246891222238,24.6507277873811,0 79.6246917012911,24.6507272840797,0 79.6246940463599,24.650726705297,0 79.6246940647351,24.6507267376734,0 79.6246953854022,24.6507287916962,0 79.6246968227886,24.6507307791879,0 79.6246983728915,24.6507326946142,0 79.6247000313946,24.650734532641,0 79.6247017936792,24.65073628815,0 79.624703654838,24.6507379562528,0 79.6247056096884,24.6507395323041,0 79.6247076527865,24.6507410119151,0 79.624709778443,24.6507423909655,0 79.6247119807386,24.6507436656152,0 79.6247124633788,24.6507439133693,0 79.6247103937536,24.6507543459454,0 79.6247100001789,24.6507566745301,0 79.6247097400689,24.6507590187097,0 79.6247096141319,24.6507613720993,0 79.6247096227112,24.6507637282887,0 79.6247097657834,24.6507660808601,0 79.6247100429586,24.6507684234057,0 79.6247104534821,24.6507707495449,0 79.6247109962356,24.6507730529417,0 79.6247116697408,24.6507753273224,0 79.6247124721632,24.6507775664919,0 79.6247134013172,24.6507797643512,0 79.6247144546719,24.6507819149139,0 79.6247156293584,24.6507840123222,0 79.624716922177,24.6507860508634,0 79.6247183296064,24.6507880249849,0 79.624719847813,24.6507899293096,0 79.6247214726616,24.6507917586505,0 79.6247231997264,24.6507935080249,0 79.6247250243034,24.6507951726679,0 79.6247269414227,24.6507967480454,0 79.6247289458626,24.6507982298664,0 79.6247310321634,24.6507996140947,0 79.6247331946425,24.65080089696,0 79.6247354274097,24.6508020749681,0 79.6247377243836,24.6508031449103,0 79.6247400793075,24.6508041038723,0 79.6247424857674,24.6508049492422,0 79.6247449372083,24.6508056787172,0 79.6247474269533,24.6508062903106,0 79.6247499482208,24.6508067823564,0 79.6247524941433,24.6508071535144,0 79.6247550577863,24.6508074027737,0 79.6247576321671,24.6508075294554,0 79.6247602102736,24.6508075332143,0 79.6247627850836,24.6508074140402,0 79.6247653495838,24.6508071722578,0 79.6247678967891,24.6508068085256,0 79.6247704197615,24.6508063238344,0 79.624772911629,24.6508057195042,0 79.6247753656043,24.6508049971813,0 79.6247777750032,24.650804158833,0 79.6247801332631,24.6508032067428,0 79.6247824339606,24.650802143504,0 79.6247846708291,24.6508009720127,0 79.6247868377758,24.6507996954597,0 79.6247889288986,24.6507983173221,0 79.6247909385016,24.6507968413535,0 79.624792861111,24.6507952715744,0 79.6247933219996,24.6507948537599,0 79.6248109551057,24.6508172089645,0 79.6247799834069,24.6508254550964,0 79.6247775431297,24.6508261680532,0 79.6247751465786,24.6508269956775,0 79.6247728001998,24.6508279357433,0 79.6247705103043,24.650828985722,0 79.6247682830513,24.6508301427895,0 79.6247661244314,24.6508314038337,0 79.6247640402507,24.6508327654627,0 79.6247620361149,24.6508342240141,0 79.6247601174148,24.6508357755648,0 79.6247582893109,24.6508374159417,0 79.6247565567204,24.6508391407325,0 79.6247549243035,24.6508409452982,0 79.6247533964508,24.6508428247849,0 79.6247519772719,24.6508447741374,0 79.6247506705839,24.6508467881125,0 79.6247494799014,24.6508488612932,0 79.6247484084271,24.6508509881032,0 79.6247474590429,24.6508531628221,0 79.6247466343023,24.6508553796004,0 79.6247459364237,24.6508576324757,0 79.6247453672842,24.6508599153885,0 79.6247449284147,24.6508622221983,0 79.6247446209955,24.6508645467005,0 79.6247444458535,24.6508668826428,0 79.6247444034598,24.6508692237423,0 79.6247444939284,24.6508715637021,0 79.6247447170161,24.6508738962283,0 79.6247450721228,24.6508762150472,0 79.6247455582934,24.6508785139218,0 79.6247461742201,24.6508807866688,0 79.6247469182464,24.6508830271751,0 79.6247477883711,24.6508852294145,0 79.6247487822537,24.6508873874635,0 79.624749897221,24.6508894955177,0 79.6247511302741,24.650891547907,0 79.6247524780965,24.650893539111,0 79.6247539370628,24.6508954637739,0 79.6247555032489,24.6508973167191,0 79.6247571724423,24.6508990929626,0 79.6247589401532,24.6509007877268,0 79.6247831186444,24.6509227963611,0 79.6247933377657,24.6509454244323,0 79.6247943647173,24.6509475425881,0 79.6247955092116,24.6509496098071,0 79.6247967682344,24.6509516206456,0 79.6247981384704,24.6509535698081,0 79.6247996163112,24.6509554521619,0 79.624801197865,24.6509572627498,0 79.6248028789669,24.650958996804,0 79.62480465519,24.6509606497579,0 79.6248065218567,24.6509622172586,0 79.6248084740514,24.6509636951783,0 79.6248105066331,24.6509650796251,0 79.6248126142494,24.650966366953,0 79.6248147913498,24.6509675537722,0 79.6248170322014,24.6509686369571,0 79.624819330903,24.6509696136554,0 79.6248216814012,24.650970481295,0 79.6248240775063,24.6509712375911,0 79.6248265129082,24.650971880552,0 79.6248289811937,24.6509724084845,0 79.6248314758628,24.6509728199985,0 79.6248339903459,24.6509731140102,0 79.6248365180214,24.6509732897453,0 79.6248556414872,24.6509741689859,0 79.6248659786096,24.6509774177964,0 79.6248600907509,24.6509927435312,0 79.6248592962244,24.6509949993846,0 79.6248586323144,24.6509972902333,0 79.6248581008502,24.6509996097652,0 79.6248577032964,24.6510019515889,0 79.6248574407484,24.6510043092519,0 79.6248573139294,24.6510066762578,0 79.6248573231891,24.6510090460845,0 79.624857468502,24.6510114122022,0 79.6248577494675,24.6510137680914,0 79.6248581653116,24.6510161072605,0 79.6248587148884,24.6510184232642,0 79.6248593966837,24.651020709721,0 79.6248602088188,24.6510229603308,0 79.6248611490559,24.6510251688922,0 79.6248622148045,24.6510273293198,0 79.6248634031278,24.6510294356606,0 79.6248647107515,24.6510314821109,0 79.6248661340727,24.6510334630319,0 79.6248676691696,24.6510353729653,0 79.6248693118122,24.6510372066484,0 79.6248710574745,24.6510389590288,0 79.6248729013465,24.6510406252779,0 79.6248748383475,24.6510422008045,0 79.6248768631404,24.6510436812674,0 79.624878970146,24.6510450625874,0 79.6248811535585,24.6510463409583,0 79.624883407362,24.6510475128576,0 79.6248857253462,24.6510485750564,0 79.6248881011241,24.6510495246278,0 79.6249079490938,24.651056896732,0 79.6249055594089,24.6510648623363,0 79.6249049450982,24.6510671406459,0 79.6249044611391,24.6510694450485,0 79.624904108839,24.6510717693191,0 79.6249038891496,24.6510741071792,0 79.6249038026643,24.6510764523135,0 79.6249038496167,24.651078798387,0 79.6249040298801,24.6510811390623,0 79.6249043429674,24.6510834680164,0 79.624904788033,24.6510857789581,0 79.6249053638746,24.6510880656449,0 79.6249060689366,24.6510903218996,0 79.6249069013145,24.6510925416274,0 79.6249078587598,24.6510947188322,0 79.624908938686,24.6510968476325,0 79.6249101381761,24.6510989222779,0 79.6249114539898,24.6511009371641,0 79.6249128825727,24.6511028868482,0 79.6249144200657,24.6511047660635,0 79.6249160623155,24.6511065697337,0 79.6249178048861,24.6511082929864,0 79.62491964307,24.6511099311667,0 79.6249215719018,24.6511114798493,0 79.6249235861712,24.6511129348506,0 79.62493972689,24.6511239835591,0 79.6249465844374,24.6511290124282,0 79.6249466364083,24.6511290487646,0 79.6249466234038,24.6511290632148,0 79.624923023401,24.6511567632086,0 79.6249214848234,24.6511586702848,0 79.6249200578422,24.6511606485072,0 79.624918746388,24.6511626924271,0 79.6249175540731,24.6511647964146,0 79.6249164841815,24.6511669546743,0 79.6249155396603,24.6511691612616,0 79.6249147231111,24.6511714100984,0 79.6249140367831,24.6511736949906,0 79.6249134825666,24.6511760096445,0 79.6249130619884,24.6511783476845,0 79.6249127762067,24.6511807026707,0 79.6249126260089,24.6511830681165,0 79.6249126118085,24.6511854375063,0 79.6249127336448,24.6511878043138,0 79.6249129911821,24.6511901620198,0 79.6249133837112,24.6511925041302,0 79.6249139101507,24.6511948241937,0 79.6249145690507,24.6511971158199,0 79.6249153585963,24.6511993726967,0 79.6249162766127,24.6512015886075,0 79.6249173205714,24.6512037574489,0 79.6249184875967,24.6512058732469,0 79.6249197744742,24.6512079301737,0 79.6249211776594,24.6512099225635,0 79.6249226932871,24.6512118449285,0 79.6249243171828,24.6512136919736,0 79.6249260448734,24.6512154586113,0 79.6249278716003,24.6512171399755,0 79.6249297923317,24.6512187314349,0 79.6249318017772,24.6512202286059,0 79.6249338944018,24.6512216273648,0 79.6249360644416,24.6512229238587,0 79.6249383059193,24.6512241145165,0 79.6249406126609,24.6512251960586,0 79.6249429783126,24.6512261655059,0 79.6249453963585,24.6512270201883,0 79.624947860138,24.6512277577514,0 79.624950362865,24.6512283761638,0 79.6249730502057,24.6512334021404,0 79.6249743795477,24.651235067136,0 79.624976029977,24.6512369198796,0 79.6249777853367,24.6512386902363,0 79.6249796407112,24.6512403732483,0 79.6249815909048,24.6512419642027,0 79.6249836304561,24.6512434586442,0 79.6249857536536,24.6512448523876,0 79.6249879545516,24.6512461415301,0 79.6249902269867,24.6512473224614,0 79.6249925645952,24.6512483918746,0 79.6249949608309,24.6512493467749,0 79.6249974089835,24.6512501844881,0 79.624999902197,24.6512509026685,0 79.6250024334897,24.6512514993046,0 79.6250049957729,24.6512519727259,0 79.6250075818712,24.6512523216065,0 79.6250101845425,24.6512525449694,0 79.6250127964984,24.6512526421891,0 79.6250154104244,24.6512526129933,0 79.6250180190005,24.6512524574639,0 79.6250206149216,24.6512521760363,0 79.6250221300483,24.6512519369226,0 79.6250222863323,24.6512520952755,0 79.625024093702,24.6512537462591,0 79.6250259920706,24.6512553096157,0 79.6250279763581,24.6512567811619,0 79.6250293918769,24.6512577242929,0 79.6250296837066,24.6512584510279,0 79.6250306928555,24.6512606098795,0 79.6250318234305,24.6512627178702,0 79.6250330723747,24.6512647693004,0 79.625034436311,24.6512667586231,0 79.6250359115514,24.6512686804592,0 79.6250374941069,24.6512705296122,0 79.6250391796985,24.6512723010821,0 79.6250409637684,24.651273990079,0 79.6250428414926,24.6512755920359,0 79.6250448077937,24.6512771026213,0 79.6250468573552,24.6512785177506,0 79.625048984635,24.6512798335973,0 79.6250511838812,24.6512810466036,0 79.6250534491471,24.6512821534894,0 79.6250534961154,24.6512821736444,0 79.6250536528112,24.6512827767556,0 79.6250543815058,24.6512850455785,0 79.625055239177,24.6512872764215,0 79.6250562234721,24.6512894631654,0 79.625057331691,24.6512915998115,0 79.6250585607939,24.6512936804988,0 79.6250599074091,24.6512956995199,0 79.6250613132555,24.6512975783825,0 79.6250599663257,24.6512978453132,0 79.6250574611362,24.6512984693769,0 79.6250549952877,24.6512992128837,0 79.6250525755931,24.6513000737796,0 79.6250502087379,24.6513010496858,0 79.6250479012616,24.651302137906,0 79.6250456595395,24.6513033354336,0 79.6250434897653,24.6513046389598,0 79.6250413979341,24.6513060448832,0 79.6250393898253,24.6513075493192,0 79.6250374709872,24.6513091481112,0 79.6250356467216,24.6513108368418,0 79.6250339220686,24.6513126108452,0 79.6250323017934,24.65131446522,0 79.6250307903726,24.6513163948426,0 79.6250293919824,24.6513183943816,0 79.6250281104862,24.6513204583125,0 79.6250269494249,24.6513225809327,0 79.6250259120063,24.6513247563776,0 79.6250250010967,24.6513269786366,0 79.625024219213,24.6513292415697,0 79.6250235685154,24.6513315389247,0 79.6250230508018,24.651333864354,0 79.6250226675027,24.6513362114327,0 79.6250224196769,24.651338573676,0 79.6250223080093,24.651340944557,0 79.6250223328085,24.6513433175254,0 79.6250224940058,24.6513456860247,0 79.625022791156,24.6513480435108,0 79.6250232234379,24.6513503834704,0 79.6250237896574,24.651352699438,0 79.6250244882499,24.651354985015,0 79.6250253172853,24.6513572338865,0 79.625026274473,24.6513594398389,0 79.6250273571684,24.6513615967773,0 79.6250285623802,24.6513636987423,0 79.6250298867782,24.6513657399262,0 79.6250313267035,24.6513677146895,0 79.6250328781774,24.651369617576,0 79.6250345369135,24.6513714433281,0 79.6250362983288,24.6513731869014,0 79.6250381575565,24.6513748434785,0 79.6250401094598,24.6513764084825,0 79.6250421486457,24.6513778775892,0 79.6250442694801,24.6513792467398,0 79.6250464661032,24.6513805121512,0 79.6250487324459,24.6513816703272,0 79.6250510622464,24.6513827180679,0 79.6250534490677,24.6513836524785,0 79.6250558863152,24.6513844709772,0 79.6250583672548,24.6513851713025,0 79.6250608850319,24.6513857515196,0 79.6250634326901,24.6513862100252,0 79.6251169327083,24.651394510029,0 79.6251194701334,24.6513948420357,0 79.6251220229866,24.6513950533033,0 79.6251245843939,24.6513951432626,0 79.6251271474589,24.6513951116717,0 79.6251297052802,24.6513949586154,0 79.625147689489,24.6513934533298,0 79.6251476972975,24.6513934839494,0 79.6251484072374,24.6513957332472,0 79.6251492437986,24.6513979458884,0 79.6251502047318,24.6514001159238,0 79.6251512874533,24.6514022375186,0 79.625152489052,24.6514043049684,0 79.6251527298875,24.6514046720501,0 79.6251361498312,24.651413819667,0 79.6250836582418,24.6514324007597,0 79.6250812550988,24.6514333187265,0 79.6250789082371,24.6514343511781,0 79.6250766241809,24.6514354952443,0 79.6250744092801,24.6514367477447,0 79.625072269692,24.6514381051971,0 79.6250702113648,24.651439563828,0 79.6250682400207,24.6514411195822,0 79.6250663611399,24.6514427681347,0 79.625064579946,24.6514445049025,0 79.6250629013906,24.6514463250574,0 79.6250613301402,24.6514482235393,0 79.6250598705629,24.6514501950704,0 79.6250585267162,24.6514522341697,0 79.6250573023363,24.6514543351686,0 79.6250562008269,24.6514564922262,0 79.6250552252501,24.6514586993458,0 79.6250543783182,24.6514609503916,0 79.6250536623856,24.6514632391057,0 79.6250530794427,24.6514655591253,0 79.62505263111,24.6514679040008,0 79.625052318634,24.6514702672133,0 79.6250521428832,24.6514726421931,0 79.6250521043465,24.6514750223377,0 79.6250522031307,24.6514774010302,0 79.6250524389615,24.6514797716578,0 79.6250528111831,24.65148212763,0 79.6250533187607,24.6514844623973,0 79.6250539602834,24.6514867694689,0 79.6250547339676,24.6514890424312,0 79.6250556376626,24.6514912749651,0 79.6250566688559,24.6514934608643,0 79.625057824681,24.6514955940518,0 79.6250591019245,24.6514976685974,0 79.6250604970357,24.6514996787337,0 79.6250620061362,24.6515016188726,0 79.6250636250306,24.6515034836204,0 79.6250653492183,24.651505267793,0 79.6251405492136,24.6515790678107,0 79.6251423745013,24.6515807669751,0 79.6251442952757,24.651582375823,0 79.6251463061935,24.6515838898789,0 79.6251484016608,24.6515853049309,0 79.6251505758484,24.6515866170426,0 79.6251528227081,24.6515878225641,0 79.6251551359898,24.6515889181418,0 79.6251575092581,24.651589900728,0 79.6251599359113,24.6515907675894,0 79.6251624091989,24.6515915163145,0 79.6251649222406,24.6515921448206,0 79.6251674680457,24.6515926513592,0 79.6251700395322,24.6515930345213,0 79.6251726295469,24.651593293241,0 79.6251752308847,24.6515934267985,0 79.6251778363093,24.6515934348224,0 79.6251804385729,24.6515933172903,0 79.6251830304366,24.6515930745292,0 79.6251856046903,24.6515927072144,0 79.6251881541728,24.6515922163676,0 79.6251906717922,24.6515916033544,0 79.6251931505449,24.65159086988,0 79.6251955835354,24.6515900179847,0 79.6251979639957,24.6515890500385,0 79.6252002853038,24.6515879687338,0 79.6252025410024,24.6515867770788,0 79.6252047248164,24.6515854783883,0 79.6252068306709,24.651584076275,0 79.6252088527081,24.6515825746393,0 79.6252107853028,24.6515809776585,0 79.625212623079,24.6515792897751,0 79.6252143609244,24.6515775156844,0 79.6252159940047,24.6515756603216,0 79.625217517777,24.6515737288478,0 79.6252217465681,24.6515680591997,0 79.6252227055054,24.6515694969586,0 79.62522416186,24.6515714438857,0 79.6252257274735,24.6515733186509,0 79.6252273980737,24.6515751161382,0 79.6252291691016,24.6515768314424,0 79.6252310357243,24.6515784598827,0 79.6252329928481,24.6515799970154,0 79.6252350351322,24.6515814386458,0 79.6252371570035,24.6515827808398,0 79.6252393526717,24.6515840199348,0 79.6252416161451,24.6515851525495,0 79.6252439412469,24.651586175593,0 79.6252463216323,24.6515870862737,0 79.6252487508056,24.6515878821064,0 79.6252512221376,24.6515885609193,0 79.6252537288847,24.6515891208602,0 79.625256264206,24.6515895604009,0 79.6252588211832,24.651589878342,0 79.6252613928385,24.6515900738159,0 79.6252639721541,24.6515901462892,0 79.6252665520915,24.6515900955642,0 79.6252691256104,24.6515899217791,0 79.6252716856879,24.6515896254083,0 79.6252742253379,24.6515892072605,0 79.62527673763,24.6515886684769,0 79.6252792157086,24.6515880105276,0 79.6252816528112,24.6515872352081,0 79.6252840422873,24.6515863446342,0 79.6252863776163,24.6515853412361,0 79.6252886524255,24.6515842277521,0 79.6252908605071,24.6515830072205,0 79.6252929958355,24.6515816829722,0 79.6252950525839,24.6515802586208,0 79.6252970251394,24.6515787380531,0 79.6252989081194,24.6515771254187,0 79.6253006963853,24.6515754251182,0 79.6253023850573,24.6515736417915,0 79.6253039695272,24.6515717803051,0 79.6253054454711,24.6515698457387,0 79.6253068088614,24.6515678433715,0 79.6253080559776,24.6515657786677,0 79.6253091834165,24.6515636572616,0 79.6253222082249,24.6515374275644,0 79.62532231389,24.6515374949497,0 79.6253245347714,24.651538757024,0 79.625326825623,24.6515399099133,0 79.6253291800242,24.6515409503864,0 79.6253315913762,24.6515418755272,0 79.6253340529209,24.6515426827429,0 79.6253365577592,24.6515433697709,0 79.6253390988708,24.6515439346858,0 79.6253416691336,24.6515443759042,0 79.6253442613442,24.6515446921896,0 79.625346868237,24.6515448826556,0 79.625349482506,24.6515449467682,0 79.625352096824,24.6515448843479,0 79.6253811968345,24.6515434843478,0 79.6253837267345,24.6515433029812,0 79.6253862431052,24.6515430031169,0 79.6253875362757,24.6515427867921,0 79.6253888339944,24.6515436524255,0 79.6253910047803,24.6515449466208,0 79.6253932468513,24.6515461349791,0 79.6253955540355,24.651547214229,0 79.6253979199817,24.6515481813994,0 79.6254003381766,24.6515490338279,0 79.6254028019636,24.6515497691679,0 79.6254053045601,24.6515503853952,0 79.6254078390769,24.6515508808133,0 79.6254103985369,24.6515512540585,0 79.6254129758944,24.6515515041033,0 79.625448675907,24.6515541041048,0 79.6254512716013,24.651554230446,0 79.6254538709738,24.6515542318273,0 79.6254564668272,24.6515541082449,0 79.6254590519738,24.6515538600409,0 79.6254616192558,24.6515534879026,0 79.6254641615647,24.6515529928604,0 79.6254666718612,24.651552376285,0 79.6254691431947,24.6515516398836,0 79.6254715687224,24.6515507856952,0 79.6254739417283,24.651549816085,0 79.6254762556419,24.6515487337376,0 79.6254785040563,24.6515475416499,0 79.6254806807459,24.6515462431227,0 79.6254827796839,24.6515448417513,0 79.6254847950584,24.6515433414161,0 79.6254867212893,24.6515417462711,0 79.6254885530431,24.6515400607332,0 79.6254902852479,24.6515382894694,0 79.6254919131074,24.6515364373841,0 79.6254934321144,24.6515345096053,0 79.625494838063,24.6515325114709,0 79.6254961270602,24.6515304485135,0 79.6254972955371,24.651528326445,0 79.6254983402582,24.6515261511412,0 79.625499258331,24.6515239286253,0 79.6255000472133,24.6515216650509,0 79.6255007047209,24.6515193666857,0 79.6255012290333,24.6515170398935,0 79.6255016186987,24.6515146911169,0 79.6255018143807,24.6515128692553,0 79.6255193672924,24.6515185639017,0 79.625536498114,24.651533336637,0 79.6255384435863,24.6515349276313,0 79.6255404783098,24.6515364224726,0 79.6255425966016,24.651537816986,0 79.6255447925456,24.6515391072769,0 79.6255470600087,24.6515402897414,0 79.6255493926582,24.6515413610772,0 79.6255517839791,24.651542318292,0 79.6255542272927,24.6515431587126,0 79.6255567157751,24.6515438799916,0 79.6255592424762,24.6515444801146,0 79.6255618003392,24.6515449574055,0 79.6255643822203,24.6515453105313,0 79.6255669809083,24.6515455385057,0 79.6255695891456,24.6515456406921,0 79.6255721996476,24.651545616805,0 79.6255748051233,24.6515454669112,0 79.6255773982959,24.6515451914292,0 79.625579971923,24.6515447911286,0 79.6255825188166,24.6515442671272,0 79.6255850318635,24.6515436208885,0 79.6255875040451,24.6515428542176,0 79.6255899284568,24.6515419692555,0 79.6255922983274,24.6515409684739,0 79.6255946070381,24.6515398546679,0 79.6255968481409,24.6515386309482,0 79.6255990153766,24.6515373007326,0 79.6256011026924,24.6515358677362,0 79.6256031042586,24.6515343359612,0 79.625605014485,24.6515327096858,0 79.6256068280366,24.651530993452,0 79.6256085398482,24.651529192053,0 79.625610145139,24.6515273105199,0 79.6256116394255,24.6515253541078,0 79.6256130185344,24.6515233282806,0 79.625614278614,24.6515212386964,0 79.6256154161449,24.651519091191,0 79.6256164279502,24.6515168917624,0 79.6256413279328,24.651458491754,0 79.6256421994919,24.6514562788928,0 79.625642943778,24.6514540275537,0 79.6256435587714,24.6514517438465,0 79.625644042803,24.6514494339683,0 79.6256443945595,24.6514471041877,0 79.6256446130862,24.6514447608271,0 79.6256446977901,24.6514424102457,0 79.6256446484413,24.6514400588224,0 79.6256444651737,24.6514377129384,0 79.6256441484849,24.6514353789597,0 79.625643699234,24.6514330632202,0 79.6256431186404,24.6514307720041,0 79.6256424082795,24.6514285115293,0 79.6256415700792,24.65142628793,0 79.625640606314,24.6514241072406,0 79.6256395195994,24.6514219753788,0 79.6256383128845,24.65141989813,0 79.6256270951563,24.6514017458208,0 79.62562792228,24.6514005074925,0 79.6256291510328,24.6513984310394,0 79.6256302593451,24.6513962987254,0 79.6256312441867,24.6513941163808,0 79.6256321028649,24.6513918899721,0 79.625632833032,24.6513896255868,0 79.6256334326917,24.6513873294158,0 79.6256339002043,24.6513850077372,0 79.6256342342918,24.6513826668987,0 79.6256344340406,24.6513803133004,0 79.6256344989046,24.6513779533772,0 79.6256344287066,24.6513755935816,0 79.6256342236383,24.6513732403654,0 79.6256338842606,24.6513709001626,0 79.6256334115014,24.6513685793715,0 79.6256328066531,24.6513662843375,0 79.6256320713696,24.6513640213355,0 79.6256312076611,24.6513617965527,0 79.6256302178893,24.651359616072,0 79.6256291047601,24.6513574858549,0 79.6256278713171,24.6513554117259,0 79.6256265209326,24.6513533993556,0 79.6256250572988,24.6513514542463,0 79.6256234844173,24.6513495817161,0 79.6256218065887,24.6513477868846,0 79.6256200284002,24.6513460746591,0 79.6256181547136,24.651344449721,0 79.6256085547139,24.6513365497231,0 79.6256066248937,24.6513350418834,0 79.6256046128533,24.6513336266541,0 79.6256025239079,24.6513323077735,0 79.6256003635755,24.6513310887258,0 79.625598137563,24.6513299727311,0 79.6255958517506,24.6513289627376,0 79.6255935121766,24.6513280614131,0 79.6255911250213,24.6513272711387,0 79.6255886965906,24.651326594002,0 79.6255862332995,24.6513260317917,0 79.6255837416552,24.6513255859929,0 79.6255812282395,24.6513252577834,0 79.625578699692,24.65132504803,0 79.6255761626921,24.651324957287,0 79.6255736239416,24.6513249857939,0 79.625571090147,24.6513251334755,0 79.6255685680015,24.6513253999417,0 79.6255660641678,24.6513257844885,0 79.6255638864285,24.6513262251582,0 79.6255635027064,24.6513245257057,0 79.6255628509609,24.6513222469945,0 79.6255620700714,24.6513200024481,0 79.6255611621631,24.6513177981751,0 79.6255601297071,24.6513156401749,0 79.6255589755133,24.6513135343208,0 79.625557702723,24.651311486344,0 79.6255563148002,24.6513095018184,0 79.6255548155225,24.6513075861452,0 79.6255532089703,24.6513057445381,0 79.625551499516,24.6513039820093,0 79.6255496918121,24.6513023033558,0 79.6255477907786,24.6513007131461,0 79.6255458015894,24.6512992157084,0 79.6255437296583,24.651297815118,0 79.6255415806243,24.6512965151869,0 79.6255393603363,24.6512953194529,0 79.6255370748372,24.6512942311705,0 79.6255347303472,24.6512932533015,0 79.6255323332471,24.6512923885073,0 79.625529890061,24.6512916391416,0 79.6255274074383,24.6512910072439,0 79.6255248921358,24.651290494534,0 79.6255223509992,24.6512901024072,0 79.6255197909446,24.6512898319308,0 79.6255172189395,24.6512896838409,0 79.6255146419839,24.6512896585406,0 79.6255120670913,24.6512897560987,0 79.6255113871814,24.651289814436,0 79.6255075362347,24.6512862735233,0 79.625505640981,24.6512846208952,0 79.6255036525367,24.6512830624085,0 79.6255015764931,24.6512816024458,0 79.6254994186879,24.6512802451123,0 79.6254971851887,24.6512789942249,0 79.6254948822761,24.6512778533009,0 79.6254925164258,24.6512768255486,0 79.6254900942903,24.651275913858,0 79.6254876364724,24.651275125218,0 79.6254876041276,24.6512743049563,0 79.6254873793372,24.6512719731637,0 79.6254870226047,24.6512696551539,0 79.6254865348892,24.6512673571584,0 79.6254859175019,24.651265085355,0 79.6254851721025,24.651262845851,0 79.6254843006949,24.6512606446672,0 79.6254833056218,24.6512584877209,0 79.6254821895582,24.6512563808107,0 79.6254809555045,24.6512543296009,0 79.6254796067783,24.6512523396057,0 79.6254781470054,24.6512504161749,0 79.6254765801102,24.6512485644793,0 79.6254749103051,24.651246789497,0 79.625473142079,24.6512450959996,0 79.6254712801856,24.65124348854,0 79.6254693296302,24.6512419714394,0 79.6254672956566,24.6512405487764,0 79.6254651837329,24.6512392243756,0 79.6254629995366,24.6512380017974,0 79.6254607489395,24.6512368843285,0 79.6254584379921,24.651235874973,0 79.6254560729069,24.6512349764445,0 79.6254536600421,24.6512341911584,0 79.6254512058843,24.651233521226,0 79.6254487170312,24.6512329684482,0 79.6254462001735,24.651232534311,0 79.6254436620775,24.6512322199816,0 79.6254411095664,24.651232026305,0 79.6254407706838,24.6512320167075,0 79.6254407472108,24.6512309358357,0 79.6254405641505,24.6512286041688,0 79.6254402492772,24.6512262842875,0 79.6254398034352,24.6512239824116,0 79.6254392278197,24.6512217047126,0 79.625438523974,24.6512194572972,0 79.6254376937852,24.6512172461908,0 79.6254367394791,24.6512150773217,0 79.6254356636143,24.6512129565048,0 79.6254344690753,24.651210889426,0 79.6254331590647,24.6512088816275,0 79.6254317370947,24.6512069384923,0 79.6254302069779,24.6512050652301,0 79.6254285728165,24.6512032668632,0 79.6254268389919,24.6512015482132,0 79.6254250101526,24.651199913888,0 79.6254230912019,24.6511983682693,0 79.6254210872846,24.651196915501,0 79.6254190037734,24.6511955594781,0 79.6254168462543,24.6511943038362,0 79.6254146205118,24.6511931519418,0 79.6254033205142,24.6511876519436,0 79.6254009077497,24.6511865537341,0 79.6253984330341,24.6511855774343,0 79.6253959037354,24.6511847259512,0 79.625393327384,24.6511840018197,0 79.6253907116506,24.6511834071959,0 79.6253880643231,24.6511829438501,0 79.625386664658,24.6511827705644,0 79.6253866954797,24.651180772701,0 79.6253866001105,24.6511784469539,0 79.625386373724,24.651176128789,0 79.6253860169217,24.6511738243669,0 79.6253855306518,24.6511715398116,0 79.6253849162068,24.6511692811945,0 79.6253841752195,24.651167054518,0 79.625383309659,24.6511648656995,0 79.6253823218258,24.651162720556,0 79.625381214345,24.6511606247883,0 79.6253799901598,24.6511585839659,0 79.6253786525235,24.6511566035125,0 79.625377204991,24.6511546886911,0 79.6253756514091,24.6511528445906,0 79.6253739959066,24.6511510761117,0 79.6253722428831,24.6511493879542,0 79.6253703969973,24.6511477846044,0 79.6253684631547,24.6511462703234,0 79.6253664464946,24.6511448491355,0 79.6253643523764,24.6511435248173,0 79.6253621863652,24.6511423008886,0 79.6253599542175,24.6511411806018,0 79.6253576618651,24.6511401669342,0 79.6253553154002,24.6511392625796,0 79.625337715405,24.6511329625819,0 79.6253352816114,24.6511321579417,0 79.6253328050461,24.6511314709034,0 79.6253302925075,24.6511309033529,0 79.6253277508923,24.6511304568482,0 79.6253275332534,24.6511304293234,0 79.6253277454142,24.6511293388847,0 79.6253280641076,24.6511269958258,0 79.6253282483325,24.6511246407438,0 79.6253282975848,24.6511222800803,0 79.62532821173,24.6511199202918,0 79.6253255117137,24.651078420292,0 79.6253252872172,24.6510760372123,0 79.6253249249365,24.6510736683435,0 79.6253244258885,24.6510713203348,0 79.625323791474,24.6510689997769,0 79.6253230234738,24.6510667131835,0 79.6253221240436,24.6510644669728,0 79.625321095708,24.6510622674499,0 79.6253199413536,24.6510601207885,0 79.6253186642204,24.6510580330142,0 79.6253008253473,24.6510306033642,0 79.6252698079177,24.6509756135077,0 79.6252685523286,24.6509735247874,0 79.6252671778886,24.6509714995305,0 79.6252656884277,24.6509695433802,0 79.6252640880962,24.6509676617873,0 79.6252623813534,24.6509658599949,0 79.6252605729552,24.6509641430238,0 79.6252586679407,24.6509625156583,0 79.6252566716183,24.6509609824329,0 79.6252545895507,24.6509595476202,0 79.6252524275395,24.6509582152181,0 79.6252501916093,24.6509569889395,0 79.6252478879905,24.6509558722012,0 79.6252455231021,24.6509548681153,0 79.6252431035338,24.6509539794794,0 79.6252406360279,24.6509532087699,0 79.62523812746,24.6509525581342,0 79.6252355848203,24.6509520293855,0 79.6252330151938,24.650951623997,0 79.6252304257408,24.6509513430984,0 79.6252278236768,24.6509511874724,0 79.6252252162525,24.6509511575526,0 79.6252226107334,24.6509512534224,0 79.6252200143799,24.6509514748147,0 79.6252174344268,24.6509518211126,0 79.6252148780629,24.6509522913511,0 79.6252123524117,24.6509528842198,0 79.6252098645109,24.6509535980669,0 79.625207421293,24.650954430903,0 79.6252050295661,24.6509553804075,0 79.6252026959947,24.6509564439347,0 79.6252004270813,24.650957618521,0 79.6251982291483,24.6509589008933,0 79.6251961083202,24.6509602874785,0 79.6251940705066,24.6509617744127,0 79.6251921213861,24.6509633575526,0 79.6251902663898,24.6509650324868,0 79.6251885106866,24.6509667945481,0 79.6251868591688,24.6509686388264,0 79.6251853164385,24.6509705601827,0 79.6251838867944,24.6509725532632,0 79.6251825742202,24.6509746125141,0 79.6251813823735,24.6509767321973,0 79.6251803145753,24.6509789064062,0 79.6251793738011,24.6509811290825,0 79.6251785626723,24.6509833940327,0 79.6251778834492,24.6509856949454,0 79.6251773380244,24.6509880254092,0 79.6251769279178,24.6509903789302,0 79.6251766542722,24.6509927489503,0 79.625175661505,24.6510042484579,0 79.6251749620537,24.6510039440778,0 79.6251725719158,24.6510030409848,0 79.6251701333357,24.6510022534583,0 79.6251676529979,24.6510015836571,0 79.6251651377016,24.6510010334171,0 79.6251625943417,24.6510006042467,0 79.62516002989,24.6510002973224,0 79.6251574513763,24.6510001134855,0 79.6251548658688,24.6510000532398,0 79.6251522804548,24.6510001167507,0 79.6251497022215,24.651000303844,0 79.6251471382364,24.6510006140067,0 79.6251445955278,24.6510010463888,0 79.6251420810659,24.6510015998049,0 79.6251396017433,24.6510022727381,0 79.6251371643563,24.6510030633436,0 79.6251347755862,24.6510039694543,0 79.6251324419813,24.6510049885863,0 79.6251301699383,24.651006117946,0 79.6251279656855,24.6510073544376,0 79.625125835265,24.6510086946716,0 79.6251237845169,24.6510101349742,0 79.6251218190626,24.6510116713971,0 79.6251199442899,24.6510132997288,0 79.6251181653379,24.6510150155057,0 79.625116487083,24.6510168140244,0 79.6251149141257,24.651018690355,0 79.6251134507778,24.6510206393538,0 79.6250995912635,24.6510401757852,0 79.6250986214383,24.6510393405206,0 79.6250966660822,24.6510378257632,0 79.6251184133087,24.6510137213103,0 79.6251200061692,24.6510118584935,0 79.6251214901459,24.6510099220243,0 79.6251228611695,24.6510079172131,0 79.6251241154803,24.6510058495575,0 79.6251252496386,24.6510037247276,0 79.6251262605345,24.65100154855,0 79.6251271453957,24.6509993269925,0 79.6251279017957,24.6509970661469,0 79.6251285276604,24.6509947722132,0 79.6251290212735,24.6509924514818,0 79.6251293812814,24.6509901103166,0 79.6251296066968,24.6509877551379,0 79.6251296969017,24.6509853924039,0 79.6251296516486,24.6509830285938,0 79.6251294710618,24.6509806701898,0 79.6251291556363,24.6509783236593,0 79.6251287062372,24.6509759954368,0 79.6251281240968,24.650973691907,0 79.6251274108116,24.6509714193866,0 79.6251265683374,24.6509691841075,0 79.6251255989847,24.6509669921993,0 79.6251245054115,24.6509648496728,0 79.6251232906168,24.6509627624032,0 79.6251219579317,24.6509607361143,0 79.6251205110108,24.6509587763627,0 79.625118953822,24.6509568885225,0 79.6251172906354,24.6509550777706,0 79.6251155260119,24.6509533490725,0 79.6251136647904,24.6509517071686,0 79.6251117120748,24.6509501565615,0 79.6251096732201,24.6509487015033,0 79.6251075538171,24.650947345984,0 79.6251053596779,24.650946093721,0 79.6251030968191,24.650944948148,0 79.6251007714462,24.6509439124066,0 79.6250983899359,24.6509429893371,0 79.6250959588187,24.6509421814706,0 79.6250953672669,24.6509420163832,0 79.6251022225078,24.6509322145846,0 79.6251035682304,24.6509301736759,0 79.6251047942555,24.650928070719,0 79.6251058971678,24.6509259115721,0 79.6251068738949,24.6509237022501,0 79.6251077217158,24.6509214489075,0 79.6251084382689,24.6509191578215,0 79.625109021558,24.6509168353743,0 79.6251094699582,24.6509144880357,0 79.6251097822204,24.6509121223447,0 79.6251099574748,24.6509097448915,0 79.6251099952331,24.650907362299,0 79.6251098953902,24.6509049812043,0 79.6251096582242,24.6509026082407,0 79.6251092843957,24.6509002500184,0 79.6251087749464,24.6508979131068,0 79.6251081312951,24.6508956040159,0 79.6251073552351,24.6508933291782,0 79.6251064489282,24.6508910949307,0 79.6251054148991,24.6508889074974,0 79.6251042560284,24.6508867729719,0 79.6251029755443,24.6508846973004,0 79.6251015770139,24.6508826862651,0 79.6251000643332,24.6508807454681,0 79.625098441716,24.6508788803161,0 79.6250967136825,24.6508770960047,0 79.6250948850465,24.6508753975046,0 79.6250929609021,24.6508737895472,0 79.6250909466093,24.650872276612,0 79.6250888477796,24.6508708629136,0 79.6250866702595,24.65086955239,0 79.6250844201151,24.650868348692,0 79.6250821036146,24.6508672551728,0 79.6250797272112,24.6508662748787,0 79.6250791556859,24.6508660715639,0 79.6250793218019,24.650864218404,0 79.6250793983324,24.6508618784239,0 79.6250793420407,24.6508595379639,0 79.625079153078,24.6508572033173,0 79.6250788319524,24.6508548807614,0 79.6250783795273,24.6508525765411,0 79.6250777970193,24.650850296852,0 79.6250770859946,24.6508480478237,0 79.6250632269394,24.6508081227757,0 79.625055205408,24.6507566358651,0 79.6250547749216,24.6507543099416,0 79.6250542120906,24.6507520077433,0 79.6250535184517,24.6507497355558,0 79.6250526958986,24.6507474995825,0 79.625051746677,24.6507453059278,0 79.6250506733784,24.650743160581,0 79.6250494789332,24.6507410693991,0 79.6250481666024,24.6507390380914,0 79.6250467399689,24.6507370722037,0 79.6250452029275,24.6507351771032,0 79.6250435596747,24.6507333579638,0 79.625041814697,24.6507316197521,0 79.6250399727582,24.6507299672138,0 79.6250380388873,24.6507284048604,0 79.6250360183639,24.6507269369575,0 79.6250339167046,24.6507255675127,0 79.6250317396472,24.6507243002648,0 79.6250294931353,24.6507231386736,0 79.6250271833024,24.6507220859105,0 79.6250248164547,24.6507211448496,0 79.6250223990539,24.6507203180602,0 79.6250199377002,24.6507196077995,0 79.6250174391133,24.6507190160068,0 79.6250149101147,24.6507185442976,0 79.6250123576092,24.6507181939599,0 79.6250097885654,24.6507179659501,0 79.6250072099973,24.6507178608907,0 79.6250046289447,24.6507178790686,0 79.6250020524544,24.650718020434,0 79.6249994875606,24.6507182846012,0 79.6249969412658,24.6507186708487,0 79.6249944205219,24.6507191781222,0 79.624991932211,24.6507198050367,0 79.6249894831265,24.6507205498806,0 79.6249870799548,24.6507214106203,0 79.6249847292569,24.6507223849059,0 79.6249693050665,24.6507292272166,0 79.6249578580137,24.650728799597,0 79.6249726280212,24.6507214474144,0 79.6249748441175,24.6507202752311,0 79.6249769907791,24.6507189996775,0 79.6249790622386,24.6507176241805,0 79.6249810529306,24.6507161524357,0 79.6249829575068,24.6507145883972,0 79.6249847708503,24.6507129362669,0 79.6249864880892,24.6507112004838,0 79.6249881046099,24.6507093857111,0 79.6249896160692,24.6507074968248,0 79.6249910184064,24.6507055388995,0 79.6249923078539,24.6507035171955,0 79.6249934809474,24.6507014371446,0 79.624994534535,24.6506993043351,0 79.6250217345183,24.6506402043262,0 79.6250226668415,24.6506380217705,0 79.6250234740152,24.6506357979486,0 79.6250241538654,24.6506335388498,0 79.6250247045611,24.6506312505588,0 79.625025124619,24.6506289392384,0 79.6250254129079,24.6506266111139,0 79.6250255686512,24.6506242724556,0 79.6250255914296,24.6506219295622,0 79.6250254811816,24.6506195887438,0 79.6250252382043,24.6506172563051,0 79.625024863152,24.6506149385278,0 79.6250243570349,24.6506126416547,0 79.6250237212162,24.6506103718718,0 79.6250229574082,24.6506081352923,0 79.6250220676682,24.6506059379401,0 79.6250210543924,24.6506037857333,0 79.6250199203101,24.6506016844685,0 79.6250186684755,24.6505996398049,0 79.6250173022604,24.6505976572495,0 79.6250158253443,24.650595742142,0 79.625014241705,24.6505938996403,0 79.6250125556078,24.6505921347068,0 79.6250107715938,24.6505904520951,0 79.625008894468,24.6505888563369,0 79.6250069292859,24.65058735173,0 79.6250048813406,24.6505859423269,0 79.6250027561476,24.6505846319235,0 79.6250005594308,24.6505834240491,0 79.6249982971066,24.6505823219569,0 79.6249959752682,24.6505813286152,0 79.6249936001689,24.6505804466993,0 79.6249911782057,24.6505796785845,0 79.6249887159017,24.6505790263396,0 79.6249862198884,24.6505784917212,0 79.6249836968886,24.6505780761693,0 79.6249811536974,24.6505777808031,0 79.6249785971644,24.650577606418,0 79.624976034175,24.6505775534838,0 79.6249734716323,24.650577622143,0 79.624970916438,24.6505778122107,0 79.6249683754738,24.6505781231749,0 79.6249546321703,24.6505801381226,0 79.6249542747566,24.6505792541758,0 79.6249532592553,24.65057709539,0 79.624952122227,24.6505749878182,0 79.6249508667521,24.6505729371699,0 79.6249494962317,24.6505709490006,0 79.6249480143787,24.6505690286962,0 79.6249464252075,24.6505671814591,0 79.6249447330233,24.6505654122935,0 79.6249429424103,24.6505637259923,0 79.6249410582195,24.6505621271237,0 79.6249390855553,24.6505606200191,0 79.6249370297617,24.6505592087616,0 79.6249348964081,24.6505578971741,0 79.6249326912738,24.65055668881,0 79.6249277126191,24.6505541191828,0 79.6249278742329,24.6505494176356,0 79.6249278872981,24.6505470346599,0 79.6249277627652,24.6505446543738,0 79.6249275009814,24.6505422834089,0 79.624927102676,24.6505399283711,0 79.6249265689586,24.6505375958216,0 79.6249259013163,24.6505352922593,0 79.6249251016093,24.650533024102,0 79.6249241720655,24.6505307976691,0 79.6249231152748,24.6505286191636,0 79.6249219341815,24.6505264946551,0 79.6249206320763,24.6505244300627,0 79.624919212587,24.6505224311384,0 79.6249176796684,24.6505205034516,0 79.6249160375914,24.6505186523729,0 79.6249142909309,24.6505168830597,0 79.6249124445534,24.6505152004414,0 79.6249105036031,24.6505136092059,0 79.6249084734875,24.6505121137866,0 79.6249063598629,24.6505107183499,0 79.624904168618,24.6505094267836,0 79.6249019058578,24.6505082426861,0 79.6248995778867,24.6505071693564,0 79.6248971911904,24.650506209785,0 79.6248947524187,24.6505053666453,0 79.6248922683662,24.6505046422863,0 79.6248897459536,24.6505040387263,0 79.6248871922088,24.6505035576467,0 79.6248846142466,24.650503200388,0 79.6248820192495,24.6505029679454,0 79.6248804271212,24.650502902557,0 79.6248797434566,24.6505018729505,0 79.6248782835675,24.6504999140891,0 79.6248767132091,24.6504980279468,0 79.6248750367091,24.6504962197216,0 79.6248732586881,24.650494494397,0 79.6248713840462,24.650492856728,0 79.6248694179499,24.6504913112278,0 79.6248673658177,24.6504898621559,0 79.6248652333051,24.6504885135059,0 79.6248630262895,24.6504872689946,0 79.6248607508532,24.6504861320519,0 79.6248584132673,24.6504851058111,0 79.6248560199742,24.6504841931006,0 79.6248535775696,24.6504833964357,0 79.6248510927849,24.6504827180121,0 79.624848572468,24.6504821596994,0 79.6248460235648,24.6504817230364,0 79.6248434531,24.6504814092264,0 79.6248425970692,24.6504813462755,0 79.6248428614999,24.6504796649937,0 79.6248430938339,24.6504773382344,0 79.6248431941465,24.6504750036058,0 79.6248431621692,24.6504726673606,0 79.6248429979876,24.6504703357559,0 79.6248427020413,24.6504680150362,0 79.6248422751231,24.6504657114171,0 79.6248421548671,24.6504652188669,0 79.6248435338326,24.6504640949528,0 79.6248453740488,24.6504624288232,0 79.6248471161718,24.6504606768236,0 79.6248487554114,24.6504588437715,0 79.6248502872602,24.6504569347073,0 79.624851707506,24.6504549548802,0 79.6248530122436,24.6504529097342,0 79.6248541978853,24.650450804893,0 79.624855261171,24.6504486461441,0 79.6248561991769,24.6504464394236,0 79.6248570093239,24.6504441907991,0 79.6248576893843,24.6504419064539,0 79.6248582374881,24.650439592669,0 79.6248586521282,24.6504372558069,0 79.6248589321644,24.6504349022931,0 79.6248617321524,24.6504038022917,0 79.6248618762346,24.650401456352,0 79.6248618865759,24.6503991067385,0 79.6248617631481,24.6503967598153,0 79.6248615062857,24.6503944219395,0 79.6248611166844,24.6503920994433,0 79.6248605953995,24.6503897986175,0 79.6248599438429,24.6503875256942,0 79.6248591637794,24.6503852868298,0 79.624858257322,24.6503830880885,0 79.624857226926,24.6503809354259,0 79.6248560753821,24.6503788346727,0 79.6248548058096,24.6503767915189,0 79.6248542016884,24.6503759273342,0 79.6248566685286,24.650374676293,0 79.6248588842784,24.6503734826033,0 79.6248610290421,24.6503721851287,0 79.6248630970051,24.6503707873868,0 79.6248650825614,24.6503692931668,0 79.6248669803278,24.6503677065196,0 79.6248687851596,24.6503660317467,0 79.6248704921639,24.6503642733884,0 79.6248720967129,24.6503624362117,0 79.6248735944566,24.650360525197,0 79.6248749813347,24.6503585455254,0 79.6248762535873,24.6503565025636,0 79.6248774077654,24.6503544018502,0 79.6248784407398,24.6503522490802,0 79.6248793497102,24.6503500500899,0 79.6248801322124,24.6503478108408,0 79.6248807861251,24.6503455374035,0 79.6248813096754,24.6503432359413,0 79.624881701444,24.6503409126936,0 79.6248819603688,24.6503385739586,0 79.6248820857479,24.6503362260769,0 79.6248820772413,24.6503338754134,0 79.6248819348722,24.650331528341,0 79.6248816590266,24.6503291912225,0 79.6248812504522,24.6503268703939,0 79.6248807102567,24.650324572147,0 79.6248800399046,24.6503223027125,0 79.6248792412132,24.6503200682427,0 79.6248783163478,24.6503178747954,0 79.6248772678158,24.650315728317,0 79.6248760984597,24.6503136346268,0 79.6248748114497,24.6503115994006,0 79.6248734102749,24.6503096281561,0 79.6248718987339,24.6503077262373,0 79.6248702809246,24.6503058988003,0 79.6248685612327,24.6503041507994,0 79.6248667443206,24.6503024869734,0 79.6248648351137,24.650300911833,0 79.6248628387881,24.6502994296484,0 79.6248607607558,24.6502980444378,0 79.6248586066503,24.6502967599565,0 79.6248563823115,24.6502955796869,0 79.6248540937697,24.6502945068285,0 79.624851747229,24.6502935442901,0 79.624849349051,24.6502926946809,0 79.6248469057372,24.6502919603044,0 79.6248444239115,24.6502913431514,0 79.624841910302,24.650290844895,0 79.6248393717233,24.650290466886,0 79.6248368150575,24.6502902101493,0 79.6248342472357,24.6502900753807,0 79.6248316752193,24.6502900629458,0 79.6248291059811,24.6502901728781,0 79.6248265464863,24.6502904048797,0 79.6248240036738,24.6502907583216,0 79.6248119256386,24.6502927324138,0 79.6248126394546,24.6502921879153,0 79.624814543413,24.6502905730347,0 79.6248163518582,24.6502888689186,0 79.6248180597901,24.6502870802791,0 79.624819662486,24.6502852120618,0 79.6248211555146,24.6502832694322,0 79.6248225347475,24.6502812577618,0 79.6248237963712,24.6502791826129,0 79.6248249368974,24.6502770497233,0 79.6248259531723,24.6502748649905,0 79.6248268423861,24.6502726344552,0 79.62482760208,24.650270364285,0 79.6248282301535,24.650268060757,0 79.6248283866409,24.6502673235742,0 79.6248297748924,24.6502679302109,0 79.624832182993,24.6502688431651,0 79.6248346404416,24.6502696387363,0 79.6248371403932,24.6502703147084,0 79.6248396758847,24.6502708691987,0 79.6248422398539,24.6502713006628,0 79.6248448251593,24.6502716078988,0 79.6248474245998,24.650271790051,0 79.6248500309351,24.6502718466121,0 79.6248526369058,24.6502717774244,0 79.6248552352532,24.6502715826808,0 79.6248578187401,24.6502712629236,0 79.6248603801707,24.6502708190435,0 79.6248629124103,24.6502702522768,0 79.624865408406,24.6502695642022,0 79.6248678612054,24.6502687567362,0 79.6248702639767,24.6502678321278,0 79.6248726100274,24.6502667929525,0 79.6248748928229,24.6502656421047,0 79.6248771060048,24.6502643827898,0 79.6248792434086,24.6502630185155,0 79.6248812990811,24.6502615530818,0 79.6248832672964,24.6502599905704,0 79.6248851425723,24.6502583353334,0 79.6248869196856,24.6502565919813,0 79.6248885936865,24.6502547653698,0 79.6248901599122,24.6502528605868,0 79.6248916140003,24.6502508829376,0 79.6248929519007,24.6502488379307,0 79.6248941698868,24.6502467312622,0 79.6248952645662,24.6502445687998,0 79.6248962328898,24.6502423565667,0 79.6248970721606,24.6502401007248,0 79.6248977800408,24.6502378075573,0 79.6248983545588,24.6502354834515,0 79.6248987941143,24.6502331348809,0 79.6248990974831,24.6502307683869,0 79.6248992638202,24.6502283905611,0 79.6248992926622,24.6502260080266,0 79.6248991839289,24.6502236274194,0 79.6248989379232,24.6502212553705,0 79.6248985553302,24.6502188984867,0 79.6248980895735,24.6502167993114,0 79.6248989492406,24.650216836557,0 79.6249015272871,24.6502168251886,0 79.6249041011737,24.6502166909111,0 79.6249066638897,24.6502164340902,0 79.6249092084551,24.6502160554255,0 79.6249117279391,24.6502155559484,0 79.6249142154792,24.6502149370193,0 79.6249166643001,24.650214200324,0 79.6249190677319,24.6502133478691,0 79.6249214192282,24.6502123819763,0 79.6249237123841,24.6502113052767,0 79.6249259409537,24.6502101207028,0 79.624928098867,24.650208831481,0 79.6249301802464,24.650207441123,0 79.6249321794227,24.6502059534155,0 79.6249340909508,24.6502043724109,0 79.6249359096241,24.6502027024153,0 79.624937630489,24.6502009479773,0 79.6249392488584,24.6501991138756,0 79.6249407603243,24.6501972051057,0 79.6249421607698,24.6501952268668,0 79.6249434463805,24.6501931845469,0 79.6249446136548,24.6501910837087,0 79.6249456594132,24.6501889300746,0 79.6249465808075,24.6501867295103,0 79.624946965361,24.650185644608,0 79.6249479882799,24.650186833265,0 79.6249496993033,24.6501886196342,0 79.6249515107114,24.650190321329,0 79.6249534174951,24.6501919336435,0 79.6249554143813,24.6501934521191,0 79.624957495848,24.6501948725566,0 79.624959656139,24.6501961910281,0 79.6249618892806,24.6501974038875,0 79.6249641890971,24.6501985077807,0 79.6249664718619,24.6501994671407,0 79.6249663359038,24.6502014163783,0 79.6249663074126,24.6502037960036,0 79.6249664161603,24.6502061736951,0 79.6249666618449,24.6502085428462,0 79.6249670437837,24.6502108968742,0 79.6249675609154,24.6502132292384,0 79.6249682118033,24.6502155334581,0 79.6249689946388,24.6502178031311,0 79.6249699072468,24.650220031951,0 79.6249709470915,24.6502222137248,0 79.6249721112838,24.6502243423905,0 79.6249733965889,24.6502264120336,0 79.6249747994355,24.6502284169033,0 79.6249763159258,24.6502303514292,0 79.6249779418462,24.650232210236,0 79.624979672679,24.6502339881591,0 79.624981503615,24.6502356802583,0 79.6249834295669,24.6502372818322,0 79.6249854451833,24.6502387884307,0 79.6249875448639,24.6502401958676,0 79.6249897227745,24.6502415002324,0 79.6249919728639,24.6502426979008,0 79.6249942888799,24.6502437855451,0 79.6249966643876,24.6502447601431,0 79.6249990927864,24.650245618987,0 79.6250015673289,24.6502463596904,0 79.6250040811396,24.6502469801952,0 79.6250066272337,24.6502474787774,0 79.6250084104954,24.6502477390392,0 79.6250084816564,24.6502480893607,0 79.6250090795628,24.6502503671809,0 79.625009805936,24.6502526135922,0 79.6250106588208,24.6502548225471,0 79.625011635921,24.650256988099,0 79.6250127346063,24.6502591044179,0 79.6250139519189,24.6502611658068,0 79.6250152845817,24.650263166716,0 79.625016729007,24.650265101759,0 79.6250182813065,24.6502669657266,0 79.6250199373012,24.6502687536008,0 79.6250208157757,24.6502696079196,0 79.6250205250486,24.6502705206358,0 79.6250199328776,24.6502728227525,0 79.6250194734197,24.6502751500503,0 79.6250191479356,24.6502774961435,0 79.6250189573183,24.6502798545947,0 79.625018902091,24.6502822189327,0 79.6250189824051,24.65028458267,0 79.6250191980403,24.6502869393207,0 79.6250195484049,24.6502892824187,0 79.6250200325375,24.6502916055346,0 79.6250206491099,24.6502939022942,0 79.6250213964301,24.6502961663955,0 79.6250222724477,24.6502983916261,0 79.6250232747589,24.6503005718802,0 79.6250244006137,24.6503027011754,0 79.6250256469227,24.6503047736694,0 79.6250270102662,24.6503067836753,0 79.6250284869035,24.6503087256781,0 79.6250300727829,24.6503105943491,0 79.6250317635528,24.6503123845609,0 79.6250335545741,24.6503140914014,0 79.6250354409324,24.6503157101872,0 79.6250374174517,24.6503172364767,0 79.6250394787089,24.6503186660818,0 79.625041619048,24.65031999508,0 79.6250438325962,24.6503212198245,0 79.6250770326027,24.6503385198301,0 79.6250792281521,24.6503395977528,0 79.625081480394,24.6503405730984,0 79.6250837835955,24.6503414433841,0 79.6250861318938,24.6503422063948,0 79.6250885193112,24.6503428601882,0 79.6250909397708,24.6503434031,0 79.6250944397719,24.6503441031003,0 79.6250970171593,24.6503445533741,0 79.6250996170721,24.6503448779296,0 79.6251011852657,24.6503449966168,0 79.6251085590303,24.6503656823308,0 79.6251109892391,24.6503727246241,0 79.625109430141,24.6503738967456,0 79.6251075212303,24.6503754920924,0 79.6251057063113,24.6503771765753,0 79.6251039903605,24.6503789455755,0 79.6251023780831,24.6503807942425,0 79.6251008738998,24.6503827175071,0 79.625099481935,24.650384710096,0 79.6250982060057,24.6503867665453,0 79.6250970496102,24.6503888812164,0 79.6250960159195,24.6503910483109,0 79.6250951077679,24.6503932618867,0 79.6250943276456,24.6503955158741,0 79.6250936776916,24.6503978040928,0 79.6250931596881,24.6504001202685,0 79.6250927750555,24.6504024580503,0 79.6250925248485,24.6504048110281,0 79.6250924097531,24.65040717275,0 79.6250924300848,24.6504095367402,0 79.6250925857881,24.6504118965167,0 79.6250928764358,24.6504142456091,0 79.6250933012312,24.6504165775762,0 79.6250938590094,24.6504188860236,0 79.625094548241,24.6504211646219,0 79.6250953670362,24.6504234071229,0 79.6250963131498,24.650425607378,0 79.6250973839876,24.6504277593539,0 79.6251038583339,24.6504399152783,0 79.6251079610648,24.6504651075455,0 79.6251080080128,24.6504677366963,0 79.6251081142121,24.6504700489239,0 79.6251083499186,24.6504723531398,0 79.625108714513,24.6504746432894,0 79.6251092070372,24.650476913355,0 79.6251098261971,24.6504791573715,0 79.6251105703656,24.6504813694423,0 79.6251114375875,24.6504835437548,0 79.6251124255838,24.6504856745957,0 79.6251135317585,24.6504877563658,0 79.6251147532048,24.6504897835948,0 79.6251160867133,24.6504917509559,0 79.6251401867063,24.6505253509621,0 79.6251416687509,24.6505273031649,0 79.6251432611246,24.6505291814023,0 79.6251449594167,24.6505309804718,0 79.625146758923,24.6505326953901,0 79.625148654659,24.650534321407,0 79.6251506413738,24.6505358540185,0 79.6251527135643,24.6505372889796,0 79.6251548654908,24.6505386223154,0 79.6251570911926,24.6505398503328,0 79.6251593845046,24.6505409696302,0 79.6251617390747,24.6505419771073,0 79.6251641483808,24.6505428699734,0 79.6251666057495,24.6505436457555,0 79.6251691043739,24.6505443023046,0 79.6251716373332,24.6505448378021,0 79.6251741976111,24.6505452507648,0 79.6251767781161,24.6505455400489,0 79.6251793717003,24.6505457048529,0 79.6251819711797,24.6505457447205,0 79.625184569354,24.6505456595412,0 79.6251871590265,24.6505454495509,0 79.6251897330239,24.6505451153312,0 79.6251922842166,24.6505446578081,0 79.6251948055379,24.6505440782486,0 79.625197290004,24.6505433782583,0 79.6251997307332,24.6505425597759,0 79.6252021209648,24.6505416250686,0 79.6252044540781,24.6505405767255,0 79.6252067236106,24.6505394176504,0 79.6252089232759,24.6505381510539,0 79.6252110469811,24.6505367804442,0 79.6252130888437,24.6505353096179,0 79.6252150432079,24.650533742649,0 79.6252169046604,24.6505320838779,0 79.6252180721435,24.6505309279186,0 79.6252183976666,24.6505312108523,0 79.625220344152,24.6505327349858,0 79.62522237452,24.6505341647926,0 79.6252244833042,24.6505354964233,0 79.625226664827,24.6505367262927,0 79.6252289132149,24.6505378510894,0 79.6252312224144,24.6505388677852,0 79.6252335862085,24.6505397736427,0 79.6252359982329,24.650540566223,0 79.6252384519935,24.6505412433923,0 79.6252409408841,24.6505418033273,0 79.6252434582035,24.6505422445205,0 79.6252560582078,24.6505441445214,0 79.6252584492087,24.6505444504194,0 79.6252608537076,24.6505446491839,0 79.6252632659609,24.6505447403402,0 79.6252656802064,24.6505447236706,0 79.6252680906773,24.6505445992147,0 79.6252734906792,24.6505441992147,0 79.6252760759634,24.6505439449632,0 79.6252786430276,24.6505435667375,0 79.6252811847593,24.6505430655855,0 79.6252836941162,24.6505424428956,0 79.6252861641457,24.6505417003932,0 79.6252885880039,24.6505408401355,0 79.6252909589753,24.6505398645061,0 79.6252932704905,24.650538776208,0 79.6252955161451,24.6505375782566,0 79.625297689717,24.6505362739711,0 79.6252997851841,24.6505348669653,0 79.6253017967403,24.6505333611375,0 79.6253037188123,24.6505317606598,0 79.6253055460746,24.6505300699668,0 79.6253072734646,24.6505282937428,0 79.625308896196,24.6505264369091,0 79.6253104097729,24.6505245046105,0 79.6253118100016,24.6505225022008,0 79.6253130930024,24.650520435228,0 79.6253142552207,24.6505183094191,0 79.6253152934363,24.6505161306639,0 79.6253162047725,24.6505139049992,0 79.6253169867045,24.6505116385916,0 79.625317367705,24.6505102906744,0 79.6253174777786,24.6505106341928,0 79.6253183475527,24.6505128958256,0 79.6253193474553,24.6505151120757,0 79.6253204746673,24.6505172766942,0 79.6253217260103,24.650519383578,0 79.6253230979562,24.6505214267865,0 79.6253245866367,24.6505234005589,0 79.6253261878544,24.6505252993301,0 79.6253278970947,24.6505271177464,0 79.6253297095383,24.6505288506808,0 79.6253316200749,24.650530493247,0 79.6253336233178,24.650532040814,0 79.6253357136186,24.6505334890181,0 79.6253378850837,24.6505348337763,0 79.6253401315906,24.6505360712968,0 79.6253424468052,24.6505371980904,0 79.6253448241997,24.6505382109801,0 79.6253472570708,24.6505391071101,0 79.6253497385591,24.6505398839536,0 79.6253522616678,24.6505405393203,0 79.6253548192829,24.6505410713623,0 79.6253574041932,24.6505414785797,0 79.6253600091105,24.6505417598241,0 79.6253619483976,24.6505418742726,0 79.6253603769168,24.6505429897782,0 79.6253584002154,24.6505445529343,0 79.6253565167546,24.6505462094635,0 79.6253547318083,24.6505479547275,0 79.6253530503742,24.6505497838394,0 79.6253514771606,24.6505516916776,0 79.6253500165724,24.6505536729002,0 79.6253486726994,24.6505557219596,0 79.6253474493044,24.6505578331184,0 79.6253463498131,24.6505600004652,0 79.625345377304,24.6505622179315,0 79.6253445345003,24.6505644793081,0 79.6253438237617,24.6505667782633,0 79.6253432470785,24.6505691083598,0 79.6253428060653,24.6505714630732,0 79.625342501957,24.6505738358103,0 79.6253423356052,24.6505762199273,0 79.6253423074756,24.6505786087486,0 79.625342417647,24.6505809955854,0 79.6253426658109,24.6505833737544,0 79.6253430512725,24.6505857365968,0 79.6253435729525,24.6505880774964,0 79.6253442293902,24.6505903898986,0 79.6253450187474,24.6505926673286,0 79.625345938814,24.6505949034096,0 79.6253469870139,24.6505970918803,0 79.6253481604118,24.6505992266131,0 79.6253494557224,24.6506013016305,0 79.6253508693187,24.6506033111224,0 79.6253546693177,24.6506084111234,0 79.6253561764266,24.6506103244603,0 79.6253577907672,24.650612163286,0 79.6253595079372,24.6506139225863,0 79.6253613232541,24.6506155975638,0 79.6253632317677,24.6506171836509,0 79.625368431768,24.650621283652,0 79.6253704591428,24.6506227983831,0 79.6253725714963,24.6506242127996,0 79.6253739181641,24.6506250179055,0 79.6253727243073,24.6506267508841,0 79.6253714664234,24.6506288075076,0 79.625370327652,24.6506309213063,0 79.6253693110946,24.6506330865228,0 79.6253684195198,24.65063529726,0 79.6253676553561,24.6506375474969,0 79.6253670206846,24.6506398311046,0 79.625366517234,24.6506421418636,0 79.6253661463754,24.6506444734802,0 79.625365909119,24.6506468196041,0 79.6253658061109,24.6506491738454,0 79.6253658376317,24.6506515297922,0 79.6253660035956,24.6506538810277,0 79.6253663035505,24.6506562211481,0 79.6253667366795,24.65065854378,0 79.625367301803,24.6506608425974,0 79.6253679973817,24.6506631113393,0 79.6253688215212,24.6506653438265,0 79.6253697719769,24.6506675339787,0 79.6253708461602,24.6506696758306,0 79.6253720411453,24.650671763549,0 79.625372463991,24.6506724168571,0 79.6253722444275,24.6506727723025,0 79.6253713735412,24.6506743785317,0 79.625351011714,24.6506808780659,0 79.6253485802794,24.6506817204361,0 79.6253462007136,24.6506826785695,0 79.6253438796099,24.6506837498114,0 79.6253416233997,24.6506849311936,0 79.6253394383345,24.6506862194428,0 79.6253373304687,24.6506876109893,0 79.6253353056428,24.6506891019776,0 79.6253333694671,24.6506906882763,0 79.6253315273066,24.6506923654902,0 79.6253297842654,24.6506941289719,0 79.6253281451732,24.6506959738353,0 79.6253266145716,24.6506978949685,0 79.6253251967017,24.6506998870484,0 79.625323895492,24.6507019445554,0 79.6253227145481,24.6507040617885,0 79.625321657142,24.6507062328813,0 79.6253207262037,24.650708451818,0 79.6253199243126,24.6507107124504,0 79.6253192536907,24.6507130085148,0 79.625318716196,24.6507153336491,0 79.6253183133179,24.6507176814109,0 79.6253180461727,24.6507200452949,0 79.6253179155007,24.6507224187512,0 79.6253179216638,24.6507247952036,0 79.6253180646451,24.6507271680671,0 79.6253183440483,24.6507295307672,0 79.6253187590993,24.6507318767571,0 79.6253193086481,24.6507341995367,0 79.6253199911719,24.6507364926699,0 79.6253208047797,24.6507387498028,0 79.6253217472171,24.6507409646814,0 79.6253228158728,24.6507431311686,0 79.6253240077857,24.6507452432616,0 79.6253253196534,24.6507472951081,0 79.6253267478407,24.6507492810228,0 79.6253282883906,24.6507511955031,0 79.6253299370344,24.6507530332443,0 79.6253315461466,24.6507546457916,0 79.6253303184917,24.6507556212066,0 79.6253284459323,24.6507572752194,0 79.6253266713498,24.6507590171228,0 79.625324999676,24.6507608420757,0 79.6253234355569,24.6507627450062,0 79.6253219833393,24.6507647206259,0 79.6253206470593,24.6507667634442,0 79.6253194304306,24.6507688677836,0 79.6253183368344,24.650771027796,0 79.62531736931,24.6507732374782,0 79.6253165305463,24.6507754906891,0 79.6253158228744,24.6507777811669,0 79.625315248261,24.6507801025457,0 79.6253148083031,24.6507824483742,0 79.6253145042234,24.6507848121328,0 79.625314336867,24.6507871872524,0 79.6253143066991,24.650789567132,0 79.6253144138034,24.6507919451575,0 79.6253146578823,24.65079431472,0 79.6253150382576,24.6507966692342,0 79.625315553872,24.6507990021563,0 79.6253162032926,24.6508013070029,0 79.6253169847146,24.6508035773684,0 79.6253178959662,24.650805806943,0 79.625318934515,24.6508079895304,0 79.6253200974746,24.6508101190648,0 79.6253213816131,24.6508121896278,0 79.6253227833615,24.6508141954651,0 79.6253242988242,24.6508161310021,0 79.6253259237894,24.6508179908595,0 79.6253276537412,24.6508197698685,0 79.6253294838716,24.650821463085,0 79.6253314090945,24.6508230658032,0 79.6253334240592,24.6508245735688,0 79.625335523166,24.6508259821916,0 79.625337700581,24.6508272877568,0 79.6253399502529,24.6508284866359,0 79.6253422659293,24.6508295754971,0 79.6253446411746,24.6508305513142,0 79.6253600714191,24.6508364487409,0 79.6253600316085,24.6508365974453,0 79.6253595567444,24.6508388698678,0 79.6253592098767,24.6508411615387,0 79.6253589919161,24.6508434664403,0 79.6253589034351,24.65084577852,0 79.625358944666,24.6508480917065,0 79.6253591155005,24.6508503999256,0 79.62535941549,24.6508526971159,0 79.6253598438469,24.6508549772454,0 79.6253603994462,24.6508572343264,0 79.625361080829,24.650859462432,0 79.6253618862061,24.6508616557115,0 79.6253628134625,24.6508638084054,0 79.6253638601635,24.6508659148608,0 79.6253650235604,24.6508679695465,0 79.6253663005982,24.6508699670668,0 79.6253676879236,24.6508719021765,0 79.6253873879186,24.6508979021816,0 79.6253889101601,24.6508998032713,0 79.6253905388339,24.6509016292039,0 79.6253922695058,24.6509033750077,0 79.6253940974634,24.6509050359292,0 79.6253960177298,24.6509066074463,0 79.6253980250763,24.6509080852801,0 79.6254001140376,24.6509094654066,0 79.6254022789259,24.6509107440682,0 79.6254045138466,24.6509119177835,0 79.6254068127146,24.6509129833565,0 79.6254091692707,24.650913937886,0 79.6254115770985,24.6509147787731,0 79.625414029642,24.6509155037283,0 79.6254165202235,24.6509161107775,0 79.6254190420618,24.650916598268,0 79.6254215882904,24.6509169648725,0 79.6254241519767,24.6509172095928,0 79.6254267261402,24.6509173317625,0 79.6254293037722,24.650917331049,0 79.6254318778543,24.6509172074543,0 79.6254326753646,24.6509171308805,0 79.6254314443724,24.6509190310021,0 79.6254302371306,24.6509211408282,0 79.6254291532702,24.6509233058863,0 79.6254281958055,24.650925520155,0 79.6254273673995,24.6509277774761,0 79.6254266703561,24.6509300715715,0 79.6254261066139,24.650932396061,0 79.6254256777408,24.6509347444795,0 79.6254253849296,24.6509371102959,0 79.6254252289947,24.6509394869303,0 79.6254252103697,24.6509418677729,0 79.6254253291065,24.650944246202,0 79.6254255848748,24.6509466156028,0 79.6254259769633,24.6509489693857,0 79.6254265042816,24.6509513010042,0 79.625427165363,24.6509536039737,0 79.6254279583691,24.6509558718893,0 79.6254288810942,24.6509580984433,0 79.6254299309722,24.6509602774434,0 79.6254311050831,24.6509624028294,0 79.6254324001616,24.6509644686901,0 79.6254338126057,24.6509664692801,0 79.6254353384872,24.6509683990352,0 79.6254369735624,24.6509702525885,0 79.6254387132838,24.650972024785,0 79.6254405528129,24.6509737106957,0 79.6254424870336,24.6509753056318,0 79.6254445105665,24.6509768051576,0 79.6254466177839,24.6509782051026,0 79.625448802825,24.6509795015732,0 79.625451059613,24.6509806909638,0 79.6254533818713,24.6509817699664,0 79.6254557631411,24.65098273558,0 79.6254859571345,24.65099411824,0 79.6254860113696,24.650994220658,0 79.6254872535018,24.6509962843383,0 79.6254886117058,24.650998286006,0 79.6254900822849,24.6510002202132,0 79.6254916612367,24.6510020816955,0 79.6254933442637,24.6510038653865,0 79.6254951267852,24.6510055664315,0 79.6254970039495,24.6510071802008,0 79.6254989706478,24.651008702302,0 79.6255010215271,24.6510101285924,0 79.6255031510055,24.6510114551902,0 79.6255053532872,24.6510126784846,0 79.6255076223781,24.6510137951462,0 79.6255099521025,24.6510148021357,0 79.6255123361196,24.6510156967125,0 79.6255147679406,24.6510164764417,0 79.6255172409469,24.6510171392011,0 79.6255197484075,24.6510176831869,0 79.625522283498,24.6510181069185,0 79.6255248393185,24.6510184092426,0 79.6255274089127,24.6510185893364,0 79.6255299852869,24.6510186467097,0 79.6255325614291,24.6510185812063,0 79.6255351303276,24.6510183930046,0 79.6255376849906,24.6510180826167,0 79.625540218465,24.6510176508875,0 79.6255427238554,24.651017098992,0 79.6255434377178,24.6510169052297,0 79.625544388513,24.6510176847695,0 79.6255464050638,24.6510191713311,0 79.6255485041197,24.6510205592238,0 79.6255506799071,24.65102184463,0 79.625552926441,24.6510230240142,0 79.6255552375421,24.6510240941321,0 79.6255576068534,24.6510250520404,0 79.6255597412499,24.651025795299,0 79.6255574884735,24.6510493725392,0 79.625557331074,24.6510517300636,0 79.6255573087968,24.651054091885,0 79.6255574217026,24.651056451539,0 79.6255576694826,24.6510588025673,0 79.6255580514585,24.6510611385351,0 79.6255585665848,24.651063453049,0 79.6255592134518,24.6510657397742,0 79.6255599902889,24.6510679924518,0 79.62556089497,24.6510702049165,0 79.6255619250189,24.6510723711125,0 79.6255630776164,24.6510744851112,0 79.6255643496079,24.6510765411265,0 79.625565737512,24.6510785335312,0 79.62556723753,24.6510804568719,0 79.6255688455564,24.6510823058847,0 79.62557055719,24.6510840755087,0 79.625572367746,24.6510857609005,0 79.6255742722691,24.6510873574472,0 79.6255762655466,24.651088860779,0 79.6255783421229,24.6510902667815,0 79.6256136082006,24.6511128632023,0 79.6256179935747,24.6511563708968,0 79.6256143299208,24.6511644927248,0 79.6256133940359,24.6511667347799,0 79.6256125898218,24.6511690191146,0 79.6256119195505,24.6511713392753,0 79.6256113851157,24.651173688707,0 79.6256109880273,24.6511760607722,0 79.6256107294071,24.6511784487693,0 79.6256106099857,24.6511808459518,0 79.6256106301007,24.6511832455472,0 79.6256107896951,24.6511856407761,0 79.6256110883181,24.6511880248715,0 79.625611525126,24.6511903910981,0 79.6256120988847,24.6511927327706,0 79.6256128079734,24.6511950432734,0 79.6256136503887,24.651197316079,0 79.6256146237505,24.6511995447661,0 79.6256157253091,24.6512017230384,0 79.6256169519522,24.6512038447417,0 79.6256183002144,24.6512059038819,0 79.6256393520737,24.6512361980423,0 79.625635252135,24.651242854927,0 79.625634037622,24.6512449541952,0 79.625632945565,24.6512471089222,0 79.6256319789854,24.6512493131465,0 79.6256311405573,24.6512515607701,0 79.6256304326003,24.6512538455746,0 79.6256298570731,24.651256161239,0 79.6256294155679,24.6512585013566,0 79.6256291093061,24.6512608594533,0 79.6256289391352,24.6512632290053,0 79.6256289055258,24.651265603457,0 79.625629008571,24.6512679762392,0 79.6256292479857,24.6512703407873,0 79.6256296231075,24.6512726905596,0 79.6256301328987,24.6512750190553,0 79.6256307759489,24.6512773198323,0 79.625631550479,24.6512795865254,0 79.6256324543462,24.6512818128634,0 79.6256334850498,24.651283992687,0 79.6256346397384,24.6512861199656,0 79.6256359152174,24.6512881888137,0 79.625637307958,24.6512901935077,0 79.6256388141072,24.6512921285015,0 79.625640429498,24.6512939884417,0 79.6256421496612,24.6512957681825,0 79.6256439698379,24.6512974628002,0 79.6256458849924,24.6512990676064,0 79.6256567650949,24.6513077144291,0 79.6256566021324,24.6513085862118,0 79.6256562976219,24.6513109768751,0 79.6256561329462,24.6513133789722,0 79.6256561085734,24.6513157856763,0 79.6256562245725,24.6513181901476,0 79.6256564806141,24.6513205855524,0 79.6256568759704,24.6513229650828,0 79.6256574095178,24.6513253219763,0 79.6256580797399,24.6513276495344,0 79.6256588847321,24.6513299411421,0 79.6256598222064,24.6513321902866,0 79.6256876221869,24.6513938902941,0 79.6256886977528,24.6513961064722,0 79.6256899019394,24.6513982666873,0 79.6256912312743,24.65140036471,0 79.6256926819238,24.6514023944902,0 79.6256942497049,24.6514043501745,0 79.6256959300964,24.6514062261233,0 79.6257134300945,24.6514247261275,0 79.6257150311212,24.6514263383684,0 79.6257167153356,24.6514278781908,0 79.6257184788207,24.6514293420135,0 79.6257203174752,24.6514307264322,0 79.6257222270229,24.6514320282271,0 79.6257355963093,24.6514406918795,0 79.6257385470523,24.6514580313372,0 79.6257378362681,24.6514591859079,0 79.6257367015249,24.6514612747354,0 79.6257356863194,24.6514634143288,0 79.6257347933606,24.651465598979,0 79.6257340250313,24.6514678228567,0 79.6257333833815,24.6514700800277,0 79.6257328701235,24.6514723644691,0 79.6257324866267,24.6514746700853,0 79.6257322339146,24.6514769907241,0 79.6257321126614,24.6514793201932,0 79.6257321231907,24.6514816522767,0 79.6257322654744,24.651483980752,0 79.6257325391329,24.6514862994057,0 79.6257329434358,24.651488602051,0 79.6257436170468,24.651540744546,0 79.625774470777,24.6515410266957,0 79.6257734822559,24.6516313157307,0 79.6257172700919,24.6516308016779,0 79.6257172656396,24.6516308328148,0 79.6257170646822,24.6516332077195,0 79.6257170010614,24.6516355890054,0 79.6257170749543,24.6516379700435,0 79.6257172861553,24.6516403442057,0 79.6257176340764,24.6516427048829,0 79.625718117749,24.6516450455036,0 79.6257187358269,24.6516473595522,0 79.6257194865894,24.6516496405868,0 79.6257203679466,24.6516518822578,0 79.625721377445,24.6516540783249,0 79.6257225122745,24.6516562226749,0 79.6257237692761,24.6516583093383,0 79.6257251449504,24.6516603325065,0 79.6257266354681,24.6516622865475,0 79.62572823668,24.6516641660217,0 79.6257299441286,24.6516659656973,0 79.6257317530609,24.6516676805643,0 79.6257336584412,24.651669305849,0 79.6257356549656,24.6516708370271,0 79.6257377370762,24.6516722698361,0 79.625739898977,24.6516736002875,0 79.6257421346497,24.6516748246776,0 79.6257444378709,24.651675939598,0 79.625746802229,24.6516769419452,0 79.6257492211422,24.6516778289289,0 79.6257516878769,24.6516785980798,0 79.6257541955664,24.6516792472569,0 79.6257567372298,24.651679774653,0 79.6257593057919,24.6516801788,0 79.6257618941025,24.651680458573,0 79.6257644949563,24.6516806131929,0 79.6257671011132,24.6516806422295,0 79.6257697053184,24.6516805456019,0 79.6257723003225,24.651680323579,0 79.6257914003293,24.6516782235786,0 79.6257939622967,24.6516778794206,0 79.625796501011,24.6516774130399,0 79.625799009496,24.6516768257179,0 79.625801480859,24.6516761190685,0 79.625803908309,24.6516752950336,0 79.6258062851756,24.6516743558773,0 79.6258086049277,24.6516733041805,0 79.6258108611908,24.6516721428329,0 79.6258130477651,24.6516708750258,0 79.6258178418541,24.6516679315057,0 79.625823163167,24.6516724783556,0 79.6258250560025,24.6516740145568,0 79.6258270324616,24.6516754601215,0 79.625829087354,24.6516768112537,0 79.6258312152834,24.6516780644051,0 79.6258334106618,24.651679216285,0 79.6258356677242,24.6516802638685,0 79.6258379805433,24.6516812044047,0 79.6258403430457,24.6516820354235,0 79.6258427490272,24.6516827547428,0 79.6258451921698,24.6516833604735,0 79.6258476660576,24.6516838510251,0 79.625850164194,24.6516842251092,0 79.625852680019,24.6516844817435,0 79.6258552069257,24.6516846202542,0 79.6258577382786,24.6516846402774,0 79.6258602674301,24.6516845417606,0 79.6258627877386,24.6516843249625,0 79.6258635115238,24.6516842283045,0 79.6258627801608,24.6516873856607,0 79.6257858042808,24.6517122867869,0 79.625781545672,24.6517194748207,0 79.6257809498325,24.6517198514936,0 79.6257789137901,24.6517212873528,0 79.6257784398084,24.6517216591397,0 79.6257802417916,24.6517216756182,0 79.6257723470614,24.6517350009965,0 79.6257724334139,24.6517271138393,0 79.6257716665162,24.6517279370266,0 79.625770103481,24.6517298034701,0 79.6257686488478,24.6517317417268,0 79.625767306559,24.6517337465434,0 79.6257660802526,24.6517358124863,0 79.6257649732523,24.6517379339563,0 79.6257639885583,24.6517401052035,0 79.6257631288394,24.6517423203432,0 79.6257623964258,24.6517445733719,0 79.6257617933025,24.651746858183,0 79.6257613211041,24.6517491685842,0 79.6257609811104,24.6517514983136,0 79.625760774243,24.651753841057,0 79.6257607010625,24.6517561904648,0 79.6257607617672,24.6517585401695,0 79.6257609561927,24.6517608838028,0 79.6257612838119,24.6517632150126,0 79.625761743737,24.6517655274808,0 79.6257623347214,24.6517678149399,0 79.6257630551635,24.6517700711903,0 79.6257639031105,24.6517722901167,0 79.6257648762644,24.6517744657055,0 79.6257659719875,24.6517765920599,0 79.6257671873103,24.6517786634171,0 79.6257717882868,24.6517860375901,0 79.6257720473507,24.6517623755811,0 79.6257805855771,24.6517988478063,0 79.625819443274,24.6518123321711,0 79.6257894914373,24.6518120582758,0 79.625789778759,24.6518124095444,0 79.6257768108841,24.6518222145176,0 79.6257748369581,24.6518237894279,0 79.6257729571839,24.6518254577798,0 79.6257711768506,24.6518272148792,0 79.6257695009673,24.6518290557823,0 79.6257679342492,24.6518309753096,0 79.6257664811046,24.6518329680601,0 79.6257651456219,24.6518350284272,0 79.6257639315588,24.6518371506137,0 79.625762842331,24.6518393286486,0 79.6257618810034,24.6518415564038,0 79.6257610502807,24.6518438276113,0 79.6257603525002,24.6518461358808,0 79.6257597896252,24.6518484747177,0 79.6257593632395,24.6518508375414,0 79.6257590745426,24.6518532177039,0 79.625758924347,24.6518556085083,0 79.6257589130753,24.6518580032279,0 79.625759040759,24.6518603951248,0 79.6257593070391,24.6518627774691,0 79.6257597111663,24.6518651435579,0 79.6257602520034,24.651867486734,0 79.625760928029,24.6518698004045,0 79.6257617373408,24.6518720780597,0 79.6257626776619,24.6518743132911,0 79.6257637463464,24.6518764998096,0 79.6257649403876,24.6518786314634,0 79.6257662564259,24.6518807022546,0 79.6257676907585,24.651882706357,0 79.6257692393498,24.6518846381317,0 79.6257708978425,24.6518864921434,0 79.6257726615703,24.6518882631758,0 79.6257745255709,24.6518899462458,0 79.6257764845997,24.6518915366179,0 79.6257785331446,24.6518930298174,0 79.6257806654419,24.6518944216431,0 79.6257828754922,24.6518957081788,0 79.6257972754948,24.6519036081813,0 79.6257994947468,24.6519047555461,0 79.6258017758206,24.6519057967307,0 79.625804112639,24.6519067289613,0 79.6258064989766,24.6519075497543,0 79.6258089284757,24.6519082569231,0 79.6258113946639,24.6519088485836,0 79.625813890971,24.6519093231595,0 79.6258164107464,24.6519096793866,0 79.6258189472772,24.6519099163159,0 79.6258214938058,24.651910033316,0 79.6258240435478,24.6519100300753,0 79.6258265897105,24.6519099066024,0 79.6258291255104,24.6519096632264,0 79.625831644192,24.6519093005954,0 79.6258341390451,24.6519088196758,0 79.6258366034232,24.6519082217486,0 79.6258390307607,24.6519075084069,0 79.6258414145911,24.651906681551,0 79.6258437485634,24.6519057433839,0 79.6258460264597,24.6519046964049,0 79.6258482422113,24.6519035434033,0 79.6258503899152,24.6519022874508,0 79.6258524638498,24.6519009318935,0 79.6258544584896,24.6518994803427,0 79.6258694755899,24.6518879608972,0 79.6258695827024,24.6518781769721,0 79.625877131596,24.6519020094907,0 79.6258882223939,24.6519045880888,0 79.625887252424,24.6519060168416,0 79.6258859984769,24.6519081015768,0 79.6258848664287,24.6519102437843,0 79.6258838594228,24.6519124375158,0 79.6258829802552,24.6519146766802,0 79.6258822313672,24.6519169550601,0 79.6258816148381,24.6519192663292,0 79.6258811323797,24.6519216040699,0 79.6258807853319,24.6519239617912,0 79.625880574658,24.6519263329466,0 79.6258805009432,24.651928710952,0 79.6258805643921,24.6519310892048,0 79.6258807648286,24.6519334611013,0 79.6258811016961,24.6519358200556,0 79.6258815740593,24.6519381595176,0 79.6258821806066,24.6519404729917,0 79.6258829196538,24.6519427540539,0 79.6258837891489,24.6519449963707,0 79.6258847866775,24.6519471937159,0 79.62588590947,24.6519493399883,0 79.6258871544087,24.6519514292284,0 79.6258885180368,24.6519534556352,0 79.6258899965681,24.6519554135819,0 79.6258915858973,24.6519572976322,0 79.6258932816112,24.6519591025545,0 79.6258950790015,24.6519608233374,0 79.6258969730775,24.6519624552028,0 79.62589895858,24.6519639936196,0 79.625901029996,24.6519654343161,0 79.6259031815738,24.651966773292,0 79.6259054073393,24.6519680068295,0 79.6259077011124,24.6519691315034,0 79.625910056524,24.651970144191,0 79.625912467034,24.6519710420804,0 79.6259149259492,24.6519718226783,0 79.6259174264422,24.6519724838175,0 79.6259199615698,24.6519730236621,0 79.6259225242929,24.6519734407132,0 79.6259251074959,24.6519737338127,0 79.6259268938814,24.6519738496257,0 79.6259267349688,24.6519742279401,0 79.6259259360817,24.6519764745821,0 79.6259252668721,24.6519787563389,0 79.6259247291723,24.6519810669631,0 79.625923220089,24.6519885030133,0 79.6259219469499,24.6519883832814,0 79.625919320594,24.6519882648403,0 79.6259166910629,24.6519882742898,0 79.6259140658074,24.6519884116031,0 79.6258684658237,24.6519919116026,0 79.6258659121099,24.6519921688846,0 79.6258633764862,24.6519925471597,0 79.6258608658111,24.6519930454047,0 79.6258583868757,24.6519936622718,0 79.6258559463854,24.6519943960926,0 79.6258535509413,24.651995244882,0 79.625851207023,24.6519962063443,0 79.6258489209704,24.6519972778787,0 79.6258466989671,24.6519984565868,0 79.6258445470235,24.6519997392805,0 79.6258424709602,24.6520011224901,0 79.6258404763928,24.6520026024742,0 79.6258385687164,24.6520041752296,0 79.6258367530911,24.6520058365021,0 79.625835034428,24.6520075817982,0 79.6258334173758,24.6520094063971,0 79.6258319063086,24.6520113053633,0 79.6258305053136,24.6520132735605,0 79.6258292181803,24.6520153056647,0 79.6258280483904,24.6520173961794,0 79.6258269991081,24.65201953945,0 79.6258260731714,24.6520217296791,0 79.625825273085,24.6520239609424,0 79.625824601013,24.6520262272045,0 79.6258240587734,24.6520285223355,0 79.6258236478328,24.6520308401272,0 79.6258233693028,24.6520331743103,0 79.6258232239369,24.652035518571,0 79.6258232121281,24.6520378665684,0 79.6258233339085,24.6520402119513,0 79.6258235889486,24.6520425483757,0 79.6258239765587,24.6520448695219,0 79.6258244956903,24.6520471691113,0 79.6258251449391,24.6520494409239,0 79.625825922549,24.6520516788146,0 79.6258268264168,24.6520538767301,0 79.6258278540975,24.6520560287253,0 79.6258284926883,24.6520571962945,0 79.6258273939761,24.6520573615579,0 79.6258248469981,24.6520578720999,0 79.6258223330453,24.6520585047562,0 79.6258198591219,24.6520592577639,0 79.6258174321209,24.652060129025,0 79.6258150588044,24.6520611161121,0 79.625812745785,24.6520622162749,0 79.6258104995074,24.652063426448,0 79.62580832623,24.6520647432597,0 79.6258062320082,24.6520661630411,0 79.6258042226769,24.6520676818363,0 79.6258023038346,24.6520692954136,0 79.6258004808276,24.6520709992773,0 79.6257987587351,24.65207278868,0 79.6257971423553,24.652074658636,0 79.6257956361918,24.6520766039353,0 79.6257942444412,24.6520786191578,0 79.625792970981,24.6520806986886,0 79.6257918193596,24.6520828367337,0 79.6257907927855,24.6520850273361,0 79.6257898941191,24.6520872643922,0 79.6257891258641,24.6520895416692,0 79.6257884901612,24.652091852822,0 79.6257879887816,24.6520941914112,0 79.6257876231222,24.652096550921,0 79.6257873942019,24.6520989247773,0 79.6257873026584,24.652101306366,0 79.6257873487469,24.6521036890515,0 79.6257875323389,24.6521060661951,0 79.625787852923,24.6521084311735,0 79.625797150663,24.6521647869981,0 79.6257958492641,24.6521652455147,0 79.6257933320574,24.6521662835471,0 79.6257570320669,24.6521823835424,0 79.6257547620952,24.6521834575138,0 79.6257525559479,24.6521846373576,0 79.6257504195317,24.6521859199148,0 79.6257483585668,24.6521873017515,0 79.6257463785713,24.6521887791678,0 79.6257444848465,24.6521903482082,0 79.6257426824627,24.6521920046715,0 79.6257409762456,24.6521937441229,0 79.6257393707636,24.6521955619048,0 79.6257378703153,24.6521974531505,0 79.6257364789179,24.6521994127962,0 79.6257352002968,24.652201435595,0 79.6257340378756,24.6522035161312,0 79.6257329947665,24.6522056488341,0 79.6257320737623,24.6522078279936,0 79.625731277329,24.6522100477752,0 79.625730607599,24.6522123022355,0 79.6257300663654,24.6522145853384,0 79.6257296550774,24.6522168909711,0 79.6257293748363,24.6522192129602,0 79.6257292263922,24.652221545089,0 79.6257292101427,24.6522238811132,0 79.6257303101224,24.6522753811126,0 79.6257304277754,24.6522777360156,0 79.6257306797666,24.6522800820958,0 79.6257310654089,24.6522824129567,0 79.6257315836509,24.6522847222433,0 79.6257322330796,24.6522870036596,0 79.6257330119244,24.6522892509853,0 79.6257339180618,24.6522914580933,0 79.6257349490213,24.6522936189659,0 79.625736101992,24.6522957277116,0 79.6257373738304,24.6522977785812,0 79.625738761069,24.6522997659829,0 79.6257402599255,24.6523016844983,0 79.6257418663134,24.6523035288965,0 79.6257435758528,24.6523052941491,0 79.625745383883,24.6523069754429,0 79.6257472854742,24.6523085681942,0 79.6257492754421,24.6523100680603,0 79.625751348361,24.652311470952,0 79.6257534985791,24.6523127730443,0 79.6257557202342,24.6523139707872,0 79.6257580072689,24.652315060915,0 79.6257603534477,24.6523160404555,0 79.6257627523739,24.6523169067382,0 79.6257651975071,24.6523176574011,0 79.6257676821805,24.6523182903976,0 79.6257701996199,24.6523188040019,0 79.6257727429616,24.6523191968135,0 79.6257753052714,24.6523194677617,0 79.6257778795631,24.6523196161075,0 79.6257804588182,24.6523196414466,0 79.6257830360044,24.6523195437099,0 79.6257856040952,24.6523193231639,0 79.6257881560888,24.6523189804098,0 79.6257906850272,24.6523185163822,0 79.6257931840155,24.6523179323462,0 79.6257956462404,24.6523172298941,0 79.6257980649886,24.6523164109412,0 79.6258004313918,24.6523154786162,0 79.6258001293028,24.6523161863756,0 79.6257993250918,24.652318402776,0 79.6257986473494,24.6523206542139,0 79.6257980978889,24.6523229346661,0 79.62579767818,24.6523252380322,0 79.6257973893455,24.6523275581501,0 79.6257972321582,24.6523298888131,0 79.6257972070386,24.6523322237865,0 79.6257973140538,24.6523345568235,0 79.6257975529177,24.6523368816831,0 79.6257979229911,24.6523391921457,0 79.6257984232842,24.6523414820305,0 79.6257990524584,24.6523437452117,0 79.6257998088308,24.6523459756347,0 79.6258006903778,24.6523481673329,0 79.6258016947412,24.6523503144431,0 79.6258028192341,24.6523524112213,0 79.6258040608483,24.6523544520583,0 79.6258054162624,24.6523564314946,0 79.6258068818502,24.6523583442347,0 79.6258084536912,24.6523601851617,0 79.6258101275803,24.6523619493509,0 79.6258118990396,24.6523636320827,0 79.6258137633302,24.6523652288555,0 79.6258157154648,24.6523667353977,0 79.625817750221,24.6523681476789,0 79.6258198621555,24.6523694619212,0 79.6258220456185,24.6523706746086,0 79.6258242947688,24.6523717824969,0 79.6258266035897,24.6523727826225,0 79.6258289659045,24.6523736723098,0 79.6258313753937,24.6523744491786,0 79.6258338256115,24.6523751111509,0 79.625836310003,24.6523756564555,0 79.6258388219221,24.6523760836339,0 79.6258413546489,24.6523763915431,0 79.6258439014081,24.6523765793594,0 79.6258583009652,24.6523772993384,0 79.6258694857431,24.6523866353937,0 79.6258712113204,24.6523880101029,0 79.6258730047306,24.6523893102764,0 79.6258748621226,24.6523905331223,0 79.6258767795077,24.6523916760146,0 79.6258874177691,24.6523977007457,0 79.6258891239623,24.6524000021235,0 79.6259022485651,24.6524207202578,0 79.6259036186912,24.6524227567684,0 79.625905104853,24.6524247241398,0 79.6259067028833,24.6524266168555,0 79.6259084083012,24.6524284296083,0 79.6259102163244,24.6524301573149,0 79.6259121218833,24.6524317951309,0 79.6259141196345,24.6524333384637,0 79.6259162039762,24.6524347829857,0 79.6259183690638,24.6524361246463,0 79.6259206088262,24.6524373596834,0 79.6259229169831,24.652438484634,0 79.6259252870621,24.6524394963436,0 79.6259277124175,24.6524403919753,0 79.6259301862483,24.6524411690177,0 79.6259327016178,24.6524418252919,0 79.6259352514728,24.6524423589576,0 79.6259378286633,24.6524427685185,0 79.6259404259627,24.6524430528261,0 79.625943036088,24.6524432110832,0 79.6259456517202,24.6524432428461,0 79.625948265525,24.6524431480256,0 79.625950870173,24.6524429268876,0 79.6259534583607,24.6524425800522,0 79.6259560228306,24.6524421084921,0 79.6259585563918,24.6524415135294,0 79.62596105194,24.6524407968325,0 79.6259635024775,24.652439960411,0 79.625965901133,24.6524390066103,0 79.6259682411803,24.652437938105,0 79.6259705160578,24.6524367578912,0 79.6259727193868,24.6524354692782,0 79.6259748449887,24.6524340758795,0 79.6259768869035,24.6524325816022,0 79.6259788394054,24.6524309906364,0 79.6259806970194,24.6524293074432,0 79.6259824545368,24.6524275367424,0 79.6259841070292,24.6524256834992,0 79.6259856498631,24.6524237529102,0 79.6259882677759,24.6524202880251,0 79.6259894440969,24.6524310766072,0 79.62598976515,24.6524334056502,0 79.6259902182323,24.6524357162936,0 79.6259908021189,24.6524380022903,0 79.6259915152312,24.65244025746,0 79.6259923556412,24.6524424757055,0 79.625993321077,24.6524446510298,0 79.6259944089282,24.6524467775515,0 79.6259956162538,24.6524488495215,0 79.6259969397898,24.6524508613381,0 79.6259983759578,24.652452807562,0 79.625999920875,24.6524546829315,0 79.6260015703646,24.6524564823764,0 79.6260033199671,24.6524582010318,0 79.6260051649522,24.652459834251,0 79.626007100332,24.6524613776185,0 79.6260091208739,24.6524628269618,0 79.6260112211152,24.6524641783623,0 79.6260133953778,24.6524654281665,0 79.6260156377832,24.6524665729953,0 79.6260179422691,24.6524676097537,0 79.626020302605,24.6524685356387,0 79.6260227124095,24.652469348147,0 79.6260251651675,24.652470045082,0 79.6260276542478,24.6524706245595,0 79.6260289883114,24.6524708684474,0 79.6260290007274,24.6524711725584,0 79.6260292350205,24.652473544101,0 79.6260296058051,24.6524759010553,0 79.62603011205,24.6524782368645,0 79.6260307523468,24.6524805450309,0 79.6260381523382,24.6525045450328,0 79.62603893131,24.6525068363562,0 79.62603984238,24.6525090866216,0 79.6260408829748,24.6525112894732,0 79.6260420501553,24.6525134386891,0 79.6260433406248,24.6525155281988,0 79.6260447507385,24.6525175521005,0 79.6260462765133,24.6525195046776,0 79.6260479136398,24.6525213804152,0 79.6260482017241,24.6525216767174,0 79.6260479245047,24.6525228093484,0 79.6260474907982,24.6525251557086,0 79.6260471929689,24.6525275196943,0 79.6260470318442,24.652529894738,0 79.6260470078716,24.6525322742413,0 79.6260471211179,24.6525346515936,0 79.6260473712684,24.6525370201904,0 79.6260477576281,24.6525393734513,0 79.6260482791238,24.6525417048385,0 79.6260489343066,24.6525440078752,0 79.6260497213563,24.6525462761631,0 79.6260506380864,24.6525485034006,0 79.6260516819501,24.6525506834001,0 79.6260528500474,24.6525528101053,0 79.6260541391331,24.6525548776077,0 79.626055545626,24.6525568801636,0 79.6260570656186,24.6525588122096,0 79.6260586948882,24.652560668378,0 79.6260604289083,24.6525624435124,0 79.6260622628616,24.6525641326809,0 79.6260641916532,24.6525657311909,0 79.6260662099245,24.6525672346014,0 79.6260683120685,24.6525686387358,0 79.6260704922451,24.6525699396932,0 79.6260990922501,24.6525860396982,0 79.6261012599304,24.6525871916554,0 79.6261022170883,24.652587642545,0 79.6261008837264,24.6525908159422,0 79.6261000302426,24.6525930154971,0 79.6260993022689,24.6525952524207,0 79.6260987017506,24.6525975207355,0 79.6260982302924,24.6525998143804,0 79.626097889154,24.6526021272263,0 79.6260976792471,24.652604453093,0 79.6260976011326,24.6526067857655,0 79.6260976550192,24.6526091190104,0 79.6260978407629,24.6526114465931,0 79.6260981578675,24.6526137622938,0 79.6260986054854,24.6526160599247,0 79.6260991824208,24.6526183333461,0 79.6260998871318,24.6526205764832,0 79.6261007177355,24.6526227833419,0 79.6261016720123,24.6526249480252,0 79.6261027474123,24.6526270647487,0 79.6261039410618,24.6526291278563,0 79.6261052497712,24.6526311318349,0 79.6261066700436,24.6526330713297,0 79.6261081980836,24.652634941158,0 79.6261098298082,24.6526367363233,0 79.6261115608572,24.6526384520288,0 79.6261133866049,24.6526400836898,0 79.6261153021726,24.6526416269463,0 79.6261173024417,24.6526430776744,0 79.6261193820672,24.6526444319976,0 79.6261215354919,24.6526456862968,0 79.6261237569617,24.6526468372206,0 79.6261260405404,24.6526478816933,0 79.626128380126,24.652648816924,0 79.6261307694666,24.6526496404137,0 79.6261332021777,24.6526503499618,0 79.6261356717587,24.6526509436724,0 79.6261381716104,24.6526514199588,0 79.626140695053,24.6526517775485,0 79.6261432353433,24.6526520154859,0 79.6261457856934,24.6526521331352,0 79.6261813857062,24.652652933136,0 79.6261838507585,24.6526529323043,0 79.6261863126963,24.6526528190908,0 79.6261887653893,24.6526525937775,0 79.6261912027302,24.6526522569253,0 79.6261936186498,24.652651809373,0 79.6261960071324,24.6526512522352,0 79.6261983622306,24.652650586899,0 79.6262308622407,24.6526405868961,0 79.626233314593,24.6526397657467,0 79.6262357160304,24.6526388272913,0 79.6262380598402,24.6526377741532,0 79.6262403394707,24.6526366092761,0 79.6262425485498,24.6526353359163,0 79.6262446809026,24.6526339576331,0 79.6262467305683,24.6526324782792,0 79.6262486918178,24.6526309019898,0 79.6262505591687,24.6526292331711,0 79.6262523274012,24.6526274764879,0 79.6262539915727,24.6526256368507,0 79.6262555470313,24.6526237194017,0 79.6262569894292,24.6526217295007,0 79.6262583147343,24.6526196727101,0 79.6262595192422,24.6526175547792,0 79.6262605995858,24.6526153816281,0 79.6262615527453,24.6526131593316,0 79.6262623760564,24.6526108941014,0 79.6262630672177,24.6526085922696,0 79.6262636242972,24.6526062602703,0 79.6262640457378,24.6526039046224,0 79.6262643303613,24.6526015319102,0 79.6262644773723,24.6525991487664,0 79.6262644863597,24.6525967618525,0 79.6262643572984,24.6525943778404,0 79.6262640905493,24.6525920033943,0 79.626263686858,24.6525896451513,0 79.6262634826568,24.6525886289715,0 79.6262635554669,24.6525885912623,0 79.6262657039576,24.6525873406014,0 79.6262677790499,24.6525859903866,0 79.6262697752261,24.6525845442082,0 79.6262716871784,24.6525830059115,0 79.626273509823,24.6525813795868,0 79.6262752383134,24.6525796695584,0 79.6262768680538,24.6525778803734,0 79.6262783947106,24.6525760167891,0 79.6262850842557,24.6525673962382,0 79.6263171553458,24.6525404172089,0 79.6263189972894,24.6525387849596,0 79.6263207440208,24.6525370675119,0 79.6263223908282,24.6525352694985,0 79.6263239332697,24.6525333957695,0 79.6263253671844,24.6525314513791,0 79.6263266887046,24.6525294415722,0 79.6263278942656,24.6525273717702,0 79.6263289806153,24.6525252475561,0 79.6263299448235,24.6525230746599,0 79.6263307842893,24.6525208589429,0 79.6263314967482,24.6525186063818,0 79.6263320802785,24.6525163230528,0 79.6263325333062,24.6525140151149,0 79.6263328546091,24.6525116887937,0 79.626332992616,24.6525099786749,0 79.6263345149748,24.6525092956409,0 79.6263367582147,24.6525081533063,0 79.6263389334691,24.6525069059776,0 79.6263410348597,24.6525055570255,0 79.6263430567078,24.6525041100953,0 79.6263449935498,24.6525025690971,0 79.6263468401517,24.6525009381952,0 79.6263485915234,24.6524992217968,0 79.626350242932,24.6524974245401,0 79.6263517899151,24.652495551282,0 79.6263532282922,24.6524936070845,0 79.6263545541763,24.6524915972015,0 79.6263557639844,24.6524895270643,0 79.6263568544472,24.6524874022672,0 79.6263578226181,24.652485228552,0 79.6263586658806,24.6524830117927,0 79.6263593819561,24.6524807579799,0 79.6263599689094,24.6524784732039,0 79.6263604251545,24.652476163639,0 79.6263607494585,24.6524738355264,0 79.6263609409448,24.6524714951574,0 79.6263609733703,24.6524701868497,0 79.6263899425773,24.6524572833076,0 79.6263922606912,24.6524561804853,0 79.626394511745,24.652454967167,0 79.6263966894388,24.6524536467484,0 79.6263987876774,24.6524522229251,0 79.6264008005887,24.6524506996821,0 79.6264027225388,24.6524490812823,0 79.6264045481488,24.6524473722555,0 79.6264062723093,24.6524455773847,0 79.6264078901946,24.6524437016933,0 79.6264216901927,24.6524268016896,0 79.6264231883094,24.6524248627074,0 79.6264245728468,24.6524228544451,0 79.6264258399777,24.6524207824541,0 79.6264269861995,24.6524186524619,0 79.6264280083436,24.6524164703564,0 79.6264289035845,24.6524142421695,0 79.6264296694476,24.6524119740606,0 79.6264303038159,24.6524096722993,0 79.6264308049357,24.6524073432483,0 79.6264311714219,24.6524049933458,0 79.6264314022613,24.6524026290874,0 79.626431496816,24.6524002570088,0 79.6264314548245,24.6523978836668,0 79.6264312764029,24.6523955156221,0 79.6264309620444,24.6523931594207,0 79.626430512618,24.6523908215756,0 79.6264299293661,24.6523885085493,0 79.6264292139009,24.6523862267357,0 79.6264283682002,24.6523839824422,0 79.6264273946017,24.6523817818728,0 79.6264262957967,24.6523796311104,0 79.6264250748226,24.6523775361002,0 79.6264237350546,24.6523755026335,0 79.626422280196,24.6523735363313,0 79.6264207142686,24.652371642629,0 79.626419041601,24.6523698267613,0 79.6264172668168,24.6523680937478,0 79.6264153948222,24.6523664483789,0 79.6264134307917,24.6523648952028,0 79.6264113801545,24.6523634385131,0 79.6264092485791,24.6523620823363,0 79.6264070419577,24.6523608304214,0 79.6264047663901,24.6523596862289,0 79.6264024281666,24.6523586529216,0 79.6264000337505,24.6523577333561,0 79.6263975897607,24.652356930074,0 79.6263951029531,24.652356245296,0 79.6263925802019,24.6523556809149,0 79.6263900284805,24.6523552384909,0 79.6263874548428,24.652354919247,0 79.6263848664028,24.6523547240655,0 79.6263822703158,24.652354653486,0 79.6263796737579,24.6523547077037,0 79.6263770839068,24.6523548865687,0 79.6263745079216,24.6523551895865,0 79.6263719529229,24.6523556159195,0 79.6263694259735,24.6523561643892,0 79.6263669340584,24.6523568334795,0 79.6263644840661,24.6523576213409,0 79.6263620827689,24.6523585257955,0 79.6263597368048,24.652359544343,0 79.6263192930728,24.6523783102385,0 79.6263112999415,24.6523747029483,0 79.6263048319714,24.6523715726177,0 79.6263048891842,24.652371500776,0 79.6263063017544,24.6523695160963,0 79.6263075985362,24.6523674664675,0 79.626308775963,24.6523653575265,0 79.6263098307968,24.6523631950733,0 79.6263107601365,24.6523609850552,0 79.6263110760804,24.6523600972999,0 79.6263117840549,24.6523603316704,0 79.6263142307523,24.6523610129505,0 79.6263167127544,24.6523615775796,0 79.6263192234072,24.6523620240438,0 79.6263217559802,24.6523623511464,0 79.6263243036838,24.6523625580103,0 79.6263268596882,24.6523626440811,0 79.6263294171411,24.6523626091279,0 79.6263319691864,24.6523624532445,0 79.6263345089824,24.6523621768488,0 79.6263370297203,24.6523617806817,0 79.6263395246426,24.6523612658053,0 79.6263419870606,24.6523606336,0 79.6263444103731,24.6523598857605,0 79.6263467880835,24.6523590242916,0 79.6263491138176,24.652358051503,0 79.6263513813404,24.6523569700023,0 79.6263535845732,24.652355782689,0 79.6263557176093,24.6523544927461,0 79.6263577747305,24.6523531036317,0 79.626359750422,24.6523516190697,0 79.6263616393872,24.6523500430401,0 79.6263634365622,24.6523483797679,0 79.6263651371289,24.6523466337121,0 79.6263667365286,24.6523448095536,0 79.6263682304733,24.6523429121826,0 79.6263696149583,24.6523409466858,0 79.6263708862717,24.6523389183322,0 79.6263720410055,24.6523368325596,0 79.6263730760641,24.6523346949596,0 79.6263739886725,24.6523325112627,0 79.6263747763844,24.6523302873231,0 79.6263754370878,24.6523280291028,0 79.6263759690117,24.6523257426557,0 79.6263777785162,24.6523168370397,0 79.626413950272,24.6522896901647,0 79.6264158695052,24.652288172692,0 79.6264177009335,24.6522865671422,0 79.6264194397234,24.6522848777526,0 79.626421081286,24.6522831089818,0 79.6264226212887,24.6522812654981,0 79.6264240556672,24.6522793521666,0 79.626425380636,24.6522773740371,0 79.6264265926981,24.6522753363303,0 79.6264276886547,24.652273244424,0 79.6264286656134,24.6522711038392,0 79.6264295209958,24.6522689202254,0 79.6264302525443,24.6522666993455,0 79.6264308583283,24.652264447061,0 79.626431336749,24.6522621693159,0 79.6264316865437,24.6522598721217,0 79.6264319067893,24.6522575615413,0 79.6264342067759,24.65222326154,0 79.6264342976862,24.6522208622487,0 79.6264342489149,24.6522184619331,0 79.6264340605998,24.6522160673805,0 79.6264337332734,24.6522136853621,0 79.6264332678614,24.6522113226135,0 79.6264326656798,24.6522089858157,0 79.6264319284314,24.6522066815765,0 79.6264310582009,24.6522044164117,0 79.6264300574491,24.6522021967264,0 79.6264289290057,24.6522000287972,0 79.6264276760618,24.6521979187544,0 79.6264263021602,24.6521958725645,0 79.6264248111859,24.6521938960135,0 79.626423207355,24.6521919946905,0 79.6264214952025,24.6521901739719,0 79.6264196795701,24.6521884390061,0 79.6263808005659,24.6521532120556,0 79.6263895430684,24.6521110005729,0</coordinates></LinearRing></outerBoundaryIs><innerBoundaryIs><LinearRing><coordinates>79.626359461223,24.652256244809,0 79.6263593242719,24.6522687585229,0 79.6263568741158,24.6522687361262,0 79.626359461223,24.652256244809,0</coordinates></LinearRing></innerBoundaryIs><innerBoundaryIs><LinearRing><coordinates>79.6258722753798,24.6516322191299,0 79.6258755518689,24.6516322490902,0 79.6258721125005,24.6516470971469,0 79.6258722753798,24.6516322191299,0</coordinates></LinearRing></innerBoundaryIs><innerBoundaryIs><LinearRing><coordinates>79.625814707029,24.6511448260754,0 79.6258127074617,24.6511433199205,0 79.62581062423,24.6511419116622,0 79.6258084630658,24.6511406051753,0 79.6258062299154,24.6511394040546,0 79.6258039309232,24.6511383116048,0 79.6258015724147,24.6511373308317,0 79.6257991608793,24.6511364644338,0 79.6257967029521,24.6511357147952,0 79.6257926071955,24.6511345738346,0 79.6257853248857,24.6511288638453,0 79.625786109787,24.6511289963584,0 79.6257886915807,24.6511293047319,0 79.6257912875666,24.6511294883507,0 79.6257938905327,24.6511295467046,0 79.6257964932472,24.6511294796316,0 79.6257990884793,24.6511292873178,0 79.625801669019,24.6511289702977,0 79.6258042276968,24.651128529452,0 79.6258067574042,24.6511279660055,0 79.6258092511133,24.6511272815234,0 79.6258117018959,24.6511264779075,0 79.6258141029433,24.6511255573904,0 79.6258164475848,24.6511245225294,0 79.6258187293066,24.6511233761997,0 79.6258209417695,24.6511221215859,0 79.6258212753657,24.6511219093807,0 79.6258237735521,24.6511481623584,0 79.6258220541059,24.651152117081,0 79.6258217623862,24.6511517429835,0 79.6258201499686,24.6511498892013,0 79.6258184334089,24.6511481152408,0 79.6258166174302,24.6511464259828,0 79.625814707029,24.6511448260754,0</coordinates></LinearRing></innerBoundaryIs><innerBoundaryIs><LinearRing><coordinates>79.6257006924984,24.6509719952237,0 79.6257032938803,24.6509721839082,0 79.6257058182838,24.6509722447494,0 79.6257053600299,24.6509740028014,0 79.6257048897917,24.6509763516049,0 79.6257045560909,24.6509787198452,0 79.6257043598611,24.6509811008976,0 79.6257043016511,24.6509834881016,0 79.6257043816238,24.6509858747795,0 79.6257045995554,24.650988254255,0 79.6257049548364,24.6509906198718,0 79.6257054464729,24.6509929650127,0 79.6257060730897,24.6509952831176,0 79.6257068329339,24.6509975677019,0 79.6257077238801,24.650999812375,0 79.6257087434359,24.6510020108578,0 79.6257098887494,24.6510041570005,0 79.6257111566168,24.6510062447997,0 79.6257125434914,24.6510082684151,0 79.6257140454937,24.6510102221859,0 79.6257156584222,24.651012100647,0 79.625717377765,24.6510138985436,0 79.6257191987125,24.6510156108466,0 79.6257211161711,24.6510172327659,0 79.6257231247769,24.6510187597646,0 79.6257252189112,24.6510201875712,0 79.6257273927162,24.6510215121918,0 79.625729640111,24.6510227299207,0 79.6257319548089,24.6510238373519,0 79.6257343303349,24.6510248313873,0 79.6257367600441,24.6510257092463,0 79.6257392371396,24.6510264684734,0 79.6257394480437,24.6510265219603,0 79.6257383478387,24.6510282565441,0 79.6257372024671,24.6510302940041,0 79.6257361716451,24.6510323819357,0 79.6257352580261,24.6510345149638,0 79.6257344639622,24.6510366875975,0 79.6257337914975,24.6510388942437,0 79.6257332423631,24.651041129222,0 79.6257328179727,24.6510433867788,0 79.6257325194187,24.6510456611025,0 79.6257323474698,24.6510479463384,0 79.6257313474616,24.6510690463377,0 79.6257313028527,24.6510713707186,0 79.6257313892213,24.6510736941166,0 79.6257316063384,24.651076010371,0 79.6257319536282,24.6510783133405,0 79.6257323728737,24.6510803223561,0 79.6257095016771,24.6510486986395,0 79.6256934422711,24.6509707782681,0 79.6256955405503,24.6509712428726,0 79.6256981056487,24.6509716812531,0 79.6257006924984,24.6509719952237,0</coordinates></LinearRing></innerBoundaryIs><innerBoundaryIs><LinearRing><coordinates>79.6256555540687,24.6508817840743,0 79.6256576798399,24.6508831132069,0 79.6256594005269,24.6508840727226,0 79.6256589491134,24.6508848875145,0 79.6256578857053,24.6508870912963,0 79.6256569524088,24.6508893437727,0 79.6256564824081,24.650890691056,0 79.625649271268,24.6508780141527,0 79.6256500425754,24.6508775362609,0 79.6256515441654,24.6508788313246,0 79.6256535069889,24.6508803554856,0 79.6256555540687,24.6508817840743,0</coordinates></LinearRing></innerBoundaryIs><innerBoundaryIs><LinearRing><coordinates>79.6253178660658,24.6504760599233,0 79.6253170162609,24.6504782570456,0 79.6253162916367,24.6504804913168,0 79.6253160286392,24.6504814884708,0 79.6253143408654,24.6504736649514,0 79.6253155663077,24.6504739476696,0 79.6253181015355,24.6504744051824,0 79.6253185846538,24.6504744685897,0 79.6253178660658,24.6504760599233,0</coordinates></LinearRing></innerBoundaryIs><innerBoundaryIs><LinearRing><coordinates>79.6245265489923,24.650167929748,0 79.6245271155066,24.6501685484399,0 79.6245263247188,24.6501681586634,0 79.6245265489923,24.650167929748,0</coordinates></LinearRing></innerBoundaryIs><innerBoundaryIs><LinearRing><coordinates>79.6254694622185,24.6514137326851,0 79.6254712058677,24.6514155207972,0 79.6254730508255,24.65141722188,0 79.6254741825694,24.6514181601631,0 79.6254620133817,24.6514272623136,0 79.6254615941694,24.6514275931588,0 79.6254633316695,24.6514123899769,0 79.6254635305063,24.6514100755722,0 79.6254635989032,24.651407754886,0 79.625463588794,24.6514073778312,0 79.6254694622185,24.6514137326851,0</coordinates></LinearRing></innerBoundaryIs><innerBoundaryIs><LinearRing><coordinates>79.6260419758004,24.6522263918527,0 79.6260443707002,24.6522272777057,0 79.6260468130019,24.6522280479138,0 79.6260492960251,24.6522287003702,0 79.6260518129777,24.6522292332901,0 79.6260543569749,24.6522296452158,0 79.626056921058,24.6522299350206,0 79.6260594982133,24.6522301019117,0 79.6260615567728,24.652230136594,0 79.6260617650625,24.6522313084258,0 79.6260623159319,24.6522336289776,0 79.6260629995411,24.6522359198496,0 79.6260630435862,24.6522360417898,0 79.6260629229649,24.6522360323233,0 79.6260603106111,24.6522359541145,0 79.6260576973876,24.652236002294,0 79.6260550906104,24.6522361767269,0 79.6260524975773,24.6522364769247,0 79.6260499255476,24.6522369020472,0 79.6260473817218,24.6522374509041,0 79.6260448732216,24.6522381219589,0 79.6260424070695,24.652238913333,0 79.6260399901697,24.6522398228108,0 79.6260376292884,24.6522408478462,0 79.6260353310351,24.6522419855696,0 79.6260331018437,24.6522432327959,0 79.6260309479551,24.6522445860334,0 79.6260288753991,24.6522460414937,0 79.6260268899781,24.652247595102,0 79.6260249972502,24.6522492425091,0 79.6260232025142,24.6522509791029,0 79.6260230324394,24.6522511621665,0 79.626022828732,24.6522500947351,0 79.6260222597482,24.6522478168092,0 79.6260215625733,24.6522455688373,0 79.6260207390748,24.6522433568403,0 79.6260197914583,24.6522411867432,0 79.626018722262,24.6522390643584,0 79.6260175343497,24.6522369953708,0 79.6260162309033,24.6522349853219,0 79.626014815414,24.6522330395958,0 79.6260132916731,24.6522311634039,0 79.626011663762,24.6522293617716,0 79.6260099360409,24.6522276395245,0 79.6260081131375,24.6522260012756,0 79.6260076540794,24.6522256293983,0 79.626017320652,24.6522115165963,0 79.6260329989213,24.6522217450537,0 79.6260351402668,24.6522230661963,0 79.6260373542629,24.652224283214,0 79.6260396348535,24.6522253927778,0 79.6260419758004,24.6522263918527,0</coordinates></LinearRing></innerBoundaryIs></Polygon>
  </Placemark>
  
    </Document>
</kml>