<?xml version="1.0" encoding="UTF-8"?>
<kml xmlns="http://www.opengis.net/kml/2.2">
    <Document>
        <Placemark xmlns:ns0="http://www.opengis.net/kml/2.2">
	<Style><LineStyle><color>ff0000ff</color></LineStyle><PolyStyle><fill>0</fill></PolyStyle></Style>
	<ExtendedData><SchemaData schemaUrl="#Wave23_v27MAR2025">
		<SimpleData name="area(ha)">4.720071398394564</SimpleData>
		<SimpleData name="site_id">230074_3.3</SimpleData>
		<SimpleData name="Land_parc">230074</SimpleData>
		<SimpleData name="district">Panna</SimpleData>
		<SimpleData name="block">Raipura</SimpleData>
		<SimpleData name="village">Itora</SimpleData>
		<SimpleData name="Land Type">Community</SimpleData>
		<SimpleData name="Instance">Wave 2023</SimpleData>
	</SchemaData></ExtendedData>
      <Polygon><outerBoundaryIs><LinearRing><coordinates>79.9694873820509,23.9392069631054,0 79.9694875040394,23.9392093224471,0 79.9694877600874,23.9392116726982,0 79.9694881494942,23.939214007428,0 79.9694886711943,23.9392163202486,0 79.9694893237604,23.9392186048315,0 79.9694901054069,23.939220854926,0 79.9694910139952,23.9392230643755,0 79.9694920470391,23.9392252271346,0 79.9694932017123,23.9392273372858,0 79.9694944748554,23.9392293890554,0 79.9694958629848,23.9392313768294,0 79.9694973623025,23.9392332951691,0 79.9694989687062,23.9392351388256,0 79.9695006778005,23.9392369027545,0 79.9695024849091,23.9392385821293,0 79.9695043850875,23.9392401723552,0 79.9695063731367,23.939241669081,0 79.9695084436169,23.9392430682115,0 79.9695353436205,23.9392602682164,0 79.9695375103646,23.9392615770404,0 79.9695397492163,23.9392627789769,0 79.9695420539401,23.9392638706784,0 79.9695444181167,23.9392648491043,0 79.9695468351616,23.9392657115295,0 79.9695492983427,23.9392664555519,0 79.9695518007997,23.9392670790993,0 79.9695543355627,23.939267580435,0 79.969556895572,23.9392679581627,0 79.9695594736973,23.9392682112304,0 79.9695620627581,23.9392683389331,0 79.9695646555435,23.9392683409153,0 79.9695672448318,23.9392682171713,0 79.9695698234116,23.9392679680459,0 79.969572384101,23.9392675942329,0 79.9695749197679,23.9392670967735,0 79.96957742335,23.9392664770532,0 79.9695798878744,23.9392657367979,0 79.9695823064768,23.9392648780696,0 79.9695846724211,23.9392639032598,0 79.9695869791175,23.9392628150837,0 79.9695892201416,23.9392616165719,0 79.9695913892516,23.9392603110627,0 79.9695934804061,23.939258902192,0 79.9695954877809,23.9392573938839,0 79.969597405785,23.9392557903394,0 79.9695992290764,23.9392540960244,0 79.969600952577,23.9392523156582,0 79.9696025714864,23.9392504541993,0 79.9696040812957,23.9392485168322,0 79.9696054777998,23.939246508953,0 79.969606757109,23.9392444361538,0 79.9696079156605,23.9392423042079,0 79.9696089502272,23.9392401190532,0 79.9696320548755,23.9391875705388,0 79.9696387543634,23.9391824106834,0 79.969640663779,23.9391808608841,0 79.9696424832285,23.9391792222019,0 79.9696442078205,23.9391774990425,0 79.9696458329186,23.9391756960385,0 79.9696473541536,23.9391738180372,0 79.9696487674359,23.9391718700875,0 79.9696500689658,23.9391698574264,0 79.9696512552443,23.9391677854649,0 79.9696523230822,23.9391656597734,0 79.9696532696085,23.9391634860666,0 79.9696540922786,23.9391612701885,0 79.9696547888808,23.9391590180964,0 79.9696553575424,23.939156735845,0 79.9696557967344,23.9391544295699,0 79.9696561052762,23.9391521054716,0 79.9696561800969,23.9391511184912,0 79.9696728123169,23.9391457033517,0 79.9696727956513,23.9391459666766,0 79.969672781694,23.9391483467387,0 79.9696729041975,23.9391507241705,0 79.9696731628216,23.9391530923671,0 79.9696735568476,23.9391554447492,0 79.969674085181,23.9391577747813,0 79.9696747463539,23.9391600759901,0 79.9696755385294,23.9391623419824,0 79.9696764595068,23.9391645664628,0 79.9696775067273,23.9391667432512,0 79.9696786772817,23.9391688663,0 79.9696799679177,23.9391709297111,0 79.9696813750499,23.9391729277517,0 79.9696821755738,23.9391740013233,0 79.9696801798958,23.9391743184888,0 79.9696777013214,23.9391748349904,0 79.9696752551238,23.9391754686097,0 79.9696728478491,23.939176217651,0 79.9696704859392,23.9391770801099,0 79.9696681757149,23.9391780536784,0 79.9696659233583,23.9391791357511,0 79.9696637348969,23.9391803234325,0 79.9696616161872,23.939181613544,0 79.9696595728989,23.9391830026335,0 79.9696576105001,23.9391844869835,0 79.9696557342421,23.9391860626219,0 79.9696539491459,23.9391877253322,0 79.9696522599887,23.9391894706648,0 79.9696506712906,23.9391912939493,0 79.9696491873031,23.9391931903063,0 79.9696478119975,23.9391951546611,0 79.9696465490541,23.9391971817569,0 79.9696454018527,23.9391992661692,0 79.9696443734632,23.93920140232,0 79.9696434666377,23.9392035844928,0 79.9696426838029,23.9392058068479,0 79.9696420270538,23.9392080634383,0 79.9696414981477,23.9392103482251,0 79.9696410985002,23.9392126550942,0 79.9696408291806,23.9392149778722,0 79.9696406909098,23.9392173103432,0 79.9696406840577,23.9392196462655,0 79.9696408086427,23.9392219793879,0 79.9696410643314,23.9392243034669,0 79.9696414504395,23.9392266122831,0 79.9696419659339,23.939228899658,0 79.9696426094351,23.9392311594704,0 79.9696433792209,23.939233385673,0 79.9696442732315,23.9392355723083,0 79.9696452890743,23.9392377135247,0 79.969646424031,23.9392398035923,0 79.9696476750644,23.9392418369178,0 79.9696490388266,23.93924380806,0 79.969650511668,23.939245711744,0 79.9696591823527,23.9392563263965,0 79.9696139865962,23.9393287280271,0 79.9696127735477,23.9393307938937,0 79.9696116789487,23.9393329149117,0 79.9696107057577,23.9393350853489,0 79.9696098566049,23.9393372993391,0 79.9696091337854,23.9393395508986,0 79.9696085392527,23.9393418339421,0 79.9696080746135,23.9393441422993,0 79.9696077411239,23.9393464697313,0 79.969607539685,23.9393488099478,0 79.9696074708413,23.9393511566239,0 79.9696075347789,23.9393535034173,0 79.9696077313249,23.9393558439853,0 79.9696080599483,23.9393581720019,0 79.9696085197607,23.9393604811754,0 79.9696091095195,23.9393627652647,0 79.9696098276308,23.9393650180966,0 79.9696106721537,23.9393672335824,0 79.9696116408057,23.9393694057343,0 79.9696127309689,23.9393715286815,0 79.9696139396969,23.9393735966865,0 79.9696152637229,23.9393756041601,0 79.9696166994683,23.9393775456765,0 79.969618243053,23.9393794159886,0 79.9696198903049,23.9393812100414,0 79.9696216367721,23.9393829229861,0 79.9696234777345,23.9393845501931,0 79.9696254082163,23.9393860872646,0 79.9696274230002,23.9393875300464,0 79.9696295166408,23.939388874639,0 79.9697008166515,23.9394321746518,0 79.969702972126,23.939433411271,0 79.9697051942793,23.9394345438078,0 79.9697074771674,23.9394355692326,0 79.969709814684,23.9394364848027,0 79.9697122005764,23.9394372880689,0 79.9697146284628,23.9394379768828,0 79.9697170918488,23.9394385494016,0 79.9697195841451,23.9394390040942,0 79.9697220986854,23.9394393397441,0 79.9697246287434,23.9394395554537,0 79.9697271675515,23.9394396506458,0 79.9697297083189,23.9394396250659,0 79.9697322442493,23.9394394787824,0 79.9697332297405,23.9394393747033,0 79.9697331906071,23.9394397481567,0 79.9697330783361,23.9394421081928,0 79.969733100501,23.9394444703961,0 79.9697332570413,23.9394468283015,0 79.9697335475284,23.9394491754559,0 79.9697339711674,23.9394515054358,0 79.9697345267989,23.9394538118643,0 79.9697352129022,23.9394560884294,0 79.9697360275997,23.9394583289004,0 79.9697369686616,23.9394605271456,0 79.9697380335124,23.939462677149,0 79.969739219238,23.9394647730264,0 79.9697405225932,23.9394668090418,0 79.9697419400109,23.9394687796231,0 79.9697434676121,23.9394706793771,0 79.969745101216,23.9394725031046,0 79.9697468363518,23.9394742458145,0 79.9697486682707,23.9394759027373,0 79.9697505919591,23.9394774693383,0 79.9697526021524,23.9394789413302,0 79.969754693349,23.9394803146842,0 79.969818293358,23.9395198146958,0 79.969820448929,23.9395210796153,0 79.9698226731952,23.9395222397225,0 79.9698249601295,23.9395232918737,0 79.9698273035348,23.9395242332179,0 79.969829697061,23.9395250612043,0 79.9698321342224,23.9395257735891,0 79.9698346084147,23.939526368442,0 79.9698371129336,23.9395268441511,0 79.9698396409923,23.9395271994274,0 79.9698421857404,23.939527433308,0 79.9698447402823,23.9395275451594,0 79.9698472976958,23.9395275346783,0 79.9698498510509,23.9395274018932,0 79.9698523934286,23.9395271471639,0 79.9698549179397,23.9395267711806,0 79.9698574177434,23.9395262749622,0 79.9698598860658,23.9395256598533,0 79.9698623162184,23.9395249275207,0 79.969864701616,23.9395240799488,0 79.9698670357948,23.9395231194344,0 79.9698693124297,23.9395220485802,0 79.9698715253516,23.939520870288,0 79.9698736685639,23.9395195877506,0 79.9698757362593,23.9395182044435,0 79.9698777228345,23.939516724115,0 79.9698796229066,23.9395151507766,0 79.9698814313268,23.9395134886915,0 79.9698831431947,23.9395117423636,0 79.9698847538716,23.939509916525,0 79.9698862589929,23.9395080161233,0 79.9699215589859,23.9394609161139,0 79.9699228850811,23.9394590497453,0 79.9699241093505,23.9394571255011,0 79.9699252288108,23.9394551480706,0 79.9699262407339,23.9394531222725,0 79.9699271426539,23.9394510530434,0 79.9699279323729,23.9394489454259,0 79.9699438323583,23.9394028454206,0 79.9699445374945,23.9394006009901,0 79.9699451153959,23.9393983260447,0 79.9699455645155,23.9393960266733,0 79.9699458836514,23.9393937090302,0 79.9699460719494,23.9393913793186,0 79.9699461289054,23.939389043774,0 79.9699460543672,23.9393867086476,0 79.9699458485341,23.9393843801894,0 79.9699455119572,23.9393820646315,0 79.9699450455372,23.9393797681716,0 79.9699444505226,23.9393774969561,0 79.9699437285059,23.939375257064,0 79.9699428814196,23.9393730544905,0 79.969941911531,23.9393708951306,0 79.969940821436,23.9393687847641,0 79.9699396140522,23.9393667290393,0 79.9699382926113,23.9393647334584,0 79.9699368606501,23.9393628033626,0 79.9699353220013,23.9393609439178,0 79.9699336807831,23.9393591601009,0 79.9699319413882,23.9393574566863,0 79.9699301084722,23.9393558382332,0 79.9699281869409,23.9393543090734,0 79.9699264558615,23.9393530019322,0 79.9699193121833,23.9393242673283,0 79.9699204888028,23.9393195970469,0 79.9699210405393,23.9393201613795,0 79.9699228816334,23.939321854695,0 79.9699248177759,23.9393234559516,0 79.9699268435253,23.9393249606489,0 79.969928953188,23.9393263645578,0 79.9699311408348,23.9393276637326,0 79.9699334003171,23.9393288545218,0 79.9699357252845,23.9393299335786,0 79.9699381092026,23.9393308978704,0 79.9699405453712,23.9393317446869,0 79.9699430269433,23.9393324716481,0 79.9699455469444,23.9393330767108,0 79.9699480982918,23.9393335581745,0 79.9699506738148,23.9393339146859,0 79.9699532662748,23.9393341452431,0 79.9699558683854,23.9393342491981,0 79.9699584728334,23.9393342262587,0 79.9699610722987,23.9393340764894,0 79.9699636594754,23.9393338003111,0 79.9699662270921,23.9393333985,0 79.9699687679324,23.9393328721855,0 79.9699899995078,23.9393279272268,0 79.9700091725023,23.9393439294939,0 79.970011095614,23.9393454531201,0 79.9700131017979,23.9393468833953,0 79.9700151856958,23.9393482164995,0 79.9700173417422,23.9393494488724,0 79.9700195641788,23.9393505772226,0 79.9700218470701,23.9393515985365,0 79.970024184319,23.9393525100866,0 79.9700265696833,23.9393533094381,0 79.9700289967924,23.9393539944564,0 79.9700314591639,23.9393545633119,0 79.9700339502215,23.9393550144853,0 79.9700364633123,23.9393553467716,0 79.9700389917243,23.9393555592834,0 79.9700415287049,23.9393556514531,0 79.9700440674783,23.9393556230346,0 79.9700466012641,23.9393554741036,0 79.9700491232953,23.9393552050581,0 79.970051626836,23.9393548166166,0 79.9700541052,23.9393543098165,0 79.9700565517682,23.9393536860113,0 79.9700589600064,23.939352946867,0 79.9700613234827,23.9393520943578,0 79.970063635885,23.9393511307604,0 79.9700658910374,23.9393500586484,0 79.9700680829168,23.9393488808852,0 79.9700915560913,23.939335508289,0 79.970118210786,23.9393328950832,0 79.9701167387941,23.939334520192,0 79.9701152093358,23.9393363992979,0 79.9701137881576,23.9393383488988,0 79.970112479098,23.9393403637289,0 79.9701112856925,23.9393424383465,0 79.9701102111645,23.9393445671483,0 79.970109258416,23.9393467443847,0 79.9701084300205,23.9393489641751,0 79.9701077282152,23.9393512205242,0 79.9701071548957,23.9393535073379,0 79.9701067116105,23.9393558184397,0 79.9701063995568,23.9393581475876,0 79.9701062195774,23.939360488491,0 79.9701061721585,23.9393628348271,0 79.9701062574281,23.939365180259,0 79.9701064751559,23.9393675184518,0 79.970106824754,23.9393698430905,0 79.970107305278,23.9393721478962,0 79.9701079154302,23.9393744266442,0 79.970115950378,23.9394013945487,0 79.9701201663242,23.9394246826856,0 79.9700551704673,23.9394020653592,0 79.9700102442314,23.9393858640851,0 79.9700078057782,23.9393850523172,0 79.9700053241158,23.9393843599511,0 79.9700028061596,23.9393837889161,0 79.9700002589264,23.9393833408037,0 79.9699976895144,23.9393830168625,0 79.9699951050837,23.9393828179953,0 79.9699925128362,23.9393827447561,0 79.9699899199956,23.9393827973492,0 79.9699873337872,23.9393829756279,0 79.969984761418,23.9393832790954,0 79.9699822100562,23.9393837069061,0 79.9699796868116,23.9393842578679,0 79.9699771987157,23.9393849304453,0 79.9699747527018,23.9393857227642,0 79.9699723555862,23.9393866326166,0 79.9699700140488,23.939387657467,0 79.9699677346147,23.9393887944596,0 79.9699655236358,23.939390040426,0 79.9699633872735,23.9393913918941,0 79.9699613314811,23.9393928450977,0 79.9699593619872,23.9393943959874,0 79.9699574842803,23.9393960402413,0 79.9699557035928,23.9393977732775,0 79.9699540248869,23.9393995902665,0 79.9699524528406,23.9394014861451,0 79.9699509918347,23.9394034556301,0 79.9699496459405,23.9394054932332,0 79.9699484189085,23.9394075932763,0 79.9699473141581,23.9394097499073,0 79.9699463347678,23.9394119571164,0 79.9699454834669,23.939414208753,0 79.9699447626276,23.9394164985423,0 79.9699441742587,23.9394188201037,0 79.9699437199997,23.9394211669676,0 79.9699434011167,23.9394235325942,0 79.9699432184981,23.9394259103913,0 79.9699431726528,23.9394282937328,0 79.9699432637087,23.9394306759772,0 79.9699434914121,23.9394330504858,0 79.9699438551283,23.9394354106418,0 79.9699443538438,23.9394377498682,0 79.9699449861689,23.9394400616465,0 79.9699457503416,23.9394423395344,0 79.9699466442323,23.9394445771842,0 79.9699476653501,23.9394467683605,0 79.9699488108494,23.9394489069571,0 79.9699500775383,23.9394509870145,0 79.9699514618868,23.9394530027362,0 79.9699529600372,23.9394549485052,0 79.9699545678147,23.9394568188993,0 79.9699856136958,23.9394910388117,0 79.9700277645301,23.939539054991,0 79.9700294033499,23.9395408265069,0 79.970031139217,23.9395425181332,0 79.9700329675282,23.9395441253839,0 79.9700348834351,23.939545643997,0 79.9700368818572,23.9395470699455,0 79.970038957495,23.9395483994479,0 79.9700411048444,23.9395496289786,0 79.9700433182109,23.9395507552772,0 79.9700455917252,23.9395517753571,0 79.9700479193583,23.939552686513,0 79.9700502949378,23.9395534863288,0 79.9700527121641,23.9395541726836,0 79.9700551646272,23.9395547437572,0 79.9700576458236,23.9395551980353,0 79.9700601491737,23.9395555343132,0 79.9700626680391,23.9395557516992,0 79.9700651957403,23.9395558496168,0 79.9700677255741,23.9395558278063,0 79.9700702508321,23.9395556863257,0 79.9700727648177,23.93955542555,0 79.9700752608643,23.9395550461708,0 79.9700776857953,23.9395545585561,0 79.9700775844128,23.9395564345324,0 79.9700775906411,23.9395587853323,0 79.9700777299682,23.9395611326487,0 79.9700780020162,23.9395634701197,0 79.970078406048,23.9395657914101,0 79.9700789409685,23.9395680902289,0 79.9700796053279,23.9395703603454,0 79.9700803973258,23.9395725956073,0 79.9700813148154,23.9395747899562,0 79.9700823553104,23.9395769374451,0 79.9700835159906,23.9395790322537,0 79.9700847937103,23.9395810687044,0 79.9700861850066,23.9395830412781,0 79.9700876861087,23.9395849446286,0 79.9700892929483,23.9395867735972,0 79.9700910011704,23.9395885232271,0 79.9700928061454,23.9395901887762,0 79.9700947029812,23.9395917657306,0 79.970096686537,23.9395932498163,0 79.9700987514369,23.939594637011,0 79.9701008920845,23.9395959235551,0 79.970103102678,23.9395971059617,0 79.9701053772262,23.9395981810263,0 79.9701077095646,23.939599145835,0 79.9701100933718,23.9395999977732,0 79.9701125221871,23.9396007345316,0 79.9701265367134,23.9396046169353,0 79.9701352922232,23.9396162051148,0 79.9701476372986,23.9396394844145,0 79.9701488354281,23.9396415999871,0 79.9701501534169,23.9396436544649,0 79.9701515875882,23.9396456421164,0 79.970153133941,23.9396475573965,0 79.9701547881615,23.9396493949622,0 79.9701565456349,23.9396511496872,0 79.9701584014582,23.9396528166763,0 79.9701603504543,23.939654391279,0 79.970162387186,23.9396558691027,0 79.9701645059713,23.9396572460245,0 79.9701667008995,23.9396585182034,0 79.9701689658473,23.9396596820902,0 79.9701712944961,23.9396607344379,0 79.9701734938081,23.939661598982,0 79.9701734738319,23.9396628104014,0 79.9701735719676,23.9396651978999,0 79.9701738073575,23.9396675772859,0 79.9701741793426,23.9396699418981,0 79.9701746868815,23.9396722851167,0 79.9701753285535,23.939674600382,0 79.9701761025621,23.9396768812124,0 79.9701770067405,23.9396791212226,0 79.9701780385575,23.9396813141417,0 79.9701791951244,23.9396834538307,0 79.9701804732036,23.9396855342995,0 79.970181869217,23.9396875497237,0 79.9701833792564,23.9396894944613,0 79.9701849990946,23.9396913630678,0 79.9701867241967,23.9396931503121,0 79.9701885497333,23.9396948511909,0 79.9701904705939,23.9396964609424,0 79.970192481401,23.9396979750603,0 79.9701945765252,23.9396993893056,0 79.9701967501014,23.9397006997193,0 79.9701989960446,23.9397019026327,0 79.9702013080671,23.9397029946784,0 79.9702036796966,23.9397039727991,0 79.9702061042936,23.9397048342567,0 79.9702085750705,23.9397055766393,0 79.9702110851102,23.9397061978688,0 79.970213627386,23.939706696206,0 79.9702161947807,23.9397070702558,0 79.9702187801068,23.939707318971,0 79.9702213761267,23.9397074416554,0 79.9702239755729,23.9397074379655,0 79.9702265711682,23.9397073079116,0 79.9702291556462,23.9397070518578,0 79.9702297251488,23.9397069672274,0 79.9702305354038,23.9397077144119,0 79.970232471067,23.9397093193652,0 79.970234496629,23.9397108276893,0 79.9702366063867,23.9397122351372,0 79.9702387944,23.9397135377463,0 79.9702410545081,23.9397147318488,0 79.9702433803477,23.9397158140827,0 79.9702457653701,23.9397167814008,0 79.97024820286,23.9397176310796,0 79.9702506859544,23.9397183607267,0 79.970253207662,23.9397189682877,0 79.9702557608827,23.9397194520521,0 79.9702583384277,23.9397198106576,0 79.9702609330395,23.9397200430946,0 79.9702635374129,23.9397201487086,0 79.9702638339899,23.9397201462619,0 79.9702638903046,23.9397219765097,0 79.9702640278093,23.9397243087126,0 79.970264296332,23.9397266312609,0 79.9702646951545,23.9397289379411,0 79.9702652232096,23.9397312225818,0 79.9702658790846,23.9397334790708,0 79.970266661025,23.9397357013714,0 79.9702675669386,23.9397378835379,0 79.9702685944019,23.9397400197324,0 79.970269740666,23.9397421042397,0 79.9702710026643,23.939744131483,0 79.9702723770205,23.9397460960389,0 79.9702738600576,23.9397479926512,0 79.9702754478081,23.939749816246,0 79.9702771360242,23.9397515619445,0 79.9702789201893,23.9397532250763,0 79.97028079553,23.9397548011919,0 79.9702827570292,23.9397562860747,0 79.9702847994392,23.939757675752,0 79.9702869172958,23.939758966506,0 79.970289104933,23.9397601548835,0 79.9702913564981,23.9397612377051,0 79.9702936659673,23.9397622120738,0 79.970296027162,23.939763075383,0 79.9702984337651,23.9397638253229,0 79.9703008793381,23.9397644598872,0 79.9703023291427,23.9397647626558,0 79.9703027556035,23.9397662879784,0 79.970303531837,23.9397685599314,0 79.9703044373037,23.9397707911134,0 79.9703054694854,23.9397729753194,0 79.9703066255114,23.9397751064749,0 79.9703079021668,23.9397771786527,0 79.9703092959009,23.9397791860901,0 79.9703108028377,23.9397811232041,0 79.9703124187863,23.9397829846073,0 79.9703141392525,23.9397847651229,0 79.9703159594515,23.9397864597992,0 79.9703178743211,23.9397880639231,0 79.9703198785358,23.9397895730334,0 79.9703219665218,23.9397909829329,0 79.970324132472,23.9397922897006,0 79.9703263703628,23.9397934897023,0 79.9703286739702,23.9397945796007,0 79.9703310368878,23.9397955563644,0 79.970333452544,23.9397964172772,0 79.9703359142205,23.9397971599447,0 79.9703384150712,23.9397977823015,0 79.9703409481409,23.9397982826166,0 79.9703435063849,23.9397986594987,0 79.9703460826883,23.9397989118996,0 79.9703486698862,23.9397990391174,0 79.9703508794372,23.9397990405509,0 79.9703518760313,23.9398010685717,0 79.9703530687254,23.9398031891659,0 79.9703543816822,23.9398052488644,0 79.9703558112321,23.9398072419108,0 79.9703573533798,23.939809162735,0 79.9703590038156,23.9398110059688,0 79.9703607579267,23.9398127664607,0 79.9703626108109,23.9398144392906,0 79.9703645572897,23.9398160197832,0 79.9703665919231,23.9398175035215,0 79.970368709025,23.9398188863587,0 79.9703709026783,23.9398201644302,0 79.9703731667525,23.939821334164,0 79.9703754949198,23.939822392291,0 79.9703778806737,23.9398233358539,0 79.9703803173465,23.9398241622157,0 79.9703827981282,23.939824869067,0 79.9703853160855,23.9398254544321,0 79.9703878641815,23.9398259166752,0 79.9703904352947,23.9398262545045,0 79.9703930222395,23.9398264669756,0 79.9704010200562,23.9398269283888,0 79.9704039779206,23.9398307031884,0 79.9704036897885,23.9398313175019,0 79.9704027952034,23.9398335384524,0 79.9704020285369,23.9398357994568,0 79.970401391898,23.9398380942956,0 79.9704008870376,23.9398404166568,0 79.9704005153446,23.9398427601522,0 79.9704002778414,23.9398451183357,0 79.9704001751812,23.9398474847207,0 79.9704002076465,23.9398498527982,0 79.9704003751479,23.9398522160544,0 79.9704006772248,23.9398545679887,0 79.9704011130462,23.9398569021319,0 79.9704016814133,23.9398592120634,0 79.9704023807627,23.9398614914295,0 79.9704032091709,23.9398637339604,0 79.970404164359,23.9398659334877,0 79.9704052436998,23.9398680839612,0 79.9704064442244,23.9398701794657,0 79.9704077626305,23.9398722142373,0 79.9704091952917,23.9398741826789,0 79.9704107382672,23.939876079376,0 79.9704123873127,23.9398778991115,0 79.9704141378924,23.9398796368799,0 79.9704159851911,23.9398812879012,0 79.9704179241274,23.9398828476341,0 79.9704199493679,23.9398843117881,0 79.970422055342,23.939885676336,0 79.9704242362568,23.9398869375243,0 79.9704264861134,23.9398880918839,0 79.9704287987232,23.9398891362396,0 79.9704311677251,23.9398900677187,0 79.9704335866026,23.9398908837591,0 79.9704360487023,23.939891582116,0 79.9704385472517,23.9398921608686,0 79.9704410753784,23.9398926184249,0 79.9704585587906,23.9398953470512,0 79.9704588746172,23.9398956357215,0 79.9704607774375,23.939897202764,0 79.9704627663181,23.9398986767684,0 79.9704648358804,23.9399000537483,0 79.9704669805276,23.93990132998,0 79.9704691944596,23.9399025020118,0 79.9704714716891,23.9399035666743,0 79.9704738060577,23.9399045210882,0 79.9704761912523,23.9399053626724,0 79.9704786208225,23.9399060891509,0 79.9704810881977,23.939906698559,0 79.9704835867052,23.9399071892487,0 79.9704861333012,23.9399076260738,0 79.9704908616647,23.9399169599911,0 79.9704920181228,23.9399190937909,0 79.9704932954885,23.9399211685224,0 79.9704946902018,23.9399231784033,0 79.9704961983757,23.9399251178319,0 79.9704978158067,23.9399269814029,0 79.970499537987,23.9399287639225,0 79.9705013601167,23.9399304604226,0 79.9705032771175,23.939932066175,0 79.9705052836466,23.9399335767044,0 79.9705073741117,23.9399349878009,0 79.9705095426865,23.9399362955316,0 79.9705117833272,23.9399374962519,0 79.9705140897889,23.9399385866152,0 79.9705164556433,23.9399395635827,0 79.9705188742968,23.9399404244314,0 79.9705213390083,23.9399411667623,0 79.9705238429087,23.9399417885062,0 79.9705263790193,23.9399422879305,0 79.9705289402719,23.9399426636431,0 79.9705315195281,23.939942914597,0 79.9705341095995,23.9399430400927,0 79.9705345829995,23.9399430400357,0 79.9705383127569,23.9399444196954,0 79.9705430266477,23.939954552711,0 79.9705441155291,23.9399567314704,0 79.970545328697,23.9399588540375,0 79.9705466627313,23.939960914428,0 79.9705481138708,23.9399629068332,0 79.9705496780245,23.9399648256359,0 79.9705513507825,23.9399666654264,0 79.9705531274289,23.939968421018,0 79.9705550029548,23.9399700874609,0 79.9705569720726,23.9399716600572,0 79.9705606720729,23.9399744600579,0 79.9705626739578,23.9399758968314,0 79.9705647539561,23.9399772365931,0 79.9705669065085,23.9399784757624,0 79.9705691258619,23.9399796110271,0 79.9705714060845,23.9399806393532,0 79.9705737410819,23.939981557992,0 79.9705761246132,23.9399823644884,0 79.9705785503079,23.9399830566868,0 79.9705787355896,23.9399831000494,0 79.9705791650958,23.9399841544847,0 79.9705802132571,23.9399863615555,0 79.9705813879442,23.9399885141284,0 79.9705826858163,23.9399906060813,0 79.9705841031819,23.9399926314645,0 79.97058563601,23.9399945845174,0 79.970587279941,23.9399964596854,0 79.9705890302994,23.9399982516352,0 79.9705908821068,23.9399999552703,0 79.9706041821069,23.9400115552731,0 79.9706060630876,23.9400131131558,0 79.970608028896,23.9400145798993,0 79.9706100743108,23.9400159516076,0 79.9706121938992,23.9400172246374,0 79.9706143820313,23.9400183956073,0 79.9706166328953,23.9400194614073,0 79.9706189405125,23.9400204192063,0 79.9706212987537,23.9400212664604,0 79.9706237013552,23.9400220009192,0 79.9706261419354,23.9400226206319,0 79.9706286140119,23.9400231239524,0 79.9706311110186,23.9400235095439,0 79.9706795110348,23.9400298095466,0 79.9706820805171,23.940030080807,0 79.9706846619705,23.9400302274074,0 79.9706872482407,23.9400302489415,0 79.97068983216,23.9400301453498,0 79.9706924065675,23.9400299169192,0 79.9706949643283,23.9400295642828,0 79.9706974983539,23.940029088418,0 79.9707000016215,23.9400284906436,0 79.9707024671934,23.9400277726162,0 79.9707048882367,23.9400269363257,0 79.9707072580416,23.9400259840899,0 79.9707095700404,23.9400249185479,0 79.9707118178256,23.9400237426526,0 79.9707139951678,23.9400224596629,0 79.9707160960326,23.9400210731345,0 79.9707181145976,23.9400195869101,0 79.9707200452687,23.9400180051085,0 79.9707218826951,23.9400163321137,0 79.9707236217846,23.9400145725621,0 79.9707252577176,23.9400127313301,0 79.9707267859601,23.9400108135206,0 79.9707282022767,23.9400088244486,0 79.9707295027424,23.9400067696266,0 79.970730683753,23.9400046547494,0 79.9707317420354,23.9400024856781,0 79.9707326746567,23.9400002684241,0 79.9707334790324,23.9399980091322,0 79.970734152933,23.9399957140641,0 79.970734694491,23.93999338958,0 79.9707351022055,23.9399910421223,0 79.9707353749466,23.9399886781965,0 79.9707355119584,23.9399863043542,0 79.9707355128611,23.9399839271741,0 79.9707353776524,23.9399815532444,0 79.9707351067069,23.9399791891442,0 79.9707347007756,23.9399768414254,0 79.9707341609834,23.9399745165944,0 79.9707334888263,23.9399722210944,0 79.9707326861672,23.939969961287,0 79.9707317552305,23.939967743435,0 79.9707306985963,23.9399655736851,0 79.9707305958516,23.9399653893799,0 79.9707328144647,23.939965247288,0 79.9707723144784,23.9399617472872,0 79.9707747269017,23.9399614780305,0 79.9707771218877,23.93996109946,0 79.9707794935764,23.9399606125017,0 79.970781836165,23.9399600183473,0 79.9707841439219,23.9399593184505,0 79.9707864112008,23.9399585145236,0 79.9707969112037,23.9399545145224,0 79.9707992334219,23.9399535644436,0 79.9708014990683,23.9399525052429,0 79.970803702078,23.9399513397557,0 79.9708058365537,23.9399500711018,0 79.9708078967816,23.9399487026774,0 79.9708098772469,23.9399472381454,0 79.9708117726479,23.9399456814264,0 79.970813577911,23.9399440366875,0 79.9708152882036,23.9399423083314,0 79.9708168989475,23.9399405009848,0 79.9708184058308,23.9399386194858,0 79.9708198048199,23.9399366688709,0 79.9708210921698,23.9399346543617,0 79.9708222644344,23.9399325813508,0 79.9708233184757,23.9399304553875,0 79.9708242514721,23.9399282821627,0 79.9708250609261,23.9399260674938,0 79.970825744671,23.9399238173094,0 79.9708263008764,23.9399215376329,0 79.9708267280533,23.9399192345667,0 79.9708270250584,23.939916914276,0 79.9708271910966,23.9399145829718,0 79.9708272257234,23.9399122468948,0 79.9708271288461,23.9399099122984,0 79.9708269007241,23.9399075854321,0 79.970826541968,23.9399052725247,0 79.9708260535382,23.9399029797674,0 79.9708254367421,23.9399007132979,0 79.9708163190234,23.9398705472654,0 79.9708167690858,23.9398704990572,0 79.970819317735,23.9398701002137,0 79.970821840028,23.9398695786956,0 79.9708243289801,23.9398689359473,0 79.9708267776992,23.9398681737485,0 79.9708291794042,23.9398672942099,0 79.9708315274444,23.9398662997671,0 79.9708338153178,23.9398651931739,0 79.9708360366888,23.9398639774946,0 79.9708480344032,23.9398570121559,0 79.9708493538821,23.9398572459778,0 79.9708518789557,23.9398575696399,0 79.9708544188973,23.9398577724695,0 79.970856966867,23.9398578539205,0 79.970859516003,23.9398578137735,0 79.9708620594408,23.9398576521366,0 79.9708645903308,23.9398573694451,0 79.9708671018575,23.9398569664603,0 79.9708695872573,23.9398564442674,0 79.9708720398373,23.9398558042727,0 79.9708744529927,23.9398550481996,0 79.9708768202249,23.9398541780842,0 79.9708791351591,23.9398531962697,0 79.9708813915611,23.9398521054002,0 79.9708835833547,23.9398509084132,0 79.9708857046373,23.9398496085322,0 79.9708877496965,23.9398482092578,0 79.9708897130249,23.9398467143582,0 79.9708915893354,23.9398451278591,0 79.9708933735751,23.9398434540329,0 79.9708950609391,23.9398416973871,0 79.9708966468834,23.9398398626523,0 79.9708981271372,23.9398379547694,0 79.9708994977142,23.9398359788763,0 79.9709007549233,23.939833940294,0 79.9709018953791,23.9398318445123,0 79.9709029160103,23.9398296971752,0 79.9709038140685,23.9398275040652,0 79.9709045871351,23.9398252710884,0 79.9709052331283,23.9398230042581,0 79.9709057503085,23.9398207096788,0 79.970906137283,23.9398183935297,0 79.9709063930096,23.9398160620482,0 79.9709065167997,23.9398137215128,0 79.97090650832,23.9398113782265,0 79.9709063675933,23.9398090384997,0 79.9709060949985,23.9398067086333,0 79.9709056912698,23.9398043949014,0 79.9709051574944,23.9398021035349,0 79.9709044951097,23.9397998407043,0 79.9709037058996,23.9397976125034,0 79.9709027919893,23.9397954249326,0 79.9709017558399,23.939793283883,0 79.9709006105093,23.9397912136787,0 79.9709020541308,23.9397920472611,0 79.9709042829308,23.9397931903488,0 79.9709065733115,23.9397942255071,0 79.9709089190915,23.9397951499422,0 79.9709113139397,23.9397959611591,0 79.9709137513928,23.9397966569685,0 79.9709162248723,23.9397972354924,0 79.9709187277025,23.9397976951695,0 79.9709212531287,23.9397980347592,0 79.9709237943349,23.9397982533448,0 79.9709263444627,23.9397983503366,0 79.9709288966297,23.9397983254727,0 79.9709314439477,23.9397981788203,0 79.970933979542,23.939797910775,0 79.9709364965691,23.9397975220604,0 79.9709389882359,23.9397970137256,0 79.9709414478177,23.9397963871425,0 79.9709438686763,23.9397956440021,0 79.9709462442781,23.9397947863102,0 79.9709485682116,23.9397938163815,0 79.9709508342048,23.9397927368337,0 79.9709530361421,23.9397915505805,0 79.9709541001335,23.9397909068985,0 79.9709556403156,23.9397924446987,0 79.9709574854179,23.9397941030477,0 79.9709594227174,23.9397956700592,0 79.9709614468687,23.9397971414093,0 79.9709635522869,23.9397985130385,0 79.9709657331627,23.9397997811621,0 79.9709679834786,23.939800942281,0 79.9709702970256,23.9398019931916,0 79.9709858854539,23.939808611743,0 79.9709960555904,23.9398141681112,0 79.9709977967763,23.939816257535,0 79.9709993831919,23.9398180631498,0 79.9710010684475,23.9398197914631,0 79.9710028480916,23.9398214379096,0 79.9710160480917,23.9398330379124,0 79.9710185734935,23.9398351089584,0 79.9710840734978,23.9398852089717,0 79.9710861043393,23.9398866809298,0 79.9710882166452,23.9398880526195,0 79.9710904045617,23.9398893202395,0 79.9710926620252,23.9398904802768,0 79.9710949827799,23.9398915295165,0 79.971097360394,23.939892465051,0 79.9710997882785,23.9398932842875,0 79.9711022597051,23.9398939849557,0 79.9711047678245,23.9398945651138,0 79.9711073056861,23.9398950231541,0 79.9711098662568,23.9398953578071,0 79.9711124424401,23.9398955681455,0 79.971115027097,23.9398956535863,0 79.9711176130644,23.9398956138927,0 79.9711201931759,23.9398954491748,0 79.9711227602811,23.939895159889,0 79.9711253072659,23.9398947468371,0 79.9711278270717,23.9398942111637,0 79.9711303127155,23.9398935543533,0 79.9711327573086,23.9398927782262,0 79.9711351540765,23.9398918849332,0 79.9711374963769,23.9398908769499,0 79.9711397777186,23.9398897570698,0 79.9711419917793,23.9398885283965,0 79.9711441324231,23.9398871943348,0 79.9711461937178,23.939885758582,0 79.9711481699508,23.9398842251169,0 79.9711500556453,23.9398825981892,0 79.9711518455755,23.9398808823077,0 79.9711535347811,23.9398790822275,0 79.9711551185806,23.9398772029373,0 79.9711565925849,23.9398752496452,0 79.9711579527092,23.9398732277642,0 79.971159195184,23.9398711428977,0 79.9711603165661,23.9398690008235,0 79.9711613137478,23.9398668074779,0 79.9711621839656,23.9398645689393,0 79.971162924808,23.9398622914114,0 79.9711635342217,23.939859981206,0 79.971164010518,23.9398576447252,0 79.9711643523769,23.9398552884443,0 79.971164558851,23.9398529188932,0 79.9711651328665,23.9398430840425,0 79.9711665962829,23.9398440655369,0 79.9711687656014,23.9398453652292,0 79.971171006413,23.9398465580607,0 79.9711733124926,23.9398476407175,0 79.9711756774335,23.939848610192,0 79.9711780946657,23.9398494637908,0 79.9711805574739,23.9398501991425,0 79.971183059016,23.9398508142042,0 79.9711855923424,23.9398513072673,0 79.9711881504154,23.9398516769619,0 79.9711907261283,23.9398519222609,0 79.9711933123255,23.939852042483,0 79.9711959018221,23.939852037294,0 79.9711984874243,23.9398519067085,0 79.971201061949,23.9398516510892,0 79.9712036182438,23.9398512711462,0 79.9712061492071,23.9398507679351,0 79.9712086478076,23.9398501428539,0 79.9712111071038,23.9398493976391,0 79.9712135202635,23.9398485343609,0 79.9712158805827,23.9398475554177,0 79.9712181815042,23.9398464635292,0 79.9712204166357,23.9398452617286,0 79.971235848318,23.9398364545665,0 79.9711711978241,23.9398785548075,0 79.9711691218944,23.9398799837594,0 79.971167130902,23.9398815114106,0 79.9711652303956,23.9398831335036,0 79.9711634256715,23.9398848455179,0 79.9711617217592,23.9398866426826,0 79.9711601234072,23.9398885199892,0 79.9711586350699,23.9398904722058,0 79.9711572608951,23.9398924938922,0 79.9711560047122,23.9398945794141,0 79.9711548700222,23.9398967229595,0 79.9711538599872,23.9398989185547,0 79.9711529774219,23.939901160081,0 79.9711522247861,23.9399034412917,0 79.9711516041771,23.9399057558293,0 79.9711511173245,23.9399080972436,0 79.9711507655851,23.9399104590095,0 79.9711505499391,23.9399128345452,0 79.9711504709875,23.9399152172304,0 79.9711505289504,23.9399176004249,0 79.9711507236661,23.9399199774872,0 79.9711510545922,23.9399223417929,0 79.9711515208063,23.939924686753,0 79.9711521210092,23.9399270058324,0 79.9711528535282,23.9399292925683,0 79.9711537163219,23.939931540588,0 79.971154706986,23.9399337436265,0 79.9711558227595,23.9399358955444,0 79.9711570605329,23.9399379903445,0 79.971158416857,23.9399400221891,0 79.9711598879517,23.9399419854158,0 79.9711614697173,23.9399438745533,0 79.9711631577459,23.9399456843369,0 79.971164947333,23.9399474097231,0 79.9711668334915,23.9399490459034,0 79.9711688109649,23.9399505883182,0 79.9711708742424,23.9399520326689,0 79.9711730175738,23.9399533749304,0 79.9711752349861,23.9399546113621,0 79.9711775202998,23.9399557385181,0 79.971179867146,23.9399567532573,0 79.9711822689844,23.9399576527517,0 79.9711847191216,23.9399584344947,0 79.9711872107294,23.9399590963077,0 79.9711897368641,23.9399596363462,0 79.9711922904857,23.9399600531053,0 79.9712443873,23.9399672573573,0 79.9712470050026,23.93997635044,0 79.9712477300017,23.9399786255689,0 79.9712485839141,23.93998086259,0 79.9712495643862,23.9399830553375,0 79.9712506687156,23.9399851977673,0 79.9712518938584,23.9399872839742,0 79.9712532364376,23.9399893082079,0 79.9712546927526,23.9399912648891,0 79.9712562587895,23.9399931486244,0 79.9712579302316,23.9399949542217,0 79.971259702472,23.9399966767041,0 79.9712615706258,23.939998311324,0 79.9712635295438,23.9399998535757,0 79.9712655738265,23.9400012992083,0 79.9712676978392,23.9400026442372,0 79.9712698957274,23.9400038849551,0 79.9712721614331,23.9400050179421,0 79.9712744887112,23.9400060400753,0 79.971276871147,23.9400069485374,0 79.9712793021737,23.9400077408243,0 79.9712817750906,23.9400084147524,0 79.9712842830815,23.9400089684639,0 79.9712868192336,23.9400094004328,0 79.9712889906776,23.9400096628374,0 79.9712921152471,23.9400308618908,0 79.971292557103,23.9400333397074,0 79.9712931481213,23.9400357911201,0 79.9712938864749,23.9400382085492,0 79.9712947698807,23.9400405845204,0 79.9712957956074,23.9400429116874,0 79.9712969604835,23.9400451828548,0 79.9712982609074,23.9400473910002,0 79.9712996928581,23.9400495292965,0 79.9713137928542,23.9400693293001,0 79.9713152466256,23.9400712593506,0 79.9713168075601,23.9400731173544,0 79.9713184714392,23.9400748982902,0 79.9713202337665,23.940076597345,0 79.9713220897792,23.9400782099271,0 79.9713240344614,23.9400797316785,0 79.9713260625577,23.9400811584867,0 79.971328168587,23.9400824864957,0 79.971330346858,23.9400837121167,0 79.9713325914837,23.9400848320373,0 79.9713348963982,23.940085843231,0 79.9713372553724,23.940086742965,0 79.9713396620312,23.9400875288078,0 79.9713421098705,23.9400881986357,0 79.9713445922751,23.9400887506384,0 79.9713471025364,23.9400891833243,0 79.9713815022274,23.940094265804,0 79.9713911980245,23.9401075526411,0 79.9713926784593,23.9401094713949,0 79.9713942655964,23.9401113166882,0 79.9713959551291,23.9401130835137,0 79.9713977424727,23.9401147670768,0 79.971399622777,23.9401163628091,0 79.9714015909398,23.9401178663804,0 79.9714036416202,23.9401192737107,0 79.9714057692535,23.9401205809811,0 79.9714079680662,23.9401217846441,0 79.9714102320917,23.9401228814335,0 79.9714125551862,23.9401238683731,0 79.971414931046,23.9401247427847,0 79.9714173532239,23.9401255022955,0 79.9714198151471,23.9401261448446,0 79.971422310135,23.9401266686883,0 79.9714248314171,23.9401270724052,0 79.9714273721519,23.9401273548996,0 79.9714299254447,23.9401275154051,0 79.971432484367,23.9401275534861,0 79.9714350419749,23.9401274690392,0 79.9714375913282,23.9401272622936,0 79.9714401255089,23.9401269338104,0 79.9714426376403,23.9401264844808,0 79.9714451209056,23.9401259155243,0 79.9714475685661,23.9401252284846,0 79.97144997398,23.9401244252262,0 79.97145233062,23.9401235079287,0 79.971454632091,23.9401224790814,0 79.9714829320977,23.9401089790775,0 79.9714852021302,23.9401078252847,0 79.9714874027407,23.9401065629764,0 79.9714895277946,23.9401051956719,0 79.9714915713675,23.9401037271827,0 79.9714918828543,23.9401034779194,0 79.9714921747673,23.9401040187832,0 79.9714934368945,23.9401060788335,0 79.9714948146013,23.9401080753448,0 79.9714963041109,23.9401100028443,0 79.9714979013405,23.9401118560482,0 79.9714996019115,23.9401136298764,0 79.9715014011622,23.9401153194663,0 79.971540901162,23.940150519475,0 79.9715428153985,23.9401521372214,0 79.9715448200842,23.9401536596083,0 79.9715469096029,23.9401550823707,0 79.9715490781004,23.9401564015224,0 79.9715513195015,23.9401576133678,0 79.9715536275266,23.9401587145116,0 79.9715559957095,23.940159701869,0 79.9715584174154,23.9401605726736,0 79.9715608858597,23.9401613244858,0 79.9715633941267,23.9401619551994,0 79.9715659351891,23.9401624630473,0 79.9715685019279,23.9401628466067,0 79.971571087152,23.940163104803,0 79.9715736836185,23.9401632369129,0 79.9715762840533,23.9401632425661,0 79.9715788811708,23.940163121747,0 79.9715814676949,23.9401628747939,0 79.9715840363791,23.9401625023988,0 79.9715865800269,23.9401620056049,0 79.9716363800431,23.9401510056018,0 79.971638867117,23.9401503924595,0 79.9716413158227,23.9401496603909,0 79.9716437194334,23.9401488114071,0 79.9716460713462,23.9401478478402,0 79.9716483651004,23.9401467723373,0 79.971650594395,23.9401455878527,0 79.9716527531058,23.9401442976404,0 79.971654835303,23.9401429052445,0 79.9716568352665,23.9401414144901,0 79.9716587475025,23.9401398294723,0 79.9716605667578,23.9401381545453,0 79.971662288035,23.9401363943101,0 79.9716672738369,23.9401310187387,0 79.9716689279063,23.9401316091991,0 79.9716713913265,23.9401323536665,0 79.9716738940531,23.9401329776306,0 79.9716764291135,23.940133479353,0 79.9716789894451,23.940133857436,0 79.9716815679149,23.9401341108262,0 79.9716841573394,23.9401342388177,0 79.9716867505045,23.9401342410539,0 79.9716893401858,23.9401341175285,0 79.9716919191684,23.9401338685858,0 79.9716944802674,23.9401334949192,0 79.9716970163476,23.9401329975698,0 79.9716995203437,23.9401323779232,0 79.9717019852795,23.9401316377057,0 79.9717044042878,23.9401307789795,0 79.9717067706294,23.940129804137,0 79.9717090777116,23.9401287158941,0 79.9717113191071,23.9401275172826,0 79.9717134885713,23.9401262116417,0 79.9717155800602,23.9401248026091,0 79.971717587747,23.9401232941102,0 79.9717195060383,23.9401216903475,0 79.9717213295898,23.9401199957892,0 79.9717230533212,23.9401182151563,0 79.9717246724303,23.9401163534095,0 79.9717261824061,23.9401144157356,0 79.9717275790421,23.9401124075329,0 79.9717288584472,23.9401103343962,0 79.971730017057,23.9401082021011,0 79.9717310516437,23.9401060165883,0 79.971731959325,23.9401037839464,0 79.9717323975876,23.9401025036174,0 79.9717345561107,23.9401026745451,0 79.9717371077899,23.9401027542455,0 79.9717396605284,23.9401027119999,0 79.971742207432,23.9401025479224,0 79.9717447416225,23.940102262456,0 79.9717472562558,23.9401018563718,0 79.9717497445409,23.9401013307665,0 79.9717521997577,23.9401006870594,0 79.9717546152754,23.9400999269891,0 79.9717569845707,23.9400990526083,0 79.9717593012449,23.9400980662783,0 79.9717615590415,23.9400969706628,0 79.9717619206462,23.9400967724579,0 79.9717641866161,23.9400975579164,0 79.9717666660705,23.940098282092,0 79.9717679615511,23.940098592122,0 79.9717672495639,23.940099975403,0 79.9717662645085,23.9401021842152,0 79.9717655087097,23.940104172415,0 79.9717638440202,23.9401048968079,0 79.9717616226971,23.940105995065,0 79.9717594656279,23.9401071966589,0 79.9717573784983,23.9401084984224,0 79.9717553668095,23.9401098969244,0 79.9717534358639,23.9401113884786,0 79.9717515907512,23.9401129691536,0 79.9717301907518,23.9401322691489,0 79.9717282281133,23.940134144213,0 79.9717036281126,23.9401590442073,0 79.9717018981097,23.9401608932674,0 79.9717002792404,23.9401628254745,0 79.9716987762265,23.9401648351928,0 79.9716973934518,23.9401669165604,0 79.9716961349495,23.9401690635065,0 79.9716950043905,23.9401712697691,0 79.9716940050723,23.9401735289129,0 79.9716931399095,23.9401758343487,0 79.9716924114258,23.9401781793521,0 79.9716918217459,23.9401805570834,0 79.9716913725897,23.9401829606072,0 79.9716910652674,23.9401853829131,0 79.9716909006754,23.9401878169358,0 79.9716908792936,23.940190255576,0 79.9716914792826,23.9402193555758,0 79.9716915815367,23.9402215347063,0 79.9716917981598,23.9402237067563,0 79.9716921286465,23.940225866658,0 79.9716925722258,23.9402280093719,0 79.9716931278626,23.9402301298988,0 79.9716960278591,23.9402401298995,0 79.9716967401078,23.9402423547047,0 79.9716975756939,23.9402445429656,0 79.9716985324133,23.9402466889105,0 79.9716996077425,23.940248786879,0 79.9717007988451,23.9402508313374,0 79.9717021025796,23.940252816893,0 79.9717035155069,23.9402547383086,0 79.9717050339003,23.9402565905161,0 79.9717066537547,23.9402583686301,0 79.9717083707975,23.9402600679603,0 79.9717101804998,23.9402616840247,0 79.9717120780881,23.9402632125603,0 79.9717140585571,23.9402646495356,0 79.9717161166831,23.9402659911603,0 79.9717182470374,23.9402672338955,0 79.9717204440008,23.9402683744634,0 79.9717227017785,23.9402694098554,0 79.9717250144151,23.9402703373406,0 79.9717273758107,23.9402711544725,0 79.9717297797367,23.9402718590959,0 79.9717322198522,23.9402724493521,0 79.9717346897212,23.9402729236843,0 79.9717371828288,23.9402732808413,0 79.971739692599,23.940273519881,0 79.971742212412,23.940273640173,0 79.9717540901675,23.9402739263843,0 79.9717548511471,23.9402750253653,0 79.9717563301333,23.9402769347542,0 79.9717579149215,23.940278771036,0 79.9717596012417,23.9402805292633,0 79.9717613845507,23.9402822046991,0 79.9717632600439,23.9402837928294,0 79.9717652226682,23.9402852893754,0 79.9717672671359,23.940286690305,0 79.9717910582364,23.9403021262016,0 79.9717907942463,23.9403032653851,0 79.9717903878476,23.9403056262159,0 79.9717901179324,23.9403080035041,0 79.9717899852569,23.9403103905889,0 79.9717899901928,23.9403127807822,0 79.9717901327264,23.9403151673869,0 79.9717904124583,23.9403175437162,0 79.9717908286048,23.9403199031121,0 79.9717913799998,23.9403222389638,0 79.9717920650984,23.9403245447268,0 79.9717928819812,23.9403268139405,0 79.9717938283594,23.9403290402471,0 79.9717949015813,23.9403312174089,0 79.97179609864,23.9403333393257,0 79.9717974161816,23.9403354000522,0 79.9717988505144,23.9403373938148,0 79.9718003976198,23.9403393150271,0 79.9718020531629,23.9403411583063,0 79.9718038125053,23.9403429184878,0 79.9718056707176,23.9403445906397,0 79.9718076225933,23.9403461700772,0 79.9718096626637,23.9403476523747,0 79.9718117852127,23.9403490333792,0 79.9718139842933,23.9403503092213,0 79.9718162537441,23.9403514763262,0 79.9718185872064,23.940352531424,0 79.9718209781422,23.9403534715585,0 79.9718234198526,23.9403542940955,0 79.9718259054962,23.9403549967304,0 79.9718284281088,23.9403555774945,0 79.9718309806222,23.9403560347607,0 79.9718335558849,23.9403563672478,0 79.9718361466812,23.9403565740241,0 79.9718632466905,23.9403580740249,0 79.9718658578941,23.9403581545897,0 79.9718684700652,23.9403581074559,0 79.9718710758165,23.9403579327567,0 79.9718736677788,23.9403576309862,0 79.9718762386219,23.9403572029978,0 79.9718787810755,23.9403566500019,0 79.9718812879493,23.9403559735623,0 79.971883752154,23.9403551755921,0 79.9718861667205,23.940354258348,0 79.9718885248205,23.9403532244239,0 79.9718908197851,23.9403520767438,0 79.9718930451241,23.9403508185535,0 79.9718951945442,23.940349453411,0 79.9718972619667,23.9403479851771,0 79.9718992415449,23.940346418004,0 79.9719011276806,23.9403447563237,0 79.9719138276807,23.9403329563209,0 79.9719154033914,23.9403314221936,0 79.9719168994191,23.9403298220946,0 79.971918312498,23.9403281595166,0 79.9719196395437,23.9403264380888,0 79.9719279627449,23.9403150882661,0 79.9719280524367,23.9403156246753,0 79.9719285754102,23.9403179384525,0 79.971929229368,23.9403202239144,0 79.9719300125191,23.9403224748012,0 79.9719309227185,23.9403246849483,0 79.9719319574733,23.9403268483022,0 79.9719353363741,23.9403334388378,0 79.9719343024958,23.9403341997327,0 79.971932388941,23.9403357652731,0 79.9719305667757,23.940337420364,0 79.9719288409544,23.9403391605052,0 79.9719272161698,23.9403409809653,0 79.9719256968396,23.9403428767944,0 79.9719242870949,23.9403448428376,0 79.9719229907689,23.9403468737492,0 79.9719218113864,23.9403489640071,0 79.9719207521541,23.9403511079279,0 79.9719198159522,23.940353299682,0 79.9719190053261,23.9403555333102,0 79.9719183224801,23.940357802739,0 79.9719177692707,23.9403601017978,0 79.9719173472023,23.9403624242355,0 79.9719170574224,23.9403647637372,0 79.971916900719,23.9403671139417,0 79.9719168775181,23.9403694684588,0 79.9719171385009,23.9403835618176,0 79.9719143130721,23.9404175609893,0 79.9719141841572,23.9404199308364,0 79.9719141908616,23.9404223036356,0 79.9719143331669,23.9404246728353,0 79.9719146106801,23.9404270318936,0 79.971915022635,23.9404293742965,0 79.971915567894,23.9404316935762,0 79.9719162449516,23.9404339833286,0 79.9719170519383,23.9404362372313,0 79.9719179866259,23.9404384490608,0 79.9719190464334,23.9404406127097,0 79.9719202284345,23.9404427222037,0 79.9719215293655,23.9404447717181,0 79.9719229456343,23.9404467555937,0 79.9719244733301,23.9404486683526,0 79.9719261082348,23.9404505047132,0 79.9719278458339,23.940452259605,0 79.9719296813297,23.9404539281824,0 79.9719316096539,23.9404555058379,0 79.9719336254819,23.9404569882155,0 79.9719357232478,23.9404583712218,0 79.971937897159,23.9404596510382,0 79.971940141213,23.9404608241308,0 79.9719424492134,23.9404618872604,0 79.9719448147873,23.9404628374915,0 79.9719472314029,23.9404636722003,0 79.9719496923874,23.940464389082,0 79.9719521909455,23.9404649861571,0 79.9719547201781,23.940465461777,0 79.9719572731014,23.9404658146284,0 79.9719598426664,23.9404660437369,0 79.9719624217777,23.94046614847,0 79.971965003314,23.9404661285384,0 79.9719675801472,23.9404659839973,0 79.9719701451619,23.9404657152457,0 79.9719726912756,23.9404653230256,0 79.9719752114579,23.9404648084202,0 79.9719776987502,23.9404641728503,0 79.9719801462844,23.9404634180709,0 79.9719825473024,23.940462546166,0 79.9719848951743,23.9404615595433,0 79.97200779518,23.9404512595403,0 79.9720100767164,23.9404501643519,0 79.9720122927151,23.9404489608405,0 79.9720144370938,23.9404476523097,0 79.9720165039665,23.940446242351,0 79.9720184876598,23.9404447348347,0 79.972020382729,23.9404431338985,0 79.9720221839724,23.9404414439369,0 79.9720238864459,23.9404396695884,0 79.9720254854764,23.9404378157233,0 79.972026976675,23.9404358874302,0 79.9720283559485,23.9404338900019,0 79.9720296195111,23.940431828921,0 79.9720307638945,23.9404297098449,0 79.9720317859576,23.94042753859,0 79.972032682895,23.940425321116,0 79.9720333585231,23.9404233385296,0 79.972033854305,23.940424091207,0 79.9720353030382,23.9404260507014,0 79.9720365819276,23.9404275990699,0 79.9720287002953,23.9404386600645,0 79.9720273446728,23.9404406760428,0 79.9720261059952,23.9404427546151,0 79.9720249876745,23.9404448900561,0 79.9720239927913,23.9404470764835,0 79.9720231240859,23.9404493078747,0 79.9720223839512,23.9404515780832,0 79.972021774426,23.9404538808558,0 79.9720212971892,23.9404562098493,0 79.9720209535555,23.9404585586483,0 79.9720207444714,23.9404609207831,0 79.9720206705127,23.940463289747,0 79.9720207318833,23.9404656590146,0 79.9720209284142,23.9404680220597,0 79.9720212595638,23.9404703723732,0 79.9720217244202,23.9404727034809,0 79.9720223217029,23.9404750089619,0 79.9720230497665,23.9404772824655,0 79.9720239066057,23.9404795177293,0 79.9720248898602,23.9404817085961,0 79.9720259968217,23.9404838490312,0 79.9720272244409,23.9404859331385,0 79.9720285693363,23.9404879551774,0 79.9720300278035,23.940489909578,0 79.9720315958248,23.9404917909568,0 79.9720332690813,23.9404935941315,0 79.9720350429638,23.9404953141352,0 79.9720369125861,23.9404969462301,0 79.9720388727983,23.9404984859205,0 79.9720409182008,23.9404999289652,0 79.9720430431595,23.9405012713892,0 79.9720452418211,23.940502509495,0 79.9720475081294,23.9405036398719,0 79.9720498358415,23.9405046594064,0 79.9720522185459,23.94050556529,0 79.9720623180488,23.9405091227281,0 79.9720627401391,23.9405105725182,0 79.9720634562857,23.9405128010355,0 79.9720642962136,23.9405149927417,0 79.9720652576988,23.940517141833,0 79.9720663381951,23.9405192426183,0 79.9720675348413,23.9405212895346,0 79.9720688444685,23.9405232771616,0 79.9720702636088,23.9405252002357,0 79.9720717885042,23.9405270536645,0 79.9720734151165,23.9405288325401,0 79.9720751391385,23.9405305321517,0 79.9720769560046,23.9405321479986,0 79.9720788609038,23.9405336758019,0 79.9720808487917,23.940535111516,0 79.9720829144042,23.9405364513388,0 79.9720850522713,23.9405376917224,0 79.9720872567319,23.9405388293822,0 79.9720895219482,23.9405398613056,0 79.9720918419218,23.9405407847598,0 79.9720942105093,23.9405415972996,0 79.9720966214383,23.9405422967733,0 79.9720990683246,23.9405428813285,0 79.9721015446886,23.9405433494174,0 79.9721040439725,23.9405436998003,0 79.9721065595582,23.9405439315495,0 79.9721270595653,23.9405453315502,0 79.9721295534227,23.9405454433878,0 79.9721320502416,23.9405454386297,0 79.972134543573,23.9405453172881,0 79.9721370269773,23.9405450796765,0 79.9721394940404,23.9405447264086,0 79.9721419383903,23.9405442583967,0 79.9721443537139,23.9405436768498,0 79.9721467337728,23.9405429832697,0 79.9721687364834,23.9405360010776,0 79.9721629275079,23.9405504197687,0 79.9721620858134,23.9405526928081,0 79.9721613767643,23.9405550037551,0 79.9721608023654,23.9405573460757,0 79.9721603642408,23.9405597131472,0 79.9721600636292,23.940562098277,0 79.9721599013806,23.9405644947213,0 79.9721598779537,23.9405668957044,0 79.9721599934148,23.9405692944377,0 79.9721602474375,23.9405716841391,0 79.9721606393035,23.9405740580519,0 79.9721611679048,23.9405764094641,0 79.9721618317469,23.9405787317272,0 79.9721626289529,23.9405810182753,0 79.9721635572688,23.9405832626434,0 79.9721646140697,23.9405854584857,0 79.9721657963678,23.9405875995938,0 79.9721671008201,23.9405896799138,0 79.9721685237385,23.9405916935638,0 79.9721700610998,23.9405936348504,0 79.9721717085573,23.9405954982847,0 79.9721734614529,23.9405972785982,0 79.9721753148305,23.9405989707571,0 79.9721772634499,23.940600569977,0 79.9722150634521,23.9406299699848,0 79.9722170838998,23.9406314592502,0 79.9722191869279,23.9406328485859,0 79.972221366692,23.9406341341308,0 79.9722236171346,23.9406353123126,0 79.9722259320019,23.940636379857,0 79.9722283048608,23.9406373337973,0 79.9722307291172,23.9406381714827,0 79.9722331980342,23.9406388905851,0 79.9722357047507,23.9406394891063,0 79.9722382423007,23.9406399653829,0 79.9722408036323,23.9406403180913,0 79.9722433816277,23.9406405462515,0 79.9722459691226,23.9406406492294,0 79.9722485589266,23.9406406267387,0 79.9722511438425,23.940640478842,0 79.972253716687,23.9406402059504,0 79.9722562703102,23.940639808822,0 79.9722634703126,23.9406385088217,0 79.9722660516848,23.940637976016,0 79.9722685981086,23.9406373162649,0 79.9722711021995,23.9406365314816,0 79.9722735566959,23.9406356239419,0 79.9722759544802,23.9406345962775,0 79.9722782885989,23.9406334514685,0 79.9722805522835,23.9406321928348,0 79.9722827389694,23.9406308240263,0 79.9722848423156,23.9406293490123,0 79.9722868562225,23.9406277720702,0 79.9722945613132,23.9406214018541,0 79.9722942423235,23.9406233535355,0 79.972293994802,23.9406256873223,0 79.9722938794244,23.9406280297723,0 79.9722938965018,23.9406303745688,0 79.9722940459881,23.9406327153892,0 79.9722943274803,23.9406350459213,0 79.9722947402193,23.9406373598808,0 79.9722952830922,23.9406396510279,0 79.972295954635,23.9406419131847,0 79.972296753037,23.940644140251,0 79.9722976761452,23.9406463262216,0 79.9722987214706,23.940648465202,0 79.9722998861942,23.9406505514242,0 79.9723011671755,23.9406525792628,0 79.9723025609602,23.9406545432496,0 79.97230406379,23.9406564380887,0 79.9723056716124,23.9406582586706,0 79.9723073800918,23.9406600000859,0 79.9723091846215,23.9406616576391,0 79.9723110803353,23.9406632268603,0 79.9723130621214,23.9406647035183,0 79.9723151246359,23.940666083631,0 79.9723172623171,23.940667363477,0 79.9723194694008,23.9406685396052,0 79.9723217399355,23.940669608844,0 79.9723251399363,23.9406711088445,0 79.9723275131144,23.9406720856793,0 79.9723299392,23.9406729457409,0 79.9723324113969,23.94067368662,0 79.9723349227799,23.9406743062412,0 79.9723374663137,23.9406748028688,0 79.9723400348734,23.9406751751116,0 79.9723426212635,23.9406754219269,0 79.9723452182389,23.9406755426232,0 79.9723478185248,23.9406755368624,0 79.9723569253445,23.9406752950886,0 79.9723608090129,23.9406797060102,0 79.9723625346717,23.9406815610933,0 79.9723643668625,23.9406833277699,0 79.9723663002328,23.9406850008786,0 79.9723683291341,23.9406865755316,0 79.9723704476392,23.9406880471286,0 79.9723726495588,23.9406894113703,0 79.9723749284603,23.9406906642712,0 79.9723772776858,23.940691802171,0 79.9723796903723,23.9406928217453,0 79.9723880903744,23.9406961217464,0 79.9723904553861,23.9406969849867,0 79.9724132553924,23.9407046849894,0 79.9724158309012,23.9407054812067,0 79.9724184503657,23.9407061453309,0 79.9724211057729,23.9407066753302,0 79.9724237889997,23.9407070695835,0 79.9724249180875,23.9407071770689,0 79.972425728543,23.9407079327222,0 79.9724276313845,23.9407095299865,0 79.9724296227314,23.9407110333493,0 79.9724316971049,23.9407124386743,0 79.9724338487978,23.940713742095,0 79.97243607189,23.9407149400254,0 79.9724383602653,23.9407160291695,0 79.9724397339285,23.9407166011159,0 79.9724408395004,23.9407187053414,0 79.9724420923984,23.9407207992566,0 79.9724434640639,23.9407228293199,0 79.9724449506553,23.9407247898458,0 79.9724465480092,23.9407266753437,0 79.9724482516521,23.9407284805331,0 79.9724500568126,23.9407302003582,0 79.9724519584354,23.9407318300025,0 79.9724539511946,23.940733364902,0 79.9724560295093,23.940734800758,0 79.9724581875589,23.9407361335493,0 79.9724604192996,23.9407373595432,0 79.9724627184811,23.9407384753061,0 79.9724650786643,23.9407394777133,0 79.9724674932392,23.9407403639574,0 79.9724699554436,23.9407411315564,0 79.9724724583817,23.9407417783604,0 79.9724749950437,23.9407423025581,0 79.9724775583255,23.9407427026814,0 79.9724801410483,23.9407429776097,0 79.9724827359788,23.940743126573,0 79.9724853358497,23.9407431491541,0 79.9724879333797,23.9407430452898,0 79.9724905212941,23.940742815271,0 79.9724930923452,23.9407424597418,0 79.9724956393324,23.940741979698,0 79.9724980305224,23.9407414063595,0 79.9724989519849,23.9407425391349,0 79.9725005523348,23.9407444022841,0 79.9725022570004,23.940746185562,0 79.9725040612708,23.9407478840404,0 79.9725059601598,23.9407494930256,0 79.97250794842,23.9407510080712,0 79.9725100205567,23.9407524249903,0 79.9725121708436,23.9407537398673,0 79.9725143933384,23.9407549490686,0 79.9725166818992,23.9407560492525,0 79.9725190302016,23.9407570373787,0 79.9725214317562,23.9407579107164,0 79.9725238799261,23.9407586668522,0 79.9725263679458,23.9407593036965,0 79.9725288889398,23.9407598194895,0 79.9725314359412,23.9407602128056,0 79.9725340019115,23.940760482558,0 79.9725365797595,23.9407606280013,0 79.9725391623615,23.9407606487334,0 79.9725417425803,23.9407605446971,0 79.9725443132855,23.94076031618,0 79.972546867373,23.9407599638134,0 79.9725493977846,23.9407594885712,0 79.9725507318715,23.9407591700628,0 79.9725507956442,23.9407594189412,0 79.9725515306774,23.9407617283555,0 79.9725523985111,23.9407639985046,0 79.9725533966811,23.9407662229423,0 79.9725545223531,23.9407683953524,0 79.9725554178074,23.9407699099251,0 79.9725539643985,23.9407710841259,0 79.9725521096596,23.9407726621095,0 79.972550345666,23.9407743256716,0 79.9725486770859,23.9407760704097,0 79.9725471083351,23.9407778917066,0 79.9725456435649,23.9407797847423,0 79.9725442866518,23.9407817445073,0 79.9725430411867,23.9407837658152,0 79.9725419104655,23.9407858433169,0 79.9725408974806,23.9407879715145,0 79.9725400049127,23.940790144776,0 79.9725392351239,23.9407923573502,0 79.9725385901514,23.9407946033816,0 79.9725380717021,23.9407968769265,0 79.9725376811479,23.9407991719681,0 79.9725295811269,23.9408563719649,0 79.9725293162513,23.9408587208688,0 79.9725291853426,23.9408610792879,0 79.972529188759,23.940863440772,0 79.972529326491,23.9408657988628,0 79.9725295981621,23.940868147111,0 79.9725300030293,23.9408704790942,0 79.9725305399852,23.9408727884348,0 79.9725312075613,23.9408750688168,0 79.9725320039319,23.9408773140034,0 79.9725329269189,23.9408795178544,0 79.9725339739982,23.9408816743424,0 79.9725351423058,23.9408837775694,0 79.9725364286467,23.9408858217833,0 79.9725378295029,23.9408878013934,0 79.9725393410429,23.9408897109854,0 79.972540959133,23.940891545337,0 79.9725426793478,23.9408932994311,0 79.9725444969825,23.9408949684705,0 79.9725464070661,23.9408965478906,0 79.9725484043746,23.9408980333715,0 79.9725504834457,23.9408994208508,0 79.972552638593,23.9409007065338,0 79.9725548639225,23.9409018869041,0 79.9725571533481,23.9409029587335,0 79.9725595006082,23.9409039190907,0 79.9725618992834,23.9409047653492,0 79.9725643428135,23.9409054951945,0 79.9725668245155,23.9409061066305,0 79.9725693376021,23.940906597985,0 79.9725718752003,23.9409069679142,0 79.9725744303698,23.9409072154063,0 79.9725769961226,23.9409073397845,0 79.9725795654413,23.9409073407085,0 79.9725821312992,23.940907218176,0 79.9725846866787,23.9409069725219,0 79.9725872245911,23.9409066044182,0 79.9725897380954,23.9409061148715,0 79.9725922203173,23.9409055052208,0 79.972594664468,23.9409047771334,0 79.9725970638631,23.9409039326005,0 79.9725994119403,23.940902973932,0 79.9726017022779,23.9409019037497,0 79.9726039286118,23.9409007249804,0 79.9726060848532,23.9408994408481,0 79.9726081651051,23.9408980548647,0 79.9726101636779,23.9408965708208,0 79.9726120751058,23.9408949927752,0 79.9726138941612,23.9408933250437,0 79.972615615869,23.9408915721874,0 79.9726172355206,23.9408897390003,0 79.9726187486862,23.940887830496,0 79.9726201512275,23.9408858518942,0 79.9726251500274,23.9408783797853,0 79.9726253279824,23.9408805196601,0 79.9726256582879,23.9408828658197,0 79.9726261218279,23.94088519286,0 79.9726267173302,23.9408874943938,0 79.9726274431602,23.9408897641039,0 79.9726282973258,23.9408919957607,0 79.9726292774824,23.9408941832388,0 79.9726303809398,23.9408963205341,0 79.9726316046693,23.9408984017803,0 79.9726329453121,23.9409004212649,0 79.9726343991885,23.9409023734449,0 79.9726359623079,23.9409042529622,0 79.97263763038,23.9409060546579,0 79.9726393988264,23.9409077735868,0 79.9726412627931,23.9409094050308,0 79.972643217164,23.9409109445122,0 79.9726452565749,23.9409123878054,0 79.9726473754282,23.940913730949,0 79.972649567908,23.9409149702563,0 79.9726518279967,23.9409161023258,0 79.9726541494908,23.9409171240502,0 79.9726565260184,23.9409180326252,0 79.9726589510567,23.940918825557,0 79.9726614179494,23.9409195006691,0 79.9726639199256,23.9409200561085,0 79.9726664501179,23.9409204903508,0 79.9726690015818,23.9409208022039,0 79.9726715673139,23.9409209908121,0 79.9726741402721,23.9409210556575,0 79.9726767133943,23.9409209965622,0 79.9726792796178,23.9409208136884,0 79.9726818318991,23.9409205075381,0 79.9726843632328,23.9409200789515,0 79.972686866671,23.940919529105,0 79.9726893353424,23.9409188595078,0 79.9726917624711,23.9409180719978,0 79.9727159753205,23.9409095539051,0 79.9727188301826,23.9409099275281,0 79.9727204616311,23.9409110563454,0 79.9727225364701,23.9409123451491,0 79.9727246800649,23.9409135351064,0 79.9727268868461,23.9409146231259,0 79.9727291510802,23.9409156063805,0 79.9727314668844,23.9409164823158,0 79.972733828242,23.9409172486559,0 79.9727362290179,23.9409179034098,0 79.9727386629744,23.9409184448763,0 79.972741123788,23.9409188716486,0 79.9727436050649,23.9409191826179,0 79.972745753373,23.9409193499496,0 79.9727458136269,23.9409204480733,0 79.9727460754014,23.9409227876414,0 79.9727464693553,23.9409251115089,0 79.9727469944199,23.9409274133717,0 79.9727476491707,23.9409296869852,0 79.9727507842286,23.9409395296205,0 79.9727553026531,23.9409750445412,0 79.9727556646416,23.9409773656089,0 79.972756157231,23.9409796662767,0 79.9727567790931,23.9409819403412,0 79.9727575285511,23.9409841816705,0 79.9727584035843,23.9409863842211,0 79.972759401833,23.9409885420542,0 79.9727605206058,23.9409906493513,0 79.972761756886,23.9409927004302,0 79.97276310734,23.9409946897606,0 79.9727645683264,23.9409966119783,0 79.972766135906,23.9409984619003,0 79.9727678058519,23.9410002345385,0 79.9727695736612,23.9410019251131,0 79.9727714345672,23.9410035290657,0 79.9727733835523,23.9410050420714,0 79.9727754153611,23.9410064600505,0 79.9727775245152,23.9410077791796,0 79.9727797053273,23.9410089959017,0 79.9727819519171,23.9410101069362,0 79.9727842582271,23.9410111092872,0 79.9727866180383,23.941012000252,0 79.9727890249879,23.9410127774281,0 79.9727914725857,23.9410134387201,0 79.972793954232,23.9410139823448,0 79.9727964632355,23.9410144068364,0 79.9727989928306,23.9410147110502,0 79.9728015361967,23.9410148941661,0 79.9728040864759,23.9410149556901,0 79.9728066367915,23.9410148954566,0 79.972809180267,23.9410147136278,0 79.972811710044,23.941014410694,0 79.9728142193013,23.9410139874721,0 79.9728167012729,23.9410134451033,0 79.9728191492665,23.9410127850499,0 79.9728215566813,23.9410120090918,0 79.9728239170259,23.9410111193213,0 79.9728262239359,23.9410101181375,0 79.972828471191,23.94100900824,0 79.9728306527316,23.9410077926215,0 79.9728327626755,23.9410064745599,0 79.9728347953335,23.9410050576091,0 79.9728367452246,23.9410035455899,0 79.9728386070911,23.9410019425792,0 79.9728403759129,23.9410002528993,0 79.9728420469203,23.9409984811064,0 79.9728436156078,23.9409966319778,0 79.9728450777455,23.9409947104996,0 79.9728460669345,23.9409932551272,0 79.9728478739368,23.9409934256402,0 79.9728504639887,23.9409935436195,0 79.9728530572056,23.9409935358257,0 79.9728556463627,23.9409934022804,0 79.9728582242463,23.9409931433556,0 79.9728607836742,23.9409927597729,0 79.9728633175158,23.9409922526008,0 79.9728658187116,23.9409916232524,0 79.9728682802931,23.9409908734811,0 79.9728706954021,23.9409900053758,0 79.9728730573101,23.9409890213551,0 79.9728753594364,23.9409879241605,0 79.9728775953673,23.9409867168489,0 79.9728797588733,23.9409854027841,0 79.9728818439268,23.9409839856269,0 79.9728838447186,23.9409824693258,0 79.9728857556743,23.9409808581053,0 79.9728867392292,23.9409799363787,0 79.9728865961626,23.9409805545759,0 79.9728861957918,23.9409828689632,0 79.9728859265977,23.9409851993249,0 79.9728857893051,23.9409875393843,0 79.9728857842839,23.940989882839,0 79.9728859115476,23.9409922233773,0 79.9728861707535,23.9409945546954,0 79.9728865612034,23.9409968705141,0 79.9728870818457,23.9409991645963,0 79.9728877312781,23.9410014307632,0 79.9728885077516,23.9410036629114,0 79.9728894091749,23.9410058550287,0 79.9728904331201,23.9410080012113,0 79.9728915768293,23.9410100956786,0 79.9728928372223,23.9410121327896,0 79.9728942109043,23.9410141070577,0 79.9728956941756,23.9410160131655,0 79.9728972830413,23.9410178459793,0 79.972898973222,23.9410196005625,0 79.9729007601654,23.9410212721897,0 79.9729026390588,23.9410228563584,0 79.9729046048417,23.9410243488021,0 79.9729066522196,23.9410257455011,0 79.9729087756781,23.9410270426936,0 79.9729109694982,23.9410282368858,0 79.9729132277711,23.9410293248614,0 79.9729155444146,23.94103030369,0 79.9729179131891,23.9410311707355,0 79.9729203277148,23.9410319236624,0 79.9729227814885,23.941032560443,0 79.9729252679014,23.9410330793623,0 79.9729277802568,23.9410334790224,0 79.9729329802585,23.9410341790227,0 79.9729356543032,23.9410344704413,0 79.9729373400411,23.9410345684995,0 79.9729959713387,23.9410527790902,0 79.9729984411533,23.9410534802277,0 79.9730009476721,23.9410540609998,0 79.9730034839564,23.9410545197987,0 79.973006042985,23.9410548553543,0 79.9730086176738,23.9410550667378,0 79.9730112008954,23.9410551533639,0 79.9730137854986,23.9410551149929,0 79.9730163643287,23.941054951731,0 79.9730189302465,23.9410546640301,0 79.9730214761489,23.9410542526866,0 79.9730239949883,23.9410537188394,0 79.9730264797916,23.9410530639662,0 79.9730289236804,23.9410522898799,0 79.9730313198891,23.9410513987233,0 79.9730336617845,23.9410503929635,0 79.9730359428834,23.9410492753847,0 79.9730381568713,23.9410480490807,0 79.973040297619,23.9410467174461,0 79.9730423592006,23.9410452841674,0 79.9730443359088,23.9410437532123,0 79.9730462222717,23.9410421288189,0 79.9730480130673,23.9410404154839,0 79.973049703338,23.9410386179503,0 79.9730512884049,23.9410367411943,0 79.9730527638799,23.9410347904112,0 79.9730541256787,23.9410327710013,0 79.9730553700312,23.941030688555,0 79.9730564934929,23.941028548837,0 79.9730574929536,23.9410263577706,0 79.9730583656467,23.9410241214214,0 79.9730591091561,23.9410218459801,0 79.9730597214238,23.9410195377459,0 79.9730602007547,23.9410172031086,0 79.973060545822,23.941014848531,0 79.9730607556704,23.9410124805314,0 79.973060829719,23.941010105665,0 79.9730607677629,23.9410077305062,0 79.9730605699736,23.9410053616299,0 79.9730602368985,23.941003005594,0 79.9730597694598,23.9410006689205,0 79.9730591689514,23.9409983580781,0 79.9730584370358,23.9409960794639,0 79.9730575757391,23.9409938393855,0 79.9730414636523,23.9409552016993,0 79.9730426906306,23.940946824377,0 79.9730429632513,23.9409445152958,0 79.9730431063308,23.9409421963851,0 79.9730431194907,23.9409398737801,0 79.9730426194822,23.9409174737799,0 79.9730424884889,23.9409149773842,0 79.9730422074219,23.9409124914735,0 79.9730417771421,23.9409100236633,0 79.9730411989677,23.9409075815136,0 79.97304047467,23.9409051725059,0 79.9730396710949,23.9409027617836,0 79.9730398176758,23.9409025682967,0 79.9730478124777,23.9408923310465,0 79.9730492971406,23.9408903176149,0 79.9730506616958,23.9408882336294,0 79.9730519021845,23.9408860851365,0 79.9730530150076,23.9408838783696,0 79.9730539969362,23.9408816197314,0 79.9730548451216,23.9408793157749,0 79.9730555571029,23.9408769731848,0 79.9730561308143,23.9408745987577,0 79.9730565645914,23.9408721993826,0 79.9730568571756,23.9408697820209,0 79.973057007718,23.9408673536864,0 79.9730570157818,23.9408649214243,0 79.9730568813437,23.9408624922916,0 79.9730566047938,23.9408600733359,0 79.9730561869343,23.9408576715757,0 79.9730556289777,23.940855293979,0 79.9730549325429,23.9408529474443,0 79.9730458325335,23.9408252474467,0 79.9730450236007,23.940822999792,0 79.9730440876122,23.9408207941933,0 79.9730430271408,23.9408186367132,0 79.9730418451014,23.9408165332819,0 79.9730405447432,23.9408144896813,0 79.9730391296403,23.9408125115286,0 79.9730376036827,23.9408106042612,0 79.9730359710646,23.9408087731216,0 79.9730342362737,23.9408070231432,0 79.9730324040786,23.940805359136,0 79.9730304795152,23.9408037856741,0 79.9730284678739,23.9408023070824,0 79.9730263746839,23.9408009274251,0 79.9730242056988,23.9407996504946,0 79.9730219668807,23.9407984798007,0 79.9730203572294,23.9407977378996,0 79.9730215638746,23.9407972286195,0 79.9730238414991,23.9407961312272,0 79.9730260535287,23.9407949258013,0 79.9730281939029,23.9407936156445,0 79.9730302567575,23.9407922043462,0 79.9730322364407,23.9407906957733,0 79.9730775364443,23.940754295764,0 79.9730793994482,23.940752719095,0 79.9730811715815,23.940751056286,0 79.9730828481353,23.940749311755,0 79.9730844246551,23.9407474901376,0 79.9730858969518,23.9407455962738,0 79.9730872611134,23.9407436351958,0 79.9730885135153,23.9407416121143,0 79.9730896508297,23.940739532405,0 79.9730906700347,23.9407374015936,0 79.9730915684222,23.9407352253419,0 79.9730923436052,23.9407330094325,0 79.9730929935238,23.9407307597531,0 79.9730935164513,23.9407284822813,0 79.9730939109981,23.9407261830686,0 79.9730941761159,23.9407238682241,0 79.9730943111004,23.9407215438986,0 79.9730943155928,23.940719216268,0 79.9730936155826,23.9406924162679,0 79.9730934935751,23.9406901404867,0 79.9730932468212,23.9406878732594,0 79.9730928759491,23.9406856203589,0 79.9730923819031,23.9406833875214,0 79.9730917659412,23.9406811804321,0 79.9730910296318,23.9406790047106,0 79.9730901748496,23.9406768658968,0 79.973089203771,23.9406747694364,0 79.9730881188687,23.9406727206674,0 79.9730881049964,23.9406726975169,0 79.9730941355212,23.9406662581407,0 79.9730958014251,23.9406643796041,0 79.9730973552756,23.9406624216261,0 79.973098792597,23.9406603898466,0 79.9731001092492,23.9406582901179,0 79.9731013014398,23.9406561284882,0 79.9731023657345,23.9406539111839,0 79.9731032990679,23.9406516445919,0 79.9731040987514,23.940649335241,0 79.9731047624818,23.940646989783,0 79.973105288347,23.9406446149741,0 79.9731056748325,23.9406422176545,0 79.973105920825,23.9406398047298,0 79.9731060256159,23.9406373831501,0 79.9731059889034,23.9406349598907,0 79.9731058107932,23.9406325419317,0 79.9731058049612,23.94063249795,0 79.9731107497529,23.9406259390521,0 79.9731350807097,23.9406060164871,0 79.9731369462045,23.9406044069777,0 79.9731387180015,23.9406027103863,0 79.973140391295,23.9406009313145,0 79.9731419615468,23.9405990745875,0 79.9731434244979,23.9405971452412,0 79.9731447761804,23.9405951485086,0 79.9731460129283,23.9405930898051,0 79.9731471313871,23.9405909747147,0 79.9731481285234,23.9405888089738,0 79.9731490016326,23.9405865984565,0 79.9731497483467,23.9405843491584,0 79.9731503666405,23.94058206718,0 79.9731508548369,23.9405797587106,0 79.9731512116119,23.9405774300113,0 79.9731514359977,23.9405750873983,0 79.973151527386,23.9405727372251,0 79.9731514855286,23.9405703858661,0 79.9731513105393,23.9405680396988,0 79.9731510028926,23.9405657050864,0 79.9731505634229,23.9405633883611,0 79.9731499933223,23.9405610958063,0 79.9731497442813,23.9405602900513,0 79.973150508178,23.9405592159796,0 79.9731517931806,23.9405571860512,0 79.9731529616177,23.9405550974628,0 79.9731540103288,23.940552955864,0 79.9731549364772,23.9405507670478,0 79.9731557375577,23.9405485369349,0 79.9731564114033,23.9405462715576,0 79.9731569561914,23.9405439770436,0 79.9731573704484,23.9405416595996,0 79.9731576530536,23.9405393254941,0 79.9731578032428,23.9405369810408,0 79.9731578206095,23.9405346325814,0 79.973157705107,23.9405322864683,0 79.9731574570474,23.9405299490478,0 79.973157077102,23.9405276266423,0 79.9731565662985,23.940525325534,0 79.9731559260184,23.9405230519473,0 79.9731551579939,23.9405208120321,0 79.9731444933831,23.9404923162208,0 79.9731453675057,23.9404913383848,0 79.9731469013365,23.9404894256837,0 79.9731483235776,23.9404874414742,0 79.9731496302908,23.9404853912504,0 79.973150817858,23.9404832806892,0 79.973151882991,23.9404811156344,0 79.9731528227405,23.9404789020808,0 79.9731536345046,23.9404766461575,0 79.9731543160355,23.940474354111,0 79.9731548654461,23.9404720322876,0 79.9731552812153,23.9404696871161,0 79.9731555621917,23.9404673250901,0 79.9731557075975,23.9404649527499,0 79.9731559223798,23.9404583660161,0 79.9731634626382,23.9404467797583,0 79.9731647198037,23.9404447284492,0 79.9731658589352,23.9404426197038,0 79.9731668769358,23.9404404592545,0 79.9731677710383,23.9404382529743,0 79.9731685388121,23.940436006861,0 79.9731691781701,23.9404337270204,0 79.9731696873741,23.9404314196501,0 79.9731700650401,23.9404290910226,0 79.9731703101413,23.9404267474681,0 79.9731704220114,23.9404243953574,0 79.9731704003464,23.9404220410847,0 79.9731702452051,23.9404196910497,0 79.9731699570093,23.9404173516411,0 79.9731695365425,23.9404150292182,0 79.9731689849476,23.9404127300945,0 79.9731683037241,23.9404104605199,0 79.973167494724,23.9404082266643,0 79.9731665601464,23.9404060346001,0 79.9731660399266,23.9404049798544,0 79.9731666231755,23.9404038920189,0 79.9731676387019,23.9404017174748,0 79.9731685288897,23.940399497019,0 79.9731692912943,23.9403972367499,0 79.9731699238219,23.9403949428747,0 79.9731704247353,23.9403926216933,0 79.9731707926588,23.9403902795802,0 79.9731710265821,23.9403879229678,0 79.9731711258627,23.940385558328,0 79.973171090228,23.9403831921548,0 79.9731709197759,23.9403808309466,0 79.9731706149744,23.940378481188,0 79.9731686149697,23.9403658811885,0 79.9731684633119,23.9403649883763,0 79.9731663633077,23.9403533883768,0 79.9731658951754,23.9403511523063,0 79.9731656082172,23.9403500770109,0 79.9731852312401,23.9403359226921,0 79.9731871957691,23.9403344283313,0 79.9731890732895,23.9403328422944,0 79.9731908587431,23.9403311688542,0 79.9731925473197,23.9403294125192,0 79.97319413447,23.9403275780211,0 79.9731956159181,23.9403256703024,0 79.9731969876728,23.9403236945025,0 79.9731982460385,23.9403216559446,0 79.973199387625,23.9403195601208,0 79.9732004093566,23.9403174126774,0 79.9732013084808,23.9403152194,0 79.9732020825752,23.9403129861974,0 79.9732027295543,23.9403107190862,0 79.9732032476751,23.9403084241742,0 79.9732036355418,23.9403061076441,0 79.9732038921093,23.9403037757371,0 79.9732040166865,23.9403014347354,0 79.9732040089376,23.9402990909461,0 79.9732038688838,23.9402967506835,0 79.9732035969021,23.9402944202527,0 79.9732031937255,23.9402921059319,0 79.9732026604401,23.9402898139564,0 79.9732019984826,23.9402875505008,0 79.9732012096365,23.9402853216634,0 79.973200296027,23.9402831334486,0 79.9731992601154,23.940280991752,0 79.9731981046927,23.9402789023434,0 79.9731968328717,23.940276870852,0 79.9731954480788,23.9402749027507,0 79.9731939540448,23.940273003342,0 79.9731778795981,23.9402536460991,0 79.9731781713974,23.9402534745507,0 79.9731803085578,23.9402520644695,0 79.9731823605312,23.9402505512629,0 79.9731843214335,23.9402489392699,0 79.9731861856422,23.9402472331128,0 79.9731879478116,23.9402454376838,0 79.973189602889,23.9402435581313,0 79.9731911461284,23.9402415998446,0 79.9731925731049,23.9402395684391,0 79.9731938797266,23.9402374697396,0 79.9731999165806,23.9402271412799,0 79.9732004188627,23.9402271418024,0 79.9732029644939,23.9402270229467,0 79.9732054999923,23.9402267829032,0 79.973208018533,23.9402264223182,0 79.973210513337,23.9402259421621,0 79.973212977689,23.9402253437275,0 79.9732154049558,23.9402246286251,0 79.9732177886038,23.9402237987797,0 79.9732201222171,23.9402228564251,0 79.9732223995143,23.9402218040978,0 79.9732246143656,23.9402206446303,0 79.9732267608094,23.9402193811435,0 79.973228833068,23.9402180170384,0 79.9732308255636,23.9402165559866,0 79.9732327329331,23.940215001921,0 79.9732345500423,23.9402133590245,0 79.9732362720003,23.9402116317193,0 79.9732378941719,23.9402098246548,0 79.9732394121909,23.9402079426951,0 79.9732408219711,23.9402059909057,0 79.9732421197181,23.9402039745404,0 79.9732433019385,23.9402018990264,0 79.9732443654503,23.9401997699506,0 79.9732453073908,23.9401975930435,0 79.9732461252245,23.940195374165,0 79.9732468167503,23.9401931192873,0 79.9732473801066,23.9401908344801,0 79.9732478137772,23.9401885258932,0 79.9732481165946,23.9401861997407,0 79.9732482877439,23.9401838622838,0 79.9732483267644,23.9401815198142,0 79.973248233551,23.9401791786372,0 79.9732480083547,23.9401768450544,0 79.9732476517815,23.9401745253471,0 79.9732471647914,23.9401722257593,0 79.9732465486951,23.9401699524807,0 79.973245805151,23.9401677116302,0 79.9732449361605,23.9401655092396,0 79.9732439440625,23.940163351237,0 79.9732428315277,23.940161243431,0 79.9732416015505,23.9401591914952,0 79.9732402574417,23.9401572009527,0 79.9732388028191,23.9401552771615,0 79.9732372415982,23.9401534252999,0 79.9732355779814,23.9401516503523,0 79.9732338164465,23.9401499570965,0 79.9732221482285,23.9401393084354,0 79.9732234581202,23.9401373765503,0 79.9732246966613,23.9401353183386,0 79.9732258169203,23.9401332036448,0 79.973226815858,23.9401310382062,0 79.9732276907642,23.9401288278979,0 79.9732284392651,23.9401265787166,0 79.97322905933,23.9401242967646,0 79.9732295492766,23.9401219882331,0 79.9732299077757,23.9401196593853,0 79.9732301338546,23.9401173165396,0 79.9732302268999,23.9401149660524,0 79.9732301866593,23.9401126143008,0 79.9732300132418,23.9401102676652,0 79.9732297071181,23.9401079325124,0 79.9732292691186,23.9401056151779,0 79.9732287004317,23.9401033219488,0 79.9732280026003,23.9401010590468,0 79.9732271775177,23.9400988326114,0 79.9732262274225,23.9400966486831,0 79.9732251548922,23.9400945131872,0 79.9732239628369,23.9400924319174,0 79.9732226544907,23.9400904105205,0 79.9732224399245,23.9400901151833,0 79.9732237708176,23.940089040421,0 79.9732255898847,23.9400874107954,0 79.9732273148773,23.9400856969307,0 79.9732289411838,23.9400839034087,0 79.9732304644565,23.940082035024,0 79.9732318806233,23.9400800967716,0 79.9732331858982,23.9400780938329,0 79.9732343767917,23.9400760315626,0 79.9732354501203,23.9400739154738,0 79.9732364030146,23.9400717512235,0 79.9732372329271,23.9400695445975,0 79.9732379376392,23.9400673014949,0 79.9732385152671,23.9400650279122,0 79.9732502152489,23.940012927908,0 79.9732507121372,23.9400103357863,0 79.9732510438648,23.9400077214591,0 79.9732512093047,23.9400050938087,0 79.9732512078948,23.9400024617626,0 79.9732509911779,23.9399957436161,0 79.9732549535857,23.9399528173559,0 79.9732551041659,23.9399504486497,0 79.9732551191661,23.9399480759436,0 79.9732549985449,23.9399457057889,0 79.9732547426353,23.9399433447299,0 79.973254352144,23.9399409992854,0 79.973253828149,23.9399386759315,0 79.9732531720973,23.9399363810831,0 79.9732523858001,23.9399341210763,0 79.9732514714286,23.9399319021514,0 79.9732504315073,23.9399297304348,0 79.9732492689076,23.9399276119228,0 79.9732479868395,23.9399255524648,0 79.9732465888429,23.9399235577471,0 79.9732450787778,23.9399216332772,0 79.9732434608135,23.9399197843687,0 79.9732417394174,23.9399180161266,0 79.9732409023124,23.9399172422074,0 79.9732416561968,23.9399160788676,0 79.9732428602005,23.9399139767996,0 79.9732439422619,23.9399118194432,0 79.9732448993862,23.9399096127692,0 79.9732457289245,23.9399073628849,0 79.9732464285809,23.9399050760171,0 79.973246996419,23.939902758495,0 79.973251488653,23.9398818756444,0 79.9732750655686,23.9398602979336,0 79.9732768381612,23.9398585885093,0 79.9732785111002,23.9398567962501,0 79.9732800798105,23.9398549260574,0 79.9732815400018,23.9398529830461,0 79.9732828876808,23.93985097253,0 79.9732841191616,23.9398489000076,0 79.9732852310764,23.9398467711469,0 79.9732862203843,23.9398445917702,0 79.9732870843795,23.9398423678378,0 79.9732878206993,23.9398401054317,0 79.9732884273298,23.9398378107394,0 79.9732889026121,23.9398354900365,0 79.9732892452463,23.9398331496699,0 79.9732894542953,23.9398307960401,0 79.9732895291876,23.939828435584,0 79.9732894697181,23.9398260747571,0 79.9732892760496,23.9398237200159,0 79.9732889487118,23.9398213778004,0 79.9732884885998,23.9398190545162,0 79.9732878969721,23.9398167565172,0 79.9732691969495,23.9397517565222,0 79.9732684692398,23.9397494724083,0 79.9732676116031,23.9397472267082,0 79.9732666264219,23.9397450256605,0 79.9732655164332,23.9397428753796,0 79.9732642847206,23.9397407818393,0 79.9732629347057,23.9397387508555,0 79.973261470139,23.9397367880702,0 79.9732598950892,23.9397348989363,0 79.9732582139318,23.9397330887019,0 79.9732564313371,23.9397313623957,0 79.9732545522573,23.9397297248137,0 79.9732525819125,23.939728180505,0 79.9732505257765,23.9397267337598,0 79.9732483895612,23.9397253885972,0 79.9732461792012,23.9397241487542,0 79.973243900837,23.9397230176751,0 79.9732415607979,23.939721998502,0 79.9732391655846,23.9397210940664,0 79.9732367218513,23.9397203068806,0 79.9732342363865,23.9397196391317,0 79.9732317160952,23.9397190926745,0 79.9732291679788,23.9397186690273,0 79.973226599116,23.9397183693668,0 79.9732240166433,23.9397181945256,0 79.9732214277348,23.9397181449894,0 79.9732207132484,23.9397181659441,0 79.9731996778072,23.9396808631062,0 79.9731546517804,23.9395606963558,0 79.9731537515329,23.9395584835373,0 79.9731527266027,23.9395563170222,0 79.9731515797952,23.9395542027407,0 79.9731503142494,23.9395521464799,0 79.9731489334293,23.9395501538682,0 79.9731474411145,23.9395482303598,0 79.9731458413898,23.9395463812196,0 79.9731441386339,23.939544611509,0 79.9731423375075,23.939542926072,0 79.9731404429406,23.9395413295221,0 79.973138460119,23.9395398262292,0 79.9731363944701,23.9395384203081,0 79.9731342516479,23.9395371156072,0 79.9731320375178,23.9395359156975,0 79.97312975814,23.9395348238634,0 79.9731274197538,23.9395338430935,0 79.9731250287598,23.9395329760724,0 79.9731225917023,23.9395322251732,0 79.9731201152523,23.9395315924512,0 79.9731176061881,23.9395310796385,0 79.9731150713775,23.9395306881385,0 79.9731125177587,23.9395304190229,0 79.9731099523214,23.9395302730283,0 79.9731073820877,23.9395302505544,0 79.9731048140928,23.9395303516626,0 79.9731022553658,23.9395305760762,0 79.9730997129102,23.9395309231809,0 79.9730971936853,23.9395313920267,0 79.9730947045867,23.9395319813303,0 79.9730922524274,23.9395326894785,0 79.9730898439195,23.9395335145332,0 79.9730874856554,23.9395344542359,0 79.9730851840902,23.9395355060145,0 79.9730829455237,23.9395366669901,0 79.9730807760831,23.9395379339849,0 79.9730786817067,23.939539303531,0 79.9730766681271,23.9395407718796,0 79.9730747408559,23.9395423350116,0 79.9730729051684,23.9395439886485,0 79.9730711660891,23.9395457282639,0 79.9730695283782,23.9395475490962,0 79.9730679965186,23.9395494461614,0 79.973066574703,23.939551414267,0 79.9730652668233,23.9395534480258,0 79.9730640764595,23.9395555418712,0 79.9730630068696,23.9395576900719,0 79.9730620609815,23.9395598867479,0 79.9730612413842,23.9395621258864,0 79.9730605503211,23.9395644013587,0 79.9730458503029,23.9396182013535,0 79.9730453018678,23.9396204499548,0 79.9730448789558,23.939622721344,0 79.9730445826685,23.9396250096057,0 79.9730444137775,23.9396273087806,0 79.9730443727226,23.9396296128808,0 79.9730444596107,23.9396319159057,0 79.9730446742156,23.9396342118576,0 79.9730450159783,23.939636494757,0 79.9730454840089,23.9396387586586,0 79.9730460770884,23.9396409976664,0 79.9730467936723,23.9396432059494,0 79.9730476318943,23.9396453777564,0 79.9730485895715,23.9396475074314,0 79.9730496642098,23.9396495894281,0 79.9730508530104,23.9396516183243,0 79.9730572863322,23.9396619569786,0 79.9730132004221,23.9396853529465,0 79.9730130966596,23.9396853822,0 79.973010735834,23.9396861712266,0 79.9730084219745,23.9396870701348,0 79.9730061611307,23.9396880765745,0 79.9730039592132,23.9396891879144,0 79.973001821979,23.9396904012488,0 79.9729997550156,23.9396917134058,0 79.972997763727,23.9396931209547,0 79.9729958533193,23.9396946202156,0 79.9729940287872,23.9396962072686,0 79.9729922949008,23.9396978779648,0 79.9729906561931,23.9396996279359,0 79.9729891169486,23.939701452607,0 79.9729876811914,23.9397033472074,0 79.9729863526753,23.939705306784,0 79.9729851348736,23.9397073262134,0 79.9729840309701,23.9397094002161,0 79.972983043851,23.9397115233696,0 79.9729821760971,23.9397136901232,0 79.9729814299769,23.9397158948119,0 79.9729781514698,23.9397265341906,0 79.972972440739,23.9397171406241,0 79.9729829738015,23.9397051113806,0 79.9729846674678,23.939703060021,0 79.9729862311524,23.9397009232589,0 79.9729876597699,23.9396987080435,0 79.9729889486741,23.9396964215791,0 79.9730047486666,23.9396663215743,0 79.9730057984846,23.9396641811313,0 79.9730067258379,23.9396619934281,0 79.9730075282195,23.939659764379,0 79.9730082034602,23.9396575000104,0 79.9730087497345,23.9396552064439,0 79.9730091655654,23.9396528898802,0 79.9730094498288,23.9396505565823,0 79.9730096017563,23.939648212858,0 79.973009620937,23.9396458650438,0 79.9730095073192,23.9396435194869,0 79.97300926121,23.9396411825285,0 79.9730088832747,23.9396388604867,0 79.9730083745352,23.939636559639,0 79.9730077363667,23.9396342862058,0 79.9730069704947,23.9396320463334,0 79.9730024498183,23.9396199353981,0 79.9730236258782,23.939445610494,0 79.9730238405218,23.9394433127815,0 79.9730239272535,23.9394410079934,0 79.9730238858469,23.9394387021411,0 79.9730237164102,23.9394364012391,0 79.9730234193853,23.9394341112886,0 79.9730229955469,23.9394318382626,0 79.9730224460005,23.9394295880898,0 79.9730217721795,23.9394273666392,0 79.9730209758415,23.9394251797051,0 79.9730200590634,23.9394230329917,0 79.9730166590612,23.9394156329926,0 79.973015586069,23.9394134597665,0 79.9730143896545,23.9394113416796,0 79.9730130731597,23.9394092846483,0 79.9730116402618,23.9394072944182,0 79.9730100949633,23.9394053765487,0 79.9730084415806,23.9394035363967,0 79.9730066847319,23.9394017791023,0 79.9730048293246,23.9394001095739,0 79.9730028805413,23.9393985324751,0 79.9730008438253,23.9393970522109,0 79.9729987248657,23.9393956729161,0 79.9729965295813,23.9393943984435,0 79.9729942641041,23.9393932323528,0 79.972991934762,23.9393921779014,0 79.9729895480614,23.9393912380345,0 79.972987110669,23.9393904153773,0 79.9729846293929,23.9393897122278,0 79.9729821111641,23.9393891305501,0 79.9729795630165,23.9393886719688,0 79.9729769920675,23.939388337765,0 79.9729744054987,23.9393881288721,0 79.9729718105347,23.9393880458736,0 79.9729692144241,23.9393880890013,0 79.9729666244183,23.9393882581349,0 79.9729640477518,23.9393885528018,0 79.9729614916219,23.9393889721789,0 79.9729589631684,23.9393895150949,0 79.972956469454,23.9393901800333,0 79.9729540174441,23.9393909651367,0 79.9729516139878,23.9393918682122,0 79.9729492657985,23.9393928867372,0 79.9729469794353,23.9393940178668,0 79.9729447612845,23.9393952584415,0 79.972942617542,23.9393966049959,0 79.9729405541957,23.939398053769,0 79.9728114335838,23.9394937857984,0 79.9728038276933,23.9394808418992,0 79.9728026172554,23.9394788987656,0 79.9728013035071,23.9394770131701,0 79.9727998896786,23.9394751897489,0 79.9727983792462,23.9394734329853,0 79.9727967759237,23.9394717471989,0 79.9727950836532,23.9394701365346,0 79.9727933065956,23.9394686049526,0 79.9727869967994,23.939463430921,0 79.9727534568197,23.9394221721659,0 79.9727518527011,23.9394203036801,0 79.9727501436948,23.9394185154766,0 79.9727483345488,23.9394168125235,0 79.9727464302896,23.9394151995521,0 79.9727444362075,23.9394136810437,0 79.9727423578429,23.9394122612171,0 79.9727402009699,23.939410944017,0 79.972737971581,23.939409733103,0 79.9727356758701,23.9394086318393,0 79.9727333202153,23.9394076432855,0 79.9727309111613,23.9394067701883,0 79.9727284554011,23.9394060149731,0 79.9727259597575,23.9394053797383,0 79.9727234311641,23.9394048662488,0 79.9727208766461,23.939404475931,0 79.9727183033007,23.9394042098696,0 79.9727157182773,23.9394040688035,0 79.9727131287578,23.9394040531249,0 79.9727105419368,23.9394041628771,0 79.9727079650011,23.9394043977554,0 79.9727054051101,23.9394047571071,0 79.9727028693761,23.9394052399338,0 79.9727003648439,23.9394058448942,0 79.9726978984718,23.9394065703075,0 79.9726954771122,23.9394074141582,0 79.9726931074923,23.939408374102,0 79.9726907961956,23.9394094474718,0 79.9726885496434,23.9394106312855,0 79.9726863740774,23.9394119222541,0 79.9726842755419,23.9394133167909,0 79.9726822598672,23.9394148110216,0 79.9726803326534,23.9394164007947,0 79.972678499255,23.9394180816934,0 79.9726767647656,23.9394198490476,0 79.9726751340041,23.9394216979472,0 79.9726736115012,23.9394236232554,0 79.972672201487,23.9394256196231,0 79.9726709078787,23.9394276815039,0 79.9726697342705,23.9394298031692,0 79.972668683923,23.9394319787245,0 79.9726677597543,23.9394342021255,0 79.972666964332,23.9394364671948,0 79.9726662998662,23.9394387676396,0 79.9726657682027,23.9394410970684,0 79.9726653708188,23.9394434490096,0 79.9726651088186,23.9394458169287,0 79.9726649829299,23.9394481942469,0 79.9726649935025,23.9394505743594,0 79.972665140507,23.9394529506536,0 79.972665423535,23.9394553165274,0 79.9726658418003,23.9394576654078,0 79.9726696417936,23.9394759654087,0 79.9726701935887,23.9394782887323,0 79.9726708776923,23.9394805821345,0 79.9726716922073,23.9394828392548,0 79.9726726348747,23.9394850538334,0 79.97267370308,23.9394872197283,0 79.9726748938608,23.9394893309327,0 79.9726762039146,23.9394913815914,0 79.972677629608,23.939493366017,0 79.9726791669871,23.9394952787061,0 79.9726813006677,23.9394977919999,0 79.9726663236358,23.939561126161,0 79.9726476554231,23.9395282287724,0 79.9726524488956,23.9394998203332,0 79.9726527746619,23.9394974912829,0 79.9726529682574,23.9394951498165,0 79.9726530291587,23.939492802266,0 79.9726529572009,23.9394904549799,0 79.9726527525788,23.9394881143057,0 79.9726524158457,23.9394857865735,0 79.9726519479122,23.9394834780779,0 79.9726513500436,23.9394811950619,0 79.972650623857,23.9394789436994,0 79.972649771316,23.9394767300785,0 79.9726487947262,23.9394745601857,0 79.9726476967285,23.9394724398889,0 79.9726464802923,23.939470374922,0 79.9726451487072,23.9394683708692,0 79.972643705574,23.93946643315,0 79.9726421547956,23.9394645670046,0 79.9726405005655,23.9394627774795,0 79.9726387473573,23.9394610694141,0 79.9726368999122,23.9394594474275,0 79.9726349632262,23.939457915906,0 79.9726329425366,23.9394564789913,0 79.972630843308,23.9394551405692,0 79.9726286712171,23.9394539042591,0 79.972626432138,23.9394527734043,0 79.9726241321258,23.9394517510631,0 79.9726217774003,23.9394508400001,0 79.9726193743294,23.939450042679,0 79.9726169294115,23.9394493612561,0 79.9726144492586,23.9394487975741,0 79.9726119405775,23.9394483531573,0 79.9726094101525,23.9394480292076,0 79.9726068648266,23.9394478266011,0 79.9726043114829,23.9394477458856,0 79.9726017570264,23.9394477872794,0 79.9725992083652,23.9394479506705,0 79.9725966723914,23.9394482356172,0 79.9725941559631,23.9394486413488,0 79.9725916658853,23.9394491667682,0 79.972589208892,23.9394498104543,0 79.9725867916276,23.9394505706667,0 79.9725844206289,23.9394514453493,0 79.9725821023078,23.9394524321369,0 79.9725798429337,23.9394535283609,0 79.9725776486166,23.9394547310567,0 79.9725755252905,23.9394560369721,0 79.9725734786975,23.9394574425753,0 79.9725715143722,23.9394589440653,0 79.9725365143749,23.9394871440581,0 79.9725346017394,23.9394887695049,0 79.972532785528,23.9394904858439,0 79.9725310708469,23.9394922882497,0 79.9725294625164,23.9394941716554,0 79.9725279650582,23.9394961307659,0 79.9725265826822,23.9394981600735,0 79.9725253192747,23.9395002538731,0 79.9725241783876,23.9395024062784,0 79.9725231632283,23.9395046112383,0 79.9725222766508,23.9395068625537,0 79.9725215211475,23.9395091538955,0 79.9725208988425,23.9395114788219,0 79.9725204114853,23.9395138307968,0 79.972520060446,23.939516203208,0 79.9725198467114,23.9395185893857,0 79.9725197708826,23.9395209826217,0 79.9725198331727,23.9395233761877,0 79.9725235392497,23.939590866267,0 79.9725225061452,23.9396282923334,0 79.9725221482492,23.9396285871922,0 79.9725203013192,23.9396302796458,0 79.9724995013191,23.939650379641,0 79.9724977962948,23.939652115133,0 79.9724961913026,23.9396539294223,0 79.9724946906462,23.9396558176437,0 79.9724932983499,23.9396577747338,0 79.9724920181471,23.9396597954447,0 79.9724908534707,23.9396618743576,0 79.9724898074439,23.9396640058978,0 79.9724888828718,23.9396661843494,0 79.9724880822336,23.939668403871,0 79.9724874076762,23.9396706585105,0 79.9724868610086,23.9396729422222,0 79.9724852053676,23.9396808262141,0 79.9724703688468,23.939696243519,0 79.972461633082,23.9397015013453,0 79.9724504788485,23.939685740763,0 79.9724509348576,23.9396854844111,0 79.9724530787293,23.9396841309037,0 79.9724551416633,23.9396826750122,0 79.9724571178781,23.9396811208172,0 79.9724590018349,23.9396794726743,0 79.9724607882536,23.939677735203,0 79.9724624721275,23.9396759132726,0 79.9724640487373,23.9396740119896,0 79.9724655136643,23.9396720366825,0 79.9724668628026,23.9396699928875,0 79.9724680923713,23.9396678863326,0 79.9724691989241,23.9396657229219,0 79.9724701793598,23.9396635087187,0 79.9724710309306,23.9396612499286,0 79.9724717512498,23.9396589528823,0 79.9724723382986,23.9396566240177,0 79.9724727904317,23.9396542698618,0 79.9724731063819,23.9396518970125,0 79.9724732852637,23.9396495121201,0 79.9724733265758,23.9396471218687,0 79.972472927655,23.9396124966791,0 79.9724893458018,23.9395739676273,0 79.9724898020464,23.9395728539436,0 79.9724983816888,23.9395510439931,0 79.9724996681048,23.9395501819756,0 79.972501656871,23.9395486973957,0 79.972503558729,23.9395471195425,0 79.9725053685068,23.9395454527072,0 79.9725070812824,23.9395437014227,0 79.9725086923981,23.9395418704517,0 79.9725101974721,23.9395399647736,0 79.9725115924116,23.9395379895711,0 79.9725128734227,23.9395359502158,0 79.9725140370219,23.9395338522537,0 79.9725150800446,23.9395317013904,0 79.9725159996543,23.9395295034753,0 79.9725167933501,23.9395272644856,0 79.9725174589736,23.9395249905104,0 79.9725179947144,23.939522687734,0 79.9725183991157,23.9395203624187,0 79.9725186710776,23.9395180208883,0 79.9725188098607,23.9395156695108,0 79.9725188150873,23.9395133146809,0 79.9725186867435,23.9395109628025,0 79.9725184251781,23.9395086202718,0 79.9725180311026,23.9395062934593,0 79.9725175055886,23.9395039886929,0 79.9725168500653,23.9395017122405,0 79.9725160663154,23.939499470293,0 79.9725151564705,23.9394972689475,0 79.9725141230048,23.9394951141907,0 79.9725129687289,23.9394930118824,0 79.972511696782,23.93949096774,0 79.972510310623,23.9394889873227,0 79.9724983106201,23.9394727873257,0 79.9724967789271,23.9394708336341,0 79.9724951360972,23.9394689577701,0 79.9724933868024,23.9394671650683,0 79.9724915360177,23.9394654606272,0 79.9724895890064,23.9394638492938,0 79.9724875513057,23.9394623356508,0 79.9724854287105,23.9394609240028,0 79.9724832272575,23.9394596183644,0 79.9724809532073,23.9394584224487,0 79.9724786130272,23.9394573396568,0 79.9724762133722,23.939456373068,0 79.972473761067,23.9394555254312,0 79.9724712630856,23.9394547991571,0 79.972468726532,23.9394541963111,0 79.97246615862,23.9394537186076,0 79.9724635666524,23.9394533674052,0 79.9724609580006,23.9394531437026,0 79.9724583400834,23.9394530481361,0 79.9724275277517,23.9394526791301,0 79.972427736343,23.9394524276929,0 79.9724291905896,23.9394504695061,0 79.9724305310093,23.9394484438635,0 79.9724317539068,23.9394463563493,0 79.9724328559109,23.9394442127182,0 79.9724338339839,23.9394420188796,0 79.9724346854293,23.9394397808813,0 79.9724354079,23.939437504893,0 79.9724359994043,23.9394351971888,0 79.9724364583116,23.9394328641304,0 79.9724367833569,23.9394305121496,0 79.9724369736441,23.93942814773,0 79.9724370286486,23.9394257773897,0 79.9724369482188,23.9394234076631,0 79.9724367325765,23.9394210450829,0 79.9724363823161,23.939418696162,0 79.9724358984031,23.9394163673759,0 79.9724352821717,23.9394140651443,0 79.972430956002,23.9393995558577,0 79.9724543393936,23.9393828602041,0 79.9724563331913,23.9393813579091,0 79.9724582385006,23.9393797615501,0 79.9724600500746,23.9393780755232,0 79.9724617629247,23.9393763044713,0 79.972463372334,23.9393744532715,0 79.9724648738706,23.9393725270217,0 79.9724662633994,23.9393705310264,0 79.9724675370941,23.9393684707822,0 79.972468691447,23.9393663519626,0 79.9724697232795,23.9393641804023,0 79.97247062975,23.9393619620814,0 79.9724714083623,23.9393597031087,0 79.9724720569722,23.939357409705,0 79.9724725737937,23.9393550881859,0 79.9724729574034,23.9393527449443,0 79.9724732067451,23.9393503864331,0 79.9724733211321,23.9393480191471,0 79.9724733002494,23.9393456496053,0 79.9724731441545,23.9393432843331,0 79.9724728532773,23.9393409298438,0 79.9724724284189,23.9393385926213,0 79.9724718707491,23.9393362791018,0 79.9724711818037,23.9393339956562,0 79.9724703634799,23.9393317485728,0 79.9724694180313,23.9393295440395,0 79.9724683480614,23.9393273881272,0 79.9724671565167,23.9393252867728,0 79.9724658466784,23.939323245763,0 79.9724644221537,23.9393212707183,0 79.9724628868654,23.9393193670776,0 79.9724612450413,23.9393175400832,0 79.9724595012027,23.9393157947662,0 79.9724576601517,23.9393141359329,0 79.9724557269584,23.9393125681514,0 79.9724537069462,23.939311095739,0 79.9724516056779,23.9393097227503,0 79.97244942894,23.9393084529665,0 79.9724471827268,23.9393072898841,0 79.9724448732238,23.9393062367061,0 79.9724425067909,23.9393052963328,0 79.972440089945,23.9393044713536,0 79.9724376293413,23.9393037640405,0 79.972435131756,23.9393031763412,0 79.9724326040669,23.9393027098742,0 79.9724300532347,23.9393023659239,0 79.9724274862839,23.9393021454376,0 79.9724249102834,23.9393020490224,0 79.9724223323268,23.9393020769439,0 79.9724197595135,23.9393022291251,0 79.9724171989284,23.939302505147,0 79.9724146576227,23.9393029042495,0 79.9724121425949,23.9393034253334,0 79.9724096607707,23.939304066964,0 79.9724072189845,23.9393048273741,0 79.9724048239606,23.9393057044699,0 79.9724024822943,23.939306695836,0 79.9724002004342,23.9393077987423,0 79.972396644855,23.939309628313,0 79.9723956327727,23.9393058104624,0 79.9723949566479,23.9393035227914,0 79.9723941508341,23.9393012708859,0 79.9723932175522,23.9392990609522,0 79.9723921593741,23.9392968990808,0 79.9723909792164,23.93929479123,0 79.9723896803316,23.939292743209,0 79.9723882662994,23.9392907606622,0 79.9723867410169,23.9392888490535,0 79.9723851086879,23.9392870136514,0 79.972383373811,23.9392852595143,0 79.9723825589447,23.9392844778467,0 79.9723834611258,23.9392840690662,0 79.9723856899225,23.9392829232078,0 79.9723878509262,23.9392816724489,0 79.9723899382976,23.9392803201691,0 79.9723919463967,23.9392788700221,0 79.9723938697976,23.9392773259264,0 79.9723957033034,23.939275692054,0 79.9723974419598,23.9392739728198,0 79.9723990810689,23.9392721728691,0 79.972400616202,23.9392702970653,0 79.972402043211,23.9392683504769,0 79.9724033582403,23.9392663383636,0 79.9724045577365,23.9392642661622,0 79.9724056384586,23.9392621394717,0 79.9724065974866,23.9392599640385,0 79.9724332974673,23.93919456403,0 79.9724341312277,23.9391923485764,0 79.9724348387712,23.9391900963379,0 79.9724354181911,23.9391878133847,0 79.9724358679255,23.9391855058697,0 79.9724361867626,23.9391831800119,0 79.9724363738429,23.9391808420799,0 79.9724364286622,23.9391784983747,0 79.9724363510729,23.9391761552129,0 79.9724361412839,23.9391738189097,0 79.9724357998609,23.9391714957617,0 79.9724353277239,23.9391691920302,0 79.9724347261454,23.9391669139241,0 79.9724339967468,23.9391646675831,0 79.9724331414939,23.9391624590614,0 79.9724321626918,23.9391602943115,0 79.9724310629784,23.9391581791674,0 79.9724298453176,23.9391561193299,0 79.9724285129913,23.9391541203505,0 79.9724270695902,23.9391521876167,0 79.9724255190045,23.9391503263375,0 79.9724238654133,23.9391485415294,0 79.9724221132731,23.9391468380026,0 79.9724202673064,23.9391452203484,0 79.9724183324882,23.9391436929265,0 79.9724163140331,23.9391422598537,0 79.9724142173811,23.9391409249922,0 79.9724120481831,23.9391396919396,0 79.9724098122853,23.9391385640192,0 79.9724075157138,23.939137544271,0 79.9724051646581,23.9391366354432,0 79.9724027654546,23.9391358399853,0 79.9724003245697,23.9391351600412,0 79.9723978485817,23.9391345974433,0 79.9723953441638,23.9391341537081,0 79.9723928180658,23.9391338300313,0 79.9723902770959,23.9391336272855,0 79.9723877281023,23.9391335460169,0 79.9723851779548,23.9391335864446,0 79.9723826335266,23.9391337484597,0 79.9723801016752,23.9391340316255,0 79.9723775892243,23.9391344351788,0 79.9723751029452,23.9391349580321,0 79.9723726495389,23.939135598776,0 79.9723702356177,23.9391363556839,0 79.9723039220336,23.9391589315445,0 79.9723166965246,23.9391439215032,0 79.972318248596,23.9391419945099,0 79.9723196872009,23.9391399945163,0 79.9723210082837,23.9391379271607,0 79.9723222081201,23.9391357982713,0 79.9723232833276,23.9391336138497,0 79.9723242308749,23.9391313800542,0 79.9723250480909,23.9391291031821,0 79.9723303480857,23.9391129031803,0 79.9723310171715,23.9391106479321,0 79.9723315583819,23.9391083638809,0 79.9723319702665,23.9391060571478,0 79.9723322517216,23.9391037339144,0 79.9723324019929,23.9391014004066,0 79.9723324206776,23.939099062878,0 79.9723323077258,23.9390967275928,0 79.9723320634401,23.9390944008092,0 79.9723316884753,23.9390920887627,0 79.972331183836,23.9390897976492,0 79.9723305508748,23.9390875336086,0 79.9723297912879,23.9390853027083,0 79.9723289071108,23.9390831109267,0 79.9723279007131,23.9390809641375,0 79.9723267747917,23.9390788680937,0 79.972325532364,23.9390768284126,0 79.9723241767595,23.9390748505601,0 79.9723227116111,23.9390729398366,0 79.9723211408451,23.9390711013626,0 79.972319468671,23.9390693400649,0 79.9723176995699,23.9390676606636,0 79.9723158382829,23.9390660676592,0 79.9723138897978,23.9390645653207,0 79.9723118593365,23.9390631576743,0 79.9723097523401,23.9390618484921,0 79.9723075744552,23.9390606412827,0 79.9723053315183,23.9390595392811,0 79.97230302954,23.9390585454406,0 79.9723006746893,23.9390576624245,0 79.9722982732769,23.9390568925992,0 79.9722727732843,23.9390493926019,0 79.9722703455949,23.93904874139,0 79.9722678846625,23.9390482058633,0 79.9722653970081,23.9390477874409,0 79.9722628892235,23.9390474872315,0 79.9722603679535,23.9390473060306,0 79.9722578398791,23.9390472443184,0 79.972255311699,23.9390473022583,0 79.9722527901123,23.9390474796969,0 79.9722502818007,23.939047776164,0 79.9722477934106,23.9390481908739,0 79.9722453315356,23.9390487227279,0 79.9722429026992,23.9390493703165,0 79.9722405133371,23.939050131924,0 79.9722381697807,23.9390510055321,0 79.9722358782398,23.939051988826,0 79.9722336447866,23.9390530792003,0 79.9721835447975,23.9390790791929,0 79.9721813438708,23.9390802921339,0 79.9721792148559,23.9390816090509,0 79.9721771635615,23.9390830263506,0 79.9721751955848,23.9390845401661,0 79.972173316295,23.939086146367,0 79.97217153082,23.9390878405707,0 79.9721698440312,23.9390896181548,0 79.9721682605311,23.9390914742691,0 79.9721667846401,23.9390934038493,0 79.9721654203851,23.9390954016307,0 79.9721641714885,23.9390974621622,0 79.9721630413579,23.939099579822,0 79.9721620330768,23.9391017488319,0 79.9721611493962,23.939103963274,0 79.9721608632846,23.9391048154929,0 79.9721584110132,23.9391045803681,0 79.972155831306,23.9391044584893,0 79.9721532481949,23.9391044614019,0 79.9721506688208,23.9391045890979,0 79.9721481003143,23.9391048412243,0 79.9721455497758,23.939105217084,0 79.9721430242562,23.9391057156381,0 79.9721405307371,23.9391063355083,0 79.9721380761118,23.939107074981,0 79.9721356671659,23.939107932012,0 79.9721333105588,23.9391089042321,0 79.9721310128053,23.9391099889536,0 79.9721287802574,23.9391111831778,0 79.9721266190868,23.9391124836034,0 79.972124535268,23.9391138866354,0 79.9721225345616,23.9391153883952,0 79.9721206224985,23.9391169847313,0 79.9721188043644,23.9391186712307,0 79.9721170851855,23.9391204432311,0 79.9721154697143,23.939122295834,0 79.9721153062059,23.9391225049885,0 79.9721152764115,23.9391211087375,0 79.9721150848321,23.9391187024736,0 79.9721147536947,23.9391163090493,0 79.972112435418,23.9391025098161,0 79.9721217013549,23.9390946141907,0 79.9721238170856,23.9390926988587,0 79.9721258030475,23.9390906695355,0 79.9721276519844,23.9390885336355,0 79.9721794519769,23.9390248336221,0 79.9721809339265,23.9390229083515,0 79.9721823044915,23.9390209145917,0 79.9721835599335,23.9390188577813,0 79.9721846968279,23.9390167435307,0 79.9721857120735,23.939014577607,0 79.9721866029011,23.9390123659183,0 79.9721873668807,23.9390101144975,0 79.9721880019283,23.939007829486,0 79.9721885063118,23.9390055171166,0 79.9721888786553,23.9390031836969,0 79.9721891179431,23.939000835592,0 79.9721892235226,23.9389984792067,0 79.9721891951056,23.9389961209687,0 79.9721890327699,23.9389937673107,0 79.9721887369582,23.9389914246529,0 79.9721883084774,23.9389890993854,0 79.9721877484962,23.938986797851,0 79.9721870585423,23.9389845263276,0 79.9721862404975,23.9389822910114,0 79.9721852965934,23.9389800979998,0 79.9721842294046,23.9389779532747,0 79.9721830418423,23.9389758626863,0 79.9721817371456,23.9389738319373,0 79.9721803188736,23.938971866567,0 79.9721787908949,23.9389699719365,0 79.9721771573775,23.9389681532138,0 79.9721754227771,23.9389664153598,0 79.9721735918254,23.9389647631152,0 79.9721716695166,23.9389632009866,0 79.9721696610944,23.9389617332352,0 79.9721675720372,23.9389603638647,0 79.9721654080434,23.9389590966103,0 79.9721631750158,23.9389579349287,0 79.9721608790455,23.9389568819889,0 79.9721585263954,23.9389559406628,0 79.9721561234829,23.9389551135181,0 79.9721536768625,23.9389544028112,0 79.972151193208,23.9389538104807,0 79.972148679294,23.9389533381422,0 79.972146141978,23.9389529870841,0 79.9721435881811,23.9389527582642,0 79.9721410248692,23.9389526523065,0 79.9721384590346,23.9389526695,0 79.9721358976762,23.9389528097979,0 79.9721333477805,23.9389530728175,0 79.9721308163032,23.9389534578413,0 79.9721283101494,23.938953963819,0 79.9721258361552,23.9389545893706,0 79.9721234010691,23.9389553327896,0 79.9721210115334,23.9389561920482,0 79.972118674066,23.9389571648026,0 79.972116395043,23.9389582483992,0 79.972114180681,23.9389594398825,0 79.9721120370202,23.9389607360023,0 79.9721099699079,23.9389621332231,0 79.9721079849827,23.9389636277337,0 79.97209223598,23.9389761313388,0 79.9720754361964,23.9389412965246,0 79.9720998367406,23.9389396318082,0 79.9721023858748,23.9389393963273,0 79.9721049181872,23.938939039027,0 79.9721074267912,23.9389385608791,0 79.9721099048651,23.9389379631839,0 79.9721123456699,23.9389372475666,0 79.9721147425681,23.9389364159735,0 79.9721170890415,23.9389354706658,0 79.9721193787092,23.9389344142143,0 79.9721216053445,23.9389332494919,0 79.9721237628925,23.938931979666,0 79.9721258454858,23.9389306081897,0 79.972127847461,23.9389291387926,0 79.9721297633739,23.9389275754706,0 79.9721315880145,23.938925922475,0 79.9721333164208,23.938924184301,0 79.9721349438925,23.9389223656753,0 79.9721364660038,23.9389204715436,0 79.9721472660018,23.9389062715407,0 79.972148704607,23.9389042687284,0 79.97215002541,23.9389021984947,0 79.9721512246801,23.9389000666873,0 79.9721522990297,23.9388978793278,0 79.9721532454241,23.9388956425949,0 79.9721540611901,23.9388933628066,0 79.9721547440234,23.9388910464026,0 79.9721552919952,23.9388886999259,0 79.9721557035578,23.9388863300047,0 79.9721559775485,23.9388839433331,0 79.9721561131934,23.9388815466528,0 79.9721561101094,23.9388791467336,0 79.9721559683053,23.9388767503545,0 79.9721556881815,23.9388743642844,0 79.9721552705293,23.9388719952634,0 79.9721547165286,23.938869649983,0 79.9721540277441,23.938867335068,0 79.9721532061214,23.9388650570571,0 79.9721522539815,23.9388628223852,0 79.9721511740137,23.9388606373643,0 79.9721499692686,23.9388585081666,0 79.9721486431494,23.9388564408062,0 79.9721471994017,23.9388544411227,0 79.9721456421038,23.9388525147647,0 79.9721439756545,23.9388506671735,0 79.972142204761,23.9388489035679,0 79.9721403344256,23.9388472289296,0 79.9721383699312,23.9388456479887,0 79.9720814039746,23.9388022071757,0 79.9720816047367,23.938802003406,0 79.9720829284862,23.9388016644212,0 79.9720853830892,23.9388009056452,0 79.9720877907808,23.9388000290408,0 79.9720901448709,23.9387990370437,0 79.9720924388186,23.9387979324103,0 79.9720946662498,23.93879671821,0 79.9720968209753,23.9387953978165,0 79.9720988970082,23.9387939748987,0 79.9721008885797,23.9387924534102,0 79.9721027901563,23.9387908375788,0 79.9721045964542,23.9387891318942,0 79.9721063024543,23.9387873410957,0 79.9721079034165,23.9387854701594,0 79.9721093948922,23.9387835242837,0 79.9721107727373,23.9387815088755,0 79.9721120331233,23.9387794295349,0 79.972113172548,23.9387772920394,0 79.9721141878455,23.9387751023284,0 79.9721150761946,23.9387728664861,0 79.9721158351271,23.9387705907252,0 79.9721164625341,23.9387682813689,0 79.9721169566724,23.9387659448342,0 79.9721173161688,23.9387635876132,0 79.9721175400247,23.9387612162558,0 79.9721176276178,23.938758837351,0 79.9721175787049,23.938756457509,0 79.9721173934219,23.9387540833421,0 79.9721170722836,23.9387517214475,0 79.9721166161823,23.9387493783877,0 79.9721160263855,23.9387470606733,0 79.9721153045317,23.9387447747442,0 79.972114452627,23.9387425269522,0 79.9721134730382,23.9387403235429,0 79.9721123684874,23.9387381706387,0 79.9721111420436,23.9387360742217,0 79.9721097971147,23.938734040117,0 79.9721083374377,23.9387320739766,0 79.9721067670684,23.9387301812635,0 79.9721050903702,23.9387283672369,0 79.9721033120021,23.9387266369371,0 79.9721014369054,23.9387249951722,0 79.9720994702903,23.9387234465037,0 79.9720974176212,23.9387219952349,0 79.9720952846016,23.9387206453983,0 79.9720930771583,23.9387194007444,0 79.972090801425,23.9387182647318,0 79.9720884637251,23.9387172405168,0 79.9720829283887,23.938714977898,0 79.9720811388113,23.938713709425,0 79.9720789495061,23.9387123244409,0 79.9720766819176,23.938711050301,0 79.9720743426818,23.9387098907341,0 79.9720719386448,23.9387088491338,0 79.972069476842,23.9387079285482,0 79.9719466768752,23.938665528563,0 79.9719442598325,23.9386647593878,0 79.971941802511,23.938664106878,0 79.9719393115713,23.9386635728022,0 79.9719367937656,23.9386631586081,0 79.9719342559183,23.9386628654184,0 79.9719317049087,23.9386626940278,0 79.9719291476515,23.9386626449009,0 79.9719265910783,23.9386627181708,0 79.9719240421189,23.9386629136389,0 79.9719215076825,23.9386632307755,0 79.9719189946389,23.9386636687208,0 79.9719165097999,23.9386642262878,0 79.9719140599009,23.9386649019651,0 79.9719116515826,23.9386656939213,0 79.9719092913728,23.9386666000097,0 79.9719069856692,23.9386676177744,0 79.9719047407217,23.9386687444564,0 79.9719025626151,23.9386699770019,0 79.9719004572537,23.9386713120699,0 79.971898430344,23.9386727460417,0 79.9718964873802,23.9386742750303,0 79.9718946336289,23.9386758948913,0 79.9718928741149,23.9386776012339,0 79.9718912136075,23.9386793894329,0 79.9718896566076,23.9386812546412,0 79.9718882073355,23.9386831918031,0 79.9718868697198,23.9386851956676,0 79.971885647386,23.9386872608032,0 79.9718845436475,23.9386893816121,0 79.9718778301883,23.9387031939864,0 79.9718764956156,23.9387030938933,0 79.9718738974562,23.9387029625775,0 79.9718712953766,23.9387029578822,0 79.9718686966763,23.9387030798207,0 79.9718661086451,23.9387033280508,0 79.9718635385431,23.9387037018762,0 79.9718609935799,23.9387042002483,0 79.9718584808949,23.938704821769,0 79.9718560075365,23.9387055646948,0 79.9718535804431,23.9387064269416,0 79.9718512064233,23.9387074060907,0 79.9718488921367,23.9387084993953,0 79.9718466440754,23.9387097037885,0 79.9718444685457,23.9387110158915,0 79.9718423716504,23.9387124320239,0 79.9718403592719,23.9387139482128,0 79.9717965593706,23.9387487711015,0 79.9717962255779,23.9387226692902,0 79.9717961264285,23.9387202840287,0 79.9717958902822,23.9387179069155,0 79.9717955177989,23.938715544593,0 79.9717950100195,23.9387132036624,0 79.9717943683628,23.9387108906651,0 79.971793594622,23.9387086120644,0 79.971792690959,23.9387063742274,0 79.9717916598991,23.9387041834075,0 79.9717905043234,23.9387020457266,0 79.971789227461,23.9386999671581,0 79.9717878328799,23.9386979535102,0 79.971786324477,23.9386960104098,0 79.9717847064674,23.9386941432866,0 79.9717829833723,23.9386923573579,0 79.9717811600066,23.9386906576143,0 79.9717792414656,23.9386890488054,0 79.9717772331101,23.9386875354268,0 79.9717751405524,23.9386861217074,0 79.9717729696397,23.9386848115976,0 79.9717707264382,23.9386836087584,0 79.9717684172164,23.9386825165508,0 79.9717660484269,23.9386815380268,0 79.9717636266889,23.9386806759209,0 79.9717611587697,23.938679932642,0 79.9717586515655,23.9386793102671,0 79.9717561120822,23.9386788105354,0 79.971753547416,23.9386784348432,0 79.9717509647335,23.9386781842403,0 79.9717483712516,23.9386780594271,0 79.9717457742175,23.9386780607523,0 79.971743180888,23.9386781882123,0 79.9717405985098,23.9386784414507,0 79.9717380342991,23.9386788197601,0 79.9717354954211,23.9386793220832,0 79.9717329889702,23.9386799470165,0 79.9717305219505,23.9386806928135,0 79.9717281012555,23.9386815573904,0 79.9717257336496,23.9386825383312,0 79.9717234257487,23.9386836328948,0 79.9717211840018,23.9386848380226,0 79.9717190146731,23.9386861503471,0 79.9717169238245,23.9386875662011,0 79.9717149172986,23.9386890816284,0 79.9717130007022,23.9386906923943,0 79.9717111793911,23.9386923939976,0 79.9717094584546,23.9386941816837,0 79.9717078427016,23.938696050457,0 79.971706336647,23.9386979950955,0 79.9717049444994,23.9387000101653,0 79.9717036701488,23.9387020900356,0 79.9717025171562,23.9387042288945,0 79.9716890625752,23.9387309401805,0 79.9716889735411,23.9387308200254,0 79.9716874284877,23.9387289515295,0 79.9716857798994,23.9387271593399,0 79.9716840322294,23.9387254482978,0 79.9716821901986,23.9387238230251,0 79.9716802587829,23.938722287912,0 79.9716782431995,23.9387208471053,0 79.971676148893,23.938719504497,0 79.9716739815206,23.9387182637139,0 79.971671746937,23.9387171281074,0 79.9716694511783,23.9387161007453,0 79.971667100446,23.9387151844027,0 79.9716647010899,23.9387143815549,0 79.9716622595914,23.9387136943705,0 79.9716597825455,23.9387131247059,0 79.9716572766434,23.9387126740997,0 79.9716547486541,23.9387123437693,0 79.971631248662,23.9387098437704,0 79.9716290970714,23.9387096588517,0 79.9716269387149,23.9387095610764,0 79.9716247777683,23.9387095506336,0 79.9715662777886,23.938710450634,0 79.9715636997921,23.9387105525875,0 79.9715611311754,23.93871077881,0 79.9715585790244,23.9387111286773,0 79.9715560503796,23.9387116012242,0 79.9715535522165,23.9387121951473,0 79.9715510914267,23.9387129088081,0 79.9715486747985,23.9387137402378,0 79.9715463089985,23.938714687143,0 79.971544000553,23.9387157469113,0 79.9715417558302,23.9387169166194,0 79.9715395810224,23.9387181930404,0 79.971537482129,23.9387195726532,0 79.9715354649403,23.9387210516519,0 79.9715335350207,23.9387226259565,0 79.9715316976943,23.9387242912242,0 79.9715299580295,23.9387260428611,0 79.9715283208255,23.938727876035,0 79.9715267905985,23.9387297856889,0 79.9715253715701,23.9387317665549,0 79.9715240676547,23.9387338131684,0 79.9715228824494,23.9387359198837,0 79.9715218192237,23.938738080889,0 79.9715208809107,23.938740290223,0 79.9715200700987,23.9387425417909,0 79.9715193890247,23.9387448293816,0 79.9715188395673,23.9387471466844,0 79.9715184232423,23.9387494873067,0 79.9715173232396,23.9387568873063,0 79.9715170550418,23.9387590952859,0 79.9715169053261,23.9387613127177,0 79.971516874455,23.9387635342339,0 79.9715169625031,23.938765754457,0 79.9715171692574,23.9387679680122,0 79.9715174942173,23.9387701695414,0 79.9715179365963,23.938772353715,0 79.9715184953234,23.938774515246,0 79.9715318953072,23.9388212152495,0 79.9715326236437,23.9388235062073,0 79.9715334826632,23.9388257585936,0 79.971534469966,23.9388279661156,0 79.9715355827936,23.938830122606,0 79.9715368180371,23.9388322220401,0 79.9715381722454,23.9388342585526,0 79.9715396416353,23.9388362264537,0 79.9715412221015,23.9388381202456,0 79.9715429092286,23.9388399346375,0 79.9715446983031,23.9388416645603,0 79.9715465843267,23.9388433051811,0 79.9715485620303,23.9388448519162,0 79.9715506258885,23.9388463004445,0 79.9715527701356,23.938847646719,0 79.9715549887807,23.9388488869785,0 79.9715572756256,23.938850017758,0 79.9715596242813,23.9388510358984,0 79.9715620281861,23.9388519385553,0 79.9715644806241,23.9388527232066,0 79.9715661552132,23.9388531693308,0 79.9715659578447,23.9388532359196,0 79.9715635709565,23.9388541755351,0 79.971561241414,23.9388552297485,0 79.9715589757247,23.9388563956147,0 79.9715567802175,23.938857669877,0 79.9715546610254,23.9388590489761,0 79.971552624068,23.9388605290593,0 79.9715506750354,23.9388621059924,0 79.9715488193721,23.9388637753703,0 79.9715470622616,23.9388655325298,0 79.9715454086123,23.9388673725623,0 79.9715438630435,23.9388692903281,0 79.9715424298725,23.9388712804699,0 79.9715411131029,23.9388733374286,0 79.9715399164128,23.9388754554582,0 79.9715388431451,23.9388776286422,0 79.9715378962978,23.9388798509101,0 79.971537078516,23.9388821160541,0 79.971536392084,23.9388844177469,0 79.9715358389193,23.9388867495588,0 79.971535420567,23.9388891049762,0 79.9715351381959,23.9388914774195,0 79.9715349925947,23.9388938602614,0 79.9715349841702,23.9388962468458,0 79.9715351129459,23.938898630506,0 79.971535378562,23.9389010045834,0 79.9715357802766,23.9389033624463,0 79.9715363169676,23.9389056975082,0 79.9715369871358,23.9389080032464,0 79.9715377889091,23.9389102732201,0 79.9715387200479,23.9389125010882,0 79.9715397779512,23.9389146806274,0 79.9715409596637,23.9389168057495,0 79.9715422618845,23.938918870518,0 79.971543680976,23.9389208691654,0 79.9715452129741,23.9389227961084,0 79.9715468535993,23.9389246459645,0 79.9715485982687,23.9389264135662,0 79.9715504421087,23.9389280939759,0 79.9715523799688,23.9389296824995,0 79.9715544064357,23.9389311746997,0 79.9715565158487,23.9389325664081,0 79.9715565731486,23.9389326001447,0 79.9715562694359,23.9389330041036,0 79.9715549274818,23.9389350039828,0 79.9715537005253,23.9389370653132,0 79.9715525918884,23.9389391825135,0 79.9715516045728,23.9389413498515,0 79.9715507412518,23.9389435614587,0 79.971550004263,23.9389458113471,0 79.9715493956016,23.9389480934249,0 79.9715489169159,23.9389504015133,0 79.9715485695018,23.938952729363,0 79.9715483543,23.938955070671,0 79.9715482718932,23.9389574190982,0 79.9715483225045,23.938959768286,0 79.9715485059969,23.9389621118737,0 79.9715488218735,23.938964443516,0 79.9715492692792,23.9389667568997,0 79.9715498470025,23.9389690457612,0 79.9715505534793,23.9389713039031,0 79.9715513867966,23.9389735252115,0 79.9715523446983,23.9389757036719,0 79.9715534245907,23.938977833386,0 79.97155462355,23.9389799085875,0 79.9715559383298,23.9389819236574,0 79.9715573653704,23.93898387314,0 79.9715589008078,23.9389857517568,0 79.9715599025555,23.9389868530804,0 79.9715595402909,23.9389890732964,0 79.9715592925504,23.9389914246312,0 79.971559178938,23.9389937846566,0 79.9715591997647,23.9389961469136,0 79.9715593549735,23.9389985049368,0 79.9715596441396,23.9390008522727,0 79.9715597241706,23.939001293845,0 79.9715494871074,23.9389688297683,0 79.9715487197454,23.9389666117567,0 79.971547829062,23.9389644330325,0 79.9715468174234,23.9389622993838,0 79.9715456875172,23.9389602164789,0 79.9715444423453,23.9389581898514,0 79.9715430852156,23.9389562248854,0 79.9715416197335,23.938954326801,0 79.9715400497923,23.938952500641,0 79.9715383795629,23.9389507512567,0 79.9715366134825,23.9389490832956,0 79.9715347562429,23.938947501189,0 79.9715328127782,23.9389460091399,0 79.9715307882515,23.9389446111124,0 79.9715286880413,23.9389433108203,0 79.9715265177271,23.9389421117181,0 79.9714957994935,23.9389261155948,0 79.9714972326613,23.9389233686879,0 79.9715071203344,23.9389173521308,0 79.9715092178565,23.9389160022544,0 79.9715112360101,23.9389145537655,0 79.9715131693133,23.9389130105986,0 79.9715150125143,23.9389113769459,0 79.9715167606061,23.9389096572449,0 79.9715184088403,23.9389078561671,0 79.9715199527395,23.9389059786051,0 79.9715213881097,23.9389040296591,0 79.971522711052,23.9389020146232,0 79.9715239179726,23.9388999389712,0 79.971525005593,23.9388978083415,0 79.9715259709588,23.9388956285217,0 79.9715268114477,23.9388934054332,0 79.9715275247765,23.9388911451149,0 79.9715281090075,23.9388888537067,0 79.9715285625537,23.9388865374332,0 79.9715288841831,23.9388842025862,0 79.971529073022,23.9388818555083,0 79.9715291285575,23.9388795025752,0 79.9715290506386,23.9388771501784,0 79.9715288394771,23.9388748047079,0 79.9715284956466,23.9388724725353,0 79.971528020081,23.9388701599955,0 79.9715274140723,23.9388678733706,0 79.9715266792666,23.9388656188718,0 79.9715258176599,23.9388634026235,0 79.9715248315928,23.9388612306459,0 79.9715237237439,23.938859108839,0 79.9715224971225,23.9388570429666,0 79.9715211550607,23.9388550386404,0 79.9715197012041,23.9388531013051,0 79.971518139502,23.9388512362233,0 79.9715164741966,23.9388494484614,0 79.9714733741935,23.9388055484714,0 79.9714716179087,23.9388038503181,0 79.971469768156,23.93880223818,0 79.9714678299155,23.9388007163974,0 79.9714658084052,23.9387992890671,0 79.9714637090675,23.938797960032,0 79.9714615375543,23.9387967328699,0 79.9714592997116,23.9387956108846,0 79.9714570015643,23.9387945970969,0 79.9714546492995,23.9387936942359,0 79.9714522492498,23.9387929047325,0 79.9714498078769,23.9387922307121,0 79.9714473317532,23.9387916739892,0 79.9714448275451,23.9387912360628,0 79.9714423019944,23.9387909181118,0 79.9714397619005,23.9387907209922,0 79.9714372141017,23.9387906452347,0 79.9714346654573,23.9387906910432,0 79.9714321228287,23.9387908582944,0 79.9714295930613,23.9387911465381,0 79.9714270829656,23.9387915549982,0 79.9714245992995,23.938792082575,0 79.9714221487494,23.9387927278483,0 79.9714197379127,23.9387934890808,0 79.9714173732799,23.9387943642231,0 79.971415061217,23.9387953509191,0 79.9714128079487,23.9387964465125,0 79.9714106195412,23.9387976480537,0 79.9714085018861,23.9387989523079,0 79.9714064606846,23.9388003557638,0 79.971404501432,23.938801854643,0 79.9714026294031,23.9388034449101,0 79.9714008496378,23.9388051222839,0 79.9713991669275,23.9388068822486,0 79.9713975858025,23.9388087200658,0 79.9713961105194,23.938810630788,0 79.9713947450501,23.9388126092709,0 79.9713934930707,23.938814650188,0 79.9713923579518,23.938816748045,0 79.9713913427493,23.9388188971937,0 79.9713904501965,23.9388210918484,0 79.9713896826962,23.9388233261006,0 79.9713890423147,23.938825593935,0 79.9713885307761,23.9388278892464,0 79.9713881494575,23.9388302058552,0 79.9713878993856,23.9388325375246,0 79.9713877812336,23.9388348779773,0 79.9713877953195,23.9388372209123,0 79.9713879416056,23.9388395600219,0 79.9713882196979,23.9388418890088,0 79.9713886288478,23.9388442016028,0 79.9713891679537,23.9388464915779,0 79.9713898355644,23.9388487527692,0 79.9713906298824,23.9388509790888,0 79.9713915487692,23.9388531645432,0 79.9713960251671,23.9388630410503,0 79.9713765410607,23.9388769799665,0 79.9713305405116,23.9389027364696,0 79.9713284000835,23.9389040060102,0 79.9713263341284,23.9389053758181,0 79.9713243482006,23.9389068422105,0 79.9713224476395,23.9389084012448,0 79.9713206375549,23.9389100487295,0 79.9713189228132,23.9389117802353,0 79.9713173080248,23.9389135911068,0 79.9713157975309,23.9389154764754,0 79.9713143953928,23.9389174312722,0 79.9713131053802,23.9389194502417,0 79.9713119309612,23.9389215279556,0 79.9713108752935,23.9389236588279,0 79.9713099412153,23.9389258371297,0 79.9713091312378,23.9389280570044,0 79.9713084475389,23.9389303124837,0 79.9713078919566,23.9389325975037,0 79.9713074659847,23.938934905921,0 79.9713071707685,23.9389372315291,0 79.9713070071016,23.9389395680757,0 79.9713069754241,23.9389419092786,0 79.9713070758211,23.9389442488435,0 79.9713073080229,23.9389465804802,0 79.971307671405,23.93894889792,0 79.9713193713818,23.9390118979229,0 79.971319874214,23.9390142327,0 79.9713205101921,23.9390165398824,0 79.9713212775491,23.9390188130604,0 79.9713221741532,23.9390210459188,0 79.9713231975136,23.9390232322542,0 79.9713243447871,23.9390253659926,0 79.9713256127865,23.9390274412063,0 79.971326997989,23.9390294521298,0 79.9713284965464,23.9390313931766,0 79.9713301042953,23.939033258954,0 79.9713316241861,23.9390348435027,0 79.9713086510015,23.9390387632566,0 79.9712993736413,23.9390400492274,0 79.9712968328671,23.9390404644131,0 79.9712943193175,23.9390410016498,0 79.9712918399275,23.9390416594552,0 79.9712894015382,23.9390424360144,0 79.9712870108773,23.9390433291848,0 79.9712846745408,23.9390443365019,0 79.9712823989751,23.9390454551865,0 79.9712801904586,23.939046682152,0 79.9712780550849,23.939048014013,0 79.9712759987457,23.9390494470949,0 79.9712740271148,23.9390509774435,0 79.971272145632,23.9390526008366,0 79.9712703594886,23.9390543127949,0 79.9712686736127,23.9390561085949,0 79.971267092656,23.9390579832819,0 79.9712656209803,23.9390599316834,0 79.9712642626464,23.9390619484235,0 79.9712630214018,23.9390640279378,0 79.9712619006715,23.9390661644887,0 79.9712609035476,23.9390683521812,0 79.9712600327813,23.9390705849793,0 79.9712592907751,23.9390728567223,0 79.9712586795764,23.9390751611422,0 79.9712585336388,23.9390758716896,0 79.9712497760983,23.9390708381518,0 79.9712509861421,23.9390646978107,0 79.9712603042532,23.9390603339555,0 79.9712625299023,23.9390592243346,0 79.971264690397,23.9390580107948,0 79.9712667799987,23.9390566965593,0 79.9712687931572,23.9390552851189,0 79.9712707245253,23.9390537802226,0 79.9712725689731,23.9390521858676,0 79.9712743216015,23.9390505062887,0 79.9712759777552,23.9390487459469,0 79.9712775330355,23.9390469095181,0 79.9712789833111,23.93904500188,0 79.9712803247301,23.9390430280995,0 79.9712815537295,23.9390409934192,0 79.9712826670448,23.9390389032435,0 79.9712836617191,23.9390367631242,0 79.9712845351103,23.9390345787455,0 79.9712852848986,23.9390323559097,0 79.9712859090926,23.9390301005206,0 79.9712864060342,23.939027818569,0 79.9712867744035,23.9390255161159,0 79.9712870132221,23.939023199277,0 79.9712871218557,23.9390208742061,0 79.9712871000158,23.9390185470789,0 79.9712869477603,23.9390162240763,0 79.9712866654937,23.9390139113688,0 79.9712862539657,23.9390116150989,0 79.9712770539496,23.9389674151013,0 79.9712764976913,23.9389650795044,0 79.9712758077132,23.9389627742427,0 79.9712749859497,23.9389605057789,0 79.9712740347045,23.9389582804726,0 79.9712663346995,23.9389415804747,0 79.9712652758155,23.9389394407407,0 79.9712640972177,23.9389373545532,0 79.9712628021,23.9389353275656,0 79.9712613939721,23.9389333652709,0 79.9712598766499,23.9389314729868,0 79.9712582542453,23.9389296558413,0 79.9712571176514,23.9389285100177,0 79.9712574053044,23.9389275115065,0 79.9712579326426,23.9389251975906,0 79.9712583274979,23.9389228614787,0 79.971258588788,23.9389205095743,0 79.9712587157966,23.9389181483239,0 79.9712587081755,23.9389157842001,0 79.9712585659457,23.938913423683,0 79.9712582894972,23.938911073243,0 79.9712578795875,23.9389087393227,0 79.9712573373403,23.9389064283196,0 79.9712566642421,23.9389041465682,0 79.9712558621377,23.9389019003231,0 79.9712549332258,23.9388996957413,0 79.9712538800526,23.9388975388658,0 79.971252705505,23.9388954356086,0 79.9712514128024,23.9388933917349,0 79.9712500054883,23.9388914128471,0 79.9712484874201,23.9388895043695,0 79.9712468627591,23.9388876715333,0 79.9712451359585,23.9388859193624,0 79.9712433117516,23.9388842526597,0 79.9712413951386,23.9388826759937,0 79.9712393913732,23.9388811936861,0 79.9712373059477,23.9388798098,0 79.9712351445785,23.9388785281288,0 79.97123291319,23.9388773521856,0 79.9712306178986,23.9388762851937,0 79.9712299915694,23.9388760309474,0 79.9712335644259,23.9388597040403,0 79.9712340274988,23.938857235601,0 79.9712343409392,23.9388547473586,0 79.9712345037828,23.9388522469698,0 79.9712345155284,23.9388497421286,0 79.97123437614,23.9388472405425,0 79.9712340860464,23.9388447499093,0 79.9712336461402,23.938842277893,0 79.9712313461362,23.9388312778935,0 79.9712307914927,23.9388289566352,0 79.9712301047439,23.938826665413,0 79.9712292877921,23.9388244105736,0 79.9712283429004,23.9388221983628,0 79.971227272686,23.9388200349085,0 79.9712260801135,23.9388179262035,0 79.9712247684863,23.9388158780888,0 79.9712054684803,23.9387874780938,0 79.9712040673894,23.9387855303418,0 79.971202558629,23.9387836517618,0 79.9712009462333,23.9387818473768,0 79.9711992345135,23.9387801220117,0 79.9711974280467,23.9387784802797,0 79.971195531663,23.9387769265706,0 79.9711935504332,23.9387754650388,0 79.9711914896548,23.9387740995923,0 79.971189354838,23.9387728338821,0 79.971187151691,23.9387716712925,0 79.9711848861048,23.9387706149321,0 79.9711825641373,23.9387696676255,0 79.971180191997,23.9387688319057,0 79.9711777760267,23.9387681100072,0 79.9711753226864,23.9387675038604,0 79.9711728385361,23.9387670150859,0 79.9711703302179,23.9387666449908,0 79.9711678044388,23.9387663945645,0 79.9711652679524,23.9387662644766,0 79.9711627275409,23.9387662550751,0 79.9711601899971,23.938766366385,0 79.9711576621059,23.9387665981088,0 79.9711551506265,23.9387669496268,0 79.971147850629,23.9387681496264,0 79.9711453367963,23.9387686254565,0 79.9711428534303,23.9387692213021,0 79.9711404073085,23.938769935537,0 79.971138005107,23.9387707662121,0 79.9711356533818,23.9387717110601,0 79.9711333585513,23.9387727675025,0 79.9711311268785,23.9387739326559,0 79.9711289644541,23.9387752033404,0 79.9711268771799,23.9387765760881,0 79.9711248707523,23.9387780471525,0 79.9711229506475,23.9387796125187,0 79.9711211221056,23.9387812679145,0 79.9711193901173,23.9387830088221,0 79.9711177594094,23.93878483049,0 79.9711162344325,23.9387867279467,0 79.9711148193486,23.9387886960135,0 79.9711135180197,23.9387907293192,0 79.9711123339974,23.9387928223146,0 79.9711112705132,23.9387949692873,0 79.9711103304695,23.9387971643779,0 79.971109516432,23.9387994015955,0 79.9711088306222,23.9388016748342,0 79.971108274912,23.93880397789,0 79.9711078508179,23.9388063044774,0 79.9711075594975,23.9388086482465,0 79.9711074017458,23.9388110028009,0 79.9711073779934,23.9388133617143,0 79.971107488305,23.9388157185488,0 79.9711077323796,23.9388180668723,0 79.9711081095512,23.9388204002755,0 79.9711086187903,23.9388227123902,0 79.9711098187886,23.9388275123905,0 79.9711104568019,23.9388297907767,0 79.9711112230559,23.9388320355283,0 79.9711121154709,23.9388342405521,0 79.9711131316242,23.9388363998625,0 79.9711142687576,23.9388385075982,0 79.9711155237844,23.9388405580377,0 79.9711168932978,23.9388425456152,0 79.971117684165,23.938843571046,0 79.9711148533289,23.9388479900369,0 79.9711138670804,23.9388460680341,0 79.9711126404067,23.9388439715596,0 79.9711112952374,23.9388419374128,0 79.9711098353106,23.9388399712463,0 79.9711082646834,23.9388380785241,0 79.9711065877206,23.938836264506,0 79.9711048090822,23.9388345342329,0 79.9711029337112,23.9388328925134,0 79.9711009668189,23.9388313439095,0 79.9710989138714,23.9388298927249,0 79.9710967805736,23.9388285429922,0 79.971094572854,23.9388272984624,0 79.9710922968476,23.9388261625939,0 79.9710899588794,23.9388251385432,0 79.9710875654465,23.9388242291561,0 79.9710851232001,23.9388234369598,0 79.971082638927,23.9388227641558,0 79.971080119531,23.9388222126136,0 79.9710775720133,23.9388217838661,0 79.9710750034534,23.9388214791047,0 79.9710724209891,23.9388212991763,0 79.9710698317971,23.938821244581,0 79.9710672430724,23.9388213154704,0 79.9710646620091,23.9388215116475,0 79.9710620957799,23.9388218325672,0 79.9710600687869,23.938822186912,0 79.9710597711549,23.9388213684648,0 79.9710588284652,23.9388191670581,0 79.9710577616284,23.9388170140517,0 79.9710565735728,23.9388149153557,0 79.9710552675597,23.9388128767305,0 79.9710538471737,23.9388109037721,0 79.9710523163139,23.938809001896,0 79.9710506791821,23.9388071763226,0 79.9710489402721,23.9388054320628,0 79.9710471043571,23.9388037739046,0 79.9710451764764,23.9388022063993,0 79.9710431619219,23.9388007338496,0 79.9710410662233,23.9387993602975,0 79.9710388951329,23.9387980895131,0 79.9710366546104,23.9387969249847,0 79.9710343508055,23.9387958699088,0 79.971031990042,23.9387949271814,0 79.9710295788,23.9387940993902,0 79.971027123698,23.9387933888074,0 79.9710246314749,23.9387927973835,0 79.9710221089717,23.9387923267418,0 79.9710195631124,23.9387919781743,0 79.971017000885,23.9387917526376,0 79.9710144293226,23.9387916507509,0 79.9710118554837,23.9387916727938,0 79.9710092864334,23.9387918187058,0 79.9709697864471,23.9387950187052,0 79.9709672309531,23.9387952878625,0 79.9709646942884,23.9387956795844,0 79.9709621834066,23.9387961927971,0 79.9709597051904,23.9387968260939,0 79.9709572664332,23.9387975777387,0 79.9709548738201,23.9387984456712,0 79.9709525339096,23.9387994275122,0 79.9709502531159,23.9388005205702,0 79.9709480376911,23.938801721849,0 79.9709458937082,23.9388030280557,0 79.9709438270441,23.9388044356096,0 79.970941843364,23.9388059406524,0 79.9709399481055,23.9388075390586,0 79.970938146464,23.9388092264464,0 79.9709364433781,23.9388109981906,0 79.9709348435162,23.9388128494344,0 79.970933351264,23.9388147751032,0 79.9709319707118,23.9388167699183,0 79.9709307056443,23.9388188284116,0 79.970929559529,23.9388209449404,0 79.9709285355078,23.9388231137028,0 79.9709276363877,23.9388253287538,0 79.9709193571371,23.9388474793613,0 79.9709182852491,23.9388457105389,0 79.9709169296246,23.9388437237218,0 79.9709154636,23.9388418042737,0 79.9709138911295,23.9388399573719,0 79.9709122164546,23.9388381879981,0 79.9709104440925,23.9388365009249,0 79.9709085788238,23.9388349007028,0 79.9709066256797,23.9388333916482,0 79.9709045899284,23.9388319778315,0 79.9709024770611,23.9388306630661,0 79.9709002927768,23.9388294508984,0 79.9708980429672,23.938828344598,0 79.9708957337007,23.938827347149,0 79.9708933712063,23.9388264612417,0 79.9708909618562,23.9388256892657,0 79.9708885121492,23.9388250333034,0 79.9708860286931,23.938824495124,0 79.9708835181864,23.9388240761792,0 79.9708809874007,23.938823777599,0 79.9708784431625,23.9388236001888,0 79.9708758923343,23.9388235444271,0 79.9708733417965,23.9388236104643,0 79.9708071476484,23.9388269071614,0 79.9707642471146,23.93881241595,0 79.9707619372936,23.9388116950258,0 79.9707595913867,23.9388110803701,0 79.9707572151773,23.9388105734981,0 79.9707548145237,23.9388101756596,0 79.9707523953442,23.9388098878354,0 79.970749963603,23.9388097107349,0 79.9707475252951,23.9388096447949,0 79.9707450864318,23.9388096901779,0 79.9707426530257,23.938809846772,0 79.9706842530459,23.9388149467709,0 79.9706816058268,23.9388152447839,0 79.9706789801031,23.938815674393,0 79.9706763836128,23.9388162343321,0 79.9706738240074,23.9388169229511,0 79.97067130883,23.9388177382207,0 79.9706688454926,23.9388186777384,0 79.9706664412545,23.9388197387355,0 79.9706641032008,23.9388209180852,0 79.9706618382217,23.9388222123122,0 79.9706596529919,23.9388236176024,0 79.9706575539511,23.9388251298145,0 79.9706555472851,23.9388267444921,0 79.9706536389073,23.9388284568769,0 79.9706421235708,23.9388393661414,0 79.9706169323337,23.938848339844,0 79.9705366271892,23.9388396263829,0 79.9705226664687,23.9388323371573,0 79.9705204725557,23.9388312582677,0 79.970518222026,23.9388302828559,0 79.9705159206523,23.938829413424,0 79.9705135743375,23.938828652202,0 79.9705111891,23.9388280011425,0 79.9705087710581,23.9388274619155,0 79.9705063264142,23.9388270359041,0 79.9704870264206,23.9388241359053,0 79.9704844691944,23.9388238147985,0 79.9704818971497,23.9388236175704,0 79.9704793173852,23.9388235447654,0 79.9704767370208,23.9388235965844,0 79.970474163178,23.9388237728843,0 79.9704716029602,23.9388240731786,0 79.9704690634336,23.9388244966386,0 79.9704665516069,23.9388250420954,0 79.9704640744124,23.9388257080437,0 79.9704616386871,23.9388264926456,0 79.9704592511533,23.9388273937356,0 79.9704569184002,23.9388284088268,0 79.9704546468662,23.9388295351176,0 79.9704524428203,23.9388307694997,0 79.9704503123456,23.9388321085662,0 79.9704482613219,23.9388335486214,0 79.9704462954099,23.938835085691,0 79.9704444200353,23.9388367155328,0 79.9704426403739,23.9388384336485,0 79.9704409613374,23.9388402352964,0 79.9704393875598,23.9388421155041,0 79.9704379233846,23.9388440690824,0 79.9704365728528,23.9388460906396,0 79.9704353396916,23.9388481745964,0 79.9704342273046,23.9388503152013,0 79.9704332387617,23.9388525065465,0 79.9704323767913,23.9388547425841,0 79.9704316437723,23.9388570171427,0 79.9704310417278,23.9388593239449,0 79.9704305723195,23.9388616566241,0 79.9704302368427,23.9388640087424,0 79.9704300362235,23.9388663738081,0 79.9704299710154,23.9388687452938,0 79.9704300413985,23.9388711166546,0 79.9704302471786,23.9388734813457,0 79.9704305877877,23.9388758328407,0 79.9704310622857,23.9388781646499,0 79.9704316693632,23.9388804703375,0 79.9704324073445,23.9388827435402,0 79.9704332741931,23.9388849779841,0 79.9704342675165,23.9388871675024,0 79.9704353845732,23.9388893060522,0 79.9704430845696,23.9389031060542,0 79.9704443791938,23.9389052775197,0 79.9704458013732,23.9389073804956,0 79.9704473468314,23.9389094086583,0 79.9704490109214,23.9389113559093,0 79.9704507886395,23.9389132163936,0 79.9704526746401,23.9389149845167,0 79.9704546632524,23.9389166549621,0 79.9704567484967,23.938918222707,0 79.9704589241029,23.9389196830373,0 79.9704757090598,23.9389303135118,0 79.9705061464546,23.9389521783529,0 79.9705082151233,23.9389535857476,0 79.970510361143,23.9389548916383,0 79.9705279264148,23.9389649823321,0 79.9705155154533,23.938965257451,0 79.970512928781,23.9389653775563,0 79.9705103525896,23.938965622786,0 79.9705077940386,23.9389659924585,0 79.9705052602386,23.9389664855465,0 79.9705027582315,23.9389671006797,0 79.9705002949707,23.9389678361484,0 79.9704978773021,23.9389686899087,0 79.9704955119446,23.9389696595879,0 79.9704932054719,23.938970742491,0 79.9704909642942,23.9389719356085,0 79.9704887946401,23.9389732356246,0 79.9704867025392,23.9389746389263,0 79.9704846938059,23.9389761416136,0 79.9704827740228,23.9389777395104,0 79.9704809485252,23.9389794281757,0 79.9704792263242,23.938981198868,0 79.9704782971312,23.9389806952077,0 79.9704759263073,23.9389795649893,0 79.9704734921642,23.938978554856,0 79.9704710018953,23.9389776677931,0 79.9704684628598,23.9389769064218,0 79.9704658825611,23.9389762729923,0 79.9704190161781,23.9389660136876,0 79.9704207988838,23.9389644073034,0 79.9704225363539,23.9389626689293,0 79.9704241726125,23.9389608494773,0 79.970425703188,23.9389589539193,0 79.9704271238978,23.9389569874354,0 79.9704284308594,23.9389549553996,0 79.9704296205011,23.938952863365,0 79.9704306895721,23.9389507170485,0 79.9704316351507,23.9389485223156,0 79.970432454653,23.938946285164,0 79.9704331458394,23.9389440117072,0 79.9704337068211,23.9389417081581,0 79.9704341360651,23.9389393808117,0 79.9704344323984,23.938937036028,0 79.9704345950111,23.9389346802149,0 79.970434623459,23.9389323198102,0 79.9704345176642,23.9389299612643,0 79.9704342779158,23.9389276110226,0 79.9704339048691,23.9389252755077,0 79.9704333995436,23.9389229611019,0 79.9704327633201,23.9389206741301,0 79.9704319979373,23.938918420842,0 79.9704311054868,23.9389162073952,0 79.9704300884075,23.9389140398386,0 79.9704289494789,23.9389119240956,0 79.9704276918132,23.9389098659479,0 79.9704263188476,23.9389078710202,0 79.9704248343338,23.9389059447639,0 79.9704232423288,23.938904092443,0 79.9704215471832,23.9389023191197,0 79.9704197535293,23.9389006296397,0 79.9704178662688,23.9388990286202,0 79.9704158905591,23.9388975204364,0 79.9704138317993,23.9388961092096,0 79.9704116956156,23.9388947987966,0 79.9704094878457,23.9388935927782,0 79.9704072145227,23.9388924944503,0 79.9704048818593,23.9388915068144,0 79.9704024962299,23.9388906325693,0 79.9704000641539,23.9388898741043,0 79.9703975922776,23.9388892334919,0 79.9703950873561,23.9388887124829,0 79.9703925562346,23.938888312501,0 79.9703900058302,23.9388880346393,0 79.9703874431125,23.9388878796571,0 79.9703848750846,23.938887847978,0 79.9703823087646,23.9388879396885,0 79.9703472087767,23.9388900396882,0 79.9703458275651,23.9388901403202,0 79.9702779585466,23.9388959713219,0 79.9702582708089,23.9388953443244,0 79.970217233112,23.9388802692519,0 79.9702148199192,23.9388794494504,0 79.9702123633431,23.9388787468849,0 79.9702098701203,23.9388781634822,0 79.970207347088,23.9388777008421,0 79.9702048011654,23.9388773602334,0 79.970202239334,23.9388771425901,0 79.9701996686193,23.938877048509,0 79.9701970960711,23.9388770782482,0 79.970194528744,23.9388772317261,0 79.9701919736786,23.9388775085218,0 79.9701894378817,23.9388779078762,0 79.9701869283072,23.9388784286942,0 79.9701844518373,23.9388790695476,0 79.9701820152632,23.9388798286789,0 79.9701796252668,23.9388807040062,0 79.9701772884023,23.9388816931293,0 79.9701750110781,23.9388827933355,0 79.9701727995394,23.9388840016078,0 79.9701706598509,23.9388853146327,0 79.9701685978804,23.9388867288094,0 79.9701666192825,23.9388882402598,0 79.9701647294832,23.938889844839,0 79.9701629336648,23.9388915381467,0 79.9701612367522,23.9388933155393,0 79.9701596433988,23.9388951721427,0 79.9701581579741,23.9388971028654,0 79.9701567845517,23.9388991024127,0 79.9701555268979,23.9389011653012,0 79.9701543884617,23.9389032858738,0 79.970153372365,23.9389054583151,0 79.9701524813942,23.9389076766678,0 79.9701439813872,23.938930676665,0 79.9701432210812,23.9389329247679,0 79.9701425892844,23.9389352062361,0 79.9701420877137,23.9389375148685,0 79.9701417177328,23.9389398443899,0 79.9701414803471,23.9389421884684,0 79.970141376202,23.9389445407326,0 79.9701414055804,23.9389468947887,0 79.9701415684026,23.9389492442383,0 79.9701418642261,23.9389515826952,0 79.9701422922466,23.9389539038033,0 79.970142851301,23.9389562012536,0 79.9701435398694,23.9389584688014,0 79.9701443560805,23.9389607002831,0 79.9701452977156,23.9389628896335,0 79.9701463622153,23.9389650309017,0 79.9701475466862,23.9389671182673,0 79.9701488479087,23.9389691460569,0 79.970150262346,23.9389711087586,0 79.9701538778734,23.9389758523345,0 79.9701516524024,23.9389758798237,0 79.9701490824779,23.9389760356335,0 79.9701465249684,23.9389763150146,0 79.9701439869026,23.9389767171993,0 79.9701414752555,23.9389772410823,0 79.9701389969297,23.938977885224,0 79.9701365587362,23.9389786478539,0 79.9701341673756,23.9389795268764,0 79.9701216518997,23.9389844809197,0 79.9700820619864,23.9389737790509,0 79.9700795553705,23.9389731670524,0 79.9700770171092,23.9389726774878,0 79.9700768495321,23.9389726535713,0 79.9700761846898,23.9389582817736,0 79.9700760142874,23.9389559825475,0 79.9700757164804,23.9389536943064,0 79.9700752920445,23.9389514230103,0 79.9700747420852,23.9389491745752,0 79.970074068035,23.9389469548576,0 79.9700732716496,23.9389447696389,0 79.9700723550033,23.9389426246108,0 79.9700713204835,23.9389405253606,0 79.970070170785,23.9389384773559,0 79.9700689089021,23.9389364859311,0 79.9700675381218,23.9389345562731,0 79.9700660620145,23.938932693408,0 79.9700644844248,23.938930902188,0 79.9700628094618,23.9389291872786,0 79.9700610414882,23.9389275531464,0 79.970059185109,23.9389260040478,0 79.9700572451595,23.9389245440176,0 79.9700552266924,23.9389231768588,0 79.9700485266932,23.9389188768601,0 79.9700466219064,23.9389177140399,0 79.9700446603142,23.9389166339432,0 79.9700426461662,23.9389156389098,0 79.9699869461784,23.9388896389182,0 79.969984641223,23.9388886313427,0 79.9699822824458,23.9388877351526,0 79.9699798762129,23.9388869527668,0 79.969977429019,23.938886286297,0 79.9699749474691,23.938885737542,0 79.9699724382609,23.9388853079829,0 79.9699699081669,23.9388849987791,0 79.969967364016,23.9388848107652,0 79.9699648126747,23.9388847444486,0 79.9699622610294,23.9388848000083,0 79.9699597159669,23.9388849772944,0 79.9699571843565,23.9388852758283,0 79.9699546730311,23.9388856948042,0 79.9699521887687,23.9388862330915,0 79.9699497382746,23.9388868892372,0 79.9699473281625,23.9388876614703,0 79.9699449649377,23.9388885477066,0 79.9699426549784,23.938889545554,0 79.9699404045192,23.9388906523195,0 79.9699382196344,23.9388918650157,0 79.9699361062208,23.9388931803696,0 79.9699340699828,23.938894594831,0 79.9699321164161,23.9388961045822,0 79.9699302507936,23.9388977055483,0 79.9699284781505,23.9388993934084,0 79.9699268032714,23.9389011636067,0 79.9699252306768,23.9389030113655,0 79.9699237646111,23.9389049316977,0 79.9699224090313,23.9389069194201,0 79.9699211675962,23.9389089691679,0 79.9699200436564,23.9389110754087,0 79.9699190402456,23.9389132324577,0 79.9699181600719,23.9389154344929,0 79.969917405511,23.9389176755711,0 79.9699167785995,23.9389199496435,0 79.9699162810294,23.9389222505722,0 79.9699160683016,23.9389233880913,0 79.9699154290674,23.938922904083,0 79.969913349785,23.9389214916908,0 79.9699111925401,23.9389201817953,0 79.9699089633074,23.9389189780243,0 79.969906668261,23.9389178837117,0 79.9699043137569,23.9389169018883,0 79.9699019063163,23.9389160352733,0 79.9698994526066,23.9389152862668,0 79.9698969594234,23.9389146569433,0 79.9698944336719,23.9389141490456,0 79.9698918823472,23.9389137639805,0 79.9698893125154,23.9389135028143,0 79.9698867312938,23.9389133662705,0 79.9698841458311,23.9389133547272,0 79.9698815632881,23.9389134682163,0 79.9698789908171,23.9389137064236,0 79.9698764355428,23.9389140686892,0 79.9698739045421,23.93891455401,0 79.9698714048249,23.9389151610417,0 79.9698689433142,23.9389158881031,0 79.9698665268272,23.9389167331807,0 79.9698641620567,23.9389176939339,0 79.969861855552,23.9389187677019,0 79.969859613701,23.9389199515108,0 79.9698574427127,23.938921242082,0 79.9698415301019,23.9389312570136,0 79.9698412620056,23.938930147587,0 79.9698405658284,23.9389278482793,0 79.9698397384474,23.9389255859916,0 79.9698387821739,23.9389233670439,0 79.9698376996793,23.9389211976351,0 79.9698364939878,23.9389190838256,0 79.9698351684676,23.9389170315206,0 79.9698337268215,23.9389150464534,0 79.9698321730772,23.9389131341695,0 79.969830511575,23.938911300011,0 79.9698287469565,23.9389095491019,0 79.9698268841515,23.9389078863334,0 79.9698249283638,23.9389063163508,0 79.9698228850572,23.9389048435399,0 79.9698207599398,23.9389034720151,0 79.9698185589483,23.938902205608,0 79.9698162882315,23.9389010478564,0 79.9698139541328,23.9389000019945,0 79.9698115631729,23.9388990709442,0 79.969809122031,23.9388982573064,0 79.9698066375267,23.938897563354,0 79.9698041166008,23.9388969910257,0 79.9698015662957,23.9388965419203,0 79.9697989937359,23.9388962172926,0 79.9697964061082,23.9388960180493,0 79.9697938106414,23.938895944747,0 79.9697912145862,23.9388959975906,0 79.9697886251948,23.9388961764323,0 79.969786049701,23.9388964807727,0 79.9697834952998,23.9388969097615,0 79.9697809691271,23.9388974622002,0 79.9697784782399,23.9388981365456,0 79.969776029597,23.9388989309138,0 79.9697736300388,23.9388998430857,0 79.9697712862686,23.9389008705131,0 79.9697187862812,23.938925470506,0 79.9697166074453,23.9389265559337,0 79.9697144909344,23.9389277409695,0 79.9697124421344,23.9389290225981,0 79.9697104662588,23.938930397558,0 79.9697085683355,23.9389318623505,0 79.969706753194,23.9389334132482,0 79.9697067344639,23.9389334309518,0 79.9697054112992,23.9389315540409,0 79.969703888977,23.93892962571,0 79.9697022581179,23.9389277738615,0 79.9697005232621,23.9389260036507,0 79.9696986892388,23.9389243200054,0 79.9696967611538,23.9389227276124,0 79.9696947443742,23.9389212309047,0 79.9696926445145,23.9389198340488,0 79.9696904674201,23.9389185409331,0 79.9696882191516,23.9389173551576,0 79.9696859059677,23.938916280023,0 79.9696835343078,23.9389153185223,0 79.9696811107741,23.9389144733322,0 79.9696786421132,23.9389137468055,0 79.9696761351972,23.9389131409646,0 79.969673597005,23.9389126574961,0 79.9696710346022,23.9389122977458,0 79.969668455122,23.9389120627153,0 79.9696658657451,23.9389119530587,0 79.9696632736798,23.9389119690814,0 79.9696606861418,23.9389121107388,0 79.9696581103343,23.9389123776364,0 79.9696555534277,23.9389127690314,0 79.96965302254,23.9389132838341,0 79.9696505247164,23.9389139206114,0 79.9696480669105,23.9389146775908,0 79.9696456559643,23.938915552665,0 79.9696432985892,23.9389165433979,0 79.9696410013477,23.9389176470315,0 79.9696387706348,23.9389188604936,0 79.9696366126603,23.9389201804062,0 79.9696345334316,23.9389216030949,0 79.9696325387367,23.9389231245992,0 79.9696306341285,23.9389247406837,0 79.969628824909,23.9389264468495,0 79.9696271161147,23.938928238347,0 79.9696255125024,23.938930110189,0 79.9696240185363,23.9389320571649,0 79.9696040088877,23.9389596521629,0 79.9696022712993,23.9389605635138,0 79.9696001632371,23.9389618040957,0 79.9695981266589,23.9389631417553,0 79.9695862663767,23.9389713592357,0 79.9695703024227,23.9389800942302,0 79.9694834268197,23.9389551920344,0 79.9694809321715,23.93895454283,0 79.9694784037346,23.9389540154915,0 79.9694758485509,23.9389536114876,0 79.9694732737366,23.9389533319434,0 79.9694706864628,23.9389531776375,0 79.969468093935,23.9389531489997,0 79.9694655033737,23.9389532461097,0 79.9694629219937,23.938953468697,0 79.9694603569841,23.9389538161418,0 79.9694578154889,23.9389542874764,0 79.9694553045859,23.938954881388,0 79.9694528312684,23.9389555962227,0 79.9694504024246,23.9389564299896,0 79.9694480248189,23.9389573803665,0 79.9694457050731,23.9389584447067,0 79.9694434496478,23.9389596200459,0 79.9694412648245,23.9389609031107,0 79.969439156688,23.9389622903277,0 79.9694371311095,23.9389637778335,0 79.9694351937305,23.9389653614853,0 79.9694333499466,23.9389670368726,0 79.9694316048928,23.9389687993292,0 79.9694299634293,23.9389706439467,0 79.9694284301275,23.9389725655877,0 79.9694270092578,23.9389745589004,0 79.9694257047774,23.9389766183332,0 79.9694245203194,23.9389787381507,0 79.9694234591825,23.9389809124488,0 79.969422524322,23.9389831351722,0 79.9694217183416,23.9389854001305,0 79.969421043486,23.9389877010155,0 79.9694205016347,23.9389900314193,0 79.9694200942968,23.9389923848516,0 79.9694198226068,23.9389947547578,0 79.9694196873213,23.9389971345377,0 79.9694196888171,23.9389995175636,0 79.9694198270901,23.9390018971985,0 79.9694201017552,23.939004266815,0 79.9694205120474,23.9390066198136,0 79.969421056824,23.9390089496412,0 79.9694217345679,23.939011249809,0 79.9694225433914,23.9390135139109,0 79.969423481042,23.9390157356413,0 79.9694245449083,23.9390179088126,0 79.9694257320274,23.9390200273723,0 79.969427039093,23.9390220854202,0 79.9694284624649,23.9390240772245,0 79.969429998179,23.9390259972379,0 79.9694316419583,23.9390278401131,0 79.9694333892246,23.9390296007175,0 79.9694352351119,23.9390312741478,0 79.9694536287281,23.9390470912312,0 79.9694851920513,23.9391126090865,0 79.9694873820509,23.9392069631054,0</coordinates></LinearRing></outerBoundaryIs><innerBoundaryIs><LinearRing><coordinates>79.9701923253255,23.9392494847035,0 79.9701934785872,23.9392515976272,0 79.9701947505723,23.9392536521843,0 79.9701961377948,23.9392556427442,0 79.9701976364531,23.9392575638517,0 79.9701992424401,23.939259410242,0 79.9702009513545,23.9392611768551,0 79.970202758513,23.9392628588494,0 79.9702046589631,23.9392644516154,0 79.9702066474965,23.9392659507881,0 79.9702087186635,23.939267352259,0 79.9702108667882,23.9392686521873,0 79.9702130859835,23.9392698470106,0 79.9702153701677,23.9392709334543,0 79.9702177130808,23.9392719085411,0 79.9702201083022,23.9392727695987,0 79.9702225492675,23.9392735142674,0 79.9702250292874,23.9392741405063,0 79.9702275415652,23.9392746465994,0 79.9702300792161,23.9392750311594,0 79.9702326352853,23.9392752931327,0 79.9702352027681,23.9392754318013,0 79.9702377746282,23.939275446785,0 79.9702403438172,23.9392753380429,0 79.9702429032944,23.939275105873,0 79.9702454460453,23.9392747509116,0 79.9702479651015,23.9392742741313,0 79.9702504535594,23.9392736768389,0 79.9702529045995,23.9392729606713,0 79.9702553115044,23.939272127591,0 79.9702576676782,23.9392711798813,0 79.9702599666635,23.9392701201392,0 79.97026220216,23.9392689512692,0 79.9702643680412,23.9392676764744,0 79.9702664583715,23.9392662992485,0 79.9702684674223,23.9392648233658,0 79.9702960131284,23.9392434781888,0 79.9702975505816,23.9392440507575,0 79.9702999891729,23.9392448904786,0 79.970302472748,23.9392456102572,0 79.970304994329,23.9392462080712,0 79.9703075468314,23.9392466822407,0 79.9703101230837,23.9392470314337,0 79.9703127158478,23.939247254669,0 79.9703153178389,23.9392473513194,0 79.9703179217466,23.9392473211134,0 79.970320520255,23.9392471641359,0 79.9703231060634,23.9392468808278,0 79.9703256719067,23.9392464719853,0 79.9703282105759,23.9392459387569,0 79.9703307149385,23.9392452826408,0 79.9703331779582,23.9392445054803,0 79.9703355927149,23.9392436094592,0 79.9703379524243,23.9392425970946,0 79.9703402504564,23.9392414712311,0 79.9703424803548,23.9392402350317,0 79.9703446358544,23.9392388919698,0 79.9703467108992,23.9392374458187,0 79.970348699659,23.9392359006415,0 79.9703505965464,23.9392342607796,0 79.9703523962318,23.9392325308403,0 79.970354093659,23.9392307156839,0 79.9703556840588,23.9392288204103,0 79.9703571629628,23.9392268503445,0 79.9703585262161,23.9392248110216,0 79.9703597699883,23.939222708171,0 79.9703602200742,23.9392218405767,0 79.9703607391508,23.9392218413076,0 79.9703633643885,23.9392217157663,0 79.9703659785622,23.9392214613414,0 79.9704117785778,23.93921586134,0 79.970414294884,23.9392154923982,0 79.9704167869934,23.9392150040381,0 79.9704192482021,23.9392143975735,0 79.9704216718892,23.9392136746357,0 79.9704240515349,23.9392128371696,0 79.9704263807378,23.939211887428,0 79.9704286532322,23.9392108279656,0 79.970430862905,23.9392096616326,0 79.9704330038119,23.9392083915665,0 79.9704350701938,23.9392070211838,0 79.9704370564921,23.9392055541709,0 79.9704389573634,23.9392039944742,0 79.9704407676943,23.9392023462894,0 79.9704424826149,23.9392006140501,0 79.9704440975119,23.9391988024163,0 79.9704456080413,23.9391969162613,0 79.9704470101395,23.939194960659,0 79.9704483000348,23.9391929408701,0 79.9704494241263,23.9391909510672,0 79.9704513059194,23.9391918251685,0 79.9704536801981,23.9391927869622,0 79.9704561064112,23.9391936322038,0 79.9704585777915,23.9391943585357,0 79.9704610874457,23.939194963932,0 79.970463628374,23.9391954467041,0 79.9704661934893,23.9391958055056,0 79.9704687756368,23.9391960393356,0 79.9704713676145,23.9391961475419,0 79.9704739621927,23.9391961298228,0 79.9704746431975,23.9391960920656,0 79.9704735059218,23.9391980869602,0 79.9704724412332,23.9392002165191,0 79.9704714981906,23.9392023939821,0 79.9704706793345,23.9392046134838,0 79.9704699868705,23.9392068690453,0 79.9704694226641,23.9392091545908,0 79.9704691409074,23.939210652376,0 79.9704677792394,23.9392108201364,0 79.9704652093689,23.939211265801,0 79.9704626689411,23.9392118365235,0 79.9704601651545,23.9392125306867,0 79.9704577051038,23.9392133463238,0 79.9704271051124,23.9392243463206,0 79.9704247391801,23.9392252630337,0 79.9704224285856,23.9392262921031,0 79.9704201796398,23.9392274307181,0 79.970417998485,23.9392286757689,0 79.9704158910788,23.9392300238548,0 79.9704138631769,23.9392314712939,0 79.9704119203181,23.9392330141329,0 79.9703849203198,23.9392556141272,0 79.9703830662919,23.9392572495627,0 79.970381307838,23.9392589718631,0 79.9703796497689,23.9392607763164,0 79.9703780966208,23.939262657986,0 79.970376652643,23.9392646117239,0 79.9703753217861,23.9392666321849,0 79.970374107691,23.9392687138412,0 79.9703730136793,23.9392708509977,0 79.9703720427442,23.9392730378076,0 79.970371197542,23.9392752682878,0 79.9703704803851,23.9392775363363,0 79.9703698932355,23.9392798357478,0 79.9703694376995,23.9392821602315,0 79.9703691150235,23.9392845034279,0 79.9703689260904,23.9392868589264,0 79.9703688714169,23.9392892202825,0 79.9703689511527,23.9392915810361,0 79.9703691650796,23.9392939347282,0 79.9703695126123,23.9392962749197,0 79.9703699928002,23.9392985952079,0 79.9703706043294,23.939300889245,0 79.9703713455269,23.9393031507547,0 79.9703721745987,23.9393052718139,0 79.9703523249899,23.9393066778279,0 79.9703498060873,23.9393069164088,0 79.9703473039053,23.9393072739632,0 79.9703448250913,23.9393077495413,0 79.9703423762306,23.9393083418795,0 79.9703399638288,23.9393090494043,0 79.9703375942949,23.939309870236,0 79.9703352739238,23.939310802194,0 79.9703330088798,23.9393118428024,0 79.9703308051805,23.9393129892967,0 79.9703286686801,23.9393142386311,0 79.9703266050545,23.9393155874866,0 79.9703246197862,23.9393170322797,0 79.9703227181491,23.9393185691721,0 79.9703209051953,23.939320194081,0 79.9703191857411,23.9393219026896,0 79.9703175643544,23.9393236904586,0 79.9703167774697,23.9393246551128,0 79.9703160185814,23.9393248505632,0 79.9703135978944,23.9393256007553,0 79.9703112229061,23.9393264655832,0 79.9703089000376,23.9393274427087,0 79.9703066355695,23.93932852949,0 79.9703044356242,23.9393297229886,0 79.9703023061497,23.9393310199777,0 79.9703002529036,23.9393324169506,0 79.9702982814372,23.9393339101302,0 79.9702963970809,23.9393354954795,0 79.9702946049295,23.9393371687121,0 79.9702929098283,23.9393389253039,0 79.9702913163606,23.9393407605058,0 79.9702898288347,23.9393426693557,0 79.9702884512723,23.9393446466927,0 79.970287187398,23.9393466871707,0 79.970286040629,23.9393487852727,0 79.9702850642978,23.9393508301194,0 79.9702781263955,23.9393527367184,0 79.9702755498464,23.9393535166218,0 79.9702730240587,23.9393544260448,0 79.9702440240666,23.9393657260415,0 79.970241656221,23.9393667174699,0 79.9702393488043,23.9393678227299,0 79.9702371082887,23.9393690387213,0 79.9702349409588,23.9393703620333,0 79.9702328528937,23.939371788954,0 79.9702308499504,23.9393733154811,0 79.970228937747,23.9393749373327,0 79.970227121647,23.9393766499597,0 79.9702254067447,23.9393784485582,0 79.9702243798213,23.9393796482193,0 79.9701971783264,23.9393388894478,0 79.9701957872073,23.9393369216171,0 79.970194286737,23.9393350228706,0 79.9701926809682,23.9393331983367,0 79.9701909742379,23.9393314529431,0 79.9701891711557,23.9393297914039,0 79.9701872765915,23.9393282182069,0 79.9701852956624,23.9393267376009,0 79.9701832337186,23.9393253535849,0 79.9701810963291,23.9393240698971,0 79.9701788892669,23.9393228900044,0 79.9701766184928,23.9393218170936,0 79.9701742901401,23.9393208540627,0 79.9701719104973,23.9393200035124,0 79.9701694859915,23.9393192677401,0 79.9701670231711,23.9393186487331,0 79.9701645286877,23.9393181481632,0 79.9701620092789,23.9393177673823,0 79.970159471749,23.939317507419,0 79.9701569229518,23.9393173689753,0 79.9701543697712,23.9393173524252,0 79.9701529772936,23.9393174099594,0 79.970154050442,23.9393162644106,0 79.970155613669,23.9393144088589,0 79.970157069899,23.9393124811662,0 79.9701584151987,23.9393104865394,0 79.9701596459344,23.9393084303659,0 79.970160758782,23.9393063181995,0 79.9701617507357,23.9393041557452,0 79.970162619116,23.9393019488437,0 79.9701633615777,23.939299703456,0 79.9701639761152,23.9392974256469,0 79.9701644610687,23.9392951215686,0 79.9701648151284,23.9392927974447,0 79.9701650373379,23.9392904595525,0 79.970165127097,23.9392881142068,0 79.9701650841634,23.9392857677424,0 79.970164908653,23.939283426497,0 79.9701646010398,23.9392810967944,0 79.9701641621547,23.9392787849271,0 79.9701635931832,23.9392764971396,0 79.9701628956621,23.9392742396111,0 79.9701620714753,23.9392720184392,0 79.9701573249971,23.9392602380387,0 79.9701577572609,23.939260252915,0 79.9701603485571,23.939260216398,0 79.9701629341529,23.9392600543381,0 79.9701655068534,23.9392597671862,0 79.9701680594999,23.9392593557414,0 79.9701705849891,23.9392588211486,0 79.9701730762935,23.9392581648953,0 79.9701755264808,23.9392573888078,0 79.9701779287328,23.9392564950455,0 79.970180276365,23.9392554860955,0 79.9701825628448,23.9392543647654,0 79.9701847818096,23.9392531341753,0 79.9701869270849,23.9392517977497,0 79.9701889927012,23.9392503592073,0 79.9701909729105,23.9392488225511,0 79.9701917078649,23.9392481882719,0 79.9701923253255,23.9392494847035,0</coordinates></LinearRing></innerBoundaryIs><innerBoundaryIs><LinearRing><coordinates>79.9705064203975,23.9394333025184,0 79.9705051934341,23.9394312368511,0 79.9705038510433,23.939429232745,0 79.9705023968716,23.939427295644,0 79.970500834869,23.9394254308101,0 79.9704991692785,23.9394236433086,0 79.9704974046244,23.9394219379952,0 79.9704955457002,23.939420319502,0 79.9704935975553,23.9394187922255,0 79.9704915654817,23.9394173603143,0 79.9704894549991,23.939416027658,0 79.9704872718405,23.9394147978765,0 79.9704850219359,23.9394136743104,0 79.9704827113971,23.9394126600117,0 79.9704820773878,23.9394124181189,0 79.9704819842445,23.9394120289832,0 79.9704818561334,23.9394116030545,0 79.9704822489758,23.9394096194894,0 79.9704825768128,23.9394072713371,0 79.9704827703041,23.9394049106197,0 79.97048279511,23.9394039089667,0 79.9704830188553,23.9394039777616,0 79.9704854563912,23.9394046009902,0 79.970487925603,23.9394051080534,0 79.970490419942,23.9394054976064,0 79.970492932793,23.9394057686161,0 79.970494314493,23.9394058516635,0 79.9704953826601,23.9394079226889,0 79.9704985826585,23.9394137226897,0 79.97049982038,23.9394158260613,0 79.9705011775132,23.9394178662601,0 79.9705026502523,23.9394198375643,0 79.970504234467,23.9394217344457,0 79.9705059257146,23.9394235515845,0 79.9705077192519,23.9394252838847,0 79.9705096100493,23.9394269264882,0 79.970511592804,23.9394284747884,0 79.9705136619555,23.9394299244432,0 79.9705144865971,23.9394304411303,0 79.970506767322,23.9394339666934,0 79.9705064203975,23.9394333025184,0</coordinates></LinearRing></innerBoundaryIs><innerBoundaryIs><LinearRing><coordinates>79.970683695527,23.9392292312226,0 79.970686218501,23.9392286387654,0 79.9706887037776,23.9392279242727,0 79.9706911443745,23.9392270897517,0 79.9706935334353,23.939226137547,0 79.9706958642482,23.9392250703337,0 79.9706981302651,23.9392238911099,0 79.9706995714087,23.9392230454596,0 79.9707029710436,23.93923152821,0 79.9707011858105,23.9392313647596,0 79.9706986112641,23.9392312538902,0 79.9706960339345,23.9392312672706,0 79.970693460915,23.9392314048638,0 79.9706908992869,23.9392316662913,0 79.9706883561004,23.9392320508336,0 79.9706858383546,23.9392325574322,0 79.9706849017489,23.9392327938134,0 79.9706836967446,23.9392316227621,0 79.9706815336696,23.9392296280714,0 79.970683695527,23.9392292312226,0</coordinates></LinearRing></innerBoundaryIs><innerBoundaryIs><LinearRing><coordinates>79.9697934545772,23.9393674540584,0 79.9698007015357,23.939381808956,0 79.9697827587211,23.9393909656759,0 79.9697934545772,23.9393674540584,0</coordinates></LinearRing></innerBoundaryIs><innerBoundaryIs><LinearRing><coordinates>79.9708702633844,23.9397412795592,0 79.9708687469552,23.9397394580062,0 79.9708671318496,23.939737709575,0 79.9708654222347,23.9397360387766,0 79.9708636225211,23.9397344499215,0 79.9708617373522,23.9397329471089,0 79.9708597715915,23.9397315342161,0 79.9708577303107,23.9397302148883,0 79.9708556187764,23.9397289925294,0 79.9708534424361,23.939727870293,0 79.9708512069048,23.9397268510744,0 79.9708474527612,23.9397252473629,0 79.9708470687891,23.9397249452285,0 79.9708450427251,23.9397235119193,0 79.9708429382783,23.9397221774275,0 79.9708407611478,23.9397209453671,0 79.9708385172298,23.9397198190749,0 79.9708362126013,23.9397188016011,0 79.9708338535036,23.9397178957011,0 79.9708314463258,23.9397171038285,0 79.9708289975869,23.9397164281276,0 79.9708265139187,23.9397158704286,0 79.9708240020475,23.9397154322417,0 79.9708214687759,23.9397151147536,0 79.9708189209645,23.9397149188241,0 79.9708163655133,23.939714844984,0 79.9708138093431,23.939714893433,0 79.970812743832,23.9397149647217,0 79.9708116455909,23.9397133249299,0 79.9708101760187,23.9397113692639,0 79.970808596526,23.9397094873771,0 79.9708069114887,23.9397076844831,0 79.9708051255753,23.9397059655769,0 79.9708032437334,23.9397043354205,0 79.9708012711766,23.9397027985301,0 79.9707992133698,23.9397013591638,0 79.970797076014,23.9397000213091,0 79.9707948650307,23.9396987886726,0 79.9707925865454,23.9396976646692,0 79.9707902468703,23.9396966524128,0 79.9707878524876,23.9396957547079,0 79.9707854100307,23.9396949740416,0 79.9707603538151,23.9396876389337,0 79.9707437019687,23.9396694380825,0 79.970742114221,23.9396677862224,0 79.9707404406646,23.9396662075422,0 79.9707386852869,23.9396647058031,0 79.9707368522703,23.9396632845834,0 79.9707349459822,23.9396619472692,0 79.9707262459833,23.9396561472709,0 79.9707241174974,23.9396548052678,0 79.9707219152651,23.9396535678629,0 79.9707196453651,23.9396524384717,0 79.9707173140628,23.9396514202115,0 79.9707149277933,23.939650515893,0 79.970712493143,23.9396497280122,0 79.9707100168322,23.939649058744,0 79.9707075056961,23.9396485099357,0 79.970704966666,23.939648083102,0 79.9707024067502,23.9396477794212,0 79.9706998330146,23.9396475997315,0 79.9706972525634,23.9396475445289,0 79.9706946725191,23.9396476139656,0 79.9706921000033,23.9396478078502,0 79.9706895421166,23.9396481256474,0 79.9706870059195,23.9396485664799,0 79.9706865269115,23.939648673963,0 79.9706862758498,23.939646579019,0 79.9706858590357,23.9396442383986,0 79.9706853090851,23.9396419211221,0 79.9706846275151,23.9396396335823,0 79.9706838162061,23.93963738209,0 79.9706828773963,23.9396351728567,0 79.9706818136757,23.939633011977,0 79.9706806279789,23.9396309054125,0 79.970679323577,23.9396288589747,0 79.9706779040685,23.9396268783093,0 79.9706763733696,23.9396249688806,0 79.9706747357031,23.9396231359562,0 79.9706729955871,23.9396213845928,0 79.9706711578222,23.939619719622,0 79.9706692274783,23.9396181456372,0 79.970655977373,23.9396079003418,0 79.9706559478462,23.9396077874723,0 79.9706552086489,23.9396055007089,0 79.9706543390892,23.9396032530172,0 79.9706533415941,23.9396010506702,0 79.9706522189474,23.9395988998149,0 79.9706509742825,23.939596806454,0 79.9706496110733,23.9395947764301,0 79.9706481331243,23.939592815409,0 79.9706465445605,23.9395909288638,0 79.9706448498156,23.9395891220598,0 79.9706430536195,23.9395874000397,0 79.9706411609854,23.9395857676096,0 79.9706366772991,23.9395821001862,0 79.970668379906,23.9395880444254,0 79.9706689766496,23.9395881527825,0 79.9706837766544,23.9395907527835,0 79.9706863274642,23.9395911372668,0 79.970688896745,23.9395913979073,0 79.9706914773846,23.9395915339837,0 79.9706940622391,23.9395915451191,0 79.9706966441532,23.9395914312827,0 79.9706992159793,23.9395911927898,0 79.9707013043961,23.9395908964525,0 79.9707023341854,23.9395924619654,0 79.9707037715095,23.9395944099755,0 79.9707053173177,23.9395962865025,0 79.9707069674102,23.9395980864479,0 79.9707087173037,23.9395998049214,0 79.9707105622438,23.9396014372538,0 79.970712497218,23.9396029790103,0 79.9707145169689,23.9396044260019,0 79.9707166160089,23.9396057742972,0 79.9707187886352,23.939607020233,0 79.9707210289447,23.939608160424,0 79.9707233308506,23.9396091917725,0 79.9707256880987,23.9396101114762,0 79.9707280942844,23.9396109170364,0 79.9707305428703,23.9396116062645,0 79.9707330272036,23.9396121772877,0 79.9707355405345,23.9396126285548,0 79.9707380760344,23.9396129588395,0 79.9707406268143,23.9396131672445,0 79.970743185944,23.9396132532035,0 79.9707457464704,23.9396132164832,0 79.9707483014366,23.9396130571831,0 79.9707508439009,23.9396127757361,0 79.9707533669554,23.939612372907,0 79.9707558637452,23.9396118497901,0 79.9707583274866,23.9396112078067,0 79.9707607514857,23.9396104487012,0 79.9707631291565,23.9396095745359,0 79.970765454039,23.9396085876859,0 79.9707702637273,23.9396064045654,0 79.9707707766005,23.9396080788476,0 79.9707716086385,23.9396103324234,0 79.9707725686955,23.93961254258,0 79.9707736541051,23.9396147031787,0 79.9707748618526,23.9396168082185,0 79.9707761885834,23.9396188518525,0 79.9707776306124,23.9396208284046,0 79.9707791839346,23.9396227323849,0 79.9708015839313,23.9396487323903,0 79.9708032357827,23.9396505496966,0 79.9708049890167,23.9396522849113,0 79.9708068388118,23.9396539332623,0 79.9708087800806,23.9396554902165,0 79.9708108074844,23.9396569514919,0 79.9708129154474,23.9396583130698,0 79.9708150981724,23.9396595712055,0 79.9708173496566,23.9396607224392,0 79.9708188750608,23.9396614087671,0 79.9708184317592,23.9396635172737,0 79.9708180726181,23.9396659014318,0 79.9708178522022,23.9396682997916,0 79.9708177711375,23.9396707055389,0 79.9708178296546,23.9396731118387,0 79.970818027587,23.9396755118544,0 79.9708183643726,23.9396778987672,0 79.9708188390543,23.9396802657956,0 79.9708194502837,23.9396826062146,0 79.9708201963241,23.9396849133746,0 79.970821075056,23.9396871807208,0 79.9708255750526,23.939697880722,0 79.9708265773175,23.9397000881742,0 79.9708277053531,23.9397022437493,0 79.9708289559943,23.9397043413989,0 79.9708303257319,23.9397063752369,0 79.9708318107223,23.9397083395566,0 79.9708334067988,23.9397102288461,0 79.9708351094829,23.9397120378041,0 79.9708369139969,23.9397137613548,0 79.9708388152773,23.9397153946619,0 79.9708408079893,23.9397169331425,0 79.9708428865414,23.9397183724797,0 79.9708450451013,23.9397197086346,0 79.9708472776121,23.9397209378581,0 79.9708495778094,23.9397220567011,0 79.9708519392391,23.939723062024,0 79.9708543552749,23.9397239510061,0 79.9708568191377,23.9397247211528,0 79.9708593239138,23.9397253703031,0 79.970861862575,23.9397258966356,0 79.9708643512335,23.9397262866434,0 79.9708704826888,23.9397415727181,0 79.9708702633844,23.9397412795592,0</coordinates></LinearRing></innerBoundaryIs><innerBoundaryIs><LinearRing><coordinates>79.9715088224794,23.9400354385717,0 79.9715087257379,23.940033267274,0 79.9715058450811,23.9399925870013,0 79.9715069745975,23.9399911917286,0 79.9715084081,23.9399892110836,0 79.9715097261279,23.9399871638009,0 79.9715109250235,23.9399850555624,0 79.9715120014594,23.939982892219,0 79.9715129524484,23.9399806797747,0 79.971513775351,23.9399784243696,0 79.9715144678835,23.9399761322631,0 79.9715150281239,23.9399738098164,0 79.9715154545175,23.939971463475,0 79.9715157458809,23.9399690997508,0 79.9715159014054,23.9399667252036,0 79.9715159206595,23.9399643464236,0 79.9715158035896,23.9399619700125,0 79.9715155505208,23.9399596025656,0 79.9715151621554,23.9399572506531,0 79.9715146395711,23.9399549208024,0 79.9715139842184,23.9399526194795,0 79.971513197916,23.9399503530711,0 79.9715122828461,23.9399481278672,0 79.9715112415484,23.9399459500433,0 79.9715100769127,23.9399438256437,0 79.9715087921712,23.9399417605639,0 79.9715073908895,23.9399397605354,0 79.9715058769566,23.9399378311086,0 79.9715042545739,23.9399359776383,0 79.9715025282442,23.9399342052685,0 79.9715007027584,23.9399325189179,0 79.9714987831829,23.9399309232666,0 79.9714967748449,23.9399294227431,0 79.9714946833182,23.9399280215117,0 79.9714925144075,23.9399267234612,0 79.9714902741319,23.9399255321941,0 79.9714879687089,23.9399244510165,0 79.9714856045368,23.939923482929,0 79.9714831881768,23.9399226306182,0 79.9714807263349,23.9399218964496,0 79.9714782258435,23.9399212824608,0 79.9714756936422,23.9399207903556,0 79.9714731367585,23.9399204214999,0 79.9714705622885,23.9399201769173,0 79.971467977377,23.9399200572865,0 79.9714653891981,23.9399200629397,0 79.9714628049344,23.9399201938611,0 79.9714602317583,23.9399204496874,0 79.9714576768109,23.9399208297086,0 79.9714551471829,23.93992133287,0 79.9714526498947,23.9399219577752,0 79.9714501918772,23.9399227026899,0 79.9714477799519,23.9399235655467,0 79.9714448479684,23.9399246970651,0 79.9714447126399,23.9399232804032,0 79.9714443564018,23.9399209513418,0 79.9714438687056,23.939918642488,0 79.9714432508743,23.9399163601055,0 79.971442504584,23.9399141103863,0 79.9714416318595,23.9399118994337,0 79.9714406350683,23.9399097332457,0 79.9714395169146,23.9399076176991,0 79.9714382804318,23.9399055585331,0 79.9714369289746,23.9399035613342,0 79.9714354662093,23.9399016315204,0 79.9714338961041,23.9398997743274,0 79.9714322229188,23.9398979947934,0 79.9714304511925,23.9398962977462,0 79.9714294143622,23.9398954029261,0 79.9714302941157,23.9398951926367,0 79.9714327228961,23.9398944866891,0 79.971435108601,23.9398936659839,0 79.9714374448169,23.9398927327277,0 79.9714397252629,23.9398916894292,0 79.9714419438086,23.9398905388932,0 79.9714440944896,23.9398892842129,0 79.9714461715241,23.9398879287613,0 79.9714481693283,23.9398864761823,0 79.9714500825313,23.9398849303809,0 79.9714519059898,23.939883295513,0 79.9714536348016,23.9398815759735,0 79.971455264319,23.9398797763853,0 79.9714567901613,23.9398779015863,0 79.9714582082266,23.9398759566166,0 79.9714595147024,23.9398739467052,0 79.9714607060765,23.9398718772552,0 79.9714617791461,23.9398697538303,0 79.9714627310264,23.9398675821389,0 79.9714635591583,23.9398653680193,0 79.9714642613156,23.9398631174239,0 79.9714648356107,23.9398608364031,0 79.9714662356084,23.9398545364026,0 79.9714666927773,23.9398521557857,0 79.9714670106788,23.9398497560932,0 79.9714671884016,23.9398473442028,0 79.9714672254366,23.9398449270269,0 79.9714671216776,23.9398425114932,0 79.9714668774219,23.9398401045245,0 79.9714664933696,23.9398377130194,0 79.971464093365,23.93982511302,0 79.9714635786324,23.9398227758016,0 79.971462930377,23.9398204668174,0 79.9714621504068,23.9398181925065,0 79.9714612408968,23.9398159592116,0 79.9714602043836,23.9398137731607,0 79.9714590437576,23.9398116404503,0 79.9714577622557,23.939809567028,0 79.9714563634517,23.9398075586762,0 79.9714428634483,23.9397892586796,0 79.9714414712042,23.9397874670577,0 79.9714399856012,23.9397857399386,0 79.9714384101709,23.9397840814283,0 79.9714367486586,23.9397824954694,0 79.9714339388472,23.9397799410962,0 79.9714342193214,23.9397777710653,0 79.9714343880252,23.939775452029,0 79.9714344266812,23.9397731280862,0 79.971434335187,23.9397708053937,0 79.9714341137849,23.9397684901048,0 79.9714337630615,23.9397661883536,0 79.971433283946,23.9397639062378,0 79.9714326777078,23.9397616498035,0 79.9714263777005,23.9397405498052,0 79.9714256720143,23.9397383977056,0 79.9714248506864,23.9397362805481,0 79.9714082655644,23.9396966736331,0 79.9714342341148,23.9397229963056,0 79.9714470487047,23.9397474165768,0 79.9714483277722,23.939749687385,0 79.9714497446402,23.9397518880062,0 79.9714512947651,23.9397540113838,0 79.9714529731762,23.9397560507084,0 79.9714547744911,23.9397579994407,0 79.9714593744907,23.9397626994417,0 79.9714611406264,23.9397644117978,0 79.9714630016665,23.9397660370244,0 79.9714649525297,23.9397675706841,0 79.9714669878896,23.9397690085895,0 79.9714691021889,23.9397703468146,0 79.9714712896549,23.9397715817058,0 79.9714735443152,23.9397727098912,0 79.9714758600138,23.9397737282907,0 79.971478230428,23.9397746341236,0 79.9714806490859,23.9397754249167,0 79.9714831093838,23.9397760985109,0 79.9714856046042,23.9397766530672,0 79.9714881279344,23.9397770870712,0 79.9714906724849,23.9397773993382,0 79.9714932313081,23.9397775890154,0 79.9715032313116,23.9397780890157,0 79.9715058316229,23.9397781556398,0 79.9715084321259,23.9397780956686,0 79.9715110255299,23.9397779092702,0 79.9715136045644,23.9397775969671,0 79.9715161619989,23.9397771596348,0 79.9715186906635,23.9397765984995,0 79.9715208198904,23.939776014804,0 79.9715219305996,23.9397775498298,0 79.9715212618995,23.9397789816801,0 79.9715203719756,23.9397812012802,0 79.9715196097369,23.9397834606687,0 79.9715189772754,23.9397857536451,0 79.9715184763266,23.9397880739171,0 79.9715181082651,23.939790415117,0 79.9715178741013,23.9397927708201,0 79.9715177744776,23.9397951345617,0 79.9715178096674,23.9397974998551,0 79.9715179795743,23.9397998602091,0 79.9715182837318,23.9398022091465,0 79.9715187213054,23.939804540221,0 79.9715192910942,23.9398068470357,0 79.9715199915346,23.9398091232599,0 79.9715208207044,23.9398113626471,0 79.9715217763282,23.9398135590518,0 79.9715228557833,23.9398157064466,0 79.9715240561077,23.9398177989383,0 79.9715344081297,23.939834753441,0 79.9715332680447,23.93983687074,0 79.9715321881912,23.9398390156159,0 79.9715312319133,23.9398412094829,0 79.9715304018307,23.9398434463313,0 79.9715297002172,23.9398457200336,0 79.9715291289947,23.9398480243614,0 79.971528689728,23.9398503530025,0 79.9715283836205,23.9398526995779,0 79.9715282115105,23.9398550576596,0 79.9715281738698,23.9398574207882,0 79.9715282708012,23.9398597824901,0 79.9715285020394,23.939862136296,0 79.9715288669508,23.939864475758,0 79.971529364536,23.9398667944676,0 79.9715299934318,23.9398690860731,0 79.9715307519155,23.939871344297,0 79.9715316379094,23.9398735629534,0 79.9715326489864,23.9398757359647,0 79.971533782377,23.9398778573782,0 79.9715350349763,23.9398799213827,0 79.9715364033532,23.9398819223243,0 79.9715378837592,23.9398838547217,0 79.9715394721389,23.9398857132814,0 79.9715411641415,23.9398874929124,0 79.9715429551317,23.9398891887395,0 79.9715448402037,23.9398907961174,0 79.9715468141936,23.9398923106429,0 79.9715474853924,23.9398927730685,0 79.9715473636106,23.9398934997281,0 79.9715471052298,23.9398958591967,0 79.9715469819724,23.9398982278789,0 79.9715469941784,23.9399005992423,0 79.9715471418142,23.9399029667466,0 79.9715474244726,23.9399053238626,0 79.971547841374,23.9399076640895,0 79.9715483913687,23.9399099809732,0 79.9715490729398,23.9399122681238,0 79.9715498842077,23.9399145192337,0 79.9715508229348,23.9399167280945,0 79.9715518865324,23.9399188886142,0 79.9715654865254,23.9399446886179,0 79.971566781368,23.9399469761529,0 79.9715682161659,23.9399491920249,0 79.9715789161627,23.9399646920276,0 79.97158021598,23.9399664794134,0 79.9715816068851,23.9399682079099,0 79.9715830857251,23.939969873599,0 79.9715846491479,23.9399714727051,0 79.9715862936096,23.9399730016033,0 79.9716047936096,23.9399894016073,0 79.9716064778422,23.9399908265556,0 79.9716082324642,23.9399921778483,0 79.9716092928135,23.9399929565426,0 79.971609400762,23.9399930954599,0 79.9715829491706,23.9400177704482,0 79.9715685770859,23.9400204374324,0 79.9715657662072,23.9400210385176,0 79.9715629985775,23.9400217902611,0 79.9715602837469,23.9400226900691,0 79.9715576310832,23.9400237348365,0 79.9715149310942,23.9400419348312,0 79.9715126266655,23.9400429852689,0 79.9715103852123,23.9400441451226,0 79.971508997081,23.9400449541605,0 79.9715088224794,23.9400354385717,0</coordinates></LinearRing></innerBoundaryIs><innerBoundaryIs><LinearRing><coordinates>79.9718968762273,23.9398519558009,0 79.9718963550026,23.9398519445091,0 79.9718937508795,23.9398520150626,0 79.9718911544871,23.9398522123955,0 79.9718885731263,23.9398525359528,0 79.9718860140559,23.9398529848247,0 79.9718834844721,23.9398535577491,0 79.9718809914881,23.9398542531147,0 79.9718805175337,23.9398544109822,0 79.9718787013728,23.939852771106,0 79.9718767762861,23.9398512060474,0 79.9718747647863,23.9398497356601,0 79.9718726723784,23.9398483639681,0 79.9718705047883,23.9398470947252,0 79.9718682679482,23.9398459314048,0 79.9718659679793,23.9398448771905,0 79.9718636111759,23.9398439349674,0 79.9718612039877,23.939843107314,0 79.9718587530024,23.9398423964953,0 79.9718562649273,23.9398418044564,0 79.9718537465714,23.9398413328177,0 79.9718512048267,23.9398409828698,0 79.971848646649,23.9398407555704,0 79.971846079039,23.9398406515415,0 79.9718435090233,23.9398406710679,0 79.9718409436353,23.9398408140961,0 79.9718383898954,23.9398410802347,0 79.9718358547924,23.9398414687553,0 79.9718247109709,23.9398434532731,0 79.9718241953134,23.9398424794741,0 79.9718229458796,23.9398404044857,0 79.9718215796418,23.9398383926508,0 79.9718201003684,23.9398364495187,0 79.9718185121398,23.9398345804493,0 79.9718168193369,23.939832790598,0 79.9718150266289,23.9398310849018,0 79.9718131389609,23.9398294680658,0 79.9718111615395,23.9398279445495,0 79.9718090998192,23.9398265185554,0 79.971806959487,23.9398251940168,0 79.9718047464465,23.9398239745873,0 79.971802466802,23.9398228636305,0 79.9718001268417,23.9398218642107,0 79.9717977330198,23.9398209790846,0 79.9717952919394,23.9398202106938,0 79.9717928103337,23.9398195611578,0 79.9717902950478,23.9398190322681,0 79.9717877530198,23.9398186254836,0 79.9717875660371,23.9398186047868,0 79.9717864793525,23.939816601859,0 79.9717852177237,23.9398145516984,0 79.9717841997784,23.9398130820504,0 79.9718046932004,23.9398074853373,0 79.9718071270509,23.9398067567207,0 79.9718095163097,23.9398059125825,0 79.9718118544909,23.9398049552142,0 79.9718141352476,23.9398038872144,0 79.9718163523884,23.9398027114823,0 79.9718184998949,23.9398014312096,0 79.9718205719376,23.9398000498715,0 79.9718225628919,23.9397985712177,0 79.9718244673533,23.9397969992621,0 79.9718262801521,23.9397953382719,0 79.9718279963673,23.9397935927558,0 79.9718296113402,23.939791767452,0 79.9718311206869,23.9397898673156,0 79.9718325203104,23.9397878975043,0 79.9718335560077,23.9397862594116,0 79.9718526487199,23.9398102363136,0 79.9718634439385,23.9398240026989,0 79.9718650162242,23.9398259000055,0 79.971866695307,23.9398277183658,0 79.9718684765029,23.9398294527075,0 79.9718703548433,23.9398310981923,0 79.971872325088,23.9398326502299,0 79.971874381741,23.9398341044907,0 79.9718765190649,23.939835456918,0 79.9718787310974,23.939836703739,0 79.9718810116679,23.9398378414754,0 79.9718833544143,23.9398388669535,0 79.9718857528014,23.9398397773125,0 79.9718882001385,23.9398405700129,0 79.9718906895984,23.9398412428434,0 79.9718932142366,23.939841793927,0 79.9718937586374,23.9398418851589,0 79.9718939458576,23.9398425566952,0 79.9718947191584,23.939844826069,0 79.971895621373,23.9398470548778,0 79.9718966499991,23.9398492369398,0 79.9718975095749,23.9398508254553,0 79.9718968762273,23.9398519558009,0</coordinates></LinearRing></innerBoundaryIs><innerBoundaryIs><LinearRing><coordinates>79.9720826231714,23.9399633922111,0 79.9720702015083,23.9399928936409,0 79.972068159034,23.9399938665591,0 79.9720659393578,23.9399950633835,0 79.9720637909106,23.9399963653932,0 79.972061719587,23.9399977690157,0 79.9720597310702,23.9399992704001,0 79.9720578308162,23.9400008654267,0 79.9720569194273,23.9400017150309,0 79.972056304569,23.9400011030975,0 79.9720544559849,23.9399994469978,0 79.9720525153098,23.9399978824288,0 79.9720504879016,23.93999641371,0 79.9720483793578,23.9399950448962,0 79.9720461954997,23.9399937797667,0 79.9720439423566,23.9399926218142,0 79.9720416261492,23.9399915742356,0 79.972039253272,23.9399906399232,0 79.9720368302764,23.9399898214565,0 79.9720343638517,23.9399891210951,0 79.9720318608076,23.9399885407727,0 79.9720293280544,23.9399880820913,0 79.9720267725848,23.9399877463175,0 79.9720033725927,23.9399852463186,0 79.9720026805708,23.9399851883503,0 79.972002142226,23.9399842289634,0 79.9720008050981,23.9399821314805,0 79.9719993470948,23.9399801031765,0 79.9719991995557,23.9399799201648,0 79.9720216979754,23.9399836417079,0 79.9720242398214,23.9399839993175,0 79.9720267985432,23.9399842341988,0 79.9720293671314,23.9399843457085,0 79.9720319385491,23.939984333541,0 79.9720345057518,23.9399841977296,0 79.9720370617069,23.9399839386465,0 79.9720395994121,23.9399835570014,0 79.9720421119154,23.9399830538397,0 79.9720445923338,23.93998243054,0 79.972047033872,23.9399816888097,0 79.9720494298416,23.9399808306809,0 79.9720517736787,23.9399798585044,0 79.9720540589623,23.9399787749434,0 79.9720562794319,23.9399775829665,0 79.9720584290045,23.939976285839,0 79.9720605017913,23.9399748871144,0 79.9720624921138,23.9399733906246,0 79.9720643945196,23.9399718004693,0 79.972066203797,23.9399701210046,0 79.9720679149894,23.9399683568315,0 79.9720695234091,23.9399665127829,0 79.9720710246498,23.9399645939107,0 79.9720724145987,23.9399626054716,0 79.9720736894481,23.939960552913,0 79.9720737921287,23.9399603654424,0 79.9720826231714,23.9399633922111,0</coordinates></LinearRing></innerBoundaryIs><innerBoundaryIs><LinearRing><coordinates>79.9722507525799,23.9404484757661,0 79.9722514704475,23.9404462360201,0 79.9722520613927,23.9404439651626,0 79.9722525238354,23.9404416692655,0 79.972252733274,23.9404402120893,0 79.9722532167183,23.9404410849754,0 79.9722544504726,23.9404431746216,0 79.9722558021801,23.940445201688,0 79.9722563670525,23.9404459565142,0 79.9722552883725,23.9404466779813,0 79.9722500178865,23.9404503957163,0 79.9722507525799,23.9404484757661,0</coordinates></LinearRing></innerBoundaryIs><innerBoundaryIs><LinearRing><coordinates>79.9722334952611,23.9403977306004,0 79.9722340550847,23.9403962685805,0 79.9722347819051,23.9403939963947,0 79.9722353781096,23.9403916923089,0 79.9722358420582,23.9403893626614,0 79.972235975959,23.9403884108129,0 79.9722379682583,23.9403873587836,0 79.9722398133125,23.9403862640898,0 79.9722395371505,23.940386971426,0 79.972238793419,23.9403892461177,0 79.9722381808494,23.9403915536061,0 79.9722377011366,23.940393887507,0 79.9722373556078,23.9403962413631,0 79.9722371452191,23.9403986086617,0 79.9722370705524,23.9404009828533,0 79.9722370735138,23.9404010976351,0 79.9722334952611,23.9403977306004,0</coordinates></LinearRing></innerBoundaryIs><innerBoundaryIs><LinearRing><coordinates>79.9721974266481,23.940202944919,0 79.9722010615936,23.9401981515817,0 79.9722016616997,23.9402037801831,0 79.9721974266481,23.940202944919,0</coordinates></LinearRing></innerBoundaryIs><innerBoundaryIs><LinearRing><coordinates>79.9720102301081,23.9402235852114,0 79.972011780525,23.9402254592964,0 79.9720134351083,23.9402272565622,0 79.9720151893603,23.9402289721232,0 79.9720170385124,23.9402306013159,0 79.9720183212722,23.9402316190395,0 79.9720028835045,23.9402436699486,0 79.9720019310265,23.9402441390795,0 79.9719889195797,23.9402412810738,0 79.9719863850972,23.9402407889026,0 79.9719838259135,23.9402404201984,0 79.9719812491431,23.940240175986,0 79.9719786619498,23.9402400569446,0 79.9719760715261,23.940240063405,0 79.9719750678112,23.9402401146081,0 79.9719753488299,23.9402387908228,0 79.9719756232851,23.9402370088511,0 79.9719775018546,23.9402369202799,0 79.9719800630313,23.9402366753588,0 79.9719826067283,23.9402363074366,0 79.9719851259579,23.940235817524,0 79.9719876137995,23.9402352069669,0 79.971990063419,23.9402344774426,0 79.9719924680869,23.940233630955,0 79.9719948211976,23.9402326698296,0 79.9719971162868,23.9402315967066,0 79.9719993470498,23.9402304145339,0 79.9720015073585,23.9402291265592,0 79.9720035912785,23.9402277363205,0 79.9720055930849,23.9402262476369,0 79.9720075072788,23.9402246645979,0 79.9720093286016,23.9402229915524,0 79.9720095914189,23.9402227233966,0 79.9720102301081,23.9402235852114,0</coordinates></LinearRing></innerBoundaryIs><innerBoundaryIs><LinearRing><coordinates>79.9724114119093,23.9404926150589,0 79.9724114160579,23.9404926220995,0 79.9724114090711,23.9404926219223,0 79.9724114119093,23.9404926150589,0</coordinates></LinearRing></innerBoundaryIs><innerBoundaryIs><LinearRing><coordinates>79.9724872194285,23.9405082051727,0 79.9724886642569,23.9405092535051,0 79.9724907347667,23.9405106023545,0 79.9724928782975,23.9405118511334,0 79.9724950891294,23.9405129965095,0 79.9724973613632,23.9405140354265,0 79.9724996889355,23.9405149651121,0 79.9725020656357,23.9405157830857,0 79.9725044851217,23.9405164871645,0 79.9725069409374,23.9405170754699,0 79.9725094265297,23.9405175464318,0 79.9725119352662,23.9405178987938,0 79.9725144604526,23.9405181316155,0 79.9725169953507,23.9405182442757,0 79.9725195331964,23.9405182364737,0 79.9725220672178,23.9405181082304,0 79.9725245906532,23.940517859888,0 79.972527096769,23.9405174921091,0 79.9725295788779,23.9405170058752,0 79.9725399865894,23.9405147072417,0 79.9725414333742,23.9405337687238,0 79.9725212784452,23.9405319584001,0 79.9725187321127,23.9405317909375,0 79.9725161797535,23.9405317452684,0 79.972513628259,23.940531821516,0 79.9725110845181,23.9405320194747,0 79.972508555399,23.9405323386098,0 79.97250604773,23.9405327780597,0 79.972503568282,23.940533336638,0 79.9725011237493,23.9405340128364,0 79.9724987207321,23.9405348048292,0 79.9724966553254,23.9405355991063,0 79.9724950920378,23.9405290388911,0 79.972494466456,23.9405267112041,0 79.9724937073322,23.9405244173175,0 79.9724928168067,23.9405221636987,0 79.9724917973903,23.9405199567012,0 79.9724906519569,23.9405178025474,0 79.972489383736,23.9405157073106,0 79.9724879963031,23.9405136768979,0 79.9724864935698,23.9405117170337,0 79.9724848797729,23.9405098332436,0 79.9724843945165,23.9405093248305,0 79.9724872194285,23.9405082051727,0</coordinates></LinearRing></innerBoundaryIs><innerBoundaryIs><LinearRing><coordinates>79.9726844889907,23.9408094355819,0 79.9726855540684,23.9408072788995,0 79.972686494648,23.9408050738559,0 79.9726873081419,23.9408028265176,0 79.9726879923122,23.940800543067,0 79.9726885452767,23.9407982297862,0 79.9726889655141,23.9407958930392,0 79.9726892518682,23.9407935392547,0 79.9726894035515,23.940791174908,0 79.9726894201464,23.9407888065038,0 79.9726893016075,23.9407864405576,0 79.9726883016027,23.9407737405578,0 79.972688055642,23.9407714380027,0 79.9726876816884,23.9407691500491,0 79.9726871807236,23.940766882703,0 79.9726865540626,23.9407646419169,0 79.9726858033506,23.9407624335731,0 79.9726849305583,23.940760263469,0 79.9726839379771,23.9407581373016,0 79.9726828282126,23.9407560606524,0 79.9726816041781,23.940754038973,0 79.9726802690871,23.9407520775708,0 79.97267120172,23.9407394859148,0 79.9726717423347,23.9407389273338,0 79.9726733347372,23.9407370993603,0 79.9726748218942,23.9407351979705,0 79.9726761998065,23.9407332282777,0 79.9726774647682,23.9407311955791,0 79.9726786133777,23.9407291053411,0 79.9726796425458,23.9407269631852,0 79.9726805495049,23.9407247748722,0 79.9726813318159,23.9407225462872,0 79.9726819873749,23.9407202834235,0 79.9726825144189,23.9407179923667,0 79.9726829115305,23.9407156792781,0 79.9726831776419,23.9407133503783,0 79.9726833120372,23.9407110119305,0 79.9726833143553,23.9407086702235,0 79.9726831845896,23.9407063315548,0 79.9726829230894,23.9407040022138,0 79.9726825305578,23.9407016884649,0 79.9726820080505,23.9406993965304,0 79.9726813569727,23.940697132574,0 79.9726805790753,23.9406949026843,0 79.9726796764504,23.9406927128581,0 79.9726786515253,23.9406905689844,0 79.9726775070564,23.9406884768289,0 79.9726769591609,23.9406875926724,0 79.9726769812158,23.9406873061551,0 79.972677028178,23.9406849415965,0 79.9726769403835,23.9406825780211,0 79.972676718073,23.9406802219119,0 79.9726763618564,23.9406778797317,0 79.9726758727108,23.9406755579051,0 79.9726752519778,23.9406732628007,0 79.9726745013602,23.9406710007139,0 79.9726736229169,23.9406687778495,0 79.9726726190574,23.9406666003048,0 79.9726714925352,23.9406644740526,0 79.9726702464404,23.9406624049253,0 79.972668884191,23.9406603985982,0 79.9726674095236,23.9406584605748,0 79.972665826483,23.940656596171,0 79.9726641394117,23.9406548105006,0 79.972662352937,23.9406531084618,0 79.9726520041477,23.9406437520249,0 79.9726486225546,23.9406387059201,0 79.9726488853486,23.9406380823405,0 79.9726508685954,23.9406358030859,0 79.9726524441914,23.9406338902807,0 79.9726539070296,23.9406319032611,0 79.9726552529806,23.9406298476363,0 79.9726572247024,23.9406266467883,0 79.9726656943136,23.940626314646,0 79.9726681332098,23.9406261630583,0 79.9726705608834,23.9406259001601,0 79.9726729713248,23.9406255266023,0 79.9726753585665,23.9406250433098,0 79.9726881585706,23.9406221433089,0 79.9726906575292,23.9406215124378,0 79.9726931168177,23.9406207613327,0 79.9726954613564,23.9406199166675,0 79.9726958062836,23.9406208170968,0 79.9726967973345,23.9406230241969,0 79.9727103860178,23.9406511536584,0 79.9727143175084,23.9406683736145,0 79.9727149332077,23.9406707489157,0 79.9727156877035,23.9406730901547,0 79.9727165787896,23.9406753904854,0 79.9727176038603,23.9406776431816,0 79.9727187599184,23.9406798416561,0 79.9727200435833,23.9406819794805,0 79.9727214511017,23.9406840504036,0 79.9727229783577,23.9406860483698,0 79.972734248834,23.9406999761185,0 79.9727359956947,23.9407024849097,0 79.9727308087288,23.9407057899816,0 79.9727287075188,23.9407072061194,0 79.9727266909492,23.9407087226526,0 79.972724764692,23.9407103353158,0 79.9727229341651,23.940712039573,0 79.9727212045173,23.9407138306306,0 79.9727195806135,23.9407157034511,0 79.9727180670212,23.9407176527668,0 79.9727166679976,23.9407196730948,0 79.9727153874778,23.9407217587527,0 79.9727142290634,23.9407239038741,0 79.9727131960128,23.9407261024255,0 79.9727122912315,23.9407283482232,0 79.9727115172644,23.9407306349504,0 79.9727002172523,23.9407674349465,0 79.9726995386814,23.9407699104875,0 79.972699013407,23.9407724173182,0 79.9726986431082,23.9407749474262,0 79.9726984289685,23.9407774927248,0 79.9726983716723,23.9407800450783,0 79.9726984714028,23.940782596329,0 79.9726994713973,23.9407968963291,0 79.9726997098534,23.9407993003102,0 79.9726998061194,23.9407999088584,0 79.9726988985012,23.9408003604439,0 79.9726967231603,23.9408015809151,0 79.9726946196069,23.940802903427,0 79.9726925935017,23.9408043244206,0 79.972683631459,23.9408109548767,0 79.9726844889907,23.9408094355819,0</coordinates></LinearRing></innerBoundaryIs><innerBoundaryIs><LinearRing><coordinates>79.9729014758342,23.9409503730191,0 79.9729058360873,23.9409524119879,0 79.9729047574028,23.9409531418172,0 79.972902785241,23.9409546271336,0 79.972900899575,23.9409562044888,0 79.9728997971426,23.9409572276864,0 79.9729014758342,23.9409503730191,0</coordinates></LinearRing></innerBoundaryIs><innerBoundaryIs><LinearRing><coordinates>79.9718150768514,23.9388784428343,0 79.9718181700807,23.938876995264,0 79.9718247385614,23.9388779522614,0 79.9718258425637,23.9388793000704,0 79.9718275055725,23.9388811221455,0 79.9718292706495,23.9388828612163,0 79.9718311328983,23.9388845124586,0 79.971833087153,23.9388860712918,0 79.9718351279926,23.9388875333917,0 79.9718372497556,23.9388888947024,0 79.9718394465563,23.9388901514476,0 79.9718417123008,23.9388913001411,0 79.9718440407039,23.9388923375965,0 79.9718464253064,23.9388932609357,0 79.9718488594936,23.9388940675974,0 79.971851336513,23.938894755344,0 79.9718538494932,23.9388953222676,0 79.9718563914632,23.9388957667955,0 79.9718589553717,23.9388960876947,0 79.9718615341062,23.938896284075,0 79.9718641205133,23.9388963553916,0 79.9718667074184,23.9388963014466,0 79.9718677277478,23.9388962306401,0 79.9718678244258,23.9388967802372,0 79.9718683245148,23.9388989050293,0 79.9718512198471,23.9389119557778,0 79.9718492966336,23.9389135025747,0 79.9718474635325,23.9389151391976,0 79.971845725504,23.938916861218,0 79.9718440872508,23.9389186639764,0 79.9718425532057,23.938920542595,0 79.9718411275196,23.9389224919906,0 79.9718398140501,23.9389245068884,0 79.9718386163511,23.9389265818366,0 79.9718375376635,23.9389287112207,0 79.9718365809059,23.938930889279,0 79.9718357486672,23.9389331101182,0 79.9718350431993,23.938935367729,0 79.971834466411,23.9389376560028,0 79.9718340198631,23.9389399687479,0 79.9718337047637,23.9389422997066,0 79.9718335219655,23.9389446425716,0 79.9718334719631,23.9389469910037,0 79.9718335548919,23.9389493386484,0 79.9718337705274,23.9389516791534,0 79.9718341182862,23.9389540061858,0 79.9718345972274,23.9389563134491,0 79.9718352060549,23.9389585947002,0 79.9718359431215,23.9389608437665,0 79.9718368064327,23.9389630545625,0 79.9718377936527,23.9389652211062,0 79.9718389021102,23.9389673375353,0 79.971840128806,23.9389693981232,0 79.9718414704207,23.9389713972943,0 79.9718429233244,23.9389733296392,0 79.9718444835857,23.9389751899293,0 79.9718461469828,23.9389769731311,0 79.9718589411142,23.9389899878563,0 79.9718618456601,23.9390116267833,0 79.9718467168973,23.9390131867876,0 79.9718469869919,23.9390124759347,0 79.9718477020064,23.939010224861,0 79.9718482889093,23.9390079427051,0 79.9718487461176,23.9390056356219,0 79.9718490723983,23.9390033098335,0 79.9718492668714,23.9390009716126,0 79.9718493290125,23.9389986272652,0 79.971849258654,23.9389962831139,0 79.9718490559856,23.938993945481,0 79.9718487215539,23.9389916206709,0 79.9718482562609,23.9389893149536,0 79.9718476613614,23.9389870345475,0 79.97184693846,23.9389847856029,0 79.9718460895063,23.938982574185,0 79.9718451167898,23.938980406258,0 79.971844022934,23.9389782876688,0 79.9718428108889,23.9389762241311,0 79.9718414839235,23.9389742212102,0 79.9718400456166,23.938972284308,0 79.9717878375254,23.9389057563103,0 79.9717827980475,23.9388990516171,0 79.9718150768514,23.9388784428343,0</coordinates></LinearRing></innerBoundaryIs><innerBoundaryIs><LinearRing><coordinates>79.9719270103617,23.939245697513,0 79.9719271021875,23.9392456536632,0 79.9719274959165,23.9392462696582,0 79.9719288907066,23.9392482146622,0 79.9719303927724,23.9392500909651,0 79.9719319981166,23.9392518935737,0 79.9719407562867,23.9392612260547,0 79.9719408837794,23.9392622082051,0 79.9719412245013,23.9392640269669,0 79.9719398529032,23.9392621503614,0 79.9719383145184,23.9392602659121,0 79.9719366712936,23.9392584577741,0 79.971934927702,23.9392567308693,0 79.9719330884896,23.9392550898984,0 79.9719311586631,23.9392535393285,0 79.9719291434755,23.9392520833802,0 79.9719273673729,23.9392509326669,0 79.9719272452296,23.9392490961527,0 79.9719269649587,23.9392468071805,0 79.9719267833074,23.9392457925181,0 79.9719270103617,23.939245697513,0</coordinates></LinearRing></innerBoundaryIs><innerBoundaryIs><LinearRing><coordinates>79.972040890648,23.93936534972,0 79.97203860223,23.9393642257677,0 79.9720362524433,23.939363214427,0 79.9720338478422,23.9393623185189,0 79.9720322309267,23.9393618056482,0 79.9720324292348,23.9393604824123,0 79.9720326468204,23.9393581141043,0 79.9720327285282,23.9393557385543,0 79.972032674132,23.9393533623435,0 79.9720324837826,23.9393509920548,0 79.9720324820369,23.9393509794205,0 79.9720327762939,23.9393512500783,0 79.9720347037826,23.9393528450159,0 79.9720367201597,23.939354344241,0 79.9720388198058,23.9393557435755,0 79.9720409968697,23.9393570391198,0 79.9720480928532,23.9393610215609,0 79.9720480891977,23.9393610238611,0 79.9720460360043,23.9393624672827,0 79.9720440682527,23.9393640079635,0 79.9720421913904,23.9393656416382,0 79.9720419085966,23.9393659151212,0 79.972040890648,23.93936534972,0</coordinates></LinearRing></innerBoundaryIs><innerBoundaryIs><LinearRing><coordinates>79.9717656193632,23.9396794510778,0 79.9717638302815,23.9396788100161,0 79.9717613669665,23.9396780624416,0 79.9717588641534,23.9396774354152,0 79.9717563288203,23.9396769306851,0 79.9717537680356,23.9396765496586,0 79.9717511889389,23.9396762933978,0 79.971748598721,23.9396761626174,0 79.9717460046033,23.9396761576819,0 79.9717445957945,23.9396762234372,0 79.9717447826084,23.9396758724321,0 79.9717457914357,23.9396736947018,0 79.9717466747253,23.9396714713775,0 79.9717474300504,23.9396692085677,0 79.9717480553359,23.9396669124895,0 79.9717485488636,23.9396645894514,0 79.9717489092776,23.939662245836,0 79.9717491355877,23.9396598880825,0 79.9717492271721,23.9396575226686,0 79.9717491837792,23.9396551560935,0 79.9717490055282,23.9396527948593,0 79.9717486929089,23.9396504454535,0 79.9717486899853,23.9396504301771,0 79.9717602756339,23.9396553264913,0 79.9717626601446,23.9396562649576,0 79.971763805058,23.9396566511992,0 79.9717656193632,23.9396794510778,0</coordinates></LinearRing></innerBoundaryIs><innerBoundaryIs><LinearRing><coordinates>79.9721430278421,23.9396277801408,0 79.9721427046564,23.9396278730428,0 79.9721413429455,23.9396283381797,0 79.9721397190066,23.939626845752,0 79.9721391555275,23.9396263793449,0 79.9721430278421,23.9396277801408,0</coordinates></LinearRing></innerBoundaryIs><innerBoundaryIs><LinearRing><coordinates>79.9721943499127,23.9396387124926,0 79.9721968279217,23.9396382046257,0 79.9721992740767,23.9396375797769,0 79.9722016818452,23.9396368396149,0 79.9722040447971,23.9396359861163,0 79.972206356622,23.9396350215604,0 79.9722086111462,23.9396339485231,0 79.9722108023489,23.93963276987,0 79.9722129243783,23.9396314887487,0 79.9722149715675,23.9396301085805,0 79.9722169384494,23.9396286330512,0 79.9722188197714,23.9396270661012,0 79.9722206105093,23.9396254119152,0 79.972222305881,23.9396236749107,0 79.9722239013587,23.9396218597265,0 79.9722253926818,23.9396199712101,0 79.9722267758677,23.9396180144048,0 79.9722280472225,23.9396159945364,0 79.9722292033509,23.939613916999,0 79.9722302411656,23.9396117873407,0 79.9722311578949,23.9396096112489,0 79.9722319510908,23.9396073945349,0 79.972232618635,23.9396051431185,0 79.9722331587447,23.9396028630123,0 79.9722335699777,23.9396005603052,0 79.9722338512357,23.9395982411469,0 79.9722340017676,23.9395959117307,0 79.9722340211714,23.9395935782773,0 79.9722338211675,23.9395834782773,0 79.9722337113259,23.9395811725242,0 79.9722334734493,23.9395788749411,0 79.9722331081591,23.9395765915303,0 79.9722326164095,23.9395743282568,0 79.9722319994852,23.939572091033,0 79.9722313843367,23.9395702589891,0 79.9722460683869,23.9395636264848,0 79.9722483418103,23.9395625309465,0 79.9722505498743,23.9395613277648,0 79.9722526865512,23.9395600202241,0 79.9722544142407,23.9395588387683,0 79.9722627394459,23.9395711862682,0 79.9722641376384,23.9395731446572,0 79.972265644441,23.9395750337708,0 79.9722672557988,23.9395768485254,0 79.9722689673761,23.9395785840378,0 79.9722707745672,23.939580235638,0 79.9722726725092,23.9395817988817,0 79.9722746560949,23.9395832695624,0 79.9722767199867,23.9395846437227,0 79.9722788586311,23.939585917665,0 79.9722810662732,23.9395870879611,0 79.9722812449087,23.9395871716266,0 79.9722799136871,23.9395876380817,0 79.9722775815185,23.9395885853868,0 79.9722753059633,23.9395896426263,0 79.9722730931506,23.9395908069524,0 79.9722709490408,23.9395920752291,0 79.9722688794088,23.9395934440403,0 79.9722668898293,23.9395949096989,0 79.9722649856613,23.9395964682574,0 79.9722631720336,23.9395981155176,0 79.9722614538313,23.9395998470428,0 79.9722598356823,23.939601658169,0 79.9722583219451,23.939603544018,0 79.9722402904892,23.9396272731392,0 79.9722152379844,23.9396356872366,0 79.9722128169125,23.9396365678926,0 79.9722104500035,23.9396375652051,0 79.9722081439056,23.939638676373,0 79.9722059050963,23.9396398982751,0 79.9722037398639,23.9396412274793,0 79.9722016542902,23.9396426602521,0 79.9721996542332,23.9396441925691,0 79.9721989162683,23.9396448217618,0 79.9721981443022,23.9396438042694,0 79.9721965534781,23.9396419266662,0 79.9721948572406,23.9396401287013,0 79.9721935091406,23.9396388433247,0 79.9721943499127,23.9396387124926,0</coordinates></LinearRing></innerBoundaryIs><innerBoundaryIs><LinearRing><coordinates>79.9723574918152,23.9395585442435,0 79.9723589464478,23.9395567581043,0 79.9723603033167,23.9395549081065,0 79.9723615591094,23.9395529987664,0 79.9723627107603,23.9395510347451,0 79.9723637554578,23.9395490208374,0 79.9723646906515,23.9395469619597,0 79.9723648342522,23.939546595929,0 79.9723660964412,23.9395486342711,0 79.9723550595933,23.9395672952479,0 79.9723545056575,23.9395673955293,0 79.9723523017747,23.9395678430751,0 79.9723501225814,23.9395683831828,0 79.9723487370207,23.9395687581744,0 79.9723574918152,23.9395585442435,0</coordinates></LinearRing></innerBoundaryIs><innerBoundaryIs><LinearRing><coordinates>79.9716396053689,23.9397186985558,0 79.9716379979178,23.9397205027754,0 79.9716364939503,23.9397223808624,0 79.9716350974774,23.939724327808,0 79.9716338122236,23.9397263384199,0 79.9716334110594,23.9397270474323,0 79.9716316738736,23.9397119748378,0 79.9716333904304,23.9397132332595,0 79.9716355027892,23.9397146206025,0 79.9716376919363,23.9397159034453,0 79.9716399517582,23.9397170782056,0 79.9716408166102,23.939717473906,0 79.9716396053689,23.9397186985558,0</coordinates></LinearRing></innerBoundaryIs><innerBoundaryIs><LinearRing><coordinates>79.9714916049005,23.9394898857124,0 79.9714897977278,23.9394882272444,0 79.9714892902519,23.9394878075988,0 79.9714908475197,23.9394867188961,0 79.9714920402162,23.9394857914777,0 79.9714920257277,23.9394858815295,0 79.9714917817261,23.9394882665083,0 79.9714917054463,23.9394899881134,0 79.9714916049005,23.9394898857124,0</coordinates></LinearRing></innerBoundaryIs><innerBoundaryIs><LinearRing><coordinates>79.9715088987189,23.9394567291142,0 79.9715091281538,23.9394543952639,0 79.9715092255509,23.9394520536163,0 79.9715091906481,23.9394497104778,0 79.9715090235392,23.9394473721587,0 79.9715089480435,23.9394467842885,0 79.9715094343262,23.9394467543386,0 79.9715121219062,23.9394464513929,0 79.9715147872453,23.9394460128154,0 79.9715492836288,23.9394394299301,0 79.9715545410943,23.9394470841854,0 79.971545123333,23.9394463194936,0 79.9715425219777,23.9394461720597,0 79.9715399157763,23.9394461516285,0 79.9715373120634,23.9394462582574,0 79.9715347181665,23.9394464916463,0 79.9715321413855,23.9394468511385,0 79.9715295889723,23.9394473357222,0 79.9715270681101,23.9394479440338,0 79.9715245858932,23.9394486743611,0 79.9715221493073,23.9394495246489,0 79.9715197652096,23.9394504925042,0 79.9715174403098,23.9394515752032,0 79.9715151811505,23.939452769699,0 79.9715129940899,23.9394540726298,0 79.9715108852828,23.9394554803288,0 79.971508860664,23.9394569888344,0 79.9715088579701,23.9394569910693,0 79.9715088987189,23.9394567291142,0</coordinates></LinearRing></innerBoundaryIs><innerBoundaryIs><LinearRing><coordinates>79.9714006818381,23.9395399737356,0 79.9714010335652,23.9395422925117,0 79.9714015155773,23.9395445914157,0 79.9714021265787,23.9395468642678,0 79.971402864927,23.9395491049581,0 79.9714037286374,23.9395513074634,0 79.971404715388,23.9395534658629,0 79.9714058225264,23.9395555743547,0 79.9714070470765,23.9395576272708,0 79.9714083857463,23.9395596190926,0 79.9714098349375,23.9395615444657,0 79.971410753809,23.939562639297,0 79.9714275643904,23.9395986619963,0 79.971413601073,23.9396099612571,0 79.9714073800803,23.9396124217988,0 79.9714050580375,23.9396134068225,0 79.9714027949094,23.9396145015716,0 79.9714005968284,23.9396157030795,0 79.9713984697507,23.9396170080906,0 79.9713964194402,23.9396184130686,0 79.9713950941302,23.939619423986,0 79.9713948236618,23.9396030159477,0 79.9713947103943,23.9396005602617,0 79.9713944519194,23.9395981138781,0 79.9713940490029,23.9395956840451,0 79.9713935028385,23.9395932779617,0 79.9713928150445,23.9395909027565,0 79.9713919876585,23.939588565467,0 79.9713910231321,23.9395862730178,0 79.9713899243229,23.9395840322012,0 79.9713886944864,23.939581849656,0 79.9713873372664,23.9395797318489,0 79.971385856684,23.9395776850543,0 79.971384257126,23.9395757153364,0 79.9713659571233,23.9395544153409,0 79.9713643182268,23.9395526067566,0 79.9713625790238,23.9395508791204,0 79.9713607442399,23.9395492371261,0 79.97135881886,23.939547685235,0 79.9713568081154,23.9395462276636,0 79.9713547174692,23.9395448683722,0 79.9713525526018,23.9395436110538,0 79.9713503193951,23.9395424591247,0 79.9713501144267,23.9395423659563,0 79.9713491309465,23.9395377014589,0 79.9713508362874,23.9395387347957,0 79.9713530437939,23.9395399256531,0 79.9713553157851,23.9395410092207,0 79.9713576460939,23.9395419825572,0 79.9713600283948,23.9395428430204,0 79.9713624562212,23.9395435882748,0 79.9713649229829,23.9395442162974,0 79.971367421984,23.9395447253834,0 79.9713699464412,23.9395451141509,0 79.9713724895019,23.9395453815448,0 79.9713750442632,23.9395455268391,0 79.9713776037904,23.9395455496395,0 79.9713801611357,23.9395454498841,0 79.9713827093574,23.9395452278436,0 79.9713852415386,23.9395448841207,0 79.9713877508057,23.9395444196486,0 79.9713902303475,23.9395438356879,0 79.9713926734335,23.9395431338239,0 79.971395073432,23.9395423159615,0 79.9713974238285,23.939541384321,0 79.9713997182428,23.9395403414311,0 79.971400670183,23.9395398504471,0 79.9714006818381,23.9395399737356,0</coordinates></LinearRing></innerBoundaryIs><innerBoundaryIs><LinearRing><coordinates>79.9717237681163,23.9390759017334,0 79.9717243040979,23.9390782481506,0 79.9717249748235,23.9390805651129,0 79.9717257784024,23.9390828460883,0 79.9717267125692,23.9390850846465,0 79.9717277746902,23.9390872744766,0 79.9717289617712,23.9390894094051,0 79.9717302704657,23.9390914834133,0 79.9717313004124,23.9390929325402,0 79.9717101603697,23.9390957936007,0 79.9716948519219,23.9390777365083,0 79.9717042639383,23.939078112989,0 79.9717068595963,23.9390781537141,0 79.971709453971,23.9390780683617,0 79.9717120398185,23.9390778571703,0 79.9717146099185,23.9390775207294,0 79.9717171570949,23.9390770599784,0 79.9717196742356,23.9390764762039,0 79.9717221543121,23.9390757710359,0 79.9717236600747,23.9390752613495,0 79.9717237681163,23.9390759017334,0</coordinates></LinearRing></innerBoundaryIs><innerBoundaryIs><LinearRing><coordinates>79.9716393821966,23.93905038086,0 79.9716367705853,23.9390506326572,0 79.971634177342,23.9390510123494,0 79.9716316098754,23.9390515188518,0 79.9716290755203,23.9390521507175,0 79.9716265815172,23.9390529061412,0 79.9716241349911,23.9390537829648,0 79.9716217429314,23.9390547786833,0 79.971619412172,23.9390558904521,0 79.9716171493716,23.939057115095,0 79.9716149609946,23.9390584491134,0 79.9716128532931,23.939059888696,0 79.9715941532954,23.9390733886925,0 79.9715921690136,23.9390749001962,0 79.971590273698,23.9390765052585,0 79.9715899713678,23.9390767896399,0 79.9715905408953,23.9390759277769,0 79.9715917538707,23.9390738561646,0 79.9715928478142,23.9390717292999,0 79.9715938197565,23.9390695529558,0 79.9715946670596,23.9390673330393,0 79.9715953874237,23.9390650755762,0 79.9715959788934,23.9390627866936,0 79.9715964398634,23.9390604726044,0 79.9715967690825,23.9390581395895,0 79.971596965657,23.9390557939815,0 79.9715970290534,23.9390534421471,0 79.9715969590997,23.9390510904696,0 79.9715967559858,23.9390487453324,0 79.9715964202629,23.9390464131006,0 79.9715959528423,23.9390441001048,0 79.9715953549928,23.9390418126229,0 79.971594628337,23.9390395568639,0 79.9715939408326,23.9390377702867,0 79.9715946841352,23.9390379868588,0 79.9715971714474,23.9390385819709,0 79.9715996892173,23.9390390567089,0 79.9716022305541,23.9390394097736,0 79.9716047885023,23.9390396401987,0 79.9716073560611,23.9390397473535,0 79.9716099262033,23.9390397309449,0 79.9716124918948,23.9390395910175,0 79.9716150461136,23.9390393279546,0 79.9716175818689,23.939038942476,0 79.9716200922207,23.9390384356366,0 79.9716221112027,23.939037924949,0 79.9716323515834,23.9390436310312,0 79.9716408833642,23.9390503103484,0 79.9716393821966,23.93905038086,0</coordinates></LinearRing></innerBoundaryIs><innerBoundaryIs><LinearRing><coordinates>79.9706083556195,23.9390206083962,0 79.9706106287757,23.9390223373722,0 79.9706130107563,23.939023937808,0 79.9706459585965,23.9390447092774,0 79.9706276058752,23.9390596238875,0 79.9706127506187,23.9390621919523,0 79.9706127421598,23.9390620646941,0 79.9706124501632,23.9390597103119,0 79.9706120241927,23.9390573732504,0 79.9706114654214,23.9390550599454,0 79.9706107753878,23.9390527767675,0 79.9706099559924,23.939050530004,0 79.9706090094915,23.9390483258422,0 79.9706007730973,23.9390305276736,0 79.9706018462262,23.9390285438078,0 79.9706028640126,23.9390263875272,0 79.9706037583459,23.9390241854908,0 79.9706045268028,23.9390219436649,0 79.9706051673012,23.9390196681235,0 79.970605475157,23.9390182800783,0 79.9706083556195,23.9390206083962,0</coordinates></LinearRing></innerBoundaryIs><innerBoundaryIs><LinearRing><coordinates>79.9707224752479,23.9390386594037,0 79.9707238851027,23.939036697524,0 79.9707251819425,23.9390346708544,0 79.9707263622514,23.9390325848895,0 79.9707274228294,23.9390304452846,0 79.9707283608011,23.9390282578405,0 79.9707291736235,23.9390260284878,0 79.9707298590929,23.9390237632705,0 79.9707304153508,23.9390214683302,0 79.9707308408893,23.9390191498886,0 79.9707311345546,23.9390168142314,0 79.9707312955506,23.9390144676911,0 79.9707313234407,23.9390121166294,0 79.9707312181494,23.9390097674205,0 79.9707309799621,23.9390074264334,0 79.9707306095247,23.9390051000149,0 79.9707301078413,23.9390027944723,0 79.9707294762722,23.9390005160563,0 79.9707287165297,23.9389982709441,0 79.9707278306735,23.9389960652224,0 79.9707268211054,23.9389939048714,0 79.9707256905624,23.938991795748,0 79.970718525595,23.9389792629017,0 79.9707206868841,23.9389783005204,0 79.9707229722399,23.9389771413036,0 79.9707251873838,23.9389758721595,0 79.9707273260627,23.9389744966707,0 79.9707293822394,23.9389730187201,0 79.9707387967052,23.9389658732815,0 79.9707855730598,23.9390179461949,0 79.9707862029169,23.9390186990427,0 79.9707857125998,23.939018824004,0 79.9707832242741,23.9390195918851,0 79.9707807841197,23.939020480819,0 79.9707783991018,23.9390214882681,0 79.9707760760285,23.9390226113569,0 79.9707738215309,23.9390238468794,0 79.9707307916211,23.9390488841924,0 79.9707295241674,23.9390469128999,0 79.9707280953664,23.9390449357972,0 79.9707265555117,23.9390430304296,0 79.9707249088578,23.9390412020615,0 79.9707231599541,23.9390394557442,0 79.9707223908607,23.9390387644966,0 79.9707224752479,23.9390386594037,0</coordinates></LinearRing></innerBoundaryIs><innerBoundaryIs><LinearRing><coordinates>79.9709666602993,23.9391797458053,0 79.9709666862636,23.939179924773,0 79.9709671523236,23.9391822223494,0 79.9709677470982,23.9391844946843,0 79.9709684689939,23.9391867356904,0 79.970969316077,23.9391889393644,0 79.9709702860781,23.9391910998027,0 79.9709713763988,23.9391932112179,0 79.9709725841183,23.9391952679537,0 79.9709739060011,23.9391972645003,0 79.970984705998,23.939212664503,0 79.9709863617107,23.939214877963,0 79.9709881576867,23.9392169970209,0 79.9709900875708,23.9392190141784,0 79.9710080480192,23.9392366972519,0 79.971017466008,23.9392661377683,0 79.9710182834934,23.939268459469,0 79.9710192362427,23.9392707371897,0 79.9710203214735,23.9392729642784,0 79.9710215360163,23.9392751342311,0 79.9710228763244,23.9392772407107,0 79.9710243384833,23.9392792775653,0 79.9710259182231,23.9392812388464,0 79.9710276109301,23.9392831188263,0 79.9710294116609,23.9392849120146,0 79.9710313151567,23.9392866131745,0 79.9710333158585,23.9392882173377,0 79.9710354079233,23.9392897198196,0 79.9710375852414,23.9392911162322,0 79.9710398414541,23.9392924024973,0 79.9710746263636,23.9393110563871,0 79.9710764637693,23.9393138235655,0 79.9710778748697,23.9393158275988,0 79.9710793992217,23.9393177602928,0 79.9710810325654,23.9393196162462,0 79.9710827703361,23.9393213902725,0 79.9710846076775,23.9393230774138,0 79.971086539455,23.9393246729555,0 79.97108856027,23.9393261724385,0 79.9710906644751,23.9393275716724,0 79.97109284619,23.9393288667469,0 79.9710950993177,23.9393300540427,0 79.9711053993198,23.9393351540443,0 79.9711078690803,23.9393362957312,0 79.9711104047998,23.9393373079261,0 79.9711129984492,23.9393381874239,0 79.9711156418159,23.9393389314399,0 79.97111832653,23.9393395376181,0 79.9711210440907,23.9393400040391,0 79.9711410440973,23.9393429040403,0 79.9711420637707,23.939343026662,0 79.9711422546712,23.9393438420381,0 79.9711429197446,23.9393461046547,0 79.9711437116509,23.9393483325066,0 79.9711446282567,23.939350519592,0 79.9711456670926,23.9393526600189,0 79.97114682536,23.9393547480211,0 79.9711480999388,23.9393567779736,0 79.9711494873951,23.9393587444077,0 79.9711509839912,23.939360642026,0 79.9711525856953,23.9393624657163,0 79.9711775856927,23.9393894657222,0 79.971179471064,23.93939138752,0 79.9711814731125,23.9393932068979,0 79.9711816615056,23.9393933595089,0 79.9711811217332,23.9393969958611,0 79.9711808403519,23.9393993514773,0 79.9711806938129,23.9394017174174,0 79.9711806825198,23.9394040871654,0 79.9711808065036,23.9394064541947,0 79.971181065423,23.939408811986,0 79.9711814585649,23.9394111540456,0 79.9711819848464,23.9394134739232,0 79.9711826428181,23.9394157652294,0 79.9711834306679,23.9394180216537,0 79.9711843462259,23.9394202369816,0 79.9711853869706,23.9394224051116,0 79.9711865500355,23.9394245200723,0 79.9711878322175,23.939426576039,0 79.9711892299851,23.9394285673491,0 79.9711907394888,23.9394304885183,0 79.9711923565712,23.9394323342553,0 79.9711940767784,23.9394340994768,0 79.971195895373,23.939435779321,0 79.9711978073461,23.9394373691613,0 79.9711998074318,23.9394388646192,0 79.9712018901218,23.9394402615759,0 79.9712031554741,23.9394410201271,0 79.9712016612406,23.9394427732795,0 79.9712002120886,23.9394446658039,0 79.9711988703328,23.9394466240831,0 79.9711593115839,23.9395077809966,0 79.9711485265766,23.9395026617136,0 79.97114309059,23.939494507737,0 79.9711417125107,23.9394925554009,0 79.9711402832073,23.9394907424314,0 79.9711405238697,23.9394902188908,0 79.9711413724758,23.9394880773321,0 79.9711421024343,23.9394858991459,0 79.9711427118855,23.9394836898812,0 79.9711431992767,23.9394814551664,0 79.9711435633664,23.9394792006947,0 79.971143803227,23.9394769322095,0 79.9711439182474,23.9394746554899,0 79.9711439081345,23.9394723763361,0 79.9711437729143,23.9394701005546,0 79.9711435129311,23.9394678339429,0 79.9711431288473,23.9394655822756,0 79.971139783317,23.9394487562579,0 79.9711292340906,23.9393917308387,0 79.9711287327951,23.9393893953453,0 79.9711280982863,23.9393870873786,0 79.9711273323277,23.9393848133529,0 79.971126437048,23.9393825795879,0 79.9711254149353,23.9393803922919,0 79.9711242688304,23.9393782575435,0 79.9711230019183,23.9393761812756,0 79.9711216177202,23.9393741692586,0 79.9711201200828,23.9393722270841,0 79.9711185131684,23.9393703601497,0 79.9711168014428,23.939368573644,0 79.9711149896633,23.9393668725321,0 79.9711130828651,23.9393652615414,0 79.9711110863474,23.9393637451493,0 79.971109005659,23.9393623275701,0 79.9711068465824,23.9393610127435,0 79.9711046151181,23.9393598043235,0 79.9711023174676,23.9393587056686,0 79.9710999600166,23.939357719832,0 79.9710975493167,23.9393568495538,0 79.9710950920677,23.9393560972523,0 79.9710925950986,23.9393554650185,0 79.9710900653491,23.9393549546094,0 79.9710875098497,23.9393545674435,0 79.9710849357025,23.9393543045969,0 79.9710823500614,23.9393541667999,0 79.9710797601125,23.9393541544357,0 79.9710771730536,23.9393542675384,0 79.9710745960747,23.9393545057939,0 79.9710720363374,23.9393548685399,0 79.9710695009558,23.9393553547683,0 79.9710669969761,23.9393559631279,0 79.9710645313573,23.9393566919278,0 79.9710621109517,23.9393575391427,0 79.9710597424861,23.9393585024179,0 79.9710574325428,23.9393595790764,0 79.9710551875414,23.939360766126,0 79.9710530137214,23.9393620602676,0 79.971050917124,23.9393634579047,0 79.971048903576,23.9393649551529,0 79.9710469786735,23.9393665478511,0 79.971045147766,23.9393682315731,0 79.9710434159419,23.9393700016394,0 79.9710417880144,23.9393718531307,0 79.9710402685076,23.9393737809015,0 79.9710388616446,23.9393757795941,0 79.9710375713352,23.9393778436539,0 79.9710364011654,23.9393799673445,0 79.9710242953954,23.9394034537948,0 79.971024272181,23.9394033945884,0 79.9710232856679,23.939401236395,0 79.9710221787925,23.9393991280916,0 79.9710209545295,23.9393970753444,0 79.9710196161691,23.9393950836701,0 79.9710181673083,23.9393931584215,0 79.9710166118409,23.9393913047727,0 79.9710149539471,23.9393895277054,0 79.9710131980828,23.9393878319954,0 79.9710113489667,23.9393862222001,0 79.9709992489671,23.9393762222027,0 79.9709979078681,23.9393751534888,0 79.9709706696251,23.9393542276057,0 79.9709607284947,23.9393421936098,0 79.9709590018977,23.9393402208915,0 79.9709571577219,23.9393383402167,0 79.9709552017649,23.9393365574977,0 79.9709531401753,23.9393348783387,0 79.9709509794343,23.9393333080184,0 79.9709487263345,23.9393318514733,0 79.9709463879587,23.9393305132824,0 79.9709234879629,23.9393182132862,0 79.9709210831208,23.939317003044,0 79.9709186085696,23.9393159179898,0 79.9709172381437,23.9393154012277,0 79.9709173330288,23.9393144237724,0 79.9709174268471,23.9393120403087,0 79.9709173836154,23.9393096556168,0 79.9709172034542,23.9393072763491,0 79.9709168868661,23.9393049091432,0 79.9709164347344,23.939302560603,0 79.9709158483203,23.9393002372801,0 79.9709151292599,23.9392979456561,0 79.970914279559,23.9392956921239,0 79.9709133015881,23.9392934829701,0 79.9709121980756,23.9392913243578,0 79.9709109720998,23.9392892223088,0 79.9709096270809,23.9392871826873,0 79.9709081667712,23.9392852111833,0 79.9709065952445,23.9392833132965,0 79.9709049168849,23.9392814943218,0 79.9709031363745,23.9392797593334,0 79.9709012586806,23.9392781131715,0 79.9708834586811,23.9392633131753,0 79.970881518629,23.9392617825546,0 79.970879494568,23.9392603467731,0 79.97087739198,23.9392590097194,0 79.9708752165593,23.9392577750145,0 79.9708729741978,23.9392566460026,0 79.9708709862816,23.9392557060642,0 79.9708709162121,23.9392555272665,0 79.9708721481838,23.9392538044227,0 79.970873447052,23.9392517625306,0 79.9708746278114,23.9392496609283,0 79.9708756872224,23.9392475053822,0 79.9708766223783,23.9392453018063,0 79.9708774307133,23.9392430562467,0 79.9708781100095,23.9392407748646,0 79.9708786584031,23.9392384639193,0 79.9708790743896,23.9392361297515,0 79.9708793568276,23.9392337787655,0 79.9708795049422,23.9392314174116,0 79.9708810049256,23.9391875174106,0 79.970881014189,23.9391858350075,0 79.9709666602993,23.9391797458053,0</coordinates></LinearRing></innerBoundaryIs><innerBoundaryIs><LinearRing><coordinates>79.9711607121462,23.9392412493369,0 79.9711590116427,23.9392394850311,0 79.9711572132927,23.9392378046853,0 79.9711553219962,23.9392362128777,0 79.9711533429062,23.9392347139454,0 79.9711512814151,23.9392333119724,0 79.9711491431396,23.9392320107787,0 79.971146933906,23.9392308139096,0 79.9711446597334,23.939229724626,0 79.9711423268182,23.9392287458959,0 79.9711399415169,23.939227880386,0 79.9711375103284,23.9392271304544,0 79.9711356409572,23.9392266519906,0 79.9711249080744,23.9392209762973,0 79.971121082533,23.9392161264337,0 79.9711971081963,23.9392256116608,0 79.9711966927952,23.9392310203239,0 79.971196670961,23.9392313186716,0 79.9711964254086,23.9392348484706,0 79.9711958288589,23.9392351445718,0 79.9711936274769,23.9392363785549,0 79.9711914995654,23.9392377169942,0 79.9711894509859,23.939239156203,0 79.9711874873813,23.9392406922169,0 79.9711856141604,23.9392423208049,0 79.9711838364831,23.9392440374809,0 79.971182159246,23.9392458375163,0 79.9711805870693,23.9392477159529,0 79.9711791242834,23.9392496676164,0 79.9711777749178,23.9392516871309,0 79.9711765426893,23.9392537689335,0 79.9711754309922,23.9392559072898,0 79.9711749955956,23.9392568718565,0 79.9711607121462,23.9392412493369,0</coordinates></LinearRing></innerBoundaryIs><innerBoundaryIs><LinearRing><coordinates>79.9709953972942,23.9394869414466,0 79.9709962156073,23.9394891986206,0 79.9709971621322,23.9394914130468,0 79.9709982342412,23.9394935785778,0 79.970999428958,23.9394956892017,0 79.9710007429661,23.9394977390595,0 79.9710021726176,23.9394997224605,0 79.9710037139437,23.9395016338985,0 79.9710053626656,23.9395034680673,0 79.9710071142063,23.9395052198752,0 79.9710089637034,23.9395068844588,0 79.9710109060224,23.9395084571972,0 79.9710164027003,23.9395126768706,0 79.9710173167095,23.9395182421831,0 79.9710143568739,23.9395152306476,0 79.9710125570029,23.9395134943425,0 79.9710106593759,23.9395118483148,0 79.9710086693454,23.9395102972076,0 79.9710065925247,23.939508845396,0 79.9710044347717,23.9395074969751,0 79.9710022021729,23.9395062557483,0 79.9709999010256,23.9395051252168,0 79.9709975378207,23.9395041085693,0 79.9709951192239,23.9395032086736,0 79.9709926520574,23.9395024280678,0 79.9709923068166,23.9395023373651,0 79.9709924759875,23.9395002021769,0 79.9709925284631,23.9394978437431,0 79.9709924468669,23.9394954860086,0 79.9709922314216,23.9394931354077,0 79.9709918827151,23.9394907983552,0 79.9709918142183,23.9394904683958,0 79.9709949220591,23.9394853567145,0 79.9709953972942,23.9394869414466,0</coordinates></LinearRing></innerBoundaryIs><innerBoundaryIs><LinearRing><coordinates>79.9710768719793,23.9396354134022,0 79.9710784196413,23.9396335489905,0 79.9710798599055,23.9396316132432,0 79.9710811888873,23.939629611381,0 79.9710824030022,23.9396275488031,0 79.9710834989757,23.9396254310727,0 79.9710844738518,23.9396232639015,0 79.9710853250012,23.9396210531345,0 79.9710860501282,23.9396188047344,0 79.9710866472771,23.9396165247654,0 79.9710871148374,23.9396142193768,0 79.9710874515479,23.9396118947865,0 79.9710876565006,23.9396095572642,0 79.9710877291427,23.9396072131144,0 79.9710876692782,23.9396048686595,0 79.9710874770686,23.9396025302229,0 79.9710871530324,23.9396002041114,0 79.9710869458579,23.9395991534093,0 79.9710870418982,23.9395991556632,0 79.9710896327805,23.9395990907948,0 79.9710922163353,23.9395989004321,0 79.9710947853723,23.9395985851046,0 79.9710973327414,23.9395981456902,0 79.9710991496145,23.9395977400743,0 79.9710873534715,23.9396426580613,0 79.9710755777056,23.9396368152088,0 79.9710768719793,23.9396354134022,0</coordinates></LinearRing></innerBoundaryIs><innerBoundaryIs><LinearRing><coordinates>79.970902350011,23.9389096095808,0 79.9709028673306,23.9389119047438,0 79.9709045423152,23.9389184729528,0 79.9708943442162,23.9389256897027,0 79.9708812825648,23.9389288814608,0 79.9709022170646,23.9389088138072,0 79.970902350011,23.9389096095808,0</coordinates></LinearRing></innerBoundaryIs><innerBoundaryIs><LinearRing><coordinates>79.9710725728472,23.9389259042805,0 79.9710726175939,23.9389282670034,0 79.9710727967588,23.9389306243395,0 79.9710731098513,23.9389329698328,0 79.971073556014,23.93893529706,0 79.9710741340249,23.9389375996476,0 79.9710748423011,23.9389398712898,0 79.971075678903,23.9389421057654,0 79.9710766415394,23.9389442969549,0 79.971077727574,23.9389464388576,0 79.9710789340325,23.9389485256075,0 79.971080257611,23.9389505514899,0 79.9710816946847,23.9389525109565,0 79.9710832413179,23.9389543986412,0 79.971083494253,23.9389546758869,0 79.9710835940797,23.9389559987608,0 79.9710839046498,23.9389583378018,0 79.9710843475523,23.938960658767,0 79.971084921581,23.9389629553362,0 79.9710856251728,23.9389652212555,0 79.9710864564117,23.9389674503544,0 79.9710874130342,23.9389696365628,0 79.9710884924351,23.9389717739272,0 79.9710896916753,23.9389738566275,0 79.9710910074889,23.9389758789919,0 79.9710924362927,23.9389778355134,0 79.9710939741961,23.9389797208641,0 79.9710956170109,23.9389815299098,0 79.9710973602637,23.9389832577242,0 79.9710991992072,23.9389848996023,0 79.9711011288338,23.9389864510729,0 79.9711031438887,23.9389879079113,0 79.9711052388848,23.9389892661501,0 79.9711074081169,23.9389905220907,0 79.9711096456781,23.938991672313,0 79.9711119454749,23.9389927136848,0 79.9711143012449,23.9389936433702,0 79.9711167065728,23.9389944588376,0 79.9711191549085,23.9389951578663,0 79.9711198295337,23.938995315531,0 79.9711204693646,23.9389971691602,0 79.9711189385816,23.9390105929037,0 79.9711187332565,23.9390130261169,0 79.9711186712581,23.9390154659723,0 79.9711187527676,23.9390179053428,0 79.971118977547,23.9390203371031,0 79.9711193449395,23.9390227541497,0 79.9711198538721,23.9390251494223,0 79.9711205028582,23.9390275159242,0 79.9711212900019,23.9390298467427,0 79.9711222130042,23.9390321350693,0 79.9711231303416,23.9390340798956,0 79.971113012327,23.9390377130447,0 79.9711124667238,23.9390371381482,0 79.9711106805341,23.9390354435418,0 79.9711088004789,23.9390338370017,0 79.9711068316911,23.9390323229142,0 79.971104779546,23.939030905413,0 79.9711026496462,23.9390295883681,0 79.9711004478068,23.9390283753754,0 79.9710981800393,23.9390272697465,0 79.9710958525351,23.9390262745001,0 79.9710934716487,23.9390253923532,0 79.9710910438804,23.9390246257145,0 79.9710885758585,23.9390239766769,0 79.9710860743212,23.9390234470124,0 79.9710835460981,23.9390230381672,0 79.9710809980917,23.9390227512574,0 79.9710784372587,23.9390225870663,0 79.9710758705905,23.9390225460423,0 79.9710733050947,23.9390226282973,0 79.9710707477756,23.9390228336068,0 79.9710682056152,23.9390231614103,0 79.9710656855539,23.9390236108127,0 79.9710642204994,23.9390239459083,0 79.9710636080018,23.9390190459421,0 79.9710632433162,23.9390166816458,0 79.9710627431569,23.939014338375,0 79.9710621089225,23.9390120226826,0 79.9710613423868,23.9390097410446,0 79.9710604456933,23.9390074998418,0 79.9710594213497,23.9390053053416,0 79.9710582722207,23.9390031636812,0 79.9710570015199,23.9390010808497,0 79.9710556128008,23.9389990626719,0 79.971054109947,23.9389971147918,0 79.9710524971613,23.9389952426566,0 79.971050778954,23.9389934515018,0 79.9710489601301,23.9389917463365,0 79.971047045776,23.9389901319292,0 79.9710450412454,23.9389886127947,0 79.9710429521438,23.9389871931814,0 79.9710407843136,23.9389858770591,0 79.9710385438173,23.9389846681086,0 79.9710362369205,23.9389835697106,0 79.9710338700744,23.938982584937,0 79.9710314498981,23.9389817165416,0 79.9710289831598,23.938980966953,0 79.9710264767576,23.9389803382673,0 79.971023937701,23.9389798322429,0 79.9710213730904,23.9389794502947,0 79.9710171054593,23.938978920736,0 79.971017474098,23.9389771487355,0 79.9710178182237,23.9389748714587,0 79.9710180357922,23.9389725810345,0 79.9710181262395,23.9389702834007,0 79.9710180893309,23.9389679845138,0 79.9710179251624,23.9389656903334,0 79.9710171459977,23.9389578541941,0 79.9710709545106,23.9389262501957,0 79.9710725986099,23.9389252267045,0 79.9710725728472,23.9389259042805,0</coordinates></LinearRing></innerBoundaryIs><innerBoundaryIs><LinearRing><coordinates>79.971582304801,23.9390857710499,0 79.9715810432743,23.9390878365888,0 79.971579901329,23.9390899600886,0 79.9715788821072,23.939092135706,0 79.9715779884138,23.9390943574544,0 79.9715772227079,23.9390966192199,0 79.9715765870965,23.939098914779,0 79.9715763611056,23.9390999568961,0 79.9715748086189,23.939098894135,0 79.9715726769386,23.9390975879434,0 79.9715704740734,23.9390963856646,0 79.9715699349508,23.9390961253578,0 79.9715809691655,23.9390868946479,0 79.9715823986271,23.9390856347078,0 79.971582304801,23.9390857710499,0</coordinates></LinearRing></innerBoundaryIs><innerBoundaryIs><LinearRing><coordinates>79.9728340638958,23.9401515327822,0 79.9728351649588,23.9401537237493,0 79.9728363918075,23.9401558575187,0 79.9728377409374,23.9401579279954,0 79.9728392084947,23.9401599292651,0 79.9728407902874,23.9401618556112,0 79.9728424817972,23.940163701531,0 79.9728454042957,23.9401667230987,0 79.9728448119423,23.9401675542639,0 79.9728435173117,23.9401695965543,0 79.9728423407252,23.9401716983108,0 79.9728412854065,23.9401738537749,0 79.9728403542472,23.9401760570406,0 79.9728395497986,23.9401783020713,0 79.9728388742649,23.9401805827155,0 79.9728325742569,23.9402042827133,0 79.9728320224162,23.9402066270987,0 79.9728316067968,23.9402089951094,0 79.9728313285713,23.9402113800636,0 79.972831188525,23.940213775232,0 79.9728311870528,23.9402161738562,0 79.972831324159,23.9402185691683,0 79.9728315994568,23.9402209544095,0 79.9728320121692,23.9402233228496,0 79.972832561132,23.9402256678058,0 79.9728332447959,23.9402279826614,0 79.9728340612321,23.9402302608849,0 79.9728350081369,23.9402324960478,0 79.9728360828385,23.9402346818434,0 79.9728372823043,23.9402368121043,0 79.9728386031501,23.9402388808195,0 79.9728400416489,23.940240882152,0 79.9728415937418,23.9402428104548,0 79.9728432550493,23.9402446602869,0 79.9728450208839,23.9402464264287,0 79.9728468862631,23.9402481038968,0 79.9728488459234,23.9402496879582,0 79.9728508943354,23.940251174143,0 79.9728530257193,23.940252558258,0 79.9728552340611,23.9402538363975,0 79.9728575131296,23.9402550049553,0 79.9728656795062,23.9402589344768,0 79.9728648025083,23.9402607736163,0 79.9728639422631,23.9402626969025,0 79.9728631792682,23.9402646545506,0 79.9728625151418,23.9402666424089,0 79.9728619512921,23.9402686562619,0 79.9728582512871,23.9402832562606,0 79.9728577253213,23.9402856145582,0 79.972857336844,23.9402879952675,0 79.9728570869593,23.9402903916221,0 79.9728569763773,23.9402927968113,0 79.9728570054125,23.9402952039991,0 79.9728571739822,23.9402976063438,0 79.9728574816074,23.9402999970177,0 79.9728579274138,23.940302369226,0 79.9728585101343,23.9403047162267,0 79.9728592281127,23.940307031349,0 79.9728600793085,23.9403093080132,0 79.9728610613024,23.9403115397485,0 79.9728621713035,23.9403137202119,0 79.9728622283521,23.9403138182916,0 79.9728284647873,23.940283778191,0 79.9728279491247,23.9402817387634,0 79.9728272425795,23.9402794832035,0 79.9728264094705,23.9402772644349,0 79.9728254520487,23.9402750884522,0 79.972824372901,23.9402729611349,0 79.9728231749433,23.9402708882308,0 79.9728218614121,23.9402688753405,0 79.9728204358566,23.9402669279027,0 79.9728189021284,23.9402650511792,0 79.9728172643715,23.9402632502408,0 79.972815527011,23.9402615299532,0 79.9728136947411,23.9402598949646,0 79.9728117725123,23.9402583496926,0 79.9728097655183,23.9402568983122,0 79.9728076791818,23.9402555447451,0 79.9728055191399,23.9402542926483,0 79.9728032912288,23.9402531454049,0 79.9728010014679,23.9402521061146,0 79.9727986560441,23.9402511775855,0 79.9727962612944,23.9402503623263,0 79.9727938236893,23.9402496625399,0 79.9727913498147,23.940249080117,0 79.9727888463549,23.9402486166311,0 79.972786320074,23.9402482733346,0 79.9727837777976,23.9402480511551,0 79.9727837005721,23.9402480481143,0 79.9727844184152,23.9402458692,0 79.9727928616084,23.9402163179886,0 79.9728119817375,23.9401937214633,0 79.9728134885545,23.9401918423981,0 79.9728148877081,23.940189894274,0 79.972816175459,23.940187882297,0 79.9728173483661,23.9401858118437,0 79.972818403295,23.940183688447,0 79.9728193374267,23.9401815177813,0 79.9728201482647,23.9401793056472,0 79.9728208336424,23.9401770579564,0 79.9728213917282,23.9401747807153,0 79.9728218210306,23.9401724800094,0 79.9728221204026,23.9401701619869,0 79.9728222890441,23.9401678328424,0 79.9728223265044,23.9401654987999,0 79.9728222326834,23.9401631660968,0 79.9728220078319,23.9401608409668,0 79.9728216525507,23.9401585296234,0 79.9728211677892,23.9401562382431,0 79.972820554843,23.9401539729493,0 79.97281981535,23.9401517397956,0 79.9728189512863,23.9401495447495,0 79.972817964961,23.940147393677,0 79.97281685901,23.9401452923264,0 79.9728156363885,23.9401432463131,0 79.9728143003639,23.9401412611047,0 79.9728128545064,23.9401393420064,0 79.9728113026798,23.9401374941465,0 79.9728096490311,23.940135722463,0 79.9728078979794,23.9401340316906,0 79.9728060542039,23.9401324263474,0 79.9728041226319,23.9401309107234,0 79.9728021084251,23.9401294888688,0 79.9728000169661,23.9401281645833,0 79.9727978538439,23.9401269414057,0 79.972795624839,23.9401258226048,0 79.972793335908,23.9401248111703,0 79.9727909931677,23.9401239098052,0 79.9727886028785,23.9401231209181,0 79.9727861714282,23.9401224466172,0 79.9726719620125,23.9400937117936,0 79.9726733342164,23.9400917769248,0 79.9726734116102,23.9400916544583,0 79.9726822882214,23.9400868866704,0 79.9726844870118,23.9400856331281,0 79.9726866109496,23.9400842749272,0 79.9726886541437,23.9400828158349,0 79.972690610927,23.9400812598982,0 79.972692475872,23.9400796114327,0 79.972694243806,23.9400778750108,0 79.9726959098255,23.9400760554486,0 79.9726974693093,23.9400741577929,0 79.9726989179322,23.9400721873073,0 79.9727002516761,23.9400701494572,0 79.9727014668416,23.9400680498948,0 79.9727025600584,23.9400658944436,0 79.9727035282942,23.9400636890821,0 79.9727043688635,23.9400614399272,0 79.9727050794348,23.9400591532173,0 79.9727056580373,23.9400568352949,0 79.9727061030662,23.9400544925891,0 79.972706413287,23.9400521315977,0 79.9727065878394,23.9400497588694,0 79.9727066262392,23.9400473809853,0 79.9727065283799,23.9400450045408,0 79.9727063611143,23.9400433104665,0 79.9727187588801,23.9400588747654,0 79.9727203572781,23.9400607733879,0 79.9727220631988,23.9400625912516,0 79.9727238718206,23.9400643232185,0 79.9727257780316,23.9400659643935,0 79.9727277764443,23.940067510138,0 79.9727298614104,23.9400689560832,0 79.9727320270369,23.9400702981424,0 79.9727342672032,23.9400715325222,0 79.9727365755775,23.9400726557341,0 79.9727389456357,23.9400736646032,0 79.9727413706791,23.9400745562783,0 79.9727438438535,23.9400753282391,0 79.972746358169,23.9400759783037,0 79.9727489065191,23.9400765046349,0 79.9727514817013,23.940076905745,0 79.9727540764371,23.9400771805004,0 79.9727566833929,23.9400773281244,0 79.9727592952005,23.9400773481999,0 79.9728189952212,23.9400763482003,0 79.972821580551,23.9400762422382,0 79.9728238295789,23.9400760405865,0 79.9728340638958,23.9401515327822,0</coordinates></LinearRing></innerBoundaryIs><innerBoundaryIs><LinearRing><coordinates>79.9726856935515,23.9400109196591,0 79.9726835362087,23.9400096066896,0 79.9726813066505,23.9400083999325,0 79.9726790110611,23.9400073027347,0 79.9726766558075,23.9400063181396,0 79.9726742474224,23.9400054488781,0 79.9726717925859,23.9400046973612,0 79.9726692981068,23.9400040656733,0 79.9726667709038,23.9400035555666,0 79.9726642179866,23.9400031684558,0 79.9726616464361,23.9400029054147,0 79.9726590633848,23.9400027671729,0 79.9726564759973,23.9400027541138,0 79.9726538914499,23.9400028662737,0 79.972653401462,23.9400029113926,0 79.9726531353082,23.9400026508287,0 79.9726513004144,23.9400010313004,0 79.9726493767715,23.9399995012406,0 79.972647369537,23.9399980647517,0 79.972645284093,23.9399967256853,0 79.9726431260308,23.9399954876317,0 79.9726409011367,23.9399943539104,0 79.972638615376,23.9399933275612,0 79.9726362748775,23.9399924113358,0 79.9726338859165,23.9399916076909,0 79.9726314548982,23.9399909187812,0 79.9726289883408,23.9399903464538,0 79.9726264928576,23.9399898922433,0 79.9726239751395,23.9399895573674,0 79.9726214419371,23.9399893427242,0 79.9726189000423,23.9399892488889,0 79.9726163562706,23.9399892761134,0 79.9726138174424,23.9399894243245,0 79.9726112903646,23.9399896931249,0 79.9726087818131,23.9399900817938,0 79.9726062985137,23.9399905892892,0 79.9726038471246,23.9399912142504,0 79.9726038019849,23.9399912281081,0 79.9726032648064,23.9399903339888,0 79.9726018898041,23.9399883066989,0 79.9726004000755,23.9399863490829,0 79.9725987997901,23.9399844666199,0 79.972597093427,23.9399826645789,0 79.9725952857622,23.9399809480034,0 79.972593381855,23.9399793216981,0 79.9725913870345,23.9399777902148,0 79.9725893068838,23.93997635784,0 79.9725871472252,23.9399750285827,0 79.9725849141032,23.9399738061634,0 79.9725826137682,23.9399726940035,0 79.9725802526585,23.9399716952159,0 79.9725778373827,23.9399708125961,0 79.972575374701,23.9399700486144,0 79.9725728715059,23.9399694054091,0 79.9725703348039,23.9399688847804,0 79.9725677716948,23.9399684881857,0 79.9725651893526,23.9399682167349,0 79.9725625950049,23.9399680711877,0 79.972559995913,23.9399680519516,0 79.9725573993516,23.9399681590804,0 79.9725548125881,23.9399683922742,0 79.9725522428627,23.9399687508804,0 79.9725496973678,23.9399692338952,0 79.9725471832279,23.9399698399667,0 79.9725447074798,23.9399705673987,0 79.972542277053,23.9399714141551,0 79.9725398987499,23.9399723778658,0 79.9725396891181,23.9399724752894,0 79.9725409088252,23.9399706188135,0 79.9725421249569,23.9399685268506,0 79.9725430290648,23.9399667534107,0 79.9725438404354,23.9399666626279,0 79.9725464309741,23.9399662424101,0 79.972548993328,23.9399656953524,0 79.9725515201511,23.939965023023,0 79.972554004199,23.9399642273495,0 79.9725564383503,23.9399633106132,0 79.9725588156264,23.939962275442,0 79.9725611292117,23.939961124804,0 79.9725633724734,23.9399598619978,0 79.9725655389803,23.9399584906439,0 79.9725676225209,23.9399570146737,0 79.9725696171221,23.9399554383189,0 79.9725715170654,23.9399537660987,0 79.9725925170657,23.939934266094,0 79.9725942912213,23.9399325293323,0 79.9725959632517,23.9399307089879,0 79.9725975285033,23.9399288101277,0 79.9725989826192,23.9399268380369,0 79.9726003215521,23.9399247982044,0 79.9726015415754,23.9399226963079,0 79.9726026392932,23.9399205381978,0 79.9726036116503,23.9399183298807,0 79.9726044559401,23.9399160775034,0 79.9726051698128,23.939913787335,0 79.9726057512813,23.9399114657498,0 79.9726061987273,23.9399091192097,0 79.9726065109053,23.939906754246,0 79.9726066869464,23.9399043774411,0 79.9726067263608,23.9399019954107,0 79.9726066290385,23.9398996147848,0 79.9726063952507,23.9398972421894,0 79.9726060256479,23.9398948842285,0 79.972605521259,23.9398925474651,0 79.9726048834877,23.9398902384032,0 79.9726041141094,23.9398879634699,0 79.9726032152655,23.939885728997,0 79.9726021894577,23.9398835412039,0 79.9725945894534,23.9398684412059,0 79.9725934492715,23.9398663231253,0 79.9725921900913,23.9398642627697,0 79.9725908153615,23.9398622657821,0 79.9725893288472,23.9398603376317,0 79.9725877346196,23.9398584835995,0 79.972586037045,23.9398567087631,0 79.9725842407727,23.9398550179834,0 79.9725823507223,23.9398534158912,0 79.9725803720702,23.9398519068742,0 79.9725783102355,23.9398504950653,0 79.9725761708652,23.9398491843312,0 79.9725739598185,23.9398479782615,0 79.9725716831511,23.9398468801597,0 79.9725693470982,23.939845893033,0 79.9725669580577,23.939845019585,0 79.9725527580616,23.9398402195866,0 79.972550140403,23.939839410755,0 79.9725474774331,23.9398387383881,0 79.9725447775661,23.9398382046105,0 79.9725420493327,23.9398378111089,0 79.9725333568983,23.9398367865267,0 79.9726019996329,23.939771763231,0 79.9726217395122,23.9397730811758,0 79.9726081003424,23.9397844471478,0 79.9726062252179,23.9397860947182,0 79.9726044473238,23.9397878309613,0 79.9726027716167,23.9397896510364,0 79.9726012027684,23.9397915498692,0 79.972599745153,23.9397935221658,0 79.9725984028342,23.9397955624274,0 79.9725971795544,23.9397976649658,0 79.9725960787241,23.9397998239192,0 79.9725951034124,23.9398020332685,0 79.9725942563384,23.9398042868539,0 79.9725935398638,23.9398065783927,0 79.9725929559862,23.9398089014959,0 79.9725925063332,23.9398112496868,0 79.9725921921587,23.9398136164187,0 79.9725920143385,23.9398159950932,0 79.9725919733683,23.9398183790786,0 79.9725920693625,23.9398207617283,0 79.9725923020534,23.9398231363997,0 79.9725926707922,23.939825496472,0 79.9725931745509,23.9398278353654,0 79.9725938119251,23.9398301465593,0 79.9725945811378,23.93983242361,0 79.9725954800444,23.939834660169,0 79.9725965061388,23.939836850001,0 79.9725976565603,23.9398389870007,0 79.9725989281015,23.9398410652101,0 79.9726003172174,23.9398430788353,0 79.9726018200351,23.9398450222622,0 79.9726034323649,23.9398468900728,0 79.9726051497115,23.9398486770594,0 79.9726069672871,23.93985037824,0 79.9726088800242,23.9398519888718,0 79.9726108825902,23.9398535044643,0 79.972612969402,23.939854920792,0 79.9726151346414,23.9398562339064,0 79.9726173722721,23.9398574401463,0 79.9726196760553,23.9398585361489,0 79.972631576058,23.9398638361507,0 79.9726342722323,23.9398649462444,0 79.9726370361275,23.939865905381,0 79.9726427361291,23.9398677053816,0 79.9726451873568,23.9398684141433,0 79.9726476755512,23.9398690041367,0 79.9726501939052,23.9398694737479,0 79.9726527355294,23.9398698216921,0 79.9726552934707,23.9398700470175,0 79.9726578607311,23.9398701491075,0 79.9726604302876,23.939870127683,0 79.9726629951105,23.9398699828026,0 79.9726655481833,23.9398697148625,0 79.9726680825215,23.9398693245959,0 79.9726705911918,23.9398688130703,0 79.9726712491924,23.9398686452882,0 79.972681865678,23.9398743618575,0 79.9726841915661,23.9398755378632,0 79.9726865831683,23.9398765966852,0 79.9726890335021,23.9398775352324,0 79.9727545335196,23.9399007352404,0 79.9727570631989,23.9399015590449,0 79.9727596380474,23.939902254657,0 79.9727622503816,23.9399028200009,0 79.9727648924061,23.9399032533896,0 79.9727865924133,23.9399062533908,0 79.9727889369493,23.9399065246997,0 79.9727912929671,23.9399066920774,0 79.9727936550161,23.9399067551367,0 79.9727960176319,23.9399067137317,0 79.9727983753486,23.9399065679582,0 79.9727998849628,23.9399064073061,0 79.9727982323515,23.9399101276008,0 79.9727977856999,23.9399100975726,0 79.9727953854733,23.9399100443041,0 79.9727929852814,23.9399100988772,0 79.9727905908563,23.9399102611617,0 79.9727882079165,23.9399105307699,0 79.972785842153,23.9399109070579,0 79.9727666421594,23.939914407057,0 79.9727641020655,23.9399149347669,0 79.9727615959629,23.9399155854429,0 79.9727591308928,23.939916357257,0 79.9727567137815,23.9399172480405,0 79.97275435142,23.9399182552906,0 79.972752050446,23.9399193761773,0 79.9727498173244,23.9399206075513,0 79.9727476583296,23.9399219459527,0 79.9727455795276,23.9399233876212,0 79.9727435867592,23.9399249285061,0 79.9727416856234,23.9399265642779,0 79.9727398814619,23.9399282903408,0 79.9727381793437,23.9399301018451,0 79.9727365840512,23.9399319937009,0 79.9727351000667,23.9399339605928,0 79.9727337315597,23.9399359969945,0 79.9727324823753,23.9399380971843,0 79.9727313560233,23.9399402552615,0 79.9727303556684,23.9399424651624,0 79.9727294841212,23.9399447206779,0 79.9727287438306,23.9399470154709,0 79.9727281368765,23.9399493430937,0 79.9727276649642,23.9399516970064,0 79.9727273294198,23.9399540705953,0 79.9727271311859,23.9399564571913,0 79.9727270749278,23.939958687242,0 79.9727268197881,23.9399587220751,0 79.9727243144277,23.939959187648,0 79.972721838803,23.9399597723536,0 79.9727193996151,23.9399604746092,0 79.9727170034663,23.939961292514,0 79.9727146568427,23.9399622238541,0 79.9727123660959,23.9399632661084,0 79.9727101374266,23.9399644164559,0 79.9727079768674,23.9399656717828,0 79.9727058902664,23.9399670286911,0 79.9727038832717,23.939968483508,0 79.9727019613158,23.9399700322955,0 79.9727001296011,23.9399716708615,0 79.9726983930857,23.9399733947706,0 79.9726967564699,23.9399751993565,0 79.9726952241838,23.9399770797347,0 79.9726938003749,23.9399790308153,0 79.9726924888972,23.9399810473171,0 79.9726912933007,23.9399831237818,0 79.9726902168216,23.9399852545889,0 79.9726892623737,23.9399874339707,0 79.9726884325405,23.939989656028,0 79.9726877295682,23.9399919147462,0 79.9726871553597,23.9399942040114,0 79.9726867114692,23.9399965176269,0 79.9726863990982,23.9399988493304,0 79.9726862190923,23.9400011928102,0 79.9726861719387,23.9400035417232,0 79.972686257765,23.9400058897112,0 79.9726864763391,23.9400082304186,0 79.9726868270691,23.9400105575098,0 79.9726871031894,23.9400118793806,0 79.9726856935515,23.9400109196591,0</coordinates></LinearRing></innerBoundaryIs><innerBoundaryIs><LinearRing><coordinates>79.9726974492612,23.9397417450823,0 79.9726980751012,23.9397394306913,0 79.972698567129,23.9397370891594,0 79.9726989239722,23.9397347270177,0 79.9726991446355,23.9397323508546,0 79.9726992285033,23.9397299672978,0 79.9726991753419,23.9397275829955,0 79.9726989852995,23.9397252045979,0 79.9726986589061,23.939722838739,0 79.9726977154695,23.9397171982072,0 79.9726993565946,23.9397179827517,0 79.972701651876,23.9397189458148,0 79.9727039979253,23.9397197992989,0 79.9727063885546,23.939720540953,0 79.9727088174586,23.9397211688208,0 79.9727112782308,23.9397216812463,0 79.9727137643809,23.9397220768781,0 79.9727162693516,23.9397223546725,0 79.9727187865358,23.9397225138969,0 79.9727213092943,23.9397225541313,0 79.9727238309734,23.9397224752696,0 79.9727263449218,23.9397222775199,0 79.972728844509,23.9397219614036,0 79.9727313231422,23.9397215277546,0 79.9727337742839,23.9397209777166,0 79.9727926743026,23.9397062777123,0 79.9727947054457,23.9397057273245,0 79.9728302985377,23.9396953111156,0 79.9728469086516,23.9397146591663,0 79.9728441725052,23.9397216144012,0 79.9728012170739,23.9397983080661,0 79.9727944765045,23.9398030959357,0 79.9727496597613,23.9397897473473,0 79.9727497267004,23.9397880722034,0 79.9727496859545,23.9397857017019,0 79.9727495099015,23.9397833364332,0 79.9727491990265,23.9397809829171,0 79.9727487541865,23.9397786476413,0 79.9727481766078,23.939776337043,0 79.9727474678825,23.9397740574915,0 79.9727466299642,23.9397718152704,0 79.9727456651627,23.9397696165605,0 79.9727445761374,23.9397674674227,0 79.9727433658905,23.939765373781,0 79.9727420377577,23.9397633414067,0 79.9727405954004,23.9397613759021,0 79.9727390427944,23.9397594826852,0 79.9727373842195,23.9397576669747,0 79.9727356242476,23.9397559337757,0 79.9727337677302,23.9397542878657,0 79.9727318197848,23.9397527337819,0 79.972729785781,23.939751275808,0 79.9727276713256,23.9397499179631,0 79.9727254822472,23.93974866399,0 79.97272322458,23.9397475173455,0 79.9727209045474,23.9397464811902,0 79.9727185285446,23.9397455583804,0 79.9727161031211,23.9397447514599,0 79.9727136349628,23.9397440626528,0 79.9727111308733,23.939743493858,0 79.9727085977549,23.9397430466433,0 79.9727060425906,23.9397427222416,0 79.9727034724235,23.9397425215469,0 79.9727008943385,23.9397424451127,0 79.9726983154422,23.9397424931495,0 79.972697175293,23.9397425695445,0 79.9726974492612,23.9397417450823,0</coordinates></LinearRing></innerBoundaryIs><innerBoundaryIs><LinearRing><coordinates>79.9724344605527,23.9398707218365,0 79.9724343766194,23.9398714916705,0 79.9724281640551,23.9398741645173,0 79.9724079587036,23.9398756973367,0 79.9724053967013,23.9398759540347,0 79.9724028528695,23.9398763338617,0 79.9724003342082,23.9398768357724,0 79.9723978476479,23.9398774583857,0 79.9723954000311,23.9398781999883,0 79.972392998093,23.9398790585397,0 79.972390648443,23.9398800316771,0 79.9723896420071,23.9398805083592,0 79.9723890021626,23.9398786643229,0 79.9723880988537,23.9398764639674,0 79.9723870721294,23.939874309822,0 79.9723859247748,23.9398722077299,0 79.972384659902,23.939870163393,0 79.9723832809421,23.9398681823564,0 79.9723817916355,23.9398662699938,0 79.9723801960218,23.9398644314924,0 79.9723784984293,23.9398626718392,0 79.9723767034626,23.9398609958072,0 79.9723748159904,23.9398594079425,0 79.9723728411327,23.9398579125524,0 79.9723707842462,23.9398565136929,0 79.9723686509102,23.9398552151586,0 79.9723667858735,23.9398542042076,0 79.9723685651187,23.9398528527784,0 79.9723704370491,23.9398512743856,0 79.9723722177113,23.9398496091699,0 79.9723739023446,23.9398478615835,0 79.972375486445,23.9398460362986,0 79.9723769657772,23.9398441381953,0 79.9723783363862,23.9398421723484,0 79.972379456859,23.9398403660732,0 79.9724010721136,23.9398578219164,0 79.9724030318414,23.9398593234794,0 79.972405073739,23.9398607295087,0 79.9724071922995,23.9398620362124,0 79.9724093818093,23.9398632400664,0 79.9724116363637,23.9398643378241,0 79.9724139498822,23.9398653265247,0 79.9724163161256,23.9398662035021,0 79.9724187287122,23.9398669663909,0 79.9724211811357,23.9398676131339,0 79.9724236667819,23.9398681419866,0 79.9724261789474,23.939868551523,0 79.9724287108571,23.9398688406386,0 79.9724346848701,23.9398693784459,0 79.9724344605527,23.9398707218365,0</coordinates></LinearRing></innerBoundaryIs><innerBoundaryIs><LinearRing><coordinates>79.9722374608056,23.9399283565968,0 79.9722396158046,23.9399296166519,0 79.9722418391391,23.9399307720677,0 79.9722441248002,23.9399318197214,0 79.9722461833029,23.9399326434178,0 79.9722463020917,23.9399341787005,0 79.9722466176523,23.9399365200554,0 79.9722470658307,23.9399388430662,0 79.9722476454035,23.9399411413917,0 79.9722483547886,23.939943408758,0 79.9722491920496,23.9399456389758,0 79.9722501549009,23.9399478259572,0 79.9722512407142,23.9399499637321,0 79.9722524465255,23.9399520464651,0 79.9722537690433,23.9399540684708,0 79.9722546018945,23.9399552030766,0 79.9722539699709,23.9399565344142,0 79.9722530655415,23.9399587498605,0 79.9722522886216,23.939961005811,0 79.9722516413449,23.9399632960707,0 79.9722512473458,23.9399650667192,0 79.9722510298071,23.9399649791948,0 79.9722486503874,23.9399641539039,0 79.9722462276902,23.9399634428898,0 79.9722437682076,23.9399628480578,0 79.97224127853,23.9399623710019,0 79.9722387653291,23.9399620130005,0 79.9722362353393,23.9399617750127,0 79.97223369534,23.9399616576765,0 79.9722322414839,23.9399616597514,0 79.9722321624712,23.9399603802587,0 79.9722318889328,23.9399580666273,0 79.9722314860665,23.9399557690218,0 79.9722309549426,23.9399534935451,0 79.9722302969717,23.9399512462414,0 79.9722295139018,23.9399490330799,0 79.9722286078125,23.9399468599392,0 79.9722275811109,23.9399447325917,0 79.972226436524,23.939942656688,0 79.9722254234776,23.939941032713,0 79.9722368846682,23.9399279796866,0 79.9722374608056,23.9399283565968,0</coordinates></LinearRing></innerBoundaryIs><innerBoundaryIs><LinearRing><coordinates>79.9724003707355,23.9401690380298,0 79.9724001852437,23.940168980067,0 79.972399921713,23.9401689116972,0 79.9724000928917,23.9401686603357,0 79.9724003707355,23.9401690380298,0</coordinates></LinearRing></innerBoundaryIs><innerBoundaryIs><LinearRing><coordinates>79.9727264578349,23.9404421216656,0 79.9727253474147,23.9404442796058,0 79.9727243626199,23.9404464884651,0 79.9727235062025,23.9404487420705,0 79.9727227805561,23.9404510341242,0 79.9727221877084,23.9404533582207,0 79.9727217293163,23.940455707865,0 79.9727214066608,23.9404580764907,0 79.9727212206436,23.9404604574785,0 79.9727211717846,23.9404628441744,0 79.9727212602203,23.9404652299085,0 79.9727214857036,23.9404676080136,0 79.9727218476043,23.9404699718437,0 79.9727223449111,23.9404723147928,0 79.9727229762343,23.9404746303134,0 79.9727237398094,23.9404769119343,0 79.9727246335027,23.9404791532794,0 79.9727256548165,23.9404813480849,0 79.9727268008967,23.9404834902172,0 79.9727280685405,23.9404855736897,0 79.9727294542052,23.9404875926801,0 79.9727309540185,23.940489541546,0 79.972732563789,23.940491414841,0 79.9727342790179,23.9404932073299,0 79.9727360949119,23.9404949140036,0 79.9727380063962,23.9404965300924,0 79.972740008129,23.9404980510799,0 79.972742094516,23.9404994727157,0 79.9727442597268,23.9405007910268,0 79.9727464977103,23.9405020023289,0 79.9727488022123,23.940503103237,0 79.9727511667925,23.9405040906744,0 79.9727535848428,23.9405049618816,0 79.9727560496057,23.940505714424,0 79.972758554193,23.9405063461983,0 79.9727598689155,23.9405066100539,0 79.9727575302612,23.9405116229036,0 79.9727499490055,23.9405198821548,0 79.97274830842,23.9405217696799,0 79.9727467800149,23.940523735148,0 79.9727453681651,23.9405257729333,0 79.9727440769118,23.9405278772029,0 79.972742909951,23.9405300419336,0 79.9727418706231,23.9405322609292,0 79.9727409619029,23.940534527838,0 79.9727401863915,23.9405368361714,0 79.9727395463088,23.9405391793222,0 79.9727390434869,23.9405415505832,0 79.9727386793651,23.9405439431673,0 79.9727384549856,23.9405463502258,0 79.9727383709907,23.940548764869,0 79.9727384276208,23.9405511801852,0 79.9727386247138,23.940553589261,0 79.9727389617056,23.9405559852006,0 79.9727394376316,23.9405583611462,0 79.9727397578621,23.9405595873434,0 79.9727375352309,23.940559706846,0 79.9727349535002,23.9405599720797,0 79.9727323906323,23.9405603623696,0 79.9727298537927,23.9405608766244,0 79.9727273500743,23.9405615134062,0 79.9727248864772,23.9405622709348,0 79.9727226417743,23.9405630847735,0 79.9727223970789,23.9405624338101,0 79.9727214228352,23.9405602266444,0 79.9727203233205,23.9405580697658,0 79.9727191015941,23.9405559691756,0 79.9727177610554,23.9405539307185,0 79.9727163054342,23.9405519600661,0 79.9727147387807,23.9405500627017,0 79.9727130654539,23.9405482439044,0 79.9727112901096,23.9405465087348,0 79.9727094176875,23.9405448620209,0 79.9727074533974,23.9405433083444,0 79.9727054027048,23.9405418520283,0 79.9727032713155,23.9405404971245,0 79.9727010651599,23.9405392474031,0 79.9726987903762,23.9405381063411,0 79.9726970903765,23.9405373063413,0 79.9726944841962,23.9405361674169,0 79.9726918097577,23.9405351710956,0 79.9726749246313,23.9405294054437,0 79.9726709242945,23.9405223388631,0 79.9726725544588,23.940515295311,0 79.9726730144607,23.9405130235976,0 79.9726733474222,23.9405107332302,0 79.9726735524715,23.9405084302066,0 79.9726736290716,23.9405061205573,0 79.972673577022,23.9405038103306,0 79.9726733964589,23.9405015055759,0 79.9726730878552,23.9404992123284,0 79.972672652019,23.9404969365934,0 79.9726720900916,23.94049468433,0 79.9726714035445,23.9404924614361,0 79.9726705941754,23.9404902737325,0 79.9726696641039,23.940488126948,0 79.9726686157653,23.9404860267042,0 79.9726674519049,23.9404839785007,0 79.9726661755703,23.940481987701,0 79.9726647901039,23.9404800595183,0 79.9726632991336,23.9404781990016,0 79.9726617065637,23.940476411023,0 79.9726600165644,23.9404747002644,0 79.9726473544142,23.9404625236895,0 79.9726473873332,23.9404625373422,0 79.972649815213,23.9404634050416,0 79.9726522897187,23.9404641532438,0 79.9726548038936,23.9404647798452,0 79.9726573506695,23.9404652830844,0 79.9726599228863,23.9404656615465,0 79.9726625133127,23.9404659141675,0 79.972665114666,23.9404660402372,0 79.9726677196328,23.9404660394012,0 79.9726703208897,23.9404659116618,0 79.9726729111235,23.9404656573781,0 79.9726754830521,23.9404652772651,0 79.972678029445,23.9404647723913,0 79.9726805431432,23.9404641441762,0 79.9726830170798,23.9404633943859,0 79.9726854442997,23.9404625251283,0 79.9726878179791,23.9404615388472,0 79.9726901314447,23.9404604383155,0 79.9727256314526,23.9404424383104,0 79.9727265668882,23.9404419358336,0 79.9727264578349,23.9404421216656,0</coordinates></LinearRing></innerBoundaryIs><innerBoundaryIs><LinearRing><coordinates>79.9728446701695,23.9406283457508,0 79.9728471337281,23.9406276193855,0 79.9728495522678,23.9406267748293,0 79.9728519190815,23.9406258144244,0 79.9728542276056,23.9406247408341,0 79.9728564714383,23.9406235570356,0 79.9728586443569,23.9406222663119,0 79.9728607403356,23.9406208722423,0 79.972862753562,23.9406193786928,0 79.9728646784528,23.9406177898053,0 79.9728665096702,23.9406161099861,0 79.9728682421358,23.9406143438935,0 79.9728698710453,23.9406124964253,0 79.9728713918813,23.9406105727049,0 79.9728719212469,23.9406098230712,0 79.9728719765496,23.9406101470575,0 79.9728724979601,23.940612426649,0 79.9728731465796,23.9406146784935,0 79.9728739206819,23.9406168965985,0 79.972874818207,23.9406190750613,0 79.9728758367665,23.9406212080846,0 79.9728765278534,23.9406224736314,0 79.9728751040583,23.9406238788933,0 79.9728734927901,23.9406256413383,0 79.9728510680766,23.9406514796479,0 79.9728496480379,23.9406496085355,0 79.9728480735088,23.9406477487409,0 79.9728463955622,23.9406459669754,0 79.9728446187681,23.9406442680914,0 79.9728427479653,23.9406426567158,0 79.9728417425671,23.9406418771738,0 79.9728423582865,23.9406400161676,0 79.9728429707313,23.9406377502616,0 79.9728434549305,23.9406354582891,0 79.9728438095894,23.9406331463775,0 79.97284403376,23.9406308207076,0 79.972844126843,23.9406284874967,0 79.9728441266782,23.9406284774359,0 79.9728446701695,23.9406283457508,0</coordinates></LinearRing></innerBoundaryIs><innerBoundaryIs><LinearRing><coordinates>79.9728791643224,23.9405765620952,0 79.9728786141138,23.9405742385503,0 79.9728779315859,23.9405719448486,0 79.9728771186314,23.9405696873512,0 79.9728761775048,23.9405674723184,0 79.972875110816,23.9405653058928,0 79.9728739215231,23.9405631940823,0 79.9728647274733,23.9405478706774,0 79.972867675944,23.9405421095162,0 79.9728904076816,23.9405109450235,0 79.9728917983476,23.9405089248241,0 79.9728930707414,23.9405068398111,0 79.9728942212968,23.9405046958283,0 79.9728952467889,23.940502498885,0 79.9728959633389,23.9405007076222,0 79.9729006303546,23.9404968757557,0 79.9729024992273,23.9404952586796,0 79.9729042736632,23.9404935541009,0 79.9729059488189,23.9404917666724,0 79.9729075201223,23.9404899012725,0 79.9729089832846,23.940487962993,0 79.9729103343121,23.9404859571241,0 79.9729115695174,23.9404838891408,0 79.9729126855288,23.9404817646876,0 79.9729127735712,23.9404815719842,0 79.9729137995528,23.9404817529534,0 79.9729163330087,23.9404820752545,0 79.9729188812806,23.9404822759402,0 79.9729210627141,23.9404823429545,0 79.9729198540779,23.9404835238026,0 79.9729182048847,23.9404853127085,0 79.9729166589459,23.9404871778849,0 79.9729152204298,23.9404891143028,0 79.9729138932149,23.9404911167411,0 79.9729126808799,23.9404931798005,0 79.9729115866935,23.9404952979185,0 79.9729106136059,23.9404974653842,0 79.972909764241,23.9404996763533,0 79.9729090408888,23.9405019248645,0 79.9729084454997,23.9405042048551,0 79.972907979679,23.9405065101777,0 79.9729076446827,23.9405088346165,0 79.9729074414142,23.9405111719042,0 79.9729073704214,23.9405135157387,0 79.9729074318957,23.9405158598004,0 79.9729076256715,23.9405181977691,0 79.9729079512263,23.9405205233409,0 79.9729084076822,23.9405228302454,0 79.9729089938087,23.9405251122626,0 79.9729097080252,23.9405273632396,0 79.9729105484061,23.940529577107,0 79.9729115126855,23.9405317478956,0 79.9729118007547,23.940532310952,0 79.972910904661,23.940533625326,0 79.9729096632402,23.9405356757914,0 79.9729085393878,23.9405377827614,0 79.9729075361388,23.9405399405463,0 79.9729066562024,23.9405421433191,0 79.9729059019548,23.9405443851313,0 79.9729052754328,23.9405466599291,0 79.9729047783283,23.9405489615695,0 79.9729044119837,23.9405512838371,0 79.9729041773883,23.9405536204607,0 79.9729041622812,23.9405539670062,0 79.9729031859106,23.9405546371621,0 79.9729012138314,23.94055614428,0 79.972899330011,23.9405577439341,0 79.9728860300114,23.9405696439312,0 79.9728842601857,23.9405713113102,0 79.9728825862676,23.9405730603568,0 79.9728810127118,23.9405748864163,0 79.9728795437056,23.9405767846295,0 79.9728792731382,23.9405771754651,0 79.9728791643224,23.9405765620952,0</coordinates></LinearRing></innerBoundaryIs><innerBoundaryIs><LinearRing><coordinates>79.970623515297,23.9398115435691,0 79.9706218180169,23.9398097929705,0 79.9706200241547,23.9398081257117,0 79.9706181385475,23.9398065462885,0 79.9706161662796,23.9398050589598,0 79.9706141126694,23.9398036677361,0 79.9706119832543,23.9398023763687,0 79.9706097837761,23.9398011883398,0 79.9706075201658,23.9398001068529,0 79.9706051985271,23.9397991348242,0 79.9706028251201,23.9397982748747,0 79.9706004063448,23.9397975293232,0 79.9705979487233,23.9397969001802,0 79.9705954588823,23.939796389142,0 79.9705929435359,23.9397959975867,0 79.9705904094664,23.93979572657,0 79.9705878635069,23.9397955768228,0 79.9705867473716,23.9397955645396,0 79.9705834277116,23.9397825745832,0 79.9705830290625,23.9397811781371,0 79.9705836095954,23.9397812147788,0 79.9705861638898,23.9397812536596,0 79.97058871693,23.9397811704528,0 79.9705912618129,23.9397809653832,0 79.9705937916576,23.9397806390053,0 79.9705962996238,23.9397801922017,0 79.9705987789305,23.9397796261803,0 79.9706001195638,23.9397792511296,0 79.9706011141051,23.939781214502,0 79.9706023082702,23.9397832841128,0 79.9706036176074,23.9397852940161,0 79.9706050385926,23.9397872388023,0 79.9706065674012,23.9397891132371,0 79.9706081999186,23.9397909122756,0 79.9706099317509,23.9397926310757,0 79.9706117582371,23.9397942650114,0 79.970613674461,23.939795809685,0 79.9706156752655,23.9397972609391,0 79.9706177552653,23.9397986148677,0 79.9706199088623,23.9397998678267,0 79.9706221302601,23.9398010164439,0 79.9706244134799,23.9398020576278,0 79.9706267523767,23.9398029885762,0 79.9706291406552,23.9398038067833,0 79.9706296456962,23.9398039528726,0 79.9706271846193,23.9398072256334,0 79.970625785291,23.939809194152,0 79.9706244993514,23.9398112269536,0 79.9706240072519,23.9398121073689,0 79.970623515297,23.9398115435691,0</coordinates></LinearRing></innerBoundaryIs><innerBoundaryIs><LinearRing><coordinates>79.9699038304736,23.9390389711484,0 79.9699050070928,23.939041052625,0 79.9699062997233,23.9390430751349,0 79.9699077048773,23.9390450332205,0 79.969909218763,23.9390469215982,0 79.969926008655,23.9390667642111,0 79.9699251600839,23.9390668323353,0 79.969922642059,23.9390671558416,0 79.969920145615,23.939067598647,0 79.969917677438,23.9390681595656,0 79.9699152441383,23.9390688370951,0 79.9699128522327,23.939069629421,0 79.9699105081274,23.9390705344211,0 79.9699082181004,23.9390715496718,0 79.9699059882849,23.939072672454,0 79.9699038246527,23.9390738997606,0 79.9699017329986,23.9390752283045,0 79.9698997189245,23.9390766545278,0 79.969891656364,23.9390826757499,0 79.9698914062934,23.9390754237824,0 79.9699001931877,23.9390403464502,0 79.969902861955,23.9390370158284,0 79.9699038304736,23.9390389711484,0</coordinates></LinearRing></innerBoundaryIs></Polygon>
  </Placemark>
  
    </Document>
</kml>