<?xml version="1.0" encoding="UTF-8"?>
<kml xmlns="http://www.opengis.net/kml/2.2">
    <Document>
        <Placemark xmlns:ns0="http://www.opengis.net/kml/2.2">
	<Style><LineStyle><color>ff0000ff</color></LineStyle><PolyStyle><fill>0</fill></PolyStyle></Style>
	<ExtendedData><SchemaData schemaUrl="#Wave23_v27MAR2025">
		<SimpleData name="area(ha)">6.600753958977364</SimpleData>
		<SimpleData name="site_id">230084_1.6</SimpleData>
		<SimpleData name="Land_parc">230084</SimpleData>
		<SimpleData name="district">Damoh</SimpleData>
		<SimpleData name="block">Batiyagarh</SimpleData>
		<SimpleData name="village">Daha</SimpleData>
		<SimpleData name="Land Type">Community</SimpleData>
		<SimpleData name="Instance">Wave 2023</SimpleData>
	</SchemaData></ExtendedData>
      <Polygon><outerBoundaryIs><LinearRing><coordinates>79.542472695262,24.2511265635778,0 79.542472955024,24.2511289186107,0 79.5424733490503,24.2511312579244,0 79.5424738762581,24.2511335750885,0 79.5424745351979,24.2511358637338,0 79.5424825351892,24.2511609637359,0 79.5424833478165,24.2511632796703,0 79.5424842953272,24.2511655521081,0 79.5424853749702,24.2511677744509,0 79.5424865836104,24.2511699402457,0 79.5424879177384,24.2511720432036,0 79.5424893734802,24.2511740772182,0 79.5424909466088,24.2511760363834,0 79.5424926325562,24.2511779150103,0 79.542494426427,24.251179707644,0 79.5424963230123,24.251181409079,0 79.542498316805,24.2511830143751,0 79.5425004020157,24.2511845188708,0 79.5425025725895,24.2511859181976,0 79.5425048222238,24.2511872082922,0 79.5425071443863,24.2511883854086,0 79.5425076384695,24.2511886201541,0 79.5425077396752,24.2511901704954,0 79.5425080261328,24.2511925080489,0 79.54250844499,24.2511948287504,0 79.5425089951099,24.2511971263,0 79.5425096749989,24.251199394461,0 79.5425104828116,24.2512016270764,0 79.5425114163551,24.2512038180855,0 79.5425124730953,24.2512059615407,0 79.5425136501635,24.2512080516235,0 79.5425149443646,24.2512100826603,0 79.5425163521854,24.2512120491376,0 79.5425178698042,24.2512139457173,0 79.5425194931014,24.2512157672511,0 79.5425212176705,24.2512175087944,0 79.54252303883,24.2512191656194,0 79.5425249516363,24.2512207332288,0 79.5425269508969,24.2512222073671,0 79.5425290311848,24.2512235840327,0 79.5425311868528,24.2512248594886,0 79.5425334120493,24.2512260302725,0 79.5425357007339,24.2512270932061,0 79.5425380466937,24.2512280454041,0 79.5425404435605,24.2512288842817,0 79.5425920629328,24.2512455513558,0 79.5425984551185,24.251252243847,0 79.5426002140655,24.2512539904285,0 79.5426020708453,24.2512556497006,0 79.5426040203098,24.2512572170628,0 79.5426060570541,24.2512586881695,0 79.542608175431,24.251260058942,0 79.5426103695673,24.2512613255797,0 79.5426126333795,24.2512624845707,0 79.5426149605911,24.2512635327017,0 79.5426173447497,24.2512644670666,0 79.542619779245,24.2512652850749,0 79.5426222573273,24.2512659844585,0 79.5426247721258,24.2512665632784,0 79.5426273166682,24.2512670199297,0 79.5426298838995,24.2512673531464,0 79.5426301195246,24.2512673722002,0 79.5426281375456,24.2512685256866,0 79.5426260475582,24.2512698869292,0 79.5426240376733,24.2512713460571,0 79.5426221133388,24.2512728991153,0 79.5426202797706,24.2512745418943,0 79.5426185419386,24.2512762699411,0 79.5426169045533,24.251278078572,0 79.5426153720529,24.2512799628845,0 79.5426139485912,24.2512819177713,0 79.5426126380265,24.2512839379335,0 79.5426114439113,24.2512860178955,0 79.5426103694821,24.2512881520194,0 79.5426094176512,24.2512903345207,0 79.5426085909986,24.2512925594837,0 79.542607891765,24.2512948208776,0 79.5426073218457,24.2512971125727,0 79.5426068827854,24.2512994283574,0 79.5426065757742,24.2513017619547,0 79.5426064016444,24.2513041070394,0 79.5426063608678,24.251306457255,0 79.5426064535551,24.2513088062313,0 79.5426066794549,24.2513111476012,0 79.5426070379551,24.2513134750184,0 79.5426075280839,24.2513157821744,0 79.5426081485127,24.2513180628156,0 79.54260889756,24.2513203107603,0 79.5426097731954,24.2513225199154,0 79.5426107730454,24.2513246842929,0 79.5426118944001,24.2513267980261,0 79.5426131342198,24.2513288553859,0 79.5426144891441,24.2513308507955,0 79.5426159555004,24.2513327788465,0 79.5426175293141,24.2513346343129,0 79.5426192063194,24.2513364121652,0 79.5426527063169,24.251370112173,0 79.5426545362998,24.251371856759,0 79.5426564656288,24.2513735089171,0 79.5426728438782,24.2513867986997,0 79.5426765845459,24.2513902276461,0 79.5426783945251,24.2513918047164,0 79.5426789835792,24.2513922682017,0 79.5426579825496,24.2514355858224,0 79.5426570791104,24.2514373174131,0 79.5426560211101,24.2514394905987,0 79.5426550894782,24.2514417118805,0 79.5426542868034,24.2514439750864,0 79.5426536153159,24.2514462739279,0 79.5426530768817,24.2514486020174,0 79.5426526729968,24.2514509528859,0 79.5426524047835,24.2514533200013,0 79.542652272987,24.2514556967864,0 79.5426522779735,24.2514580766368,0 79.5426524197292,24.25146045294,0 79.5426526978603,24.2514628190931,0 79.5426531115939,24.2514651685215,0 79.5426536597804,24.251467494697,0 79.5426543408967,24.251469791156,0 79.5426551530501,24.2514720515175,0 79.542656093984,24.251474269501,0 79.542657161084,24.2514764389434,0 79.5426583513849,24.2514785538166,0 79.5426596615794,24.2514806082444,0 79.5426610880269,24.2514825965181,0 79.5426626267639,24.2514845131131,0 79.5426642735149,24.2514863527041,0 79.5426660237041,24.2514881101793,0 79.5426678724685,24.2514897806555,0 79.542669814671,24.251491359491,0 79.542671844915,24.2514928422989,0 79.5426739575593,24.251494224959,0 79.5426761467335,24.2514955036295,0 79.5426784063549,24.2514966747573,0 79.5426807301447,24.2514977350883,0 79.542683111646,24.2514986816764,0 79.5426855442416,24.2514995118912,0 79.5426880211723,24.251500223426,0 79.5426905355555,24.2515008143036,0 79.5426930804047,24.2515012828823,0 79.5426956486488,24.25150162786,0 79.5426982331516,24.2515018482781,0 79.5427261052562,24.2515035474039,0 79.5427051995376,24.2515224764472,0 79.542703407477,24.2515241866066,0 79.5427017158338,24.2515259806855,0 79.5427001292759,24.2515278537333,0 79.542698652181,24.2515298005819,0 79.5426972886249,24.2515318158592,0 79.5426960423699,24.2515338940047,0 79.542694916855,24.2515360292841,0 79.5426939151856,24.2515382158054,0 79.5426930401258,24.2515404475356,0 79.54269229409,24.2515427183165,0 79.5426916791369,24.2515450218824,0 79.5426911969631,24.2515473518773,0 79.5426908488993,24.2515497018717,0 79.5426906359058,24.2515520653816,0 79.5426905585704,24.2515544358853,0 79.5426906171064,24.2515568068418,0 79.5426908113524,24.251559171709,0 79.5426911407722,24.2515615239616,0 79.5426916044571,24.2515638571089,0 79.5426922011276,24.2515661647132,0 79.5426929291372,24.2515684404072,0 79.5426937864773,24.2515706779114,0 79.5426947707821,24.251572871052,0 79.5426958793356,24.2515750137775,0 79.5426971090792,24.2515771001754,0 79.5426984566195,24.2515791244887,0 79.5426999182382,24.2515810811319,0 79.5427014899025,24.2515829647059,0 79.5427031672755,24.2515847700135,0 79.542704945729,24.2515864920732,0 79.5427068203556,24.2515881261333,0 79.5427087859827,24.2515896676851,0 79.5427108371866,24.2515911124749,0 79.5427129683074,24.2515924565161,0 79.5427151734648,24.2515936961002,0 79.5427174465739,24.2515948278067,0 79.5427197813628,24.251595848513,0 79.542722171389,24.2515967554025,0 79.5427444514917,24.2516045876584,0 79.5427436286463,24.2516070438479,0 79.5427429356598,24.2516093236825,0 79.5427423739306,24.2516116336804,0 79.5427419450024,24.2516139674934,0 79.5427416500539,24.2516163187084,0 79.5427414898957,24.251618680864,0 79.5427414649678,24.251621047469,0 79.5427415753388,24.2516234120201,0 79.5427418207053,24.2516257680192,0 79.5427422003932,24.2516281089922,0 79.5427427133591,24.2516304285059,0 79.5427433581932,24.2516327201862,0 79.5427441331236,24.2516349777357,0 79.5427450360208,24.2516371949505,0 79.5427460644036,24.2516393657376,0 79.542747215446,24.2516414841316,0 79.5427484859848,24.2516435443113,0 79.5427498725287,24.2516455406151,0 79.5427513712675,24.2516474675572,0 79.5427529780824,24.2516493198423,0 79.542754688558,24.2516510923803,0 79.5427564979939,24.2516527803002,0 79.5427584014176,24.2516543789635,0 79.5427603935986,24.2516558839771,0 79.5427624690623,24.2516572912053,0 79.5427646221052,24.2516585967808,0 79.5427668468108,24.2516597971159,0 79.5427691370655,24.2516608889122,0 79.5427714865757,24.2516618691692,0 79.5427738888848,24.2516627351933,0 79.5427763373912,24.2516634846046,0 79.5427788253664,24.2516641153436,0 79.5427813459734,24.2516646256772,0 79.5427838922855,24.2516650142028,0 79.5427864573053,24.2516652798529,0 79.5427890339842,24.2516654218974,0 79.5427916152413,24.2516654399459,0 79.5427941939833,24.2516653339488,0 79.5427967631238,24.2516651041976,0 79.5427993156027,24.2516647513234,0 79.5428018444057,24.251664276296,0 79.5428043425836,24.2516636804209,0 79.5428068032713,24.2516629653354,0 79.542809219707,24.2516621330046,0 79.54281158525,24.2516611857159,0 79.5428138933999,24.2516601260723,0 79.5428161378138,24.2516589569859,0 79.542818312324,24.2516576816692,0 79.5428202047992,24.2516564389967,0 79.5428240431838,24.2516729251962,0 79.5428246561084,24.2516752534417,0 79.5428254028379,24.251677548609,0 79.5428262812709,24.2516798042387,0 79.5428272889349,24.2516820139826,0 79.5428284229943,24.2516841716219,0 79.5428296802572,24.2516862710841,0 79.5428310571855,24.2516883064606,0 79.5428325499038,24.2516902720232,0 79.5428341542113,24.2516921622401,0 79.5428358655928,24.2516939717915,0 79.5428376792319,24.2516956955849,0 79.5428395900244,24.2516973287688,0 79.5428415925927,24.2516988667469,0 79.5428436813009,24.2517003051907,0 79.5428458502705,24.251701640052,0 79.5428480933975,24.2517028675741,0 79.5428504043688,24.2517039843022,0 79.5428527766806,24.2517049870935,0 79.5428552036563,24.2517058731258,0 79.5428576784657,24.2517066399055,0 79.5428601941437,24.2517072852746,0 79.5428627436103,24.2517078074168,0 79.5428653196906,24.2517082048627,0 79.5428679151344,24.2517084764936,0 79.5428705226373,24.2517086215451,0 79.5428731348609,24.251708639609,0 79.5428757444535,24.2517085306345,0 79.5428783440708,24.2517082949282,0 79.5428809263965,24.2517079331534,0 79.5429021264037,24.2517044331526,0 79.5429046963902,24.251703943688,0 79.5429072342786,24.2517033293597,0 79.5429097328574,24.251702591913,0 79.5429121850272,24.2517017334434,0 79.5429145838203,24.2517007563903,0 79.5429169224205,24.2516996635299,0 79.5429191941828,24.2516984579674,0 79.5429213926522,24.2516971431285,0 79.5429235115817,24.2516957227492,0 79.5429255449506,24.2516942008655,0 79.5429274869811,24.2516925818016,0 79.5429293321551,24.2516908701582,0 79.5429310752295,24.2516890707986,0 79.5429327112516,24.2516871888359,0 79.5429342355726,24.2516852296173,0 79.5429356438612,24.2516831987101,0 79.5429369321159,24.2516811018849,0 79.5429380966762,24.2516789450997,0 79.542939134233,24.2516767344829,0 79.5429400418382,24.2516744763159,0 79.5429408169129,24.2516721770153,0 79.5429414572547,24.2516698431142,0 79.5429419610441,24.2516674812444,0 79.5429423268496,24.2516650981171,0 79.5429425536319,24.2516627005037,0 79.5429426407466,24.251660295217,0 79.5429425879461,24.2516578890915,0 79.5429408879333,24.2516245890914,0 79.5429407085997,24.2516223114546,0 79.5429404038866,24.2516200450451,0 79.5429399745736,24.2516177956612,0 79.542939421759,24.2516155690573,0 79.5429387468571,24.2516133709299,0 79.5429379515945,24.2516112069026,0 79.5429370380058,24.2516090825114,0 79.5429076046065,24.2515454083083,0 79.5428984163979,24.2515217370145,0 79.542929617919,24.2515507813987,0 79.5429314910138,24.2515524352791,0 79.5429334567249,24.251553996191,0 79.5429355095704,24.251555459781,0 79.542937643825,24.2515568219674,0 79.5429398535365,24.2515580789511,0 79.5429421325423,24.2515592272266,0 79.5429444744864,24.2515602635915,0 79.5429468728374,24.2515611851553,0 79.5429493209065,24.2515619893481,0 79.5429518118664,24.2515626739269,0 79.5429543387699,24.2515632369825,0 79.5429994387844,24.2515721369862,0 79.5430019290683,24.2515725672625,0 79.5430044401977,24.251572879506,0 79.5430069655222,24.25157307289,0 79.5430094983535,24.2515731469021,0 79.5430120319837,24.2515731013464,0 79.5430145597027,24.2515729363436,0 79.543017074816,24.2515726523306,0 79.5430195706625,24.2515722500596,0 79.5430220406323,24.251571730596,0 79.5430244781837,24.2515710953156,0 79.5430268768612,24.2515703459008,0 79.543029230312,24.2515694843364,0 79.5430315323032,24.2515685129042,0 79.5430317329618,24.251568416463,0 79.5430307671129,24.2515703892225,0 79.5430298406178,24.2515725801527,0 79.5430290397094,24.2515748123132,0 79.5430283665571,24.2515770796571,0 79.5430278229847,24.2515793760422,0 79.5430274104646,24.2515816952476,0 79.5430271301144,24.2515840309907,0 79.5430269826935,24.2515863769441,0 79.5430269686013,24.2515887267524,0 79.543027087876,24.2515910740503,0 79.5430273401944,24.2515934124788,0 79.5430277248731,24.2515957357032,0 79.54302824087,24.25159803743,0 79.5430288867872,24.2516003114238,0 79.543029660875,24.2516025515245,0 79.5430305610365,24.2516047516636,0 79.543031584833,24.2516069058809,0 79.5430327294911,24.2516090083409,0 79.5430339919101,24.2516110533478,0 79.54303536867,24.251613035362,0 79.5430368560412,24.251614949014,0 79.5430384499945,24.2516167891199,0 79.5430401462119,24.2516185506948,0 79.5430419400983,24.2516202289668,0 79.5430438267942,24.2516218193892,0 79.5430458011885,24.2516233176539,0 79.5430478579327,24.2516247197019,0 79.543049991455,24.2516260217351,0 79.5430521959759,24.2516272202264,0 79.5430544655232,24.2516283119291,0 79.5430567939488,24.2516292938857,0 79.5430591749451,24.2516301634362,0 79.543061602062,24.2516309182249,0 79.5430640687245,24.2516315562072,0 79.5430665682504,24.2516320756548,0 79.5430690938685,24.2516324751605,0 79.543071638737,24.251632753642,0 79.5430741959619,24.2516329103449,0 79.5430767586157,24.2516329448448,0 79.5430793197562,24.2516328570481,0 79.5430818724454,24.2516326471928,0 79.543084409768,24.2516323158472,0 79.5430869248505,24.2516318639091,0 79.5431260248636,24.251623863907,0 79.5431285484389,24.2516232829981,0 79.5431310350247,24.2516225806854,0 79.5431334776786,24.25162175893,0 79.5431358695808,24.251620820026,0 79.543138204053,24.2516197665949,0 79.5431404745776,24.2516186015778,0 79.5431426748152,24.2516173282275,0 79.5431447986227,24.2516159500991,0 79.5431468400707,24.2516144710403,0 79.5431487934593,24.2516128951807,0 79.5431506533348,24.2516112269199,0 79.5431524145044,24.2516094709159,0 79.5431540720511,24.2516076320712,0 79.5431556213468,24.2516057155199,0 79.5431570580661,24.2516037266131,0 79.5431583781977,24.2516016709036,0 79.5431595780558,24.251599554131,0 79.5431606542903,24.2515973822052,0 79.5431616038965,24.2515951611903,0 79.5431624242232,24.2515928972873,0 79.5431631129799,24.251590596817,0 79.5431636682437,24.2515882662021,0 79.5431640884643,24.2515859119499,0 79.5431643724685,24.2515835406332,0 79.5431645194633,24.2515811588727,0 79.5431645290384,24.2515787733183,0 79.543164401167,24.2515763906304,0 79.5431641362062,24.2515740174615,0 79.5431637348956,24.2515716604372,0 79.5431631983558,24.2515693261385,0 79.5431625280848,24.2515670210827,0 79.5431617259541,24.2515647517053,0 79.5431607942029,24.2515625243425,0 79.5431496860468,24.2515379337883,0 79.5431589433207,24.2515135401923,0 79.5431595871746,24.2515137623044,0 79.5431620758727,24.2515144852996,0 79.5431646028653,24.2515150863482,0 79.5431671610495,24.2515155637608,0 79.5431697432348,24.2515159161955,0 79.5431723421634,24.2515161426616,0 79.54317495053,24.2515162425227,0 79.5431775610033,24.251516215498,0 79.5431801662457,24.2515160616634,0 79.5431827589345,24.2515157814515,0 79.5431853317822,24.2515153756498,0 79.5431878775569,24.2515148453989,0 79.5431903891033,24.2515141921892,0 79.5431928593617,24.2515134178568,0 79.5431952813889,24.2515125245781,0 79.543197648377,24.2515115148641,0 79.543199953673,24.2515103915526,0 79.5432290536796,24.2514952915483,0 79.5432312371585,24.2514940891414,0 79.5432333499042,24.2514927848262,0 79.5432353862641,24.2514913820925,0 79.5432373407899,24.2514898846935,0 79.5432392082522,24.2514882966354,0 79.5432409836546,24.251486622167,0 79.5432426622468,24.2514848657685,0 79.543244239538,24.2514830321392,0 79.5432457113079,24.2514811261849,0 79.5432470736188,24.251479153005,0 79.5432483228259,24.2514771178789,0 79.5432494555869,24.2514750262516,0 79.543250468871,24.2514728837192,0 79.5432513599672,24.2514706960141,0 79.5432521264915,24.2514684689896,0 79.5432527663928,24.2514662086042,0 79.5432532779592,24.2514639209054,0 79.5432536598219,24.2514616120142,0 79.5432539109594,24.2514592881079,0 79.5432540306996,24.2514569554043,0 79.5432540187223,24.2514546201445,0 79.5432538750594,24.2514522885765,0 79.5432536000954,24.2514499669385,0 79.5432531945659,24.2514476614422,0 79.543252659556,24.2514453782557,0 79.543251996497,24.251443123488,0 79.543251207163,24.2514409031716,0 79.5432502936659,24.251438723247,0 79.5432492584498,24.2514365895467,0 79.5432481042844,24.2514345077795,0 79.5432470388251,24.2514328095699,0 79.5432472727791,24.2514315159166,0 79.5432475056945,24.2514296158085,0 79.5432494006751,24.2514305456514,0 79.5432517160847,24.2514315436024,0 79.5432540849029,24.2514324299425,0 79.5432565007349,24.2514332022789,0 79.5432589570588,24.2514338585265,0 79.5432614472436,24.2514343969137,0 79.5432639645668,24.2514348159871,0 79.5432665022327,24.2514351146155,0 79.5432690533905,24.2514352919925,0 79.5432716111532,24.2514353476394,0 79.5432741686158,24.2514352814059,0 79.5432767188743,24.2514350934709,0 79.5432792550439,24.2514347843416,0 79.543281770278,24.2514343548527,0 79.5432842577864,24.2514338061635,0 79.543286710854,24.2514331397553,0 79.5432891228584,24.2514323574271,0 79.5432914872883,24.251431461291,0 79.5432937977604,24.251430453766,0 79.5432960480376,24.2514293375722,0 79.543298232045,24.2514281157228,0 79.5433003438867,24.2514267915162,0 79.5433023778615,24.2514253685274,0 79.5433043284785,24.2514238505978,0 79.5433061904719,24.2514222418252,0 79.5433079588149,24.2514205465526,0 79.5433096287339,24.2514187693567,0 79.5433111957207,24.251416915035,0 79.5433126555451,24.2514149885936,0 79.5433140042661,24.2514129952331,0 79.5433152382428,24.2514109403346,0 79.5433163541439,24.2514088294457,0 79.5433173489569,24.2514066682648,0 79.5433182199963,24.2514044626263,0 79.5433189649106,24.2514022184845,0 79.5433194974343,24.2514002528891,0 79.5433213999427,24.2514006352299,0 79.5433239035221,24.2514010156486,0 79.5433264251528,24.2514012773036,0 79.5433289581375,24.2514014195,0 79.5433314957484,24.2514014418601,0 79.5433340312459,24.2514013443245,0 79.5433365578957,24.2514011271522,0 79.543339068987,24.2514007909201,0 79.5433415578505,24.2514003365212,0 79.5433440178758,24.2513997651624,0 79.5433464425291,24.2513990783611,0 79.5433488253706,24.2513982779415,0 79.5433511600715,24.2513973660295,0 79.5433534404309,24.2513963450472,0 79.5433556603923,24.2513952177061,0 79.5433578140594,24.2513939870006,0 79.5433598957122,24.2513926561993,0 79.5433618998218,24.2513912288368,0 79.5433638210655,24.2513897087042,0 79.5433656543403,24.2513880998389,0 79.5433673947772,24.251386406514,0 79.5433917947765,24.2513614065081,0 79.5433935099603,24.2513595508898,0 79.543395113657,24.2513576132716,0 79.5433966012117,24.2513555992776,0 79.5433979683066,24.2513535147536,0 79.5433992109738,24.2513513657499,0 79.5434003256063,24.2513491585043,0 79.5434013089688,24.2513468994234,0 79.5434021582071,24.2513445950643,0 79.5434028708562,24.2513422521155,0 79.5434127708439,24.2513059521118,0 79.5434133348728,24.2513036244409,0 79.5434137640814,24.2513012727138,0 79.5434140572725,24.2512989034903,0 79.5434142136281,24.2512965233788,0 79.5434142327123,24.2512941390182,0 79.5434141144718,24.2512917570591,0 79.5434138592364,24.2512893841456,0 79.543413467718,24.2512870268964,0 79.5434129410088,24.2512846918866,0 79.5434122805778,24.2512823856292,0 79.5434114882672,24.2512801145571,0 79.5434105662871,24.2512778850049,0 79.5434095172091,24.2512757031915,0 79.5434083439593,24.2512735752027,0 79.5434070498104,24.2512715069741,0 79.5434056383721,24.2512695042745,0 79.5434041135814,24.2512675726901,0 79.5434024796913,24.2512657176086,0 79.5434007412592,24.2512639442044,0 79.5433989031342,24.2512622574241,0 79.5433969704433,24.2512606619726,0 79.5433949485774,24.2512591623001,0 79.5433928431761,24.2512577625895,0 79.5433906601119,24.2512564667452,0 79.5433884054741,24.2512552783816,0 79.5433860855515,24.2512542008134,0 79.5433837068151,24.2512532370462,0 79.5433812758999,24.2512523897683,0 79.5433787995864,24.251251661343,0 79.5433762847818,24.2512510538021,0 79.5433737385005,24.2512505688402,0 79.5433711678451,24.2512502078101,0 79.5433685799857,24.2512499717186,0 79.5433659821406,24.2512498612244,0 79.5433633815561,24.2512498766356,0 79.5433607854859,24.2512500179093,0 79.5433582011713,24.2512502846513,0 79.5433556358206,24.2512506761178,0 79.5433530965893,24.2512511912168,0 79.5433505905602,24.2512518285114,0 79.5433481247232,24.2512525862242,0 79.5433457059564,24.2512534622416,0 79.5433433410064,24.2512544541201,0 79.5433410364697,24.2512555590931,0 79.5433387987743,24.2512567740785,0 79.543336634162,24.2512580956874,0 79.5433351431379,24.2512591141678,0 79.5433348459442,24.2512587229503,0 79.5433332416017,24.25125683321,0 79.5433315302288,24.251255024124,0 79.5433297166403,24.2512533007824,0 79.5433278059389,24.2512516680336,0 79.5433258035003,24.2512501304715,0 79.5433237149584,24.251248692422,0 79.5433215461895,24.2512473579311,0 79.5433193032952,24.2512461307534,0 79.5433184319362,24.2512457097591,0 79.5433198994906,24.2512457476623,0 79.5433224709149,24.2512456908801,0 79.5433250355971,24.2512455110646,0 79.5433275865394,24.2512452087063,0 79.5433301167813,24.2512447846303,0 79.5433326194188,24.2512442399936,0 79.5433350876235,24.2512435762824,0 79.5433375146605,24.2512427953075,0 79.5433398939077,24.2512418992001,0 79.543342218873,24.251240890405,0 79.5433444832126,24.251239771675,0 79.5433466807481,24.2512385460625,0 79.5433488054834,24.2512372169117,0 79.5433508516211,24.2512357878493,0 79.543352813578,24.2512342627746,0 79.543354686001,24.2512326458488,0 79.5433564637808,24.2512309414839,0 79.5433581420669,24.2512291543302,0 79.5433597162798,24.2512272892642,0 79.5433611821242,24.2512253513749,0 79.5433625356004,24.2512233459498,0 79.5433637730155,24.2512212784609,0 79.543364890993,24.2512191545496,0 79.5433658864826,24.2512169800109,0 79.5433667567679,24.2512147607784,0 79.5433674994742,24.2512125029073,0 79.5433681125752,24.2512102125583,0 79.5433685943979,24.2512078959809,0 79.5433689436276,24.251205559496,0 79.5433691593115,24.2512032094787,0 79.543369240861,24.2512008523414,0 79.5433691880537,24.2511984945155,0 79.5433690010336,24.2511961424346,0 79.543368680311,24.2511938025165,0 79.5433682267612,24.2511914811458,0 79.5433676416215,24.2511891846565,0 79.5433669264886,24.2511869193147,0 79.5433660833139,24.2511846913015,0 79.5433651143979,24.2511825066963,0 79.5433640223844,24.2511803714598,0 79.5433628102531,24.2511782914182,0 79.5433614813113,24.251176272247,0 79.5433600391851,24.2511743194557,0 79.5433584878095,24.2511724383725,0 79.5433234217704,24.2511321518425,0 79.5433104789523,24.2511161730615,0 79.5433006981203,24.2510977128574,0 79.5433015135835,24.2510960526901,0 79.543302449671,24.2510938442447,0 79.5433032581043,24.2510915938142,0 79.5433039366568,24.2510893075969,0 79.5433044834598,24.2510869918891,0 79.5433048970073,24.2510846530689,0 79.5433051761602,24.2510822975775,0 79.5433053201499,24.2510799319025,0 79.5433053285796,24.2510775625593,0 79.5433052014263,24.2510751960733,0 79.5433049390401,24.2510728389623,0 79.5433045421436,24.2510704977181,0 79.5433040118301,24.2510681787889,0 79.54330334956,24.2510658885613,0 79.5433025571574,24.251063633343,0 79.5432961571518,24.2510469333447,0 79.5432952645341,24.2510447812727,0 79.5432942534135,24.2510426737226,0 79.5432931264197,24.2510406161757,0 79.5432918864836,24.2510386139831,0 79.5432905368303,24.2510366723522,0 79.5432890809697,24.2510347963327,0 79.5432875226882,24.2510329908036,0 79.5432858660387,24.2510312604608,0 79.5432841153295,24.2510296098044,0 79.5432822751141,24.2510280431274,0 79.5432803501782,24.2510265645044,0 79.5432792284745,24.251025788562,0 79.5432792175012,24.2510238888449,0 79.543279071257,24.2510215483629,0 79.5432787927041,24.2510192179963,0 79.5432783825935,24.2510169040283,0 79.5432778420309,24.2510146126981,0 79.543277172474,24.2510123501836,0 79.543276375728,24.2510101225851,0 79.5432754539411,24.2510079359089,0 79.5432744095988,24.2510057960508,0 79.5432732455168,24.2510037087803,0 79.5432719648338,24.2510016797253,0 79.5432705710029,24.2509997143567,0 79.5432690677821,24.2509978179736,0 79.543267935845,24.2509965356374,0 79.5432703665849,24.2509912550599,0 79.5432712999379,24.2509890706684,0 79.5432721082714,24.250986844773,0 79.5432727894027,24.2509845833839,0 79.5432733414927,24.2509822926074,0 79.5432737630507,24.2509799786292,0 79.5432740529383,24.2509776476974,0 79.5432742103728,24.250975306106,0 79.5432742349291,24.2509729601778,0 79.5432741265409,24.2509706162473,0 79.5432738855009,24.2509682806435,0 79.5432735124599,24.2509659596733,0 79.5432730084252,24.2509636596034,0 79.5432723747579,24.2509613866448,0 79.5432716131689,24.2509591469348,0 79.5432707257148,24.2509569465211,0 79.5432697147918,24.2509547913453,0 79.5432695374096,24.2509544615355,0 79.543269609105,24.2509544791653,0 79.5432719583911,24.2509549454989,0 79.5432743296988,24.2509553061625,0 79.5432853282829,24.2509567270328,0 79.5432852056047,24.2509578123893,0 79.5432850744069,24.2509601511896,0 79.5432850756592,24.2509624930809,0 79.5432852093582,24.2509648317622,0 79.5432854751441,24.2509671609406,0 79.5432858723019,24.2509694743491,0 79.5432863997629,24.2509717657632,0 79.5432870561079,24.2509740290173,0 79.5432878395709,24.2509762580218,0 79.5432887480438,24.2509784467791,0 79.5432897790823,24.2509805894,0 79.5432909299122,24.2509826801194,0 79.543292197437,24.2509847133119,0 79.5432935782461,24.2509866835068,0 79.5432950686243,24.2509885854029,0 79.5432966645614,24.2509904138829,0 79.5432983617633,24.2509921640268,0 79.5433001556635,24.2509938311257,0 79.543302041435,24.2509954106939,0 79.5433040140039,24.2509968984813,0 79.5433060680626,24.2509982904847,0 79.543322324498,24.251008720501,0 79.54332236107,24.2510119663817,0 79.5433224541106,24.2510143129282,0 79.5433226800885,24.2510166518659,0 79.5433230383924,24.2510189768681,0 79.5433235280532,24.2510212816458,0 79.5433241477463,24.2510235599646,0 79.5433248957955,24.2510258056618,0 79.5433257701773,24.2510280126628,0 79.5433267685267,24.251030174998,0 79.5433278881431,24.2510322868181,0 79.5433291259981,24.251034342411,0 79.5433304787432,24.2510363362162,0 79.5433319427194,24.2510382628406,0 79.5433335139667,24.2510401170729,0 79.543335188235,24.2510418938973,0 79.5433363033655,24.2510429598686,0 79.5433300827305,24.2510481717507,0 79.5433282275022,24.2510498097916,0 79.543326468227,24.2510515345322,0 79.543324809718,24.2510533412539,0 79.5433232565127,24.2510552250139,0 79.5433218128604,24.2510571806583,0 79.5433204827107,24.2510592028368,0 79.5433192697028,24.2510612860171,0 79.5433181771552,24.2510634244999,0 79.5433172080571,24.2510656124346,0 79.5433163650597,24.2510678438354,0 79.5433156504693,24.2510701125974,0 79.543315066241,24.2510724125137,0 79.5433146139731,24.2510747372921,0 79.543314294903,24.2510770805722,0 79.5433141099036,24.2510794359433,0 79.543314059481,24.2510817969613,0 79.5433141437733,24.2510841571669,0 79.5433143625498,24.2510865101029,0 79.5433147152119,24.2510888493321,0 79.543315200795,24.2510911684546,0 79.5433158179703,24.2510934611256,0 79.5433165650496,24.2510957210727,0 79.5433174399888,24.2510979421131,0 79.5433184403943,24.2511001181704,0 79.5433195635292,24.251102243291,0 79.5433208063207,24.2511043116611,0 79.5433221653687,24.2511063176219,0 79.543323636955,24.2511082556852,0 79.5433252170536,24.251110120549,0 79.5433269013417,24.2511119071112,0 79.5433286852112,24.2511136104839,0 79.5433305637818,24.2511152260071,0 79.5433325319138,24.251116749261,0 79.543334584223,24.2511181760779,0 79.5433367150943,24.2511195025546,0 79.5433389186981,24.2511207250618,0 79.5433411890056,24.251121840255,0 79.5433435198056,24.2511228450831,0 79.5433459047213,24.2511237367972,0 79.543348337228,24.2511245129576,0 79.5433508106707,24.2511251714408,0 79.5433533182824,24.2511257104453,0 79.5433558532027,24.2511261284966,0 79.5433584084963,24.2511264244508,0 79.5433609771724,24.2511265974982,0 79.5433635522034,24.2511266471655,0 79.5433661265444,24.2511265733168,0 79.5433686931523,24.2511263761541,0 79.5433712450054,24.2511260562167,0 79.5433737751222,24.2511256143801,0 79.5433978884506,24.2511208010634,0 79.5433980693808,24.2511286535642,0 79.5433981857426,24.2511309448745,0 79.5433984288823,24.2511332278088,0 79.5433987981722,24.2511354964743,0 79.5433992926593,24.251137745015,0 79.5433999110669,24.2511399676265,0 79.5434092110563,24.2511701676289,0 79.5434099750311,24.2511724214592,0 79.5434108664243,24.2511746356048,0 79.5434118827999,24.2511768040147,0 79.5434130213803,24.251178920763,0 79.543414279054,24.2511809800651,0 79.543415652384,24.2511829762932,0 79.5434171376171,24.2511849039918,0 79.5434187306945,24.251186757893,0 79.5434410306917,24.2512113578983,0 79.5434427481018,24.2512131536109,0 79.5434445666794,24.2512148635424,0 79.5434464813355,24.2512164829077,0 79.5434481396086,24.2512177433453,0 79.5434466312276,24.2512191631167,0 79.5434449164254,24.251220957834,0 79.5434433074302,24.2512228331062,0 79.543441808736,24.2512247836958,0 79.5434404245284,24.2512268041547,0 79.5434391586735,24.25122888884,0 79.5434380147069,24.2512310319292,0 79.5434369958234,24.2512332274368,0 79.543436104869,24.2512354692309,0 79.5434353443319,24.2512377510501,0 79.5434347163363,24.2512400665216,0 79.5434342226361,24.2512424091782,0 79.5434338646103,24.2512447724771,0 79.5434336432589,24.2512471498176,0 79.5434335592,24.25124953456,0 79.5434336126684,24.2512519200438,0 79.5434338035149,24.2512542996064,0 79.5434341312063,24.2512566666019,0 79.5434345948275,24.2512590144193,0 79.5434351930836,24.2512613365012,0 79.5434359243037,24.2512636263622,0 79.5434367864456,24.2512658776068,0 79.5434377771013,24.2512680839474,0 79.5434388935039,24.2512702392218,0 79.5434401325355,24.2512723374103,0 79.5434414907355,24.2512743726529,0 79.5434429643105,24.2512763392652,0 79.5434445491448,24.2512782317545,0 79.5434781491399,24.2513162317627,0 79.5434798600994,24.251318064434,0 79.5434816753828,24.2513198106984,0 79.5434835898073,24.2513214655701,0 79.5434855979072,24.2513230243243,0 79.5434876939493,24.2513244825107,0 79.5434898719491,24.251325835966,0 79.5434921256883,24.2513270808261,0 79.5434944487324,24.2513282135368,0 79.5434968344489,24.2513292308642,0 79.5434992760264,24.2513301299036,0 79.543499920917,24.2513303314095,0 79.5435004689225,24.2513496214664,0 79.5434933525051,24.2513712735198,0 79.5434926672792,24.2513735772016,0 79.5434921158526,24.2513759108776,0 79.5434916997676,24.2513782680198,0 79.5434914201883,24.251380642035,0 79.5434912778966,24.2513830262824,0 79.5434912732906,24.2513854140926,0 79.5434914063831,24.2513877987865,0 79.5434916768019,24.2513901736936,0 79.5434920837906,24.2513925321705,0 79.5434926262107,24.2513948676202,0 79.5434933025449,24.2513971735098,0 79.5434941109015,24.2513994433892,0 79.5434950490192,24.251401670909,0 79.543496114274,24.2514038498384,0 79.543497303686,24.2514059740823,0 79.5434986139282,24.2514080376988,0 79.5435000413356,24.2514100349155,0 79.5435015819153,24.2514119601456,0 79.543503231358,24.2514138080038,0 79.5435049850499,24.2514155733213,0 79.5435068380854,24.25141725116,0 79.5435087852813,24.2514188368266,0 79.5435108211906,24.2514203258857,0 79.5435129401186,24.2514217141719,0 79.543515136138,24.251422997802,0 79.5435174031061,24.2514241731854,0 79.5435197346817,24.2514252370341,0 79.5435221243427,24.2514261863723,0 79.5435245654048,24.2514270185446,0 79.5435270510397,24.2514277312232,0 79.5435295742946,24.2514283224145,0 79.5435321281112,24.2514287904647,0 79.5435347053459,24.2514291340648,0 79.5435372987897,24.2514293522535,0 79.543539901188,24.2514294444205,0 79.5435425052614,24.2514294103081,0 79.5435451037255,24.2514292500115,0 79.543547689312,24.2514289639793,0 79.5435502547882,24.2514285530115,0 79.5435527929781,24.2514280182576,0 79.5435552967815,24.2514273612136,0 79.5436319467571,24.2514052200946,0 79.543649982928,24.2514299182846,0 79.5436514836398,24.2514318605361,0 79.5436530939105,24.2514337275723,0 79.543654809264,24.2514355142036,0 79.5436566249327,24.251437215464,0 79.5436585358698,24.2514388266249,0 79.5436605367639,24.251440343208,0 79.5436626220533,24.2514417609979,0 79.543664785942,24.2514430760539,0 79.5436670224154,24.2514442847206,0 79.5436693252572,24.2514453836386,0 79.5436716880666,24.2514463697534,0 79.543674104276,24.251447240324,0 79.5436765671695,24.2514479929308,0 79.5436790699016,24.2514486254818,0 79.5436816055157,24.2514491362188,0 79.5436841669641,24.2514495237222,0 79.5436867471271,24.2514497869149,0 79.5436889475342,24.2514499042073,0 79.5436887436429,24.2514503700635,0 79.5436872436418,24.251454070063,0 79.5436863927125,24.2514563542084,0 79.5436856761412,24.2514586767849,0 79.543685095976,24.2514610311544,0 79.5436846538752,24.2514634105872,0 79.5436843511024,24.2514658082826,0 79.543684188523,24.2514682173873,0 79.5436841666017,24.2514706310154,0 79.5436842854012,24.2514730422684,0 79.5436845445819,24.2514754442542,0 79.543684943403,24.2514778301074,0 79.5436854807247,24.2514801930086,0 79.5436861550111,24.2514825262042,0 79.543686964335,24.2514848230253,0 79.5436879063831,24.251487076907,0 79.5436889784628,24.2514892814072,0 79.5436901775099,24.251491430225,0 79.5436915000973,24.2514935172184,0 79.5436929424446,24.2514955364223,0 79.5436945004293,24.2514974820654,0 79.5436961695984,24.2514993485866,0 79.5437272649509,24.2515322839127,0 79.5437388818436,24.2515498111649,0 79.5437347363569,24.251578146712,0 79.54366356329,24.251649931054,0 79.5436618965888,24.2516517021603,0 79.5436603321785,24.2516535500392,0 79.5436588742589,24.25165546973,0 79.5436575267437,24.2516574560791,0 79.5436562932505,24.2516595037542,0 79.5436551770906,24.251661607258,0 79.5436541812606,24.2516637609437,0 79.5436533084336,24.2516659590295,0 79.5436525609531,24.2516681956145,0 79.5436519408254,24.2516704646945,0 79.5436514497155,24.2516727601779,0 79.5436510889418,24.2516750759025,0 79.5436508594728,24.2516774056515,0 79.5436507619245,24.2516797431706,0 79.5436507965589,24.2516820821846,0 79.5436509632828,24.2516844164142,0 79.5436512616488,24.2516867395931,0 79.5436516908559,24.2516890454845,0 79.5436522497519,24.2516913278981,0 79.5436529368364,24.2516935807067,0 79.5436537502648,24.2516957978624,0 79.5436546878535,24.2516979734132,0 79.5436557470855,24.2517001015187,0 79.5436569251171,24.2517021764657,0 79.543658218786,24.2517041926841,0 79.5436596246192,24.2517061447611,0 79.5436611388425,24.2517080274563,0 79.5436627573911,24.2517098357155,0 79.5436644759198,24.2517115646842,0 79.5436662898152,24.251713209721,0 79.5436681942076,24.2517147664095,0 79.5436701839848,24.2517162305709,0 79.5436722538049,24.2517175982745,0 79.5436743981114,24.2517188658486,0 79.5436766111478,24.2517200298903,0 79.543678886973,24.2517210872746,0 79.5436812194776,24.251722035163,0 79.5436836023996,24.2517228710108,0 79.5436860293421,24.2517235925741,0 79.5436884937896,24.2517241979157,0 79.5437728173994,24.251742777717,0 79.5437497687463,24.2517653289103,0 79.5437480541041,24.251767097218,0 79.5437464428583,24.251768945458,0 79.5437449394342,24.251770868554,0 79.5437435479611,24.2517728612242,0 79.5437422722608,24.2517749179957,0 79.543741115837,24.2517770332192,0 79.543740081866,24.2517792010854,0 79.5437391731875,24.25178141564,0 79.5437383922973,24.2517836708006,0 79.5437377413403,24.2517859603734,0 79.5437372221042,24.2517882780699,0 79.5437368360152,24.2517906175243,0 79.5437365841337,24.2517929723114,0 79.5437364671516,24.2517953359635,0 79.54373648539,24.2517977019888,0 79.5437366387991,24.2518000638888,0 79.5437369269573,24.2518024151764,0 79.5437373490734,24.2518047493937,0 79.5437379039878,24.2518070601297,0 79.5437385901766,24.2518093410378,0 79.543739405755,24.2518115858533,0 79.5437403484831,24.2518137884108,0 79.5437414157716,24.2518159426608,0 79.5437426046892,24.2518180426866,0 79.5437439119704,24.2518200827202,0 79.5437453340246,24.2518220571587,0 79.5437468669463,24.2518239605791,0 79.5437485065251,24.2518257877536,0 79.5437502482578,24.2518275336638,0 79.5437520873607,24.2518291935144,0 79.5437540187826,24.2518307627465,0 79.5437560372186,24.2518322370502,0 79.5437624478441,24.2518366727927,0 79.5437601397508,24.2518357253595,0 79.5437577384589,24.2518348748123,0 79.543755291968,24.2518341404849,0 79.5437528069643,24.251833524384,0 79.5437502902393,24.2518330281936,0 79.543747748671,24.2518326532697,0 79.5437451892054,24.2518324006368,0 79.5437426188375,24.2518322709855,0 79.543740044592,24.2518322646702,0 79.5437374735042,24.2518323817079,0 79.5437349126007,24.251832621779,0 79.5437323688804,24.2518329842272,0 79.5437298492953,24.2518334680621,0 79.5437273607312,24.2518340719613,0 79.5437249099893,24.2518347942744,0 79.5437225037673,24.2518356330273,0 79.5437201486413,24.2518365859278,0 79.543717851048,24.2518376503716,0 79.5437156172663,24.2518388234497,0 79.5437134534013,24.251840101956,0 79.5437113653667,24.2518414823965,0 79.543709358869,24.2518429609984,0 79.5437074393918,24.2518445337209,0 79.543705612181,24.2518461962656,0 79.5437038822304,24.251847944089,0 79.5437022542678,24.2518497724143,0 79.5437007327424,24.2518516762448,0 79.5436993218124,24.2518536503774,0 79.5436980253339,24.2518556894168,0 79.5436968468501,24.2518577877904,0 79.5436957895818,24.2518599397634,0 79.5436948564184,24.2518621394547,0 79.5436940499103,24.2518643808525,0 79.543693764354,24.2518653403552,0 79.5436738409638,24.2518422149921,0 79.5436721780581,24.2518403861249,0 79.543670412303,24.2518386401808,0 79.54366854861,24.251836982016,0 79.5436665921626,24.2518354162423,0 79.5436645484023,24.2518339472148,0 79.5436624230136,24.2518325790193,0 79.543660221908,24.2518313154613,0 79.5436579512075,24.2518301600552,0 79.5436556172277,24.2518291160145,0 79.5436532264604,24.2518281862432,0 79.543650785555,24.2518273733272,0 79.5436483013006,24.2518266795276,0 79.5436457806068,24.2518261067741,0 79.5436432304846,24.2518256566597,0 79.5436406580268,24.2518253304363,0 79.5436380703882,24.2518251290113,0 79.543635474766,24.2518250529449,0 79.5436328783797,24.2518251024486,0 79.5436302884506,24.2518252773849,0 79.5436277121822,24.2518255772671,0 79.5436251567402,24.2518260012611,0 79.5436226292321,24.2518265481877,0 79.5436201366877,24.2518272165257,0 79.5436176860399,24.2518280044161,0 79.5436152841046,24.2518289096676,0 79.5436129375625,24.2518299297624,0 79.5436106529403,24.2518310618632,0 79.5436084365922,24.2518323028212,0 79.5436062946826,24.2518336491849,0 79.5436042331692,24.2518350972095,0 79.5436022577856,24.2518366428676,0 79.543600374026,24.2518382818602,0 79.54359858713,24.2518400096286,0 79.5435969020675,24.2518418213673,0 79.5435953235252,24.2518437120371,0 79.5435938558937,24.2518456763796,0 79.543592503255,24.251847708931,0 79.5435912693713,24.2518498040383,0 79.5435901576744,24.251851955874,0 79.5435891712564,24.2518541584532,0 79.5435883128608,24.2518564056498,0 79.5435875848752,24.2518586912134,0 79.5435869893244,24.2518610087872,0 79.5435865278648,24.251863351925,0 79.5435707278303,24.2519577519183,0 79.5435703974019,24.251960154159,0 79.5435702079131,24.2519625691866,0 79.5435701599087,24.2519649900552,0 79.5435702535269,24.251967409802,0 79.5435704884984,24.2519698214673,0 79.5435708641475,24.2519722181149,0 79.5435713793936,24.2519745928516,0 79.5435720327549,24.2519769388472,0 79.5435728223521,24.2519792493542,0 79.5435737459144,24.2519815177274,0 79.5435748007854,24.2519837374424,0 79.543575983931,24.2519859021149,0 79.5435772919484,24.2519880055192,0 79.5435787210756,24.2519900416053,0 79.5435802672021,24.2519920045172,0 79.543581925881,24.2519938886092,0 79.5435836923416,24.2519956884624,0 79.5435855615034,24.2519973989,0 79.5435875279904,24.2519990150027,0 79.5436324942663,24.2520340216508,0 79.5436312748857,24.2520337301868,0 79.5436287581193,24.2520332556052,0 79.543626217779,24.2520329020344,0 79.5436236607816,24.2520326704373,0 79.543621094089,24.2520325614443,0 79.5436185246898,24.2520325753523,0 79.5436159595798,24.2520327121234,0 79.5436134057431,24.2520329713852,0 79.5436108701332,24.2520333524317,0 79.5436083596539,24.2520338542255,0 79.5436058811405,24.2520344754004,0 79.5436034413415,24.2520352142649,0 79.5436010468999,24.2520360688075,0 79.543598704335,24.2520370367013,0 79.5435964200251,24.2520381153111,0 79.5435942001898,24.2520393017001,0 79.5435920508731,24.252040592638,0 79.5435899779271,24.2520419846099,0 79.5435879869959,24.2520434738259,0 79.5435860835003,24.2520450562312,0 79.5435842726231,24.2520467275172,0 79.5435825592947,24.2520484831336,0 79.5435809481803,24.2520503183001,0 79.5435794436663,24.2520522280202,0 79.5435780498494,24.2520542070941,0 79.5435767705243,24.2520562501333,0 79.5435756091746,24.2520583515751,0 79.5435745689622,24.2520605056979,0 79.5435736527193,24.2520627066364,0 79.5435728629407,24.2520649483981,0 79.5435722017768,24.2520672248793,0 79.5435716710277,24.2520695298816,0 79.5435712721385,24.2520718571291,0 79.5435710061954,24.2520742002853,0 79.5435708739223,24.2520765529704,0 79.5435708756796,24.2520789087785,0 79.5435710114624,24.2520812612955,0 79.543571280901,24.252083604116,0 79.5435716832618,24.2520859308611,0 79.5435722174492,24.2520882351956,0 79.5435728820089,24.2520905108455,0 79.5435736751314,24.2520927516146,0 79.5435745946573,24.252094951402,0 79.5435756380828,24.2520971042181,0 79.5435768025671,24.2520992042014,0 79.5435780849395,24.2521012456342,0 79.5435794817084,24.2521032229581,0 79.5436167816989,24.2521531229675,0 79.5436182896241,24.2521550314716,0 79.5436199041137,24.2521568652329,0 79.5436216207687,24.252158619255,0 79.5436234349118,24.2521602887586,0 79.5436253415999,24.2521618691949,0 79.5436273356379,24.2521633562577,0 79.5436294115925,24.252164745895,0 79.5436315638075,24.2521660343206,0 79.5436337864187,24.2521672180239,0 79.54363607337,24.2521682937796,0 79.5436384184302,24.2521692586565,0 79.5436408152097,24.2521701100258,0 79.5436432571779,24.2521708455676,0 79.5436457376813,24.2521714632778,0 79.5436482499611,24.2521719614733,0 79.5436507871722,24.2521723387967,0 79.5436533424013,24.2521725942199,0 79.5436559086862,24.252172727047,0 79.5436584790344,24.2521727369159,0 79.5436610464427,24.2521726237999,0 79.5436636039154,24.2521723880071,0 79.5436661444843,24.25217203018,0 79.5437344445077,24.2521607301773,0 79.5437371552132,24.2521602091329,0 79.5437398296796,24.25215954918,0 79.5437424594461,24.2521587524063,0 79.5437450361933,24.2521578213325,0 79.5437475517695,24.2521567589041,0 79.5437499982166,24.2521555684821,0 79.5438020982284,24.2521284684744,0 79.5438042759863,24.2521272665481,0 79.5438063831951,24.2521259631881,0 79.5438084142399,24.2521245618675,0 79.5438103637088,24.2521230663202,0 79.543812226407,24.2521214805313,0 79.5438139973713,24.2521198087265,0 79.5438156718825,24.2521180553604,0 79.5438172454786,24.2521162251052,0 79.5438187139668,24.2521143228378,0 79.5438200734339,24.2521123536271,0 79.5438213202575,24.2521103227203,0 79.5438224511152,24.2521082355291,0 79.5438234629938,24.2521060976151,0 79.5438243531968,24.252103914675,0 79.5438251193524,24.2521016925256,0 79.5438255677766,24.2521001123883,0 79.543826419459,24.252100143448,0 79.5438289730754,24.2521001150858,0 79.5438315216538,24.2520999653776,0 79.5438340583392,24.2520996947258,0 79.5438365763088,24.2520993038586,0 79.5438390687899,24.2520987938273,0 79.5438415290786,24.2520981660036,0 79.5438439505573,24.2520974220763,0 79.5438463267131,24.2520965640462,0 79.5438486511546,24.2520955942213,0 79.54385091763,24.25209451521,0 79.543853120043,24.2520933299146,0 79.5438552524698,24.2520920415232,0 79.5438573091749,24.2520906535012,0 79.5438592846262,24.2520891695819,0 79.5438611735105,24.2520875937566,0 79.5438908735118,24.2520614937501,0 79.5438927097746,24.2520597921656,0 79.5438944450926,24.2520580037412,0 79.5438960745876,24.2520561335042,0 79.5438975936789,24.2520541867119,0 79.5438989980965,24.2520521688371,0 79.5439002838923,24.2520500855519,0 79.5439014474518,24.2520479427127,0 79.5439024855044,24.2520457463432,0 79.5439033951318,24.2520435026175,0 79.5439041737772,24.2520412178429,0 79.5439048192516,24.252038898442,0 79.5439053297406,24.2520365509348,0 79.5439057038093,24.2520341819204,0 79.543905940406,24.2520317980581,0 79.5439060388657,24.2520294060492,0 79.5439059989117,24.2520270126178,0 79.5439058206562,24.252024624492,0 79.5439055046003,24.252022248385,0 79.5439050516326,24.2520198909761,0 79.5439044630263,24.2520175588922,0 79.543903740436,24.2520152586889,0 79.5439028858931,24.2520129968323,0 79.5439019017997,24.2520107796806,0 79.5439007909221,24.2520086134663,0 79.5438995563831,24.2520065042789,0 79.5438982016531,24.2520044580473,0 79.5438967305404,24.2520024805237,0 79.5438951471803,24.2520005772671,0 79.5438934560237,24.2519987536276,0 79.5438916618247,24.2519970147315,0 79.5438897696268,24.2519953654671,0 79.5438877847491,24.2519938104705,0 79.543886084546,24.2519926154269,0 79.543913378004,24.2519721453256,0 79.5439152278039,24.251970686363,0 79.5439433901745,24.25194733655,0 79.5439516456538,24.2519491440653,0 79.5439512803978,24.2519498073566,0 79.5439502461049,24.2519519567361,0 79.5439493351568,24.2519541525339,0 79.5439485500203,24.2519563888046,0 79.5439478928211,24.251958659493,0 79.5439473653387,24.2519609584508,0 79.5439469690014,24.2519632794534,0 79.5439467048823,24.251965616216,0 79.5439465736967,24.2519679624117,0 79.5439465757997,24.2519703116875,0 79.5439467111856,24.2519726576826,0 79.5439469794878,24.2519749940446,0 79.54394737998,24.2519773144475,0 79.5439479115776,24.2519796126084,0 79.5439485728414,24.2519818823047,0 79.5439493619808,24.2519841173907,0 79.5439502768591,24.2519863118146,0 79.5439513149992,24.2519884596345,0 79.54395247359,24.2519905550349,0 79.5439537494945,24.2519925923422,0 79.543955139258,24.25199456604,0 79.5439566391176,24.2519964707841,0 79.5439582450119,24.2519983014171,0 79.5439599525929,24.2520000529823,0 79.5439617572369,24.252001720737,0 79.5439636540575,24.2520033001655,0 79.5439656379189,24.2520047869912,0 79.5439677034493,24.2520061771882,0 79.543969845056,24.2520074669924,0 79.5439720569403,24.2520086529114,0 79.5439743331129,24.2520097317341,0 79.5439766674109,24.2520107005395,0 79.5439790535137,24.2520115567042,0 79.5439814849605,24.2520122979101,0 79.5439839551678,24.2520129221502,0 79.543986457447,24.2520134277344,0 79.5439889850228,24.2520138132936,0 79.5439915310514,24.2520140777839,0 79.5439940886388,24.2520142204891,0 79.5439966508601,24.2520142410228,0 79.5440534508802,24.2520133410235,0 79.5440559407142,24.2520132437446,0 79.5440584219917,24.2520130310958,0 79.5440608883573,24.2520127036217,0 79.5440633334941,24.252012262161,0 79.5440657511393,24.2520117078445,0 79.5440681351006,24.2520110420919,0 79.5440704792721,24.2520102666084,0 79.5440727776496,24.2520093833803,0 79.5440750243463,24.2520083946697,0 79.5440772136078,24.252007303009,0 79.5440793398268,24.2520061111943,0 79.5440813975572,24.2520048222781,0 79.5441071681982,24.2519877874506,0 79.544124737378,24.2520100787886,0 79.5441281538102,24.2520144458831,0 79.5441277082052,24.2520164494178,0 79.5441273240799,24.2520188053522,0 79.5441270760198,24.2520211765831,0 79.5441269647155,24.2520235565093,0 79.5441269904768,24.2520259385053,0 79.5441271532321,24.2520283159398,0 79.5441274525283,24.2520306821945,0 79.5441278875322,24.2520330306819,0 79.5441284570327,24.252035354864,0 79.5441291594444,24.2520376482706,0 79.544129992812,24.2520399045171,0 79.5441309548154,24.2520421173223,0 79.5441320427766,24.252044280526,0 79.5441332536666,24.2520463881062,0 79.5441345841147,24.2520484341955,0 79.5441360304169,24.2520504130978,0 79.5441375885469,24.2520523193041,0 79.544139254167,24.2520541475077,0 79.5441466541664,24.2520618475094,0 79.5441483994968,24.252063570944,0 79.5441502403427,24.2520652087119,0 79.544152171709,24.252066756369,0 79.544154188355,24.2520682097158,0 79.5441562848087,24.2520695648087,0 79.5441584553812,24.2520708179708,0 79.5441606941829,24.2520719658015,0 79.5441629951388,24.2520730051863,0 79.5441653520055,24.2520739333049,0 79.5441677583875,24.2520747476388,0 79.5441702077552,24.2520754459784,0 79.5441726934624,24.2520760264287,0 79.5441752087641,24.2520764874147,0 79.5441768687798,24.2520767099675,0 79.5441768707331,24.2520767530028,0 79.5441771111921,24.2520790975728,0 79.5441774846618,24.2520814274578,0 79.5441779901261,24.2520837363189,0 79.5441786262099,24.2520860178744,0 79.5441793911825,24.252088265917,0 79.5441802829627,24.2520904743305,0 79.5441812991243,24.2520926371064,0 79.5441824369027,24.2520947483605,0 79.5441836932022,24.2520968023489,0 79.5441839619232,24.2520971925038,0 79.5441836274254,24.2520974419496,0 79.5441816933285,24.2520990475981,0 79.5441798547065,24.2521007449193,0 79.5441781167211,24.2521025291479,0 79.544176484252,24.2521043952746,0 79.5441749618823,24.2521063380601,0 79.5441735538861,24.2521083520502,0 79.5441722642165,24.2521104315904,0 79.5441710964941,24.2521125708423,0 79.5441700539975,24.2521147637999,0 79.544163958966,24.2521285728448,0 79.544162788649,24.2521309914982,0 79.5441618061775,24.2521331742066,0 79.5441609495175,24.2521354010256,0 79.5441602210123,24.2521376658638,0 79.5441596226549,24.2521399625262,0 79.5441591560818,24.2521422847302,0 79.5441588225694,24.252144626124,0 79.5441586230299,24.2521469803026,0 79.5441585580092,24.2521493408266,0 79.5441586276852,24.2521517012389,0 79.5441588318673,24.2521540550829,0 79.5441591699969,24.2521563959198,0 79.5441596411492,24.2521587173466,0 79.5441602440353,24.2521610130131,0 79.5441609770062,24.2521632766399,0 79.5441618380568,24.2521655020349,0 79.5441628248319,24.2521676831109,0 79.5441639346322,24.2521698139017,0 79.544165164422,24.2521718885787,0 79.5441665108373,24.2521739014669,0 79.5441679701952,24.2521758470602,0 79.5441813354776,24.2521927036908,0 79.5441814576101,24.252193483532,0 79.544181956497,24.2521958002892,0 79.5441825868248,24.2521980899605,0 79.544183346869,24.2522003462817,0 79.5441842345503,24.2522025630796,0 79.5441852474401,24.2522047342896,0 79.5441858520567,24.2522058631226,0 79.5441849268588,24.252206479398,0 79.5441829282318,24.2522079628102,0 79.54418101679,24.252209539858,0 79.5441791977457,24.2522112062407,0 79.5441774760592,24.2522129574143,0 79.5441758564257,24.2522147886035,0 79.5441743432616,24.2522166948146,0 79.5441729406934,24.2522186708496,0 79.5441716525457,24.25222071132,0 79.5441704823312,24.2522228106614,0 79.5441694332411,24.2522249631491,0 79.5441685081362,24.2522271629134,0 79.5441677095392,24.2522294039558,0 79.5441670396278,24.2522316801649,0 79.5441665002289,24.2522339853336,0 79.5441660928133,24.2522363131761,0 79.544165818492,24.2522386573442,0 79.5441656780132,24.2522410114457,0 79.54416567176,24.2522433690611,0 79.5441657997492,24.2522457237611,0 79.5441660616321,24.2522480691249,0 79.5441664566944,24.2522503987565,0 79.5441669838587,24.2522527063033,0 79.5441676416877,24.2522549854728,0 79.5441684283874,24.2522572300497,0 79.5441693418126,24.2522594339133,0 79.5441703794723,24.2522615910537,0 79.5441715385371,24.2522636955884,0 79.5441728158461,24.2522657417787,0 79.5441742079162,24.2522677240446,0 79.5441757109513,24.2522696369806,0 79.5441773208528,24.2522714753702,0 79.5441790332305,24.2522732342003,0 79.5441808434149,24.2522749086746,0 79.5441827464698,24.2522764942269,0 79.5441847372055,24.2522779865335,0 79.5441868101935,24.252279381525,0 79.5441889597808,24.2522806753973,0 79.5441911801057,24.252281864622,0 79.5441934651134,24.2522829459563,0 79.5441958085729,24.2522839164514,0 79.5441982040937,24.2522847734607,0 79.5442006451433,24.2522855146474,0 79.5442031250651,24.2522861379902,0 79.5442056370965,24.2522866417892,0 79.5442081743874,24.2522870246708,0 79.5442107300186,24.2522872855907,0 79.5442175668185,24.2522878183286,0 79.5442314394499,24.2522936571268,0 79.5442420740471,24.2523051328815,0 79.5442437792753,24.2523068790277,0 79.5442455810424,24.2523085416838,0 79.5442474744926,24.2523101163688,0 79.5442494545228,24.2523115988387,0 79.5442515157967,24.2523129850984,0 79.5442536527592,24.2523142714116,0 79.544255859651,24.2523154543118,0 79.5442581305243,24.252316530611,0 79.5442604592592,24.2523174974084,0 79.5442628395794,24.2523183520985,0 79.5442652650699,24.2523190923779,0 79.5442677291938,24.2523197162514,0 79.5442702253103,24.2523202220377,0 79.5442727466921,24.2523206083736,0 79.544275286544,24.252320874218,0 79.5442778380209,24.2523210188544,0 79.5442803942464,24.252321041893,0 79.5442829483314,24.2523209432717,0 79.5442854933924,24.2523207232563,0 79.5442880225704,24.2523203824397,0 79.5442905290491,24.2523199217405,0 79.5442930060734,24.2523193424003,0 79.5442954469676,24.2523186459804,0 79.5442978451533,24.2523178343577,0 79.5443001941672,24.2523169097196,0 79.5443024876787,24.252315874558,0 79.5443047195067,24.2523147316628,0 79.5443068836361,24.2523134841141,0 79.5443322836408,24.2522979841099,0 79.5443343764181,24.2522966337843,0 79.544336389856,24.2522951855993,0 79.5443377959045,24.2522940613403,0 79.5443393035019,24.2522942330752,0 79.5443418620394,24.2522944011162,0 79.5443444266497,24.2522944467741,0 79.5443469903736,24.252294369925,0 79.5443495462544,24.2522941707775,0 79.5443520873566,24.252293849872,0 79.544354606785,24.2522934080793,0 79.5443570977028,24.2522928465981,0 79.5443595533511,24.2522921669521,0 79.5443619670663,24.2522913709854,0 79.5443643322986,24.2522904608581,0 79.5443666426301,24.2522894390397,0 79.5443688917915,24.2522883083029,0 79.5443710736797,24.2522870717161,0 79.5443731823741,24.2522857326348,0 79.5443752121526,24.2522842946926,0 79.5443771575075,24.2522827617914,0 79.5443790131599,24.2522811380907,0 79.5443807740745,24.2522794279965,0 79.5443823944883,24.252277680352,0 79.5443834222922,24.2522794216649,0 79.5443847687834,24.2522814420894,0 79.544386228952,24.2522833950134,0 79.5443877987818,24.2522852750656,0 79.5443894739553,24.2522870770751,0 79.5443912498651,24.2522887960856,0 79.5443931216266,24.2522904273692,0 79.5443950840918,24.2522919664392,0 79.5443971318632,24.2522934090625,0 79.5443992593086,24.2522947512714,0 79.5444014605765,24.2522959893742,0 79.5444037296128,24.2522971199657,0 79.5444060601766,24.2522981399363,0 79.5444084458579,24.2522990464806,0 79.5444108800952,24.2522998371053,0 79.5444133561932,24.2523005096359,0 79.5444158673419,24.2523010622226,0 79.5444184066345,24.2523014933456,0 79.5444209670869,24.2523018018191,0 79.5444235416569,24.2523019867947,0 79.5444261232633,24.2523020477637,0 79.5444287048058,24.2523019845584,0 79.544431279184,24.2523017973525,0 79.5444338393174,24.2523014866611,0 79.5444363781646,24.2523010533385,0 79.5444388887427,24.2523004985767,0 79.5444413641467,24.2522998239014,0 79.5444437975681,24.2522990311683,0 79.5444461823142,24.2522981225578,0 79.5444979506496,24.2522769221917,0 79.5445045678289,24.2522744458242,0 79.5445048359404,24.2522745815185,0 79.5445071476274,24.2522756110682,0 79.5445095147521,24.2522765286358,0 79.5445119308667,24.252277331722,0 79.54451438939,24.2522780181392,0 79.5445168836251,24.2522785860178,0 79.5445194067782,24.2522790338108,0 79.5445219519763,24.2522793602986,0 79.5445245122866,24.2522795645919,0 79.5445270807351,24.2522796461341,0 79.5445296503257,24.2522796047031,0 79.5445322140591,24.2522794404118,0 79.5445347649518,24.2522791537078,0 79.5445372960556,24.2522787453719,0 79.544539800476,24.2522782165164,0 79.5445422713912,24.2522775685819,0 79.5445447020707,24.2522768033333,0 79.5445470858936,24.252275922855,0 79.5445494163667,24.2522749295453,0 79.5445516871419,24.25227382611,0 79.544553892034,24.2522726155547,0 79.544556025037,24.2522713011767,0 79.5445580803408,24.2522698865563,0 79.5445600523471,24.2522683755469,0 79.5445619356843,24.2522667722641,0 79.5445637252224,24.2522650810752,0 79.5445654160869,24.2522633065868,0 79.5445670036721,24.2522614536325,0 79.5445684836535,24.2522595272593,0 79.544569852,24.2522575327147,0 79.5445711049841,24.2522554754315,0 79.544572239193,24.2522533610135,0 79.5445732495288,24.252251199517,0 79.5445739858726,24.2522513306137,0 79.544576546784,24.2522516597595,0 79.5445791230103,24.2522518651895,0 79.5445817074466,24.252251946337,0 79.5445842929655,24.2522519029784,0 79.5445868724366,24.2522517352331,0 79.5445894387461,24.2522514435637,0 79.5445919848165,24.2522510287748,0 79.5445945036262,24.2522504920101,0 79.5445969882287,24.25224983475,0 79.5445994317719,24.2522490588072,0 79.5446018275168,24.2522481663215,0 79.5446305532032,24.2522366504581,0 79.5447574251484,24.2522446416163,0 79.5447599681978,24.2522447413329,0 79.5447625134698,24.2522447204334,0 79.5447650541634,24.2522445789737,0 79.5447675834901,24.2522443173316,0 79.5447700946915,24.2522439362064,0 79.5447725810577,24.2522434366163,0 79.5447750359454,24.2522428198962,0 79.5447774527951,24.252242087694,0 79.544779825149,24.2522412419662,0 79.5447821466684,24.2522402849724,0 79.5447844111501,24.2522392192697,0 79.5447866125436,24.2522380477057,0 79.5447887449669,24.2522367734108,0 79.544790802722,24.2522353997897,0 79.5447927803109,24.2522339305128,0 79.5447946724495,24.252232369506,0 79.5447964740819,24.2522307209401,0 79.5447981803944,24.2522289892202,0 79.5447997868276,24.2522271789733,0 79.5448012890894,24.2522252950363,0 79.5448026831656,24.252223342443,0 79.5448039653314,24.2522213264108,0 79.5448051321609,24.2522192523264,0 79.5448061805363,24.2522171257316,0 79.5448071076565,24.2522149523087,0 79.5448079110441,24.252212737865,0 79.5448085885526,24.2522104883173,0 79.5448091383717,24.2522082096765,0 79.5448095590324,24.2522059080309,0 79.5448098494106,24.2522035895305,0 79.5448100087304,24.2522012603702,0 79.5448100365662,24.2521989267735,0 79.5448099328436,24.2521965949757,0 79.5448096978397,24.2521942712072,0 79.5448093321825,24.2521919616771,0 79.5448088368491,24.2521896725563,0 79.5448082131628,24.2521874099613,0 79.5448074627903,24.2521851799378,0 79.5448065877364,24.2521829884441,0 79.5448032920687,24.2521753521474,0 79.5447933131016,24.2521444738697,0 79.5447932531452,24.2521443044115,0 79.5447938181818,24.2521435309303,0 79.544795141887,24.2521414954451,0 79.5447963472754,24.252139399081,0 79.5447974310259,24.2521372476139,0 79.5447983901525,24.2521350469717,0 79.5447992220125,24.2521328032179,0 79.544799924314,24.2521305225345,0 79.5448004951219,24.2521282112056,0 79.5448009328634,24.2521258755993,0 79.5448012363325,24.2521235221511,0 79.5448014046931,24.2521211573452,0 79.5448014374813,24.2521187876973,0 79.5448013346067,24.2521164197365,0 79.5448010963528,24.2521140599872,0 79.5448007233761,24.2521117149511,0 79.5448002167041,24.2521093910895,0 79.5447995777331,24.2521070948051,0 79.5447988082234,24.252104832425,0 79.5447979102954,24.2521026101825,0 79.544796886423,24.2521004342006,0 79.5447957394274,24.2520983104747,0 79.5447944724687,24.2520962448562,0 79.5447930890379,24.2520942430365,0 79.5447921765771,24.2520930644083,0 79.5448003871254,24.2520842819772,0 79.544801435192,24.2520830985798,0 79.5448024831165,24.2520931121157,0 79.544802802411,24.2520954948911,0 79.5448032593971,24.2520978587368,0 79.5448038527828,24.2521001969692,0 79.5448045808901,24.2521025029768,0 79.5448054416605,24.2521047702395,0 79.5448064326601,24.2521069923467,0 79.5448075510868,24.2521091630153,0 79.5448087937784,24.2521112761079,0 79.5448101572211,24.2521133256497,0 79.5448116375599,24.2521153058456,0 79.5448132306092,24.2521172110967,0 79.5448149318646,24.2521190360159,0 79.5448167365158,24.2521207754433,0 79.5448186394602,24.2521224244607,0 79.5448206353173,24.2521239784054,0 79.5448227184438,24.2521254328839,0 79.5448248829498,24.2521267837834,0 79.5448271227151,24.2521280272845,0 79.5448294314068,24.2521291598711,0 79.5448318024971,24.2521301783408,0 79.5448342292818,24.2521310798139,0 79.5448367048993,24.2521318617415,0 79.5448392223496,24.2521325219128,0 79.5448417745149,24.2521330584611,0 79.5448443541788,24.2521334698693,0 79.5448469540475,24.2521337549742,0 79.5448495667697,24.2521339129696,0 79.5449189667941,24.2521364129716,0 79.5449213675854,24.2521364457425,0 79.5449237672651,24.2521363711762,0 79.5449261601276,24.2521361894499,0 79.5449285404838,24.2521359009958,0 79.5449309026741,24.2521355064996,0 79.5449332410824,24.2521350068994,0 79.5449355501489,24.2521344033829,0 79.5449439501516,24.2521320033822,0 79.5449465074398,24.2521312014989,0 79.5449490128906,24.2521302721821,0 79.544951458956,24.2521292182313,0 79.5449538382674,24.2521280428216,0 79.5449561436571,24.2521267494938,0 79.54495836818,24.2521253421442,0 79.5449605051349,24.2521238250125,0 79.5449625480839,24.2521222026689,0 79.5449644908729,24.2521204800008,0 79.5449663276491,24.2521186621977,0 79.5449886752642,24.2520952903109,0 79.5450038400295,24.2520823556555,0 79.5450059177402,24.2520804751069,0 79.5450078702434,24.252078484968,0 79.5450096906754,24.252076392235,0 79.545027690673,24.2520543922302,0 79.5450292030696,24.2520524377591,0 79.5450306002262,24.252050412465,0 79.5450318782064,24.2520483220541,0 79.5450330334096,24.2520461724158,0 79.5450340625812,24.2520439696065,0 79.5450345086275,24.2520428549004,0 79.5450367213671,24.2520424047191,0 79.5450392041661,24.2520417730168,0 79.5450416475265,24.2520410231073,0 79.5450440447587,24.2520401570439,0 79.5450463892989,24.2520391771979,0 79.5450486747279,24.2520380862521,0 79.5450508947881,24.2520368871934,0 79.5450530434011,24.2520355833048,0 79.545055114684,24.2520341781565,0 79.5450571029657,24.2520326755957,0 79.5450590028022,24.2520310797363,0 79.5450594546642,24.2520306582458,0 79.5450597792273,24.2520304810012,0 79.5450618876257,24.2520291903635,0 79.5450639207821,24.2520278019471,0 79.5450658733076,24.2520263194322,0 79.5450677400271,24.2520247467482,0 79.5450695159927,24.2520230880635,0 79.5450711964971,24.2520213477744,0 79.5450727770864,24.2520195304938,0 79.5450742535709,24.2520176410382,0 79.5450756220373,24.2520156844157,0 79.5450768788584,24.2520136658125,0 79.5450780207031,24.2520115905788,0 79.5450790445448,24.252009464215,0 79.5450799476698,24.2520072923573,0 79.5450807276845,24.252005080762,0 79.5450813825213,24.2520028352911,0 79.5450819104445,24.2520005618963,0 79.5450821298612,24.2519993016051,0 79.5450832335583,24.2519982707745,0 79.5450849456106,24.2519964941039,0 79.545086553582,24.251994637484,0 79.5450880530384,24.2519927060344,0 79.5450894398454,24.2519907050809,0 79.5450907101789,24.251988640141,0 79.545091860536,24.2519865169086,0 79.5450928877447,24.2519843412385,0 79.5450962460806,24.2519766825891,0 79.5451031973892,24.2519716012219,0 79.5451050459647,24.2519701806537,0 79.5451068164514,24.2519686787943,0 79.5451085046013,24.2519670992472,0 79.5451101063639,24.2519654458023,0 79.5451116178961,24.2519637224267,0 79.5451130355712,24.2519619332555,0 79.5451143559876,24.2519600825815,0 79.5451216559857,24.2519492825794,0 79.54512298182,24.2519471987071,0 79.5451241843533,24.2519450528766,0 79.5451252601519,24.251942851215,0 79.545126206144,24.2519406000089,0 79.5451270196284,24.2519383056864,0 79.5451276982823,24.2519359747987,0 79.5451282401678,24.2519336140014,0 79.5451286437378,24.2519312300354,0 79.5451289078398,24.251928829708,0 79.5451290317197,24.251926419873,0 79.5451290150239,24.2519240074115,0 79.5451288578,24.2519215992118,0 79.545128560497,24.2519192021505,0 79.5451281239637,24.251916823072,0 79.5451275494467,24.2519144687695,0 79.5451241811629,24.2519022125835,0 79.5451242120784,24.2519021941384,0 79.5451262647172,24.2519008264906,0 79.5451282377916,24.2518993637139,0 79.5451301260625,24.2518978096923,0 79.5451376260629,24.2518913096907,0 79.5451394942299,24.2518896014315,0 79.5451412599196,24.2518878038809,0 79.5451429180627,24.2518859221995,0 79.5451444638988,24.2518839617896,0 79.5451458929896,24.2518819282796,0 79.5451472012325,24.2518798275075,0 79.5451483848713,24.2518776655047,0 79.5451663848624,24.251842465499,0 79.5451674119287,24.2518403130033,0 79.5451683154732,24.2518381144346,0 79.545169093049,24.2518358757469,0 79.5451697425504,24.2518336030028,0 79.5451702622183,24.2518313023571,0 79.5451706506456,24.2518289800402,0 79.5451709067804,24.2518266423413,0 79.5451710299289,24.2518242955909,0 79.5451710197577,24.2518219461444,0 79.5451708762944,24.2518196003643,0 79.5451705999274,24.2518172646033,0 79.5451701914053,24.2518149451867,0 79.5451696518343,24.2518126483958,0 79.5451689826757,24.2518103804506,0 79.5451681857416,24.2518081474928,0 79.5451672631902,24.2518059555697,0 79.5451662175198,24.251803810617,0 79.5451650515623,24.2518017184436,0 79.5451637684752,24.2517996847152,0 79.5451623717333,24.2517977149395,0 79.545160865119,24.2517958144507,0 79.5451592527124,24.2517939883957,0 79.5451575388801,24.2517922417194,0 79.5451557282634,24.2517905791521,0 79.5451538257655,24.2517890051963,0 79.5451518365386,24.2517875241143,0 79.5451497659698,24.251786139917,0 79.5451476196663,24.251784856353,0 79.5451454034406,24.2517836768983,0 79.5451431232944,24.251782604747,0 79.5451407854026,24.2517816428026,0 79.5451383960964,24.2517807936701,0 79.5451359618464,24.2517800596491,0 79.5451334892447,24.2517794427274,0 79.5451309849873,24.2517789445756,0 79.5451284558561,24.2517785665428,0 79.5451259087001,24.2517783096527,0 79.5451233504174,24.2517781746011,0 79.545120787936,24.2517781617536,0 79.5451182281954,24.2517782711451,0 79.5451156781276,24.2517785024792,0 79.5451131446385,24.2517788551296,0 79.5451106345889,24.2517793281413,0 79.5451081547763,24.2517799202332,0 79.5451057119164,24.2517806298018,0 79.5451033126247,24.2517814549258,0 79.5451009633986,24.2517823933704,0 79.5450986706001,24.2517834425944,0 79.5450964404383,24.2517845997562,0 79.5450846404408,24.2517910997544,0 79.5450825098972,24.2517923426152,0 79.5450804516486,24.2517936839834,0 79.5450784711077,24.2517951203315,0 79.5450765734832,24.2517966478821,0 79.5450747637655,24.2517982626179,0 79.5450730467139,24.2517999602924,0 79.545071426844,24.251801736441,0 79.5450699084158,24.2518035863927,0 79.5450690691071,24.2518047262006,0 79.5450540407274,24.2518109090461,0 79.54505158568,24.2518119948947,0 79.5450491999265,24.2518132036316,0 79.5450468907771,24.251814531553,0 79.5450446653074,24.2518159745902,0 79.5450425303366,24.2518175283212,0 79.5450404924065,24.2518191879854,0 79.5450066924084,24.2518482879781,0 79.5450049391659,24.2518498749417,0 79.5450032746905,24.2518515403196,0 79.5450017031488,24.2518532799429,0 79.5450002284748,24.251855089457,0 79.5449988543599,24.2518569643322,0 79.5449975842439,24.2518588998752,0 79.5449964213061,24.2518608912409,0 79.5449953684578,24.2518629334445,0 79.5449944283344,24.2518650213737,0 79.5449942302438,24.2518655324022,0 79.544993001946,24.251864964509,0 79.5449906193276,24.2518640041341,0 79.5449881846926,24.251863160524,0 79.5449857048426,24.2518624360355,0 79.5449831867055,24.2518618326925,0 79.5449806373162,24.2518613521806,0 79.5449780637969,24.2518609958423,0 79.5449754733373,24.2518607646729,0 79.5449728731743,24.2518606593184,0 79.5449702705718,24.2518606800731,0 79.5449676728009,24.2518608268789,0 79.5449650871188,24.2518610993258,0 79.5449625207492,24.2518614966525,0 79.5449599808616,24.2518620177492,0 79.544954903545,24.251863189438,0 79.5449523088099,24.2518624800401,0 79.5449471526777,24.2518474832559,0 79.5449477519709,24.2518462027137,0 79.5449488231543,24.251843712621,0 79.5449497315022,24.2518411687013,0 79.5449504738215,24.2518385798969,0 79.5449523699988,24.251831068108,0 79.5449531708822,24.2518313228353,0 79.5449556189169,24.251831973463,0 79.5449581003911,24.2518325070804,0 79.5449606086562,24.2518329222579,0 79.5449631369923,24.2518332178831,0 79.5449656786253,24.251833393164,0 79.5449682267457,24.251833447631,0 79.5449707745265,24.251833381138,0 79.5449733151417,24.2518331938634,0 79.5449758417844,24.2518328863087,0 79.5449783476853,24.2518324592981,0 79.5449808261305,24.2518319139756,0 79.5449832704797,24.2518312518022,0 79.5449856741841,24.2518304745519,0 79.5449880308035,24.2518295843073,0 79.5449903340241,24.2518285834535,0 79.5449925776752,24.251827474672,0 79.5450024776774,24.2518222746705,0 79.5450047003255,24.2518210345871,0 79.5450068484309,24.2518196885969,0 79.5450089159965,24.2518182404576,0 79.5450108972499,24.2518166942122,0 79.5450127866597,24.2518150541776,0 79.5450145789512,24.2518133249325,0 79.5450162691205,24.2518115113046,0 79.545017852449,24.2518096183572,0 79.5450193245164,24.2518076513752,0 79.5450206812127,24.25180561585,0 79.5450219187505,24.2518035174645,0 79.5450230336747,24.2518013620769,0 79.5450240228726,24.2517991557048,0 79.5450248835826,24.251796904508,0 79.5450256134016,24.2517946147714,0 79.5450262102923,24.2517922928876,0 79.5450266725882,24.2517899453388,0 79.5450269989987,24.2517875786791,0 79.5450271381273,24.2517858329737,0 79.5450290956605,24.2517848652172,0 79.5450312948054,24.2517836378489,0 79.5450334209779,24.2517823067746,0 79.5450354683661,24.2517808756329,0 79.5450374313732,24.251779348336,0 79.5450393046332,24.2517777290588,0 79.5450410830255,24.2517760222277,0 79.5450427616885,24.2517742325086,0 79.5450443360337,24.2517723647937,0 79.5450458017573,24.2517704241886,0 79.5450471548528,24.251768415998,0 79.5450483916214,24.2517663457116,0 79.5450495086822,24.2517642189886,0 79.5450505029817,24.2517620416425,0 79.5450513718019,24.2517598196254,0 79.5450521127678,24.2517575590112,0 79.545052723854,24.2517552659795,0 79.54505320339,24.2517529467985,0 79.5450535500649,24.2517506078078,0 79.5450537629311,24.2517482554014,0 79.5450538414068,24.2517458960095,0 79.5450537852774,24.2517435360819,0 79.5450535946963,24.2517411820695,0 79.5450532701846,24.2517388404073,0 79.5450528126293,24.2517365174962,0 79.5450522232812,24.2517342196863,0 79.5450515037513,24.2517319532587,0 79.5450506560065,24.2517297244089,0 79.5450496823642,24.2517275392295,0 79.5450496273664,24.2517274321532,0 79.5450503778687,24.2517268232696,0 79.54505220177,24.2517251811273,0 79.5450539302671,24.2517234544159,0 79.5450555587016,24.2517216477888,0 79.5450570826852,24.2517197661146,0 79.5450584981108,24.2517178144642,0 79.545059801164,24.2517157980973,0 79.5450609883333,24.2517137224476,0 79.5450620564192,24.2517115931089,0 79.5450801564087,24.2516728931031,0 79.5450810973497,24.2516707286978,0 79.5450819152474,24.2516685226667,0 79.5450826079236,24.2516662808853,0 79.5450831735333,24.2516640093245,0 79.54508361057,24.2516617140344,0 79.5450839178698,24.2516594011283,0 79.5450840946142,24.2516570767665,0 79.5450841403324,24.2516547471398,0 79.5450840549028,24.2516524184529,0 79.5450838385527,24.2516500969081,0 79.5450834918585,24.2516477886887,0 79.5450830157436,24.2516454999424,0 79.545082411476,24.2516432367652,0 79.5450794114725,24.251633136766,0 79.5450786516519,24.2516308245027,0 79.5450777580694,24.2516285527972,0 79.5450767332817,24.2516263281491,0 79.5450755802207,24.2516241569233,0 79.5450743021855,24.2516220453321,0 79.5450729028328,24.2516199994168,0 79.5450713861662,24.2516180250312,0 79.5450697565251,24.2516161278241,0 79.5450681269187,24.2516144263487,0 79.5450686025096,24.2516126555791,0 79.5450690834854,24.2516103578425,0 79.5450693272148,24.2516087463164,0 79.545070618774,24.2516106303328,0 79.5450721232813,24.2516125865791,0 79.5450737387572,24.2516144669664,0 79.5450754606608,24.251616266209,0 79.5450772841516,24.2516179792492,0 79.545079204104,24.2516196012718,0 79.5450804004208,24.2516205093259,0 79.5450837050076,24.2516290284968,0 79.545084646219,24.251631264997,0 79.545085715578,24.2516334525401,0 79.5450869100698,24.2516355849589,0 79.5450882263267,24.2516376562415,0 79.5450896606379,24.2516396605482,0 79.5450912089595,24.2516415922284,0 79.5450928669265,24.2516434458361,0 79.5450946298645,24.2516452161454,0 79.5450964928033,24.2516468981653,0 79.5450984504908,24.2516484871537,0 79.5450997504908,24.2516494871539,0 79.5451017847053,24.2516509698668,0 79.5451039014022,24.2516523521205,0 79.5451060946862,24.2516536300653,0 79.5451083584488,24.2516548001419,0 79.5451106863851,24.2516558590916,0 79.5451130720114,24.2516568039651,0 79.5451155086836,24.2516576321307,0 79.5451179896151,24.2516583412819,0 79.5451205078962,24.2516589294436,0 79.5451230565133,24.2516593949777,0 79.5451256283681,24.2516597365877,0 79.5451282162976,24.2516599533221,0 79.5451308130941,24.2516600445773,0 79.5451334115253,24.2516600100991,0 79.5451360043541,24.2516598499835,0 79.5451385843592,24.2516595646766,0 79.5451411443549,24.2516591549728,0 79.5451436772113,24.2516586220134,0 79.5451461758741,24.2516579672825,0 79.5451486333842,24.2516571926039,0 79.5451510428972,24.2516563001349,0 79.5451533977021,24.2516552923614,0 79.5451556912406,24.25165417209,0 79.5451579171249,24.2516529424408,0 79.5451600691556,24.2516516068387,0 79.545162141339,24.2516501690033,0 79.5451641279038,24.2516486329393,0 79.5451660233173,24.2516470029248,0 79.5451678223003,24.2516452834996,0 79.5451695198426,24.2516434794525,0 79.5451711112163,24.251641595808,0 79.5451725919892,24.2516396378124,0 79.5451739580371,24.2516376109188,0 79.5451752055554,24.2516355207724,0 79.5451763310697,24.2516333731946,0 79.5451773314453,24.2516311741667,0 79.545178203896,24.2516289298131,0 79.5451789459918,24.2516266463848,0 79.545179555666,24.2516243302413,0 79.5451800312207,24.2516219878334,0 79.5451803713312,24.251619625685,0 79.5451805750503,24.2516172503751,0 79.5451806418108,24.251614868519,0 79.5451805714266,24.2516124867507,0 79.5451803640938,24.2516101117036,0 79.5451800203899,24.2516077499925,0 79.545179541272,24.2516054081951,0 79.5451789280747,24.2516030928336,0 79.5451766081783,24.2515952426908,0 79.5451770277615,24.2515948686282,0 79.54517880858,24.2515931966481,0 79.5451804926502,24.2515914424204,0 79.5451820754599,24.2515896106451,0 79.5451835527681,24.2515877062305,0 79.5451849206166,24.251585734279,0 79.5451861753404,24.2515837000743,0 79.5451873135776,24.2515816090668,0 79.5451883322786,24.2515794668591,0 79.5451906322771,24.2515742668583,0 79.5451915134646,24.2515721194815,0 79.545192274531,24.2515699338335,0 79.5451929135108,24.2515677155586,0 79.545193428754,24.2515654703855,0 79.5451938189298,24.2515632041124,0 79.5451940830308,24.2515609225919,0 79.5451942203747,24.2515586317161,0 79.545194230607,24.2515563374012,0 79.5451941137013,24.2515540455722,0 79.5451938699593,24.2515517621478,0 79.5451935000108,24.2515494930249,0 79.5451930048109,24.2515472440635,0 79.5451891419125,24.2515317423277,0 79.5451898169048,24.2515310774524,0 79.5451914853515,24.2515292493605,0 79.5451930462381,24.2515273430786,0 79.5451944952137,24.2515253639208,0 79.5451958282391,24.2515233174039,0 79.5451970415983,24.251521209233,0 79.545198131909,24.2515190452846,0 79.545199096132,24.251516831591,0 79.5451999315793,24.2515145743231,0 79.545200635922,24.2515122797731,0 79.5452012071969,24.2515099543373,0 79.5452016438113,24.2515076044981,0 79.5452019445482,24.2515052368059,0 79.5452021085694,24.2515028578607,0 79.5452021354174,24.2515004742941,0 79.5452020250177,24.2514980927505,0 79.5452017776777,24.2514957198687,0 79.5452013940872,24.2514933622631,0 79.5452008753154,24.251491026506,0 79.5452002228084,24.2514887191084,0 79.5451994383851,24.2514864465023,0 79.5451985242321,24.2514842150228,0 79.5451892242256,24.2514632150253,0 79.545188196409,24.2514610573432,0 79.5451871239018,24.2514590920824,0 79.5452072333299,24.2514662711056,0 79.5452096413755,24.2514670653432,0 79.5452120911738,24.2514677438044,0 79.5452145761082,24.2514683046568,0 79.5452170894668,24.2514687463854,0 79.5452196244614,24.2514690677973,0 79.5452221742451,24.2514692680243,0 79.5452247319311,24.2514693465256,0 79.5452272906112,24.2514693030892,0 79.5452298433745,24.2514691378324,0 79.5452323833264,24.2514688512016,0 79.5452349036065,24.2514684439709,0 79.5452373974076,24.2514679172402,0 79.5452398579943,24.2514672724322,0 79.5452422787207,24.2514665112884,0 79.5452446530484,24.2514656358648,0 79.5452469745646,24.2514646485257,0 79.5452492369991,24.2514635519378,0 79.5452514342412,24.251462349063,0 79.5452535603562,24.2514610431502,0 79.5452556096016,24.2514596377266,0 79.5452575764427,24.251458136588,0 79.545259455567,24.2514565437891,0 79.5452612418993,24.2514548636317,0 79.5452629306147,24.251453100654,0 79.5452645171521,24.2514512596176,0 79.5452659972264,24.251449345495,0 79.54526736684,24.2514473634562,0 79.5452686222938,24.2514453188544,0 79.5452697601967,24.2514432172121,0 79.5452707774755,24.2514410642056,0 79.5452716713825,24.25143886565,0 79.5452724395033,24.2514366274836,0 79.5452730797633,24.2514343557514,0 79.5452735904332,24.2514320565892,0 79.5452739701338,24.2514297362069,0 79.5452742178395,24.2514274008717,0 79.5452743328812,24.2514250568912,0 79.5452743149483,24.2514227105963,0 79.5452741640892,24.2514203683242,0 79.5452738807114,24.2514180364012,0 79.5452734655802,24.2514157211257,0 79.5452729198169,24.2514134287511,0 79.5452722448957,24.2514111654689,0 79.5452714426393,24.2514089373921,0 79.5452705152146,24.2514067505386,0 79.5452694651267,24.2514046108149,0 79.5452682952116,24.2514025240002,0 79.5452670086292,24.2514004957309,0 79.5452656088546,24.2513985314853,0 79.5452627899237,24.2513947917606,0 79.5452636832659,24.2513932316952,0 79.545264762051,24.2513910808293,0 79.5452657163843,24.2513888810735,0 79.545266543642,24.2513866384764,0 79.5452672415493,24.251384359204,0 79.5452678081873,24.2513820495235,0 79.545268241998,24.2513797157855,0 79.5452683136724,24.2513791536137,0 79.5452695564168,24.2513796791398,0 79.5452719554605,24.2513805568789,0 79.5452744014036,24.2513813180696,0 79.545276887516,24.2513819606173,0 79.5452794069569,24.2513824827541,0 79.5452819527939,24.2513828830432,0 79.5452845180219,24.2513831603832,0 79.5452870955825,24.251383314011,0 79.5452896783832,24.2513833435039,0 79.5452922593173,24.2513832487806,0 79.5452948312831,24.2513830301019,0 79.5452973872036,24.2513826880695,0 79.545299920046,24.2513822236245,0 79.5453024228411,24.2513816380448,0 79.545304888702,24.2513809329417,0 79.5453073108438,24.2513801102554,0 79.5453096826018,24.2513791722496,0 79.5453119974499,24.2513781215053,0 79.5453142490185,24.2513769609136,0 79.5453164311123,24.251375693668,0 79.5453185377272,24.2513743232556,0 79.5453205630664,24.251372853447,0 79.5453225015573,24.2513712882866,0 79.5453534015592,24.2513449882799,0 79.5453549812017,24.251343582222,0 79.545356490717,24.2513421128313,0 79.5453579270874,24.2513405830452,0 79.5453856570837,24.2513096783493,0 79.5453859524825,24.2513097877508,0 79.5453883770593,24.2513105536791,0 79.5453908418391,24.2513112028365,0 79.545393340137,24.2513117334623,0 79.545395865177,24.2513121441174,0 79.5453984101106,24.2513124336879,0 79.5454009680355,24.2513126013886,0 79.5454035320139,24.2513126467645,0 79.5454060950918,24.2513125696926,0 79.5454086503177,24.251312370382,0 79.5454111907611,24.2513120493731,0 79.5454137095317,24.2513116075367,0 79.5454146833457,24.2513113879766,0 79.5453979297005,24.2513261916655,0 79.5453961284579,24.2513278684553,0 79.545394424966,24.2513296290282,0 79.545392823854,24.2513314686,0 79.5453913294729,24.2513333821718,0 79.5453899458835,24.2513353645434,0 79.5453886768457,24.251337410328,0 79.545387525808,24.2513395139661,0 79.5453864958984,24.2513416697413,0 79.5453855899155,24.2513438717954,0 79.5453848103213,24.2513461141444,0 79.5453841592344,24.2513483906948,0 79.545383638424,24.2513506952602,0 79.5453832493054,24.2513530215781,0 79.5453829929361,24.2513553633268,0 79.5453828700127,24.2513577141428,0 79.5453828808692,24.2513600676379,0 79.5453830254762,24.2513624174165,0 79.5453833034407,24.2513647570932,0 79.5453837140073,24.2513670803101,0 79.5453842560605,24.2513693807539,0 79.5453849281271,24.2513716521734,0 79.5453857283809,24.251373888396,0 79.5453866546472,24.251376083345,0 79.545387704409,24.2513782310556,0 79.5453888748136,24.2513803256916,0 79.5453901626805,24.2513823615609,0 79.5453915645099,24.2513843331311,0 79.5453930764925,24.2513862350446,0 79.5453946945196,24.251388062133,0 79.5453964141942,24.2513898094314,0 79.5453982308433,24.2513914721914,0 79.5454001395301,24.2513930458947,0 79.5454021350679,24.2513945262648,0 79.5454042120339,24.2513959092788,0 79.5454063647841,24.2513971911785,0 79.5454085874686,24.2513983684804,0 79.5454108740471,24.2513994379851,0 79.5454132183062,24.2514003967865,0 79.5454156138754,24.251401242279,0 79.5454180542448,24.251401972165,0 79.5454205327828,24.251402584461,0 79.5454230427543,24.2514030775032,0 79.5454255773383,24.2514034499518,0 79.5454281296474,24.2514037007947,0 79.5454306927457,24.2514038293502,0 79.5454332596682,24.2514038352689,0 79.5454358234393,24.2514037185349,0 79.5454383770922,24.2514034794652,0 79.5454409136873,24.2514031187096,0 79.5454434263317,24.2514026372483,0 79.5454459081974,24.2514020363898,0 79.5454483525399,24.2514013177669,0 79.545450752717,24.2514004833323,0 79.5454531022062,24.2513995353536,0 79.545455394623,24.251398476407,0 79.5454748246894,24.251388910838,0 79.5454970424767,24.2514135604265,0 79.545498701116,24.2514153073484,0 79.5455004552855,24.2514169739821,0 79.5455023003687,24.2514185559414,0 79.5455042315095,24.251420049063,0 79.5455062436259,24.2514214494174,0 79.5455083314224,24.2514227533192,0 79.5455104894043,24.2514239573367,0 79.5455127118924,24.2514250583013,0 79.5455149930377,24.2514260533156,0 79.5455173268365,24.2514269397608,0 79.5455197071471,24.251427715304,0 79.5455221277048,24.2514283779043,0 79.5455245821395,24.2514289258177,0 79.5455270639915,24.2514293576023,0 79.5455295667293,24.2514296721218,0 79.5455320837661,24.2514298685484,0 79.5455346084779,24.2514299463652,0 79.54553713422,24.2514299053673,0 79.5455396543453,24.2514297456627,0 79.5455421622215,24.2514294676716,0 79.5455446512484,24.2514290721258,0 79.5455471148755,24.251428560066,0 79.5455688812108,24.2514234944469,0 79.5456090659906,24.2514231457719,0 79.5456116766139,24.2514230595852,0 79.5456142785783,24.2514228465832,0 79.5456168645611,24.2514225073655,0 79.5456194272841,24.2514220428867,0 79.5456219595349,24.2514214544541,0 79.5456244541867,24.2514207437237,0 79.5456269042187,24.2514199126958,0 79.5456528846158,24.2514103746883,0 79.545675081996,24.2514118324262,0 79.5456775206191,24.251411936947,0 79.5456799618953,24.2514119305241,0 79.545682399824,24.2514118131733,0 79.545684828413,24.251411585183,0 79.545687241693,24.2514112471135,0 79.5456896337322,24.251410799796,0 79.5456919986513,24.2514102443297,0 79.5457027986547,24.251407444329,0 79.5457052811245,24.2514067353175,0 79.5457077193146,24.2514059071519,0 79.5457101064271,24.2514049621414,0 79.5457124358061,24.2514039029207,0 79.545714700957,24.2514027324433,0 79.545716895564,24.2514014539725,0 79.5457190135082,24.2514000710731,0 79.5457210488843,24.2513985876008,0 79.5457229960174,24.2513970076918,0 79.5457248494785,24.2513953357512,0 79.5457266040998,24.2513935764407,0 79.545728254989,24.2513917346655,0 79.5457297975432,24.2513898155609,0 79.5457312274615,24.2513878244777,0 79.5457325407569,24.2513857669675,0 79.5457337337679,24.2513836487669,0 79.5457348031679,24.2513814757819,0 79.5457357459755,24.2513792540711,0 79.5457365595618,24.2513769898292,0 79.5457372416584,24.2513746893692,0 79.5457377903635,24.2513723591053,0 79.5457382041472,24.2513700055347,0 79.5457384818559,24.2513676352195,0 79.5457404818473,24.2513449352185,0 79.545740622014,24.2513425774016,0 79.5457406275342,24.2513402160904,0 79.545740498393,24.2513378577443,0 79.5457402349436,24.2513355088144,0 79.5457398379066,24.2513331757263,0 79.5457393083681,24.2513308648621,0 79.5457386477768,24.2513285825432,0 79.5457378579396,24.2513263350127,0 79.5457369410172,24.2513241284189,0 79.5457358995178,24.2513219687978,0 79.5457347362904,24.251319862057,0 79.545733454517,24.2513178139596,0 79.5457320577039,24.251315830108,0 79.545730549672,24.2513139159291,0 79.5457289345467,24.2513120766591,0 79.545727216746,24.2513103173292,0 79.5457254009689,24.2513086427522,0 79.5457234921826,24.2513070575088,0 79.5457214956085,24.2513055659354,0 79.5457194167081,24.2513041721123,0 79.5457172611684,24.2513028798521,0 79.5457150348858,24.2513016926899,0 79.5457127439501,24.2513006138731,0 79.5457103946284,24.2512996463528,0 79.545707993347,24.2512987927756,0 79.5457055466748,24.2512980554766,0 79.5457030613045,24.2512974364726,0 79.5457018338155,24.251297193139,0 79.5457027998126,24.251295668233,0 79.5457039529268,24.2512936123257,0 79.5457049897467,24.2512915049944,0 79.5457059075538,24.2512893517648,0 79.5457087075517,24.2512822517638,0 79.5457095186207,24.2512800140195,0 79.5457102011513,24.2512777405004,0 79.5457107532815,24.2512754374088,0 79.545711173505,24.2512731110273,0 79.5457114606756,24.2512707677023,0 79.5457114717784,24.2512705972609,0 79.5457355745745,24.2512933532724,0 79.5457373573221,24.251294953241,0 79.545739226161,24.2512964683746,0 79.5457411762945,24.2512978947845,0 79.5457432027174,24.2512992288096,0 79.5457453002286,24.2513004670259,0 79.5457474634447,24.2513016062556,0 79.5457496868135,24.2513026435745,0 79.5457519646284,24.2513035763203,0 79.5457542910431,24.2513044020989,0 79.5458025916995,24.2513202689854,0 79.5458103428701,24.2513296544417,0 79.5458119821043,24.2513315331088,0 79.5458137281625,24.2513333290464,0 79.5458155760863,24.2513350371545,0 79.5458175206282,24.2513366525825,0 79.5458195562663,24.2513381707431,0 79.5458216772199,24.2513395873252,0 79.5458238774662,24.2513408983061,0 79.545826150757,24.2513420999629,0 79.545828490637,24.2513431888834,0 79.5458308904615,24.2513441619753,0 79.5458333434157,24.2513450164753,0 79.5458358425339,24.2513457499568,0 79.5458383807193,24.251346360337,0 79.5458409507643,24.2513468458826,0 79.5458788507768,24.2513530458853,0 79.5458814015139,24.2513534002151,0 79.5458839689904,24.2513536315743,0 79.5458865461592,24.2513537393277,0 79.5458891259461,24.2513537231796,0 79.54589170127,24.2513535831745,0 79.545894265062,24.2513533196964,0 79.5458968102847,24.2513529334688,0 79.545899329952,24.2513524255516,0 79.5459018171476,24.2513517973391,0 79.5459042650445,24.2513510505557,0 79.5459066669235,24.2513501872511,0 79.5459090161919,24.251349209795,0 79.5459113064011,24.2513481208705,0 79.5459135312649,24.2513469234664,0 79.5459156846763,24.2513456208694,0 79.5459177607244,24.2513442166551,0 79.5459197537108,24.2513427146779,0 79.545921658165,24.2513411190604,0 79.5459234688596,24.2513394341823,0 79.5459251808244,24.2513376646686,0 79.5459267893602,24.2513358153762,0 79.545928290052,24.2513338913813,0 79.5459296787804,24.2513318979648,0 79.5459309517337,24.2513298405986,0 79.5459321054177,24.2513277249298,0 79.5459331366657,24.2513255567656,0 79.5459340426471,24.2513233420573,0 79.5459348208751,24.2513210868841,0 79.5459354692137,24.2513187974361,0 79.545935985883,24.2513164799975,0 79.5459363694651,24.2513141409294,0 79.5459366189071,24.2513117866522,0 79.5459367335241,24.251309423628,0 79.5459367130018,24.2513070583432,0 79.5459365573963,24.25130469729,0 79.5459362671348,24.2513023469492,0 79.545935843014,24.2513000137722,0 79.5459352861982,24.2512977041634,0 79.5459345982157,24.2512954244621,0 79.5459337809549,24.251293180926,0 79.545932836659,24.2512909797132,0 79.5459317679202,24.2512888268657,0 79.545930577672,24.2512867282928,0 79.5459292691813,24.2512846897549,0 79.5459278460398,24.2512827168474,0 79.5459263121539,24.2512808149857,0 79.545924671734,24.2512789893902,0 79.5459229292826,24.2512772450718,0 79.5459210895827,24.2512755868185,0 79.5459191576839,24.251274019182,0 79.5459171388891,24.2512725464651,0 79.5458488388959,24.2512253464786,0 79.5458468083581,24.2512240158585,0 79.545844706893,24.2512227812802,0 79.5458425398995,24.2512216459152,0 79.5458403129446,24.2512206126806,0 79.5458380317496,24.2512196842306,0 79.5458357021749,24.2512188629505,0 79.5458333302054,24.2512181509502,0 79.5458309219346,24.2512175500589,0 79.5458284835496,24.2512170618203,0 79.5458260213148,24.2512166874887,0 79.5458235415556,24.2512164280258,0 79.5458210506428,24.2512162840982,0 79.5458166347056,24.2512161318251,0 79.5458135850597,24.2512058324339,0 79.545814001031,24.251205957617,0 79.545816545588,24.2512065873007,0 79.5458191232464,24.2512070912552,0 79.5458217266216,24.251207468037,0 79.5458243482553,24.2512077165666,0 79.5458269806371,24.251207836132,0 79.5458296162257,24.2512078263907,0 79.5458322474706,24.2512076873706,0 79.5458348668337,24.2512074194699,0 79.5458374668111,24.2512070234562,0 79.5458400399543,24.2512065004639,0 79.5458425788917,24.2512058519914,0 79.5458450763497,24.2512050798963,0 79.5458475251735,24.2512041863906,0 79.5458499183478,24.2512031740341,0 79.5458522490164,24.2512020457269,0 79.5458545105026,24.2512008047014,0 79.5458566963275,24.251199454513,0 79.5458588002291,24.2511979990296,0 79.5458608161801,24.2511964424211,0 79.5458872219739,24.2511749198874,0 79.5459158847689,24.2511578844506,0 79.5459181127192,24.2511564791551,0 79.5459200687502,24.2511550943955,0 79.5459206328843,24.2511556225171,0 79.5459225280393,24.2511572203571,0 79.5459245116922,24.2511587251928,0 79.5459265784202,24.2511601329105,0 79.5459287225731,24.2511614396616,0 79.5459309382895,24.2511626418739,0 79.545933219512,24.2511637362608,0 79.5459355600043,24.2511647198304,0 79.5459379533679,24.2511655898938,0 79.54594039306,24.2511663440726,0 79.5459428724108,24.2511669803049,0 79.5459453846425,24.2511674968514,0 79.5459479228872,24.2511678923,0 79.5459504802057,24.2511681655696,0 79.545953049607,24.2511683159132,0 79.5459556240669,24.2511683429197,0 79.5459581965474,24.2511682465153,0 79.5459607600158,24.2511680269637,0 79.5459622722652,24.2511678238825,0 79.5459626144782,24.2511688983673,0 79.5459634770158,24.2511711549385,0 79.5459644368373,24.2511732955304,0 79.545963634985,24.2511741273747,0 79.5459448349837,24.25119472737,0 79.5459432624696,24.2511965432209,0 79.5459417937073,24.2511984306973,0 79.5459404325708,24.2512003848209,0 79.5459391826499,24.2512024004379,0 79.5459380472413,24.251204472232,0 79.5459370293397,24.251206594739,0 79.5459361316297,24.2512087623607,0 79.545935356479,24.2512109693802,0 79.5459347059321,24.2512132099765,0 79.5459341817049,24.25121547824,0 79.5459337851798,24.2512177681882,0 79.5459335174029,24.2512200737815,0 79.5459333790802,24.2512223889389,0 79.5459333705768,24.2512247075542,0 79.5459334919149,24.2512270235121,0 79.5459337427747,24.2512293307044,0 79.5459354427699,24.2512417307047,0 79.545935823404,24.2512440277475,0 79.5459363324212,24.2512463037948,0 79.5459369684734,24.251248552819,0 79.5459377298762,24.2512507688637,0 79.5459386146131,24.2512529460601,0 79.545939620341,24.2512550786422,0 79.5459407443965,24.2512571609622,0 79.5459419838025,24.2512591875054,0 79.5459433352768,24.2512611529048,0 79.5459447952402,24.2512630519553,0 79.5459463598261,24.2512648796275,0 79.545948024891,24.2512666310811,0 79.5459497860253,24.2512683016777,0 79.5459516385647,24.2512698869928,0 79.5459535776033,24.2512713828282,0 79.5459555980055,24.2512727852222,0 79.5459576944208,24.2512740904607,0 79.5459598612972,24.2512752950872,0 79.5459620928959,24.2512763959113,0 79.5459643833068,24.2512773900175,0 79.5459667264642,24.2512782747733,0 79.5459691161626,24.2512790478354,0 79.5459715460732,24.2512797071564,0 79.5459749940752,24.2512805548927,0 79.5459730868025,24.2512813562119,0 79.5459707726972,24.2512823964799,0 79.5459685211254,24.2512835463342,0 79.5459663382551,24.251284802625,0 79.5459642300661,24.2512861619107,0 79.5459622023335,24.2512876204677,0 79.5459602606123,24.2512891743004,0 79.5459584102215,24.2512908191521,0 79.5459566562301,24.251292550517,0 79.5459550034432,24.2512943636521,0 79.5459534563882,24.2512962535906,0 79.5459520193034,24.2512982151549,0 79.5459506961255,24.2513002429717,0 79.5459494904792,24.2513023314859,0 79.5459484056672,24.2513044749761,0 79.5459474446615,24.2513066675705,0 79.5459466100944,24.2513089032626,0 79.5459459042523,24.251311175928,0 79.5459453290689,24.2513134793408,0 79.5459448861196,24.251315807191,0 79.5459445766181,24.2513181531017,0 79.5459444014121,24.2513205106465,0 79.5459443609817,24.251322873367,0 79.5459444554375,24.2513252347908,0 79.5459446845209,24.2513275884489,0 79.5459450476042,24.2513299278937,0 79.545945543693,24.2513322467165,0 79.545946171428,24.251334538565,0 79.5459469290899,24.2513367971609,0 79.5459478146029,24.251339016317,0 79.5459488255414,24.2513411899541,0 79.5459499591359,24.2513433121176,0 79.545951212281,24.2513453769941,0 79.545952581544,24.251347378927,0 79.5459540631737,24.2513493124321,0 79.5459556531114,24.2513511722128,0 79.5459573470016,24.2513529531744,0 79.545959140204,24.2513546504381,0 79.5459610278063,24.2513562593543,0 79.5459630046375,24.2513577755155,0 79.5459650652823,24.2513591947684,0 79.5459672040957,24.251360513225,0 79.5459694152186,24.2513617272734,0 79.5459716925939,24.251362833588,0 79.5459740299827,24.251363829138,0 79.545976420982,24.2513647111963,0 79.545978859042,24.2513654773464,0 79.5459813374836,24.2513661254896,0 79.5459838495175,24.2513666538503,0 79.545986388262,24.2513670609812,0 79.5459889467625,24.2513673457669,0 79.5459915180102,24.2513675074273,0 79.5459940949613,24.2513675455195,0 79.5460352588604,24.2513671661297,0 79.5460748299257,24.2513701008263,0 79.5460758881104,24.2513701687939,0 79.5461071881213,24.2513718687951,0 79.5461097128966,24.2513719464072,0 79.5461106042572,24.2513719318648,0 79.5461118706107,24.2513734019998,0 79.5461135762101,24.251375181565,0 79.5461153812727,24.2513768766516,0 79.5461172808283,24.2513784825926,0 79.5461192696468,24.251379994966,0 79.5461213422521,24.2513814096078,0 79.5461234929376,24.2513827226228,0 79.5461257157816,24.2513839303958,0 79.5461280046636,24.2513850296014,0 79.5461303532815,24.2513860172129,0 79.5461327551686,24.2513868905111,0 79.5461352037116,24.2513876470914,0 79.5461376921687,24.2513882848707,0 79.546140213688,24.251388802093,0 79.546142761327,24.251389197334,0 79.5461453280709,24.2513894695056,0 79.5461479068525,24.2513896178584,0 79.5461504905713,24.2513896419838,0 79.5461530721134,24.2513895418155,0 79.5461556443707,24.2513893176292,0 79.5461582002608,24.2513889700422,0 79.5461607327463,24.2513885000116,0 79.5461632348543,24.2513879088316,0 79.5461656996954,24.2513871981298,0 79.546168120483,24.2513863698632,0 79.5461704905517,24.2513854263123,0 79.5461728033757,24.2513843700751,0 79.546175052587,24.2513832040597,0 79.5461772319925,24.2513819314768,0 79.5461793355915,24.2513805558302,0 79.5461813575919,24.2513790809076,0 79.5461832924265,24.2513775107702,0 79.5461851347677,24.251375849741,0 79.546186879543,24.2513741023936,0 79.5461885219482,24.2513722735391,0 79.5461900574612,24.251370368213,0 79.5461914818541,24.2513683916616,0 79.5461923224306,24.2513670805245,0 79.5462105279599,24.2513614523166,0 79.546214049303,24.2513611461129,0 79.5462165191207,24.2513608734746,0 79.5462189707691,24.2513604868211,0 79.546221397991,24.2513599871391,0 79.5462237945918,24.251359375704,0 79.5462261544547,24.2513586540762,0 79.5462284715571,24.2513578240974,0 79.5462307399851,24.251356887886,0 79.5462329539494,24.2513558478312,0 79.5462351077995,24.2513547065876,0 79.5462365307845,24.2513539079739,0 79.5462381598566,24.2513555493031,0 79.5462399902677,24.2513572100903,0 79.5462419128727,24.2513587808707,0 79.5462439224133,24.2513602573484,0 79.5462460133937,24.2513616354851,0 79.546248180095,24.2513629115119,0 79.5462504165916,24.2513640819389,0 79.5462527167668,24.251365143565,0 79.5462550743297,24.2513660934867,0 79.5462574828325,24.2513669291062,0 79.5462599356883,24.2513676481379,0 79.5462624261885,24.2513682486155,0 79.5462649475218,24.2513687288966,0 79.5462674927926,24.2513690876677,0 79.5462880927996,24.2513714876689,0 79.5462906059762,24.2513717205864,0 79.5462931288735,24.2513718350348,0 79.5462956548525,24.2513718307128,0 79.5462981772663,24.2513717076319,0 79.5463006894772,24.2513714661159,0 79.5463031848746,24.2513711068004,0 79.546305656892,24.2513706306308,0 79.5463080990243,24.2513700388602,0 79.5463105048452,24.2513693330459,0 79.546312868024,24.251368515045,0 79.5463151823419,24.2513675870102,0 79.5463174417092,24.2513665513835,0 79.5463196401803,24.2513654108901,0 79.5463554401879,24.2513457108846,0 79.5463576371059,24.2513444283135,0 79.5463597569881,24.2513430410358,0 79.5463617939042,24.2513415529325,0 79.5463637421557,24.2513399681664,0 79.5463655962924,24.2513382911711,0 79.5463673511273,24.251336526638,0 79.5463690017512,24.2513346795034,0 79.5463705435464,24.2513327549348,0 79.5463719721998,24.251330758316,0 79.5463732837146,24.2513286952329,0 79.546374474422,24.2513265714567,0 79.5463755409907,24.251324392929,0 79.5463764804371,24.2513221657442,0 79.5463772901331,24.2513198961328,0 79.5463779678135,24.2513175904442,0 79.5463785115826,24.2513152551286,0 79.546378919919,24.2513128967191,0 79.5463791916806,24.2513105218134,0 79.5463793023116,24.2513085591907,0 79.5463811598772,24.2513080719054,0 79.5463835591842,24.2513073179659,0 79.5463859129678,24.2513064517567,0 79.5463882149834,24.251305475576,0 79.5463904591238,24.2513043920134,0 79.5463926394352,24.2513032039436,0 79.5463947501333,24.2513019145188,0 79.5463967856184,24.2513005271596,0 79.5463987404902,24.2512990455468,0 79.5464006095627,24.251297473611,0 79.5464207095635,24.2512796736066,0 79.5464225249567,24.2512779790756,0 79.5464242406365,24.2512761993514,0 79.5464258518539,24.2512743393599,0 79.5464273541494,24.2512724042494,0 79.5464287433648,24.2512703993761,0 79.5464300156548,24.2512683302894,0 79.5464311674979,24.2512662027163,0 79.5464321957059,24.2512640225455,0 79.5464330974328,24.2512617958117,0 79.5464338701828,24.2512595286782,0 79.5464345118169,24.2512572274202,0 79.5464375714518,24.2512449123737,0 79.5464599322325,24.251233758664,0 79.5464621454554,24.2512325854242,0 79.5464642892825,24.2512313084485,0 79.5464663579351,24.2512299311789,0 79.5464683458373,24.2512284573279,0 79.5464702476307,24.2512268908681,0 79.5464720581892,24.2512252360219,0 79.5464737726324,24.2512234972498,0 79.5464753863392,24.2512216792387,0 79.5464768949599,24.2512197868888,0 79.546478294428,24.251217825301,0 79.5464795809714,24.2512157997626,0 79.5464807511222,24.2512137157335,0 79.5464818017263,24.2512115788309,0 79.5464827299519,24.2512093948149,0 79.5464835332971,24.2512071695724,0 79.5464842095963,24.2512049091014,0 79.5464847570267,24.2512026194949,0 79.5464851741128,24.2512003069245,0 79.5464854162739,24.2511983320234,0 79.5464866955641,24.2511983345004,0 79.5464892912617,24.2511982137945,0 79.5464918763974,24.2511979676868,0 79.5464944437694,24.2511975968629,0 79.5464969862253,24.2511971023558,0 79.5464994966823,24.2511964855432,0 79.5465019681466,24.2511957481435,0 79.5465043937329,24.2511948922108,0 79.5465263696062,24.2511865204503,0 79.5465447498957,24.2511853368709,0 79.5465473090021,24.2511851103899,0 79.5465498517274,24.2511847617522,0 79.5465523711401,24.2511842919081,0 79.5465548603719,24.2511837021386,0 79.546557312637,24.2511829940513,0 79.5465597212503,24.2511821695767,0 79.5465620796458,24.2511812309622,0 79.5465643813943,24.2511801807666,0 79.546566620221,24.2511790218528,0 79.5465687900227,24.2511777573802,0 79.5465708848844,24.2511763907957,0 79.5465728990952,24.2511749258249,0 79.5465748271644,24.2511733664612,0 79.5465766638357,24.2511717169557,0 79.5465784041023,24.2511699818051,0 79.5465800432202,24.2511681657396,0 79.5465815767208,24.2511662737098,0 79.5465830004239,24.2511643108736,0 79.5465843104482,24.2511622825818,0 79.5465855032225,24.2511601943638,0 79.5465865754953,24.2511580519122,0 79.5465875243435,24.2511558610674,0 79.5465883471803,24.251153627802,0 79.5465890417628,24.2511513582039,0 79.5465896061973,24.2511490584603,0 79.5465899987481,24.2511469506778,0 79.5465989960957,24.2511426662263,0 79.5466009807704,24.2511416673705,0 79.546602913271,24.251140585928,0 79.5466192132742,24.2511309859254,0 79.5466214203951,24.2511296070986,0 79.5466235427339,24.2511281205833,0 79.5466255740471,24.2511265307523,0 79.5466275083591,24.2511248422825,0 79.5466293399797,24.2511230601409,0 79.5466310635208,24.2511211895702,0 79.546632673912,24.2511192360731,0 79.5466341664162,24.2511172053963,0 79.5466355366427,24.2511151035135,0 79.5466367805606,24.2511129366078,0 79.5466378945107,24.2511107110539,0 79.5466388752161,24.2511084333986,0 79.5466398420869,24.2511059963524,0 79.5466520032504,24.2510998729483,0 79.5466534417236,24.2510991194959,0 79.5466714417275,24.2510893194932,0 79.5466736199874,24.2510880618032,0 79.5466757235857,24.2510867014622,0 79.5466777467734,24.2510852421877,0 79.5466796840216,24.2510836879679,0 79.5466815300359,24.25108204305,0 79.5466832797716,24.2510803119295,0 79.5466849284467,24.2510784993372,0 79.5466864715558,24.2510766102268,0 79.5466879048816,24.2510746497608,0 79.5466892245073,24.251072623297,0 79.5466904268263,24.2510705363734,0 79.546691508553,24.2510683946933,0 79.5466924667312,24.2510662041095,0 79.5466932987422,24.2510639706087,0 79.5466940023124,24.2510617002947,0 79.5466940658453,24.2510614452655,0 79.5466965289498,24.2510616884045,0 79.5466991108681,24.2510618804402,0 79.5467017002282,24.2510619477212,0 79.5467042898644,24.2510618900614,0 79.5467068726102,24.2510617076202,0 79.5467094413182,24.2510614009026,0 79.5467119888797,24.2510609707574,0 79.5467145082447,24.2510604183749,0 79.5467169924411,24.2510597452838,0 79.5467194345943,24.2510589533469,0 79.5467218279459,24.2510580447556,0 79.5467241658724,24.2510570220244,0 79.5467264419041,24.2510558879836,0 79.5467286497423,24.2510546457715,0 79.546730783277,24.2510532988259,0 79.5467328366039,24.2510518508741,0 79.5467348040407,24.2510503059233,0 79.5467366801427,24.2510486682488,0 79.5467384597181,24.2510469423829,0 79.5467396407009,24.2510456690979,0 79.5467407331345,24.2510460397762,0 79.5467432128537,24.2510467473218,0 79.54674572981,24.2510473340164,0 79.5467482770022,24.2510477982281,0 79.5467508473454,24.2510481386657,0 79.5467534336898,24.2510483543823,0 79.5467560288415,24.2510484447777,0 79.546758625582,24.2510484096007,0 79.5467612166881,24.2510482489489,0 79.5467637949527,24.2510479632694,0 79.5467663532042,24.2510475533566,0 79.5467688843266,24.2510470203509,0 79.5467713812795,24.2510463657347,0 79.5467738371175,24.251045591329,0 79.5467762450095,24.2510446992877,0 79.5467785982579,24.2510436920923,0 79.546780890317,24.2510425725441,0 79.5467831148112,24.2510413437573,0 79.5467852655531,24.2510400091499,0 79.5467873365603,24.2510385724341,0 79.5467893220721,24.2510370376062,0 79.5467912165657,24.2510354089354,0 79.5467930147715,24.251033690952,0 79.5467947116877,24.2510318884346,0 79.5467963025942,24.251030006397,0 79.5467977830659,24.2510280500742,0 79.5467989957353,24.2510262521217,0 79.5468008892804,24.2510258795854,0 79.546803380938,24.2510252625665,0 79.5468058339124,24.2510245266965,0 79.5468082414647,24.2510236739971,0 79.546810596981,24.2510227068108,0 79.5468128939901,24.2510216277946,0 79.5468151261818,24.2510204399129,0 79.5468172874236,24.2510191464289,0 79.5468193717783,24.2510177508962,0 79.5468531717829,24.2509938508899,0 79.5468551610688,24.250992366941,0 79.5468570633927,24.2509907900469,0 79.5468588735946,24.2509891244847,0 79.5468605867647,24.2509873747722,0 79.5468621982561,24.2509855456552,0 79.5468637036979,24.2509836420949,0 79.5468650990067,24.2509816692546,0 79.5468663803979,24.2509796324854,0 79.5468675443959,24.2509775373118,0 79.5468685878435,24.2509753894167,0 79.5468695079104,24.250973194626,0 79.5468703021011,24.2509709588929,0 79.5468709682614,24.2509686882815,0 79.5468715045845,24.2509663889506,0 79.5468719096156,24.2509640671369,0 79.5468721822561,24.250961729138,0 79.5468723217666,24.2509593812956,0 79.5468723277687,24.2509570299777,0 79.546872200246,24.2509546815623,0 79.5468719395445,24.2509523424189,0 79.5468715463714,24.2509500188924,0 79.5468714029728,24.2509493897256,0 79.5468794010209,24.2509495385257,0 79.5468820018019,24.2509495239243,0 79.5468845981142,24.2509493834401,0 79.546887182715,24.2509491174648,0 79.546889748394,24.2509487267407,0 79.5468922879936,24.2509482123576,0 79.5468947944291,24.2509475757506,0 79.5468972607082,24.2509468186955,0 79.5468996799508,24.2509459433045,0 79.5469020454077,24.2509449520194,0 79.5469043504801,24.2509438476059,0 79.5469065887375,24.2509426331448,0 79.5469087539358,24.2509413120242,0 79.5469108400347,24.2509398879296,0 79.5469128412145,24.2509383648338,0 79.5469147518925,24.2509367469859,0 79.5469165667386,24.2509350388991,0 79.5469182806897,24.2509332453386,0 79.5469198889646,24.2509313713078,0 79.5469213870765,24.2509294220348,0 79.546922770846,24.2509274029576,0 79.5469240364131,24.2509253197086,0 79.546925180247,24.2509231780997,0 79.5469261991568,24.2509209841053,0 79.5469270903,24.250918743846,0 79.5469278511907,24.2509164635716,0 79.5469284797061,24.2509141496432,0 79.5469289740929,24.2509118085161,0 79.5469289981054,24.2509116504888,0 79.546930473934,24.2509112507832,0 79.5469328907125,24.2509104687544,0 79.5469352598397,24.2509095724953,0 79.546937574898,24.2509085644338,0 79.5469398296161,24.2509074473005,0 79.5469420178862,24.2509062241217,0 79.5469441337806,24.2509048982108,0 79.5469704912463,24.2508874417897,0 79.5469881225213,24.250880246964,0 79.5469904806937,24.2508792150847,0 79.546992775846,24.2508780699672,0 79.5469934951386,24.2508776643335,0 79.5470017752012,24.2508862691066,0 79.5470035058913,24.250887976706,0 79.5470053304035,24.250889600127,0 79.5470072438737,24.2508911350417,0 79.547009241201,24.2508925773582,0 79.5470113170609,24.2508939232317,0 79.5470134659194,24.2508951690741,0 79.5470156820481,24.2508963115643,0 79.547017959539,24.2508973476566,0 79.5470202923208,24.2508982745889,0 79.5470226741745,24.2508990898901,0 79.5470250987507,24.2508997913869,0 79.5470275595856,24.250900377209,0 79.5470300501191,24.2509008457949,0 79.5470325637119,24.2509011958952,0 79.5470350936631,24.2509014265768,0 79.5470376332282,24.2509015372246,0 79.5470401756372,24.2509015275437,0 79.5470427141123,24.2509013975599,0 79.5470452418865,24.2509011476196,0 79.547047752221,24.2509007783893,0 79.5470502384237,24.2509002908532,0 79.5470526938667,24.250899686311,0 79.5470551120043,24.2508989663743,0 79.5470574863901,24.2508981329623,0 79.5470598106943,24.2508971882969,0 79.5470883107018,24.2508847882933,0 79.5470905475503,24.2508837502995,0 79.5470927238795,24.2508826092685,0 79.5470948340478,24.2508813681581,0 79.5470968725857,24.2508800301852,0 79.5470988342089,24.2508785988182,0 79.5471007138327,24.2508770777673,0 79.547102506585,24.2508754709751,0 79.5471042078186,24.2508737826067,0 79.5471058131239,24.2508720170386,0 79.5471073183397,24.2508701788472,0 79.5471087195643,24.2508682727974,0 79.5471100131656,24.2508663038298,0 79.5471111957904,24.2508642770483,0 79.5471122643733,24.2508621977065,0 79.5471132161444,24.2508600711942,0 79.5471218161383,24.2508393711914,0 79.5471226694382,24.2508371439393,0 79.5471233945981,24.2508348788382,0 79.5471239896353,24.2508325820809,0 79.5471244529231,24.2508302599466,0 79.5471247831948,24.2508279187839,0 79.5471249795474,24.2508255649936,0 79.5471250414443,24.2508232050109,0 79.5471249687161,24.2508208452879,0 79.5471247615616,24.2508184922761,0 79.5471244205474,24.2508161524084,0 79.5471239466056,24.2508138320822,0 79.547123341032,24.2508115376411,0 79.5471226054823,24.250809275358,0 79.5471217419675,24.250807051418,0 79.5471207528484,24.2508048719013,0 79.5471196408292,24.2508027427667,0 79.5471184089501,24.250800669835,0 79.5471170605792,24.2507986587738,0 79.5471155994028,24.2507967150812,0 79.5471140294158,24.2507948440712,0 79.5471123549104,24.250793050859,0 79.5471105804647,24.2507913403474,0 79.5471087109301,24.2507897172127,0 79.5471067514178,24.2507881858927,0 79.547104707285,24.2507867505739,0 79.5471025841204,24.2507854151804,0 79.5471003877287,24.2507841833631,0 79.5470981241147,24.2507830584899,0 79.5470957994671,24.2507820436361,0 79.5470934201415,24.2507811415762,0 79.5470909926428,24.2507803547766,0 79.5470885236078,24.2507796853882,0 79.5470860197867,24.2507791352412,0 79.5470834880251,24.2507787058397,0 79.5470809352445,24.2507783983576,0 79.5470783684243,24.2507782136356,0 79.5470757945822,24.2507781521787,0 79.5470732207548,24.250778214155,0 79.547070653979,24.2507783993949,0 79.5470681012723,24.250778707392,0 79.5470655696138,24.2507791373044,0 79.5470630659249,24.2507796879566,0 79.5470598144522,24.2507804860456,0 79.5470343454937,24.2507680504971,0 79.5470320764649,24.2507670104901,0 79.5470297520308,24.2507660790024,0 79.5470273783603,24.2507652585062,0 79.547024961753,24.2507645511791,0 79.5470225086225,24.2507639588982,0 79.5470200254794,24.2507634832354,0 79.5469759740185,24.2507561251902,0 79.546951885477,24.250750720712,0 79.5469531070676,24.2507490063166,0 79.5469543890126,24.2507469860585,0 79.5469555552061,24.2507449076794,0 79.5469566025228,24.2507427767496,0 79.5469575281556,24.2507405989802,0 79.5469583296238,24.2507383802078,0 79.5469590047794,24.250736126379,0 79.5469595518128,24.2507338435343,0 79.546959969258,24.2507315377921,0 79.5469602559962,24.2507292153319,0 79.5469604112589,24.2507268823782,0 79.54696043463,24.2507245451836,0 79.5469604218756,24.2507238458309,0 79.5469614426838,24.2507233452511,0 79.546963631325,24.2507221340442,0 79.5469657484573,24.2507208203255,0 79.5469677883744,24.2507194076359,0 79.5469697455783,24.250717899783,0 79.5469716147937,24.2507163008308,0 79.5469733909827,24.250714615089,0 79.5469750693578,24.2507128471009,0 79.5469766453956,24.2507110016319,0 79.546978114848,24.2507090836559,0 79.5469794737547,24.2507070983425,0 79.5469807184529,24.2507050510425,0 79.546981845588,24.2507029472739,0 79.5469828521219,24.2507007927071,0 79.5469837353418,24.250698593149,0 79.5469844928672,24.2506963545281,0 79.5469851226563,24.250694082878,0 79.5469856230118,24.2506917843215,0 79.5469859925851,24.2506894650538,0 79.54698623038,24.2506871313258,0 79.5469863357557,24.2506847894277,0 79.5469863242964,24.2506838066147,0 79.5469983532308,24.2506489029485,0 79.5469990579379,24.2506466574593,0 79.5469996349922,24.250644381549,0 79.5470000828481,24.2506420813135,0 79.547000400306,24.2506397629143,0 79.5470005865157,24.250637432561,0 79.5470006409783,24.2506350964956,0 79.547000563548,24.2506327609754,0 79.5470003544322,24.250630432256,0 79.5470001470365,24.2506290207209,0 79.5470021811362,24.2506290435019,0 79.5470047440347,24.2506289497398,0 79.5470072981313,24.2506287337459,0 79.5470098364961,24.2506283961063,0 79.5470123522417,24.2506279377371,0 79.5470148385423,24.250627359882,0 79.547017288652,24.2506266641089,0 79.5470196959228,24.2506258523055,0 79.5470569959337,24.2506122523016,0 79.5470592743451,24.2506113600684,0 79.547061500926,24.2506103638923,0 79.5470636700398,24.2506092662949,0 79.5470657761954,24.250608070055,0 79.5470678140612,24.2506067782007,0 79.5470697784782,24.2506053940024,0 79.5470716644736,24.2506039209642,0 79.547073467273,24.2506023628149,0 79.5470751823127,24.2506007234991,0 79.547076805251,24.2505990071667,0 79.5470783319795,24.2505972181625,0 79.5471026319761,24.2505672181561,0 79.547104176749,24.2505651979582,0 79.5471055988504,24.2505631034052,0 79.5471068940333,24.2505609407522,0 79.54710805843,24.2505587164578,0 79.5471090885629,24.2505564371645,0 79.5471099813557,24.2505541096794,0 79.5471107341423,24.250551740953,0 79.5471213341298,24.2505146409492,0 79.5471219450625,24.2505122362559,0 79.5471224117018,24.2505098045367,0 79.5471227326521,24.2505073530644,0 79.5471229069535,24.2505048891709,0 79.5471229340847,24.2505024202254,0 79.5471228139645,24.2504999536121,0 79.5471225469522,24.2504974967083,0 79.5471221338465,24.2504950568621,0 79.547118133839,24.250475056863,0 79.547117603217,24.2504727461397,0 79.5471169415488,24.2504704640143,0 79.5471161506446,24.2504682167301,0 79.5471152326681,24.2504660104349,0 79.5471141901304,24.2504638511641,0 79.5471130258836,24.2504617448249,0 79.5471117431127,24.2504596971795,0 79.5471103453269,24.2504577138294,0 79.5471088363499,24.2504558002003,0 79.54710722031,24.2504539615274,0 79.5471055016278,24.2504522028405,0 79.5471036850053,24.2504505289509,0 79.5471017754119,24.2504489444375,0 79.5470997780717,24.2504474536352,0 79.5470976984487,24.2504460606222,0 79.547095542232,24.2504447692093,0 79.5470933153202,24.2504435829293,0 79.5470910238053,24.2504425050275,0 79.5470886739561,24.2504415384526,0 79.547086272201,24.2504406858488,0 79.5470838251104,24.2504399495486,0 79.5470813393785,24.2504393315663,0 79.5470788218054,24.2504388335922,0 79.5470762792784,24.2504384569889,0 79.5470737187528,24.2504382027864,0 79.5470711472333,24.2504380716803,0 79.5470685717547,24.2504380640291,0 79.5470659993627,24.2504381798538,0 79.5470634370942,24.2504384188376,0 79.5470608919588,24.2504387803267,0 79.5470583709191,24.2504392633321,0 79.5470558808716,24.2504398665326,0 79.5470534286283,24.2504405882779,0 79.5470510208977,24.2504414265938,0 79.5470486642664,24.2504423791867,0 79.5470470735099,24.2504431155601,0 79.5470462553981,24.2504422495026,0 79.5470444474744,24.2504405287002,0 79.5470289266416,24.2504265174988,0 79.5470288670147,24.2504246193726,0 79.5470286580524,24.2504222636341,0 79.5470283149164,24.2504199211501,0 79.5470278385469,24.2504175983404,0 79.5470272302495,24.2504153015708,0 79.5470264916913,24.2504130371359,0 79.547016981155,24.2503864352311,0 79.5470170104749,24.2503859993801,0 79.5470170343486,24.2503836369444,0 79.5470169234031,24.2503812765981,0 79.5470166779422,24.2503789248048,0 79.547016298638,24.2503765880043,0 79.5470157865292,24.2503742725955,0 79.5470151430181,24.2503719849188,0 79.5470143698669,24.2503697312385,0 79.5470134691927,24.2503675177259,0 79.5470124434618,24.2503653504424,0 79.547011295483,24.2503632353226,0 79.5470100283999,24.2503611781584,0 79.5470086456821,24.250359184583,0 79.547007151116,24.2503572600554,0 79.5470055487941,24.2503554098455,0 79.5470038431041,24.2503536390198,0 79.5470020387168,24.2503519524275,0 79.5470001405731,24.2503503546869,0 79.5469981538707,24.2503488501731,0 79.5469960840499,24.250347443006,0 79.5469939367785,24.2503461370388,0 79.5469917179363,24.2503449358477,0 79.5469894335994,24.2503438427219,0 79.5469870900228,24.2503428606547,0 79.5469846936241,24.2503419923354,0 79.5469822509654,24.2503412401418,0 79.5469797687354,24.2503406061334,0 79.5469772537313,24.2503400920464,0 79.5469747128398,24.2503396992886,0 79.5469721530189,24.2503394289355,0 79.546969581278,24.2503392817274,0 79.5469670046594,24.2503392580673,0 79.5469661032144,24.2503392930659,0 79.5469658765032,24.2503386705171,0 79.5469649188699,24.2503364419698,0 79.5469638336761,24.2503342631252,0 79.5469626239763,24.2503321401161,0 79.5469612931754,24.2503300789184,0 79.5469598450193,24.2503280853336,0 79.5469582835842,24.2503261649732,0 79.5469387835811,24.250303464978,0 79.5469370967133,24.2503016059629,0 79.5469353037009,24.2502998324277,0 79.5469334096881,24.2502981494609,0 79.5469314201089,24.2502965618909,0 79.5469293406714,24.2502950742724,0 79.5469271773417,24.2502936908735,0 79.5469249363263,24.2502924156632,0 79.5469226240549,24.2502912523001,0 79.5469202471613,24.2502902041219,0 79.5469178124649,24.2502892741359,0 79.5469153269511,24.2502884650102,0 79.5468992269557,24.250283665012,0 79.5468972366025,24.2502831139335,0 79.546865410306,24.2502749701469,0 79.5468652735489,24.2502743258505,0 79.5468646542165,24.2502720472181,0 79.5468639064986,24.250269801194,0 79.5468630324179,24.2502675938548,0 79.5468620343395,24.2502654311725,0 79.54684613433,24.2502333311766,0 79.5468450002455,24.2502311930115,0 79.5468437449659,24.250229112551,0 79.5468423719725,24.250227095565,0 79.5468408850731,24.2502251476471,0 79.5468392883914,24.2502232741997,0 79.5468375863554,24.2502214804183,0 79.5468357836855,24.2502197712778,0 79.546833885381,24.2502181515181,0 79.5468169918222,24.2502044799302,0 79.5467934762353,24.2501795003455,0 79.5467917302723,24.2501777415497,0 79.5467898857193,24.2501760694905,0 79.5467879476947,24.2501744888075,0 79.5467859215759,24.2501730038868,0 79.5467838129853,24.2501716188488,0 79.5467816277737,24.2501703375366,0 79.5467793720047,24.2501691635058,0 79.5467566720094,24.2501580635095,0 79.5467543904014,24.2501570165188,0 79.5467520527081,24.2501560792898,0 79.5467496652056,24.2501552543388,0 79.5467472343037,24.2501545438804,0 79.5467447665287,24.2501539498222,0 79.546742268506,24.2501534737589,0 79.546739746942,24.2501531169688,0 79.5467372086067,24.2501528804096,0 79.5467346603147,24.2501527647166,0 79.5467321089076,24.2501527702002,0 79.5467295612352,24.2501528968459,0 79.5467270241374,24.2501531443135,0 79.5467256568905,24.2501533437944,0 79.5467237340842,24.2501520469359,0 79.5467063951144,24.2501409795104,0 79.5467041366885,24.25010925906,0 79.5467039036887,24.2501069224649,0 79.546703538605,24.2501046001239,0 79.5467030424233,24.2501022983095,0 79.5467024164838,24.2501000232386,0 79.5467016624772,24.2500977810559,0 79.5467007824399,24.2500955778174,0 79.5466997787488,24.2500934194737,0 79.5466986541149,24.2500913118544,0 79.5466974115756,24.2500892606519,0 79.5466960544869,24.2500872714063,0 79.5466945865141,24.2500853494903,0 79.5466930116223,24.250083500095,0 79.5466913340648,24.2500817282152,0 79.5466895583728,24.2500800386366,0 79.5466876893421,24.2500784359227,0 79.5466857320208,24.2500769244021,0 79.5466836916955,24.2500755081575,0 79.5466815738768,24.2500741910138,0 79.5466793842848,24.2500729765286,0 79.5466771288333,24.2500718679821,0 79.5466748136141,24.2500708683683,0 79.5466724448804,24.2500699803871,0 79.5466700290298,24.2500692064368,0 79.5466675725874,24.2500685486078,0 79.5466650821876,24.2500680086769,0 79.546662564557,24.2500675881023,0 79.5466600264952,24.2500672880199,0 79.5466574748574,24.2500671092403,0 79.5466549165353,24.2500670522463,0 79.5466523584386,24.2500671171918,0 79.5466498074765,24.2500673039015,0 79.5466472705388,24.250067611871,0 79.5466366739252,24.2500691561016,0 79.5466371906097,24.2500669555842,0 79.5466375975696,24.2500646470333,0 79.5466378736102,24.2500623222588,0 79.546638017991,24.2500599874979,0 79.5466380303247,24.2500576490145,0 79.546637910578,24.2500553130825,0 79.5466376590725,24.250052985969,0 79.5466372764826,24.2500506739174,0 79.5466367638351,24.2500483831308,0 79.5466361225052,24.2500461197551,0 79.5466353542135,24.2500438898627,0 79.5466344610214,24.2500416994363,0 79.5466334453252,24.2500395543524,0 79.5466324977561,24.2500376870853,0 79.5466320031971,24.2500357042325,0 79.5466313105768,24.2500334652527,0 79.5466304930383,24.2500312619723,0 79.5466295527541,24.2500291002457,0 79.5466284922227,24.2500269858173,0 79.5466273142623,24.2500249243056,0 79.5466260220029,24.2500229211885,0 79.5466246188785,24.2500209817887,0 79.5466236841892,24.2500198241323,0 79.5466291007608,24.2500089362678,0 79.5466301148469,24.2500067468596,0 79.5466310017596,24.2500045115205,0 79.5466317590368,24.2500022364553,0 79.5466323845767,24.2499999279792,0 79.5466328766428,24.2499975925,0 79.5466332338692,24.2499952365007,0 79.5466334552643,24.249992866521,0 79.5466335402137,24.2499904891395,0 79.5466334884814,24.2499881109555,0 79.5466333002112,24.2499857385703,0 79.5466329759256,24.2499833785693,0 79.5466325165248,24.2499810375032,0 79.546631923284,24.2499787218706,0 79.5466311978499,24.249976438099,0 79.5466303422363,24.249974192528,0 79.5466293588181,24.2499719913907,0 79.5466282503251,24.2499698407971,0 79.5466270198343,24.2499677467169,0 79.5466256707614,24.2499657149627,0 79.546624206851,24.2499637511744,0 79.5466226321668,24.2499618608031,0 79.5466209510798,24.2499600490961,0 79.5466191682563,24.2499583210823,0 79.5466172886452,24.2499566815584,0 79.5466153174639,24.2499551350754,0 79.5466132601839,24.2499536859261,0 79.546611122516,24.2499523381329,0 79.5466089103939,24.2499510954371,0 79.5466066299581,24.2499499612883,0 79.5466042875385,24.2499489388345,0 79.5466018896373,24.2499480309139,0 79.5465994429107,24.2499472400468,0 79.5465969541502,24.2499465684284,0 79.5465944302642,24.249946017923,0 79.5465918782586,24.2499455900587,0 79.5465893052171,24.2499452860232,0 79.5465867182821,24.2499451066604,0 79.5465841246345,24.2499450524682,0 79.5465815314736,24.249945123597,0 79.5465789459976,24.2499453198495,0 79.5465763753833,24.2499456406807,0 79.5465738267663,24.2499460852002,0 79.5465713072209,24.2499466521741,0 79.5465709788554,24.2499467431222,0 79.5465682018799,24.2499441248317,0 79.5465663740992,24.2499424886371,0 79.5465644562326,24.2499409415523,0 79.5465624534415,24.2499394877407,0 79.5465603711159,24.2499381311148,0 79.5465582148597,24.2499368753257,0 79.5465559904759,24.2499357237529,0 79.5465537039508,24.2499346794955,0 79.5465513614379,24.249933745364,0 79.5465489692413,24.2499329238721,0 79.5465465337991,24.2499322172307,0 79.5465440616655,24.2499316273416,0 79.5465415594934,24.2499311557922,0 79.5465390340169,24.2499308038516,0 79.5465364920324,24.2499305724669,0 79.546533940381,24.2499304622608,0 79.5465313859298,24.24993047353,0 79.5465288355532,24.2499306062441,0 79.5465262961149,24.2499308600459,0 79.5465237744491,24.2499312342524,0 79.546521277342,24.2499317278566,0 79.546518811514,24.24993233953,0 79.546516383601,24.2499330676264,0 79.5465077170799,24.2499358967806,0 79.5465062242229,24.2499340805987,0 79.5465045438331,24.2499322472481,0 79.5465027597813,24.2499304981712,0 79.5465008770872,24.2499288382889,0 79.5464758770877,24.2499079382943,0 79.5464739336987,24.2499063968166,0 79.5464719052491,24.249904950393,0 79.5464697972632,24.2499036029624,0 79.5464676154817,24.2499023581944,0 79.5464653658464,24.2499012194791,0 79.5464630544838,24.2499001899174,0 79.5464606876888,24.2498992723133,0 79.5464582719067,24.2498984691658,0 79.5464558137168,24.249897782662,0 79.5464533198136,24.2498972146717,0 79.5464507969888,24.2498967667416,0 79.546448252113,24.2498964400916,0 79.5464456921169,24.2498962356112,0 79.5464431239721,24.2498961538575,0 79.5464405546727,24.249896195053,0 79.5464379912157,24.2498963590854,0 79.5464354405825,24.2498966455082,0 79.5464329097194,24.2498970535413,0 79.5464304055186,24.2498975820734,0 79.5464279348001,24.2498982296651,0 79.5464255042926,24.2498989945529,0 79.5464231206151,24.2498998746537,0 79.5464207902593,24.2499008675707,0 79.5464185195717,24.2499019705997,0 79.5464163147359,24.2499031807368,0 79.5464141817568,24.2499044946864,0 79.5464121264431,24.2499059088702,0 79.546410154392,24.2499074194368,0 79.5464082709745,24.2499090222724,0 79.5464069819649,24.2499102400375,0 79.546404253527,24.2499081631668,0 79.5464022428637,24.2499067118968,0 79.5464001526864,24.2499053583572,0 79.54639798864,24.2499041062033,0 79.5463957565686,24.2499029588168,0 79.5463934625003,24.2499019192963,0 79.5463911126304,24.2499009904492,0 79.5463887133051,24.2499001747839,0 79.546386271004,24.2498994745032,0 79.5463837923228,24.2498988914984,0 79.5463812839556,24.2498984273438,0 79.5463787526764,24.2498980832931,0 79.5463762053214,24.2498978602752,0 79.5463736487698,24.2498977588927,0 79.5463710899261,24.2498977794191,0 79.5463685357006,24.2498979217991,0 79.5463659929914,24.2498981856482,0 79.5463634686653,24.2498985702539,0 79.5463609695396,24.2498990745774,0 79.5463585023634,24.2498996972567,0 79.5463560737998,24.2499004366103,0 79.5463536904072,24.2499012906414,0 79.5463513586224,24.2499022570436,0 79.5463490847426,24.2499033332071,0 79.5463468749087,24.2499045162255,0 79.5463447350886,24.2499058029039,0 79.5463426710612,24.2499071897675,0 79.5463406884005,24.249908673071,0 79.5463387924611,24.2499102488084,0 79.5463369883631,24.2499119127244,0 79.5463352809788,24.2499136603252,0 79.5463341887107,24.249914902558,0 79.5463332297908,24.2499141086913,0 79.5463312241755,24.2499126156688,0 79.5463291359166,24.2499112211453,0 79.5463269707622,24.2499099289591,0 79.546324734672,24.2499087426671,0 79.5463224338011,24.2499076655347,0 79.5463200744826,24.2499067005268,0 79.5463176632109,24.2499058502997,0 79.546315206623,24.2499051171935,0 79.546312711481,24.2499045032263,0 79.5463101846529,24.249904010088,0 79.5463076330938,24.249903639136,0 79.5463050638273,24.2499033913914,0 79.5463024839253,24.2499032675362,0 79.5462999004893,24.2499032679112,0 79.5462973206302,24.2499033925154,0 79.5462947514494,24.2499036410059,0 79.5462922000186,24.2499040126986,0 79.5462896733609,24.2499045065704,0 79.5462871784311,24.249905121262,0 79.5462847220966,24.2499058550813,0 79.5462823111186,24.2499067060084,0 79.5462809213976,24.2499072749156,0 79.5462803523568,24.2499067332545,0 79.5462784558387,24.2499051087239,0 79.5462764685984,24.24990357807,0 79.5462743961566,24.2499021455452,0 79.5462722442708,24.2499008151292,0 79.5462700189194,24.2498995905181,0 79.5462677262847,24.2498984751141,0 79.5462653727358,24.2498974720157,0 79.5462629648112,24.2498965840099,0 79.5462605092006,24.2498958135636,0 79.5462580127259,24.2498951628172,0 79.5462554823226,24.2498946335786,0 79.5462529250205,24.249894227318,0 79.5462503479242,24.2498939451641,0 79.5462477581931,24.2498937879007,0 79.546245163022,24.2498937559649,0 79.5462425696204,24.2498938494452,0 79.5462399851933,24.2498940680819,0 79.5462374169205,24.2498944112678,0 79.5462348719369,24.2498948780493,0 79.546232357313,24.2498954671297,0 79.5462298800347,24.2498961768724,0 79.5462075750124,24.249903163989,0 79.5462051210398,24.2499031725565,0 79.5462025420611,24.2499033057557,0 79.5461999742489,24.2499035627693,0 79.5461974246694,24.24990394289,0 79.5461949003383,24.249904445072,0 79.5461924082022,24.2499050679332,0 79.5461899551188,24.2499058097598,0 79.5461875478386,24.2499066685103,0 79.5461851929857,24.2499076418217,0 79.5461828970402,24.2499087270156,0 79.5461806663202,24.2499099211058,0 79.546178506964,24.2499112208064,0 79.5461764249137,24.249912622541,0 79.5461744258987,24.2499141224522,0 79.5461725154198,24.2499157164127,0 79.5461706987343,24.2499174000362,0 79.5461689808413,24.2499191686897,0 79.546167366468,24.2499210175064,0 79.5461658600569,24.2499229413985,0 79.5461644657533,24.2499249350721,0 79.5461456657479,24.2499534350667,0 79.5461444142154,24.2499554471487,0 79.5461432768815,24.249957515435,0 79.5461422567399,24.2499596344816,0 79.5461413564758,24.2499617987107,0 79.5461405784589,24.2499640024257,0 79.546139924737,24.2499662398261,0 79.5461397609027,24.2499669430903,0 79.5461386014153,24.2499673640332,0 79.5461362994264,24.2499683279688,0 79.5461340544919,24.249969399069,0 79.5461318725416,24.2499705745046,0 79.5461297593385,24.2499718511709,0 79.5461277204646,24.2499732256958,0 79.5461263514334,24.2499742520383,0 79.5461263090596,24.2499742272285,0 79.5461240720406,24.2499730635522,0 79.5461217718034,24.249972008558,0 79.5461194146237,24.2499710651242,0 79.5461170069322,24.2499702358247,0 79.5461145552977,24.2499695229219,0 79.5461120664088,24.2499689283609,0 79.5461095470555,24.2499684537636,0 79.5461070041114,24.2499681004249,0 79.5461044445139,24.2499678693088,0 79.5461018752463,24.2499677610457,0 79.5460993033181,24.2499677759312,0 79.5460967357458,24.2499679139245,0 79.5460941795346,24.2499681746491,0 79.5460916416582,24.2499685573939,0 79.5460891290404,24.2499690611145,0 79.5460866485363,24.2499696844367,0 79.5460842069131,24.2499704256599,0 79.546081810832,24.249971282762,0 79.5460794668302,24.2499722534046,0 79.5460771813025,24.2499733349396,0 79.5460749604843,24.2499745244163,0 79.5460728104345,24.2499758185896,0 79.5460707370188,24.2499772139287,0 79.5460687458939,24.2499787066269,0 79.5460668424922,24.2499802926117,0 79.5460650320063,24.2499819675562,0 79.5460633193757,24.2499837268909,0 79.5460617092729,24.249985565816,0 79.5460602060906,24.2499874793144,0 79.5460598720092,24.2499879551458,0 79.546057638596,24.2499874585189,0 79.5460550836519,24.2499870198069,0 79.5460525070179,24.2499867053227,0 79.546049915874,24.2499865159424,0 79.5460473174406,24.2499864521939,0 79.5460447189587,24.2499865142548,0 79.5460421276691,24.2499867019521,0 79.5460395507928,24.2499870147629,0 79.5460369955105,24.2499874518153,0 79.5460344689428,24.2499880118916,0 79.5460319781302,24.249988693431,0 79.5460295300137,24.2499894945343,0 79.5460271314152,24.2499904129692,0 79.5460247890187,24.2499914461763,0 79.5460225093515,24.2499925912765,0 79.5459933093579,24.2500081912722,0 79.5459925038703,24.2500086310713,0 79.5459735038742,24.2500192310683,0 79.5459711961419,24.2500206009044,0 79.5459689753857,24.2500220866899,0 79.5459668485276,24.2500236837935,0 79.5459533392779,24.2500344196195,0 79.5459443626197,24.2500404040576,0 79.5459388427023,24.2500435939597,0 79.5459336939441,24.2500433930324,0 79.5459311304309,24.2500433542462,0 79.5459285681907,24.2500434378507,0 79.5459260141698,24.2500436436193,0 79.5459234752922,24.250043970994,0 79.5459209584407,24.2500444190873,0 79.5459184704386,24.2500449866846,0 79.5459160180309,24.2500456722469,0 79.545913607866,24.2500464739158,0 79.545911246478,24.2500473895178,0 79.5459089402686,24.2500484165709,0 79.54590669549,24.2500495522907,0 79.5459045182278,24.2500507935981,0 79.5459024143845,24.250052137128,0 79.5459003896637,24.2500535792382,0 79.5458984495545,24.2500551160189,0 79.5458965993164,24.250056743304,0 79.5458948439656,24.2500584566819,0 79.5458931882608,24.2500602515076,0 79.5458916366907,24.2500621229153,0 79.5458901934615,24.2500640658316,0 79.5458888624859,24.2500660749893,0 79.5458876473721,24.2500681449414,0 79.5458865514145,24.2500702700764,0 79.545885577584,24.2500724446329,0 79.5458847285209,24.2500746627157,0 79.5458840065269,24.2500769183116,0 79.5458785671144,24.2500957089875,0 79.5458771349395,24.2500964244015,0 79.5458749710662,24.2500976419523,0 79.545865571068,24.2501032419507,0 79.5458633711419,24.2501046317898,0 79.5458612566667,24.2501061289786,0 79.5458592338666,24.25010772911,0 79.5458573086961,24.2501094274738,0 79.5458554868223,24.2501112190706,0 79.545853773608,24.2501130986265,0 79.5458521740964,24.2501150606088,0 79.545850692996,24.2501170992421,0 79.5458493346665,24.2501192085253,0 79.5458481031064,24.2501213822495,0 79.5458470019411,24.2501236140159,0 79.5458344019335,24.2501511140119,0 79.545833610007,24.2501529543396,0 79.5458329067752,24.2501548247105,0 79.5458322935883,24.2501567215328,0 79.5458214470121,24.2501931884259,0 79.5458212383998,24.2501932562102,0 79.5458188491751,24.2501941646547,0 79.5458165152733,24.2501951868733,0 79.5458142431342,24.2501963200457,0 79.5458120390267,24.2501975610451,0 79.5458109725234,24.2501982346977,0 79.5458097485624,24.2501981717359,0 79.5458071268395,24.2501981650115,0 79.5458045084422,24.2501982862344,0 79.5458019007932,24.2501985350611,0 79.5457786008013,24.2502013350605,0 79.5457760799337,24.2502016991465,0 79.5457735830243,24.2502021824877,0 79.5457711167794,24.2502027837859,0 79.5457686878232,24.2502035014261,0 79.5457663026794,24.2502043334809,0 79.5457639677543,24.2502052777153,0 79.5457616893191,24.2502063315934,0 79.5457594734936,24.2502074922846,0 79.545757326229,24.2502087566713,0 79.5457552532928,24.2502101213575,0 79.5457532602525,24.250211582678,0 79.5457513524612,24.2502131367078,0 79.5457495350429,24.2502147792729,0 79.5457478128792,24.2502165059616,0 79.5457461905955,24.2502183121363,0 79.5457446725489,24.2502201929458,0 79.5457432628169,24.2502221433385,0 79.5457419651859,24.2502241580758,0 79.5457407831409,24.2502262317464,0 79.545739719857,24.2502283587808,0 79.54573877819,24.2502305334659,0 79.545737960669,24.2502327499608,0 79.5457372694899,24.2502350023123,0 79.545736706509,24.2502372844708,0 79.5457362732386,24.2502395903068,0 79.5457359708422,24.250241913627,0 79.5457358001321,24.2502442481914,0 79.5457357615668,24.2502465877295,0 79.5457357649238,24.2502466715167,0 79.5457334724799,24.2502477991515,0 79.5457329116877,24.2502481113864,0 79.5457326404263,24.2502481558172,0 79.5457301268362,24.2502486298061,0 79.5457276435919,24.2502492232159,0 79.5457251974377,24.250249934435,0 79.5457227950172,24.2502507615318,0 79.5457204428554,24.2502517022597,0 79.5457181473405,24.250252754064,0 79.5457159147071,24.250253914088,0 79.545713751019,24.250255179181,0 79.5457116621525,24.2502565459072,0 79.5457096537809,24.2502580105545,0 79.5457077313588,24.2502595691452,0 79.5457059001076,24.2502612174461,0 79.5457041650007,24.2502629509805,0 79.5457025307507,24.2502647650402,0 79.545701001796,24.2502666546984,0 79.5456995822893,24.2502686148227,0 79.5456982760858,24.2502706400897,0 79.5456970867333,24.2502727249988,0 79.5456960174618,24.2502748638874,0 79.5456950711755,24.2502770509465,0 79.5456942504444,24.2502792802361,0 79.5456935574977,24.2502815457015,0 79.5456929942173,24.25028384119,0 79.5456925621331,24.2502861604669,0 79.5456922985518,24.2502882155164,0 79.5456914860767,24.250289319393,0 79.5456901751512,24.2502913153774,0 79.5456889782803,24.250293370712,0 79.5456878986514,24.2502954799229,0 79.54568693914,24.2502976373926,0 79.5456861023015,24.2502998373753,0 79.5456853903647,24.2503020740116,0 79.5456848052256,24.250304341345,0 79.5456843484427,24.2503066333367,0 79.5456840414978,24.250308800782,0 79.5456835917753,24.2503084769553,0 79.5456814887889,24.2503071192503,0 79.5456793113506,24.2503058640769,0 79.5456770654009,24.2503047148597,0 79.5456747570674,24.2503036747342,0 79.5456723926482,24.250302746538,0 79.5456699785938,24.2503019328036,0 79.5456675214908,24.250301235751,0 79.5456650280426,24.2503006572821,0 79.5456625050524,24.2503001989751,0 79.5456599594034,24.2502998620804,0 79.5456573980411,24.2502996475172,0 79.5456548279535,24.2502995558708,0 79.5456522561527,24.2502995873912,0 79.5456496896553,24.2502997419925,0 79.5456471354635,24.2503000192529,0 79.5456446005459,24.250300418416,0 79.5456420918185,24.2503009383926,0 79.5456396161258,24.2503015777641,0 79.5456371802224,24.2503023347862,0 79.545634790754,24.2503032073934,0 79.54563245424,24.2503041932051,0 79.5456301770549,24.2503052895316,0 79.5456222967005,24.2503093276022,0 79.5456121187297,24.2503019968451,0 79.5456100622933,24.250300593484,0 79.5456079289867,24.2502992901505,0 79.5456057245919,24.250298090377,0 79.5456034550834,24.2502969974153,0 79.5456011266122,24.2502960142274,0 79.5455987454892,24.2502951434783,0 79.545596318168,24.2502943875278,0 79.5455938512272,24.2502937484249,0 79.545591351353,24.2502932279016,0 79.5455888253209,24.2502928273687,0 79.545586279977,24.2502925479119,0 79.5455837222201,24.2502923902885,0 79.5455811589824,24.2502923549257,0 79.5455785972109,24.2502924419194,0 79.545576043849,24.2502926510338,0 79.5455735058169,24.2502929817021,0 79.5455709899934,24.2502934330281,0 79.5455685031972,24.2502940037886,0 79.5455660521682,24.2502946924367,0 79.5455636435494,24.2502954971058,0 79.5455612838689,24.2502964156153,0 79.5455589795221,24.2502974454755,0 79.5455567367544,24.2502985838953,0 79.5455545616445,24.2502998277892,0 79.5455524600875,24.250301173786,0 79.5455504377792,24.2503026182375,0 79.5455485002007,24.2503041572289,0 79.5455466526035,24.250305786589,0 79.545544899995,24.2503075019018,0 79.5455432471253,24.2503092985184,0 79.5455220471232,24.250333598513,0 79.5455205053734,24.2503354627507,0 79.5455190710227,24.250337397713,0 79.5455177479228,24.2503393982036,0 79.5455165396267,24.2503414588507,0 79.5455154493792,24.2503435741207,0 79.5455144801079,24.2503457383335,0 79.5455136344156,24.2503479456773,0 79.5455129145733,24.2503501902246,0 79.545512322514,24.2503524659482,0 79.5455118598277,24.2503547667369,0 79.5455115277567,24.2503570864123,0 79.5455113271929,24.2503594187454,0 79.5455112586748,24.2503617574729,0 79.5455113223865,24.2503640963147,0 79.5455113702665,24.2503646668224,0 79.5455090547764,24.2503653761783,0 79.5455066110532,24.25036626026,0 79.5455042222328,24.2503672625777,0 79.5455018951146,24.2503683802786,0 79.5454996363224,24.2503696101813,0 79.5454974522853,24.2503709487851,0 79.5454953492201,24.2503723922799,0 79.5454933331125,24.250373936557,0 79.5454914097013,24.2503755772208,0 79.545489584461,24.2503773096015,0 79.5454878625869,24.2503791287682,0 79.5454862489801,24.2503810295429,0 79.5454847482334,24.2503830065154,0 79.5454662524893,24.2504088134005,0 79.5454472333116,24.250403987637,0 79.5454447052876,24.2504034117438,0 79.5454421475853,24.2504029592292,0 79.5454395673623,24.2504026313595,0 79.5454369718391,24.2504024290524,0 79.5454343682793,24.2504023528738,0 79.5454317639687,24.250402403037,0 79.5454303419355,24.2504024995799,0 79.5454371619756,24.2503959321316,0 79.5454390163695,24.2503940426519,0 79.5454407518468,24.2503920604809,0 79.5454423629064,24.2503899919017,0 79.5454438444417,24.250387843471,0 79.5454451917566,24.2503856219989,0 79.5454464005806,24.2503833345267,0 79.5454601005732,24.2503554345224,0 79.5454611149016,24.2503532122928,0 79.5454619985078,24.2503509436213,0 79.5454627488762,24.2503486349669,0 79.5454633638704,24.2503462929024,0 79.5454638417395,24.2503439240959,0 79.545464181123,24.2503415352914,0 79.5454643810547,24.25033913329,0 79.5454644409654,24.2503367249304,0 79.5454643606845,24.2503343170692,0 79.5454636606802,24.2503231170692,0 79.5454634504036,24.2503207995483,0 79.545463110252,24.2503184950292,0 79.5454626411278,24.2503162096264,0 79.5454620442758,24.2503139494035,0 79.5454613212795,24.2503117203572,0 79.5454604740572,24.2503095284016,0 79.5454595048567,24.2503073793525,0 79.5454584162496,24.2503052789117,0 79.545457211124,24.2503032326521,0 79.5454558926775,24.2503012460028,0 79.5454544644081,24.2502993242347,0 79.5454529301053,24.2502974724468,0 79.545451881518,24.2502963337383,0 79.5454520142098,24.2502961460846,0 79.5454558142087,24.2502904460835,0 79.5454571150916,24.2502883733155,0 79.5454582944439,24.2502862402992,0 79.5454593489566,24.2502840530191,0 79.545460275671,24.2502818176122,0 79.5454610719871,24.2502795403505,0 79.5454617356706,24.2502772276234,0 79.5454622648594,24.2502748859197,0 79.5454626580686,24.2502725218097,0 79.5454629141952,24.2502701419265,0 79.5454630325204,24.2502677529472,0 79.5454630127124,24.2502653615749,0 79.5454628548266,24.250262974519,0 79.5454625593061,24.2502605984769,0 79.54546212698,24.2502582401153,0 79.5454615590613,24.250255906051,0 79.5454608571435,24.2502536028328,0 79.545460023196,24.2502513369229,0 79.5454590595586,24.2502491146789,0 79.545457968935,24.2502469423358,0 79.5454364689238,24.2502069423414,0 79.5454352733694,24.250204857095,0 79.5454339608096,24.2502028318658,0 79.5454325348181,24.250200872168,0 79.5454309992776,24.2501989833373,0 79.5454293583689,24.2501971705166,0 79.5454276165599,24.2501954386416,0 79.545425778593,24.2501937924278,0 79.5454238494724,24.2501922363575,0 79.5454218344509,24.2501907746673,0 79.5454197390146,24.2501894113372,0 79.545417568869,24.2501881500791,0 79.5454153299228,24.2501869943272,0 79.5454130282721,24.250185947228,0 79.5454106701837,24.2501850116328,0 79.545408262078,24.2501841900889,0 79.5454058105117,24.2501834848331,0 79.5454033221597,24.2501828977856,0 79.5454008037973,24.2501824305449,0 79.5453982622813,24.250182084383,0 79.5453957045315,24.2501818602426,0 79.545393137512,24.2501817587339,0 79.5453905682122,24.2501817801332,0 79.5453880036277,24.2501819243824,0 79.545385450741,24.2501821910886,0 79.5453829165031,24.2501825795256,0 79.5453804078141,24.250183088636,0 79.5453779315044,24.2501837170334,0 79.5453754943164,24.2501844630069,0 79.5453731028859,24.2501853245255,0 79.5453707637242,24.2501862992435,0 79.5453684832002,24.2501873845068,0 79.5453662675232,24.2501885773607,0 79.545364122726,24.2501898745573,0 79.5453620546481,24.2501912725647,0 79.5453600689206,24.2501927675765,0 79.54535817095,24.250194355522,0 79.5453520928031,24.2501997138877,0 79.5453389533413,24.2502029534008,0 79.5453385414395,24.2502024269888,0 79.5453369238288,24.2502005736939,0 79.5453352022172,24.2501988009108,0 79.5453333813636,24.2501971135399,0 79.5453314663014,24.2501955162454,0 79.5453294623242,24.2501940134428,0 79.5453273749714,24.2501926092861,0 79.5453252100129,24.2501913076566,0 79.5453229734333,24.2501901121524,0 79.5453206714149,24.2501890260781,0 79.545318310321,24.250188052436,0 79.5453158966783,24.2501871939173,0 79.5453134371585,24.2501864528951,0 79.5453109385604,24.250185831418,0 79.5453084077907,24.2501853312037,0 79.545305851845,24.2501849536349,0 79.5453032777885,24.2501846997555,0 79.5453006927364,24.250184570267,0 79.5452981038346,24.2501845655275,0 79.5452955182392,24.2501846855501,0 79.5452929430975,24.2501849300029,0 79.5452903855277,24.2501852982104,0 79.5452878525995,24.2501857891546,0 79.5452853513146,24.2501864014785,0 79.545282888587,24.2501871334894,0 79.5452804712243,24.250187983164,0 79.5452781059087,24.2501889481536,0 79.5452757991783,24.2501900257906,0 79.5452735574096,24.2501912130962,0 79.5452713867993,24.2501925067885,0 79.5452692933475,24.2501939032915,0 79.545267282841,24.2501953987448,0 79.5452653608371,24.2501969890146,0 79.545263532649,24.2501986697052,0 79.5452618033299,24.2502004361706,0 79.5452601776603,24.2502022835281,0 79.5452586601337,24.2502042066709,0 79.5452572549451,24.2502062002833,0 79.5452546455499,24.2502101249821,0 79.5452545004468,24.2502098760622,0 79.545253157149,24.250207838036,0 79.5452516985208,24.2502058677828,0 79.5452501286197,24.2502039707839,0 79.5452484518134,24.2502021523164,0 79.5452466727663,24.2502004174393,0 79.5452447964279,24.2501987709788,0 79.5452428280177,24.2501972175153,0 79.545240773012,24.2501957613703,0 79.5452386371274,24.2501944065947,0 79.5452364263059,24.2501931569574,0 79.5452341466977,24.2501920159349,0 79.5452318046447,24.2501909867012,0 79.5452294066621,24.2501900721198,0 79.5452269594211,24.2501892747348,0 79.5452244697295,24.2501885967646,0 79.5452219445136,24.2501880400951,0 79.5452193907983,24.2501876062751,0 79.5451924908073,24.2501837062768,0 79.5451888927095,24.2501833084212,0 79.545173733814,24.2501821492119,0 79.5451736177877,24.2501814777398,0 79.5451730858246,24.2501791799275,0 79.5451724242326,24.2501769105935,0 79.5451716348024,24.250174675881,0 79.5451707196713,24.2501724818396,0 79.5451696813164,24.2501703344084,0 79.5451685225486,24.2501682394008,0 79.5451672465048,24.250166202488,0 79.5451658566393,24.250164229184,0 79.5451643567145,24.2501623248307,0 79.5451627507908,24.2501604945832,0 79.5451610432156,24.250158743396,0 79.5451592386112,24.2501570760097,0 79.5451573418628,24.2501554969381,0 79.5451553581051,24.2501540104556,0 79.5451532927081,24.2501526205863,0 79.5451511512629,24.2501513310926,0 79.5451489395666,24.2501501454653,0 79.5451466636062,24.2501490669138,0 79.545144329543,24.2501480983578,0 79.5451419436953,24.2501472424194,0 79.5451395125217,24.2501465014154,0 79.5451370426036,24.250145877352,0 79.545134540627,24.2501453719183,0 79.5451320133649,24.2501449864827,0 79.5451294676588,24.2501447220886,0 79.5451269104,24.2501445794516,0 79.545124348511,24.250144558958,0 79.5451217889271,24.2501446606631,0 79.5451192385771,24.2501448842916,0 79.5451167043649,24.2501452292383,0 79.5451141931507,24.2501456945692,0 79.5451117117326,24.2501462790248,0 79.5451092668277,24.2501469810228,0 79.5451068650546,24.250147798663,0 79.5451045129151,24.2501487297319,0 79.5451022167763,24.2501497717092,0 79.545099982854,24.2501509217741,0 79.5450978171957,24.2501521768133,0 79.5450957256637,24.2501535334295,0 79.5450937139201,24.2501549879502,0 79.5450917874106,24.2501565364378,0 79.5450899513504,24.2501581747008,0 79.5450882107098,24.2501598983041,0 79.5450865702007,24.2501617025819,0 79.5450850342642,24.25016358265,0 79.5450836070581,24.2501655334189,0 79.5450822924459,24.2501675496079,0 79.5450810939863,24.2501696257589,0 79.5450802985238,24.2501711963137,0 79.5450797959374,24.2501701804432,0 79.5450786103512,24.25016808314,0 79.545077306742,24.2501660455647,0 79.5450758886787,24.2501640732956,0 79.5450743600436,24.2501621717322,0 79.5450727250215,24.2501603460804,0 79.5450709880887,24.2501586013382,0 79.5450691540004,24.2501569422823,0 79.5450672277777,24.2501553734545,0 79.545065214694,24.2501538991499,0 79.5450631202607,24.2501525234047,0 79.5450609502115,24.2501512499852,0 79.5450587104875,24.2501500823777,0 79.5450564072203,24.2501490237787,0 79.5450540467154,24.2501480770864,0 79.5450516354354,24.2501472448924,0 79.5450491799815,24.2501465294752,0 79.5450466870761,24.2501459327932,0 79.5450441635438,24.25014545648,0 79.5450416162934,24.2501451018396,0 79.5450390522985,24.250144869843,0 79.5450364785785,24.2501447611252,0 79.5450339021794,24.2501447759838,0 79.5450313301547,24.2501449143783,0 79.5450159301602,24.2501461143781,0 79.5450133302726,24.2501463809131,0 79.5450107494931,24.2501467736713,0 79.5450081951062,24.2501472915443,0 79.5450056743218,24.2501479330703,0 79.5450031942551,24.2501486964386,0 79.5450007619062,24.2501495794944,0 79.5449983841407,24.2501505797454,0 79.5449960676699,24.250151694368,0 79.5449938190324,24.2501529202164,0 79.544991644575,24.2501542538304,0 79.5449895504354,24.2501556914458,0 79.5449875425244,24.2501572290047,0 79.5449856265096,24.2501588621674,0 79.5449841125502,24.2501602974167,0 79.5449673320255,24.2501494739798,0 79.5449651365766,24.2501481369851,0 79.5449628662505,24.2501469096081,0 79.5449605275513,24.2501457953649,0 79.5449581271791,24.2501447974477,0 79.5449556720106,24.2501439187153,0 79.5449531690793,24.2501431616852,0 79.5449506255559,24.2501425285262,0 79.5449480487271,24.2501420210521,0 79.5449454459751,24.2501416407168,0 79.5449428247564,24.2501413886098,0 79.5449401925804,24.2501412654535,0 79.5449375569879,24.2501412716007,0 79.5449349255293,24.2501414070337,0 79.5449323057435,24.2501416713645,0 79.5449297051357,24.250142063836,0 79.5449271311562,24.2501425833236,0 79.5449245911791,24.2501432283392,0 79.5449237108158,24.2501434991728,0 79.5449234245557,24.2501396936169,0 79.5449231831347,24.2501373649025,0 79.5449228104861,24.2501350507787,0 79.5449223076105,24.2501327574579,0 79.5449216758577,24.2501304910964,0 79.5449209169238,24.2501282577783,0 79.5449200328462,24.2501260634991,0 79.5449190259981,24.2501239141493,0 79.5449178990825,24.2501218154988,0 79.5449166551246,24.2501197731815,0 79.5449152974637,24.2501177926801,0 79.5449138297447,24.2501158793112,0 79.5449122559075,24.2501140382112,0 79.5449105801773,24.2501122743227,0 79.5449088070524,24.2501105923808,0 79.5449069412929,24.2501089969007,0 79.5449049879075,24.2501074921655,0 79.54490295214,24.2501060822147,0 79.5449008394555,24.2501047708333,0 79.5448986555255,24.2501035615418,0 79.5448964062128,24.2501024575864,0 79.5448940975558,24.2501014619308,0 79.5448917357519,24.2501005772478,0 79.5448893271416,24.2500998059123,0 79.5448868781907,24.2500991499951,0 79.5448843954736,24.2500986112569,0 79.544881885655,24.250098191144,0 79.5448793554726,24.2500978907841,0 79.5448768117188,24.2500977109837,0 79.5448742612223,24.2500976522253,0 79.5448717108298,24.2500977146668,0 79.544869167388,24.2500978981404,0 79.5448666377248,24.2500982021537,0 79.544864128631,24.2500986258905,0 79.5448616468424,24.2500991682133,0 79.5448591990214,24.2500998276662,0 79.5448567917391,24.250100602479,0 79.5448544314579,24.2501014905715,0 79.5448521245141,24.2501024895598,0 79.5448498771007,24.250103596762,0 79.5448476952508,24.2501048092059,0 79.5448455848217,24.2501061236365,0 79.5448435514788,24.2501075365254,0 79.5448416006807,24.2501090440795,0 79.5448397376644,24.2501106422519,0 79.5448283376647,24.2501209422493,0 79.5448265307872,24.2501226635179,0 79.5448248257438,24.2501244700088,0 79.5448232273086,24.250126356664,0 79.5448217399572,24.2501283182008,0 79.5448203678543,24.2501303491268,0 79.5448191148417,24.2501324437555,0 79.544817984428,24.2501345962219,0 79.5448169797781,24.2501368004991,0 79.5448161037053,24.250139050415,0 79.5448153586626,24.2501413396699,0 79.5448147467359,24.2501436618539,0 79.544814464561,24.2501450509195,0 79.5448135745603,24.2501451170228,0 79.544774474574,24.2501490170221,0 79.5447718504137,24.2501493444497,0 79.5447692492485,24.2501498007597,0 79.5447666786026,24.2501503846322,0 79.5447641459121,24.2501510943783,0 79.5447626360278,24.2501516003623,0 79.5447615306747,24.2501504253667,0 79.5447597425831,24.2501487149159,0 79.5447578590878,24.2501470928256,0 79.5447558853758,24.250145563563,0 79.5447538268828,24.2501441313395,0 79.5447516892777,24.2501428000994,0 79.5447494784472,24.2501415735089,0 79.5447472004799,24.2501404549459,0 79.5447448616492,24.2501394474909,0 79.5447424683961,24.2501385539183,0 79.5447400273114,24.2501377766891,0 79.5447375451179,24.2501371179435,0 79.5447350286512,24.2501365794958,0 79.5446901079444,24.2501281008168,0 79.5446894609039,24.2501276781533,0 79.5446696239643,24.250109588966,0 79.5446677271838,24.2501079485743,0 79.5446657383575,24.2501064025396,0 79.5446636630621,24.2501049551967,0 79.5446615071166,24.250103610604,0 79.5446592765662,24.2501023725317,0 79.5446569776651,24.2501012444512,0 79.5446557034476,24.2501006966569,0 79.5446556213159,24.2501006397742,0 79.5446554073729,24.2500999815238,0 79.5446545458157,24.2500977612871,0 79.5446535590782,24.2500955852931,0 79.5446524498489,24.2500934594704,0 79.5446512211498,24.2500913896107,0 79.5446498763287,24.2500893813535,0 79.5446484190495,24.2500874401702,0 79.5446468532825,24.2500855713498,0 79.5446451832939,24.2500837799837,0 79.5446434136334,24.2500820709527,0 79.5446415491225,24.2500804489129,0 79.5446395948412,24.2500789182838,0 79.5446375561139,24.2500774832354,0 79.5446354384952,24.2500761476777,0 79.5446332477545,24.2500749152493,0 79.5446309898606,24.2500737893081,0 79.5446286709652,24.2500727729217,0 79.5446262973861,24.2500718688592,0 79.5446238755901,24.2500710795838,0 79.5446214121756,24.2500704072459,0 79.5446189138541,24.2500698536772,0 79.5446163874323,24.250069420386,0 79.5446138397936,24.2500691085528,0 79.5446112778789,24.2500689190272,0 79.5446087086683,24.2500688523256,0 79.5446061391617,24.2500689086296,0 79.5446035763596,24.2500690877858,0 79.5446010272445,24.2500693893063,0 79.5445984987616,24.2500698123694,0 79.5445959977996,24.2500703558225,0 79.5445935311726,24.250071018185,0 79.5445911056008,24.2500717976523,0 79.5445887276928,24.2500726921006,0 79.5445864039272,24.2500736990931,0 79.5445841406353,24.2500748158861,0 79.5445819439832,24.250076039437,0 79.544579819956,24.2500773664121,0 79.5445777743405,24.2500787931962,0 79.54457581271,24.2500803159019,0 79.5445739404091,24.2500819303805,0 79.5445721625388,24.2500836322334,0 79.544570483943,24.2500854168239,0 79.5445689091951,24.2500872792898,0 79.5445674425855,24.2500892145567,0 79.544547742581,24.2501167145513,0 79.5445463708472,24.2501187444392,0 79.5445451180895,24.2501208379863,0 79.5445439878128,24.2501229893359,0 79.544542983179,24.2501251924696,0 79.5445421069985,24.250127441224,0 79.5445413617226,24.2501297293081,0 79.5445407494361,24.2501320503211,0 79.5445402718519,24.2501343977698,0 79.5445399303062,24.2501367650872,0 79.5445397257543,24.2501391456507,0 79.5445396587686,24.2501415328005,0 79.5445397295364,24.2501439198586,0 79.5445399378598,24.250146300147,0 79.544540283156,24.250148667007,0 79.544540764459,24.2501510138171,0 79.5445413804224,24.2501533340121,0 79.5445421293229,24.2501556211012,0 79.5445430090657,24.2501578686862,0 79.5445440171895,24.2501600704794,0 79.5445451508741,24.2501622203213,0 79.5445452202751,24.2501623359023,0 79.544545202989,24.2501623648818,0 79.5445441011863,24.2501644620531,0 79.544543118742,24.2501666085055,0 79.5445422582678,24.2501687985328,0 79.5445415220512,24.2501710263131,0 79.544539280782,24.2501784972031,0 79.5445371357662,24.2501774006573,0 79.5445348015324,24.2501763514081,0 79.5445324101558,24.2501754165717,0 79.5445299683015,24.2501745987538,0 79.544529691522,24.250174520969,0 79.5445346514387,24.2501594131588,0 79.5445353362487,24.2501571079079,0 79.544535887091,24.250154772669,0 79.544536302423,24.250152413982,0 79.5445365810814,24.2501500384527,0 79.5445367222861,24.2501476527336,0 79.5445367256414,24.2501452635063,0 79.544536591138,24.2501428774618,0 79.5445363191526,24.2501405012824,0 79.5445359104469,24.2501381416226,0 79.5445353661654,24.2501358050908,0 79.5445346878327,24.2501334982306,0 79.5445338773482,24.2501312275023,0 79.5445329369818,24.2501289992654,0 79.5445318693671,24.2501268197601,0 79.5445306774939,24.2501246950901,0 79.5445293647003,24.2501226312058,0 79.5445279346626,24.2501206338871,0 79.5445263913859,24.2501187087276,0 79.5445247391921,24.2501168611188,0 79.5445229827082,24.2501150962351,0 79.5445211268535,24.2501134190189,0 79.5445191768252,24.2501118341676,0 79.5445171380846,24.2501103461194,0 79.5445150163413,24.2501089590418,0 79.5445128175372,24.2501076768193,0 79.5445105478302,24.2501065030429,0 79.5445082135768,24.2501054409998,0 79.5445058213141,24.2501044936642,0 79.5445033777417,24.2501036636892,0 79.5445008897031,24.2501029533992,0 79.544498364166,24.2501023647834,0 79.5444958082033,24.2501018994903,0 79.5444932289731,24.2501015588228,0 79.5444906336987,24.2501013437352,0 79.5444880296483,24.2501012548296,0 79.5444854241145,24.2501012923552,0 79.5444828243944,24.2501014562068,0 79.5444802377685,24.2501017459255,0 79.5444776714808,24.2501021607,0 79.5444751327183,24.2501026993687,0 79.5444726285909,24.250103360423,0 79.5444701661116,24.2501041420116,0 79.5444566206166,24.2501088128724,0 79.5444210200127,24.2501110587046,0 79.5444184463978,24.2501112834295,0 79.5444175545139,24.250111404893,0 79.5444165485275,24.2501010097388,0 79.5444162605125,24.2500987068573,0 79.5444158439653,24.2500964205644,0 79.5444152999839,24.2500941568869,0 79.5444146300023,24.2500919217918,0 79.5444138357864,24.2500897211707,0 79.5444129194299,24.2500875608245,0 79.5444118833483,24.2500854464477,0 79.5444107302727,24.250083383614,0 79.5444094632425,24.2500813777609,0 79.5444080855977,24.2500794341757,0 79.5444066009697,24.2500775579818,0 79.544405013272,24.2500757541249,0 79.5444033266897,24.2500740273597,0 79.5444015456687,24.2500723822382,0 79.5443996749038,24.2500708230967,0 79.5443977193261,24.2500693540452,0 79.5443956840907,24.2500679789561,0 79.5443935745624,24.250066701454,0 79.5443913963018,24.2500655249066,0 79.5443463963106,24.250042624914,0 79.5443440399991,24.2500415009335,0 79.5443416210139,24.250040495082,0 79.5443391463933,24.2500396102859,0 79.5443366233377,24.2500388491199,0 79.5443264233407,24.250036049121,0 79.5443239525432,24.2500354345578,0 79.5443214502481,24.2500349385658,0 79.5443189232193,24.2500345624859,0 79.5443163782875,24.2500343073345,0 79.5443138223318,24.2500341738014,0 79.5443112622611,24.2500341622475,0 79.5443087049955,24.250034272704,0 79.5443061574475,24.2500345048723,0 79.5443036265032,24.250034858125,0 79.5443011190039,24.2500353315071,0 79.5442986417276,24.2500359237391,0 79.5442962013706,24.2500366332201,0 79.5442938045292,24.2500374580323,0 79.5442914576823,24.2500383959462,0 79.5442891671736,24.2500394444265,0 79.5442869391944,24.2500406006392,0 79.5442847797673,24.250041861459,0 79.5442826947291,24.2500432234777,0 79.544280689716,24.2500446830137,0 79.5442787701476,24.2500462361218,0 79.5442769412127,24.2500478786038,0 79.544275207855,24.2500496060201,0 79.5442735747598,24.2500514137012,0 79.5442720463415,24.2500532967609,0 79.5442706267317,24.2500552501092,0 79.5442693197675,24.250057268466,0 79.5442681289818,24.2500593463756,0 79.5442670575933,24.2500614782212,0 79.5442661084982,24.2500636582403,0 79.5442652842619,24.2500658805402,0 79.5442645871123,24.2500681391139,0 79.5442640189339,24.2500704278562,0 79.5442635812626,24.2500727405805,0 79.5442632752814,24.2500750710355,0 79.5442631018174,24.2500774129216,0 79.5442630613394,24.2500797599087,0 79.5442633613291,24.2501067599083,0 79.5442634540532,24.2501091072206,0 79.5442636798001,24.2501114469347,0 79.5442640379588,24.2501137727176,0 79.5442645275598,24.2501160782743,0 79.544265147278,24.2501183573642,0 79.5442654341762,24.2501192188182,0 79.5442633966295,24.2501190474556,0 79.5442607882455,24.2501189554434,0 79.5442581782085,24.2501189902936,0 79.544255573853,24.2501191519083,0 79.5442529824976,24.2501194398333,0 79.5442504114244,24.2501198532595,0 79.5442478678583,24.250120391025,0 79.5442453589473,24.2501210516188,0 79.5442428917417,24.2501218331844,0 79.5442404731746,24.2501227335256,0 79.5442381100425,24.2501237501122,0 79.5442358089862,24.2501248800876,0 79.544233576472,24.2501261202762,0 79.5442314187734,24.2501274671931,0 79.5442293419541,24.2501289170533,0 79.54422735185,24.2501304657823,0 79.5442254540537,24.2501321090281,0 79.5442093540541,24.2501468090245,0 79.5442075886005,24.2501485069712,0 79.5442059217225,24.2501502867047,0 79.5442043579203,24.2501521434201,0 79.544202901416,24.2501540721045,0 79.544201556142,24.2501560675507,0 79.5442003257304,24.2501581243713,0 79.544199213503,24.2501602370132,0 79.5441982224627,24.2501623997726,0 79.5441973552853,24.2501646068102,0 79.5441966143119,24.2501668521675,0 79.5441960015432,24.2501691297822,0 79.5441955186334,24.2501714335052,0 79.5441951668864,24.2501737571166,0 79.5441949472519,24.2501760943432,0 79.5441948603228,24.2501784388747,0 79.5441949063339,24.2501807843812,0 79.544195085161,24.2501831245301,0 79.5441953963211,24.2501854530035,0 79.5441958389744,24.2501877635147,0 79.5441964119256,24.2501900498257,0 79.5441971136278,24.2501923057638,0 79.5441979421867,24.2501945252382,0 79.5441988953652,24.2501967022568,0 79.5441999705898,24.2501988309418,0 79.5442000879864,24.2501990348583,0 79.5441988930197,24.2501994673361,0 79.5441964809948,24.2502004811742,0 79.544194132035,24.2502016126662,0 79.544191852961,24.2502028585266,0 79.5441896503905,24.2502042151379,0 79.5441875307189,24.2502056785608,0 79.5441738307206,24.2502156785581,0 79.5441719475266,24.2502171249694,0 79.5441701453558,24.2502186556959,0 79.5441684286939,24.2502202669276,0 79.5441668018137,24.2502219546541,0 79.5441652687644,24.2502237146746,0 79.5441422687615,24.2502515146686,0 79.5441407672405,24.2502534316186,0 79.5441393770273,24.2502554178912,0 79.5441392246321,24.2502556629183,0 79.5441382156949,24.2502545362031,0 79.5441364540928,24.2502527689646,0 79.5441345927919,24.2502510898305,0 79.5441326370266,24.2502495035228,0 79.5441305922963,24.2502480145021,0 79.544128464351,24.2502466269557,0 79.5441262591746,24.2502453447854,0 79.5441239829682,24.2502441715968,0 79.5441216421326,24.2502431106888,0 79.5441192432503,24.2502421650449,0 79.5441167930671,24.2502413373241,0 79.544114298473,24.2502406298542,0 79.544111766483,24.2502400446246,0 79.5441092042171,24.2502395832809,0 79.5441066188805,24.2502392471204,0 79.5441040177434,24.2502390370885,0 79.5441014081202,24.2502389537758,0 79.5440987973494,24.2502389974166,0 79.5440961927726,24.2502391678881,0 79.5440936017139,24.2502394647109,0 79.5440910314595,24.2502398870505,0 79.5440884892372,24.2502404337191,0 79.5440859821958,24.2502411031795,0 79.5440835173851,24.2502418935491,0 79.5440811017365,24.2502428026054,0 79.5440787420427,24.2502438277921,0 79.5440764449394,24.2502449662263,0 79.5440742168861,24.2502462147066,0 79.5440720641482,24.2502475697222,0 79.5440699927794,24.2502490274629,0 79.5440680086044,24.2502505838294,0 79.5440661172029,24.250252234445,0 79.5440335172037,24.2502822344376,0 79.5440317710553,24.2502839264622,0 79.544030122415,24.2502856988103,0 79.5440285756713,24.2502875467636,0 79.5440271349418,24.2502894654029,0 79.5440264109322,24.2502905448337,0 79.5440242204663,24.2502895593644,0 79.5440218371525,24.2502886263738,0 79.5440194036048,24.2502878096369,0 79.544016926563,24.2502871114156,0 79.5440144128879,24.2502865336438,0 79.5440118695415,24.2502860779218,0 79.5440093035682,24.2502857455118,0 79.5440067220748,24.2502855373344,0 79.5440041322111,24.2502854539662,0 79.5440015411505,24.2502854956381,0 79.5439989560691,24.2502856622348,0 79.5439963841269,24.2502859532947,0 79.5439938324473,24.2502863680118,0 79.5439913080977,24.2502869052374,0 79.5439888180697,24.2502875634835,0 79.5439863692598,24.2502883409271,0 79.5439839684506,24.2502892354149,0 79.5439816222914,24.2502902444694,0 79.5439793372804,24.2502913652958,0 79.5439771197464,24.2502925947899,0 79.5439749758311,24.2502939295463,0 79.5439729114727,24.2502953658682,0 79.5439615706942,24.2503036965734,0 79.5439612064598,24.2503035726705,0 79.5439587302113,24.2503028639162,0 79.5439562166895,24.2503022757114,0 79.5439536728703,24.2503018096886,0 79.5439511058136,24.2503014671411,0 79.5439485226439,24.2503012490196,0 79.5439459305303,24.2503011559296,0 79.5439433366668,24.2503011881292,0 79.5439407482522,24.2503013455292,0 79.5439381724701,24.2503016276928,0 79.5439356164694,24.2503020338367,0 79.5439330873436,24.250302562834,0 79.5439305921119,24.2503032132163,0 79.5439281376995,24.2503039831787,0 79.5439257309181,24.2503048705844,0 79.5439233784474,24.2503058729703,0 79.5438882784563,24.2503218729657,0 79.5438867164712,24.2503226365414,0 79.5438856622195,24.2503216155077,0 79.5438837981931,24.2503199894456,0 79.5438818440758,24.2503184548735,0 79.5438798052026,24.2503170159808,0 79.5438776871401,24.250315676696,0 79.5438754956709,24.2503144406757,0 79.5438732367782,24.2503133112943,0 79.543870916629,24.2503122916353,0 79.5438685415579,24.2503113844826,0 79.5438661180492,24.2503105923128,0 79.5438636527195,24.2503099172886,0 79.5438611522996,24.2503093612531,0 79.543858623616,24.2503089257243,0 79.5438560735727,24.2503086118913,0 79.5438535091315,24.2503084206108,0 79.5438509372939,24.2503083524052,0 79.5438483650815,24.2503084074606,0 79.5438457995168,24.2503085856267,0 79.5438432476044,24.2503088864171,0 79.5438407163114,24.2503093090106,0 79.5438382125486,24.2503098522534,0 79.5438357431518,24.2503105146624,0 79.5438333148629,24.250311294429,0 79.5438309343114,24.2503121894245,0 79.5438125419969,24.2503196246162,0 79.5437825597265,24.2503192562831,0 79.5437800080513,24.2503192855679,0 79.5437774614575,24.2503194360171,0 79.5437749267842,24.2503197072267,0 79.5437724108391,24.2503200984682,0 79.543769920379,24.2503206086909,0 79.5437674620928,24.2503212365246,0 79.5437650425826,24.250321980283,0 79.5437626683466,24.2503228379686,0 79.5437603457613,24.2503238072778,0 79.5437584675047,24.250324701605,0 79.543756480176,24.2503233985342,0 79.5437542968131,24.2503221204765,0 79.543752043167,24.2503209494606,0 79.5437497254745,24.2503198887272,0 79.5437473501496,24.2503189412118,0 79.5437449237657,24.2503181095365,0 79.5437424530376,24.2503173960029,0 79.5437399448029,24.2503168025857,0 79.5437374060027,24.250316330927,0 79.543734843663,24.2503159823322,0 79.5437322648749,24.2503157577659,0 79.5437296767748,24.2503156578495,0 79.5437270865251,24.2503156828597,0 79.5437245012939,24.2503158327272,0 79.5437219282358,24.2503161070372,0 79.5437193744713,24.2503165050306,0 79.5437168470678,24.2503170256061,0 79.5437143530195,24.2503176673229,0 79.5437118992286,24.2503184284052,0 79.5437094924857,24.2503193067467,0 79.5437071394511,24.2503202999168,0 79.5437048466367,24.2503214051669,0 79.5437026203876,24.2503226194384,0 79.5437004668647,24.2503239393709,0 79.5436983920277,24.2503253613116,0 79.5436831920296,24.2503363613087,0 79.5436812216168,24.2503378652248,0 79.5436793392482,24.2503394611333,0 79.5436775500265,24.2503411447078,0 79.5436758588023,24.2503429113843,0 79.54367427016,24.2503447563738,0 79.5436727884063,24.2503466746747,0 79.543671417558,24.2503486610868,0 79.5436701613314,24.2503507102251,0 79.5436690231318,24.2503528165348,0 79.5436680060447,24.250354974306,0 79.5436671128274,24.2503571776892,0 79.5436663459011,24.2503594207115,0 79.5436657073451,24.2503616972922,0 79.5436651988902,24.25036400126,0 79.5436648219149,24.250366326369,0 79.5436645774411,24.2503686663163,0 79.5436644661315,24.2503710147586,0 79.5436644882878,24.2503733653296,0 79.5436646065419,24.2503764906474,0 79.5436641211424,24.2503766211496,0 79.5436617062726,24.2503773974219,0 79.5436593386481,24.2503782876709,0 79.5436570246634,24.2503792894924,0 79.5436547705676,24.2503804001808,0 79.5436525824486,24.2503816167363,0 79.5436504662156,24.2503829358735,0 79.5436484275842,24.2503843540297,0 79.5436464720599,24.2503858673749,0 79.5436446049242,24.250387471822,0 79.5436428312195,24.2503891630379,0 79.5436411557362,24.2503909364551,0 79.5436395829992,24.2503927872842,0 79.5436381172561,24.2503947105265,0 79.5436367624653,24.250396700988,0 79.5436359835947,24.2503979898983,0 79.5436343981435,24.2503983138106,0 79.54363184085,24.250398970774,0 79.5436293259071,24.2503997531948,0 79.5436268606306,24.250400658797,0 79.5436244521915,24.2504016849463,0 79.5436221075958,24.2504028286578,0 79.5436198336634,24.2504040866046,0 79.5436157469996,24.2504064875195,0 79.5436037581198,24.2504100397801,0 79.543601311628,24.2504108305038,0 79.5435989139476,24.2504117382569,0 79.5435965717328,24.2504127605202,0 79.5435942914837,24.2504138944567,0 79.5435920795284,24.2504151369195,0 79.5435899420057,24.2504164844605,0 79.5435878848476,24.2504179333399,0 79.5435859137631,24.2504194795368,0 79.5435840342225,24.2504211187602,0 79.5435822514418,24.2504228464609,0 79.5435805703687,24.2504246578442,0 79.5435789956686,24.250426547883,0 79.5435775317114,24.2504285113322,0 79.5435761825602,24.2504305427427,0 79.5435749519589,24.2504326364769,0 79.5435738433229,24.2504347867243,0 79.5435728597288,24.2504369875174,0 79.5435720039063,24.2504392327487,0 79.5435713491079,24.2504412931619,0 79.543569708549,24.2504424218412,0 79.5435676993494,24.2504439639071,0 79.5435657824593,24.2504456017807,0 79.5435639633063,24.2504473308243,0 79.5435622470415,24.2504491461421,0 79.5435606385244,24.250451042594,0 79.5435591423097,24.2504530148101,0 79.5435577626339,24.250455057206,0 79.5435565034037,24.2504571639987,0 79.5435553681844,24.2504593292228,0 79.5435543601906,24.2504615467473,0 79.5435534822764,24.2504638102933,0 79.5435527369277,24.2504661134515,0 79.5435521262549,24.2504684497005,0 79.5435516519872,24.250470812425,0 79.5435513154675,24.2504731949351,0 79.5435511176486,24.2504755904846,0 79.5435510590907,24.2504779922903,0 79.5435511399596,24.2504803935516,0 79.5435513600263,24.2504827874692,0 79.5435513745448,24.2504828838076,0 79.5435502386515,24.2504865439034,0 79.5435495886901,24.2504888718982,0 79.5435490747477,24.2504912283033,0 79.5435486982804,24.2504936064427,0 79.5435484603547,24.2504959995792,0 79.5435483616447,24.2504984009328,0 79.5435483703039,24.2504989110667,0 79.5435480864295,24.2504988483125,0 79.5435455555971,24.2504984157376,0 79.5435430035656,24.2504981050293,0 79.5435404373108,24.2504979170368,0 79.5435378638471,24.250497852274,0 79.5435352902089,24.2504979109178,0 79.5435327234309,24.2504980928081,0 79.5435301705293,24.2504983974476,0 79.543527638482,24.2504988240036,0 79.5435251342101,24.2504993713103,0 79.5435226645589,24.2505000378714,0 79.5435202362789,24.2505008218652,0 79.5435178560074,24.2505017211486,0 79.5435155302508,24.2505027332635,0 79.5435132653662,24.2505038554435,0 79.5435110675446,24.2505050846211,0 79.5435089427933,24.2505064174365,0 79.5435068969202,24.2505078502467,0 79.5435049355175,24.2505093791351,0 79.5435047618615,24.2505095295219,0 79.5434929001508,24.2505078076601,0 79.5434903173498,24.2505074967001,0 79.5434877202272,24.2505073114081,0 79.5434851160514,24.2505072523026,0 79.5434825121105,24.250507319549,0 79.5434799156921,24.2505075129592,0 79.5434773340625,24.2505078319918,0 79.5434747744468,24.250508275754,0 79.5434722440084,24.2505088430039,0 79.543469749829,24.250509532154,0 79.5434672988891,24.2505103412755,0 79.5434648980478,24.2505112681041,0 79.5434625540242,24.2505123100458,0 79.5434602733784,24.2505134641847,0 79.5434580624931,24.2505147272908,0 79.5434567820621,24.2505155480731,0 79.5434508862346,24.2505104688994,0 79.5434535668096,24.2504967762028,0 79.5434539569421,24.2504944303827,0 79.5434542121082,24.2504920690088,0 79.5434543316031,24.2504896986043,0 79.5434543150966,24.2504873257175,0 79.5434541626343,24.2504849569034,0 79.5434538746375,24.2504825987058,0 79.5434534519017,24.2504802576392,0 79.5434528955947,24.2504779401707,0 79.5434522072534,24.2504756527023,0 79.5434513887792,24.250473401553,0 79.5434504424332,24.2504711929417,0 79.5434493708297,24.2504690329696,0 79.5434481769289,24.2504669276035,0 79.543446864029,24.2504648826595,0 79.5434454357568,24.2504629037867,0 79.543443896058,24.2504609964516,0 79.5434422491858,24.2504591659234,0 79.5434404996899,24.2504574172587,0 79.543438652403,24.2504557552882,0 79.5434367124284,24.250454184603,0 79.5434346851251,24.2504527095423,0 79.5434325760935,24.2504513341806,0 79.5434303911598,24.2504500623176,0 79.5434281363599,24.2504488974667,0 79.5434258179225,24.2504478428457,0 79.5434234422523,24.250446901368,0 79.5434210159121,24.2504460756344,0 79.5434185456045,24.250445367926,0 79.5434160381537,24.2504447801979,0 79.5434135004865,24.2504443140736,0 79.5434109396132,24.2504439708407,0 79.5434083626081,24.2504437514475,0 79.5434057765901,24.2504436565,0 79.543403188703,24.2504436862605,0 79.5434006060958,24.2504438406467,0 79.543398035903,24.2504441192323,0 79.5433954852246,24.2504445212476,0 79.5433929611068,24.250445045582,0 79.5433904705224,24.2504456907872,0 79.5433880203516,24.2504464550806,0 79.543385617363,24.2504473363511,0 79.5433832681947,24.250448332164,0 79.5433809793363,24.2504494397685,0 79.5433787571107,24.2504506561048,0 79.5433766076568,24.2504519778129,0 79.5433745369124,24.2504534012416,0 79.5433725505978,24.2504549224586,0 79.5433706542002,24.2504565372616,0 79.5433688529585,24.2504582411898,0 79.5433671518484,24.2504600295362,0 79.5433655555692,24.2504618973603,0 79.5433640685308,24.2504638395025,0 79.5433626948409,24.2504658505976,0 79.5433614382943,24.2504679250899,0 79.5433603023623,24.2504700572488,0 79.5433592901829,24.2504722411842,0 79.5433584045521,24.250474470863,0 79.5433576479166,24.2504767401258,0 79.5433472479052,24.250511140122,0 79.5433465963636,24.2505135509886,0 79.5433460904115,24.2505159910587,0 79.54334573158,24.2505184529472,0 79.5433455209554,24.2505209292031,0 79.5433454591749,24.2505234123317,0 79.5433455464257,24.2505258948178,0 79.5433464464204,24.2505396948178,0 79.543346683741,24.2505421795008,0 79.5433470703551,24.2505446483759,0 79.5433476050827,24.250547093908,0 79.5433482862919,24.2505495086334,0 79.5433491119035,24.2505518851821,0 79.5433500793977,24.250554216301,0 79.5433511858218,24.2505564948754,0 79.5433566840849,24.2505670251287,0 79.5433559179875,24.2505661188623,0 79.5433542362261,24.2505643308825,0 79.5433524548175,24.2505626259574,0 79.5433505786335,24.2505610087497,0 79.5433486128053,24.2505594836822,0 79.543346562709,24.2505580549258,0 79.5433444339514,24.2505567263877,0 79.5433422323542,24.2505555017015,0 79.5433399639385,24.2505543842163,0 79.5433376349079,24.2505533769883,0 79.5433352516321,24.2505524827722,0 79.543332820629,24.2505517040135,0 79.5433303485468,24.2505510428419,0 79.5433278421464,24.2505505010657,0 79.5433253082823,24.2505500801664,0 79.5433227538844,24.2505497812953,0 79.5433201859383,24.2505496052697,0 79.5433176114671,24.2505495525709,0 79.5433150375115,24.2505496233432,0 79.5433124711109,24.2505498173928,0 79.5433099192839,24.2505501341893,0 79.5433073890094,24.2505505728661,0 79.5433048872073,24.2505511322235,0 79.5433024207196,24.2505518107318,0 79.5432999962917,24.2505526065355,0 79.543268496301,24.2505638065323,0 79.5432661570566,24.2505647024383,0 79.5432638712024,24.2505657075413,0 79.5432616447971,24.2505668191769,0 79.5432594837421,24.2505680343989,0 79.5432573937653,24.2505693499862,0 79.5432553804063,24.2505707624517,0 79.5432534490017,24.2505722680515,0 79.5432516046708,24.2505738627951,0 79.5432498523021,24.2505755424554,0 79.5432481965403,24.2505773025804,0 79.5432466417743,24.2505791385047,0 79.543245192125,24.2505810453622,0 79.5432438514347,24.2505830180986,0 79.5432426232572,24.2505850514849,0 79.5432421725774,24.2505858976759,0 79.5432416812526,24.250585797052,0 79.5432391562448,24.2505854050123,0 79.5432366124215,24.2505851338658,0 79.5432340566632,24.2505849843461,0 79.543231495883,24.2505849568576,0 79.5432289370073,24.2505850514744,0 79.5432263869574,24.2505852679409,0 79.543223852631,24.2505856056714,0 79.543221340883,24.2505860637524,0 79.5432188585073,24.250586640945,0 79.5432164122182,24.2505873356878,0 79.5432140086328,24.2505881461017,0 79.5432116542522,24.2505890699947,0 79.5432093554449,24.2505901048677,0 79.5432087796648,24.2505903990755,0 79.5432073410194,24.2505902691287,0 79.5432047612589,24.2505901608455,0 79.5432021788545,24.2505901767163,0 79.543199600909,24.2505903166974,0 79.543197034513,24.2505905804038,0 79.5431944867253,24.2505909671103,0 79.5431919645534,24.250591475753,0 79.5431894749346,24.2505921049332,0 79.5431870247165,24.2505928529202,0 79.5431846206383,24.2505937176567,0 79.5431822693123,24.2505946967642,0 79.5431799772059,24.2505957875498,0 79.5431777506233,24.2505969870133,0 79.5431755956888,24.2505982918557,0 79.5431735183294,24.2505996984879,0 79.5431715242589,24.250601203041,0 79.5431696189619,24.2506028013769,0 79.5431681831537,24.2506041392383,0 79.5431652292191,24.2506030599161,0 79.5431628394822,24.250602251763,0 79.543160407364,24.2506015579905,0 79.543157939372,24.2506009804549,0 79.5431554421097,24.2506005207014,0 79.5431529222592,24.2506001799603,0 79.5431503865625,24.2505999591432,0 79.5431478418046,24.2505998588409,0 79.5431452947942,24.250599879322,0 79.5431427523464,24.2506000205314,0 79.543140221264,24.2506002820914,0 79.5431377083193,24.2506006633023,0 79.5431352202361,24.2506011631438,0 79.5431327636718,24.2506017802788,0 79.5431303451992,24.2506025130558,0 79.5431279712896,24.2506033595142,0 79.5431256482946,24.2506043173892,0 79.54312338243,24.2506053841178,0 79.5431211797583,24.2506065568458,0 79.5431190461732,24.2506078324354,0 79.5431169873836,24.2506092074734,0 79.5431150088981,24.2506106782807,0 79.5431131160104,24.250612240922,0 79.5431113137854,24.250613891216,0 79.5431096070452,24.2506156247471,0 79.5431080003564,24.250617436877,0 79.5431064980182,24.250619322757,0 79.5431051040503,24.2506212773411,0 79.5431038221824,24.2506232953994,0 79.5431026558445,24.2506253715323,0 79.5431016081572,24.2506275001847,0 79.543100681924,24.250629675661,0 79.543099879623,24.2506318921403,0 79.5430992034011,24.2506341436921,0 79.5430986550675,24.2506364242919,0 79.5430982360894,24.2506387278375,0 79.5430967878231,24.2506481932697,0 79.5430844028194,24.2506675940448,0 79.5430831485158,24.2506696835989,0 79.5430820163194,24.2506718309709,0 79.54308100939,24.2506740301677,0 79.5430801305377,24.2506762750515,0 79.5430793822156,24.2506785593569,0 79.543078766512,24.2506808767088,0 79.5430782851453,24.2506832206395,0 79.5430779394591,24.2506855846072,0 79.5430777304181,24.2506879620144,0 79.5430776586058,24.2506903462259,0 79.5430777242225,24.2506927305874,0 79.5430779270852,24.2506951084445,0 79.5430782666277,24.2506974731606,0 79.5430787419023,24.2506998181362,0 79.5430793515826,24.2507021368264,0 79.5430800939671,24.25070442276,0 79.5430809669837,24.2507066695572,0 79.5430819681961,24.2507088709472,0 79.5430830948098,24.2507110207863,0 79.5430843436807,24.2507131130742,0 79.5430857113231,24.2507151419717,0 79.5430871939201,24.2507171018161,0 79.5430887873339,24.2507189871378,0 79.5430904871175,24.2507207926749,0 79.5430922885267,24.2507225133882,0 79.5430941865341,24.2507241444755,0 79.5430961758424,24.2507256813844,0 79.5431163984962,24.2507404855312,0 79.5431309677276,24.2507519436276,0 79.5431148511649,24.2507543294625,0 79.543112405063,24.2507547499841,0 79.5431099852588,24.2507552832837,0 79.5431075979335,24.2507559279991,0 79.5431052491853,24.2507566824834,0 79.5431029450138,24.2507575448092,0 79.5431006913051,24.2507585127739,0 79.5430984938159,24.2507595839049,0 79.5430963581596,24.2507607554659,0 79.5430942897916,24.2507620244644,0 79.5430922939954,24.2507633876588,0 79.5430903758691,24.250764841567,0 79.543069849498,24.2507812182009,0 79.5430696759125,24.2507801699057,0 79.5430691632369,24.2507778799552,0 79.5430685219698,24.250775617405,0 79.5430677538304,24.2507733883213,0 79.5430668608782,24.2507711986802,0 79.5430658455073,24.2507690543524,0 79.5430647104398,24.2507669610867,0 79.543063458719,24.2507649244954,0 79.5430620937008,24.2507629500387,0 79.5430606190449,24.2507610430101,0 79.5430590387048,24.2507592085224,0 79.5430573569176,24.2507574514941,0 79.5430555781922,24.2507557766358,0 79.5430537072974,24.2507541884378,0 79.5430517492491,24.2507526911582,0 79.5430497092971,24.2507512888112,0 79.5430475929105,24.2507499851567,0 79.5430454057634,24.2507487836896,0 79.5430431537197,24.2507476876313,0 79.5430408428171,24.2507466999203,0 79.5430384792513,24.2507458232046,0 79.5430360693591,24.2507450598349,0 79.5430336196016,24.2507444118577,0 79.5430311365467,24.2507438810103,0 79.5430286268514,24.2507434687159,0 79.5430260972445,24.2507431760799,0 79.5430235545078,24.2507430038869,0 79.5430210054586,24.2507429525984,0 79.543018456931,24.2507430223521,0 79.5430159157577,24.2507432129609,0 79.5430135814002,24.2507435002079,0 79.5430121160421,24.2507419154756,0 79.5430103541904,24.2507402001842,0 79.5430084971357,24.2507385715045,0 79.5430065499359,24.2507370338724,0 79.5430045178945,24.2507355914759,0 79.5430024065461,24.2507342482436,0 79.5430002216413,24.250733007834,0 79.5429979691311,24.2507318736256,0 79.5429956551504,24.2507308487074,0 79.5429932860017,24.2507299358711,0 79.5429908681378,24.2507291376029,0 79.5429884081441,24.250728456077,0 79.5429859127207,24.2507278931496,0 79.5429833886644,24.250727450354,0 79.5429808428498,24.2507271288962,0 79.5429782822107,24.2507269296516,0 79.5429757137215,24.250726853163,0 79.5429731443778,24.2507268996388,0 79.5429705811777,24.2507270689522,0 79.5429680311023,24.2507273606423,0 79.5429655010973,24.2507277739144,0 79.5429629980534,24.2507283076431,0 79.5429605287881,24.2507289603746,0 79.5429581000268,24.250729730331,0 79.5429557183846,24.2507306154154,0 79.5429533903482,24.250731613217,0 79.5429511222585,24.2507327210182,0 79.5429489202929,24.2507339358017,0 79.5429467904487,24.2507352542589,0 79.542944738527,24.2507366727987,0 79.5429427701165,24.2507381875576,0 79.5429408905784,24.2507397944098,0 79.5429391050319,24.2507414889789,0 79.5428777050308,24.2508028889644,0 79.5428760033078,24.2508046833436,0 79.5428744069852,24.250806557381,0 79.5428729204911,24.2508085058783,0 79.5428715479491,24.2508105234303,0 79.5428702931664,24.2508126044406,0 79.5428691596238,24.2508147431365,0 79.5428681504656,24.2508169335854,0 79.5428672684912,24.2508191697111,0 79.5428665161471,24.2508214453109,0 79.5428658955203,24.2508237540722,0 79.5428654083324,24.2508260895907,0 79.5428650559348,24.250828445388,0 79.5428648393051,24.250830814929,0 79.5428647590441,24.2508331916409,0 79.5428648153745,24.2508355689307,0 79.5428650081402,24.2508379402041,0 79.5428653368063,24.2508402988833,0 79.5428658004611,24.2508426384254,0 79.5428663978186,24.2508449523408,0 79.5428671272217,24.2508472342106,0 79.5428679866471,24.2508494777052,0 79.5428689737108,24.2508516766012,0 79.5428700856747,24.250853824799,0 79.5428713194544,24.2508559163397,0 79.5428726716274,24.2508579454215,0 79.5428741384428,24.2508599064157,0 79.5428757158319,24.2508617938828,0 79.5428773994189,24.2508636025869,0 79.5428791845339,24.2508653275109,0 79.5428810662249,24.2508669638699,0 79.5428830392723,24.2508685071248,0 79.542885098203,24.2508699529946,0 79.5428872373055,24.2508712974686,0 79.5428894506462,24.2508725368172,0 79.5428917320854,24.2508736676027,0 79.5428940752945,24.2508746866883,0 79.5428964737736,24.2508755912471,0 79.5428989208694,24.2508763787698,0 79.5429014097939,24.2508770470721,0 79.5429039336429,24.2508775942999,0 79.5429064854153,24.2508780189355,0 79.5429090580328,24.2508783198007,0 79.5429116443591,24.2508784960611,0 79.5429142372197,24.2508785472277,0 79.5429168294224,24.2508784731586,0 79.5429526487712,24.2508765829563,0 79.5429554671641,24.2508817356036,0 79.5429653379391,24.2509118815176,0 79.5429661588205,24.2509141657506,0 79.5429671112052,24.2509164066635,0 79.5429681923907,24.2509185978975,0 79.5429693993089,24.2509207332344,0 79.5429707285349,24.2509228066147,0 79.5429721762967,24.2509248121547,0 79.5429770281064,24.2509311591798,0 79.5429634222098,24.2509433562881,0 79.5429632903248,24.2509430963984,0 79.5429620907104,24.2509410218554,0 79.5429607750805,24.2509390073023,0 79.5429593469938,24.2509370581883,0 79.5429578103132,24.2509351797855,0 79.5429561691952,24.2509333771749,0 79.5429157691914,24.2508912771844,0 79.5429140125407,24.2508895406633,0 79.5429121589833,24.2508878909952,0 79.5429102136201,24.2508863327201,0 79.542908181805,24.2508848701265,0 79.5429060691296,24.2508835072395,0 79.5429038814081,24.2508822478098,0 79.542871081414,24.2508644478155,0 79.5428688133702,24.2508632898918,0 79.5428664819219,24.2508622431674,0 79.5428640935486,24.2508613105512,0 79.5428616548884,24.2508604946354,0 79.542859172719,24.2508597976876,0 79.5428566539389,24.2508592216447,0 79.5428541055486,24.2508587681077,0 79.5428515346308,24.2508584383373,0 79.5428489483308,24.2508582332498,0 79.5428463538365,24.2508581534153,0 79.5428437583588,24.2508581990556,0 79.5428411691112,24.250858370044,0 79.54283859329,24.2508586659051,0 79.5428360380541,24.2508590858168,0 79.5428335105053,24.2508596286119,0 79.5428310176681,24.2508602927819,0 79.5428285664709,24.2508610764809,0 79.5428261637264,24.2508619775307,0 79.5428238161123,24.2508629934271,0 79.5428216834982,24.2508640456845,0 79.5428099564086,24.2508568994903,0 79.5428077475574,24.2508556294609,0 79.5428054684848,24.250854468406,0 79.5428031255803,24.2508534195805,0 79.5428007254123,24.250852485925,0 79.5427982747097,24.2508516700568,0 79.5427957803431,24.2508509742633,0 79.5427932493054,24.2508504004952,0 79.5427906886926,24.2508499503611,0 79.5427881056833,24.2508496251228,0 79.5427855075191,24.2508494256923,0 79.5427829014839,24.2508493526286,0 79.5427802948839,24.2508494061366,0 79.5427776950267,24.2508495860662,0 79.542775109201,24.250849891913,0 79.5427725446563,24.2508503228196,0 79.5427700085823,24.2508508775779,0 79.542767508089,24.2508515546327,0 79.5427650501864,24.2508523520857,0 79.5427626417655,24.2508532677013,0 79.5427602895783,24.2508542989126,0 79.5427580002192,24.2508554428286,0 79.5427557801064,24.2508566962423,0 79.5427536354641,24.2508580556396,0 79.5427515723048,24.2508595172095,0 79.5427495964127,24.2508610768544,0 79.5427477133272,24.2508627302019,0 79.5427459283275,24.2508644726167,0 79.5427442464181,24.250866299214,0 79.542742672314,24.2508682048729,0 79.542730872312,24.2508833048697,0 79.5427294463157,24.2508852328451,0 79.5427282624345,24.2508870261167,0 79.542726458169,24.2508874943126,0 79.5427240248066,24.2508882535645,0 79.5427216379713,24.2508891282039,0 79.5427193041669,24.2508901158473,0 79.5427170297528,24.2508912138037,0 79.5427148209262,24.2508924190814,0 79.5427126837059,24.250893728396,0 79.5427106239156,24.2508951381799,0 79.5427086471677,24.2508966445918,0 79.5427067588487,24.2508982435268,0 79.5427049641039,24.2508999306282,0 79.5427032678237,24.2509017012987,0 79.5427016746301,24.2509035507138,0 79.5427001888645,24.2509054738338,0 79.5426988145752,24.2509074654188,0 79.5426975555071,24.2509095200419,0 79.5426964150908,24.2509116321045,0 79.5426920436587,24.2509202892504,0 79.5426863018798,24.2509211669741,0 79.5426837509067,24.2509216206624,0 79.5426812295889,24.2509221971017,0 79.5426787449477,24.2509228946867,0 79.5426763039023,24.2509237114749,0 79.5426739132503,24.2509246451916,0 79.5426715796493,24.2509256932367,0 79.5426693095978,24.2509268526915,0 79.5426671094173,24.2509281203274,0 79.5426649852349,24.2509294926141,0 79.5426629429659,24.2509309657302,0 79.5426609882977,24.2509325355734,0 79.5426591266734,24.2509341977721,0 79.5426573632773,24.2509359476974,0 79.54265570302,24.2509377804761,0 79.5426541505251,24.2509396910044,0 79.5426527101158,24.2509416739619,0 79.5426513858035,24.2509437238265,0 79.5426284667719,24.2509814345566,0 79.542618120953,24.2509883317706,0 79.542616525876,24.2509876534373,0 79.5426140984623,24.2509867614564,0 79.5426116228236,24.2509859888886,0 79.5426091059421,24.2509853379131,0 79.5426065549167,24.2509848103657,0 79.5426039769422,24.2509844077345,0 79.5426013792897,24.250984131155,0 79.5425987692857,24.2509839814073,0 79.5425961542915,24.2509839589137,0 79.5425935416826,24.2509840637377,0 79.5425909388277,24.2509842955836,0 79.542588353068,24.2509846537976,0 79.5425857916963,24.2509851373693,0 79.5425832619369,24.2509857449348,0 79.542574272947,24.2509881393825,0 79.5425722418887,24.2509879281068,0 79.5425698163214,24.2509877864565,0 79.5425673860856,24.250987754714,0 79.542546486093,24.2509879547142,0 79.542543905335,24.2509880415037,0 79.542541333089,24.2509882522275,0 79.5425387764299,24.2509885863061,0 79.5425362423899,24.2509890428206,0 79.542533737939,24.2509896205154,0 79.5425272505138,24.2509912839578,0 79.5425043813892,24.2509959144833,0 79.5425018933588,24.2509964809161,0 79.5424994408525,24.2509971653026,0 79.5424970305175,24.2509979657879,0 79.5424946688868,24.2509988802023,0 79.5424923623614,24.2509999060675,0 79.5424901171928,24.2510010406029,0 79.5424879394662,24.2510022807335,0 79.5424858350843,24.2510036230981,0 79.5424838097506,24.2510050640583,0 79.5424818689547,24.2510065997085,0 79.5424800179568,24.2510082258867,0 79.5424782617739,24.2510099381851,0 79.5424766051658,24.2510117319628,0 79.5424750526228,24.2510136023579,0 79.5424736083527,24.251015544301,0 79.5424722762702,24.2510175525286,0 79.5424710599856,24.2510196215977,0 79.5424699627957,24.2510217459002,0 79.5424689876741,24.2510239196785,0 79.5424652876715,24.2510328196772,0 79.542464759797,24.2510341518976,0 79.5424575597911,24.2510532518952,0 79.5424567547008,24.2510555916972,0 79.5424560894302,24.2510579681433,0 79.5424555659441,24.2510603742154,0 79.5424551857884,24.251062802808,0 79.5424549500859,24.2510652467489,0 79.5424548595325,24.2510676988208,0 79.5424549143958,24.251070151782,0 79.5424551145136,24.2510725983887,0 79.5424554592951,24.2510750314155,0 79.5424559477221,24.2510774436772,0 79.542456578352,24.2510798280498,0 79.5424573493226,24.251082177492,0 79.5424725810875,24.251124400307,0 79.542472695262,24.2511265635778,0</coordinates></LinearRing></outerBoundaryIs><innerBoundaryIs><LinearRing><coordinates>79.544526680015,24.2507760243992,0 79.5445251676887,24.2507778991139,0 79.5445237629486,24.2507798429191,0 79.5445231816417,24.2507807452617,0 79.5445230263795,24.2507791005751,0 79.5445226572866,24.2507766999474,0 79.5445221481781,24.2507743209462,0 79.5445220746788,24.2507740541979,0 79.5445241381571,24.2507742015893,0 79.5445271886084,24.2507754576577,0 79.544526680015,24.2507760243992,0</coordinates></LinearRing></innerBoundaryIs><innerBoundaryIs><LinearRing><coordinates>79.5444364535402,24.2506450877441,0 79.5444343608214,24.2506437247245,0 79.5444321934745,24.2506424635486,0 79.5444299573894,24.2506413076438,0 79.5444284107476,24.2506406028702,0 79.5444316163089,24.250636142956,0 79.544432529896,24.2506347956102,0 79.5444327763174,24.2506355966512,0 79.5444336114211,24.2506378495216,0 79.5444345748193,24.2506400589236,0 79.544435663836,24.2506422187202,0 79.5444368754463,24.2506443229124,0 79.5444381997513,24.2506463556271,0 79.5444364535402,24.2506450877441,0</coordinates></LinearRing></innerBoundaryIs><innerBoundaryIs><LinearRing><coordinates>79.5442164461833,24.2503898421604,0 79.5442169712899,24.2503921548249,0 79.5442176276086,24.2503944391414,0 79.5442184133427,24.2503966888565,0 79.5442193263411,24.250398897811,0 79.544220158292,24.2504006311543,0 79.5442176334059,24.2504004835291,0 79.5442150298318,24.2504004577467,0 79.5442124284112,24.2504005581802,0 79.5442098364174,24.2504007845486,0 79.5442094428233,24.2504008285778,0 79.5442035038963,24.2503789455346,0 79.5442039505563,24.250379438849,0 79.5442057022583,24.2503811791177,0 79.5442075510749,24.2503828327781,0 79.5442094919193,24.2503843952804,0 79.5442115194519,24.2503858623257,0 79.5442136280942,24.2503872298779,0 79.5442158120448,24.2503884941742,0 79.5442162581095,24.250388723331,0 79.5442164461833,24.2503898421604,0</coordinates></LinearRing></innerBoundaryIs><innerBoundaryIs><LinearRing><coordinates>79.5441696820691,24.2503231587329,0 79.5441720687616,24.2503239924083,0 79.5441731272945,24.2503243055708,0 79.5441736909394,24.2503259635373,0 79.544174590243,24.2503281895616,0 79.5441756159139,24.2503303691702,0 79.5441767651165,24.2503324963375,0 79.5441780346737,24.2503345651829,0 79.544179421076,24.2503365699867,0 79.5441809204903,24.2503385052067,0 79.5441825287716,24.2503403654929,0 79.5441842414736,24.2503421457023,0 79.5441860538616,24.2503438409135,0 79.5441879609249,24.25034544644,0 79.5441899573916,24.2503469578431,0 79.5441918006592,24.2503482099034,0 79.5441917644704,24.250349007761,0 79.5441917926122,24.250351375747,0 79.5441919172875,24.2503531776304,0 79.544190324485,24.2503514307891,0 79.5441885389648,24.250349671906,0 79.5441814971169,24.2503430950879,0 79.5441736682945,24.2503319110613,0 79.5441693658035,24.2503230395603,0 79.5441696820691,24.2503231587329,0</coordinates></LinearRing></innerBoundaryIs><innerBoundaryIs><LinearRing><coordinates>79.5438349616443,24.250497010485,0 79.543833320646,24.2504957838451,0 79.5438312726505,24.2504944077991,0 79.5438291500166,24.2504931303723,0 79.5438269583879,24.2504919549611,0 79.5438247035914,24.2504908846906,0 79.5438223916221,24.2504899224065,0 79.5438200286269,24.2504890706671,0 79.5438176208885,24.2504883317372,0 79.5438151748085,24.2504877075812,0 79.5438140514026,24.2504874773967,0 79.5438271358319,24.2504780030722,0 79.5438289560217,24.2504788144387,0 79.5438313710717,24.2504797487659,0 79.5438338369271,24.2504805639394,0 79.5438363466003,24.250481257649,0 79.5438387841662,24.2504818035596,0 79.5438388267625,24.2504823050309,0 79.5438404267571,24.2504963050312,0 79.543840582956,24.2504973852388,0 79.5438349616443,24.250497010485,0</coordinates></LinearRing></innerBoundaryIs><innerBoundaryIs><LinearRing><coordinates>79.5437138060626,24.2506010581956,0 79.5437159582386,24.250602409873,0 79.5437167396867,24.2506028467929,0 79.5437164217935,24.2506040688092,0 79.5437159586152,24.2506063734256,0 79.5437156264856,24.250608696973,0 79.5437154262994,24.2506110331911,0 79.543715358596,24.2506133757859,0 79.5437154235578,24.2506157184459,0 79.5437156210098,24.2506180548597,0 79.54371595042,24.2506203787324,0 79.543716410901,24.2506226838032,0 79.5437170012122,24.2506249638618,0 79.5437177197631,24.2506272127653,0 79.5437185646178,24.2506294244547,0 79.5437195335002,24.2506315929713,0 79.5437206005569,24.2506336672893,0 79.5437192735458,24.2506330925855,0 79.5437100560236,24.2506293646117,0 79.5437123822697,24.2506180968328,0 79.5437128085283,24.2506156732962,0 79.5437130904849,24.2506132320996,0 79.5437132273061,24.2506107804605,0 79.5437132185873,24.250608325627,0 79.5437130643544,24.2506058748569,0 79.5437127650633,24.2506034353957,0 79.5437123215989,24.2506010144558,0 79.5437120264101,24.2505998085509,0 79.5437138060626,24.2506010581956,0</coordinates></LinearRing></innerBoundaryIs><innerBoundaryIs><LinearRing><coordinates>79.5434140740468,24.250646573594,0 79.5434115850994,24.2506472020952,0 79.5434036141792,24.250649422567,0 79.5434043678973,24.2506477006965,0 79.5434052096168,24.2506454380356,0 79.5434059195266,24.2506431376959,0 79.5434064956361,24.2506408061274,0 79.5434069076656,24.2506386031279,0 79.543411920052,24.250642948544,0 79.5434147982437,24.2506464276787,0 79.5434140740468,24.250646573594,0</coordinates></LinearRing></innerBoundaryIs><innerBoundaryIs><LinearRing><coordinates>79.542988094858,24.2510539525677,0 79.5429869606721,24.2510536616076,0 79.5429841129407,24.2510419794571,0 79.542984160051,24.2510420605118,0 79.5429854791478,24.2510440709,0 79.5429869103698,24.2510460157458,0 79.5429884498519,24.2510478897973,0 79.5429900934369,24.2510496879936,0 79.5429904398213,24.2510500292587,0 79.542989442044,24.2510543684226,0 79.542988094858,24.2510539525677,0</coordinates></LinearRing></innerBoundaryIs><innerBoundaryIs><LinearRing><coordinates>79.5426620846413,24.2512605027127,0 79.5426642295209,24.2512591670345,0 79.5426662947458,24.2512577296944,0 79.5426682745901,24.2512561946775,0 79.5426701635645,24.2512545662397,0 79.5426719564316,24.251252848896,0 79.5426736482207,24.2512510474079,0 79.5426752342411,24.25124916677,0 79.5426767100954,24.2512472121967,0 79.5426780716919,24.2512451891071,0 79.5426790976845,24.2512434680713,0 79.542679225562,24.2512436457803,0 79.5426807639717,24.2512455568472,0 79.5426824098728,24.2512473910879,0 79.5426841587096,24.2512491434258,0 79.5426860056419,24.2512508090105,0 79.5426879455575,24.251252383232,0 79.5426899730872,24.2512538617331,0 79.542692082619,24.2512552404217,0 79.5426942683142,24.2512565154818,0 79.5426965241231,24.2512576833841,0 79.5426988438021,24.2512587408962,0 79.5427012209306,24.2512596850911,0 79.5427036489292,24.2512605133553,0 79.5427061210777,24.2512612233964,0 79.5427086305335,24.2512618132491,0 79.5427111703509,24.2512622812808,0 79.5427137335001,24.251262626196,0 79.5427147158988,24.2512627103079,0 79.5427099930634,24.2512668780675,0 79.5427079431788,24.2512657970895,0 79.5427056826873,24.2512647431451,0 79.5427033660124,24.2512637973013,0 79.5427009992986,24.2512629620666,0 79.5426985888234,24.2512622396565,0 79.54269614098,24.2512616319869,0 79.542693662261,24.2512611406696,0 79.5426911592407,24.2512607670078,0 79.5426886385579,24.2512605119925,0 79.5426861068983,24.2512603763001,0 79.5426835709767,24.2512603602906,0 79.5426616578083,24.251260739412,0 79.5426620846413,24.2512605027127,0</coordinates></LinearRing></innerBoundaryIs><innerBoundaryIs><LinearRing><coordinates>79.5426585347284,24.2511592347174,0 79.5426574300083,24.2511571233261,0 79.5426562073681,24.2511550672942,0 79.5426548700971,24.2511530721533,0 79.542654513791,24.2511525976172,0 79.5426566022726,24.2511531406595,0 79.5426591004945,24.2511536632079,0 79.5426616249818,24.251154065896,0 79.5426641688983,24.2511543476334,0 79.5426667253554,24.2511545076572,0 79.5426692874305,24.251154545534,0 79.5426718481856,24.2511544611612,0 79.5426744006865,24.2511542547674,0 79.5426769380213,24.2511539269114,0 79.5426781497161,24.251153710889,0 79.5426780635256,24.2511556485272,0 79.5426780943813,24.2511580256555,0 79.5426782616669,24.2511603979991,0 79.5426785649184,24.2511627589805,0 79.54268206491,24.2511849589812,0 79.5426824756606,24.2511871736535,0 79.5426826286969,24.2511878064624,0 79.5426804972618,24.2511903597429,0 79.5426789773812,24.2511922832322,0 79.5426775699368,24.2511942773475,0 79.5426764995175,24.251195984581,0 79.5426585347284,24.2511592347174,0</coordinates></LinearRing></innerBoundaryIs><innerBoundaryIs><LinearRing><coordinates>79.5427678098551,24.2511283679578,0 79.5427703825476,24.2511285169857,0 79.5427729602209,24.251128542367,0 79.5427755358108,24.2511284440322,0 79.5427781022587,24.2511282222509,0 79.542780652531,24.2511278776307,0 79.5427831796384,24.2511274111163,0 79.5427856766553,24.2511268239861,0 79.5427881367384,24.2511261178491,0 79.5427905531456,24.2511252946406,0 79.5427929192546,24.2511243566166,0 79.5427952285809,24.251123306348,0 79.5427974747956,24.251122146713,0 79.5427996517427,24.2511208808897,0 79.5428017534562,24.2511195123472,0 79.5428037741762,24.251118044836,0 79.5428057083648,24.2511164823781,0 79.542807550721,24.2511148292554,0 79.5428080565349,24.2511143252434,0 79.5428161287964,24.2511224347056,0 79.542817967364,24.2511241847469,0 79.5428332673638,24.2511379847504,0 79.5428351328247,24.2511395822314,0 79.542837086068,24.2511410889338,0 79.542839121845,24.2511425008088,0 79.5428412346852,24.2511438140624,0 79.5428434189109,24.2511450251657,0 79.5428445890374,24.2511456002571,0 79.5428307115658,24.2511450963273,0 79.5428288657379,24.2511442357493,0 79.542826515384,24.2511432780816,0 79.542824113698,24.2511424342395,0 79.5428216672323,24.2511417065251,0 79.5428191826613,24.2511410969239,0 79.5428166667633,24.2511406070989,0 79.5428141264022,24.2511402383864,0 79.5428083264042,24.2511395383868,0 79.5428062376566,24.25113932776,0 79.5427718261521,24.2511365376414,0 79.5427693637639,24.2511328280707,0 79.54276795791,24.2511308305509,0 79.5427664393262,24.2511289036489,0 79.5427657785555,24.251128151977,0 79.5427678098551,24.2511283679578,0</coordinates></LinearRing></innerBoundaryIs><innerBoundaryIs><LinearRing><coordinates>79.5426266188853,24.2511341587738,0 79.5426150607045,24.2511312536108,0 79.5426134372049,24.2511267554239,0 79.5426160353735,24.2511274176113,0 79.5426246617905,24.2511293811703,0 79.5426253013053,24.2511305594098,0 79.5426265607179,24.2511326054327,0 79.5426278785526,24.2511345078382,0 79.5426266188853,24.2511341587738,0</coordinates></LinearRing></innerBoundaryIs><innerBoundaryIs><LinearRing><coordinates>79.5438150444188,24.251000081678,0 79.5438168967033,24.2509985068726,0 79.5438186584668,24.250996847046,0 79.5438203250727,24.2509951065661,0 79.5438218921351,24.2509932900134,0 79.5438221733122,24.2509929272824,0 79.5438241140878,24.2509935337748,0 79.5438265621162,24.250994234101,0 79.5438290465903,24.2509948166265,0 79.543831560772,24.2509952797716,0 79.5438340978423,24.2509956222801,0 79.5438366509203,24.2509958432229,0 79.5438384554355,24.2509959127918,0 79.5438253989564,24.2510058231285,0 79.5438246686712,24.25100640812,0 79.5438229344522,24.2510052571319,0 79.5438208009297,24.2510039896386,0 79.5438185989026,24.2510028247929,0 79.5438163342402,24.2510017656997,0 79.5438140616225,24.2510008351006,0 79.5438150444188,24.251000081678,0</coordinates></LinearRing></innerBoundaryIs><innerBoundaryIs><LinearRing><coordinates>79.544224465085,24.2509432643399,0 79.5442270523268,24.2509439214923,0 79.544229674786,24.2509444483847,0 79.5442323246672,24.2509448434511,0 79.5442349940937,24.2509451055171,0 79.5442376751305,24.2509452338036,0 79.5442458827907,24.2509454210512,0 79.5442478881672,24.2509470641663,0 79.5442497273979,24.2509484983623,0 79.5442516410942,24.2509498481736,0 79.5442727653075,24.2509640058946,0 79.5442883088134,24.2509854163206,0 79.544290196083,24.2509878388058,0 79.5443002960812,24.2509999388083,0 79.5443006919652,24.2510004066953,0 79.5443183929671,24.251021046213,0 79.5443370279543,24.2511165507023,0 79.5443375458626,24.251118856462,0 79.5443381941539,24.2511211343353,0 79.5443389710655,24.2511233781289,0 79.5443398744851,24.2511255817422,0 79.5443409019564,24.2511277391836,0 79.5443420506858,24.2511298445874,0 79.5443433175499,24.2511318922291,0 79.5443446991044,24.2511338765413,0 79.5443461915928,24.2511357921289,0 79.5443477909573,24.2511376337836,0 79.5443494928493,24.2511393964981,0 79.5443512926416,24.2511410754797,0 79.5443531854407,24.2511426661634,0 79.5443551661001,24.2511441642243,0 79.5443572292348,24.2511455655893,0 79.5443593692351,24.2511468664482,0 79.5443615802827,24.251148063264,0 79.5443638563659,24.2511491527828,0 79.5443661912962,24.2511501320423,0 79.5443685787252,24.2511509983799,0 79.5443710121616,24.2511517494401,0 79.5443734849893,24.2511523831809,0 79.5443759904846,24.2511528978791,0 79.5443785218355,24.2511532921354,0 79.5443810721594,24.2511535648778,0 79.5443836345222,24.2511537153647,0 79.5443862019572,24.2511537431871,0 79.5443887674835,24.2511536482691,0 79.5443913241258,24.251153430869,0 79.5443938649329,24.2511530915778,0 79.5443963829965,24.251152631318,0 79.5443988714701,24.2511520513409,0 79.5444013235879,24.2511513532236,0 79.5444037326828,24.2511505388642,0 79.54442863269,24.2511414388616,0 79.5444310007373,24.251140506874,0 79.544433312363,24.2511394625761,0 79.5444355612357,24.2511383088279,0 79.5444377411964,24.2511370487894,0 79.5444398462745,24.2511356859117,0 79.5444418707045,24.2511342239272,0 79.544443808942,24.2511326668403,0 79.5444456556784,24.2511310189154,0 79.5444474058558,24.2511292846659,0 79.5444490546808,24.2511274688417,0 79.5444505976377,24.2511255764159,0 79.5444520305006,24.2511236125715,0 79.544453349345,24.2511215826872,0 79.5444545505589,24.2511194923225,0 79.5444556308524,24.2511173472025,0 79.5444565872669,24.2511151532022,0 79.5444574171828,24.2511129163306,0 79.5444581183271,24.2511106427143,0 79.5444656019458,24.2510837016696,0 79.5444662892045,24.2510841793747,0 79.5444893892072,24.2510993793791,0 79.5444915120864,24.2511007008063,0 79.544493707159,24.251101919051,0 79.5444959684648,24.2511030308053,0 79.5444982898639,24.2511040330505,0 79.5445006650528,24.2511049230653,0 79.5445030875824,24.251105698433,0 79.5445042085394,24.2511059981454,0 79.5445037361414,24.2511066862011,0 79.5444900361373,24.2511278861971,0 79.5444887819927,24.2511299480008,0 79.5444876471099,24.2511320670923,0 79.5444866345921,24.2511342376774,0 79.5444857472077,24.2511364538212,0 79.5444849873829,24.2511387094643,0 79.5444843571955,24.2511409984392,0 79.5444838583683,24.2511433144873,0 79.5444834922655,24.251145651276,0 79.5444832598879,24.251148002416,0 79.544483161871,24.2511503614788,0 79.5444831984828,24.2511527220139,0 79.5444833696231,24.2511550775673,0 79.5444836748241,24.2511574216982,0 79.5444841132512,24.2511597479973,0 79.5444846837057,24.2511620501039,0 79.5444853846279,24.2511643217235,0 79.5444862141013,24.251166556645,0 79.5444871698578,24.2511687487575,0 79.5444882492844,24.2511708920673,0 79.5444894494294,24.251172980714,0 79.5444907670115,24.2511750089869,0 79.5444921984281,24.2511769713402,0 79.5444937397654,24.2511788624082,0 79.544495386809,24.2511806770204,0 79.5444971350554,24.2511824102152,0 79.5444989797246,24.2511840572536,0 79.5445009157728,24.2511856136322,0 79.544537115775,24.2512132136398,0 79.5445382324852,24.2512140209406,0 79.5445345477398,24.2512267915552,0 79.5445130813536,24.2512069251514,0 79.5445111783076,24.2512052557094,0 79.5445091806273,24.2512036819487,0 79.544507094028,24.2512022083717,0 79.5445049244794,24.2512008391942,0 79.5445026781882,24.2511995783332,0 79.544500361581,24.251198429396,0 79.5444979812853,24.2511973956696,0 79.5444955441109,24.2511964801114,0 79.5444930570306,24.2511956853407,0 79.5444905271594,24.2511950136313,0 79.5444879617352,24.2511944669048,0 79.5444853680974,24.2511940467255,0 79.5444827536663,24.2511937542955,0 79.5444801259214,24.2511935904512,0 79.5444774923806,24.2511935556616,0 79.5444748605781,24.2511936500261,0 79.5444722380433,24.2511938732747,0 79.5444440380532,24.2511969732741,0 79.5444414396433,24.2511973235911,0 79.5444388653008,24.2511978004313,0 79.5444363223489,24.2511984024381,0 79.5444338180217,24.2511991278991,0 79.5444313594433,24.2511999747505,0 79.5444289536077,24.2512009405833,0 79.5444266073588,24.2512020226498,0 79.5444243273709,24.251203217872,0 79.5444221201302,24.2512045228497,0 79.5444199919155,24.2512059338708,0 79.544417948781,24.2512074469211,0 79.5444159965389,24.2512090576964,0 79.5444141407429,24.2512107616147,0 79.544412386672,24.2512125538286,0 79.5443930659477,24.2512333866045,0 79.5443684319615,24.2511849273459,0 79.5443672883671,24.2511828226487,0 79.5443660268064,24.2511807753971,0 79.5443646507015,24.2511787911444,0 79.5443631637853,24.2511768752732,0 79.5443615700912,24.2511750329803,0 79.5443598739422,24.2511732692632,0 79.5443580799392,24.2511715889061,0 79.5443561929488,24.2511699964672,0 79.5443542180895,24.2511684962661,0 79.5443521607183,24.2511670923722,0 79.544350026416,24.2511657885937,0 79.5443478209722,24.2511645884673,0 79.5443455503693,24.2511634952483,0 79.5443432207665,24.2511625119023,0 79.5443408384831,24.2511616410967,0 79.5443384099812,24.2511608851936,0 79.5443359418484,24.2511602462434,0 79.5443334407797,24.2511597259794,0 79.5443309135596,24.2511593258128,0 79.5443283670432,24.2511590468292,0 79.5443258081384,24.2511588897852,0 79.5443232437863,24.251158855107,0 79.5443206809429,24.2511589428885,0 79.5443181265603,24.2511591528916,0 79.5443155875675,24.2511594845467,0 79.5443130708516,24.2511599369542,0 79.5443105832395,24.2511605088868,0 79.5443081314791,24.2511611987931,0 79.544305722221,24.2511620048017,0 79.5443033620005,24.2511629247263,0 79.5443010572201,24.2511639560713,0 79.5442992263932,24.2511648865223,0 79.5442980044307,24.251163101844,0 79.5442965197303,24.2511611665762,0 79.544294926488,24.2511593052817,0 79.5442932290796,24.2511575230727,0 79.5442914321672,24.251155824844,0 79.544289540686,24.2511542152599,0 79.544287559831,24.2511526987411,0 79.5442854950427,24.2511512794528,0 79.5442833519921,24.2511499612931,0 79.544281136565,24.2511487478824,0 79.5442788548464,24.2511476425533,0 79.5442765131028,24.2511466483416,0 79.5442742827092,24.2511458285999,0 79.5442785911277,24.2511442979773,0 79.5442809790649,24.2511433827494,0 79.5442833112546,24.2511423537482,0 79.5442855812536,24.2511412138166,0 79.5442877827908,24.2511399661038,0 79.5442899097842,24.2511386140566,0 79.5442919563576,24.2511371614104,0 79.544293916857,24.2511356121784,0 79.5442957858664,24.2511339706404,0 79.5442975582222,24.2511322413315,0 79.5442992290281,24.2511304290291,0 79.5443007936683,24.25112853874,0 79.5443022478203,24.2511265756864,0 79.5443035874666,24.2511245452915,0 79.5443048089065,24.2511224531645,0 79.5443059087654,24.2511203050853,0 79.5443068840049,24.2511181069882,0 79.5443077319306,24.2511158649458,0 79.5443084502002,24.2511135851521,0 79.5443090368294,24.2511112739052,0 79.5443094901973,24.2511089375905,0 79.5443098090517,24.2511065826622,0 79.5443099925115,24.2511042156262,0 79.54431004007,24.2511018430217,0 79.5443099515958,24.2510994714035,0 79.5443085515877,24.2510782714036,0 79.5443083023792,24.2510757097363,0 79.5443078944828,24.251073165236,0 79.5443073292219,24.2510706461594,0 79.5443066084309,24.2510681606811,0 79.5443044084285,24.2510613606816,0 79.5443036141512,24.2510591215469,0 79.5443026936313,24.2510569234243,0 79.5443016493727,24.2510547722926,0 79.5443004842156,24.2510526740026,0 79.5442992013291,24.2510506342615,0 79.5442978042026,24.2510486586172,0 79.5442962966361,24.2510467524433,0 79.5442946827302,24.2510449209245,0 79.5442929668745,24.2510431690423,0 79.544291153736,24.2510415015617,0 79.5442908872912,24.2510412808338,0 79.5442908257692,24.2510390558165,0 79.5442906973377,24.2510367468134,0 79.5442904401519,24.2510344468661,0 79.544290054886,24.251032162006,0 79.5442895425504,24.251029898225,0 79.5442889044888,24.2510276614598,0 79.5442881423743,24.251025457576,0 79.5442872582056,24.2510232923533,0 79.5442862543014,24.2510211714698,0 79.5442642542888,24.2509777714756,0 79.5442631199345,24.2509756773581,0 79.5442618688545,24.2509736398942,0 79.5442605044044,24.2509716645485,0 79.5442590302437,24.2509697566192,0 79.5442574503263,24.2509679212235,0 79.5442557688899,24.2509661632843,0 79.5442539904441,24.2509644875164,0 79.544252119759,24.2509628984145,0 79.544250161852,24.2509614002409,0 79.5442481219745,24.2509599970136,0 79.5442460055976,24.2509586924965,0 79.5442438183977,24.2509574901883,0 79.5442415662412,24.2509563933138,0 79.5442392551687,24.250955404815,0 79.5442368913786,24.250954527343,0 79.544234481211,24.2509537632515,0 79.5442320311302,24.2509531145897,0 79.5442295477076,24.2509525830975,0 79.5442270376041,24.2509521702004,0 79.544224507552,24.2509518770058,0 79.5442219643374,24.2509517043001,0 79.5442194147813,24.2509516525466,0 79.5442168657219,24.250951721884,0 79.5442168208398,24.2509517252433,0 79.5442167971242,24.2509515792412,0 79.5442162824316,24.2509492556385,0 79.5442140384507,24.2509403331579,0 79.544224465085,24.2509432643399,0</coordinates></LinearRing></innerBoundaryIs><innerBoundaryIs><LinearRing><coordinates>79.5441089092619,24.2510275289123,0 79.5441203751401,24.2510187441079,0 79.5441223240409,24.251017169033,0 79.5441241796255,24.2510155019085,0 79.5441259367289,24.2510137473751,0 79.54412759046,24.2510119103164,0 79.5441291362156,24.2510099958462,0 79.544130569693,24.2510080092934,0 79.544131886902,24.2510059561877,0 79.5441330841762,24.2510038422441,0 79.5441341581827,24.2510016733469,0 79.5441351059321,24.2509994555333,0 79.5441351411463,24.2509993583199,0 79.5441490043626,24.251000930436,0 79.5441511364478,24.2510017164249,0 79.5441535831365,24.2510024842292,0 79.5441560704154,24.2510031332045,0 79.5441585914243,24.2510036615606,0 79.5441611392101,24.2510040678405,0 79.544161837421,24.2510041448216,0 79.5441587080421,24.2510104417378,0 79.5441314839017,24.2510196335423,0 79.5441291342655,24.2510204902945,0 79.5441268356962,24.2510214565069,0 79.5441245942552,24.2510225296316,0 79.5441224158531,24.2510237068387,0 79.5441203062342,24.251024985024,0 79.5441182709615,24.2510263608169,0 79.5441163154022,24.2510278305896,0 79.5441144447128,24.2510293904662,0 79.5441030431599,24.2510393999677,0 79.5441089092619,24.2510275289123,0</coordinates></LinearRing></innerBoundaryIs><innerBoundaryIs><LinearRing><coordinates>79.5440146357156,24.2512568339755,0 79.5440168915031,24.2512579414284,0 79.5440192069902,24.2512589399473,0 79.5440215759246,24.2512598268357,0 79.5440239919093,24.2512605996988,0 79.5440264484204,24.2512612564496,0 79.5440289388247,24.2512617953147,0 79.5440296328699,24.2512619109694,0 79.5440238471166,24.2512721747329,0 79.5440151839811,24.251267720803,0 79.5440128575596,24.2512665984936,0 79.5440104691284,24.2512655916149,0 79.5440080254945,24.2512647030367,0 79.5440055336224,24.2512639352913,0 79.5440030006139,24.2512632905668,0 79.5440020825722,24.2512631046407,0 79.5440037679045,24.2512616984957,0 79.5440055521591,24.2512600481564,0 79.5440072414357,24.2512583158306,0 79.5440088312589,24.2512565061075,0 79.5440103174173,24.2512546237813,0 79.544010340192,24.2512545915669,0 79.5440146357156,24.2512568339755,0</coordinates></LinearRing></innerBoundaryIs><innerBoundaryIs><LinearRing><coordinates>79.5439502417035,24.2512750566821,0 79.5439509053608,24.2512742363035,0 79.5439523321645,24.2512722644395,0 79.5439523466721,24.2512722419102,0 79.5439555199908,24.2512727189448,0 79.5439502417035,24.2512750566821,0</coordinates></LinearRing></innerBoundaryIs><innerBoundaryIs><LinearRing><coordinates>79.5438451193863,24.2513283409989,0 79.5438432484723,24.2513299902112,0 79.5438414749302,24.2513317275122,0 79.5438398036869,24.2513335480757,0 79.5438382393849,24.2513354468443,0 79.5438367863699,24.2513374185433,0 79.5438354486783,24.2513394576954,0 79.5438342300262,24.2513415586359,0 79.5438331337989,24.2513437155284,0 79.5438321630417,24.2513459223812,0 79.5438313204515,24.2513481730636,0 79.5438306083688,24.2513504613235,0 79.5438300287717,24.251352780804,0 79.5438295832706,24.2513551250618,0 79.5438292731028,24.2513574875846,0 79.5438290991301,24.2513598618093,0 79.5438290618357,24.2513622411405,0 79.5438291613233,24.2513646189684,0 79.5438293973165,24.2513669886876,0 79.5438297691597,24.251369343715,0 79.54383027582,24.2513716775084,0 79.5438309158898,24.2513739835847,0 79.5438316875912,24.2513762555376,0 79.5438324390378,24.2513781162644,0 79.5438323115045,24.2513781195776,0 79.5438297303294,24.2513783115082,0 79.5438271637291,24.2513786275899,0 79.543824618802,24.2513790669485,0 79.5438221025869,24.2513796283689,0 79.543819622043,24.2513803102983,0 79.5438171840309,24.2513811108507,0 79.5438147952937,24.2513820278118,0 79.5438129040459,24.2513828635096,0 79.5438144669834,24.2513813291465,0 79.5438161472219,24.2513794933082,0 79.5438177188421,24.2513775783086,0 79.5438191774153,24.2513755895437,0 79.5438205188316,24.2513735326176,0 79.5438217393113,24.2513714133262,0 79.5438228354151,24.2513692376413,0 79.5438238040546,24.2513670116935,0 79.5438246425004,24.2513647417551,0 79.5438253483897,24.2513624342224,0 79.5438259197336,24.2513600955974,0 79.5438263549222,24.25135773247,0 79.5438266527293,24.251355351499,0 79.5438268123155,24.2513529593934,0 79.5438268332314,24.2513505628939,0 79.5438267154178,24.2513481687531,0 79.5438240898524,24.2513146200272,0 79.543824146092,24.2513145263742,0 79.5438252754686,24.2513123861763,0 79.5438262803967,24.2513101944354,0 79.5438271580892,24.2513079572294,0 79.5438277236497,24.2513062360528,0 79.5438284536677,24.251307914306,0 79.5438295298242,24.2513100559635,0 79.5438307264706,24.2513121431841,0 79.5438320403427,24.251314170274,0 79.5438334678564,24.2513161317037,0 79.5438350051176,24.2513180221226,0 79.543836647933,24.251319836374,0 79.5438383918212,24.2513215695089,0 79.5438402320251,24.2513232167994,0 79.5438421635249,24.2513247737521,0 79.5438441810517,24.2513262361197,0 79.5438461554245,24.2513275195193,0 79.5438451193863,24.2513283409989,0</coordinates></LinearRing></innerBoundaryIs><innerBoundaryIs><LinearRing><coordinates>79.5439253636523,24.2514288990546,0 79.5439277379119,24.2514297515052,0 79.5439301571161,24.2514304901293,0 79.5439326147784,24.2514311129466,0 79.543935104309,24.2514316182869,0 79.5439376190324,24.2514320047953,0 79.543940152206,24.2514322714355,0 79.5439426970375,24.2514324174924,0 79.5439452467034,24.2514324425746,0 79.543947794367,24.2514323466146,0 79.5439503331974,24.2514321298699,0 79.5439528563871,24.2514317929216,0 79.5439553571705,24.2514313366731,0 79.5439578288423,24.2514307623477,0 79.5439602647751,24.2514300714856,0 79.5439626584372,24.2514292659391,0 79.5439650034106,24.251428347868,0 79.5439672934076,24.2514273197342,0 79.543969522288,24.2514261842943,0 79.5439716840753,24.2514249445928,0 79.5439737729732,24.2514236039538,0 79.5439757833805,24.251422165972,0 79.5439777099068,24.2514206345031,0 79.5439795473863,24.2514190136534,0 79.5439812908923,24.251417307769,0 79.5439829357498,24.2514155214239,0 79.5439844775483,24.251413659408,0 79.5439859121538,24.2514117267138,0 79.5439866784724,24.2514105698011,0 79.5439876216319,24.2514107671221,0 79.543990193584,24.2514111751376,0 79.5439927855035,24.2514114576264,0 79.5439953901077,24.2514116137947,0 79.5439980000783,24.2514116432036,0 79.5440006080818,24.2514115457707,0 79.5440032067904,24.2514113217695,0 79.5440057889023,24.2514109718296,0 79.5440083471622,24.2514104969342,0 79.5440108743823,24.2514098984176,0 79.5440133634614,24.2514091779615,0 79.5440158074059,24.2514083375902,0 79.5440181993488,24.251407379665,0 79.5440779993647,24.2513816796576,0 79.5440804088852,24.2513805693551,0 79.544082748498,24.2513793397769,0 79.544085011186,24.2513779946105,0 79.5440871901631,24.2513765378905,0 79.544089278894,24.2513749739857,0 79.5441236874008,24.2513477376972,0 79.544153216861,24.25133204186,0 79.5441542850439,24.2513321575905,0 79.5441568204548,24.2513323112737,0 79.5441593611366,24.2513323448383,0 79.5441619003243,24.2513322581951,0 79.5441644312567,24.2513320515747,0 79.5441669471947,24.2513317255272,0 79.5441694414389,24.2513312809209,0 79.544171907348,24.2513307189397,0 79.544174338356,24.2513300410798,0 79.5441767279897,24.2513292491464,0 79.5441790698863,24.2513283452479,0 79.5441813578098,24.2513273317914,0 79.5441835856683,24.2513262114753,0 79.544218785676,24.25130741147,0 79.5442206720894,24.2513063512047,0 79.5442225046488,24.2513052143115,0 79.5442394046515,24.2512942143085,0 79.5442414113391,24.2512928364194,0 79.5442433389366,24.2512913666737,0 79.5442451824473,24.2512898088812,0 79.5442469370927,24.25128816708,0 79.5442485983244,24.2512864455258,0 79.5442501618363,24.2512846486811,0 79.5442516235754,24.2512827812038,0 79.5442529797527,24.2512808479345,0 79.5442542268529,24.2512788538846,0 79.5442553616433,24.251276804223,0 79.5442563811822,24.2512747042626,0 79.544257282827,24.251272559447,0 79.5442580642404,24.2512703753358,0 79.5442587233968,24.2512681575907,0 79.5442592585877,24.2512659119602,0 79.5442596684258,24.2512636442654,0 79.5442599518487,24.2512613603845,0 79.5442600391796,24.2512604511121,0 79.5442639810763,24.2512569582916,0 79.5442711370433,24.2512717954484,0 79.5442704162702,24.251272698266,0 79.5442690014873,24.2512746807935,0 79.5442677020826,24.2512767286379,0 79.5442665216343,24.2512788361599,0 79.5442654633931,24.2512809975559,0 79.5442645302732,24.251283206874,0 79.544263724844,24.2512854580303,0 79.5442630493237,24.2512877448256,0 79.5442625055723,24.2512900609627,0 79.5442620950873,24.2512924000634,0 79.5442618189991,24.2512947556865,0 79.5442616780679,24.2512971213452,0 79.5442616726818,24.251299490525,0 79.5442618028557,24.2513018567018,0 79.5442620682311,24.2513042133597,0 79.5442624680772,24.251306554009,0 79.544263001293,24.2513088722043,0 79.5442636664101,24.2513111615616,0 79.5442639896824,24.2513120779817,0 79.544247067619,24.2513132891708,0 79.5442444960187,24.2513135356609,0 79.5442419420752,24.2513139055734,0 79.5442394128302,24.2513143978882,0 79.544236915257,24.2513150112482,0 79.544234456242,24.251315743962,0 79.5442320425649,24.2513165940095,0 79.5442296808808,24.251317559047,0 79.544227377701,24.2513186364137,0 79.544225139376,24.2513198231392,0 79.5442229720769,24.2513211159515,0 79.5442208817796,24.251322511286,0 79.5442188742471,24.2513240052957,0 79.5442169550146,24.2513255938613,0 79.5442151293738,24.2513272726029,0 79.5442134023582,24.251329036892,0 79.5442117787295,24.251330881864,0 79.5442102629642,24.2513328024322,0 79.5441843629591,24.2513675024251,0 79.5441829595446,24.2513694928295,0 79.5441816719891,24.2513715480171,0 79.5441805038409,24.2513736623241,0 79.5441794583193,24.2513758299237,0 79.5441785383057,24.2513780448422,0 79.5441777463356,24.2513803009755,0 79.5441770845915,24.251382592106,0 79.5441765548971,24.2513849119196,0 79.5441761587123,24.2513872540231,0 79.544173503985,24.2514062232091,0 79.5441720861843,24.251406336161,0 79.5441695953688,24.2514066527406,0 79.5441671254282,24.2514070854928,0 79.5441646828037,24.2514076332891,0 79.5441622738653,24.251408294701,0 79.5441599048952,24.2514090680036,0 79.5441577236903,24.2514098973342,0 79.5441422799467,24.2513936928158,0 79.5441405337996,24.2513919546414,0 79.5441386908489,24.2513903026175,0 79.5441367561438,24.25138874127,0 79.5441347349848,24.2513872748767,0 79.5441326329092,24.2513859074549,0 79.544130455676,24.2513846427509,0 79.5441282092503,24.2513834842297,0 79.5441258997864,24.2513824350653,0 79.5441235336116,24.251381498132,0 79.5441211172085,24.2513806759967,0 79.5441186571973,24.2513799709118,0 79.5441161603176,24.251379384809,0 79.54411363341,24.251378919294,0 79.5441110833976,24.2513785756423,0 79.5441085172666,24.2513783547954,0 79.5441059420472,24.2513782573581,0 79.5441033647949,24.2513782835976,0 79.5441007925705,24.251378433442,0 79.544098232421,24.2513787064806,0 79.5440956913606,24.2513791019655,0 79.5440931763508,24.2513796188132,0 79.544090694282,24.2513802556076,0 79.5440882519543,24.2513810106041,0 79.544085856059,24.2513818817343,0 79.54408351316,24.2513828666116,0 79.544081229676,24.2513839625378,0 79.5440790118633,24.2513851665102,0 79.5440768657978,24.2513864752304,0 79.5440747973591,24.251387885113,0 79.5440728122141,24.2513893922953,0 79.5440709158015,24.251390992648,0 79.5440691133168,24.2513926817868,0 79.5440674096983,24.2513944550838,0 79.5440658096134,24.2513963076809,0 79.5440604096126,24.2514029076795,0 79.5440589628845,24.2514047725573,0 79.5440576210826,24.251406702254,0 79.5440563876545,24.2514086918116,0 79.5440552657694,24.2514107361182,0 79.5440542583098,24.2514128299211,0 79.5440533678643,24.2514149678405,0 79.5440525967208,24.2514171443834,0 79.5440519468606,24.2514193539573,0 79.5440514199536,24.251421590885,0 79.5440510173535,24.251423849419,0 79.5440507400947,24.2514261237562,0 79.5440505888897,24.251428408053,0 79.5440505641271,24.2514306964401,0 79.5440506658703,24.2514329830378,0 79.5440537470388,24.2514756456015,0 79.5440489700046,24.2514852724107,0 79.5440082862355,24.2514947397,0 79.5440058317386,24.2514953733245,0 79.5440034163076,24.2514961225963,0 79.5440010464196,24.2514969855062,0 79.5439987284295,24.2514979597403,0 79.5439964685534,24.251499042686,0 79.5439942728511,24.2515002314395,0 79.5439940577856,24.2515003620965,0 79.5439938989514,24.2514987819606,0 79.543993528646,24.2514964442984,0 79.5439930254926,24.2514941275939,0 79.5439923908686,24.2514918381889,0 79.5439916265114,24.2514895823509,0 79.5439907345134,24.2514873662553,0 79.5439897173165,24.2514851959685,0 79.5439885777052,24.2514830774319,0 79.5439873187992,24.2514810164449,0 79.5439859440449,24.2514790186495,0 79.5439844572057,24.2514770895147,0 79.5439828623518,24.2514752343216,0 79.5439811638491,24.2514734581488,0 79.5439793663474,24.2514717658585,0 79.5439774747672,24.2514701620835,0 79.543975494287,24.2514686512141,0 79.5439734303282,24.2514672373863,0 79.5439712885409,24.2514659244705,0 79.5439690747884,24.2514647160608,0 79.5439667951309,24.2514636154653,0 79.5439644558089,24.2514626256969,0 79.5439620632262,24.251461749465,0 79.5439596239328,24.2514609891684,0 79.5439571446062,24.2514603468884,0 79.5439546320336,24.2514598243832,0 79.5439520930931,24.2514594230832,0 79.5439495347352,24.2514591440869,0 79.5438811347589,24.2514533440901,0 79.5438786701103,24.2514531921492,0 79.5438762002523,24.2514531537235,0 79.5438750744527,24.2514531880086,0 79.5438808512845,24.2514396628698,0 79.5438817318518,24.2514374300021,0 79.5438824831694,24.2514351577774,0 79.5438831031596,24.2514328524804,0 79.5438835901076,24.2514305204868,0 79.5438839426666,24.2514281682465,0 79.5438841598614,24.2514258022652,0 79.5438842410914,24.2514234290866,0 79.5438841861319,24.2514210552745,0 79.543883995135,24.2514186873942,0 79.5438836686289,24.2514163319947,0 79.5438832075167,24.2514139955906,0 79.5438828080156,24.251412442497,0 79.5439253636523,24.2514288990546,0</coordinates></LinearRing></innerBoundaryIs><innerBoundaryIs><LinearRing><coordinates>79.5445918660717,24.2510595183751,0 79.5445926485154,24.2510588389798,0 79.5446247166553,24.2510303775224,0 79.5446240913517,24.2510317072931,0 79.5446232027203,24.2510339040768,0 79.5446224395863,24.2510361401709,0 79.5446218040051,24.2510384095529,0 79.5446212976883,24.2510407061108,0 79.5446209219997,24.2510430236596,0 79.544620677951,24.2510453559574,0 79.5446205661995,24.2510476967229,0 79.5446205870463,24.2510500396519,0 79.5446206236897,24.2510505983689,0 79.5446195436708,24.2510517383802,0 79.5446180509943,24.2510534795882,0 79.5446166532438,24.2510552858153,0 79.5446153537829,24.2510571527154,0 79.5446141557383,24.251059075796,0 79.5446097949714,24.2510664922798,0 79.5445978019146,24.2510700862895,0 79.5445960471817,24.2510706459451,0 79.544579455499,24.2510762615918,0 79.5445697183774,24.2510783320126,0 79.5445918660717,24.2510595183751,0</coordinates></LinearRing></innerBoundaryIs><innerBoundaryIs><LinearRing><coordinates>79.5447218358972,24.2509582191127,0 79.5447222528563,24.2509559449444,0 79.5447225426189,24.2509536542221,0 79.5447227044291,24.2509513529224,0 79.5447227136597,24.2509507163363,0 79.5447239715554,24.250948830769,0 79.5447254337805,24.2509465027521,0 79.54472523921,24.2509486151803,0 79.5447251587169,24.2509510486932,0 79.5447252214172,24.2509534826462,0 79.5447261214109,24.2509697826462,0 79.5447263148495,24.250972101424,0 79.5447266382582,24.2509744079931,0 79.5447266723118,24.2509745801905,0 79.5447253731906,24.2509753523162,0 79.5447170993854,24.2509805484259,0 79.5447218358972,24.2509582191127,0</coordinates></LinearRing></innerBoundaryIs><innerBoundaryIs><LinearRing><coordinates>79.5439715602648,24.251544257444,0 79.5439719508177,24.2515465677871,0 79.5439724712907,24.2515488564959,0 79.5439731202881,24.2515511174331,0 79.5439738960696,24.2515533445356,0 79.5439753164985,24.2515570851925,0 79.5439741815544,24.2515572249554,0 79.543971671097,24.2515576566307,0 79.5439691884308,24.2515582070786,0 79.5439667402354,24.251558874818,0 79.543964333098,24.2515596580524,0 79.5439619734954,24.2515605546743,0 79.5439596677763,24.2515615622714,0 79.5439574221445,24.2515626781325,0 79.5439552426421,24.2515638992553,0 79.5439531351332,24.2515652223543,0 79.5439511052884,24.2515666438694,0 79.5439491585692,24.2515681599761,0 79.5439473002135,24.2515697665949,0 79.5439455352214,24.2515714594032,0 79.5439438683417,24.2515732338462,0 79.5439423040594,24.2515750851496,0 79.5439408465834,24.2515770083322,0 79.5439394998351,24.2515789982197,0 79.5439382674383,24.2515810494578,0 79.5439371527087,24.2515831565276,0 79.5439362689166,24.2515850744589,0 79.543928749054,24.2515794267622,0 79.5439714403548,24.2515431830988,0 79.5439715602648,24.251544257444,0</coordinates></LinearRing></innerBoundaryIs><innerBoundaryIs><LinearRing><coordinates>79.5439725543262,24.2516606526268,0 79.5439683873767,24.2516624030069,0 79.5439691123325,24.2516614265731,0 79.543970441235,24.2516594198197,0 79.5439708022261,24.2516588047323,0 79.5439725543262,24.2516606526268,0</coordinates></LinearRing></innerBoundaryIs><innerBoundaryIs><LinearRing><coordinates>79.5440610224121,24.251849552186,0 79.5440598903401,24.2518516804238,0 79.5440588815243,24.2518538601529,0 79.5440579987395,24.2518560853775,0 79.5440572444142,24.2518583499768,0 79.5440566206231,24.2518606477216,0 79.5440561290821,24.2518629722918,0 79.5440557711432,24.251865317293,0 79.5440555477911,24.2518676762751,0 79.5440554746494,24.2518696398147,0 79.5440544119321,24.2518678331598,0 79.5440530667138,24.2518658084267,0 79.5440516074252,24.2518638512302,0 79.5440500380903,24.2518619669672,0 79.5440483630367,24.2518601608336,0 79.5440465868833,24.2518584378101,0 79.5440447145281,24.2518568026478,0 79.544042751134,24.2518552598557,0 79.5440407021152,24.2518538136883,0 79.544038573122,24.2518524681334,0 79.5440363700251,24.2518512269013,0 79.5440340988997,24.2518500934148,0 79.5440317660085,24.2518490707996,0 79.5440308576412,24.2518487250879,0 79.5440324234305,24.2518297118341,0 79.5440467992561,24.2518191855996,0 79.5440488577447,24.2518266571604,0 79.5440495551281,24.2518289352449,0 79.5440503817262,24.2518311767026,0 79.5440513352685,24.2518333753769,0 79.5440524131362,24.2518355252289,0 79.5440536123687,24.2518376203538,0 79.5440549296721,24.251839654997,0 79.5440563614284,24.2518416235702,0 79.544057903705,24.2518435206664,0 79.5440595522658,24.251845341075,0 79.544061302583,24.251847079796,0 79.5440620909956,24.2518477849792,0 79.5440610224121,24.251849552186,0</coordinates></LinearRing></innerBoundaryIs><innerBoundaryIs><LinearRing><coordinates>79.5445251881846,24.2521705454526,0 79.5445227346939,24.2521695474865,0 79.5445202255397,24.2521686735733,0 79.544517668177,24.2521679263097,0 79.5445150702042,24.2521673079158,0 79.5445124393401,24.2521668202289,0 79.5445097834016,24.2521664646981,0 79.5444989301988,24.2521652878458,0 79.5444980681864,24.252164364023,0 79.5444962952145,24.2521626535723,0 79.5444958790435,24.2521622919482,0 79.5444962986141,24.2521621957685,0 79.5444987796254,24.2521614978223,0 79.544501217086,24.2521606810037,0 79.5445036042256,24.2521597475812,0 79.544505934414,24.2521587001476,0 79.5445082011789,24.2521575416122,0 79.5445103982244,24.2521562751927,0 79.544512519448,24.2521549044068,0 79.544514558958,24.2521534330619,0 79.5445165110896,24.2521518652446,0 79.5445183704205,24.2521502053097,0 79.5445201317866,24.2521484578676,0 79.5445217902955,24.252146627772,0 79.5445233413407,24.252144720106,0 79.544524780614,24.2521427401683,0 79.5445261041179,24.2521406934581,0 79.5445273081763,24.2521385856603,0 79.5445277350036,24.2521377318108,0 79.5445277550866,24.2521379519687,0 79.5445281093314,24.2521403189329,0 79.544528599647,24.2521426654017,0 79.5445292246604,24.2521449848039,0 79.5445299826213,24.2521472706446,0 79.5445308714071,24.2521495165225,0 79.544531888529,24.2521517161484,0 79.5445330311387,24.2521538633626,0 79.5445342960364,24.2521559521521,0 79.5445355239248,24.2521577487701,0 79.5445353571493,24.2521585784341,0 79.5445327357788,24.2521738440311,0 79.5445251881846,24.2521705454526,0</coordinates></LinearRing></innerBoundaryIs><innerBoundaryIs><LinearRing><coordinates>79.5445319658329,24.2521131301294,0 79.5445311658307,24.2521072301296,0 79.5445307913109,24.2521049466973,0 79.544530359163,24.2521029962226,0 79.5445314785004,24.2521040714914,0 79.5445330457919,24.2521055107306,0 79.5445346821889,24.2521068837935,0 79.544535259601,24.2521073468129,0 79.5445320524144,24.2521139431483,0 79.5445319658329,24.2521131301294,0</coordinates></LinearRing></innerBoundaryIs><innerBoundaryIs><LinearRing><coordinates>79.5448568680876,24.252005401997,0 79.5448579133748,24.252003182676,0 79.5448588276016,24.2520009152391,0 79.5448596081469,24.2519986061869,0 79.5448602527729,24.2519962621397,0 79.5448607596314,24.2519938898176,0 79.5448611272694,24.2519914960222,0 79.5448613546328,24.2519890876166,0 79.5448614410697,24.2519866715056,0 79.5448613863323,24.2519842546162,0 79.5448609890317,24.2519765976058,0 79.5448629556474,24.2519761968606,0 79.5448654738007,24.2519755534303,0 79.5448679511633,24.2519747883831,0 79.5448703807533,24.2519739038752,0 79.5448727557237,24.2519729023993,0 79.5448750693811,24.2519717867777,0 79.5448773152051,24.2519705601546,0 79.5448794868663,24.251969225987,0 79.5448815782447,24.2519677880348,0 79.5448835834461,24.2519662503504,0 79.5448854968193,24.2519646172676,0 79.5448873129721,24.2519628933888,0 79.544889026786,24.2519610835721,0 79.5448906334312,24.2519591929182,0 79.5448921283798,24.2519572267553,0 79.5448993295904,24.2519471984014,0 79.5449002783683,24.251947837002,0 79.5449312755916,24.2519845965534,0 79.544930386243,24.2519859877882,0 79.5449292117832,24.251988064691,0 79.5449281562405,24.2519901945845,0 79.5449280895349,24.2519903501107,0 79.5448564986459,24.2520060836201,0 79.5448568680876,24.252005401997,0</coordinates></LinearRing></innerBoundaryIs><innerBoundaryIs><LinearRing><coordinates>79.5450286919555,24.2515323994465,0 79.5450262468859,24.2515316943392,0 79.5450237651115,24.2515311068381,0 79.5450212533565,24.2515306385352,0 79.5450187184264,24.2515302906992,0 79.5450161671897,24.2515300642727,0 79.5450136065587,24.2515299598691,0 79.5450110434714,24.2515299777713,0 79.5450084848725,24.2515301179308,0 79.5450059376943,24.2515303799678,0 79.5450034088383,24.2515307631723,0 79.5450009051565,24.2515312665062,0 79.5449984334324,24.2515318886055,0 79.5449960003631,24.2515326277848,0 79.5449936125409,24.2515334820412,0 79.5449912764356,24.2515344490603,0 79.5449889983767,24.2515355262218,0 79.5449601983834,24.2515500262176,0 79.5449579608059,24.2515512240814,0 79.5449557950488,24.2515525282005,0 79.5449550241601,24.2515530475918,0 79.5449534757527,24.2515526229612,0 79.5449509802612,24.2515520667423,0 79.5449484565347,24.2515516305692,0 79.5449459114379,24.2515513156281,0 79.5449433518935,24.2515511227757,0 79.5449407848639,24.2515510525367,0 79.5449382173314,24.2515511051021,0 79.5449356562799,24.2515512803289,0 79.5449331086757,24.2515515777404,0 79.5449305814484,24.2515519965277,0 79.5449280814723,24.2515525355517,0 79.5449002814814,24.2515592355499,0 79.5448978007985,24.2515598976687,0 79.544895361408,24.2515606781721,0 79.5448929700256,24.2515615749113,0 79.5448906332347,24.2515625854177,0 79.5448883574685,24.2515637069093,0 79.544886148992,24.2515649362987,0 79.5448840138851,24.2515662702014,0 79.5448819580258,24.2515677049452,0 79.5448799870738,24.2515692365803,0 79.5448781064551,24.2515708608901,0 79.544876321347,24.251572573403,0 79.5448746366638,24.2515743694044,0 79.5448730570435,24.25157624395,0 79.5448715868347,24.2515781918792,0 79.5448702300849,24.2515802078293,0 79.5448689905292,24.2515822862506,0 79.5448678715801,24.2515844214211,0 79.5448674699203,24.2515853036461,0 79.5448661607098,24.2515847037182,0 79.5448638121562,24.2515837641506,0 79.5448614134746,24.2515829378679,0 79.5448589711603,24.2515822271075,0 79.5448564918267,24.251581633794,0 79.5448539821875,24.2515811595339,0 79.5448514490383,24.2515808056115,0 79.5448488992385,24.2515805729853,0 79.5448463396926,24.2515804622849,0 79.5448437773313,24.2515804738104,0 79.5448412190932,24.2515806075304,0 79.5448386719055,24.2515808630828,0 79.5448361426657,24.2515812397756,0 79.5448336382224,24.2515817365889,0 79.5448311653574,24.2515823521773,0 79.5448287307666,24.2515830848739,0 79.5448263410428,24.2515839326947,0 79.5448240026567,24.251584893344,0 79.5448217219404,24.2515859642204,0 79.5448195050696,24.2515871424242,0 79.5448173580475,24.2515884247649,0 79.5448133005015,24.2515909884881,0 79.5448123537212,24.251580692296,0 79.5448205511002,24.2515675252477,0 79.5448213668355,24.2515673715462,0 79.5448279198917,24.2515659725793,0 79.5448462308094,24.2515637611159,0 79.5448491297114,24.2515633300192,0 79.5448519954282,24.2515627412431,0 79.5448759647956,24.2515571234231,0 79.544886886021,24.2515552812889,0 79.5449097955603,24.2515549418884,0 79.5449123727876,24.2515548417516,0 79.5449149407592,24.2515546180107,0 79.5449174924282,24.25155427128,0 79.5449200207921,24.2515538025107,0 79.5449225189127,24.2515532129894,0 79.5449249799345,24.2515525043338,0 79.5449273971041,24.2515516784887,0 79.5449297637881,24.2515507377202,0 79.544932073492,24.2515496846101,0 79.5449343198773,24.2515485220484,0 79.5449364967796,24.2515472532253,0 79.5449385982249,24.2515458816227,0 79.5449406184466,24.2515444110047,0 79.5449425519005,24.2515428454068,0 79.5449443932811,24.2515411891255,0 79.544946137535,24.2515394467059,0 79.5449477798758,24.2515376229296,0 79.5449493157965,24.2515357228014,0 79.5449507410822,24.2515337515357,0 79.5449520518217,24.251531714542,0 79.544953244418,24.2515296174102,0 79.5449543155984,24.2515274658954,0 79.5449552624233,24.2515252659017,0 79.5449560822945,24.2515230234663,0 79.5449567729621,24.2515207447431,0 79.5449573325307,24.2515184359852,0 79.5449577594648,24.2515161035284,0 79.5449580525928,24.2515137537734,0 79.5449582111103,24.2515113931684,0 79.5449582345822,24.2515090281916,0 79.5449581229443,24.2515066653327,0 79.5449580887762,24.2515063389242,0 79.5449615616542,24.2515050420901,0 79.5449748078343,24.2515046206205,0 79.5449773543426,24.2515044789653,0 79.5449798894313,24.2515042165764,0 79.5449824062957,24.2515038341583,0 79.5449848981798,24.2515033327375,0 79.544987358395,24.2515027136597,0 79.5449897803375,24.2515019785869,0 79.5449921575062,24.251501129492,0 79.5449944835202,24.2515001686543,0 79.5449967521361,24.2514990986529,0 79.5449989572643,24.2514979223598,0 79.5450010929859,24.2514966429326,0 79.5450031535679,24.2514952638054,0 79.5450051334795,24.2514937886802,0 79.545007027406,24.2514922215166,0 79.5450088302637,24.2514905665211,0 79.5450105372133,24.2514888281361,0 79.5450121436731,24.2514870110279,0 79.545013645331,24.251485120074,0 79.5450150381561,24.2514831603501,0 79.5450163184098,24.2514811371166,0 79.5450174826556,24.2514790558042,0 79.5450185277684,24.2514769219997,0 79.5450194509429,24.2514747414308,0 79.5450202497012,24.2514725199504,0 79.5450209218992,24.2514702635216,0 79.5450214657325,24.2514679782011,0 79.5450218797414,24.2514656701233,0 79.5450221628146,24.2514633454835,0 79.5450223141923,24.2514610105216,0 79.5450223334681,24.2514586715051,0 79.5450222205904,24.2514563347126,0 79.5450219758621,24.2514540064164,0 79.5450215999401,24.2514516928662,0 79.5450210938335,24.2514494002721,0 79.5450196524223,24.2514436423059,0 79.5450208849689,24.2514446808632,0 79.5450221352257,24.2514467570975,0 79.5450235098275,24.2514487796608,0 79.5450249989145,24.2514507329046,0 79.5450265983379,24.2514526113868,0 79.5450283036414,24.2514544098734,0 79.5450301100736,24.2514561233536,0 79.5450320126016,24.2514577470533,0 79.5450340059244,24.2514592764485,0 79.5450360844883,24.2514607072781,0 79.5450382425021,24.2514620355554,0 79.545040473953,24.2514632575796,0 79.5450427726239,24.251464369946,0 79.5450445367175,24.2514651173139,0 79.5450455761202,24.2514683788909,0 79.5450483287051,24.251477295727,0 79.5450478486412,24.2514785262344,0 79.545039463835,24.2514878158723,0 79.5450378238623,24.2514897361463,0 79.5450362993827,24.2514917348158,0 79.545034894845,24.2514938060481,0 79.545033614348,24.2514959437989,0 79.5450324616284,24.2514981418298,0 79.5450314400504,24.2515003937263,0 79.5450305525949,24.2515026929167,0 79.545029801852,24.2515050326916,0 79.5450291900124,24.2515074062227,0 79.5450287188617,24.2515098065837,0 79.5450283897748,24.2515122267696,0 79.5450282037121,24.2515146597177,0 79.5450281612166,24.251517098328,0 79.5450282624122,24.2515195354842,0 79.5450291886609,24.2515325691973,0 79.5450286919555,24.2515323994465,0</coordinates></LinearRing></innerBoundaryIs><innerBoundaryIs><LinearRing><coordinates>79.5449502893403,24.251339402218,0 79.5449477027805,24.2513396592449,0 79.5449451346374,24.2513400411692,0 79.5449425920801,24.2513405469248,0 79.5449400822064,24.2513411750998,0 79.5449376120228,24.2513419239407,0 79.544935188425,24.2513427913569,0 79.5449318207296,24.2513440916825,0 79.544932574284,24.2513419343298,0 79.5449332334727,24.2513396377086,0 79.5449337600362,24.2513373124843,0 79.5449341525176,24.2513349650906,0 79.5449344098309,24.2513326020225,0 79.5449345312643,24.2513302298182,0 79.5449345164818,24.2513278550411,0 79.5449343655241,24.2513254842622,0 79.5449340788092,24.2513231240408,0 79.5449336571302,24.2513207809075,0 79.5449331016538,24.2513184613453,0 79.5449324139171,24.2513161717722,0 79.5449315958229,24.251313918523,0 79.5449306496347,24.2513117078322,0 79.5449295779706,24.2513095458165,0 79.5449283837956,24.2513074384578,0 79.5449279248277,24.2513067231684,0 79.5449403786081,24.2512978159662,0 79.5449409661835,24.2512980612611,0 79.5449424410497,24.2512985940004,0 79.544942668181,24.2513006130848,0 79.5449430697492,24.2513029624095,0 79.5449436056768,24.2513052890893,0 79.5449442744768,24.2513075866694,0 79.5449450742938,24.2513098487757,0 79.544946002909,24.2513120691325,0 79.5449470577461,24.2513142415798,0 79.5449482358786,24.2513163600906,0 79.5449495340382,24.2513184187877,0 79.5449509486232,24.2513204119595,0 79.5449524757094,24.2513223340765,0 79.5449526789713,24.2513225634868,0 79.5449522007106,24.2513245093874,0 79.5449517721461,24.251326794667,0 79.5449514721209,24.251329097107,0 79.5449513014266,24.2513314106339,0 79.5449512605135,24.2513337291448,0 79.5449513494894,24.2513360465237,0 79.5449515681197,24.2513383566575,0 79.5449517154836,24.2513393300741,0 79.5449502893403,24.251339402218,0</coordinates></LinearRing></innerBoundaryIs><innerBoundaryIs><LinearRing><coordinates>79.5446723440479,24.2514380036434,0 79.5446708267253,24.251439917158,0 79.5446694208101,24.2514419009189,0 79.5446681301628,24.251443949479,0 79.5446669583274,24.2514460572134,0 79.5446637572588,24.2514522080253,0 79.5446619262858,24.25145166847,0 79.5446602259573,24.2514512566802,0 79.544661384445,24.2514503175776,0 79.5446632489089,24.2514486362811,0 79.5446650133909,24.2514468666021,0 79.5446666729144,24.2514450135321,0 79.5446682227986,24.2514430822974,0 79.5446696586724,24.251441078345,0 79.5446709764858,24.251439007327,0 79.5446718393236,24.2514374690966,0 79.5446722184227,24.2514377293477,0 79.5446724568723,24.251437875995,0 79.5446723440479,24.2514380036434,0</coordinates></LinearRing></innerBoundaryIs><innerBoundaryIs><LinearRing><coordinates>79.5446045235209,24.2514739752772,0 79.5446033754707,24.2514761102979,0 79.544602351749,24.2514782978296,0 79.5446014552018,24.2514805317913,0 79.5446006883213,24.2514828059729,0 79.5446000532394,24.2514851140523,0 79.5445995517214,24.2514874496135,0 79.5445991851616,24.2514898061639,0 79.5445989545791,24.2514921771524,0 79.5445988606146,24.2514945559882,0 79.5445989035296,24.2514969360583,0 79.5445990832046,24.2514993107464,0 79.5445993991403,24.2515016734512,0 79.5445998504584,24.2515040176046,0 79.5446004359042,24.2515063366903,0 79.5446008348765,24.2515076079242,0 79.5445973432206,24.2515132906172,0 79.5445959355777,24.2515128387011,0 79.5445945522656,24.2515108891448,0 79.5445930206363,24.251508961504,0 79.5445913801221,24.251507110708,0 79.5445896353008,24.2515053419211,0 79.5445877910412,24.2515036600791,0 79.5445858524896,24.2515020698752,0 79.5445838250554,24.2515005757466,0 79.5445817143962,24.2514991818626,0 79.5445795264015,24.2514978921129,0 79.5445772671768,24.2514967100963,0 79.5445749430264,24.2514956391113,0 79.5445725604357,24.2514946821463,0 79.5445701260532,24.2514938418717,0 79.5445676466718,24.2514931206323,0 79.5445651292103,24.2514925204405,0 79.5445625806932,24.2514920429713,0 79.5445600082323,24.251491689557,0 79.5445574190057,24.2514914611837,0 79.5445548202386,24.2514913584887,0 79.5445522191827,24.2514913817586,0 79.5445496230961,24.2514915309284,0 79.5445470392229,24.2514918055819,0 79.5445454531886,24.2514920525806,0 79.5445477431194,24.25149140903,0 79.5445501355094,24.2514906104909,0 79.5445524796852,24.251489699645,0 79.5445547693798,24.2514886789276,0 79.5445569984724,24.2514875510671,0 79.5445591610039,24.2514863190788,0 79.5445612511931,24.251484986256,0 79.5445632634524,24.251483556162,0 79.5445651924025,24.2514820326196,0 79.5445670328866,24.2514804197018,0 79.5445687799846,24.2514787217205,0 79.5445704290259,24.2514769432147,0 79.5445719756023,24.2514750889391,0 79.5445734155791,24.2514731638506,0 79.544574745107,24.2514711730956,0 79.5445759606318,24.251469121996,0 79.5445762759177,24.2514685174283,0 79.5445783021754,24.2514693976499,0 79.5445807153783,24.2514703058111,0 79.544583177649,24.2514710955285,0 79.5445856820776,24.251471764586,0 79.5445882216356,24.251472311106,0 79.5445907891964,24.2514727335547,0 79.5445933775543,24.2514730307466,0 79.5445959794457,24.2514732018478,0 79.5445985875687,24.251473246378,0 79.5446011946041,24.2514731642122,0 79.5446037932356,24.2514729555811,0 79.5446052630979,24.251472765222,0 79.5446045235209,24.2514739752772,0</coordinates></LinearRing></innerBoundaryIs><innerBoundaryIs><LinearRing><coordinates>79.544539432695,24.2514933730436,0 79.5445369691357,24.2514941385042,0 79.5445345531001,24.2514950221721,0 79.5444959289401,24.251510245113,0 79.5444949073011,24.2515102544858,0 79.5444922837007,24.2515103427267,0 79.5444896689587,24.2515105590462,0 79.5444870705075,24.2515109028295,0 79.5444844957336,24.2515113730994,0 79.5444819519558,24.251511968519,0 79.544479446405,24.2515126873958,0 79.5444769862035,24.2515135276865,0 79.5444745783446,24.2515144870023,0 79.5444722296728,24.2515155626164,0 79.5444699468644,24.2515167514712,0 79.5444677364083,24.2515180501874,0 79.544465604588,24.2515194550733,0 79.5444648299007,24.2515200253863,0 79.5444643937951,24.2515199970541,0 79.5444618169104,24.2515199535927,0 79.5444592410753,24.2515200338094,0 79.5444584776821,24.2515200943625,0 79.54445992513,24.2515195458906,0 79.5444623152547,24.2515184989018,0 79.5444646405146,24.2515173355863,0 79.5444768405173,24.2515108355844,0 79.5444790428668,24.251509590106,0 79.5444811708168,24.2515082402749,0 79.5444832184915,24.2515067898187,0 79.5444851802363,24.2515052427425,0 79.5444870506342,24.2515036033184,0 79.5444888245203,24.2515018760735,0 79.5444904969963,24.2515000657774,0 79.5444920634438,24.2514981774289,0 79.5444935195372,24.2514962162425,0 79.5444948612558,24.2514941876337,0 79.5444960848946,24.2514920972044,0 79.5444971870746,24.2514899507269,0 79.5444981647524,24.2514877541285,0 79.5444990152282,24.2514855134749,0 79.5444992647974,24.2514847246985,0 79.5445000901003,24.2514851230221,0 79.5445025946773,24.2514861723384,0 79.5445128946798,24.2514901723398,0 79.5445152639333,24.2514910269013,0 79.5445176781947,24.251491768043,0 79.5445201310099,24.2514923937836,0 79.5445226158218,24.2514929024503,0 79.5445251259878,24.2514932926832,0 79.5445276547975,24.2514935634392,0 79.5445301954905,24.2514937139945,0 79.5445327412748,24.2514937439465,0 79.5445352853449,24.2514936532152,0 79.5445378208995,24.2514934420432,0 79.5445403411605,24.251493110995,0 79.5445407027969,24.2514930458485,0 79.544539432695,24.2514933730436,0</coordinates></LinearRing></innerBoundaryIs><innerBoundaryIs><LinearRing><coordinates>79.5444396129186,24.2515244060071,0 79.5444382000117,24.2515234048701,0 79.5444393289431,24.2515234447374,0 79.5444419775384,24.251523407573,0 79.5444436152194,24.2515233036474,0 79.5444418271427,24.2515239975065,0 79.5444400397007,24.2515247422742,0 79.5444396129186,24.2515244060071,0</coordinates></LinearRing></innerBoundaryIs><innerBoundaryIs><LinearRing><coordinates>79.5443328708547,24.2515275930732,0 79.5443310389232,24.2515292667207,0 79.5443293053544,24.2515310262419,0 79.5443118259237,24.2515497322952,0 79.544275455682,24.2515694168215,0 79.5442754262274,24.2515692312474,0 79.5442749220653,24.2515669135976,0 79.5442742863188,24.2515646233114,0 79.5442735207297,24.2515623666643,0 79.544272627396,24.2515601498398,0 79.5442716087654,24.2515579789122,0 79.544270467629,24.25155585983,0 79.5442692071138,24.2515537983996,0 79.5442678306736,24.2515518002696,0 79.5442663420799,24.2515498709149,0 79.5442647454117,24.2515480156222,0 79.5442630450439,24.2515462394752,0 79.5442628240378,24.2515460316446,0 79.5442645876211,24.2515456477345,0 79.5442669874999,24.2515450057478,0 79.544269348749,24.2515442529156,0 79.5442716652824,24.2515433911782,0 79.5442739311292,24.2515424227567,0 79.5442761404494,24.2515413501471,0 79.5442782875486,24.2515401761142,0 79.5442803668926,24.2515389036838,0 79.544282373122,24.2515375361356,0 79.5442843010659,24.2515360769946,0 79.544286145755,24.2515345300214,0 79.5442879024348,24.2515328992034,0 79.5442895665775,24.251531188744,0 79.544314412226,24.2515043079507,0 79.5443148742201,24.2515054538139,0 79.5443158897955,24.2515076181846,0 79.5443170271426,24.2515097310302,0 79.5443182831638,24.2515117865962,0 79.544319654438,24.2515137792841,0 79.5443211372307,24.2515157036667,0 79.5443227275032,24.2515175545028,0 79.5443244209245,24.2515193267514,0 79.5443262128822,24.2515210155858,0 79.5443280984959,24.2515226164063,0 79.54433007263,24.2515241248528,0 79.5443321299078,24.2515255368171,0 79.5443339852116,24.2515266767193,0 79.5443328708547,24.2515275930732,0</coordinates></LinearRing></innerBoundaryIs><innerBoundaryIs><LinearRing><coordinates>79.5441930890647,24.2515433164734,0 79.5441926728353,24.2515415284767,0 79.5441920069483,24.2515392555694,0 79.5441915084671,24.25153785082,0 79.5441962568263,24.2515395983571,0 79.5441981186614,24.2515402338174,0 79.5441930890647,24.2515433164734,0</coordinates></LinearRing></innerBoundaryIs><innerBoundaryIs><LinearRing><coordinates>79.5442653851152,24.2516453175874,0 79.5442674043527,24.2516467563006,0 79.5442695023318,24.2516480969598,0 79.5442716733941,24.2516493359492,0 79.5442739116843,24.2516504699272,0 79.5442762111655,24.2516514958355,0 79.5442785656361,24.2516524109071,0 79.5442809687459,24.251653212674,0 79.5442834140137,24.251653898974,0 79.544329999853,24.2516657700965,0 79.5443225290322,24.2516690614368,0 79.5442818914566,24.2516858293681,0 79.5442795694938,24.2516868552837,0 79.5442773092618,24.251687991191,0 79.5442751169535,24.2516892339779,0 79.5442729985755,24.2516905802392,0 79.544270959932,24.2516920262865,0 79.5442708728126,24.2516920950548,0 79.5442697030466,24.251691068399,0 79.5442701052071,24.2516900752377,0 79.5442708890915,24.2516877678214,0 79.5442715371846,24.2516854252522,0 79.5442720476294,24.2516830542428,0 79.5442724189631,24.251680661587,0 79.5442726501218,24.2516782541409,0 79.5442727404431,24.251675838803,0 79.5442726896681,24.2516734224943,0 79.5442724979424,24.2516710121386,0 79.5442721658155,24.2516686146427,0 79.5442716942388,24.2516662368765,0 79.5442710845639,24.2516638856534,0 79.5442703385375,24.2516615677106,0 79.5442642782153,24.2516444407355,0 79.5442653851152,24.2516453175874,0</coordinates></LinearRing></innerBoundaryIs><innerBoundaryIs><LinearRing><coordinates>79.5445677654144,24.2516463040148,0 79.5445697223679,24.2516447400864,0 79.544571586707,24.2516430837722,0 79.5445733532499,24.2516413396757,0 79.5445750170868,24.2516395126444,0 79.5445765735935,24.2516376077563,0 79.5445780184437,24.2516356303056,0 79.5445793476217,24.2516335857885,0 79.5445805574334,24.2516314798873,0 79.5445816445162,24.2516293184551,0 79.5445826058488,24.2516271074993,0 79.5445834387593,24.2516248531648,0 79.5445841409326,24.2516225617173,0 79.5445847104174,24.2516202395254,0 79.5445848642551,24.2516194100989,0 79.5445991950691,24.251621491668,0 79.5446017651476,24.251621801637,0 79.544604349456,24.2516219871725,0 79.5446069408327,24.2516220477602,0 79.5446095320961,24.2516219832322,0 79.5446121160655,24.2516217937674,0 79.5446146855797,24.2516214798909,0 79.5446172335183,24.2516210424724,0 79.544667033535,24.2516112424698,0 79.5446689278607,24.2516108336286,0 79.5446708030872,24.2516103564783,0 79.5446785446933,24.2516082347051,0 79.5446792514865,24.2516095172772,0 79.5446805455454,24.2516115862349,0 79.5446819569648,24.25161358965,0 79.5446834818057,24.2516155219319,0 79.544685115813,24.2516173776881,0 79.5446868544265,24.2516191517397,0 79.5446871686294,24.2516194401394,0 79.5446848458497,24.2516200731261,0 79.5446824280133,24.2516208598291,0 79.5446800581487,24.2516217609245,0 79.544677742689,24.2516227739661,0 79.5446754879197,24.2516238962041,0 79.5446732999616,24.251625124592,0 79.544671184754,24.2516264557953,0 79.5446691480387,24.2516278862003,0 79.5446671953446,24.2516294119241,0 79.5446653319724,24.2516310288251,0 79.5446635629803,24.251632732514,0 79.5446623157058,24.2516340664669,0 79.5446616760119,24.2516340523668,0 79.5446590622861,24.251634122055,0 79.5446564562802,24.2516343188542,0 79.5446538653424,24.2516346422093,0 79.5446512967788,24.2516350912086,0 79.5446487578323,24.2516356645861,0 79.544646255662,24.2516363607248,0 79.5446437973237,24.2516371776618,0 79.5446413897493,24.2516381130936,0 79.5446390397279,24.2516391643824,0 79.5446367538858,24.2516403285637,0 79.5446345386689,24.2516416023549,0 79.5446135386727,24.2516544023513,0 79.5446114541434,24.2516557454892,0 79.5446094481755,24.2516571856836,0 79.5446075261393,24.2516587190792,0 79.5446056931802,24.2516603415708,0 79.5446039542051,24.2516620488148,0 79.5446023138695,24.2516638362409,0 79.5446007765648,24.251665699064,0 79.5445993464063,24.2516676322971,0 79.5445800464017,24.2516952322916,0 79.5445787236037,24.251697236569,0 79.5445783036432,24.2516979545104,0 79.5445780693791,24.2516974219466,0 79.5445769801694,24.2516952771499,0 79.5445757699107,24.2516931876127,0 79.5445744419265,24.2516911590732,0 79.5445729998637,24.251689197102,0 79.5445714476823,24.2516873070869,0 79.5445697896448,24.2516854942179,0 79.5445680303044,24.2516837634736,0 79.5445457598962,24.2516629748659,0 79.5445677654144,24.2516463040148,0</coordinates></LinearRing></innerBoundaryIs><innerBoundaryIs><LinearRing><coordinates>79.5445764554046,24.2517378393589,0 79.5445775479363,24.2517399570604,0 79.5445787588062,24.2517420199517,0 79.5445800847542,24.2517440224788,0 79.5445815222103,24.2517459592498,0 79.5445830673042,24.2517478250502,0 79.5445847158758,24.2517496148564,0 79.5445864634864,24.2517513238495,0 79.5445883054307,24.251752947428,0 79.5445902367494,24.2517544812207,0 79.5445922522426,24.2517559210978,0 79.5445943464836,24.2517572631826,0 79.5445965138339,24.2517585038616,0 79.5445987484579,24.2517596397943,0 79.544601044339,24.2517606679223,0 79.5446033952959,24.2517615854775,0 79.5446057949985,24.2517623899893,0 79.544608236986,24.2517630792917,0 79.5446107146834,24.2517636515288,0 79.5446132214196,24.2517641051598,0 79.5446187043928,24.2517649625241,0 79.5446183731676,24.2517656796741,0 79.5446182706786,24.2517659381687,0 79.5446178118255,24.2517659064116,0 79.5446152182996,24.2517658525326,0 79.5446126252779,24.2517659239587,0 79.5446100399575,24.2517661204914,0 79.5446074695135,24.2517664415854,0 79.5446049210803,24.2517668863494,0 79.5446024017309,24.2517674535491,0 79.5445999184577,24.2517681416102,0 79.5445974781528,24.251768948623,0 79.5445950875892,24.2517698723477,0 79.5445927534019,24.2517709102205,0 79.5445904820693,24.2517720593609,0 79.5445882798953,24.2517733165794,0 79.544586152992,24.2517746783868,0 79.5445841072626,24.2517761410033,0 79.5445821483848,24.2517777003695,0 79.5445817604378,24.2517780436728,0 79.5445803024338,24.2517764964617,0 79.5445785109827,24.2517747858715,0 79.5445766240364,24.2517731638876,0 79.5445746468011,24.2517716349851,0 79.5445725847323,24.2517702033824,0 79.5445704435193,24.2517688730295,0 79.5445682290701,24.251767647597,0 79.5445659474945,24.2517665304659,0 79.5445636050876,24.2517655247186,0 79.5445612083124,24.2517646331299,0 79.5445587637818,24.2517638581599,0 79.5445562782405,24.2517632019468,0 79.5445537585464,24.2517626663012,0 79.5445512116516,24.2517622527009,0 79.5445486445831,24.2517619622871,0 79.5445460644239,24.2517617958611,0 79.5445450826871,24.2517617799252,0 79.5445592774623,24.2517535239734,0 79.5445614194867,24.2517522047197,0 79.5445634831933,24.2517507843962,0 79.5445654629151,24.2517492669032,0 79.5445673532155,24.2517476564079,0 79.5445691489034,24.251745957333,0 79.5445708450478,24.2517441743442,0 79.5445724369908,24.2517423123379,0 79.5445739203608,24.2517403764273,0 79.5445752910843,24.2517383719287,0 79.544576097953,24.2517370419039,0 79.5445764554046,24.2517378393589,0</coordinates></LinearRing></innerBoundaryIs><innerBoundaryIs><LinearRing><coordinates>79.5446101975046,24.2519260401906,0 79.5446220975088,24.2519262401909,0 79.5446246996433,24.2519262208724,0 79.5446272970311,24.2519260755467,0 79.5446298824189,24.2519258046197,0 79.5446324485864,24.2519254088479,0 79.5446349883672,24.2519248893366,0 79.5446374946685,24.2519242475367,0 79.5446399604912,24.2519234852404,0 79.5446423789489,24.2519226045765,0 79.5446447432879,24.2519216080046,0 79.5446470469052,24.2519204983076,0 79.5446492833677,24.2519192785846,0 79.5446514464297,24.2519179522418,0 79.5446535300504,24.2519165229833,0 79.5446555284111,24.2519149948005,0 79.544657435931,24.2519133719611,0 79.544659247283,24.2519116589971,0 79.5446609574088,24.2519098606923,0 79.5446625615323,24.2519079820688,0 79.544664055174,24.2519060283728,0 79.5446654341626,24.2519040050603,0 79.544666694647,24.2519019177819,0 79.544674491384,24.25188816123,0 79.544681916249,24.2518874610466,0 79.5446810422368,24.2518886142369,0 79.5446796861858,24.2518906194333,0 79.5446784462392,24.2518926868429,0 79.5446773257832,24.2518948108199,0 79.5446764417052,24.2518967374983,0 79.5446492545803,24.2519214170637,0 79.5446474121569,24.251923182604,0 79.5446456766137,24.25192503695,0 79.5446440530345,24.2519269746701,0 79.544642546175,24.2519289900883,0 79.5446403172455,24.251932151438,0 79.5446386991085,24.2519319939843,0 79.5446360963583,24.251931867874,0 79.5446334899762,24.2519318682057,0 79.5446308872643,24.2519319949786,0 79.5446282955143,24.2519322478374,0 79.5446257219873,24.2519326260738,0 79.5446231738931,24.2519331286281,0 79.5446206583706,24.2519337540923,0 79.5446181824673,24.2519345007141,0 79.5446157531195,24.2519353664019,0 79.5446133771335,24.2519363487303,0 79.5446110611656,24.2519374449472,0 79.5446088117044,24.2519386519815,0 79.5446066350519,24.2519399664514,0 79.5446045373062,24.2519413846746,0 79.5446025243444,24.2519429026775,0 79.544600601806,24.2519445162074,0 79.544598775077,24.2519462207439,0 79.5445970492754,24.2519480115115,0 79.5445954292362,24.2519498834932,0 79.5445939194979,24.2519518314444,0 79.5445925242903,24.2519538499079,0 79.5445912475222,24.2519559332286,0 79.5445900927707,24.25195807557,0 79.5445890632707,24.25196027093,0 79.5445881619068,24.2519625131582,0 79.544587391204,24.2519647959727,0 79.5445873167529,24.2519650664043,0 79.5445851519193,24.2519658034198,0 79.5445827767427,24.251966744996,0 79.5445804587943,24.2519677996713,0 79.5445782044753,24.2519689645331,0 79.5445760200109,24.2519702363648,0 79.5445739114338,24.251971611654,0 79.5445718845668,24.2519730866029,0 79.5445699450072,24.2519746571382,0 79.5445680981113,24.251976318923,0 79.5445663489792,24.251978067368,0 79.5445647024414,24.251979897645,0 79.5445631630448,24.2519818046994,0 79.5445617350405,24.251983783265,0 79.5445610744127,24.251984812259,0 79.5445609159536,24.251984765689,0 79.5445584593003,24.2519841699136,0 79.5445559723961,24.2519836911281,0 79.5445534618639,24.2519833306075,0 79.5445518709394,24.2519831787235,0 79.5445515518197,24.2519824968638,0 79.5445504591487,24.2519803230651,0 79.544549242361,24.2519782054149,0 79.5445479048766,24.2519761498653,0 79.5445464504547,24.2519741621938,0 79.5445453191325,24.2519727804392,0 79.5445481627196,24.2519706819626,0 79.5445899063526,24.2519457120241,0 79.5445920426041,24.2519443592477,0 79.544594098121,24.2519429051195,0 79.5445960671893,24.2519413536818,0 79.5445979443353,24.2519397092475,0 79.5445997243406,24.2519379763877,0 79.5446014022573,24.2519361599197,0 79.5446029734208,24.2519342648929,0 79.5446044334636,24.2519322965753,0 79.544605778327,24.2519302604385,0 79.5446070042723,24.2519281621428,0 79.5446081078917,24.2519260075211,0 79.54460813094,24.2519259555694,0 79.5446101975046,24.2519260401906,0</coordinates></LinearRing></innerBoundaryIs><innerBoundaryIs><LinearRing><coordinates>79.5447872226593,24.2517317039007,0 79.5447855425995,24.2517210807805,0 79.5447856257737,24.2517210785551,0 79.5447881981105,24.2517208856931,0 79.5447907558926,24.2517205695237,0 79.5447932920934,24.2517201309154,0 79.5447935464099,24.2517200741383,0 79.5447932597968,24.2517214055972,0 79.5447928966683,24.2517237151379,0 79.5447926641719,24.2517260387957,0 79.5447926050241,24.2517274009282,0 79.5447872226593,24.2517317039007,0</coordinates></LinearRing></innerBoundaryIs><innerBoundaryIs><LinearRing><coordinates>79.5442512825185,24.251773198717,0 79.5442493458725,24.2517748017366,0 79.5442475045517,24.2517764965557,0 79.5442457637255,24.2517782784161,0 79.5442441282812,24.2517801423151,0 79.5442426028103,24.2517820830201,0 79.5442411915955,24.2517840950825,0 79.5442398985988,24.2517861728536,0 79.5442387274502,24.2517883105,0 79.5442376814377,24.2517905020204,0 79.5442367634979,24.2517927412621,0 79.544235976208,24.2517950219386,0 79.5442353217782,24.2517973376468,0 79.5442353141253,24.2517973721651,0 79.544225199985,24.2517992553741,0 79.5442226865995,24.251799786555,0 79.5442202069979,24.2518004376713,0 79.5442177679834,24.2518012069364,0 79.5442153762478,24.2518020922398,0 79.5442130383533,24.2518030911524,0 79.5442107607144,24.2518042009336,0 79.54420854958,24.2518054185386,0 79.5442064110169,24.2518067406266,0 79.5442043508924,24.2518081635702,0 79.544202374859,24.2518096834653,0 79.5442004883382,24.251811296142,0 79.5441986965061,24.2518129971754,0 79.5441970343961,24.251814750135,0 79.5441957958849,24.2518137977188,0 79.5441938432296,24.2518124418819,0 79.544191819454,24.2518111767493,0 79.5441897295655,24.2518100054516,0 79.5441791791037,24.2518044179816,0 79.5441786182356,24.2518027320663,0 79.5441777647313,24.251800568317,0 79.5441767921014,24.2517984472461,0 79.5441759053516,24.2517967596959,0 79.5441764073323,24.251796888337,0 79.5441789571121,24.2517974098606,0 79.5441815334707,24.2517978066661,0 79.5441841291564,24.2517980776365,0 79.5441867368631,24.2517982220094,0 79.5441893492511,24.2517982393781,0 79.5441919589672,24.2517981296939,0 79.5441945586659,24.2517978932655,0 79.54419714103,24.2517975307583,0 79.5441996987908,24.2517970431928,0 79.5442022247492,24.2517964319411,0 79.5442047117952,24.2517956987239,0 79.5442071529288,24.2517948456049,0 79.5442095412788,24.2517938749854,0 79.5442118701228,24.2517927895972,0 79.5442141329058,24.2517915924956,0 79.5442163232589,24.2517902870498,0 79.5442184350169,24.2517888769344,0 79.5442204622359,24.2517873661183,0 79.5442360104408,24.2517751365019,0 79.5442505143459,24.2517724605042,0 79.5442529658158,24.2517719471923,0 79.5442512825185,24.251773198717,0</coordinates></LinearRing></innerBoundaryIs><innerBoundaryIs><LinearRing><coordinates>79.5452387809841,24.251331757106,0 79.5452376413625,24.2513313444844,0 79.5452377656167,24.2513306629662,0 79.5452399656114,24.2513162629652,0 79.5452402557771,24.2513139196689,0 79.5452404120881,24.2513115656772,0 79.5452404341177,24.2513092074135,0 79.545240321806,24.2513068513124,0 79.5452400754594,24.2513045038029,0 79.5452396957501,24.2513021712906,0 79.5452391837141,24.2512998601398,0 79.5452385407486,24.2512975766569,0 79.5452377686081,24.2512953270727,0 79.5452368693994,24.2512931175254,0 79.5452358455761,24.251290954044,0 79.5452346999319,24.2512888425318,0 79.5452334355929,24.2512867887505,0 79.5452320560088,24.2512847983039,0 79.5452305649441,24.2512828766233,0 79.5452289664674,24.2512810289522,0 79.5452272649403,24.2512792603322,0 79.5452254650056,24.2512775755891,0 79.5452235715746,24.2512759793201,0 79.5452215898139,24.2512744758806,0 79.5452195251308,24.2512730693731,0 79.5452173831593,24.2512717636354,0 79.5452151697438,24.2512705622303,0 79.5452128909239,24.2512694684361,0 79.5452105529177,24.2512684852372,0 79.5452081621048,24.2512676153164,0 79.5452057250087,24.2512668610474,0 79.5452032482793,24.2512662244884,0 79.5452007386748,24.2512657073763,0 79.5451982030428,24.251265311122,0 79.5451956483022,24.2512650368068,0 79.5451930814239,24.2512648851792,0 79.5451905094119,24.2512648566529,0 79.5451879392842,24.2512649513058,0 79.5451853780538,24.2512651688796,0 79.5451828327093,24.2512655087806,0 79.545180310196,24.2512659700814,0 79.5451778173968,24.2512665515232,0 79.5451753611137,24.2512672515195,0 79.5451729480488,24.2512680681603,0 79.5451705847867,24.2512689992173,0 79.5451682777756,24.2512700421499,0 79.5451660333107,24.2512711941125,0 79.5451638575161,24.2512724519617,0 79.5451478199182,24.2512822693694,0 79.5451505557215,24.2512761817991,0 79.5451874874551,24.2512388175974,0 79.5451891563205,24.2512370383685,0 79.5451907220993,24.2512351820377,0 79.5451921805611,24.2512332536203,0 79.5451935277658,24.2512312583263,0 79.5451947600736,24.2512292015464,0 79.5451958741551,24.2512270888372,0 79.5451968670006,24.2512249259068,0 79.5451977359275,24.2512227185988,0 79.5451984785884,24.2512204728764,0 79.5451990929768,24.2512181948071,0 79.5451995774328,24.2512158905454,0 79.5451999306476,24.2512135663168,0 79.545200151667,24.2512112284006,0 79.5452002398937,24.251208883113,0 79.5452001950895,24.2512065367905,0 79.5452000173754,24.251204195772,0 79.5451997072316,24.2512018663822,0 79.5451992654959,24.2511995549144,0 79.5451986933618,24.2511972676134,0 79.545197992375,24.2511950106589,0 79.5451971644294,24.2511927901485,0 79.5451962117619,24.2511906120812,0 79.5451951369462,24.2511884823415,0 79.5451939428862,24.2511864066834,0 79.545192632808,24.2511843907146,0 79.5451912102508,24.2511824398816,0 79.545189679058,24.251180559455,0 79.5451880433665,24.2511787545151,0 79.5451863075953,24.2511770299383,0 79.545184476434,24.2511753903838,0 79.5451825548298,24.2511738402812,0 79.5451805479743,24.2511723838185,0 79.5451784612894,24.2511710249305,0 79.5451763004127,24.2511697672885,0 79.5451740711821,24.2511686142903,0 79.5451717796204,24.2511675690509,0 79.5451694319187,24.2511666343942,0 79.5451670344197,24.2511658128453,0 79.5451645936007,24.251165106624,0 79.545162116056,24.251164517638,0 79.5451596084793,24.2511640474787,0 79.5451570776451,24.2511636974164,0 79.545154530391,24.2511634683967,0 79.5451519735989,24.2511633610384,0 79.5451494141764,24.2511633756316,0 79.5451468590384,24.2511635121368,0 79.5451443150879,24.2511637701852,0 79.545141789198,24.2511641490797,0 79.5451392881928,24.2511646477966,0 79.5451062496947,24.2511720653414,0 79.5451577189955,24.2511117169475,0 79.5451588129002,24.2511120350562,0 79.5451612851017,24.2511126893088,0 79.5451637912033,24.2511132242636,0 79.5451663243619,24.2511136384599,0 79.5451688776603,24.2511139307667,0 79.5451714441266,24.2511141003858,0 79.5451740167528,24.251114146854,0 79.5451765885141,24.2511140700445,0 79.545179152388,24.2511138701669,0 79.5451817013736,24.2511135477672,0 79.5451842285107,24.2511131037255,0 79.5451867268987,24.2511125392545,0 79.5451874075024,24.251112350407,0 79.5451871875271,24.2511129866519,0 79.5451865391091,24.2511152700457,0 79.545186021688,24.251117581381,0 79.5451856366771,24.2511199143445,0 79.545185385128,24.2511222625644,0 79.5451852677277,24.2511246196268,0 79.5451852847969,24.2511269790938,0 79.5451854362891,24.2511293345209,0 79.5451857217903,24.2511316794747,0 79.5451861405209,24.2511340075503,0 79.5451866913372,24.2511363123891,0 79.5451873727346,24.2511385876957,0 79.5451881828521,24.2511408272555,0 79.5451891194771,24.2511430249515,0 79.5451901800512,24.2511451747812,0 79.5451913616777,24.2511472708726,0 79.5451926611292,24.2511493075005,0 79.5451940748564,24.2511512791024,0 79.5451955989981,24.2511531802931,0 79.5451972293913,24.2511550058798,0 79.5451989615828,24.2511567508762,0 79.5452007908415,24.2511584105162,0 79.5452027121711,24.2511599802668,0 79.5452047203237,24.2511614558404,0 79.5452068098145,24.2511628332068,0 79.5452089749363,24.2511641086039,0 79.5452112097756,24.2511652785482,0 79.5452135082282,24.2511663398442,0 79.5452158640162,24.2511672895931,0 79.5452182707053,24.2511681252009,0 79.545220721722,24.2511688443852,0 79.5452232103718,24.2511694451817,0 79.5452257298572,24.2511699259494,0 79.5452282732969,24.2511702853753,0 79.5452308337437,24.2511705224775,0 79.5452334042043,24.2511706366084,0 79.5452410791212,24.2511707932409,0 79.5452405268005,24.2511714843417,0 79.5452391049517,24.2511734756679,0 79.5452377995364,24.2511755329281,0 79.5452366141827,24.2511776504049,0 79.5452355521848,24.2511798222135,0 79.5452346164943,24.2511820423179,0 79.5452338097116,24.2511843045482,0 79.5452331340788,24.2511866026172,0 79.5452325914738,24.2511889301382,0 79.5452321834045,24.2511912806426,0 79.5452319110049,24.251193647598,0 79.5452317750322,24.2511960244261,0 79.5452317758642,24.2511984045213,0 79.5452319134987,24.251200781269,0 79.5452321875531,24.2512031480638,0 79.5452325972659,24.2512054983279,0 79.5452331414983,24.2512078255294,0 79.5452338187378,24.2512101232009,0 79.5452346271023,24.2512123849565,0 79.5452355643452,24.2512146045105,0 79.5452366278618,24.2512167756943,0 79.5452378146963,24.2512188924739,0 79.5452391215503,24.2512209489663,0 79.5452405447919,24.2512229394562,0 79.5452420804656,24.2512248584117,0 79.5452437243036,24.2512267004997,0 79.5452454717373,24.2512284606006,0 79.5452473179103,24.2512301338229,0 79.5452492576918,24.2512317155163,0 79.5452512856907,24.2512332012851,0 79.545253396271,24.251234587,0 79.5452555835669,24.2512358688099,0 79.5452570477535,24.251236630328,0 79.5452569688803,24.2512381650204,0 79.5452569835904,24.2512405462409,0 79.5452571352153,24.2512429234381,0 79.5452574233331,24.2512452899989,0 79.5452578471422,24.2512476393399,0 79.5452584054638,24.2512499649253,0 79.5452590967447,24.2512522602858,0 79.5452599190617,24.2512545190358,0 79.5452608701273,24.2512567348916,0 79.5452619472958,24.2512589016892,0 79.5452631475705,24.2512610134006,0 79.5452644676125,24.2512630641514,0 79.5452659037495,24.2512650482364,0 79.5452674519864,24.2512669601363,0 79.5452691080161,24.2512687945324,0 79.5452707564373,24.2512704359947,0 79.5452449080749,24.251318099024,0 79.5452438191124,24.2513202465239,0 79.5452428544688,24.2513224434242,0 79.5452420167983,24.2513246836801,0 79.5452413084059,24.2513269611273,0 79.5452407312408,24.2513292694991,0 79.5452402868911,24.251331602444,0 79.5452401886536,24.251332346748,0 79.5452387809841,24.251331757106,0</coordinates></LinearRing></innerBoundaryIs><innerBoundaryIs><LinearRing><coordinates>79.5458969735031,24.2508784848472,0 79.5458954597923,24.2508765893731,0 79.5458938405934,24.2508747686579,0 79.5458921202906,24.2508730276315,0 79.5458920118401,24.2508729287397,0 79.5458927538321,24.2508730284828,0 79.545895359336,24.2508732499242,0 79.5458979739909,24.250873344153,0 79.5459005904135,24.2508733109032,0 79.5459032012155,24.2508731502687,0 79.5459057990246,24.250872862703,0 79.545906111602,24.2508728125344,0 79.5459052820497,24.2508732759357,0 79.5459031435199,24.2508746168519,0 79.5459010848716,24.2508760590388,0 79.5458991118036,24.2508775985041,0 79.545897400704,24.2508790827236,0 79.5458969735031,24.2508784848472,0</coordinates></LinearRing></innerBoundaryIs><innerBoundaryIs><LinearRing><coordinates>79.5457689096429,24.2508475393422,0 79.545766848504,24.2508489859682,0 79.5457648733719,24.2508505301676,0 79.5457631898507,24.2508519936848,0 79.545754691604,24.2508470736476,0 79.5457492814084,24.2508437373609,0 79.545747001012,24.2508424128749,0 79.5457446448792,24.2508412049556,0 79.5457422200907,24.2508401172332,0 79.545739733934,24.2508391529766,0 79.5457371938805,24.2508383150837,0 79.5457296852841,24.2508360493327,0 79.5457287828913,24.2508344723519,0 79.5457274494631,24.2508324150577,0 79.5457259990112,24.2508304254358,0 79.5457244356109,24.2508285090764,0 79.5457227636549,24.2508266713641,0 79.5457209878411,24.2508249174621,0 79.5457191131589,24.2508232522987,0 79.5457171448758,24.2508216805523,0 79.5457150885221,24.2508202066392,0 79.5457129498755,24.2508188347008,0 79.5457107349451,24.2508175685916,0 79.5457084499543,24.2508164118693,0 79.5457061013233,24.2508153677839,0 79.5457036956511,24.2508144392689,0 79.5457012396969,24.2508136289332,0 79.5456987403613,24.2508129390537,0 79.5456962046669,24.2508123715688,0 79.5456936397382,24.2508119280728,0 79.5456891134094,24.2508112588106,0 79.5456891410148,24.2508100950715,0 79.545689041007,24.2507898950711,0 79.5456889652827,24.2507875887854,0 79.545688768005,24.2507853663224,0 79.5456892263141,24.2507847678193,0 79.545690593428,24.2507827678405,0 79.5456918446735,24.2507807050869,0 79.5456928651188,24.2507787940325,0 79.5456946327526,24.250778143881,0 79.5456969896386,24.2507771416282,0 79.5456992855891,24.2507760267959,0 79.5457015142127,24.2507748024872,0 79.5457036693056,24.2507734721106,0 79.5457057448684,24.2507720393693,0 79.5457077351234,24.2507705082518,0 79.54570963453,24.2507688830204,0 79.5457114378009,24.2507671681993,0 79.5457131399162,24.2507653685622,0 79.5457147361375,24.2507634891188,0 79.5457162220215,24.250761535101,0 79.5457175934317,24.2507595119484,0 79.5457188465505,24.2507574252929,0 79.5457199778895,24.2507552809432,0 79.5457209842994,24.2507530848687,0 79.5457218629786,24.2507508431828,0 79.545722611481,24.2507485621257,0 79.545723227723,24.2507462480474,0 79.5457237099892,24.2507439073897,0 79.5457239124335,24.2507425299071,0 79.5457259968806,24.2507428400361,0 79.5457285782942,24.2507430969684,0 79.5457311708906,24.2507432287815,0 79.5457337674608,24.2507432351087,0 79.5457358473328,24.2507431395283,0 79.5457378902613,24.2507631412965,0 79.5457365801012,24.2508036621915,0 79.5457365713477,24.2508060321463,0 79.5457366982473,24.250808399257,0 79.5457369604503,24.2508107570009,0 79.5457373572344,24.2508130988809,0 79.545737887506,24.2508154184438,0 79.5457385498041,24.2508177092981,0 79.5457393423036,24.2508199651309,0 79.5457402628207,24.2508221797262,0 79.5457413088189,24.2508243469816,0 79.5457424774158,24.2508264609249,0 79.5457437653914,24.2508285157311,0 79.5457451691964,24.250830505738,0 79.5457466849627,24.250832425462,0 79.5457483085134,24.2508342696131,0 79.5457500353747,24.2508360331096,0 79.5457518607881,24.2508377110921,0 79.5457537797236,24.2508392989368,0 79.5457557868934,24.2508407922683,0 79.5457578767665,24.2508421869715,0 79.5457600435842,24.2508434792033,0 79.5457622813757,24.2508446654028,0 79.5457645839746,24.2508457423013,0 79.5457669450358,24.2508467069314,0 79.5457690530851,24.2508474492456,0 79.5457689096429,24.2508475393422,0</coordinates></LinearRing></innerBoundaryIs><innerBoundaryIs><LinearRing><coordinates>79.5458829730571,24.2504197878747,0 79.5458804407045,24.2504193706082,0 79.5458778880374,24.2504190751883,0 79.5458753220251,24.2504189024217,0 79.5458727496732,24.2504188527799,0 79.5458701780047,24.2504189263985,0 79.5458699509139,24.2504189383507,0 79.5458659253201,24.2504174228331,0 79.5458494963112,24.2504091034638,0 79.5458374030873,24.2503994416839,0 79.5458377711583,24.2503992780197,0 79.5458400892537,24.2503981020813,0 79.5458553152541,24.2503898800418,0 79.5458758045425,24.2503924868208,0 79.5458757602455,24.2503947652853,0 79.5458758470036,24.2503971036154,0 79.5458760657668,24.2503994346847,0 79.5458764159477,24.2504017522329,0 79.5458768966056,24.250404050036,0 79.5458775064499,24.250406321923,0 79.5458782438428,24.2504085617926,0 79.5458791068037,24.2504107636294,0 79.5458800930154,24.25041292152,0 79.5458811998291,24.2504150296694,0 79.5458824242724,24.2504170824158,0 79.545883763057,24.2504190742464,0 79.5458845561919,24.2504201278519,0 79.5458829730571,24.2504197878747,0</coordinates></LinearRing></innerBoundaryIs><innerBoundaryIs><LinearRing><coordinates>79.5459213924765,24.2502866540083,0 79.5459344929077,24.2502876920218,0 79.5459331011043,24.2502883278346,0 79.5459308701134,24.2502894835621,0 79.5459287077169,24.2502907441354,0 79.5459266197708,24.250292106141,0 79.5459246119292,24.2502935658903,0 79.5459237688155,24.2502942472674,0 79.5459213924765,24.2502866540083,0</coordinates></LinearRing></innerBoundaryIs><innerBoundaryIs><LinearRing><coordinates>79.5459390084118,24.2501807338818,0 79.5459462150007,24.2501741278395,0 79.5459479489009,24.2501724550293,0 79.5459495873079,24.2501707031702,0 79.5459511259411,24.2501688768395,0 79.5459525607802,24.2501669808089,0 79.5459576140257,24.2501599248933,0 79.5459600435176,24.2501917942758,0 79.5459390084118,24.2501807338818,0</coordinates></LinearRing></innerBoundaryIs><innerBoundaryIs><LinearRing><coordinates>79.5464973791249,24.2501834945901,0 79.5464978751736,24.2501857732927,0 79.5464984984357,24.2501880255769,0 79.5464992472602,24.2501902454767,0 79.5465001196637,24.2501924271118,0 79.5465011133352,24.2501945647032,0 79.5465022256426,24.2501966525886,0 79.5465034536395,24.2501986852373,0 79.546504794073,24.2502006572652,0 79.5465058677162,24.2502020693492,0 79.5465051311982,24.2502029715837,0 79.5465043680291,24.2502023386881,0 79.5465023769598,24.2502008529012,0 79.546500304141,24.2501994642754,0 79.5464981552067,24.2501981765849,0 79.5464959359977,24.2501969933297,0 79.5464946991788,24.2501963728523,0 79.5464951877483,24.2501919757108,0 79.5464953822392,24.2501896105293,0 79.5464954409847,24.2501872392467,0 79.5464953638225,24.2501848684078,0 79.5464952344261,24.2501834314147,0 79.5464973448646,24.2501832802695,0 79.5464973791249,24.2501834945901,0</coordinates></LinearRing></innerBoundaryIs><innerBoundaryIs><LinearRing><coordinates>79.5464013417567,24.2501529301746,0 79.5464031936019,24.2501544925959,0 79.5464042998345,24.2501553344192,0 79.5463964010012,24.2501586503109,0 79.5463940645939,24.2501597004504,0 79.5463917919512,24.2501608622828,0 79.5463895894189,24.2501621325639,0 79.5463874631474,24.2501635077465,0 79.5463873744607,24.2501635717968,0 79.5463815241663,24.250153642112,0 79.5463802468662,24.2501516029999,0 79.546379659419,24.2501507689792,0 79.5463997400778,24.2501514332253,0 79.5464013417567,24.2501529301746,0</coordinates></LinearRing></innerBoundaryIs><innerBoundaryIs><LinearRing><coordinates>79.5462749174268,24.2501498703557,0 79.546272594664,24.2501509309766,0 79.5462725780494,24.2501509395931,0 79.5462734903604,24.2501501047302,0 79.5462752256462,24.2501483401606,0 79.5462754072254,24.2501481347449,0 79.5462767702426,24.2501489978315,0 79.5462769108302,24.2501490773745,0 79.5462749174268,24.2501498703557,0</coordinates></LinearRing></innerBoundaryIs><innerBoundaryIs><LinearRing><coordinates>79.546260217843,24.2501594956555,0 79.5462601553828,24.2501595583982,0 79.5462600662822,24.2501594307064,0 79.5462606519618,24.2501591032496,0 79.546260217843,24.2501594956555,0</coordinates></LinearRing></innerBoundaryIs><innerBoundaryIs><LinearRing><coordinates>79.5465355694682,24.250693855378,0 79.5465363400121,24.2506960953803,0 79.5465372365707,24.2506982956095,0 79.5465382567176,24.2507004501107,0 79.5465393976917,24.2507025530528,0 79.5465406564049,24.2507045987441,0 79.5465420294506,24.2507065816479,0 79.5465435131126,24.2507084963976,0 79.5465451033753,24.2507103378108,0 79.5465467959347,24.2507121009038,0 79.5465477394842,24.2507129863341,0 79.5465474149551,24.2507138182751,0 79.5465466725708,24.2507160916738,0 79.546546061499,24.2507183976975,0 79.5465455834281,24.2507207299749,0 79.546544858672,24.2507248610762,0 79.54654455467,24.2507241822181,0 79.5465434718027,24.250722079355,0 79.5465422722762,24.2507200304035,0 79.546540959273,24.2507180407996,0 79.5465279592691,24.2506994408029,0 79.5465265309163,24.2506975089673,0 79.5465249955881,24.2506956473898,0 79.5465233573874,24.2506938610451,0 79.5465216206919,24.2506921547069,0 79.5465197901428,24.250690532935,0 79.5465178706318,24.2506890000635,0 79.5465158672885,24.2506875601885,0 79.5465137854664,24.250686217158,0 79.5465116313196,24.2506849749015,0 79.5465121861637,24.2506839622195,0 79.5465132561337,24.2506817121589,0 79.5465141911469,24.250679412107,0 79.5465181338332,24.250668844073,0 79.5465195855706,24.2506695010986,0 79.5465219908224,24.2506704474641,0 79.546524447521,24.2506712753145,0 79.5465269487255,24.250671982311,0 79.5465288599218,24.2506724220796,0 79.5465355694682,24.250693855378,0</coordinates></LinearRing></innerBoundaryIs><innerBoundaryIs><LinearRing><coordinates>79.5462435549451,24.2506965081696,0 79.5462430531474,24.250698843362,0 79.5462426862684,24.2507011995554,0 79.5462424553277,24.2507035702017,0 79.5462423609671,24.2507059487123,0 79.5462424034488,24.2507083284772,0 79.5462425826549,24.2507107028826,0 79.5462428980873,24.2507130653297,0 79.5462433488693,24.2507154092528,0 79.5462439337482,24.250717728138,0 79.5462446510985,24.2507200155407,0 79.5462454989266,24.2507222651039,0 79.5462528745294,24.2507402818617,0 79.5462515748642,24.2507444273402,0 79.5462511510048,24.250745925178,0 79.5462302351598,24.2507260507909,0 79.5462284014875,24.2507243971188,0 79.5462264761402,24.2507228334886,0 79.5462244643708,24.2507213641662,0 79.5462223716682,24.2507199931604,0 79.5462202037418,24.2507187242118,0 79.5462179665063,24.2507175607824,0 79.5462156660657,24.2507165060465,0 79.5462133086962,24.2507155628816,0 79.5462109008294,24.2507147338609,0 79.5462084490348,24.2507140212464,0 79.5462059600014,24.2507134269821,0 79.5462046021576,24.2507131713679,0 79.5462027717529,24.2507117913163,0 79.5462007022914,24.2507103904852,0 79.5461985558668,24.2507090906519,0 79.5461963383367,24.2507078953635,0 79.5461940557526,24.2507068078819,0 79.5461917143436,24.2507058311747,0 79.5461893204994,24.2507049679075,0 79.5461868807527,24.250704220436,0 79.5461844017614,24.2507035908001,0 79.5461818902906,24.2507030807179,0 79.5461793531941,24.2507026915816,0 79.5461767973955,24.2507024244529,0 79.5461742298695,24.250702280061,0 79.5461716576227,24.2507022587999,0 79.5461690876747,24.2507023607275,0 79.5461665270388,24.2507025855658,0 79.5461639827029,24.2507029327011,0 79.5461624331185,24.2507031822106,0 79.5461606695175,24.2507019261692,0 79.5461585338696,24.250700564628,0 79.5461563227835,24.2506993083875,0 79.5461492573906,24.2506955272153,0 79.5461485582892,24.2506935365033,0 79.5461476352648,24.2506913160824,0 79.5461465861007,24.2506891432637,0 79.5461454137033,24.2506870240661,0 79.5461441213203,24.2506849643602,0 79.5461427125319,24.2506829698516,0 79.5461411912405,24.2506810460655,0 79.5461395616603,24.2506791983311,0 79.5461378283057,24.2506774317668,0 79.5461359959782,24.2506757512663,0 79.5461340697536,24.2506741614848,0 79.546132054968,24.2506726668264,0 79.5461299572026,24.2506712714313,0 79.5461277822684,24.2506699791652,0 79.5461255361905,24.2506687936076,0 79.5461232251908,24.2506677180429,0 79.5461208556711,24.2506667554505,0 79.5461184341953,24.250665908497,0 79.5461159674713,24.2506651795284,0 79.5461134623323,24.2506645705642,0 79.546110925718,24.2506640832913,0 79.5461083646551,24.2506637190595,0 79.5461066649569,24.2506635607312,0 79.5461072016858,24.250662151584,0 79.5461079297593,24.2506598563568,0 79.5461085243205,24.250657529016,0 79.5461089837026,24.2506551760853,0 79.5461093066181,24.2506528041605,0 79.5461094921617,24.2506504198902,0 79.5461095398133,24.250648029958,0 79.5461094494394,24.250645641063,0 79.5461092212934,24.2506432599018,0 79.5461088560147,24.2506408931489,0 79.5461083546272,24.2506385474387,0 79.5461077185365,24.2506362293464,0 79.5461069495256,24.2506339453702,0 79.5461060497502,24.2506317019121,0 79.5461050217323,24.2506295052609,0 79.5461038683538,24.2506273615742,0 79.5461029788776,24.2506259077961,0 79.5461038538427,24.250626079411,0 79.5461063806772,24.2506264503719,0 79.5461089251189,24.2506267004727,0 79.5461114802958,24.250626829038,0 79.546114039307,24.2506268357205,0 79.5461165952412,24.2506267205023,0 79.5461191411954,24.2506264836943,0 79.5461669412121,24.2506208836932,0 79.5461694715418,24.25062052573,0 79.5461719781585,24.2506200476661,0 79.5461744542858,24.250619450794,0 79.5461768932296,24.2506187367272,0 79.5461792883967,24.2506179073961,0 79.5461806649652,24.2506173541932,0 79.5461805753348,24.2506189209907,0 79.5461805757674,24.2506212941113,0 79.546180712202,24.2506236639327,0 79.5461809842616,24.2506260239073,0 79.5461813911946,24.2506283675147,0 79.5461819318766,24.2506306882798,0 79.5461826048139,24.2506329797904,0 79.5461834081471,24.2506352357154,0 79.5461843396567,24.2506374498218,0 79.5461853967691,24.2506396159923,0 79.5461865765635,24.2506417282419,0 79.546204076556,24.2506711282465,0 79.5462053655417,24.2506731655049,0 79.5462067686486,24.2506751383595,0 79.5462082820584,24.2506770414414,0 79.5462099016525,24.2506788695715,0 79.5462116230232,24.2506806177747,0 79.5462134414859,24.2506822812933,0 79.546215352092,24.2506838556004,0 79.5462173496418,24.2506853364114,0 79.5462194286991,24.2506867196965,0 79.5462215836059,24.2506880016913,0 79.5462238084979,24.2506891789067,0 79.5462260973202,24.2506902481392,0 79.5462284438439,24.2506912064789,0 79.5462308416832,24.2506920513178,0 79.5462332843125,24.2506927803567,0 79.5462357650844,24.2506933916115,0 79.5462382772477,24.2506938834189,0 79.5462408139657,24.2506942544403,0 79.5462433683349,24.2506945036661,0 79.5462440968837,24.2506945396671,0 79.5462435549451,24.2506965081696,0</coordinates></LinearRing></innerBoundaryIs><innerBoundaryIs><LinearRing><coordinates>79.5462099026341,24.2505778920878,0 79.546209937719,24.2505755448817,0 79.5462098396944,24.2505731991763,0 79.5462096088256,24.2505708613131,0 79.5462092457365,24.2505685376121,0 79.5462087514088,24.2505662343554,0 79.5462081271788,24.2505639577695,0 79.5462073747342,24.2505617140089,0 79.546206496109,24.2505595091394,0 79.5462054936785,24.2505573491218,0 79.5462043701527,24.2505552397953,0 79.546203128569,24.2505531868623,0 79.5462017722839,24.2505511958728,0 79.546200304964,24.2505492722092,0 79.5461596688395,24.2504988422017,0 79.5461591696716,24.2504964423603,0 79.5461586202706,24.2504941316648,0 79.5461579396534,24.2504918505171,0 79.5461571296875,24.2504896051765,0 79.5461561925954,24.2504874018041,0 79.5461551309485,24.2504852464458,0 79.5461539476598,24.2504831450159,0 79.5461526459763,24.2504811032805,0 79.5461512294698,24.250479126842,0 79.5461497020269,24.2504772211238,0 79.5461487381389,24.2504761418768,0 79.5461511821703,24.2504757404846,0 79.5461525446313,24.250475484534,0 79.5461534880412,24.2504760882142,0 79.546155682305,24.250477340663,0 79.5461579452241,24.2504784858193,0 79.5461602705637,24.2504795205278,0 79.5461626519166,24.2504804419377,0 79.5461650827216,24.2504812475101,0 79.5461675562811,24.2504819350255,0 79.5461700657798,24.2504825025896,0 79.5461726043033,24.2504829486385,0 79.5461751648572,24.2504832719434,0 79.5461777403864,24.2504834716134,0 79.5461803237948,24.2504835470983,0 79.5461829079641,24.2504834981902,0 79.5461854857744,24.2504833250238,0 79.5461878315593,24.2504830533855,0 79.5461876289273,24.2504847480057,0 79.5461874825696,24.2504870912467,0 79.5461874692271,24.250489438295,0 79.5461875889359,24.2504917828074,0 79.5461878413724,24.2504941184478,0 79.5461882258546,24.2504964389037,0 79.5461887413432,24.250498737904,0 79.5461893864451,24.2505010092352,0 79.5461901594169,24.250503246759,0 79.5462048594039,24.2505422467628,0 79.5462057760627,24.2505444849206,0 79.5462068206566,24.2505466754507,0 79.5462079902566,24.2505488122104,0 79.5462092815828,24.2505508892081,0 79.5462106910144,24.2505529006196,0 79.5462120178828,24.2505545902995,0 79.5462117366381,24.2505555805412,0 79.5462112150242,24.2505579167514,0 79.5462108286757,24.2505602749547,0 79.5462105786703,24.2505626485719,0 79.5462104657057,24.2505650309812,0 79.5462104900969,24.2505674155359,0 79.5462106517758,24.2505697955836,0 79.5462109502916,24.2505721644842,0 79.5462118668894,24.2505780664954,0 79.546211163173,24.250578310732,0 79.5462098341194,24.2505788467979,0 79.5462099026341,24.2505778920878,0</coordinates></LinearRing></innerBoundaryIs><innerBoundaryIs><LinearRing><coordinates>79.5460661270099,24.2504504319258,0 79.5460636054325,24.2504507511929,0 79.5460611052191,24.2504511895085,0 79.546058633051,24.2504517457013,0 79.5460561955348,24.250452418285,0 79.5460537991841,24.2504532054621,0 79.5460514504028,24.2504541051292,0 79.5460491554676,24.2504551148821,0 79.5460469205112,24.2504562320222,0 79.546045827777,24.2504568474292,0 79.5460454314355,24.2504563210109,0 79.5460601269187,24.2504450252267,0 79.5460607684026,24.250445233593,0 79.5460632220114,24.2504459012202,0 79.5460657101403,24.2504464510578,0 79.5460673265776,24.2504467276865,0 79.5460679625263,24.250448856035,0 79.5460684646019,24.2504502481727,0 79.5460661270099,24.2504504319258,0</coordinates></LinearRing></innerBoundaryIs><innerBoundaryIs><LinearRing><coordinates>79.546163015194,24.2509334628672,0 79.5461654003406,24.2509343381971,0 79.5461678320344,24.250935098278,0 79.5461703036559,24.2509357410408,0 79.5461728084772,24.250936264736,0 79.5461753396799,24.2509366679378,0 79.5461778903737,24.2509369495488,0 79.5461804536154,24.2509371088023,0 79.5461830224277,24.2509371452649,0 79.5461855898178,24.2509370588374,0 79.5461881487971,24.2509368497549,0 79.5461906923997,24.2509365185867,0 79.5461993245792,24.2509351832224,0 79.5462031439972,24.2509451751023,0 79.5462031818124,24.2509455658129,0 79.5462035434568,24.2509479046097,0 79.5462040380248,24.2509502228627,0 79.5462046641625,24.2509525142257,0 79.546205420156,24.2509547724259,0 79.5462063039355,24.2509569912817,0 79.546206542359,24.2509575047833,0 79.5461707966759,24.2509754364209,0 79.5461715638184,24.2509629364265,0 79.5461716413487,24.2509605409855,0 79.5461715801363,24.2509581451473,0 79.5461713803537,24.2509557556623,0 79.546171042564,24.2509533792633,0 79.5461705677187,24.250951022646,0 79.546169957156,24.2509486924504,0 79.546169212596,24.250946395242,0 79.5461683361368,24.2509441374935,0 79.5461673302477,24.2509419255663,0 79.5461661977631,24.2509397656928,0 79.5461649418738,24.2509376639586,0 79.5461635661183,24.2509356262855,0 79.5461620743732,24.250933658415,0 79.5461612888907,24.2509327313714,0 79.546163015194,24.2509334628672,0</coordinates></LinearRing></innerBoundaryIs><innerBoundaryIs><LinearRing><coordinates>79.5464563751286,24.2509410746917,0 79.5464564577499,24.2509419705521,0 79.5464568050606,24.2509442927123,0 79.5464572833477,24.2509465952168,0 79.546457891322,24.2509488718596,0 79.546458627345,24.2509511165046,0 79.5464594894328,24.2509533231018,0 79.5464604752619,24.250955485704,0 79.5464615821752,24.2509575984822,0 79.5464694253593,24.2509716239499,0 79.5464789445025,24.2509914162425,0 79.5464801443139,24.2509937306592,0 79.5464814854108,24.2509959789344,0 79.5464837574221,24.2509995436442,0 79.5464826971072,24.2510001459442,0 79.5464806130099,24.2510014706035,0 79.5464786060565,24.2510028918801,0 79.5464766815696,24.2510044060045,0 79.5464748446535,24.2510060089608,0 79.5464738098192,24.2510070100199,0 79.5464721154831,24.251007537505,0 79.5464721334769,24.2510056793764,0 79.5464720130046,24.2510032391292,0 79.5464717487586,24.2510008084278,0 79.5464713415123,24.250998394388,0 79.5464707924581,24.2509960040767,0 79.5464701032031,24.2509936444912,0 79.5464692757651,24.2509913225391,0 79.5464641757608,24.2509782225404,0 79.5464632368466,24.250975998226,0 79.5464621711252,24.2509738224772,0 79.546460981571,24.2509717013662,0 79.5464596715038,24.2509696408127,0 79.5464582445798,24.2509676465675,0 79.5464567047813,24.2509657241961,0 79.5464564230601,24.2509654088475,0 79.5464567383787,24.2509641669096,0 79.5464571946547,24.250961810356,0 79.5464575140829,24.2509594349442,0 79.5464576957655,24.2509570473498,0 79.5464577391921,24.2509546542828,0 79.5464576442405,24.2509522624683,0 79.5464574111776,24.2509498786283,0 79.5464570406585,24.2509475094621,0 79.5464565337243,24.2509451616277,0 79.5464558917998,24.2509428417235,0 79.546454872976,24.2509395305506,0 79.5464563751286,24.2509410746917,0</coordinates></LinearRing></innerBoundaryIs><innerBoundaryIs><LinearRing><coordinates>79.5462784873727,24.2511107924493,0 79.5462780440971,24.251111194893,0 79.5462778824635,24.251110015356,0 79.5462777430792,24.2511092997093,0 79.5462783003324,24.2511096751283,0 79.5462791956112,24.2511102139773,0 79.5462784873727,24.2511107924493,0</coordinates></LinearRing></innerBoundaryIs><innerBoundaryIs><LinearRing><coordinates>79.5462633918256,24.2511496774542,0 79.5462638034474,24.251152028575,0 79.5462643496984,24.2511543565274,0 79.5462647643243,24.2511559215965,0 79.546263464147,24.2511565449205,0 79.5462612747879,24.2511577303218,0 79.5462591550838,24.2511590177578,0 79.5462571106864,24.251160403796,0 79.5462551470464,24.251161884741,0 79.5462532693994,24.2511634566442,0 79.5462514827514,24.2511651153146,0 79.5462497918661,24.2511668563299,0 79.5462482012517,24.2511686750481,0 79.5462475301499,24.251169529254,0 79.5462460540054,24.2511696499476,0 79.5462456158225,24.2511697069247,0 79.54624532291,24.2511690357581,0 79.5462442409734,24.2511668897819,0 79.5462430379987,24.2511647986752,0 79.5462417172846,24.2511627681723,0 79.5462408358226,24.2511615614223,0 79.5462496579819,24.2511578669431,0 79.5462519465112,24.2511568421796,0 79.5462541741899,24.2511557102966,0 79.5462563350583,24.2511544743219,0 79.5462584233359,24.2511531375622,0 79.5462604334361,24.2511517035934,0 79.5462623599816,24.2511501762516,0 79.5462633486213,24.2511493066078,0 79.5462633918256,24.2511496774542,0</coordinates></LinearRing></innerBoundaryIs><innerBoundaryIs><LinearRing><coordinates>79.5468092736498,24.2506480400019,0 79.5468111123721,24.2506496691719,0 79.5468130408542,24.2506512086319,0 79.546815053896,24.2506526542308,0 79.5468165875148,24.2506536422332,0 79.5468168659971,24.2506543343506,0 79.5468178885527,24.2506565152257,0 79.5468190347189,24.2506586438073,0 79.5468203013268,24.2506607142107,0 79.5468216848748,24.2506627207118,0 79.546823181538,24.2506646577637,0 79.5468247871785,24.2506665200109,0 79.5468264973574,24.250668302305,0 79.5468309910925,24.2506727443895,0 79.5468222249213,24.2506797445609,0 79.5468209898805,24.2506781031559,0 79.5468194250497,24.2506762391885,0 79.5468177564607,24.2506744524754,0 79.5468159886424,24.2506727478664,0 79.5468141263936,24.2506711299886,0 79.5468121747692,24.2506696032336,0 79.5468101390665,24.2506681717456,0 79.5468080248115,24.2506668394103,0 79.546805837743,24.250665609844,0 79.5468035837977,24.2506644863845,0 79.5468024644588,24.2506639958902,0 79.5468088503362,24.2506476238529,0 79.5468092736498,24.2506480400019,0</coordinates></LinearRing></innerBoundaryIs><innerBoundaryIs><LinearRing><coordinates>79.5447268943467,24.2502459726515,0 79.5447277988542,24.2502482092159,0 79.5447284732115,24.2502496399164,0 79.5447281437926,24.2502497556989,0 79.544725917642,24.2502506561558,0 79.5447237427229,24.2502516563388,0 79.5447216243455,24.2502527538059,0 79.5447102840271,24.2502589726901,0 79.5447095351458,24.2502585219295,0 79.5447073059963,24.2502573285425,0 79.5447050117012,24.2502562439003,0 79.5447026585655,24.2502552709836,0 79.5447002530557,24.2502544124662,0 79.5446978017822,24.2502536707072,0 79.5446953114814,24.250253047745,0 79.5446927889967,24.2502525452916,0 79.54469024126,24.2502521647278,0 79.5446876752728,24.2502519070993,0 79.5446850980865,24.2502517731142,0 79.5446825167834,24.2502517631407,0 79.544679938457,24.2502518772061,0 79.5446773701927,24.2502521149969,0 79.5446748190484,24.2502524758598,0 79.5446722920346,24.2502529588031,0 79.5446697960959,24.2502535624996,0 79.544668893703,24.2502538278534,0 79.5446687447705,24.2502534624904,0 79.5446676853868,24.2502512366148,0 79.5446664969933,24.2502490661892,0 79.5446651830287,24.250246957494,0 79.5446641920402,24.250245548826,0 79.5446741365596,24.2502392343097,0 79.5446752427929,24.2502396046626,0 79.5446777392403,24.2502403053733,0 79.5446802726852,24.2502408837819,0 79.5446828360056,24.2502413382623,0 79.5446854219955,24.2502416675369,0 79.5446880233851,24.25024187068,0 79.5446906328615,24.2502419471206,0 79.5446932430889,24.2502418966438,0 79.5446958467294,24.2502417193914,0 79.5446984364636,24.2502414158618,0 79.5447010050114,24.2502409869082,0 79.544703545152,24.2502404337365,0 79.5447060497445,24.2502397579019,0 79.5447085117481,24.2502389613041,0 79.5447109242416,24.2502380461826,0 79.544713280443,24.25023701511,0 79.544722038563,24.2502329177449,0 79.5447268943467,24.2502459726515,0</coordinates></LinearRing></innerBoundaryIs><innerBoundaryIs><LinearRing><coordinates>79.5449551103023,24.2502652284966,0 79.5449572548735,24.2502638840994,0 79.5449593191267,24.2502624378699,0 79.5449612973161,24.2502608938336,0 79.5449631839353,24.2502592562884,0 79.5449641629717,24.2502583604383,0 79.544963354187,24.2502702674773,0 79.5449584137234,24.2502757120681,0 79.5449580056369,24.2502738493149,0 79.5449573636716,24.2502715515646,0 79.5449565909748,24.2502692878979,0 79.5449556896793,24.2502670645631,0 79.54495488301,24.2502653553939,0 79.5449551103023,24.2502652284966,0</coordinates></LinearRing></innerBoundaryIs><innerBoundaryIs><LinearRing><coordinates>79.5449204216184,24.2504145179719,0 79.5449230132763,24.2504140853241,0 79.5449255759908,24.2504135262208,0 79.5449281024273,24.2504128422622,0 79.5449305853555,24.2504120354057,0 79.5449330176694,24.2504111079606,0 79.5449333002674,24.2504109835586,0 79.5449492966069,24.2504389771696,0 79.544949602073,24.2504410051309,0 79.5449477275031,24.2504406714378,0 79.5449451969259,24.250440344799,0 79.544942651274,24.2504401389735,0 79.5449400974038,24.2504400545157,0 79.5449375421939,24.250440091653,0 79.5449366993025,24.2504401440951,0 79.5449365026006,24.2504394084345,0 79.5449357604074,24.2504371500184,0 79.5449348905837,24.2504349302241,0 79.5449338955038,24.2504327551104,0 79.5449327778836,24.2504306306141,0 79.5449315407736,24.2504285625341,0 79.5449301875504,24.250426556515,0 79.5449287219077,24.2504246180322,0 79.5449271478459,24.2504227523766,0 79.5449254696612,24.2504209646406,0 79.5449236919343,24.2504192597036,0 79.5449218195173,24.2504176422191,0 79.5449198575209,24.2504161166022,0 79.5449179775795,24.2504148031871,0 79.5449204216184,24.2504145179719,0</coordinates></LinearRing></innerBoundaryIs><innerBoundaryIs><LinearRing><coordinates>79.5450745973273,24.2504125343722,0 79.5450769849831,24.2504134004628,0 79.5450794186338,24.2504141512593,0 79.5450818916619,24.2504147847201,0 79.5450841487608,24.2504152480901,0 79.5450842592831,24.2504163824016,0 79.5450827289403,24.2504157871763,0 79.5450802897734,24.2504149746377,0 79.5450778073042,24.2504142810513,0 79.545075288428,24.2504137083436,0 79.5450736893896,24.2504134258211,0 79.5450739063688,24.2504126198971,0 79.5450739856549,24.2504122779258,0 79.5450745973273,24.2504125343722,0</coordinates></LinearRing></innerBoundaryIs><innerBoundaryIs><LinearRing><coordinates>79.5450922154499,24.2506251636542,0 79.5450943513306,24.250626526421,0 79.5450965627464,24.2506277838346,0 79.5450988435217,24.2506289323836,0 79.5451011872873,24.2506299688605,0 79.5451498872991,24.2506500688675,0 79.5451522393461,24.2506509732157,0 79.5451546393094,24.2506517646904,0 79.5451570807506,24.2506524411683,0 79.5451595571196,24.2506530008345,0 79.545162061773,24.2506534421875,0 79.5451645879912,24.2506537640434,0 79.545167128997,24.2506539655386,0 79.5451696779734,24.2506540461325,0 79.545172228082,24.2506540056089,0 79.5451747724814,24.2506538440766,0 79.5451773043455,24.2506535619689,0 79.5451798168819,24.2506531600427,0 79.54518230335,24.2506526393762,0 79.545184757079,24.2506520013662,0 79.5451871714862,24.2506512477245,0 79.5451895400942,24.2506503804728,0 79.5451918565485,24.2506494019378,0 79.5451941146347,24.2506483147448,0 79.5451963082946,24.2506471218104,0 79.5451984316432,24.250645826335,0 79.545200478984,24.2506444317942,0 79.5452024448244,24.2506429419291,0 79.5452043238905,24.2506413607368,0 79.5452061111411,24.2506396924592,0 79.5452078017815,24.2506379415721,0 79.545209391276,24.2506361127726,0 79.5452108753603,24.250634210967,0 79.545212250053,24.2506322412575,0 79.545213511666,24.2506302089285,0 79.5452146568148,24.2506281194321,0 79.5452156824271,24.2506259783741,0 79.5452165857514,24.2506237914985,0 79.5452173643644,24.2506215646722,0 79.5452180161771,24.2506193038693,0 79.5452185394409,24.2506170151551,0 79.5452189327521,24.2506147046696,0 79.5452191950553,24.2506123786115,0 79.5452193256471,24.250610043221,0 79.5452193241769,24.2506077047635,0 79.5452191906488,24.2506053695127,0 79.545218925421,24.2506030437334,0 79.545218529205,24.2506007336652,0 79.5452180030638,24.2505984455055,0 79.545217348409,24.2505961853931,0 79.5452123333526,24.25058051891,0 79.5452213690178,24.2505729685565,0 79.5452231811712,24.250571374868,0 79.5452249023599,24.2505696985525,0 79.5452265281081,24.250567943969,0 79.5452280541883,24.2505661156802,0 79.545229476632,24.2505642184403,0 79.5452307917404,24.2505622571828,0 79.5452319960937,24.250560237008,0 79.54523308656,24.2505581631689,0 79.5452340603038,24.2505560410583,0 79.5452349147929,24.2505538761946,0 79.5452356478054,24.2505516742073,0 79.5452362574351,24.2505494408223,0 79.5452398990334,24.2505344910814,0 79.5452440897243,24.2505288590041,0 79.5452745357564,24.2505123769389,0 79.5452766879976,24.2505111421241,0 79.5452787679612,24.2505098072402,0 79.5452807701178,24.2505083758358,0 79.5452826891447,24.2505068517162,0 79.5452845199403,24.2505052389331,0 79.5452862576375,24.2505035417742,0 79.5452888312813,24.2505008945974,0 79.5453606118043,24.2504894841617,0 79.5453631314089,24.250489021244,0 79.5453656212436,24.2504884384414,0 79.5453680745277,24.2504877373412,0 79.5453704845799,24.2504869198526,0 79.545372844837,24.250485988202,0 79.5453751488712,24.2504849449265,0 79.5453773904077,24.2504837928674,0 79.5453795633421,24.2504825351621,0 79.5453816617568,24.2504811752358,0 79.545383679937,24.250479716792,0 79.5453856123866,24.2504781638025,0 79.5453874538428,24.2504765204968,0 79.5453891992907,24.2504747913499,0 79.5453892335943,24.2504747535926,0 79.5453909656925,24.2504840235435,0 79.545391474722,24.2504863718377,0 79.5453921188113,24.2504886920886,0 79.5453928961492,24.2504909777708,0 79.5453938045495,24.2504932224565,0 79.5453948414575,24.250495419833,0 79.5453960039573,24.2504975637207,0 79.5453972887796,24.2504996480904,0 79.545398692311,24.2505016670803,0 79.5454002106046,24.2505036150125,0 79.5454018393905,24.2505054864088,0 79.545403574088,24.2505072760065,0 79.5454054098189,24.2505089787726,0 79.5454073414204,24.2505105899185,0 79.5454093634605,24.2505121049134,0 79.5454114702525,24.2505135194965,0 79.5454136558718,24.2505148296897,0 79.5454143849691,24.2505152177965,0 79.5454128172854,24.2505168290038,0 79.5454112179857,24.2505186551407,0 79.5453980179841,24.2505345551373,0 79.545396505758,24.2505364795482,0 79.5453951058479,24.2505384741195,0 79.5453938221174,24.2505405333461,0 79.5453937328718,24.2505406957506,0 79.5453927563317,24.2505411478415,0 79.5453905074214,24.2505423290451,0 79.5453883294116,24.2505436171039,0 79.5453862283361,24.2505450084496,0 79.5453842100157,24.2505464992276,0 79.5453822800417,24.250548085308,0 79.5453804437611,24.2505497622967,0 79.5453787062608,24.2505515255479,0 79.5453770723544,24.2505533701768,0 79.5453755465684,24.2505552910731,0 79.5453741331297,24.2505572829151,0 79.5453728359542,24.250559340185,0 79.5453716586353,24.2505614571831,0 79.5453706044348,24.2505636280448,0 79.5453696762731,24.250565846756,0 79.5453688767216,24.25056810717,0 79.5453682079953,24.2505704030247,0 79.5453676719468,24.2505727279598,0 79.5453672700613,24.2505750755343,0 79.5453669262612,24.2505774985,0 79.5453659466568,24.2505786008199,0 79.5453642857911,24.2505807064215,0 79.5453596857902,24.2505869064202,0 79.5453582963112,24.2505888885077,0 79.5453570215074,24.2505909343596,0 79.545355864851,24.2505930384038,0 79.5453548294923,24.2505951949097,0 79.5453539182512,24.2505973980038,0 79.5453531336096,24.2505996416855,0 79.5453524777047,24.250601919844,0 79.5453519523228,24.2506042262742,0 79.545351558895,24.2506065546945,0 79.5453512984927,24.2506088987629,0 79.5453511718253,24.250611252095,0 79.5453511792378,24.2506136082813,0 79.5453511872445,24.2506137414302,0 79.5453404095235,24.2506174962489,0 79.5453380382649,24.2506183877813,0 79.54533572081,24.2506193912251,0 79.5453334634367,24.2506205038621,0 79.54533127226,24.2506217226783,0 79.5453291532157,24.2506230443719,0 79.545327112044,24.2506244653626,0 79.5453251542744,24.2506259818012,0 79.5453232852102,24.2506275895796,0 79.5453215099146,24.2506292843425,0 79.5453198331968,24.250631061499,0 79.5453182595988,24.2506329162348,0 79.5453167933834,24.2506348435258,0 79.5453154385224,24.2506368381509,0 79.5453141986861,24.2506388947069,0 79.5453130772331,24.2506410076228,0 79.5453120772013,24.2506431711748,0 79.5453112012997,24.2506453795021,0 79.5453104519011,24.2506476266225,0 79.5453098310355,24.2506499064487,0 79.5453093403849,24.2506522128049,0 79.5453089812783,24.2506545394433,0 79.5453087546885,24.2506568800613,0 79.5453086612295,24.2506592283182,0 79.5453087011543,24.250661577853,0 79.5453088743548,24.2506639223008,0 79.5453091803619,24.2506662553107,0 79.5453096183465,24.2506685705629,0 79.5453101871223,24.2506708617854,0 79.5453108851485,24.2506731227716,0 79.5453117105341,24.2506753473966,0 79.5453122094692,24.2506764928823,0 79.5453105495781,24.2506773875597,0 79.5453084121293,24.2506786812729,0 79.5453063509378,24.2506800751337,0 79.5453043715796,24.2506815653713,0 79.5453024794098,24.2506831479542,0 79.5453006795471,24.2506848186008,0 79.5452989768608,24.2506865727916,0 79.5452973759572,24.250688405781,0 79.5452958811673,24.25069031261,0 79.545294496535,24.2506922881202,0 79.5452932258061,24.2506943269671,0 79.5452920724184,24.2506964236349,0 79.5452910394922,24.2506985724516,0 79.5452901298219,24.2507007676039,0 79.5452893458684,24.2507030031531,0 79.5452886897526,24.2507052730515,0 79.5452881632496,24.2507075711581,0 79.5452877677835,24.2507098912559,0 79.5452875044245,24.2507122270683,0 79.5452873738849,24.2507145722761,0 79.5452873765179,24.2507169205348,0 79.5452874622635,24.2507184011838,0 79.5452859960659,24.2507193536317,0 79.5452839830449,24.2507208114045,0 79.5452820555545,24.250722363315,0 79.5452802188254,24.2507240051518,0 79.5452790206194,24.2507251939455,0 79.5452789576844,24.2507250442822,0 79.5452778871944,24.250722853334,0 79.5452766911948,24.2507207176563,0 79.5452753730672,24.2507186432878,0 79.545273936539,24.250716636094,0 79.545272385672,24.2507147017506,0 79.5452707248515,24.2507128457271,0 79.5452631484629,24.2507048236713,0 79.5452435094822,24.250681448503,0 79.5452418927042,24.2506796244052,0 79.5452401745756,24.2506778799281,0 79.5452383597534,24.2506762198,0 79.5452364531566,24.2506746485206,0 79.5452344599528,24.2506731703487,0 79.5452323855445,24.2506717892908,0 79.5452302355542,24.2506705090901,0 79.5452280158094,24.2506693332167,0 79.5452257323265,24.2506682648575,0 79.5452233912948,24.2506673069084,0 79.5452209990595,24.2506664619657,0 79.5452185621046,24.2506657323197,0 79.5452160870352,24.250665119948,0 79.54521358056,24.2506646265104,0 79.5452110494725,24.2506642533443,0 79.5452085006331,24.2506640014611,0 79.5452059409502,24.2506638715437,0 79.5452033773617,24.250663863944,0 79.5452008168161,24.2506639786828,0 79.5451982662535,24.2506642154489,0 79.5451957325871,24.2506645736008,0 79.5451932226842,24.2506650521675,0 79.5451907433477,24.2506656498521,0 79.5451883012977,24.2506663650345,0 79.5451859031532,24.2506671957762,0 79.5451835554143,24.2506681398257,0 79.5451812644443,24.250669194624,0 79.5451790364528,24.2506703573123,0 79.5451768774786,24.2506716247391,0 79.5451747933734,24.2506729934692,0 79.5451727897861,24.2506744597927,0 79.5451708721472,24.2506760197353,0 79.5451690456545,24.2506776690688,0 79.5451673152585,24.2506794033228,0 79.5451656856493,24.2506812177968,0 79.545164161244,24.2506831075726,0 79.5451627461742,24.2506850675283,0 79.5451614442755,24.2506870923514,0 79.5451602590765,24.2506891765538,0 79.5451591937898,24.2506913144864,0 79.5451582513026,24.2506935003545,0 79.5451574341696,24.2506957282335,0 79.5451149341288,24.2508224282185,0 79.5451142396827,24.2508247098837,0 79.5451136767183,24.250827021804,0 79.5451132467853,24.2508293576151,0 79.5451129510675,24.2508317108864,0 79.5451127903788,24.2508340751395,0 79.5451127651618,24.2508364438659,0 79.5451128754857,24.2508388105444,0 79.5451131210469,24.2508411686598,0 79.5451135011694,24.2508435117202,0 79.5451140148068,24.2508458332755,0 79.5451192147992,24.2508665332767,0 79.5451198566252,24.2508688144,0 79.5451206273548,24.2508710617221,0 79.5451215248895,24.2508732691242,0 79.5451225467855,24.2508754305962,0 79.5451236902606,24.2508775402528,0 79.5451299902577,24.2508884402545,0 79.5451312980388,24.2508905624043,0 79.5451327288292,24.2508926167494,0 79.5451342784586,24.2508945973019,0 79.5451359424102,24.2508964982887,0 79.5451377158339,24.250898314169,0 79.5451395935605,24.25090003965,0 79.5451415701169,24.2509016697021,0 79.545143639742,24.2509031995741,0 79.5451457964031,24.2509046248069,0 79.5451480338141,24.2509059412461,0 79.5451503454534,24.2509071450546,0 79.5451527245832,24.2509082327237,0 79.5451564195731,24.2509098092529,0 79.5451395156307,24.2509144153548,0 79.5451238726806,24.2509078974584,0 79.5451213506145,24.2509069231904,0 79.5451187734081,24.250906078897,0 79.5451161490225,24.2509053671863,0 79.5451134855643,24.2509047902566,0 79.5450976855694,24.2509017902579,0 79.545095163111,24.2509013737654,0 79.5450926204334,24.2509010781756,0 79.5450900644252,24.2509009042892,0 79.5450875020112,24.2509008525773,0 79.5450849401337,24.2509009231801,0 79.5450823857332,24.2509011159062,0 79.5450798457304,24.2509014302335,0 79.5450773270064,24.2509018653104,0 79.5450748363853,24.2509024199582,0 79.5450723806146,24.2509030926742,0 79.5450699663476,24.2509038816359,0 79.5450676001251,24.2509047847059,0 79.5450652883576,24.2509057994374,0 79.5450630373083,24.2509069230814,0 79.5450608530758,24.2509081525937,0 79.5450587415777,24.2509094846432,0 79.5450527415787,24.2509134846421,0 79.5450506449625,24.2509149629075,0 79.5450486379399,24.2509165422547,0 79.545046726301,24.2509182181272,0 79.545044915561,24.2509199856903,0 79.5450432109437,24.2509218398444,0 79.5450416173671,24.2509237752404,0 79.5450401394286,24.2509257862947,0 79.545038781392,24.2509278672054,0 79.5450375471752,24.2509300119691,0 79.5450364403391,24.2509322143981,0 79.5450354640767,24.2509344681384,0 79.5450346212046,24.2509367666882,0 79.5450339141545,24.2509391034159,0 79.5450333449663,24.2509414715803,0 79.545032915282,24.2509438643491,0 79.5450326263413,24.2509462748192,0 79.5450324789778,24.2509486960365,0 79.5450324736166,24.2509511210157,0 79.5450326102733,24.2509535427609,0 79.5450359003105,24.2509918657797,0 79.5450344983473,24.2509913605406,0 79.5450320343371,24.2509906074767,0 79.5450295304468,24.2509899745806,0 79.5450269936425,24.2509894636131,0 79.545024430982,24.2509890759958,0 79.5450218495949,24.2509888128071,0 79.5450192566631,24.2509886747793,0 79.5450166594004,24.2509886622963,0 79.5450140650328,24.250988775393,0 79.5450114807782,24.2509890137545,0 79.5450089138264,24.2509893767179,0 79.5450063713189,24.2509898632732,0 79.5450038603295,24.2509904720668,0 79.545001387844,24.2509912014049,0 79.5449989607412,24.2509920492585,0 79.544961060752,24.2510063492544,0 79.544958681458,24.2510073151468,0 79.5449563611354,24.2510083949272,0 79.5449541062638,24.2510095855803,0 79.5449519231395,24.2510108837815,0 79.5449498178588,24.2510122859056,0 79.5449477963004,24.2510137880373,0 79.5449458641094,24.2510153859821,0 79.5449440266813,24.2510170752778,0 79.5449422891468,24.2510188512072,0 79.544940656358,24.2510207088112,0 79.5449391328741,24.2510226429027,0 79.5449377229495,24.2510246480808,0 79.5449364305212,24.2510267187462,0 79.5449352591982,24.2510288491169,0 79.5449342122513,24.251031033244,0 79.5449332926041,24.2510332650284,0 79.5449325028245,24.2510355382382,0 79.544931845118,24.2510378465256,0 79.5449313213211,24.2510401834449,0 79.5449309328965,24.2510425424705,0 79.5449306809289,24.251044917015,0 79.5449305661219,24.2510473004477,0 79.544930588796,24.2510496861132,0 79.544930748888,24.2510520673495,0 79.5449310459507,24.2510544375075,0 79.5449314791549,24.2510567899685,0 79.5449320472906,24.2510591181636,0 79.5449327487715,24.2510614155915,0 79.5449335816388,24.2510636758368,0 79.5449345435667,24.251065892588,0 79.5449356318691,24.251068059655,0 79.5449368435072,24.2510701709865,0 79.5449381750974,24.2510722206868,0 79.5449396229216,24.2510742030322,0 79.5449411829366,24.2510761124873,0 79.5449428507864,24.25107794372,0 79.5449446218136,24.2510796916168,0 79.5449464910728,24.2510813512969,0 79.5449484533442,24.2510829181256,0 79.5449505031485,24.251084387728,0 79.5449526347616,24.251085756,0 79.5449548422312,24.2510870191211,0 79.5449571193933,24.251088173564,0 79.544959459889,24.2510892161051,0 79.5449612528333,24.2510899099561,0 79.5449577732116,24.2510954033704,0 79.5449570082582,24.2510963868814,0 79.5449555781239,24.2510983304748,0 79.5449542599647,24.2511003395175,0 79.5449530573353,24.2511024085918,0 79.544951973479,24.2511045321178,0 79.5449510113187,24.2511067043687,0 79.5449501734491,24.2511089194867,0 79.5449494621298,24.2511111714978,0 79.544948879279,24.2511134543291,0 79.5449484264686,24.2511157618242,0 79.5449481049196,24.2511180877604,0 79.5449479154994,24.251120425865,0 79.5449478587186,24.2511227698328,0 79.5449479347304,24.2511251133427,0 79.5449481433299,24.2511274500746,0 79.5449484839545,24.251129773727,0 79.5449489556856,24.2511320780335,0 79.5449492307279,24.2511331199016,0 79.5449479470335,24.251132246363,0 79.5449458186966,24.2511308764554,0 79.5449436144509,24.2511296114742,0 79.5449413404438,24.2511284549472,0 79.544939003017,24.2511274100998,0 79.5449366086894,24.251126479846,0 79.5449341641382,24.25112566678,0 79.5449316761811,24.2511249731694,0 79.5449291517565,24.2511244009486,0 79.5449265979047,24.2511239517133,0 79.544924021748,24.2511236267165,0 79.5449214304708,24.2511234268644,0 79.5449188312999,24.2511233527146,0 79.5449162314839,24.2511234044737,0 79.5449136382734,24.2511235819973,0 79.5449110589004,24.2511238847905,0 79.5449085005583,24.2511243120088,0 79.544905970382,24.2511248624607,0 79.5449034754278,24.251125534611,0 79.5449010226538,24.2511263265854,0 79.5448986189002,24.251127236175,0 79.544896270871,24.2511282608432,0 79.5448939851142,24.2511293977323,0 79.5448917680045,24.2511306436718,0 79.5448896257253,24.2511319951868,0 79.5448875642508,24.2511334485083,0 79.5448855893303,24.251134999583,0 79.5448837064716,24.2511366440854,0 79.5448819209255,24.2511383774291,0 79.5448802376719,24.2511401947801,0 79.5448786614049,24.2511420910701,0 79.5448771965206,24.2511440610107,0 79.5448758471043,24.2511460991079,0 79.5448746169193,24.2511481996778,0 79.5448735093965,24.2511503568623,0 79.5448725276245,24.2511525646453,0 79.5448716743415,24.2511548168696,0 79.544870951927,24.2511571072541,0 79.5448703623957,24.2511594294113,0 79.5448699073919,24.251161776865,0 79.5448695881843,24.2511641430686,0 79.5448694056634,24.251166521423,0 79.5448693603381,24.2511689052953,0 79.5448694523348,24.2511712880374,0 79.5448696813969,24.2511736630041,0 79.5448700468857,24.251176023572,0 79.5448705477818,24.2511783631577,0 79.5448711826884,24.2511806752367,0 79.5448719498348,24.2511829533607,0 79.5448728470815,24.2511851911765,0 79.5448738719263,24.2511873824431,0 79.5448751264689,24.2511898805744,0 79.5448655087331,24.2511934206512,0 79.5448354582583,24.2511995191299,0 79.5448320339397,24.251200333394,0 79.54479983395,24.2512091333915,0 79.5447972719808,24.2512099041861,0 79.5447947598698,24.2512108024018,0 79.5447923051492,24.2512118253453,0 79.5447899151795,24.2512129699496,0 79.5447875971267,24.2512142327824,0 79.5447853579415,24.2512156100574,0 79.5447715579438,24.251224610055,0 79.5447695310077,24.2512260053674,0 79.5447675850655,24.2512274944594,0 79.5447657252728,24.2512290733855,0 79.5447639565573,24.2512307379624,0 79.5447622836054,24.2512324837795,0 79.5447607108494,24.2512343062114,0 79.5447592424566,24.2512362004294,0 79.5447578823175,24.2512381614147,0 79.5447566340358,24.2512401839716,0 79.544755500919,24.2512422627412,0 79.5447545735464,24.2512442084695,0 79.544752052163,24.2512439371354,0 79.5447494678282,24.2512437847116,0 79.5447468783274,24.251243757069,0 79.5447442908225,24.2512438542839,0 79.5447417124703,24.2512440760876,0 79.544739150402,24.2512444218666,0 79.5447366117038,24.2512448906644,0 79.5447341033974,24.2512454811845,0 79.5447316324202,24.2512461917936,0 79.5447292056065,24.2512470205262,0 79.5447268296686,24.2512479650903,0 79.5447245111778,24.2512490228734,0 79.5447222565467,24.2512501909497,0 79.5447200720112,24.2512514660887,0 79.5447169639752,24.2512533874202,0 79.5447163896836,24.2512524670413,0 79.544715000844,24.2512504881528,0 79.5447135014331,24.2512485783003,0 79.5447118955242,24.2512467426722,0 79.5446975955225,24.2512312426756,0 79.5446972207341,24.251230841225,0 79.5446865766317,24.2512195740581,0 79.5446830906703,24.2511931612751,0 79.544683193604,24.2511931759912,0 79.5446857661872,24.2511934178008,0 79.5446883490688,24.2511935354456,0 79.5446909351248,24.2511935286011,0 79.5446935172226,24.2511933972861,0 79.5446960882404,24.2511931418629,0 79.5446986410869,24.2511927630358,0 79.5447011687211,24.2511922618499,0 79.5447036641715,24.2511916396873,0 79.5447061205553,24.2511908982642,0 79.5447085310974,24.2511900396254,0 79.5447108891493,24.2511890661392,0 79.5447258266583,24.2511824615386,0 79.544727150649,24.2511824158837,0 79.544729652642,24.2511822710552,0 79.5447321433529,24.2511820096617,0 79.5447346163258,24.2511816323809,0 79.5447370651509,24.2511811401906,0 79.5447394834806,24.2511805343666,0 79.5447811834939,24.2511690343633,0 79.544783653561,24.2511682874015,0 79.5447860771651,24.2511674219009,0 79.5447884475444,24.2511664402763,0 79.5447907580855,24.2511653452663,0 79.5447930023422,24.2511641399262,0 79.5447951740529,24.2511628276186,0 79.5447972671588,24.2511614120049,0 79.54479927582,24.2511598970347,0 79.5448011944325,24.2511582869346,0 79.5448030176433,24.2511565861969,0 79.5448047403659,24.2511547995665,0 79.5448063577937,24.251152932028,0 79.5448078654143,24.2511509887919,0 79.5448092590214,24.2511489752798,0 79.5448105347269,24.2511468971093,0 79.5448116889717,24.2511447600784,0 79.5448127185353,24.2511425701494,0 79.5448136205454,24.2511403334321,0 79.5448143924854,24.251138056167,0 79.5448150322016,24.2511357447075,0 79.5448155379092,24.2511334055026,0 79.5448159081974,24.2511310450785,0 79.5448161420329,24.2511286700208,0 79.5448162387635,24.2511262869559,0 79.5448162627268,24.2511242500114,0 79.5448213107875,24.2511235745663,0 79.5448237814834,24.2511231848478,0 79.5448262273438,24.2511226803413,0 79.5448286420288,24.2511220623545,0 79.5448310192796,24.2511213324892,0 79.544833352934,24.2511204926372,0 79.5448356369433,24.2511195449755,0 79.5448378653872,24.2511184919605,0 79.5448400324894,24.2511173363216,0 79.5448421326329,24.2511160810542,0 79.5448441603737,24.2511147294122,0 79.5448461104562,24.2511132848989,0 79.5448479778254,24.2511117512587,0 79.5448497576412,24.2511101324668,0 79.5448514452902,24.2511084327191,0 79.544883189764,24.2510747781111,0 79.5448951861282,24.2510661984314,0 79.5448976514899,24.2510643135647,0 79.5448999776698,24.2510622854277,0 79.5449172776701,24.2510461854238,0 79.5449190247493,24.2510444727519,0 79.5449206724805,24.2510426792176,0 79.5449222164181,24.2510408096597,0 79.544923652397,24.251038869122,0 79.544924976543,24.2510368628399,0 79.5449261852838,24.2510347962259,0 79.5449272753584,24.2510326748555,0 79.5449282438258,24.2510305044519,0 79.5449290880734,24.2510282908705,0 79.5449298058234,24.2510260400832,0 79.5449303951395,24.2510237581625,0 79.5449308544319,24.2510214512645,0 79.5449311824612,24.251019125613,0 79.5449313783428,24.2510167874823,0 79.5449314415479,24.2510144431803,0 79.5449313719063,24.2510120990316,0 79.5449311696057,24.2510097613604,0 79.5449309411665,24.2510081732227,0 79.5449321948834,24.2510084010055,0 79.5449347440558,24.2510087382803,0 79.5449373089753,24.2510089528862,0 79.5449398826249,24.2510090442362,0 79.5449424579635,24.2510090120803,0 79.5449450279454,24.2510088565064,0 79.5449475855398,24.2510085779403,0 79.5449501237495,24.2510081771441,0 79.5449526356306,24.2510076552141,0 79.5449551143108,24.2510070135784,0 79.5449575530091,24.2510062539922,0 79.5449599450536,24.2510053785338,0 79.5449622839003,24.2510043895982,0 79.5449645631503,24.2510032898909,0 79.5449667765682,24.2510020824205,0 79.5449689180985,24.2510007704904,0 79.5449709818824,24.2509993576898,0 79.5449729622736,24.2509978478838,0 79.5449748538544,24.250996245203,0 79.5449766514497,24.2509945540321,0 79.5449783501415,24.2509927789977,0 79.5449799452827,24.2509909249559,0 79.5449814325092,24.2509889969792,0 79.5449828077522,24.250987000342,0 79.5449840672495,24.2509849405068,0 79.5449852075551,24.2509828231088,0 79.5449862255496,24.2509806539409,0 79.5449871184478,24.2509784389375,0 79.544987883807,24.2509761841585,0 79.5449885195333,24.2509738957723,0 79.5449890238874,24.2509715800398,0 79.5449893954897,24.2509692432961,0 79.5449896333234,24.2509668919342,0 79.5449897367379,24.2509645323871,0 79.5449897054502,24.2509621711098,0 79.5449895395461,24.2509598145625,0 79.5449892394793,24.2509574691921,0 79.5449888060708,24.2509551414152,0 79.5449879425604,24.2509511378753,0 79.544994374231,24.2509503311527,0 79.5449969400614,24.2509499457992,0 79.5449994801305,24.2509494368099,0 79.5450019873567,24.2509488056039,0 79.5450044547497,24.2509480539409,0 79.5450068754307,24.2509471839166,0 79.5450092426506,24.2509461979566,0 79.5450115498097,24.2509450988098,0 79.5450137904757,24.2509438895406,0 79.5450159584015,24.2509425735204,0 79.5450180475431,24.2509411544182,0 79.5450200520759,24.2509396361906,0 79.5450219664112,24.2509380230703,0 79.545023785212,24.2509363195548,0 79.5450255034074,24.2509345303933,0 79.5450271162071,24.2509326605741,0 79.5450286191147,24.2509307153102,0 79.54503000794,24.250928700025,0 79.545031278811,24.2509266203371,0 79.5450324281845,24.2509244820446,0 79.5450334528561,24.2509222911092,0 79.5450343499691,24.2509200536391,0 79.5450351170222,24.2509177758724,0 79.5450357518771,24.2509154641594,0 79.5450362527635,24.2509131249453,0 79.5450366182852,24.2509107647516,0 79.5450368474231,24.2509083901588,0 79.5450369395383,24.2509060077869,0 79.5450368943741,24.2509036242783,0 79.5450367120563,24.2509012462779,0 79.5450363930932,24.2508988804157,0 79.5450359383742,24.2508965332876,0 79.545035349167,24.2508942114375,0 79.5450346271143,24.2508919213387,0 79.5450337742292,24.2508896693759,0 79.5450327928895,24.2508874618275,0 79.5450316858313,24.2508853048483,0 79.5450304561409,24.2508832044518,0 79.5450291072468,24.2508811664939,0 79.5450276429096,24.2508791966565,0 79.545026067212,24.2508773004314,0 79.5450243845469,24.2508754831053,0 79.5450225996057,24.2508737497449,0 79.5450207173647,24.2508721051827,0 79.5450187430716,24.2508705540038,0 79.5450166822308,24.2508691005329,0 79.5450145405877,24.2508677488222,0 79.5450123241134,24.2508665026403,0 79.5450100389872,24.2508653654615,0 79.5450076915803,24.2508643404563,0 79.5449721972645,24.2508498830179,0 79.5449586857003,24.2508402377173,0 79.5449559863284,24.2508262645251,0 79.5449562749238,24.2508255793783,0 79.5449570630554,24.2508233784938,0 79.5449577270261,24.2508211434424,0 79.5449582650882,24.2508188801079,0 79.544958675825,24.2508165944489,0 79.5449589581553,24.2508142924825,0 79.5449591113358,24.2508119802688,0 79.5449591349632,24.2508096638949,0 79.5449590289755,24.2508073494589,0 79.5449587936516,24.2508050430537,0 79.544958429611,24.2508027507512,0 79.5449563296068,24.2507915507517,0 79.544955807163,24.2507891546677,0 79.5449551440963,24.2507867880087,0 79.5449543423489,24.2507844577069,0 79.5449537358671,24.2507829790521,0 79.5449561145285,24.2507821818761,0 79.544958495156,24.2507812513114,0 79.5449608191723,24.2507802073562,0 79.5449630801583,24.250779052894,0 79.5449652718686,24.2507777911136,0 79.5449673882494,24.2507764255002,0 79.5449694234549,24.250774959826,0 79.5449713718636,24.2507733981393,0 79.5449732280935,24.2507717447537,0 79.5449749870174,24.2507700042363,0 79.544976643777,24.2507681813946,0 79.544978193796,24.2507662812637,0 79.5449796327929,24.2507643090919,0 79.5449809567931,24.2507622703268,0 79.5449821621393,24.2507601705998,0 79.5449832455024,24.2507580157107,0 79.5449842038897,24.2507558116116,0 79.5449850346542,24.2507535643907,0 79.544985735501,24.2507512802551,0 79.5449863044944,24.250748965514,0 79.5449867400628,24.2507466265611,0 79.5449870410029,24.250744269857,0 79.5449872064836,24.2507419019113,0 79.5449872360477,24.2507395292646,0 79.5449871296137,24.2507371584707,0 79.5449868874755,24.2507347960779,0 79.544986510302,24.2507324486118,0 79.544985999135,24.2507301225563,0 79.5449853553864,24.2507278243364,0 79.5449845808343,24.2507255603001,0 79.5449836776183,24.2507233367012,0 79.5449826482331,24.2507211596815,0 79.5449814955221,24.2507190352543,0 79.5449802535439,24.2507170194003,0 79.5449821429672,24.2507171222172,0 79.5449846661513,24.2507171408022,0 79.5449871870611,24.2507170408558,0 79.5449896990771,24.2507168226405,0 79.5449921956032,24.2507164867293,0 79.544994670084,24.2507160340042,0 79.5449971160219,24.250715465654,0 79.5449995269945,24.250714783171,0 79.5450018966708,24.2507139883474,0 79.5450042188287,24.2507130832703,0 79.5450334188365,24.2507008832667,0 79.545035772472,24.2506998297139,0 79.5450380616799,24.2506986629096,0 79.5450402799837,24.2506973861548,0 79.5450424211072,24.2506960030618,0 79.5450444789928,24.2506945175437,0 79.5450464478185,24.2506929338031,0 79.5450483220141,24.2506912563209,0 79.545050096277,24.2506894898428,0 79.5450517655877,24.2506876393667,0 79.5450533252232,24.2506857101279,0 79.5450547707711,24.2506837075845,0 79.5450579707703,24.2506790075836,0 79.5450592118731,24.2506770799184,0 79.5450603472407,24.2506750982205,0 79.5450613740821,24.2506730673615,0 79.5450622898729,24.2506709923336,0 79.545063092362,24.250668878238,0 79.5450637795765,24.2506667302716,0 79.5450643498273,24.2506645537148,0 79.5450648017123,24.2506623539182,0 79.5450654467198,24.2506587210012,0 79.5450658501404,24.2506585403842,0 79.5450680902115,24.2506574015751,0 79.5450702626657,24.2506561575087,0 79.5450723616248,24.2506548115509,0 79.5450743814097,24.2506533673437,0 79.5450763165554,24.2506518287947,0 79.5450781618257,24.2506502000668,0 79.545079912228,24.250648485567,0 79.5450815630261,24.2506466899341,0 79.5450831097534,24.2506448180267,0 79.5450845482248,24.2506428749097,0 79.5450858745482,24.2506408658407,0 79.5450870851351,24.2506387962556,0 79.5450881767097,24.2506366717543,0 79.5450891463186,24.250634498085,0 79.5450899913384,24.2506322811292,0 79.5450907094826,24.2506300268853,0 79.5450912988082,24.2506277414527,0 79.5450917577205,24.2506254310152,0 79.5450918335332,24.2506248914329,0 79.5450922154499,24.2506251636542,0</coordinates></LinearRing></innerBoundaryIs><innerBoundaryIs><LinearRing><coordinates>79.5449155038994,24.2506111785512,0 79.5449174874615,24.2506145543716,0 79.5449167112022,24.2506153637597,0 79.5449088463017,24.2506240508986,0 79.5449155038994,24.2506111785512,0</coordinates></LinearRing></innerBoundaryIs><innerBoundaryIs><LinearRing><coordinates>79.5452175692033,24.2509108627639,0 79.545219851769,24.2509097986594,0 79.5452220709152,24.2509086271998,0 79.5452242206407,24.2509073515529,0 79.5452262951322,24.2509059751684,0 79.5452282887796,24.2509045017685,0 79.5452301961917,24.2509029353376,0 79.5452320122104,24.2509012801116,0 79.5452337319246,24.2508995405668,0 79.5452353506839,24.2508977214073,0 79.5452368641107,24.2508958275526,0 79.5452382681124,24.2508938641241,0 79.545239558892,24.2508918364314,0 79.5452407329592,24.250889749958,0 79.545241676804,24.250887834287,0 79.5452419282212,24.250889648157,0 79.5452423795037,24.2508919463056,0 79.5452429597801,24.250894219987,0 79.5452436674983,24.250896463119,0 79.5452542439973,24.2509270035794,0 79.5452424487446,24.2509235943201,0 79.5452205717724,24.2509136502426,0 79.5452183624818,24.2509127077192,0 79.5452161050415,24.2509118665578,0 79.5452155464349,24.2509116873861,0 79.5452175692033,24.2509108627639,0</coordinates></LinearRing></innerBoundaryIs><innerBoundaryIs><LinearRing><coordinates>79.5454845651738,24.2511908809262,0 79.545484379338,24.2511893335045,0 79.54551277044,24.2511944122647,0 79.5455153327069,24.2511948065892,0 79.5455165148247,24.2511949301719,0 79.5455164971484,24.2511950588968,0 79.545516308393,24.2511974646892,0 79.5455162600405,24.2511998762908,0 79.5455164219043,24.2512176820603,0 79.5455101924123,24.2512253379282,0 79.5455002272725,24.2512142531133,0 79.5454928874962,24.2512033644394,0 79.5454914784186,24.2512013912297,0 79.5454899588744,24.2511994881799,0 79.5454883330105,24.2511976604834,0 79.5454866052639,24.2511959131282,0 79.5454848861295,24.2511943472337,0 79.5454845651738,24.2511908809262,0</coordinates></LinearRing></innerBoundaryIs><innerBoundaryIs><LinearRing><coordinates>79.5456183756389,24.2509710086408,0 79.5456206357869,24.2509712092296,0 79.5456209875008,24.2509723208447,0 79.5456218443604,24.2509745758377,0 79.5456228300604,24.2509767861385,0 79.5456239418433,24.2509789455636,0 79.5456251765989,24.2509810480721,0 79.545626530873,24.2509830877823,0 79.5456280008771,24.2509850589881,0 79.5456295824987,24.2509869561751,0 79.5456312713134,24.2509887740358,0 79.5456330625967,24.2509905074849,0 79.5456349513375,24.250992151673,0 79.545636932252,24.2509937020004,0 79.5456389997986,24.2509951541303,0 79.5456411481934,24.2509965040001,0 79.5456433714264,24.2509977478338,0 79.5456456632779,24.2509988821516,0 79.5456725968702,24.2510113807507,0 79.5456726573157,24.2510128602253,0 79.5456728853519,24.2510151940451,0 79.5456732451446,24.2510175138742,0 79.5456737357247,24.251019813464,0 79.5456743557707,24.2510220866203,0 79.5456751036126,24.25102432722,0 79.5456759772359,24.251026529228,0 79.5456769742874,24.2510286867129,0 79.5456780920815,24.2510307938632,0 79.5456793276073,24.2510328450032,0 79.5456812064795,24.2510357814464,0 79.5456795704118,24.2510370258343,0 79.5456776585166,24.2510386437207,0 79.5456758424921,24.2510403519358,0 79.5456744340753,24.2510418249734,0 79.5456739150748,24.2510399949839,0 79.5456731340657,24.2510377354614,0 79.5456722247953,24.2510355166343,0 79.5456711897699,24.2510333446182,0 79.5456700318421,24.2510312253999,0 79.5456687542037,24.2510291648206,0 79.5456673603762,24.2510271685598,0 79.5456658542013,24.2510252421198,0 79.5456642398306,24.2510233908104,0 79.5456625217137,24.2510216197344,0 79.5456607045862,24.2510199337733,0 79.5456587934566,24.2510183375742,0 79.5456567935927,24.2510168355365,0 79.5456547105065,24.2510154318005,0 79.5456525499397,24.2510141302351,0 79.5456503178474,24.2510129344278,0 79.5456480203819,24.2510118476747,0 79.5456456638757,24.2510108729712,0 79.5456432548241,24.2510100130038,0 79.5456407998669,24.2510092701428,0 79.5456383057708,24.2510086464357,0 79.5456178057773,24.2510040464376,0 79.5456154971494,24.2510035819474,0 79.5456141443987,24.2510033715794,0 79.545617235035,24.2509725308514,0 79.5456173527032,24.2509708680399,0 79.5456183756389,24.2509710086408,0</coordinates></LinearRing></innerBoundaryIs><innerBoundaryIs><LinearRing><coordinates>79.5436616989295,24.2520451461948,0 79.5436643099392,24.2520452433241,0 79.5436669228923,24.2520452133216,0 79.5436695304301,24.2520450562718,0 79.5436721252094,24.2520447726168,0 79.5436746999228,24.2520443631557,0 79.5436772473195,24.2520438290414,0 79.5436797602254,24.2520431717781,0 79.5436822315638,24.2520423932169,0 79.543684654375,24.2520414955503,0 79.5436870218359,24.2520404813062,0 79.54368855763,24.2520397299009,0 79.5436876955355,24.2520520094294,0 79.5436869918317,24.2520520310474,0 79.5436844800089,24.2520522265601,0 79.5436819823906,24.2520525396751,0 79.5436795055223,24.2520529695716,0 79.5436789358031,24.2520530964526,0 79.5436600806162,24.2520450068704,0 79.5436616989295,24.2520451461948,0</coordinates></LinearRing></innerBoundaryIs><innerBoundaryIs><LinearRing><coordinates>79.5437966103539,24.2518603110534,0 79.5437928077604,24.2518649429666,0 79.5437803064322,24.2518499638998,0 79.5437786891644,24.2518481276129,0 79.5437780306395,24.2518474550874,0 79.5437966103539,24.2518603110534,0</coordinates></LinearRing></innerBoundaryIs></Polygon>
  </Placemark>
  
    </Document>
</kml>