<?xml version="1.0" encoding="UTF-8"?>
<kml xmlns="http://www.opengis.net/kml/2.2">
    <Document>
        <Placemark xmlns:ns0="http://www.opengis.net/kml/2.2">
	<Style><LineStyle><color>ff0000ff</color></LineStyle><PolyStyle><fill>0</fill></PolyStyle></Style>
	<ExtendedData><SchemaData schemaUrl="#Wave23_v27MAR2025">
		<SimpleData name="area(ha)">7.977194775618884</SimpleData>
		<SimpleData name="site_id">230005_1.1</SimpleData>
		<SimpleData name="Land_parc">230005</SimpleData>
		<SimpleData name="district">Chhatarpur</SimpleData>
		<SimpleData name="block">Bijawar</SimpleData>
		<SimpleData name="village">Pagara</SimpleData>
		<SimpleData name="Land Type">Community</SimpleData>
		<SimpleData name="Instance">Wave 2023</SimpleData>
	</SchemaData></ExtendedData>
      <Polygon><outerBoundaryIs><LinearRing><coordinates>79.4767278839699,24.7603181095176,0 79.4767253279086,24.7603185414777,0 79.476722800245,24.7603190955164,0 79.4767203079671,24.7603197701022,0 79.4767178579648,24.76032056337,0 79.4767154570113,24.7603214731269,0 79.4767131117442,24.7603224968578,0 79.4767108286471,24.7603236317324,0 79.4767086140317,24.7603248746135,0 79.4767064740205,24.760326222065,0 79.4767044145296,24.7603276703617,0 79.4767024412527,24.7603292154998,0 79.4767005596449,24.7603308532077,0 79.476698774908,24.7603325789578,0 79.4766970919761,24.7603343879792,0 79.4766955155017,24.7603362752708,0 79.4766940498432,24.760338235615,0 79.4766926990523,24.7603402635924,0 79.4766914668634,24.7603423535965,0 79.476690356683,24.7603444998494,0 79.4766893715802,24.7603466964177,0 79.4766885142784,24.7603489372287,0 79.4766877871477,24.7603512160877,0 79.4766871921983,24.7603535266947,0 79.476686731075,24.7603558626618,0 79.4766864050525,24.7603582175311,0 79.4766862150322,24.7603605847925,0 79.4766861615394,24.7603629579015,0 79.4766862447221,24.7603653302976,0 79.4766864643501,24.7603676954221,0 79.4766868198165,24.7603700467364,0 79.4766873101384,24.7603723777403,0 79.4766879339604,24.7603746819896,0 79.4766886895579,24.760376953114,0 79.476689574842,24.7603791848349,0 79.4766905873652,24.7603813709826,0 79.4766917243285,24.7603835055133,0 79.4766929825886,24.760385582526,0 79.476694358667,24.7603875962787,0 79.4766958487594,24.7603895412042,0 79.4766974487465,24.7603914119256,0 79.4766991542049,24.7603932032714,0 79.4767009604199,24.7603949102892,0 79.4767028623979,24.7603965282597,0 79.476704854881,24.7603980527102,0 79.4767069323608,24.760399479426,0 79.476709089094,24.7604008044631,0 79.4767113191181,24.7604020241582,0 79.4767136162681,24.7604031351394,0 79.4767159741935,24.7604041343354,0 79.4767183863756,24.7604050189838,0 79.4767208461458,24.7604057866389,0 79.4767233467038,24.7604064351786,0 79.4767258811368,24.7604069628099,0 79.4767284424382,24.7604073680741,0 79.4767310235272,24.7604076498509,0 79.476733617268,24.7604078073612,0 79.4767718172817,24.7604092073623,0 79.4767749181233,24.7604092321335,0 79.4767752658704,24.760409214975,0 79.4767749694754,24.7604105833358,0 79.4767746048766,24.7604128825551,0 79.4767743702997,24.7604151958569,0 79.476774266366,24.7604175171148,0 79.4767728663326,24.7605020171127,0 79.4767728942737,24.7605043640304,0 79.4767730557607,24.76050670645,0 79.476773350357,24.7605090380402,0 79.4767737772664,24.7605113524983,0 79.4767743353349,24.7605136435684,0 79.476775023054,24.7605159050575,0 79.4767758385649,24.7605181308528,0 79.476776779663,24.7605203149378,0 79.4767778438047,24.7605224514089,0 79.4767790281135,24.7605245344911,0 79.4767803293882,24.7605265585538,0 79.4767817441113,24.7605285181257,0 79.4767832684588,24.76053040791,0 79.4767848983104,24.7605322227987,0 79.4767866292605,24.760533957886,0 79.4767884566302,24.7605356084818,0 79.4767903754801,24.7605371701245,0 79.4767923806235,24.760538638593,0 79.4767944666403,24.7605400099178,0 79.476796627892,24.7605412803923,0 79.4767988585366,24.7605424465822,0 79.4768011525445,24.7605435053354,0 79.4768035037151,24.7605444537899,0 79.4768059056928,24.7605452893821,0 79.4768083519851,24.7605460098532,0 79.4768299519918,24.7605518098555,0 79.4768324945223,24.7605524259647,0 79.476835069342,24.7605529177184,0 79.4768376691616,24.7605532837243,0 79.4768402866209,24.7605535229464,0 79.4768429143098,24.7605536347074,0 79.4768455447892,24.7605536186908,0 79.4768784448011,24.760552618691,0 79.4768810259555,24.7605524784595,0 79.4768835955504,24.7605522151948,0 79.4768861465569,24.7605518296172,0 79.476888671997,24.7605513227813,0 79.4768911649627,24.7605506960735,0 79.4768936186347,24.7605499512081,0 79.4768960263013,24.7605490902226,0 79.4768983813768,24.760548115472,0 79.4769006774189,24.7605470296228,0 79.4769029081473,24.7605458356451,0 79.4769050674599,24.7605445368048,0 79.4769071494502,24.760543136655,0 79.4769091484234,24.7605416390253,0 79.4769251680397,24.760528982837,0 79.4769331195391,24.7605328888367,0 79.4769329342141,24.7605344206899,0 79.4769327850303,24.7605367826951,0 79.4769327715742,24.7605391485932,0 79.4769328938826,24.7605415118859,0 79.4769331516198,24.7605438660818,0 79.4769335440777,24.7605462047148,0 79.4769340701785,24.7605485213614,0 79.476934728477,24.7605508096583,0 79.4769350417214,24.7605517047484,0 79.4769050806838,24.7605723921215,0 79.4769030208005,24.7605738949054,0 79.4769010515852,24.7605754958255,0 79.4768991786383,24.7605771903287,0 79.4768974072869,24.7605789735958,0 79.4768957425689,24.7605808405547,0 79.4768941892189,24.7605827858958,0 79.4768927516548,24.7605848040863,0 79.4768914339653,24.7605868893861,0 79.4768902398979,24.7605890358645,0 79.4768891728487,24.7605912374167,0 79.4768882358526,24.7605934877812,0 79.4768662358345,24.7606508877736,0 79.4768654515986,24.7606531178585,0 79.4768647950916,24.7606553820833,0 79.4768642680806,24.7606576743526,0 79.4768638719845,24.7606599884957,0 79.4768636078695,24.7606623182832,0 79.4768634764466,24.7606646574433,0 79.4768634780695,24.7606669996792,0 79.476863612734,24.7606693386856,0 79.4768638800775,24.760671668166,0 79.4768642793804,24.7606739818497,0 79.4768648095677,24.7606762735082,0 79.4768654692123,24.7606785369725,0 79.4768662565383,24.7606807661495,0 79.4768671694264,24.7606829550384,0 79.4768682054191,24.7606850977467,0 79.4768693617276,24.7606871885064,0 79.4768706352391,24.7606892216892,0 79.4768720225255,24.7606911918219,0 79.4768735198521,24.7606930936011,0 79.4768751231884,24.7606949219072,0 79.4768768282181,24.7606966718184,0 79.4768786303514,24.7606983386242,0 79.4768805247371,24.7606999178375,0 79.4768825062756,24.7607014052071,0 79.4768845696326,24.7607027967292,0 79.4768867092537,24.7607040886578,0 79.4768889193792,24.7607052775152,0 79.4768911940594,24.7607063601008,0 79.4768935271711,24.7607073335006,0 79.4768959124335,24.760708195094,0 79.4768983434258,24.7607089425619,0 79.4769008136037,24.7607095738919,0 79.4769033163176,24.7607100873846,0 79.4769058448304,24.7607104816578,0 79.4769083923355,24.7607107556499,0 79.4769109519749,24.7607109086235,0 79.4769135168584,24.7607109401668,0 79.4769160800813,24.7607108501948,0 79.4769186347436,24.7607106389497,0 79.4769211739682,24.7607103070003,0 79.4769236909196,24.76070985524,0 79.4769261788224,24.760709284885,0 79.4769286309791,24.7607085974708,0 79.4769310407888,24.7607077948477,0 79.4769334017642,24.7607068791764,0 79.4769357075499,24.7607058529218,0 79.4769379519386,24.7607047188467,0 79.4769401288886,24.7607034800038,0 79.4769422325396,24.760702139728,0 79.4769442572288,24.7607007016274,0 79.4769461975056,24.7606991695732,0 79.4769480481471,24.7606975476897,0 79.4769481761502,24.7606974295329,0 79.477003067547,24.7606787652378,0 79.4770175043769,24.7606881612748,0 79.4770196450309,24.7606894789132,0 79.4770218580919,24.7606906927224,0 79.4770241375256,24.7606917993929,0 79.4770264771168,24.760692795907,0 79.477028870486,24.7606936795475,0 79.4770313111074,24.760694447905,0 79.4770337923262,24.7606950988846,0 79.4770363073767,24.7606956307111,0 79.4770388494014,24.7606960419344,0 79.4770414114688,24.7606963314333,0 79.4770439865931,24.7606964984184,0 79.4770465677526,24.7606965424343,0 79.4770491479094,24.7606964633611,0 79.4770517200282,24.7606962614143,0 79.4770542770955,24.7606959371446,0 79.4770568121392,24.7606954914362,0 79.4770593182469,24.7606949255045,0 79.4770617885853,24.7606942408924,0 79.4770642164185,24.7606934394667,0 79.4770653163255,24.7606930158863,0 79.4770655529979,24.760695176466,0 79.4770659491536,24.7606975307076,0 79.4770664807448,24.7606998625931,0 79.4770669394143,24.7607014497587,0 79.4770658892425,24.7607024642331,0 79.4770642025353,24.7607042758707,0 79.4770626226354,24.7607061660909,0 79.4770611539261,24.7607081296493,0 79.4770598004823,24.7607101610983,0 79.4770585660589,24.7607122548018,0 79.4770574540807,24.760714404951,0 79.4770564676328,24.7607166055807,0 79.477055609452,24.7607188505853,0 79.4770548819192,24.7607211337363,0 79.4770542870529,24.7607234486993,0 79.4770538265036,24.7607257890517,0 79.4770535015489,24.7607281483005,0 79.4770533130904,24.7607305199001,0 79.4770532616511,24.7607328972707,0 79.4770533473736,24.7607352738166,0 79.4770535700201,24.7607376429443,0 79.4770539289729,24.7607399980809,0 79.4770544232361,24.7607423326922,0 79.4770550514384,24.7607446403012,0 79.4770558118371,24.7607469145055,0 79.4770567023223,24.7607491489957,0 79.4770577204237,24.7607513375723,0 79.4770588633165,24.7607534741634,0 79.4770601278299,24.7607555528413,0 79.4770615104557,24.7607575678387,0 79.4770630073578,24.7607595135653,0 79.4770646143834,24.7607613846229,0 79.4770663270738,24.7607631758203,0 79.4770681406774,24.7607648821882,0 79.4770700501625,24.7607664989923,0 79.4770720502314,24.760768021747,0 79.4770741353352,24.7607694462276,0 79.4770762996889,24.7607707684818,0 79.4770785372877,24.7607719848414,0 79.4770808419236,24.7607730919316,0 79.4770832072027,24.7607740866809,0 79.4770856265627,24.7607749663294,0 79.4770880932913,24.7607757284367,0 79.4770892344544,24.7607760208452,0 79.4770892933697,24.7607762164346,0 79.4770901170759,24.7607784770586,0 79.477091070247,24.7607806948543,0 79.4770921502281,24.7607828636446,0 79.4770933540114,24.760784977389,0 79.4770946782439,24.7607870302002,0 79.4770948714426,24.7607872964914,0 79.4770944253906,24.7607881866232,0 79.4770934815171,24.7607903614596,0 79.4770926622957,24.7607925780232,0 79.4770919699264,24.7607948303617,0 79.4770914062685,24.7607971124265,0 79.4770909728357,24.7607994180896,0 79.4770906707919,24.7608017411592,0 79.4770883707831,24.760824441158,0 79.4770882010403,24.7608267731184,0 79.4770881636952,24.7608291099752,0 79.4770882588479,24.7608314454652,0 79.4770884862433,24.7608337733289,0 79.4770888452721,24.7608360873271,0 79.477089334972,24.7608383812581,0 79.4770899540305,24.7608406489737,0 79.4770907007885,24.7608428843959,0 79.4770915732444,24.7608450815335,0 79.47709256906,24.7608472344978,0 79.4770936855663,24.7608493375184,0 79.4770949197709,24.7608513849589,0 79.4771022172794,24.7608627821978,0 79.4771127366395,24.7608854506997,0 79.4771124441118,24.7608878131038,0 79.4771122881627,24.7608901904735,0 79.47711226974,24.7608925720446,0 79.4771123888948,24.7608949511886,0 79.4771126452956,24.7608973212836,0 79.4771130382287,24.7608996757332,0 79.4771135666005,24.7609020079843,0 79.4771142289405,24.7609043115454,0 79.477115023405,24.7609065800053,0 79.4771159477831,24.7609088070502,0 79.4771169995017,24.7609109864816,0 79.4771181756339,24.7609131122336,0 79.477119472906,24.7609151783897,0 79.4771208877075,24.7609171791992,0 79.4771224161004,24.7609191090933,0 79.4771240538311,24.7609209627005,0 79.4771257963411,24.7609227348619,0 79.4771276387806,24.760924420645,0 79.4771295760217,24.7609260153577,0 79.4771316026725,24.7609275145617,0 79.4771337130921,24.7609289140842,0 79.4771359014069,24.7609302100299,0 79.4771381615262,24.760931398792,0 79.4771404871593,24.7609324770617,0 79.4771428718335,24.760933441838,0 79.4771453089115,24.7609342904355,0 79.4771477916104,24.7609350204925,0 79.47715031302,24.760935629977,0 79.4771528661227,24.7609361171926,0 79.4771554438125,24.7609364807832,0 79.4771580389149,24.760936719737,0 79.4771606442071,24.7609368333888,0 79.4771632524379,24.7609368214223,0 79.4771658563478,24.7609366838708,0 79.4771684486895,24.7609364211172,0 79.4771710222478,24.7609360338928,0 79.4771735698597,24.7609355232752,0 79.4771760844346,24.7609348906858,0 79.4771785589738,24.7609341378851,0 79.4771809865899,24.7609332669684,0 79.4771833605263,24.7609322803598,0 79.4772206605361,24.7609156803549,0 79.4772229062528,24.7609146151297,0 79.477225089333,24.7609134463715,0 79.4772272040569,24.7609121771425,0 79.4772292448837,24.7609108107682,0 79.4772312064663,24.7609093508287,0 79.4772330836652,24.7609078011492,0 79.4772348715619,24.7609061657898,0 79.4772365654721,24.7609044490355,0 79.4772381609575,24.7609026553842,0 79.4772396538378,24.7609007895354,0 79.4772410402015,24.760898856378,0 79.4772423164163,24.7608968609768,0 79.4772434791385,24.76089480856,0 79.4772445253214,24.7608927045051,0 79.4772454522241,24.760890554325,0 79.4772462574181,24.7608883636532,0 79.4772469387936,24.7608861382296,0 79.4772474945653,24.7608838838849,0 79.4772479232772,24.7608816065257,0 79.477248223806,24.7608793121188,0 79.4772483953642,24.7608770066759,0 79.4772486201855,24.7608721504942,0 79.4772497955905,24.760872292861,0 79.4772523988741,24.7608724811623,0 79.477255009415,24.760872543685,0 79.4772576199296,24.7608724802545,0 79.4772602231345,24.7608722910478,0 79.4772628117665,24.7608719765929,0 79.4772653786033,24.760871537767,0 79.4772679164833,24.7608709757945,0 79.4772704183256,24.7608702922433,0 79.4772728771499,24.7608694890207,0 79.4772752860961,24.7608685683675,0 79.4772776384431,24.7608675328525,0 79.4772799276276,24.7608663853649,0 79.4772821472627,24.7608651291061,0 79.4772842911556,24.7608637675813,0 79.4772863533246,24.760862304589,0 79.4772877839991,24.7608611740871,0 79.4772878448697,24.7608611785379,0 79.4772904319167,24.7608612436437,0 79.4772930191502,24.7608611850444,0 79.4772955994806,24.7608610029006,0 79.4772981658372,24.7608606977115,0 79.4773007111874,24.7608602703133,0 79.4773032285563,24.7608597218772,0 79.4773057110458,24.7608590539061,0 79.477308151853,24.7608582682303,0 79.4773105442897,24.760857367003,0 79.4773128817999,24.7608563526935,0 79.4773151579783,24.7608552280814,0 79.4773173665875,24.7608539962485,0 79.4773195015754,24.7608526605702,0 79.4773215570915,24.7608512247067,0 79.4773235275033,24.7608496925926,0 79.4773254074113,24.7608480684262,0 79.4773271916641,24.7608463566583,0 79.4773288753723,24.7608445619794,0 79.4773304539223,24.7608426893075,0 79.4773319229883,24.7608407437742,0 79.4773332785448,24.7608387307107,0 79.4773345168771,24.7608366556333,0 79.4773356345921,24.7608345242283,0 79.4773366286268,24.7608323423362,0 79.4773374962573,24.7608301159361,0 79.4773382351061,24.7608278511287,0 79.4773388431486,24.7608255541203,0 79.4773393187186,24.7608232312052,0 79.4773396605129,24.7608208887488,0 79.477339867595,24.7608185331701,0 79.477341067587,24.7607982331693,0 79.4773411394497,24.7607958067833,0 79.4773411225804,24.7607952308065,0 79.4773424962697,24.7607942600569,0 79.4773442073822,24.7607951722642,0 79.4773465252676,24.7607962626015,0 79.4773489028828,24.7607972398401,0 79.4773513336145,24.7607981012618,0 79.4773538107021,24.7607988444708,0 79.4773563272558,24.7607994673999,0 79.477358876276,24.7607999683165,0 79.4773614506728,24.7608003458273,0 79.477364043286,24.7608005988823,0 79.4773666469044,24.7608007267776,0 79.4773826469101,24.760801126778,0 79.4773851625334,24.7608011312063,0 79.4773876751468,24.7608010187862,0 79.477390178245,24.7608007898088,0 79.4773926653472,24.760800444867,0 79.477395130014,24.7607999848538,0 79.4773975658644,24.7607994109602,0 79.4773999665915,24.7607987246722,0 79.4774023259799,24.7607979277664,0 79.4774046379208,24.7607970223064,0 79.4774068964284,24.7607960106362,0 79.4774090956553,24.7607948953753,0 79.4774093630728,24.7607947430174,0 79.4774199283426,24.7608249459365,0 79.4774442839426,24.7609045472661,0 79.4774450621711,24.7609068514278,0 79.4774459740245,24.7609091143607,0 79.4774470169012,24.7609113296087,0 79.477448187826,24.7609134908521,0 79.4774494834585,24.7609155919249,0 79.4774509001022,24.7609176268328,0 79.4774524337156,24.7609195897706,0 79.4774540799234,24.7609214751379,0 79.477455834029,24.7609232775561,0 79.4774576910283,24.7609249918829,0 79.4774596456232,24.7609266132276,0 79.4774616922376,24.7609281369645,0 79.4774638250324,24.7609295587465,0 79.4774660379231,24.7609308745174,0 79.4775909379447,24.7610008745397,0 79.4775928709016,24.7610019036145,0 79.4775984841809,24.7610047386051,0 79.4775995211087,24.7610238354964,0 79.4775997177394,24.7610261995678,0 79.4776000500243,24.7610285509527,0 79.4776005170469,24.7610308831656,0 79.4776011175191,24.7610331897737,0 79.4776018497848,24.7610354644149,0 79.4776027118241,24.7610377008155,0 79.4776037012595,24.7610398928068,0 79.4776048153618,24.7610420343431,0 79.4776060510582,24.7610441195175,0 79.4776074049403,24.7610461425787,0 79.477608873274,24.7610480979467,0 79.4776104520092,24.7610499802282,0 79.4776121367915,24.7610517842315,0 79.477613922974,24.7610535049808,0 79.47761580563,24.76105513773,0 79.4776177795667,24.7610566779756,0 79.4776198393397,24.7610581214693,0 79.4776219792678,24.7610594642297,0 79.4776241934485,24.7610607025532,0 79.4776264757748,24.7610618330242,0 79.4776288199515,24.7610628525246,0 79.4776312195129,24.7610637582426,0 79.4776336678406,24.7610645476799,0 79.4776361581817,24.761065218659,0 79.4776386836671,24.7610657693295,0 79.4776412373313,24.7610661981722,0 79.4776438121306,24.7610665040046,0 79.4776464009632,24.7610666859829,0 79.4776489966887,24.7610667436052,0 79.4776515921475,24.7610666767127,0 79.4776541801808,24.7610664854897,0 79.4776567536504,24.7610661704639,0 79.477659305458,24.761065732504,0 79.4776618285653,24.761065172818,0 79.4776643160131,24.7610644929497,0 79.4776667609406,24.7610636947742,0 79.477669156604,24.7610627804931,0 79.4776714963957,24.7610617526282,0 79.4776737738621,24.7610606140145,0 79.4776759827215,24.7610593677925,0 79.4776781168814,24.7610580173996,0 79.4776801704554,24.7610565665605,0 79.4776821377793,24.7610550192767,0 79.4776840134269,24.761053379816,0 79.4776857922248,24.7610516527004,0 79.4776874692667,24.7610498426936,0 79.477689039927,24.761047954788,0 79.4776904998734,24.7610459941907,0 79.4776918450793,24.7610439663095,0 79.4776930718342,24.7610418767377,0 79.4776941767546,24.7610397312387,0 79.4776951567928,24.7610375357302,0 79.4776960092458,24.7610352962679,0 79.4776967317622,24.7610330190286,0 79.4776973223493,24.7610307102935,0 79.4776977793781,24.7610283764304,0 79.47770099675,24.7610090268433,0 79.4777022869068,24.7610082031501,0 79.4777043390668,24.7610067402622,0 79.4777063040448,24.7610051807605,0 79.4777081763917,24.7610035289698,0 79.4777099509154,24.7610017894704,0 79.4777116226951,24.7609999670861,0 79.4777131870949,24.7609980668704,0 79.4777146397766,24.7609960940928,0 79.4777159767119,24.7609940542238,0 79.4777171941934,24.7609919529201,0 79.4777182888449,24.7609897960087,0 79.477719257631,24.7609875894709,0 79.4777200978651,24.7609853394254,0 79.4777208072172,24.7609830521118,0 79.4777213837204,24.7609807338728,0 79.4777218257759,24.7609783911372,0 79.4777221321579,24.7609760304013,0 79.4777223020168,24.7609736582117,0 79.4777223348815,24.7609712811464,0 79.477722230661,24.7609689057973,0 79.4777219896443,24.7609665387513,0 79.4777216124997,24.7609641865723,0 79.4777211002731,24.7609618557831,0 79.4777204543848,24.7609595528469,0 79.4777196766261,24.76095728415,0 79.4777187691536,24.7609550559835,0 79.4777177344838,24.7609528745263,0 79.477716575486,24.7609507458277,0 79.477715295374,24.7609486757906,0 79.4777138976978,24.7609466701553,0 79.477712386333,24.7609447344836,0 79.4777107654709,24.7609428741431,0 79.4777090396061,24.7609410942927,0 79.4777072135246,24.7609393998679,0 79.4777052922901,24.7609377955676,0 79.4777032812303,24.7609362858404,0 79.4777011859221,24.7609348748729,0 79.4776821863985,24.7609227727318,0 79.4776835829684,24.7609155672243,0 79.4776839705445,24.7609132049266,0 79.4776842207369,24.7609108272167,0 79.4776843328451,24.7609084407515,0 79.4776843065552,24.7609060522124,0 79.4776841419409,24.7609036682867,0 79.477683839463,24.7609012956486,0 79.4776833999684,24.760898940941,0 79.4776828246875,24.7608966107563,0 79.477682115231,24.7608943116183,0 79.4776812735852,24.7608920499641,0 79.4776803021064,24.7608898321256,0 79.4776792035145,24.7608876643121,0 79.4776779808854,24.760885552593,0 79.4776766376419,24.7608835028803,0 79.4776751775448,24.7608815209128,0 79.477673604682,24.7608796122394,0 79.4776719234571,24.7608777822038,0 79.4776701385769,24.7608760359296,0 79.4776682550388,24.7608743783059,0 79.4776662781159,24.7608728139736,0 79.4776642133433,24.7608713473123,0 79.4776620665016,24.7608699824283,0 79.4776598436014,24.7608687231429,0 79.4776575508662,24.7608675729817,0 79.477655194715,24.7608665351648,0 79.4776527817444,24.7608656125979,0 79.47765031871,24.7608648078638,0 79.4776478125075,24.7608641232155,0 79.4776452701538,24.76086356057,0 79.4776426987665,24.7608631215025,0 79.4776401055449,24.7608628072421,0 79.4776374977493,24.7608626186688,0 79.4776348826807,24.7608625563105,0 79.4776322676607,24.7608626203419,0 79.4776296600104,24.7608628105835,0 79.4776270670306,24.7608631265028,0 79.4776244959809,24.7608635672153,0 79.4776219540595,24.7608641314872,0 79.477619448383,24.7608648177386,0 79.4776098656669,24.7608676966677,0 79.4775581909194,24.760791357774,0 79.4775581981305,24.7607913538113,0 79.4775603514702,24.7607900248997,0 79.4775624253523,24.7607885944951,0 79.4775644140452,24.7607870665504,0 79.4775663120529,24.7607854452883,0 79.4775681141302,24.7607837351893,0 79.4775698152969,24.7607819409795,0 79.4775714108515,24.7607800676173,0 79.4775721901124,24.7607790461093,0 79.4775941049932,24.7607988704295,0 79.4775959788858,24.7608004795483,0 79.4775979419007,24.7608019974917,0 79.4775999887235,24.7608034201505,0 79.4776021138134,24.7608047436733,0 79.4776043114173,24.7608059644772,0 79.4776065755861,24.7608070792573,0 79.4776089001903,24.7608080849957,0 79.4776112789369,24.7608089789697,0 79.4776137053863,24.7608097587593,0 79.4776161729696,24.7608104222533,0 79.477618675007,24.7608109676557,0 79.4776212047248,24.7608113934899,0 79.4776237552748,24.7608116986031,0 79.4776263197524,24.7608118821695,0 79.4776288912151,24.7608119436919,0 79.4776314627016,24.760811883004,0 79.4776340272505,24.7608117002699,0 79.4776365779191,24.7608113959843,0 79.4776391078026,24.7608109709711,0 79.477641610052,24.7608104263807,0 79.4776440778935,24.7608097636875,0 79.4776465046462,24.7608089846854,0 79.4776488837407,24.7608080914834,0 79.4776512087362,24.7608070864994,0 79.4776534733388,24.7608059724541,0 79.4776556714178,24.7608047523634,0 79.4776577970227,24.7608034295302,0 79.4776598443992,24.7608020075357,0 79.4776618080047,24.7608004902293,0 79.4776636825236,24.7607988817187,0 79.4776654628811,24.7607971863583,0 79.4776671442576,24.7607954087378,0 79.4776687221015,24.7607935536693,0 79.4776701921412,24.7607916261748,0 79.4776715503971,24.7607896314723,0 79.4776727931923,24.7607875749618,0 79.4776739171623,24.7607854622105,0 79.4776749192645,24.760783298938,0 79.4776757967858,24.7607810910006,0 79.477676547351,24.7607788443753,0 79.4776771689279,24.7607765651443,0 79.4776776598339,24.7607742594776,0 79.4776780187401,24.7607719336171,0 79.4776782446749,24.7607695938592,0 79.4776783370267,24.760767246538,0 79.4776782955454,24.7607648980079,0 79.4776781203433,24.7607625546268,0 79.477672758782,24.7607107264005,0 79.4776730286947,24.7607059129232,0 79.477718742462,24.7606863934165,0 79.4777210571425,24.7606853367911,0 79.4777233081029,24.7606841710204,0 79.4777254891759,24.7606828992986,0 79.4777275943858,24.7606815251099,0 79.4777296179648,24.7606800522193,0 79.4777315543687,24.7606784846623,0 79.477733398292,24.7606768267337,0 79.4777351446828,24.7606750829758,0 79.4777367887563,24.7606732581663,0 79.4777367904343,24.7606732560915,0 79.4777371822522,24.7606753761624,0 79.4777377468146,24.760677685732,0 79.4777384431422,24.7606799651153,0 79.4777392693215,24.7606822080489,0 79.4777402230825,24.7606844083697,0 79.4777413018045,24.7606865600316,0 79.4777425025233,24.7606886571225,0 79.4777438219396,24.7606906938798,0 79.4777452564279,24.7606926647071,0 79.4777468020466,24.7606945641889,0 79.4777484545487,24.7606963871059,0 79.4777502093934,24.760698128449,0 79.4777520617589,24.7606997834335,0 79.4777540065551,24.7607013475117,0 79.4777560384382,24.7607028163859,0 79.477758151825,24.7607041860199,0 79.4777603409084,24.7607054526504,0 79.4777625996733,24.7607066127968,0 79.477764921913,24.7607076632713,0 79.4777673012465,24.7607086011874,0 79.477769731136,24.760709423968,0 79.4777722049045,24.7607101293522,0 79.4777747157546,24.7607107154017,0 79.4777772567872,24.7607111805063,0 79.47777982102,24.7607115233879,0 79.477782401407,24.7607117431043,0 79.4777849908578,24.7607118390518,0 79.4777875822572,24.7607118109667,0 79.4777901684846,24.7607116589264,0 79.4777927424335,24.7607113833484,0 79.4777952970313,24.76071098499,0 79.4777978252584,24.7607104649459,0 79.4778003201679,24.760709824645,0 79.4778027749043,24.7607090658467,0 79.4778051827224,24.7607081906361,0 79.4778075370061,24.760707201418,0 79.4778098312863,24.7607061009107,0 79.4778120592588,24.7607048921379,0 79.4778142148016,24.7607035784213,0 79.4778162919918,24.7607021633707,0 79.4778650883714,24.7606670669216,0 79.4778651081171,24.7606670705232,0 79.4778653400236,24.76066766779,0 79.4778663050554,24.7606698003611,0 79.4778673881632,24.7606718851208,0 79.4778685865173,24.7606739166226,0 79.4778698969869,24.7606758895589,0 79.4778713161483,24.7606777987752,0 79.4778728402937,24.7606796392835,0 79.4778744654412,24.7606814062754,0 79.477876187345,24.7606830951344,0 79.4778780015064,24.7606847014481,0 79.4778799031858,24.7606862210201,0 79.4778818874148,24.7606876498801,0 79.4778839490095,24.7606889842953,0 79.4778860825838,24.7606902207793,0 79.4778882825634,24.7606913561016,0 79.4778905432009,24.7606923872962,0 79.477893332956,24.7606935794995,0 79.4778936951115,24.7606953156312,0 79.4778943188444,24.760697632228,0 79.4778950757271,24.7606999155039,0 79.4778959636461,24.7607021590831,0 79.4778969801219,24.7607043567002,0 79.4778981223159,24.7607065022184,0 79.4778993870386,24.7607085896463,0 79.4779007707583,24.7607106131548,0 79.4779022696108,24.7607125670932,0 79.4779038794107,24.7607144460052,0 79.4779055956625,24.7607162446438,0 79.4779074135737,24.7607179579863,0 79.4779093280678,24.7607195812483,0 79.4779113337983,24.7607211098968,0 79.4779134251645,24.7607225396629,0 79.4779155963261,24.7607238665541,0 79.4779178412201,24.760725086865,0 79.4779201535777,24.7607261971879,0 79.4779225269416,24.7607271944222,0 79.4779249546841,24.7607280757832,0 79.4779274300258,24.7607288388095,0 79.4779299460543,24.7607294813705,0 79.4779324957435,24.7607300016718,0 79.4779350719734,24.7607303982605,0 79.4779675719846,24.7607345982625,0 79.4779704400867,24.7607348912279,0 79.4779733220232,24.760735030883,0 79.4779762079738,24.760735016752,0 79.4779790881043,24.760734848883,0 79.4779978881111,24.7607332488828,0 79.4780004696865,24.7607329664756,0 79.4780030314323,24.7607325605325,0 79.4780055662634,24.7607320321762,0 79.4780080671693,24.7607313828679,0 79.4780105272329,24.7607306144035,0 79.4780129396504,24.7607297289084,0 79.4780152977497,24.7607287288316,0 79.4780175950088,24.7607276169391,0 79.4780198250742,24.7607263963061,0 79.478021981778,24.7607250703085,0 79.4780240591553,24.7607236426138,0 79.4780260514607,24.7607221171705,0 79.478027953184,24.7607204981976,0 79.4780297590655,24.7607187901728,0 79.4780314641105,24.7607169978201,0 79.4780330636034,24.7607151260966,0 79.4780345531204,24.7607131801791,0 79.4780359285419,24.7607111654495,0 79.4780371860638,24.7607090874799,0 79.4780383222081,24.7607069520175,0 79.4780393338326,24.7607047649685,0 79.4780402181394,24.7607025323817,0 79.4780409726826,24.7607002604318,0 79.4780415953756,24.7606979554024,0 79.478042084496,24.7606956236687,0 79.478042438691,24.7606932716797,0 79.4780426569812,24.7606909059403,0 79.4780427387627,24.7606885329936,0 79.4780426838093,24.7606861594025,0 79.4780415170255,24.760663716144,0 79.4780437133932,24.7606589709018,0 79.4780558272927,24.7606960160287,0 79.4780566229096,24.760698237592,0 79.4780575433854,24.7607004185761,0 79.4780585862525,24.7607025531344,0 79.4780597487154,24.7607046355449,0 79.4780610276579,24.7607066602252,0 79.4780624196516,24.7607086217478,0 79.4780639209648,24.7607105148544,0 79.4780655275731,24.7607123344703,0 79.4780672351697,24.7607140757175,0 79.478069039177,24.7607157339284,0 79.478070934759,24.7607173046578,0 79.4780729168342,24.760718783695,0 79.4780749800894,24.7607201670751,0 79.4780771189935,24.7607214510899,0 79.4780793278128,24.7607226322971,0 79.4780816006262,24.7607237075304,0 79.4780839313409,24.7607246739074,0 79.478086313709,24.7607255288375,0 79.478086888224,24.7607257042451,0 79.4783000979369,24.7607683979134,0 79.4782886367331,24.7608542598581,0 79.478294367335,24.7609531311149,0 79.478208408306,24.7610598079089,0 79.4780504585903,24.7611970565762,0 79.4779634250735,24.761224376198,0 79.4779107751683,24.7611111948684,0 79.4777847984246,24.761131940326,0 79.4777834057808,24.7611339224215,0 79.4777821282296,24.761135968133,0 79.4777809692476,24.7611380718937,0 79.4777799319886,24.7611402279786,0 79.4777790192752,24.7611424305205,0 79.4777782335911,24.7611446735259,0 79.4777775770744,24.7611469508909,0 79.4777770515117,24.7611492564184,0 79.4777766583331,24.7611515838343,0 79.4777763986085,24.7611539268054,0 79.4777762730447,24.7611562789557,0 79.4777762819835,24.7611586338846,0 79.4777764254005,24.7611609851836,0 79.4777767029055,24.7611633264544,0 79.4777771137433,24.7611656513259,0 79.4777776567959,24.7611679534713,0 79.4777783305855,24.7611702266262,0 79.4777791332787,24.7611724646047,0 79.477780062691,24.7611746613166,0 79.4777811162935,24.7611768107843,0 79.4777822912189,24.7611789071585,0 79.4779064772168,24.761261452818,0 79.4779416911483,24.7614459072008,0 79.4779430278746,24.7614480095072,0 79.4779444865983,24.7614500430627,0 79.4779460630894,24.7614520019706,0 79.4779477527767,24.7614538805506,0 79.4779495507605,24.7614556733553,0 79.4779514518271,24.7614573751862,0 79.477953450464,24.7614589811083,0 79.4779555408758,24.7614604864649,0 79.4779577170007,24.7614618868911,0 79.4779599725286,24.7614631783257,0 79.4779623009193,24.7614643570242,0 79.4780163540181,24.761490007843,0 79.4781041829834,24.7614936692918,0 79.4781216170958,24.761586808057,0 79.4781234977645,24.7615884488485,0 79.4781254703383,24.7615899970522,0 79.4781275293572,24.7615914483826,0 79.4781296691216,24.7615927988225,0 79.4781318837086,24.7615940446337,0 79.4781341669881,24.7615951823678,0 79.47813651264,24.7615962088754,0 79.4781389141714,24.7615971213153,0 79.4781413649347,24.7615979171617,0 79.4781438581461,24.7615985942116,0 79.4781463869043,24.761599150591,0 79.4781489442096,24.7615995847597,0 79.4781515229832,24.7615998955161,0 79.4781541160871,24.7616000819998,0 79.4781567163433,24.7616001436948,0 79.4781593165543,24.7616000804301,0 79.4781619095226,24.7615998923811,0 79.4781644880707,24.761599580068,0 79.4781670450611,24.7615991443556,0 79.4781695734159,24.7615985864498,0 79.4781720661366,24.7615979078949,0 79.4781745163231,24.7615971105692,0 79.4781769171933,24.7615961966798,0 79.4781792621015,24.7615951687563,0 79.4781815445569,24.7615940296441,0 79.4781837582414,24.7615927824963,0 79.4781858970276,24.7615914307649,0 79.4781879549952,24.7615899781918,0 79.4781899264477,24.7615884287976,0 79.478191805928,24.7615867868712,0 79.4781935882336,24.7615850569574,0 79.4781952684311,24.7615832438448,0 79.4781753521068,24.7615715955621,0 79.4782116317696,24.7614790338126,0 79.4782779920748,24.761441238871,0 79.4783220986453,24.7614298150079,0 79.4783238499587,24.7614280869387,0 79.47832550022,24.7614262778458,0 79.4783270449405,24.7614243926501,0 79.4783284799184,24.7614224364796,0 79.4783298012502,24.7614204146553,0 79.478331005342,24.7614183326767,0 79.4783320889184,24.761416196207,0 79.4783330490319,24.7614140110578,0 79.478333883071,24.7614117831728,0 79.478334588767,24.7614095186121,0 79.4783351642004,24.7614072235355,0 79.4783356078058,24.7614049041861,0 79.4783359183767,24.7614025668725,0 79.4783360950683,24.7614002179526,0 79.4783361373999,24.7613978638157,0 79.4783360452565,24.7613955108653,0 79.4783358188886,24.7613931655016,0 79.4783354589121,24.7613908341044,0 79.478334966306,24.7613885230152,0 79.4783343424105,24.7613862385205,0 79.4783335889224,24.7613839868344,0 79.4783327078915,24.7613817740816,0 79.4783317017141,24.7613796062811,0 79.4783305731273,24.7613774893296,0 79.4783293252008,24.7613754289853,0 79.4783279613293,24.7613734308527,0 79.4783264852226,24.7613715003669,0 79.4783249008958,24.761369642779,0 79.4783232126586,24.7613678631418,0 79.478321425103,24.7613661662962,0 79.4783195430915,24.7613645568577,0 79.4783175717432,24.7613630392041,0 79.4783155164206,24.7613616174638,0 79.4783133827142,24.7613602955039,0 79.4783111764281,24.7613590769203,0 79.4783089035635,24.7613579650277,0 79.4783065703028,24.7613569628506,0 79.4783041829929,24.7613560731149,0 79.4781450135222,24.7614448843543,0 79.4780278943452,24.7613609742171,0 79.478067697045,24.7612744381915,0 79.4783095565899,24.7610855269587,0 79.4783507015738,24.7610981074749,0 79.4783531462054,24.7610987912851,0 79.4783556262834,24.7610993587806,0 79.478358135175,24.7610998084438,0 79.4783606661704,24.7611001390721,0 79.4783632125006,24.7611003497812,0 79.4783657673556,24.7611004400076,0 79.4783683239025,24.7611004095099,0 79.478370875304,24.7611002583698,0 79.4783734147367,24.7610999869915,0 79.4783759354089,24.7610995961006,0 79.4783784305792,24.7610990867428,0 79.4783808935745,24.7610984602801,0 79.4783833178077,24.7610977183881,0 79.4783856967953,24.7610968630508,0 79.4783880241747,24.7610958965559,0 79.4783902937218,24.7610948214881,0 79.4783924993665,24.7610936407226,0 79.4783946352102,24.7610923574174,0 79.4783966955406,24.7610909750046,0 79.4783986748475,24.7610894971812,0 79.4784005678374,24.7610879278998,0 79.4784023694475,24.7610862713571,0 79.4784040748597,24.7610845319836,0 79.4784056795128,24.761082714431,0 79.4784071791155,24.7610808235604,0 79.478408569657,24.7610788644286,0 79.4784098474184,24.7610768422754,0 79.4784110089826,24.7610747625088,0 79.4784120512428,24.7610726306909,0 79.4784129714118,24.7610704525233,0 79.4784137670286,24.7610682338313,0 79.4784144359653,24.7610659805486,0 79.478414976433,24.7610636987015,0 79.4784153869861,24.7610613943926,0 79.4783803263639,24.760963538611,0 79.4783803263639,24.7608984917459,0 79.4784475869042,24.7608455943783,0 79.4784478700505,24.7608432343011,0 79.47844801692,24.7608408638952,0 79.4784480271065,24.7608384897169,0 79.4784479005818,24.7608361183329,0 79.4784476376958,24.7608337563024,0 79.4784472391757,24.7608314101585,0 79.4784467061238,24.7608290863905,0 79.4784460400145,24.7608267914256,0 79.4784452426901,24.7608245316116,0 79.478444316356,24.7608223131989,0 79.4784432635744,24.7608201423234,0 79.4784420872572,24.7608180249897,0 79.478440790658,24.760815967054,0 79.4784395534185,24.7608142224592,0 79.4784411115282,24.7608140473084,0 79.4784436372739,24.7608136410284,0 79.4784461365481,24.7608131156984,0 79.4784486026254,24.760812472732,0 79.4784510288696,24.7608117138594,0 79.4784534087519,24.7608108411227,0 79.4784557358682,24.7608098568704,0 79.4784580039563,24.760808763751,0 79.478460206913,24.7608075647061,0 79.4784623388101,24.7608062629621,0 79.478464393911,24.7608048620222,0 79.4784663666854,24.760803365656,0 79.4784682518247,24.7608017778902,0 79.4784700442561,24.7608001029974,0 79.4784717391563,24.7607983454847,0 79.4784733319645,24.7607965100814,0 79.4784748183944,24.7607946017265,0 79.4784761944461,24.7607926255552,0 79.4784774564169,24.7607905868854,0 79.4784786009108,24.7607884912029,0 79.478479624848,24.7607863441471,0 79.4784805254733,24.7607841514956,0 79.4784813003631,24.7607819191488,0 79.4784819474321,24.7607796531136,0 79.4784824649392,24.760777359488,0 79.4784828514919,24.7607750444439,0 79.4784831060499,24.760772714211,0 79.4784832279282,24.7607703750597,0 79.4784832167989,24.7607680332846,0 79.478483072692,24.7607656951873,0 79.4784827959952,24.7607633670594,0 79.4784823874531,24.7607610551659,0 79.478481848165,24.7607587657278,0 79.4784811795823,24.7607565049059,0 79.4784803835039,24.760754278784,0 79.4784794620722,24.7607520933524,0 79.4784784177666,24.7607499544919,0 79.4784772533972,24.7607478679582,0 79.4784759720975,24.7607458393659,0 79.4784573456749,24.7607180412902,0 79.4784593568574,24.7607175608345,0 79.4784618148557,24.76071684666,0 79.4784642287156,24.7607160163975,0 79.4784665918665,24.760715072307,0 79.4784688978756,24.7607140169585,0 79.4784711404658,24.7607128532246,0 79.4784733135325,24.7607115842732,0 79.4784754111604,24.7607102135585,0 79.4784774276397,24.7607087448116,0 79.4784793574812,24.7607071820307,0 79.4784811954318,24.7607055294697,0 79.4784829364884,24.7607037916272,0 79.4784845759117,24.7607019732336,0 79.4784861092391,24.7607000792388,0 79.4784875322966,24.7606981147985,0 79.4784888412107,24.7606960852599,0 79.4784900324183,24.7606939961477,0 79.4784911026768,24.7606918531487,0 79.478492049073,24.7606896620962,0 79.4784928690306,24.7606874289546,0 79.4784935603177,24.7606851598025,0 79.4784941210526,24.760682860817,0 79.4784945497088,24.7606805382559,0 79.4784948451196,24.7606781984416,0 79.4784950064807,24.7606758477432,0 79.4784958064728,24.7606558477426,0 79.4784958340857,24.7606535371128,0 79.4784957321764,24.7606512282198,0 79.4784955010118,24.7606489271133,0 79.4784951411976,24.7606466398223,0 79.4784946536766,24.7606443723397,0 79.4784944771671,24.7606437278461,0 79.4784964079003,24.7606422522981,0 79.4784982934996,24.7606406516565,0 79.4785000852882,24.7606389635549,0 79.4785017784072,24.7606371925711,0 79.4785033682651,24.7606353435077,0 79.4785048505507,24.7606334213789,0 79.4785062212442,24.7606314313972,0 79.4785074766286,24.760629378959,0 79.4785086132996,24.7606272696301,0 79.4785096281747,24.7606251091305,0 79.4785105185018,24.7606229033192,0 79.4785112818666,24.7606206581779,0 79.4785119161989,24.7606183797948,0 79.4785124197786,24.7606160743486,0 79.47851279124,24.7606137480911,0 79.4785130295759,24.7606114073306,0 79.4785131341399,24.760609058415,0 79.4785131046485,24.7606067077138,0 79.4785129411817,24.7606043616018,0 79.4785126441828,24.7606020264412,0 79.4785122144571,24.7605997085644,0 79.47851165317,24.760597414257,0 79.4785109618437,24.7605951497408,0 79.4785101423528,24.7605929211566,0 79.4785091969197,24.7605907345479,0 79.4785081281081,24.7605885958443,0 79.4785069388166,24.7605865108457,0 79.4785056322702,24.760584485206,0 79.478504212012,24.7605825244185,0 79.4785026818934,24.7605806338002,0 79.4785010460639,24.7605788184784,0 79.4784993089595,24.7605770833756,0 79.4784974752909,24.7605754331972,0 79.4784955500305,24.760573872418,0 79.4784935383994,24.7605724052707,0 79.4784914458527,24.7605710357339,0 79.4784892780648,24.7605697675213,0 79.4784870409145,24.7605686040722,0 79.4784847404684,24.7605675485416,0 79.4784823829648,24.7605666037919,0 79.4784799747969,24.760565772385,0 79.4784775224951,24.7605650565756,0 79.4784524844939,24.7605583990739,0 79.4784518703111,24.7605579447041,0 79.478449526599,24.7605514910103,0 79.4784486277254,24.7605492209016,0 79.4784475972462,24.7605469979112,0 79.4784473351039,24.7605465072692,0 79.4784479695832,24.7605458129253,0 79.4784495085257,24.7605439391732,0 79.4784509389687,24.7605419950618,0 79.4784522570618,24.7605399858238,0 79.4784534592572,24.7605379168678,0 79.4784545423187,24.7605357937627,0 79.4784555033312,24.7605336222234,0 79.4784563397079,24.760531408095,0 79.4784570491974,24.7605291573374,0 79.47845762989,24.760526876009,0 79.4784580802226,24.7605245702505,0 79.4784583989832,24.7605222462683,0 79.4784585853136,24.7605199103181,0 79.4784586387124,24.7605175686874,0 79.4784585590358,24.7605152276795,0 79.4784583464983,24.7605128935955,0 79.478458001672,24.7605105727182,0 79.478457525485,24.7605082712948,0 79.4784569192192,24.7605059955201,0 79.4784561845065,24.7605037515198,0 79.4784555625078,24.7605021580767,0 79.4784578646986,24.7605027685264,0 79.4784603936111,24.7605033093922,0 79.4784629501418,24.7605037282378,0 79.4784655272346,24.7605040239072,0 79.4784681177764,24.7605041955842,0 79.4784707146173,24.760504242795,0 79.4784733105899,24.7605041654093,0 79.4784758985291,24.7605039636407,0 79.478478471292,24.7605036380462,0 79.4785148713048,24.7604981380448,0 79.4785174093088,24.7604976920279,0 79.4785199183178,24.7604971255088,0 79.4785223914749,24.7604964400359,0 79.4785248220209,24.7604956374826,0 79.4785272033133,24.7604947200421,0 79.478529528844,24.7604936902219,0 79.4785317922575,24.7604925508364,0 79.478533987368,24.7604913049995,0 79.4785361081761,24.760489956116,0 79.4785381488859,24.7604885078724,0 79.4785401039202,24.7604869642268,0 79.4785419679358,24.7604853293978,0 79.4785437358386,24.7604836078533,0 79.4785454027968,24.7604818042984,0 79.4785469642548,24.760479923662,0 79.4785484159452,24.7604779710839,0 79.4785497539004,24.7604759519004,0 79.478550974464,24.76047387163,0 79.4785520743001,24.7604717359578,0 79.4785530504031,24.7604695507207,0 79.4785539001051,24.7604673218907,0 79.478554621084,24.7604650555594,0 79.4785552113694,24.7604627579203,0 79.4785556693481,24.760460435253,0 79.4785559937685,24.7604580939051,0 79.4785561837438,24.7604557402756,0 79.478556769285,24.7604444754978,0 79.4785575556897,24.7604453645804,0 79.4785592652049,24.760447104707,0 79.4785610710779,24.7604487616955,0 79.4785629684664,24.7604503311028,0 79.4785649522828,24.7604518087207,0 79.4785670172073,24.7604531905869,0 79.478569157703,24.760454472996,0 79.4785713680304,24.7604556525094,0 79.4785736422623,24.760456725964,0 79.4785759743006,24.7604576904816,0 79.4785783578919,24.7604585434758,0 79.4785807866448,24.7604592826593,0 79.4785832540466,24.7604599060501,0 79.4785857534811,24.7604604119764,0 79.4785882782462,24.7604607990818,0 79.4785908215717,24.7604610663282,0 79.4785933766378,24.7604612129989,0 79.4785959365932,24.7604612387007,0 79.4785984945734,24.7604611433647,0 79.4786010437194,24.7604609272465,0 79.4786035771956,24.7604605909257,0 79.4786060882087,24.7604601353039,0 79.4786085700253,24.7604595616031,0 79.4786110159908,24.7604588713615,0 79.4786134195461,24.76045806643,0 79.4786157742464,24.760457148967,0 79.4786180737776,24.7604561214327,0 79.4786203119734,24.7604549865823,0 79.4786224828324,24.7604537474589,0 79.4786245805333,24.7604524073852,0 79.4786265994514,24.7604509699545,0 79.4786285341729,24.7604494390213,0 79.47863037951,24.7604478186907,0 79.4786321305144,24.7604461133076,0 79.4786337824909,24.7604443274448,0 79.4786353310098,24.7604424658912,0 79.4786367719187,24.7604405336384,0 79.4786376163719,24.7604393356931,0 79.478637777657,24.7604407508865,0 79.4786381819811,24.7604430944496,0 79.4786387205824,24.7604454153806,0 79.4786393919735,24.7604477072693,0 79.4786401943,24.7604499637859,0 79.478641125346,24.7604521786981,0 79.4786421825402,24.7604543458886,0 79.4786433629625,24.7604564593718,0 79.478644663353,24.7604585133106,0 79.4786460801199,24.7604605020322,0 79.4786476093505,24.760462420044,0 79.478649246821,24.7604642620487,0 79.4786509880092,24.7604660229588,0 79.4786528281059,24.7604676979109,0 79.4786547620291,24.7604692822791,0 79.4786567844375,24.7604707716875,0 79.4786588897454,24.7604721620224,0 79.4786610721382,24.760473449444,0 79.4786633255884,24.7604746303965,0 79.4786656438723,24.7604757016183,0 79.478668020587,24.7604766601508,0 79.4786704491682,24.7604775033466,0 79.4786729229086,24.760478228877,0 79.4786754349759,24.7604788347381,0 79.4786779784321,24.7604793192565,0 79.4786805462525,24.7604796810941,0 79.478683131345,24.7604799192515,0 79.4786857265699,24.760480033071,0 79.4786883247595,24.7604800222382,0 79.478690918738,24.7604798867831,0 79.4787040187427,24.7604788867829,0 79.4787065332468,24.7604786355423,0 79.4787090303867,24.7604782671952,0 79.4787115036255,24.7604777827057,0 79.4787139464888,24.7604771833422,0 79.4787163525819,24.7604764706736,0 79.4787187156062,24.7604756465656,0 79.4787210293759,24.7604747131754,0 79.4787232878341,24.7604736729464,0 79.4787254850687,24.7604725286017,0 79.4787522850745,24.7604577285974,0 79.4787542948534,24.7604565573712,0 79.4787562404562,24.7604552990323,0 79.4787581173584,24.7604539565072,0 79.4787599211947,24.760452532918,0 79.4787901002704,24.7604275296707,0 79.4787920332285,24.7604283358764,0 79.4787944201503,24.7604291976954,0 79.4787968528394,24.7604299452361,0 79.4787993247389,24.7604305764835,0 79.4788018291859,24.7604310897361,0 79.47880435943,24.7604314836106,0 79.4788069086513,24.7604317570453,0 79.4788094699785,24.7604319093032,0 79.4788963700097,24.7604350093058,0 79.4788989903185,24.760435039316,0 79.4789016086878,24.7604349425075,0 79.4789042177614,24.7604347191524,0 79.4789068102091,24.7604343698781,0 79.4789093787474,24.7604338956659,0 79.47891191616,24.7604332978482,0 79.478914415318,24.7604325781045,0 79.4789168692002,24.7604317384569,0 79.4789176152777,24.7604314411108,0 79.4789210827346,24.7604336768185,0 79.4789232231432,24.7604349819983,0 79.4789254350389,24.7604361836962,0 79.4789277124272,24.7604372786556,0 79.4789300491357,24.7604382639088,0 79.4789324388314,24.7604391367855,0 79.4789348750378,24.7604398949201,0 79.4789373511521,24.7604405362578,0 79.4789398604636,24.7604410590605,0 79.4789406143072,24.7604411788244,0 79.4789397657571,24.7604420691512,0 79.4789381653229,24.7604439382582,0 79.4789366746427,24.7604458815621,0 79.478935297834,24.7604478936949,0 79.4789340386998,24.760449969099,0 79.4789329007181,24.7604521020416,0 79.4789318870321,24.7604542866313,0 79.4789310004419,24.7604565168337,0 79.4789302433964,24.7604587864888,0 79.4789296179866,24.7604610893272,0 79.4789291259401,24.7604634189883,0 79.478928768616,24.760465769037,0 79.4789285470012,24.7604681329821,0 79.478928461708,24.760470504294,0 79.4789285129719,24.7604728764227,0 79.4789287006514,24.760475242816,0 79.478929024228,24.7604775969374,0 79.4789294828079,24.7604799322846,0 79.4789300751246,24.7604822424069,0 79.478930799542,24.7604845209232,0 79.478931654059,24.76048676154,0 79.4789326363153,24.7604889580683,0 79.4789337435979,24.7604911044409,0 79.4789349728482,24.760493194729,0 79.4789573728391,24.760528994735,0 79.4789587090863,24.7605310067252,0 79.4789601583307,24.7605329524057,0 79.4789617166348,24.7605348264901,0 79.4789633797648,24.7605366238868,0 79.4789651432024,24.7605383397125,0 79.4789670021565,24.7605399693057,0 79.4789689515765,24.7605415082387,0 79.4789709861661,24.7605429523307,0 79.4789731003976,24.7605442976582,0 79.478975288527,24.760545540566,0 79.4789775446093,24.7605466776774,0 79.478979862515,24.760547705903,0 79.4789822359468,24.7605486224492,0 79.4789846584563,24.7605494248259,0 79.4789871234619,24.7605501108532,0 79.4789896242664,24.7605506786671,0 79.4789921540755,24.7605511267251,0 79.4789947060161,24.7605514538097,0 79.4789972731548,24.7605516590324,0 79.4789998485171,24.7605517418356,0 79.479002425106,24.7605517019942,0 79.4790304251161,24.7605506019943,0 79.4790333396889,24.7605504085596,0 79.4790591656213,24.7605479920993,0 79.4790598648061,24.7605481316521,0 79.4790603063381,24.7605481986699,0 79.4790591586257,24.7605499279691,0 79.4790579281177,24.7605520235958,0 79.4790568201603,24.7605541754773,0 79.4790558378273,24.7605563776437,0 79.4790549838442,24.7605586239851,0 79.4790542605803,24.7605609082692,0 79.4790536700422,24.7605632241587,0 79.4790532138684,24.7605655652282,0 79.4790528933243,24.7605679249827,0 79.4790527092995,24.7605702968753,0 79.4790526623043,24.7605726743254,0 79.4790527524692,24.760575050737,0 79.4790529795441,24.7605774195169,0 79.479053342899,24.7605797740933,0 79.4790538415258,24.7605821079335,0 79.4790544740411,24.7605844145626,0 79.47905523869,24.7605866875811,0 79.4790561333512,24.7605889206825,0 79.4790571555424,24.7605911076716,0 79.4790583024278,24.7605932424805,0 79.4790595708254,24.7605953191866,0 79.4790609572161,24.7605973320282,0 79.4790624577535,24.7605992754209,0 79.4790640682746,24.7606011439728,0 79.4790657843112,24.7606029324999,0 79.4790676011022,24.7606046360401,0 79.4790695136071,24.7606062498671,0 79.4790715165199,24.7606077695034,0 79.4790900165215,24.7606210695072,0 79.4790922016021,24.7606225532519,0 79.4790944728333,24.7606239248939,0 79.4790968233248,24.7606251802721,0 79.4790992459461,24.7606263155782,0 79.4791287459531,24.7606392155827,0 79.4791311074145,24.7606401797087,0 79.4791335208698,24.760641029733,0 79.4791346942016,24.7606413797966,0 79.479134633502,24.7606416486473,0 79.4791342435829,24.7606439916195,0 79.4791339888555,24.7606463500476,0 79.4791338700218,24.760648717432,0 79.4791338874093,24.7606510872487,0 79.4791340409701,24.7606534529667,0 79.479134330281,24.7606558080666,0 79.4791347545447,24.7606581460581,0 79.4791353125921,24.7606604604981,0 79.4791358105057,24.7606621083325,0 79.4791290736717,24.7606731902172,0 79.4791278874556,24.7606752666759,0 79.4791268207699,24.7606773965134,0 79.4791258764855,24.7606795739975,0 79.4791250571439,24.7606817932677,0 79.4791243649502,24.7606840483514,0 79.4791238017674,24.7606863331791,0 79.4791233691111,24.7606886416015,0 79.4791230681459,24.760690967406,0 79.4791228996818,24.7606933043327,0 79.4791228641721,24.7606956460923,0 79.4791229617124,24.7606979863822,0 79.4791231920403,24.7607003189038,0 79.4791235545358,24.7607026373794,0 79.4791240482233,24.7607049355692,0 79.4791240764885,24.7607050385446,0 79.4790567955126,24.7607226874837,0 79.4790288411601,24.7607152699927,0 79.4790136878084,24.7606901916528,0 79.4790123672165,24.7606881363042,0 79.479010929688,24.760686147449,0 79.4790093792282,24.760684230629,0 79.4790077201574,24.7606823911851,0 79.4790059570984,24.7606806342427,0 79.4790040949638,24.7606789646974,0 79.4790021389421,24.7606773872011,0 79.4790000944835,24.7606759061493,0 79.4789979672849,24.7606745256688,0 79.4789957632732,24.7606732496062,0 79.4789934885898,24.7606720815171,0 79.4789911495728,24.7606710246562,0 79.4789887527396,24.7606700819683,0 79.4789863047686,24.7606692560801,0 79.4789838124808,24.7606685492928,0 79.4789812828209,24.7606679635758,0 79.4789787228372,24.7606675005613,0 79.4789761396629,24.7606671615391,0 79.4789735404957,24.7606669474542,0 79.478970932578,24.7606668589028,0 79.4789683231762,24.7606668961319,0 79.4789657195613,24.7606670590376,0 79.4789631289879,24.7606673471661,0 79.4789605586743,24.7606677597145,0 79.4789580157824,24.7606682955332,0 79.4789555073976,24.7606689531294,0 79.4789530405093,24.7606697306706,0 79.4789506219912,24.7606706259904,0 79.4789482585822,24.760671636594,0 79.4789459568675,24.7606727596655,0 79.4789437232608,24.7606739920757,0 79.4789415639857,24.7606753303904,0 79.4789394850587,24.7606767708808,0 79.4789374922725,24.7606783095331,0 79.4789355911798,24.7606799420598,0 79.4789337870779,24.7606816639123,0 79.4789320849934,24.7606834702928,0 79.4789304896693,24.760685356168,0 79.4789296277683,24.7606864945037,0 79.4789002086146,24.7606805136863,0 79.4789012386996,24.7606792827492,0 79.478929638695,24.7606434827414,0 79.4789311084872,24.7606415234922,0 79.4789324634084,24.7606394963766,0 79.4789336997092,24.7606374070044,0 79.4789348139681,24.7606352611577,0 79.4789358031015,24.760633064775,0 79.4789366643723,24.7606308239346,0 79.4789373953967,24.7606285448378,0 79.4789379941519,24.7606262337917,0 79.4789384589808,24.760623897192,0 79.4789387885971,24.7606215415049,0 79.4789389820885,24.7606191732498,0 79.4789390389197,24.7606167989804,0 79.4789389589333,24.7606144252673,0 79.4789387423508,24.7606120586795,0 79.4789383897715,24.7606097057664,0 79.4789379021711,24.7606073730395,0 79.478937280899,24.7606050669542,0 79.4789365276746,24.7606027938926,0 79.4789356445823,24.760600560145,0 79.4789346340661,24.7605983718932,0 79.4789334989223,24.760596235193,0 79.4789322422926,24.7605941559573,0 79.4789308676543,24.7605921399405,0 79.4789293788118,24.7605901927215,0 79.4789277798853,24.7605883196891,0 79.4789260752996,24.7605865260267,0 79.4789242697721,24.7605848166982,0 79.4789223682993,24.7605831964339,0 79.4789203761434,24.7605816697178,0 79.4789182988175,24.7605802407749,0 79.4789161420704,24.7605789135596,0 79.4789139118708,24.760577691745,0 79.4789116143903,24.7605765787122,0 79.4789092559872,24.7605755775414,0 79.4789068431881,24.7605746910034,0 79.4789043826701,24.7605739215515,0 79.4789018812426,24.7605732713151,0 79.4788993458279,24.7605727420936,0 79.4788967834425,24.7605723353517,0 79.4788942011777,24.7605720522149,0 79.4788916061796,24.7605718934669,0 79.4788890056296,24.7605718595468,0 79.4788864067244,24.7605719505487,0 79.4788838166564,24.7605721662206,0 79.4788812425931,24.7605725059657,0 79.4788361470525,24.7605795683467,0 79.4788261330483,24.760570841858,0 79.4788242704518,24.7605692994471,0 79.4788223243807,24.7605678455034,0 79.4788202998692,24.7605664837879,0 79.4788182021539,24.7605652178228,0 79.4788160366611,24.7605640508829,0 79.4788138089922,24.7605629859867,0 79.4788115249098,24.7605620258888,0 79.4788091903219,24.7605611730728,0 79.4788068112676,24.7605604297445,0 79.4788043939007,24.7605597978268,0 79.4788019444743,24.7605592789543,0 79.4788014382533,24.7605591840379,0 79.4787997964188,24.760558251374,0 79.4787975061502,24.7605570990438,0 79.47879515236,24.7605560588982,0 79.4787927416331,24.760555133847,0 79.4787902807135,24.7605543264779,0 79.4787877764859,24.7605536390498,0 79.4787852359559,24.7605530734857,0 79.4787826662309,24.7605526313678,0 79.4787800744996,24.7605523139329,0 79.4787774680127,24.7605521220691,0 79.4787748540619,24.7605520563132,0 79.4787722399599,24.760552116849,0 79.4787696330197,24.7605523035073,0 79.4787670405344,24.7605526157658,0 79.4787644697566,24.7605530527511,0 79.4787619278781,24.7605536132405,0 79.4787594220101,24.7605542956661,0 79.4787569591628,24.7605550981189,0 79.478754546226,24.7605560183538,0 79.4787521899503,24.7605570537965,0 79.4787498969273,24.7605582015502,0 79.4787476735718,24.7605594584042,0 79.4787455261039,24.7605608208422,0 79.4787434605312,24.7605622850528,0 79.4787414826323,24.7605638469398,0 79.4787395979403,24.7605655021337,0 79.4787378117279,24.760567246004,0 79.478736128992,24.7605690736722,0 79.4787345544403,24.7605709800253,0 79.4787330924775,24.7605729597301,0 79.4787317471937,24.7605750072484,0 79.4787305223523,24.760577116852,0 79.4787237223492,24.7605896168499,0 79.4787227663859,24.7605914794797,0 79.4787219043398,24.7605933799402,0 79.4787211380008,24.7605953142856,0 79.4787209673987,24.7605957776489,0 79.478685934763,24.7606061621069,0 79.4786834783594,24.7606069561656,0 79.4786810711867,24.7606078673,0 79.4786787199319,24.7606088929792,0 79.4786764311268,24.7606100303536,0 79.4786742111297,24.7606112762637,0 79.4786720661078,24.7606126272484,0 79.47867000202,24.7606140795546,0 79.4786680246002,24.7606156291477,0 79.4786661393419,24.7606172717231,0 79.4786643514822,24.7606190027176,0 79.4786626659878,24.7606208173226,0 79.4786610875411,24.7606227104969,0 79.478659620527,24.7606246769815,0 79.4786582690208,24.7606267113134,0 79.4786570367771,24.7606288078412,0 79.478655927219,24.7606309607407,0 79.4786549434289,24.7606331640312,0 79.4786540881399,24.7606354115919,0 79.4786533637278,24.7606376971792,0 79.4786527722051,24.7606400144435,0 79.4786523152151,24.7606423569476,0 79.4786519940273,24.760644718184,0 79.478651809534,24.7606470915931,0 79.4786517622477,24.7606494705815,0 79.4786518522997,24.7606518485406,0 79.47865207944,24.7606542188642,0 79.4786524430375,24.7606565749675,0 79.4786529420822,24.7606589103054,0 79.4786535751877,24.7606612183903,0 79.4786543405952,24.7606634928101,0 79.4786552361785,24.7606657272467,0 79.4786562594496,24.7606679154927,0 79.4786574075659,24.7606700514692,0 79.4786586773379,24.7606721292423,0 79.4786600652383,24.7606741430401,0 79.4786615674112,24.7606760872682,0 79.4786631796838,24.7606779565255,0 79.4786648975772,24.7606797456192,0 79.478666716319,24.7606814495791,0 79.4786686308567,24.7606830636718,0 79.4786706358718,24.7606845834131,0 79.4786727257943,24.7606860045812,0 79.4786748948184,24.7606873232282,0 79.4786771369185,24.7606885356908,0 79.4786794458661,24.7606896386008,0 79.4786818152468,24.7606906288943,0 79.4786842384786,24.7606915038202,0 79.4786867088296,24.7606922609481,0 79.4786892194373,24.7606928981745,0 79.4786993108735,24.7606951997319,0 79.4786946824593,24.7607040540806,0 79.4786936381168,24.7607061929617,0 79.4786927166511,24.7607083784163,0 79.4786919205418,24.7607106045634,0 79.4786912519313,24.7607128654123,0 79.4786907126189,24.760715154879,0 79.4786903040558,24.7607174668026,0 79.4786900273416,24.7607197949617,0 79.4786898832208,24.7607221330911,0 79.4786898720813,24.7607244748989,0 79.478689993953,24.7607268140832,0 79.4786902485082,24.7607291443493,0 79.4786906350616,24.7607314594264,0 79.4786911525731,24.7607337530846,0 79.4786917996502,24.7607360191516,0 79.4786925745514,24.7607382515294,0 79.4786934751916,24.7607404442106,0 79.4786944991471,24.7607425912947,0 79.4786956436624,24.7607446870039,0 79.4786969056577,24.7607467256985,0 79.4786982817368,24.7607487018924,0 79.4786997681968,24.7607506102676,0 79.4787013610375,24.7607524456887,0 79.4787030559726,24.7607542032165,0 79.478704848441,24.7607558781214,0 79.4787067336192,24.7607574658964,0 79.4787087064341,24.7607589622686,0 79.4787107615768,24.7607603632112,0 79.4787128935169,24.7607616649544,0 79.4787150965173,24.7607628639951,0 79.4787173646497,24.7607639571066,0 79.4787196918105,24.7607649413474,0 79.4787220717374,24.7607658140689,0 79.4787244980257,24.7607665729226,0 79.4787269641465,24.7607672158663,0 79.4787294634633,24.7607677411699,0 79.4787319892504,24.7607681474199,0 79.4787345347108,24.7607684335228,0 79.4787370929948,24.760768598709,0 79.4787396572178,24.7607686425338,0 79.4787422204796,24.7607685648793,0 79.4787447758823,24.7607683659545,0 79.4787473165493,24.7607680462947,0 79.4787487295478,24.760767799753,0 79.4787493575291,24.7607689879532,0 79.478750615542,24.7607710783672,0 79.478751992717,24.7607731051908,0 79.4787534852096,24.7607750627659,0 79.4787550888531,24.7607769456275,0 79.4787567991707,24.760778748519,0 79.4787586113876,24.7607804664076,0 79.4787605204448,24.7607820944972,0 79.4787625210126,24.7607836282427,0 79.4787646075062,24.7607850633625,0 79.4787667741006,24.76078639585,0 79.4787690147474,24.7607876219854,0 79.4787713231913,24.7607887383457,0 79.4788097232,24.7608061383517,0 79.4788120549077,24.760807126777,0 79.4788144397305,24.7608080031955,0 79.4788168712204,24.7608087652374,0 79.4788193428034,24.7608094108426,0 79.478821847797,24.7608099382653,0 79.4788243794283,24.7608103460797,0 79.4788269308525,24.760810633183,0 79.4788294951712,24.7608107987991,0 79.4788320654512,24.7608108424802,0 79.4788346347431,24.7608107641081,0 79.4788371961002,24.7608105638948,0 79.4788397425974,24.7608102423815,0 79.4788422673495,24.7608098004376,0 79.4788447635303,24.760809239258,0 79.4788472243908,24.7608085603599,0 79.4788485449593,24.7608081264567,0 79.4788472353583,24.7608104513158,0 79.4788461010002,24.7608126031818,0 79.4788450928555,24.7608148068128,0 79.4788442137458,24.7608170560418,0 79.4788434661312,24.760819344574,0 79.478842852104,24.7608216660048,0 79.4788423733826,24.7608240138375,0 79.4788420313068,24.7608263815015,0 79.478841826834,24.7608287623707,0 79.4788417605363,24.760831149782,0 79.4788418325993,24.7608335370539,0 79.4788420428214,24.7608359175055,0 79.4788423906142,24.760838284475,0 79.4788428750044,24.7608406313381,0 79.4788434946364,24.7608429515269,0 79.4788442477762,24.7608452385482,0 79.4788451323159,24.7608474860016,0 79.4788461457802,24.7608496875972,0 79.4788472853328,24.7608518371739,0 79.4788485477845,24.7608539287157,0 79.4788499296022,24.7608559563694,0 79.4788514269189,24.7608579144603,0 79.4788530355442,24.7608597975086,0 79.4788547509761,24.7608616002443,0 79.478856568414,24.7608633176225,0 79.4788584827715,24.7608649448367,0 79.4788604886911,24.7608664773331,0 79.4788625805591,24.760867910823,0 79.4788647525212,24.7608692412945,0 79.478866998499,24.7608704650241,0 79.4788693122069,24.7608715785872,0 79.4788716871698,24.7608725788674,0 79.4788741167411,24.7608734630653,0 79.4788765941215,24.7608742287063,0 79.4788791123778,24.7608748736478,0 79.4788816644624,24.7608753960849,0 79.4788842432331,24.7608757945553,0 79.478886841473,24.7608760679441,0 79.4788894519105,24.760876215486,0 79.4788920672403,24.7608762367683,0 79.4788946801431,24.7608761317312,0 79.4788972833063,24.7608759006688,0 79.4788998694449,24.7608755442277,0 79.4789024313212,24.7608750634054,0 79.4789049617656,24.7608744595476,0 79.4789074536965,24.7608737343443,0 79.4789099001399,24.7608728898249,0 79.4789534871096,24.7608566276884,0 79.4789684548423,24.7608747153464,0 79.4789700685521,24.760876562827,0 79.4789717859271,24.7608783306702,0 79.4789736022614,24.7608800140316,0 79.4789755125778,24.7608816082987,0 79.4789775116418,24.7608831091027,0 79.4789795939756,24.7608845123312,0 79.4789817538732,24.7608858141391,0 79.478983985416,24.7608870109592,0 79.4789862824892,24.7608880995119,0 79.4789886387984,24.7608890768146,0 79.478991047887,24.7608899401891,0 79.4789935031534,24.7608906872696,0 79.4789959978699,24.7608913160091,0 79.4789985252005,24.7608918246846,0 79.4790010782197,24.7608922119023,0 79.4790036499319,24.7608924766011,0 79.4790062332901,24.7608926180558,0 79.4790088212154,24.7608926358786,0 79.4790114066165,24.7608925300208,0 79.4790139824087,24.7608923007724,0 79.479016541534,24.7608919487617,0 79.4790190769799,24.7608914749531,0 79.4790215817987,24.760890880645,0 79.4790240491269,24.760890167466,0 79.4790264722035,24.7608893373702,0 79.4790288443888,24.7608883926323,0 79.4790311591825,24.760887335841,0 79.4790334102418,24.7608861698922,0 79.4790355913983,24.7608848979808,0 79.4790376966751,24.760883523592,0 79.4790397203036,24.7608820504919,0 79.4790416567385,24.7608804827171,0 79.4790435006736,24.7608788245636,0 79.4790452470563,24.760877080575,0 79.4790468911012,24.7608752555302,0 79.4790678326581,24.7608507270039,0 79.4791050649081,24.7608575193774,0 79.4791035150354,24.7608651636499,0 79.4791034988578,24.7608651900505,0 79.4791024592275,24.7608670914747,0 79.4791008530831,24.7608702106525,0 79.4790779178898,24.7608719029562,0 79.4790753184915,24.7608721580798,0 79.4790727374972,24.7608725383158,0 79.4790701821241,24.7608730426011,0 79.4790676595179,24.7608736695253,0 79.4790651767325,24.7608744173356,0 79.4790627407105,24.7608752839407,0 79.479060358264,24.7608762669174,0 79.4790580360548,24.760877363517,0 79.4790557805767,24.760878570673,0 79.4790535981366,24.7608798850098,0 79.4790514948374,24.7608813028521,0 79.4790494765606,24.7608828202353,0 79.4790475489498,24.7608844329162,0 79.4790457173953,24.7608861363853,0 79.4790439870187,24.7608879258791,0 79.4790423626586,24.7608897963936,0 79.4790408488573,24.7608917426984,0 79.4790394498479,24.7608937593509,0 79.4790381695423,24.760895840712,0 79.4790370115209,24.7608979809614,0 79.4790359790217,24.7609001741145,0 79.4790359238308,24.7609003108524,0 79.4790353950578,24.7609000467271,0 79.4790330861101,24.7608990316003,0 79.4790307226584,24.7608981270834,0 79.4790283110527,24.7608973356064,0 79.4790258577726,24.760896659296,0 79.4790233694093,24.7608960999693,0 79.4790208526485,24.7608956591289,0 79.4790183142522,24.7608953379594,0 79.4790157610404,24.7608951373236,0 79.479013199873,24.7608950577607,0 79.4790106376312,24.7608950994843,0 79.4790080811992,24.7608952623824,0 79.4790055374455,24.7608955460173,0 79.4790030132046,24.760895949627,0 79.4790005152584,24.7608964721269,0 79.4789980503185,24.7608971121135,0 79.4789956250074,24.760897867867,0 79.4789932458415,24.760898737357,0 79.478990919213,24.7608997182473,0 79.478988651373,24.7609008079026,0 79.4789864484146,24.7609020033953,0 79.4789843162567,24.7609033015132,0 79.4789822606279,24.7609046987687,0 79.4789802870511,24.7609061914076,0 79.4789733870518,24.7609116914062,0 79.4789714825041,24.760913291636,0 79.4789696722784,24.7609149806819,0 79.4789679613357,24.7609167539148,0 79.4789663543648,24.7609186064752,0 79.4789648557697,24.7609205332861,0 79.4789634696572,24.760922529067,0 79.4789621998262,24.7609245883485,0 79.4789610497566,24.760926705487,0 79.4789600226002,24.7609288746806,0 79.4789591211719,24.7609310899843,0 79.4789583479422,24.7609333453271,0 79.4789577050302,24.7609356345283,0 79.4789571941976,24.7609379513142,0 79.4789568168445,24.7609402893356,0 79.4789565740051,24.7609426421851,0 79.4789564663449,24.7609450034146,0 79.4789564941589,24.7609473665532,0 79.4789566573708,24.7609497251245,0 79.4789569555335,24.7609520726649,0 79.4789573878298,24.7609544027409,0 79.478957953075,24.7609567089668,0 79.47895864972,24.7609589850223,0 79.4789594758557,24.76096122467,0 79.4789601883654,24.7609628667073,0 79.478959181476,24.760964442407,0 79.4789580319363,24.7609664704836,0 79.4789569961848,24.7609685490455,0 79.4789560768717,24.760970672774,0 79.4789552763496,24.7609728362348,0 79.4789545966668,24.7609750338917,0 79.4789493966603,24.7609936338898,0 79.478948818773,24.7609959545692,0 79.4789483756273,24.7609982998324,0 79.4789480684547,24.7610006631612,0 79.4789478981091,24.7610030379873,0 79.4789478650638,24.7610054177106,0 79.4789479694108,24.7610077957171,0 79.4789482108599,24.7610101653977,0 79.4789485887403,24.7610125201666,0 79.4789491020016,24.7610148534792,0 79.4789497492173,24.7610171588507,0 79.4789505285888,24.7610194298738,0 79.4789514379499,24.7610216602368,0 79.4789524747734,24.7610238437409,0 79.4789536361775,24.7610259743177,0 79.4789549189346,24.7610280460456,0 79.4789563194794,24.761030053167,0 79.4789578339195,24.7610319901034,0 79.478959458046,24.7610338514716,0 79.4789611873449,24.7610356320984,0 79.4789630170101,24.7610373270349,0 79.4789649419565,24.7610389315706,0 79.4789669568341,24.761040441246,0 79.4789690560432,24.7610418518654,0 79.4789712337495,24.7610431595082,0 79.4789734839005,24.7610443605401,0 79.4789758002426,24.7610454516233,0 79.478978176338,24.7610464297253,0 79.478980605583,24.7610472921277,0 79.4789830812261,24.7610480364337,0 79.4790105380949,24.7610555649311,0 79.479052501278,24.7610824531082,0 79.4790546516057,24.7610837558174,0 79.4790568734461,24.7610849543002,0 79.4790591607458,24.7610860452917,0 79.4790600306876,24.7610864088084,0 79.4790544266652,24.761133352467,0 79.4789711007443,24.7612673405105,0 79.478871386346,24.7612231480428,0 79.4788526293696,24.7612103933007,0 79.4788505451123,24.7612090509089,0 79.4788483878101,24.7612078084537,0 79.4788461632047,24.7612066692419,0 79.4788438772169,24.7612056363054,0 79.4788415359307,24.7612047123934,0 79.4788391455775,24.7612038999649,0 79.4788367125191,24.7612032011822,0 79.4788342432312,24.761202617905,0 79.4788317442857,24.7612021516858,0 79.4788292223335,24.7612018037653,0 79.4788266840868,24.7612015750696,0 79.4788241363011,24.7612014662074,0 79.4788215857573,24.7612014774683,0 79.4788190392437,24.7612016088225,0 79.4788165035377,24.7612018599202,0 79.4788139853881,24.7612022300933,0 79.478811491497,24.7612027183564,0 79.4788090285018,24.7612033234102,0 79.4788066029577,24.7612040436442,0 79.4788042213203,24.7612048771415,0 79.4788018899284,24.7612058216839,0 79.4787996149868,24.7612068747574,0 79.4787974025503,24.7612080335592,0 79.4787952585073,24.7612092950053,0 79.4787931885641,24.7612106557383,0 79.4787911982299,24.7612121121367,0 79.478789292802,24.7612136603242,0 79.4787874773515,24.7612152961803,0 79.4787542773518,24.7612467961725,0 79.4787524979276,24.7612485773202,0 79.4787508251783,24.76125044267,0 79.4787492638748,24.7612523869016,0 79.4787478184701,24.7612544044699,0 79.4787464930867,24.7612564896206,0 79.4787452915047,24.7612586364065,0 79.4787442171511,24.7612608387049,0 79.4787432730902,24.7612630902344,0 79.4787424620145,24.7612653845735,0 79.4787417862373,24.7612677151785,0 79.4787315719938,24.7613071717578,0 79.4787214297375,24.7613203696876,0 79.478719961091,24.7613223945456,0 79.4787186138275,24.7613244885927,0 79.4787173918462,24.7613266457682,0 79.478716298684,24.7613288598286,0 79.4787153375048,24.7613311243657,0 79.4787145110905,24.7613334328254,0 79.478713821833,24.7613357785264,0 79.4787132717273,24.7613381546795,0 79.4787128623654,24.7613405544074,0 79.4787125949323,24.7613429707648,0 79.478703394888,24.7614565707597,0 79.4787032771026,24.7614587217432,0 79.4787032718015,24.7614608754085,0 79.4787032737997,24.7614609598343,0 79.4786994227409,24.7614652058716,0 79.4786978249993,24.7614670644235,0 79.4786963359405,24.7614689967608,0 79.4786949596434,24.7614709975901,0 79.4786936998783,24.7614730614305,0 79.4786925600959,24.7614751826286,0 79.4786915434186,24.7614773553736,0 79.4786906526315,24.7614795737137,0 79.4786898901745,24.7614818315721,0 79.4786892581364,24.7614841227639,0 79.4786887582485,24.7614864410127,0 79.4786883918802,24.761488779968,0 79.4786881600352,24.7614911332227,0 79.4786880633484,24.7614934943305,0 79.4786881020848,24.7614958568235,0 79.4786882761383,24.7614982142301,0 79.4786885850321,24.7615005600926,0 79.47868902792,24.7615028879848,0 79.4786896035889,24.7615051915299,0 79.4786903104617,24.7615074644178,0 79.4786911466022,24.7615097004223,0 79.4786921097198,24.7615118934182,0 79.4786931971764,24.7615140373981,0 79.4786944059929,24.7615161264891,0 79.4786956691121,24.761518057515,0 79.4786952983888,24.7615182321495,0 79.4786930781879,24.7615194152918,0 79.4786909283377,24.7615207022085,0 79.4786888546506,24.7615220894202,0 79.4786868627327,24.7615235731767,0 79.4786849579693,24.7615251494666,0 79.4786831455099,24.7615268140283,0 79.4786814302546,24.7615285623615,0 79.4786798168407,24.7615303897397,0 79.4786783096301,24.7615322912225,0 79.4786769126975,24.7615342616691,0 79.4786756298197,24.7615362957524,0 79.4786744644649,24.7615383879731,0 79.4786734197838,24.7615405326749,0 79.4786724986006,24.7615427240595,0 79.4786717034058,24.7615449562025,0 79.4786710363492,24.7615472230691,0 79.4786704992343,24.7615495185308,0 79.4786700935132,24.7615518363818,0 79.4786698202828,24.7615541703556,0 79.4786696802818,24.7615565141423,0 79.4786696738886,24.7615588614054,0 79.4786698011205,24.761561205799,0 79.4786700616337,24.7615635409849,0 79.4786704547238,24.7615658606498,0 79.478670979328,24.7615681585226,0 79.4786716340281,24.7615704283907,0 79.4786724170541,24.7615726641176,0 79.4786733262891,24.7615748596589,0 79.4786743592749,24.7615770090788,0 79.4786755132188,24.7615791065663,0 79.4786767850012,24.7615811464509,0 79.4786781711836,24.7615831232175,0 79.4786796680185,24.7615850315219,0 79.4786812714592,24.761586866205,0 79.478708961715,24.7616169130906,0 79.4787118502429,24.761623612023,0 79.4787115635733,24.7616459715544,0 79.4787116018276,24.7616483524613,0 79.4787117775161,24.7616507282145,0 79.47871209015,24.761653092204,0 79.4787125388596,24.761655437853,0 79.4787131223963,24.7616577586352,0 79.4787138391368,24.7616600480941,0 79.4787146870869,24.7616622998599,0 79.4787156638875,24.7616645076677,0 79.4787167668211,24.7616666653752,0 79.4787179928189,24.7616687669791,0 79.4787193384702,24.7616708066325,0 79.4787208000311,24.7616727786606,0 79.4787223734352,24.7616746775771,0 79.4787240543052,24.7616764980987,0 79.4787258379645,24.7616782351604,0 79.4787277194506,24.7616798839295,0 79.4787296935291,24.7616814398187,0 79.4787317547076,24.7616828984993,0 79.4787338972515,24.7616842559131,0 79.4787361152001,24.7616855082834,0 79.4787384023825,24.761686652126,0 79.4787407524353,24.7616876842584,0 79.4787431588205,24.7616886018091,0 79.4787456148429,24.7616894022254,0 79.4787481136695,24.7616900832802,0 79.4787506483482,24.7616906430789,0 79.4787532118269,24.7616910800639,0 79.4787604254588,24.7616921307898,0 79.4787614753708,24.761693701184,0 79.4787629036211,24.7616956102951,0 79.478764437043,24.7616974501327,0 79.4787660716144,24.7616992158712,0 79.4787678030477,24.7617009028791,0 79.4787696268017,24.7617025067312,0 79.4787715380925,24.7617040232209,0 79.478773531907,24.7617054483704,0 79.4787756030154,24.7617067784415,0 79.4787777459852,24.7617080099456,0 79.4787799551956,24.7617091396524,0 79.4787822248519,24.7617101645988,0 79.4788470248675,24.7617375646085,0 79.478849417041,24.7617385070372,0 79.4788518602635,24.7617393330911,0 79.4788543477503,24.7617400404762,0 79.4788568725937,24.7617406272282,0 79.4788594277823,24.7617410917177,0 79.4788620062204,24.7617414326547,0 79.4788646007476,24.7617416490926,0 79.4788672041591,24.7617417404302,0 79.4788698092252,24.7617417064139,0 79.4788724087118,24.7617415471381,0 79.4788749954001,24.7617412630453,0 79.478877562107,24.7617408549243,0 79.4788801017046,24.7617403239084,0 79.4788826071407,24.7617396714723,0 79.4788850714578,24.7617388994277,0 79.4788874878123,24.7617380099187,0 79.4788898494943,24.7617370054153,0 79.4788921499453,24.761735888707,0 79.4788943827771,24.761734662895,0 79.478896541789,24.7617333313832,0 79.4788986209857,24.7617318978693,0 79.4789006145933,24.7617303663341,0 79.4789025170754,24.7617287410306,0 79.4789043231491,24.7617270264722,0 79.4789060277988,24.7617252274203,0 79.4789076262907,24.7617233488708,0 79.478909114186,24.7617213960403,0 79.4789104873528,24.7617193743518,0 79.4789117419778,24.7617172894195,0 79.478912874577,24.7617151470332,0 79.4789138820051,24.7617129531423,0 79.4789147614647,24.7617107138391,0 79.4789159262959,24.7617074823695,0 79.4789172274012,24.7617079228594,0 79.4789196887789,24.7617086252148,0 79.4789221869156,24.761709209426,0 79.478924715015,24.7617096739036,0 79.478927266199,24.761710017384,0 79.4789298335266,24.7617102389326,0 79.4789324100133,24.7617103379466,0 79.4789349886492,24.7617103141568,0 79.4789375624188,24.7617101676278,0 79.4789401243199,24.7617098987582,0 79.4789426673824,24.7617095082797,0 79.4789451846876,24.7617089972544,0 79.4789476693868,24.7617083670728,0 79.4789501147201,24.7617076194493,0 79.4789525140346,24.761706756418,0 79.4789548608026,24.7617057803267,0 79.4789571486394,24.7617046938312,0 79.4789593713206,24.7617034998874,0 79.4789615227992,24.7617022017436,0 79.4789635972217,24.7617008029315,0 79.4789655889444,24.7616993072569,0 79.4789674925486,24.7616977187888,0 79.4789693028552,24.761696041849,0 79.478971014939,24.7616942809997,0 79.4789726241422,24.7616924410317,0 79.4789741260866,24.7616905269508,0 79.4789755166859,24.7616885439645,0 79.478976792157,24.7616864974678,0 79.4789779490298,24.7616843930285,0 79.4789789841566,24.7616822363719,0 79.4789798947215,24.7616800333657,0 79.478980678247,24.7616777900033,0 79.4789813326016,24.761675512388,0 79.4789818560049,24.7616732067166,0 79.478987313788,24.7616455538975,0 79.4789956749637,24.7616352124385,0 79.4789971588919,24.7616332726465,0 79.4789985294715,24.7616312645231,0 79.4789997829374,24.7616291935852,0 79.4790009158458,24.7616270655221,0 79.4790019250845,24.7616248861803,0 79.4790028078808,24.7616226615468,0 79.4790035618094,24.7616203977333,0 79.4790041847992,24.7616181009591,0 79.4790046751386,24.7616157775339,0 79.4790050314806,24.7616134338409,0 79.4790052528462,24.7616110763187,0 79.4790053386273,24.7616087114439,0 79.4790052885881,24.7616063457136,0 79.4790051028663,24.761603985627,0 79.479004781972,24.7616016376677,0 79.4790043267867,24.7615993082863,0 79.4790037385611,24.7615970038821,0 79.4790030189111,24.7615947307858,0 79.4790021698139,24.7615924952423,0 79.479001193602,24.7615903033932,0 79.4790000929573,24.7615881612599,0 79.4789988709038,24.7615860747275,0 79.4789975307985,24.7615840495282,0 79.4789960763231,24.7615820912256,0 79.4789945114735,24.7615802051998,0 79.4789928405487,24.7615783966321,0 79.478991068139,24.7615766704912,0 79.4789891991139,24.761575031519,0 79.4789872386078,24.7615734842183,0 79.4789851920069,24.76157203284,0 79.4789510920107,24.7615491328467,0 79.4789490143865,24.7615478111086,0 79.4789468653738,24.7615465882356,0 79.4789446506101,24.7615454674354,0 79.4789423759049,24.7615444516481,0 79.4789400472253,24.7615435435384,0 79.4789376706799,24.7615427454883,0 79.4789352525027,24.7615420595913,0 79.4789241732513,24.7615391989657,0 79.478917201193,24.7615323544465,0 79.4789160461171,24.7615312751807,0 79.4789275880887,24.7615237663385,0 79.4789296578759,24.7615223437013,0 79.4789316432092,24.7615208240187,0 79.4789335386372,24.7615192114631,0 79.4789353389555,24.7615175104625,0 79.478937039221,24.7615157256873,0 79.478938634765,24.761513862038,0 79.4789401212066,24.7615119246319,0 79.4789414944645,24.7615099187886,0 79.4789427507678,24.7615078500158,0 79.4789438866671,24.7615057239936,0 79.4789448990436,24.7615035465598,0 79.4789457851174,24.761501323693,0 79.4789465424557,24.7614990614967,0 79.4789471689789,24.7614967661824,0 79.4789476629668,24.7614944440525,0 79.478948023063,24.761492101483,0 79.4789482482788,24.761489744906,0 79.4789483379958,24.7614873807922,0 79.4789482919677,24.7614850156328,0 79.4789481103208,24.7614826559221,0 79.4789477935539,24.7614803081392,0 79.4789473425368,24.7614779787306,0 79.4789467585079,24.7614756740923,0 79.4789460430708,24.7614734005523,0 79.4789451981899,24.7614711643532,0 79.4789442261851,24.7614689716351,0 79.4789431297253,24.7614668284187,0 79.4789419118212,24.7614647405887,0 79.4789405758167,24.7614627138778,0 79.4789391253802,24.761460753851,0 79.4789375644944,24.7614588658899,0 79.478935897445,24.7614570551785,0 79.4789341288094,24.7614553266885,0 79.4789322634439,24.761453685166,0 79.4789303064702,24.7614521351182,0 79.4789282632618,24.7614506808011,0 79.4789261394288,24.7614493262081,0 79.4789239408028,24.7614480750584,0 79.4789216734208,24.7614469307874,0 79.4789193435083,24.7614458965371,0 79.4789169574628,24.7614449751472,0 79.4789145218358,24.7614441691476,0 79.4789120433149,24.7614434807515,0 79.4789095287057,24.761442911849,0 79.4789069849125,24.7614424640021,0 79.4789044189201,24.7614421384407,0 79.4789018377741,24.7614419360584,0 79.4788992485616,24.7614418574112,0 79.4788966583921,24.7614419027148,0 79.4788940743775,24.761442071845,0 79.4788847439656,24.7614429074048,0 79.4788506700767,24.7614321391325,0 79.4788481794945,24.7614314187387,0 79.4788456507136,24.7614308194829,0 79.4788430907954,24.7614303430385,0 79.4788405068882,24.761429990736,0 79.4788379062075,24.761429763559,0 79.4788352960152,24.761429662142,0 79.4788348343377,24.7614296664941,0 79.4788343912458,24.7614027862314,0 79.4788413555831,24.7613570665384,0 79.4788760964261,24.7613799253321,0 79.4788782175848,24.7613812459892,0 79.4788804109643,24.7613824643221,0 79.47888267065,24.7613835770455,0 79.4788849905486,24.7613845811587,0 79.4788873644042,24.7613854739542,0 79.4788897858156,24.7613862530245,0 79.4788922482532,24.7613869162686,0 79.4788947450768,24.7613874618982,0 79.4788972695537,24.7613878884419,0 79.4788998148763,24.7613881947495,0 79.4789023741811,24.761388379995,0 79.4789049405665,24.7613884436788,0 79.4789075071122,24.7613883856293,0 79.4789100668973,24.761388206003,0 79.4789961669283,24.7613801060016,0 79.4789987118826,24.7613798054475,0 79.4790012363298,24.761379384722,0 79.4790037334687,24.7613788449587,0 79.4790061965718,24.7613781876116,0 79.4790086190033,24.7613774144519,0 79.4790109942369,24.7613765275623,0 79.4790133158734,24.7613755293324,0 79.4791877159185,24.761295429309,0 79.4791901710219,24.7612942213065,0 79.4791925476216,24.7612928888192,0 79.4791948381552,24.7612914360872,0 79.4791970353341,24.7612898677331,0 79.479199132167,24.7612881887473,0 79.4792043007337,24.7612838086057,0 79.4792151616162,24.7612829911195,0 79.4792178229303,24.7612827243882,0 79.4792204645292,24.7612823265014,0 79.4792230786664,24.7612817986258,0 79.4792256576758,24.7612811423096,0 79.4792281939943,24.7612803594773,0 79.4792306801842,24.7612794524246,0 79.4792331089546,24.7612784238115,0 79.4792354731831,24.7612772766545,0 79.4792377659364,24.7612760143175,0 79.4792399804912,24.7612746405025,0 79.479242110353,24.7612731592382,0 79.4792441492761,24.7612715748685,0 79.4792460912811,24.7612698920395,0 79.4792479306732,24.7612681156862,0 79.4792784306723,24.7612370156788,0 79.4792801100405,24.7612352101062,0 79.4792816833706,24.7612333265814,0 79.4792826060249,24.7612320927949,0 79.4792842620177,24.7612328525835,0 79.4792866230274,24.7612337984879,0 79.4792890348313,24.7612346307166,0 79.4792914908703,24.7612353470062,0 79.4792939844647,24.7612359454088,0 79.479296508833,24.7612364242968,0 79.47929905711,24.761236782368,0 79.4793016223652,24.7612370186485,0 79.4793041976221,24.7612371324957,0 79.4793067758771,24.7612371236,0 79.4793093501183,24.7612369919855,0 79.4793119133447,24.7612367380103,0 79.4793144585853,24.761236362365,0 79.4793169789182,24.7612358660712,0 79.4793194674889,24.7612352504787,0 79.4793219175295,24.7612345172616,0 79.479348474781,24.7612258630346,0 79.4793684616663,24.7612300831388,0 79.4793696583683,24.7612303061821,0 79.4793482560728,24.7612682142807,0 79.4793471213548,24.7612703615032,0 79.4793461123665,24.7612725604319,0 79.4793452319223,24.7612748049336,0 79.4793444824777,24.7612770887482,0 79.4793438661232,24.7612794055059,0 79.4793433845777,24.7612817487449,0 79.4793430391843,24.7612841119297,0 79.4793428309065,24.7612864884689,0 79.4793427603251,24.7612888717343,0 79.4793428276371,24.7612912550785,0 79.4793430326546,24.7612936318541,0 79.4793433748058,24.7612959954321,0 79.4793438531365,24.76129833922,0 79.4793444663126,24.7613006566808,0 79.4793452126238,24.7613029413508,0 79.4793460899887,24.7613051868578,0 79.47934709596,24.7613073869387,0 79.479348227732,24.7613095354573,0 79.4793494821482,24.7613116264211,0 79.4793508557098,24.7613136539982,0 79.4793523445857,24.7613156125333,0 79.4793539446233,24.7613174965639,0 79.47935565136,24.7613193008352,0 79.4793574600353,24.7613210203148,0 79.4793593656047,24.7613226502069,0 79.4793613627534,24.7613241859655,0 79.479363445911,24.7613256233073,0 79.4793656092673,24.7613269582232,0 79.4793678467885,24.76132818699,0 79.4793701522339,24.7613293061806,0 79.4793725191733,24.7613303126734,0 79.4793749410049,24.7613312036611,0 79.4793774109741,24.7613319766587,0 79.4793799221917,24.7613326295102,0 79.4793824676537,24.7613331603947,0 79.4793850402603,24.7613335678314,0 79.4793876328365,24.7613338506841,0 79.479390238151,24.7613340081638,0 79.4793928489373,24.7613340398312,0 79.4793954579137,24.7613339455981,0 79.4793980578034,24.7613337257272,0 79.4794006413549,24.7613333808318,0 79.4794032013624,24.7613329118739,0 79.4794057306858,24.7613323201615,0 79.4794082222704,24.7613316073448,0 79.4794106691668,24.7613307754121,0 79.4794130645505,24.7613298266837,0 79.479453713403,24.7613125486573,0 79.4794527361175,24.7613144416867,0 79.4794517445071,24.7613166607717,0 79.4794508832721,24.7613189247829,0 79.4794501548401,24.7613212273391,0 79.4794495612641,24.7613235619501,0 79.4794491042173,24.7613259220358,0 79.4794487849878,24.761328300944,0 79.4794486044755,24.7613306919695,0 79.4794485631891,24.761333088373,0 79.4794486612451,24.7613354834,0 79.4794488983671,24.7613378702999,0 79.4794492738867,24.761340242345,0 79.4794497867454,24.7613425928494,0 79.4794504354979,24.761344915188,0 79.4794512183154,24.7613472028152,0 79.4794521329916,24.7613494492829,0 79.4794531769483,24.7613516482593,0 79.4794543472431,24.7613537935465,0 79.4794556405774,24.7613558790976,0 79.4794570533058,24.7613578990344,0 79.4794585814465,24.7613598476634,0 79.4794643377935,24.7613667908901,0 79.4794597433353,24.7613865025616,0 79.4794592746387,24.7613888052896,0 79.4794589373689,24.761391127115,0 79.4794587324338,24.7613934617879,0 79.4794586603849,24.761395803024,0 79.4794587214163,24.7613981445211,0 79.4794589153636,24.7614004799765,0 79.4794592417049,24.7614028031036,0 79.4794596995616,24.7614051076492,0 79.4794602877013,24.76140738741,0 79.479461004541,24.7614096362492,0 79.479461848151,24.7614118481136,0 79.4794628162605,24.7614140170492,0 79.4794639062637,24.7614161372179,0 79.4794651152264,24.7614182029127,0 79.4794664398944,24.761420208573,0 79.4794678767021,24.7614221488002,0 79.4794694217818,24.7614240183715,0 79.4794710709747,24.7614258122546,0 79.4794728198413,24.7614275256206,0 79.4794746636742,24.7614291538577,0 79.4794765975101,24.7614306925829,0 79.4794786161438,24.7614321376543,0 79.4794807141413,24.7614334851821,0 79.4794828858554,24.7614347315392,0 79.4794851254404,24.7614358733705,0 79.4794874268677,24.7614369076026,0 79.4794897839425,24.7614378314514,0 79.4794921903199,24.7614386424302,0 79.479509590325,24.7614440424323,0 79.4795120921687,24.7614447519295,0 79.4795146316583,24.7614453394242,0 79.4795172016637,24.7614458032667,0 79.4795197949688,24.7614461421547,0 79.4795224042923,24.7614463551366,0 79.4795250223078,24.7614464416146,0 79.4795276416646,24.7614464013457,0 79.4795302550081,24.7614462344431,0 79.4795328550006,24.7614459413753,0 79.4795354343421,24.7614455229652,0 79.4795379857903,24.7614449803876,0 79.4795405021814,24.761444315166,0 79.4795429764499,24.7614435291681,0 79.4795454016487,24.7614426246009,0 79.4795476660465,24.7614416491997,0 79.4795556259794,24.761445093962,0 79.4795579819695,24.7614460457203,0 79.4795603890576,24.7614468841237,0 79.4795628407074,24.7614476068955,0 79.4795948407172,24.7614562068989,0 79.479597349535,24.7614568162673,0 79.4795998899248,24.7614573045473,0 79.4796024548819,24.7614576703924,0 79.4796050373342,24.7614579127941,0 79.4796076301611,24.7614580310838,0 79.4796102262136,24.7614580249355,0 79.4796128183336,24.7614578943662,0 79.4796153993741,24.7614576397358,0 79.4796179622184,24.7614572617464,0 79.4796204998001,24.7614567614402,0 79.4796230051223,24.7614561401967,0 79.4796254712774,24.7614553997289,0 79.4796278914655,24.7614545420783,0 79.4796302590134,24.7614535696098,0 79.4796325673933,24.7614524850047,0 79.4796348102402,24.7614512912536,0 79.4796369813702,24.7614499916478,0 79.4796390747969,24.7614485897709,0 79.4796410847481,24.7614470894881,0 79.4796430056819,24.761445494936,0 79.4796448323017,24.7614438105113,0 79.4796465595712,24.7614420408584,0 79.4796481827278,24.7614401908567,0 79.479649697296,24.761438265607,0 79.4796510990998,24.7614362704179,0 79.479652384274,24.7614342107905,0 79.4796535492751,24.7614320924038,0 79.479654590891,24.7614299210987,0 79.4796555062495,24.7614277028621,0 79.4796562928269,24.7614254438102,0 79.4796569484542,24.7614231501718,0 79.4796574713239,24.761420828271,0 79.4796578599943,24.76141848451,0 79.4796581133936,24.7614161253511,0 79.4796582308232,24.7614137572991,0 79.4796582119593,24.7614113868833,0 79.479658056854,24.7614090206396,0 79.4796577659349,24.7614066650923,0 79.4796573400041,24.7614043267363,0 79.4796567802361,24.761402012019,0 79.4796560881743,24.7613997273227,0 79.4796552657269,24.7613974789468,0 79.4796543151616,24.7613952730908,0 79.4796532390993,24.7613931158367,0 79.4796520405071,24.7613910131326,0 79.4796513216261,24.7613898990091,0 79.47965303393,24.7613893332864,0 79.4796554210449,24.7613884127798,0 79.4796577520621,24.7613873793341,0 79.4796600205779,24.7613862357882,0 79.4796622203609,24.7613849852834,0 79.4796643453679,24.7613836312551,0 79.4796663897614,24.7613821774227,0 79.4796683479255,24.7613806277801,0 79.4796702144808,24.7613789865841,0 79.4796719843,24.7613772583434,0 79.4796736525211,24.7613754478054,0 79.4796752145615,24.7613735599438,0 79.4796766661302,24.7613715999446,0 79.4796780032397,24.7613695731922,0 79.4796792222167,24.761367485254,0 79.4796803197128,24.7613653418658,0 79.4796812927131,24.7613631489157,0 79.4796821385446,24.7613609124276,0 79.4796828548839,24.7613586385455,0 79.4796834397631,24.7613563335158,0 79.4796838915756,24.7613540036705,0 79.4796842090801,24.7613516554099,0 79.4796843914045,24.7613492951848,0 79.4796844380479,24.7613469294788,0 79.4796843488823,24.7613445647906,0 79.4796841241525,24.7613422076163,0 79.4796837644759,24.761339864431,0 79.4796832708407,24.7613375416717,0 79.4796826446027,24.7613352457191,0 79.4796818874824,24.7613329828803,0 79.4796810015596,24.7613307593714,0 79.479679989268,24.7613285813005,0 79.4796788533884,24.7613264546511,0 79.4796775970412,24.7613243852649,0 79.4796762236775,24.7613223788268,0 79.4796747370702,24.7613204408486,0 79.479673141303,24.761318576654,0 79.4796535413003,24.7612968766588,0 79.4796533736608,24.761296692059,0 79.4796512736605,24.7612943920595,0 79.4796495585026,24.7612926108529,0 79.4796477432592,24.7612909143586,0 79.4796458329411,24.7612893072595,0 79.4796438328213,24.7612877939916,0 79.4796417484207,24.7612863787321,0 79.4796395854932,24.7612850653876,0 79.479637350009,24.7612838575833,0 79.4796350481389,24.7612827586532,0 79.4796326862367,24.7612817716306,0 79.4796302708221,24.7612808992402,0 79.4796278085624,24.7612801438899,0 79.4796253062543,24.7612795076649,0 79.479622770805,24.7612789923212,0 79.4796202092132,24.7612785992814,0 79.4796176285496,24.7612783296304,0 79.4796150359379,24.7612781841126,0 79.4796124385343,24.7612781631296,0 79.4796098435087,24.7612782667393,0 79.4796072580242,24.7612784946558,0 79.4796059389211,24.7612786752022,0 79.4796064546845,24.7612770853533,0 79.4796070585402,24.7612747891952,0 79.4796075300746,24.7612724673459,0 79.4796078679974,24.7612701261585,0 79.4796080713839,24.7612677720392,0 79.4796081396778,24.7612654114294,0 79.4796080726921,24.7612630507884,0 79.4796078706101,24.7612606965754,0 79.4796075339847,24.7612583552322,0 79.4796070637372,24.7612560331653,0 79.4796064611541,24.7612537367284,0 79.4796057278843,24.7612514722053,0 79.4796048659343,24.7612492457922,0 79.4796038776626,24.7612470635812,0 79.4796027657733,24.7612449315433,0 79.4796015333089,24.7612428555123,0 79.4796001836416,24.7612408411688,0 79.4795987204646,24.7612388940245,0 79.4795971477814,24.7612370194074,0 79.4795954698954,24.7612352224468,0 79.4795936913976,24.7612335080597,0 79.4795918171545,24.761231880937,0 79.4795898522945,24.7612303455311,0 79.4795887310169,24.7612295582206,0 79.4795808038887,24.761206397659,0 79.4795810378566,24.7611812840249,0 79.4795809917792,24.7611789139867,0 79.4795808095237,24.7611765494241,0 79.4795804915925,24.7611741968565,0 79.4795800388622,24.7611718627702,0 79.4795794525811,24.7611695536005,0 79.4795787343656,24.761167275714,0 79.4795778861959,24.761165035391,0 79.4795769104105,24.7611628388084,0 79.4795758096997,24.7611606920223,0 79.4795745870984,24.7611586009517,0 79.4795732459773,24.7611565713619,0 79.4795717900341,24.7611546088486,0 79.4795702232829,24.7611527188227,0 79.4795685500435,24.7611509064951,0 79.4795667749292,24.7611491768627,0 79.479564902834,24.7611475346942,0 79.4795629389197,24.7611459845172,0 79.4795608886008,24.7611445306057,0 79.4795587575304,24.7611431769684,0 79.4795565515839,24.7611419273372,0 79.4795542768435,24.7611407851576,0 79.4795538200837,24.7611405835612,0 79.4795578023882,24.7611342933265,0 79.4795590207397,24.7611322490059,0 79.4795601220843,24.7611301500661,0 79.4795611034946,24.7611280020863,0 79.4795619623621,24.7611258107756,0 79.4795626964039,24.7611235819585,0 79.479563303669,24.7611213215593,0 79.4795637825431,24.7611190355861,0 79.4795641317536,24.761116730115,0 79.4795643503721,24.7611144112739,0 79.4795644378177,24.7611120852262,0 79.4795643938579,24.7611097581546,0 79.4795642186095,24.7611074362445,0 79.4795639125384,24.7611051256674,0 79.4795634764581,24.7611028325649,0 79.4795629115277,24.761100563032,0 79.4795622192488,24.7610983231011,0 79.4795614014616,24.7610961187259,0 79.4795604603395,24.7610939557656,0 79.4795593983843,24.7610918399695,0 79.4795590850967,24.7610912922291,0 79.4795605259136,24.7610905113901,0 79.4795626572776,24.7610892155418,0 79.4795647123054,24.761087820668,0 79.4795666854843,24.7610863305106,0 79.4795685715212,24.7610847490667,0 79.479570365357,24.7610830805788,0 79.4795720621797,24.7610813295223,0 79.4795736574375,24.7610795005946,0 79.4795751468513,24.7610775987016,0 79.4795765264256,24.7610756289453,0 79.4795777924599,24.7610735966094,0 79.479578941558,24.7610715071456,0 79.4795819689969,24.761065627262,0 79.4795827363759,24.7610658786934,0 79.4795852363691,24.7610665641654,0 79.479587772499,24.7610671282003,0 79.4795903376961,24.7610675692259,0 79.4795929248097,24.7610678860129,0 79.4795955266281,24.7610680776781,0 79.4795981358987,24.7610681436874,0 79.4796007453479,24.7610680838566,0 79.4796033477019,24.7610678983526,0 79.4796059357065,24.7610675876925,0 79.479669535729,24.7610583876904,0 79.4796720561812,24.7610579616649,0 79.479674549064,24.76105741693,0 79.4796770076765,24.76105675495,0 79.4796794254098,24.7610559775043,0 79.4796817957648,24.7610550866829,0 79.4796841123699,24.7610540848801,0 79.4796863689979,24.7610529747891,0 79.4796885595828,24.7610517593937,0 79.4796906782362,24.761050441961,0 79.479692719263,24.7610490260324,0 79.4796946771768,24.7610475154139,0 79.4796965467146,24.7610459141663,0 79.479698322851,24.7610442265938,0 79.4797000008115,24.7610424572326,0 79.4797015760858,24.761040610839,0 79.4797030444394,24.7610386923761,0 79.4797044019252,24.761036707001,0 79.4797056448944,24.7610346600504,0 79.4797067700056,24.7610325570266,0 79.4797077742345,24.7610304035828,0 79.4797086548818,24.7610282055076,0 79.4797094095801,24.7610259687094,0 79.4797100363008,24.761023699201,0 79.4797105333593,24.7610214030829,0 79.4797108994194,24.7610190865273,0 79.4797111334971,24.7610167557612,0 79.4797112349632,24.7610144170498,0 79.4797112035451,24.7610120766798,0 79.479711039327,24.7610097409422,0 79.4797107427506,24.7610074161156,0 79.479710314613,24.7610051084493,0 79.4797097560651,24.7610028241465,0 79.4797090686082,24.7610005693475,0 79.4797082540904,24.7609983501133,0 79.4797073147011,24.7609961724094,0 79.4797062529655,24.7609940420896,0 79.4797050717375,24.7609919648804,0 79.4797037741924,24.7609899463653,0 79.4797023638181,24.7609879919703,0 79.4797008444058,24.7609861069489,0 79.4796992200397,24.7609842963682,0 79.4796985853872,24.7609836593906,0 79.4796989309731,24.7609835008442,0 79.4797011534354,24.7609823461308,0 79.4797033075411,24.7609810880372,0 79.4797053875276,24.7609797299289,0 79.4797073878311,24.7609782754388,0 79.4797093031006,24.7609767284577,0 79.4797111282127,24.760975093124,0 79.479712858285,24.7609733738122,0 79.4797144886896,24.7609715751215,0 79.4797160150651,24.7609697018636,0 79.4797174333284,24.7609677590495,0 79.4797187396854,24.7609657518763,0 79.4797199306418,24.7609636857133,0 79.4797210030115,24.7609615660876,0 79.479721953926,24.7609593986692,0 79.4797227808415,24.7609571892563,0 79.4797234815461,24.7609549437589,0 79.4797240541652,24.760952668184,0 79.4797244971672,24.7609503686188,0 79.4797248093669,24.7609480512147,0 79.4797249899292,24.760945722171,0 79.4797250383712,24.7609433877178,0 79.479724938366,24.7609301877176,0 79.4797248483643,24.7609277594716,0 79.4797246154205,24.7609253391639,0 79.4797242402093,24.7609229338049,0 79.4797237238174,24.7609205503623,0 79.4797230677407,24.7609181957397,0 79.4797222738796,24.7609158767575,0 79.4797213445337,24.760913600133,0 79.4797202823947,24.7609113724606,0 79.4797190905394,24.7609092001929,0 79.47971777242,24.7609070896221,0 79.4797163318546,24.7609050468617,0 79.4796962735256,24.7608782182339,0 79.4796965821417,24.7608776101776,0 79.4796975409497,24.760875430501,0 79.479698374296,24.7608732082362,0 79.4796990799243,24.7608709493997,0 79.4796996559243,24.7608686601071,0 79.4797001007365,24.7608663465562,0 79.4797004131567,24.7608640150107,0 79.479700592339,24.7608616717829,0 79.4797006377984,24.7608593232169,0 79.4797005494117,24.7608569756709,0 79.4797003274183,24.7608546355007,0 79.4796999724192,24.7608523090419,0 79.4796994853755,24.7608500025932,0 79.4796988676058,24.7608477223989,0 79.4796966676031,24.7608404223995,0 79.4796959001461,24.7608381180126,0 79.4796949991823,24.7608358542811,0 79.4796939672766,24.7608336376489,0 79.4796928073662,24.760831474426,0 79.4796915227531,24.7608293707702,0 79.4796901170941,24.7608273326698,0 79.4796885943905,24.7608253659265,0 79.4796869589768,24.7608234761389,0 79.4796852155086,24.7608216686864,0 79.4796833689487,24.7608199487143,0 79.4796814245537,24.7608183211185,0 79.47968038401,24.7608174956595,0 79.4796830427291,24.7608099854539,0 79.4796837706766,24.7608077301168,0 79.4796843690363,24.7608054432307,0 79.4796848361853,24.7608031309992,0 79.4796851708563,24.7608007996947,0 79.4796853721414,24.7607984556414,0 79.4796854394947,24.7607961051979,0 79.4796853727333,24.7607937547404,0 79.4796851720384,24.7607914106448,0 79.4796848379545,24.7607890792701,0 79.4796843713878,24.7607867669406,0 79.479683773604,24.7607844799289,0 79.4796830462247,24.760782224439,0 79.4796821912231,24.7607800065894,0 79.4796812109186,24.7607778323964,0 79.4796801079703,24.760775707758,0 79.4796788853704,24.7607736384376,0 79.4796775464353,24.7607716300488,0 79.4796760947972,24.7607696880396,0 79.4796745343939,24.7607678176783,0 79.4796728694584,24.7607660240384,0 79.4796711045072,24.7607643119856,0 79.479669244328,24.7607626861642,0 79.4796672939669,24.7607611509846,0 79.4796652587147,24.7607597106112,0 79.4796631440923,24.7607583689513,0 79.4796609558363,24.7607571296445,0 79.4796586998826,24.7607559960525,0 79.4796563823509,24.7607549712506,0 79.479654009528,24.7607540580187,0 79.4796515878508,24.7607532588341,0 79.4796491238884,24.7607525758648,0 79.4796466243248,24.7607520109634,0 79.4796448384656,24.7607516964365,0 79.4796448394581,24.760751660925,0 79.4796447684098,24.760749280356,0 79.4796445599768,24.7607469065205,0 79.4796442147391,24.7607445460245,0 79.4796437336577,24.760742205437,0 79.4796431180711,24.7607398912714,0 79.4796423696925,24.7607376099677,0 79.4796414906046,24.7607353678744,0 79.4796404832536,24.7607331712309,0 79.479639350443,24.7607310261501,0 79.4796380953252,24.7607289386015,0 79.4796367213929,24.7607269143943,0 79.4796352324696,24.7607249591616,0 79.4796336326987,24.7607230783446,0 79.4796319265323,24.7607212771772,0 79.4796301187182,24.7607195606719,0 79.4796282142873,24.7607179336053,0 79.4796262185394,24.7607164005054,0 79.4796241370284,24.7607149656385,0 79.4796219755467,24.7607136329976,0 79.4796197401094,24.7607124062914,0 79.4796174369374,24.7607112889334,0 79.4796150724401,24.7607102840332,0 79.4796126531975,24.7607093943871,0 79.479610185942,24.7607086224711,0 79.4796035980264,24.7607067371145,0 79.4796038017386,24.7607065368202,0 79.479605473719,24.7607047082409,0 79.479607037737,24.7607028016747,0 79.4796084894376,24.7607008224306,0 79.4796098247788,24.7606987760194,0 79.4796110400424,24.7606966681393,0 79.4796121318445,24.7606945046594,0 79.4796130971452,24.7606922916039,0 79.4796139332567,24.7606900351349,0 79.4796146378508,24.7606877415352,0 79.4796152089658,24.7606854171913,0 79.4796156450113,24.760683068575,0 79.4796159447732,24.760680702226,0 79.479616107417,24.7606783247331,0 79.4796161324896,24.7606759427162,0 79.4796160199215,24.760673562808,0 79.4796157700258,24.7606711916351,0 79.4796153834986,24.7606688357998,0 79.4796148614161,24.7606665018618,0 79.4796142052319,24.7606641963197,0 79.4796134167731,24.7606619255932,0 79.4796124982353,24.7606596960048,0 79.4796114521759,24.7606575137628,0 79.4796102815076,24.7606553849433,0 79.4795918341858,24.7606239366723,0 79.4795848965274,24.7606013893099,0 79.4795841439397,24.7605991652797,0 79.4795832668027,24.7605969796288,0 79.4795823998491,24.7605951218824,0 79.4795831216776,24.7605947986065,0 79.4795853754035,24.7605936524052,0 79.4795875605843,24.7605924004203,0 79.4795896712702,24.7605910460605,0 79.4795917017146,24.7605895930136,0 79.4795936463891,24.7605880452355,0 79.4795954999989,24.7605864069406,0 79.4795972574973,24.7605846825894,0 79.4795989140991,24.7605828768767,0 79.4796004652938,24.7605809947191,0 79.4796019068581,24.760579041241,0 79.4796032348669,24.7605770217612,0 79.4796044457045,24.7605749417782,0 79.4796055360742,24.7605728069552,0 79.4796065030071,24.7605706231045,0 79.4796073438707,24.7605683961723,0 79.4796080563755,24.7605661322217,0 79.4796086385816,24.7605638374169,0 79.4796090889038,24.7605615180059,0 79.4796094061161,24.7605591803038,0 79.4796095893547,24.7605568306755,0 79.4796096381208,24.7605544755182,0 79.4796095522816,24.7605521212445,0 79.4796093320708,24.7605497742642,0 79.479608978088,24.7605474409675,0 79.4796088943862,24.7605470432117,0 79.4796096890194,24.7605464778243,0 79.4796116276996,24.7605449444608,0 79.4796134766819,24.7605433213545,0 79.4796152309902,24.7605416128737,0 79.4796168859028,24.7605398236166,0 79.4796184369657,24.7605379583989,0 79.4796198800044,24.7605360222405,0 79.4796212111352,24.7605340203524,0 79.4796224267755,24.7605319581225,0 79.4796235236535,24.760529841101,0 79.4796244988171,24.7605276749856,0 79.4796253496417,24.7605254656063,0 79.4796260738375,24.7605232189092,0 79.4796266694554,24.7605209409412,0 79.4796271348924,24.7605186378331,0 79.4796274688957,24.7605163157835,0 79.4796276705664,24.7605139810419,0 79.4796277393619,24.760511639892,0 79.4796276750969,24.7605092986349,0 79.4796274779445,24.7605069635715,0 79.4796272208062,24.7605046895131,0 79.4796287650669,24.760503174737,0 79.4796304427561,24.7605013438715,0 79.4796320121068,24.7604994345854,0 79.4796334687305,24.7604974522177,0 79.479634808554,24.7604954023119,0 79.4796360278307,24.7604932906003,0 79.4796371231511,24.7604911229879,0 79.4796380914522,24.7604889055361,0 79.4796389300264,24.7604866444457,0 79.4796396365287,24.7604843460395,0 79.4796402089835,24.7604820167448,0 79.47964064579,24.7604796630749,0 79.4796409457267,24.7604772916117,0 79.479641107955,24.7604749089866,0 79.4796411320211,24.7604725218621,0 79.4796410178579,24.7604701369136,0 79.4796409178574,24.7604688369137,0 79.4796406618164,24.760466431586,0 79.4796402651769,24.7604640422161,0 79.4796397290754,24.7604616756511,0 79.4796390550484,24.7604593386731,0 79.4796382450274,24.7604570379792,0 79.4796373013337,24.7604547801627,0 79.4796362266718,24.7604525716938,0 79.4796350241213,24.7604504189015,0 79.4796336971285,24.7604483279551,0 79.4796322494961,24.7604463048468,0 79.4796306853728,24.7604443553741,0 79.4796290092409,24.7604424851239,0 79.4796272259038,24.7604406994558,0 79.479625340472,24.7604390034869,0 79.4796233583487,24.7604374020777,0 79.4796212852143,24.7604358998172,0 79.4796191270097,24.7604345010105,0 79.4796168899198,24.7604332096664,0 79.4796145803555,24.7604320294853,0 79.4795886703735,24.760419609147,0 79.4795890398424,24.7604174273691,0 79.4795893010678,24.7604150739777,0 79.4795894269337,24.7604127113228,0 79.4795894170946,24.7604103458913,0 79.4795892715776,24.7604079841776,0 79.4795889907821,24.760405632666,0 79.4795885754791,24.7604032978126,0 79.4795880268089,24.7604009860281,0 79.4795873462778,24.7603987036595,0 79.4795865357544,24.7603964569733,0 79.4795854788689,24.7603937667222,0 79.4795835917563,24.7603715146225,0 79.4795833231065,24.76036915451,0 79.4795829190195,24.7603668105471,0 79.4795823806117,24.7603644892093,0 79.4795817093706,24.76036219691,0 79.4795809071505,24.760359939982,0 79.479579976168,24.7603577246607,0 79.4795789189949,24.7603555570664,0 79.479577738552,24.7603534431875,0 79.4795764381005,24.7603513888641,0 79.4795750212332,24.7603493997718,0 79.4795734918645,24.7603474814057,0 79.4795718542197,24.7603456390659,0 79.4795701128231,24.7603438778421,0 79.4795682724856,24.7603422026003,0 79.4795663382917,24.7603406179685,0 79.479564315585,24.7603391283247,0 79.4795622099537,24.7603377377844,0 79.4795600272149,24.7603364501891,0 79.4795586847401,24.7603357466767,0 79.4795660357641,24.7603081802952,0 79.4795665887336,24.7603058378409,0 79.479567004802,24.7603034718944,0 79.4795672827969,24.7603010891219,0 79.4795674219352,24.7602986962368,0 79.4795674218248,24.7602962999813,0 79.4795672824659,24.7602939071069,0 79.4795670042514,24.7602915243557,0 79.479566587965,24.7602891584412,0 79.4795660347797,24.7602868160294,0 79.4795653462541,24.7602845037203,0 79.4795645243282,24.7602822280288,0 79.4795635713178,24.7602799953669,0 79.479562489908,24.7602778120251,0 79.4795612831458,24.7602756841552,0 79.4795608844875,24.760275064166,0 79.4795615161861,24.7602729533967,0 79.4795620678863,24.7602706384391,0 79.479562485824,24.7602683002409,0 79.479562768848,24.7602659452418,0 79.4795629161789,24.7602635799278,0 79.4795629274109,24.7602612108134,0 79.4795628025131,24.7602588444233,0 79.4795625418295,24.760256487275,0 79.4795621460781,24.7602541458603,0 79.4795616163488,24.7602518266279,0 79.4795609541005,24.7602495359651,0 79.4795601611573,24.7602472801808,0 79.4795592397029,24.7602450654877,0 79.4795581922752,24.7602428979855,0 79.479557021759,24.7602407836436,0 79.4795557313781,24.7602387282853,0 79.4795543246862,24.7602367375712,0 79.4795528055576,24.7602348169842,0 79.4795511781763,24.7602329718137,0 79.4795494470243,24.7602312071416,0 79.4795481895879,24.7602300533432,0 79.47954943573,24.7602253803026,0 79.4795499812917,24.760223073762,0 79.479550394115,24.7602207443418,0 79.4795506730721,24.7602183984068,0 79.4795508174007,24.7602160423666,0 79.4795508267064,24.7602136826587,0 79.479550700964,24.7602113257305,0 79.4795504405168,24.7602089780219,0 79.4795500460766,24.7602066459473,0 79.4795495187212,24.7602043358788,0 79.4795488598913,24.7602020541282,0 79.4795483057587,24.7602004748776,0 79.4795488978116,24.7602000840405,0 79.4795509009711,24.7601986109637,0 79.4795528175217,24.7601970447554,0 79.4795546422763,24.7601953896546,0 79.4795563702963,24.7601936501407,0 79.4795579969049,24.7601918309215,0 79.4795595176998,24.7601899369208,0 79.479560928565,24.7601879732645,0 79.4795622256822,24.7601859452672,0 79.4795634055407,24.7601838584175,0 79.4795644649473,24.7601817183633,0 79.4795654010349,24.7601795308967,0 79.4795662112698,24.7601773019378,0 79.4795668934594,24.7601750375193,0 79.4795674457572,24.7601727437696,0 79.4795678666686,24.7601704268967,0 79.4795681550543,24.7601680931711,0 79.4795683101339,24.7601657489089,0 79.4795683314876,24.7601634004546,0 79.4795682190577,24.7601610541643,0 79.4795679731485,24.760158716388,0 79.4795675944255,24.7601563934528,0 79.4795670839137,24.7601540916457,0 79.4795664429949,24.7601518171963,0 79.4795656734035,24.7601495762603,0 79.4795652031315,24.7601484210955,0 79.4795665851911,24.7601470453617,0 79.4795682149511,24.760145244246,0 79.4795697404778,24.7601433685498,0 79.4795711576853,24.7601414232973,0 79.4795724627776,24.7601394136988,0 79.4795736522589,24.7601373451368,0 79.4795747229434,24.7601352231522,0 79.4795756719631,24.7601330534285,0 79.4795764967761,24.7601308417773,0 79.4795771951733,24.7601285941226,0 79.479577765284,24.7601263164846,0 79.4795782055811,24.760124014964,0 79.4795785148853,24.7601216957253,0 79.4795786923682,24.7601193649805,0 79.4795787375543,24.7601170289726,0 79.4795786503227,24.7601146939586,0 79.4795784309071,24.7601123661926,0 79.479578079895,24.7601100519097,0 79.4795777124909,24.7601083016473,0 79.4795892718312,24.7601091860792,0 79.4795917960806,24.7601093199677,0 79.4795943245255,24.7601093358368,0 79.4795968505521,24.760109233645,0 79.4795993675531,24.7601090136597,0 79.479601868945,24.7601086764563,0 79.4796043481848,24.7601082229168,0 79.4796067987876,24.7601076542274,0 79.4796092143435,24.7601069718758,0 79.4796115885341,24.7601061776467,0 79.4796139151494,24.7601052736175,0 79.4796161881036,24.760104262153,0 79.4796184014513,24.7601031458987,0 79.4796205494033,24.7601019277745,0 79.4796940494175,24.760057827762,0 79.4796961816139,24.7600564739159,0 79.4796982330113,24.7600550197004,0 79.4797001979491,24.7600534691284,0 79.4797020710053,24.7600518264785,0 79.4797038470114,24.7600500962832,0 79.4797055210668,24.760048283317,0 79.4797070885522,24.7600463925825,0 79.4797085451422,24.7600444292968,0 79.4797098868175,24.7600423988775,0 79.4797111098761,24.7600403069273,0 79.479712210943,24.7600381592185,0 79.47971318698,24.7600359616777,0 79.4797140352938,24.7600337203685,0 79.4797147535436,24.7600314414756,0 79.4797153397475,24.7600291312874,0 79.4797157922879,24.7600267961785,0 79.4797161099162,24.7600244425923,0 79.4797162917559,24.7600220770233,0 79.4797163373052,24.760019705999,0 79.4797162464384,24.7600173360619,0 79.4797160194064,24.7600149737516,0 79.4797156568354,24.7600126255865,0 79.4797151597262,24.7600102980462,0 79.4797145294502,24.7600079975531,0 79.4797137677469,24.7600057304553,0 79.4797128767179,24.7600035030084,0 79.4797118588219,24.7600013213589,0 79.4797107168677,24.7599991915266,0 79.4797094540065,24.7599971193887,0 79.4797080737229,24.759995110663,0 79.4797065798255,24.7599931708922,0 79.4796967846934,24.7599811368807,0 79.4796969421375,24.7599795269959,0 79.4796970367682,24.7599771450588,0 79.4796969935869,24.7599747618811,0 79.479696812714,24.7599723841062,0 79.4796964946538,24.7599700183625,0 79.4796960402929,24.7599676712448,0 79.4796954508979,24.759965349296,0 79.4796947281119,24.759963058989,0 79.4796938739496,24.7599608067082,0 79.4796928907923,24.7599585987322,0 79.4796917813805,24.7599564412161,0 79.479690548807,24.7599543401741,0 79.4796891965077,24.7599523014634,0 79.4796877282524,24.759950330767,0 79.479686148134,24.7599484335785,0 79.4796844605573,24.7599466151867,0 79.4796826702267,24.7599448806605,0 79.479680782133,24.7599432348351,0 79.4796788015395,24.7599416822987,0 79.4796767339675,24.7599402273789,0 79.4796745851804,24.7599388741317,0 79.4796723611685,24.7599376263295,0 79.4796700681313,24.7599364874505,0 79.4796677124612,24.7599354606696,0 79.4796653007248,24.7599345488492,0 79.4796628396452,24.7599337545309,0 79.479660336083,24.7599330799292,0 79.4796577970172,24.7599325269245,0 79.4796552295258,24.7599320970584,0 79.4796526407661,24.7599317915292,0 79.4796500379546,24.7599316111887,0 79.4796474283469,24.7599315565396,0 79.4796448192177,24.7599316277341,0 79.4796422178404,24.7599318245738,0 79.4795962178569,24.759936424573,0 79.4795937579241,24.7599367278065,0 79.47959131776,24.7599371434001,0 79.4795889035158,24.759937670306,0 79.4795865212777,24.7599383071961,0 79.4795841770508,24.7599390524648,0 79.4795818767446,24.7599399042334,0 79.4795520869475,24.7599517385382,0 79.479516868225,24.7599455838102,0 79.4794723991269,24.7599142570697,0 79.479470298583,24.7599128562319,0 79.4794681202598,24.7599115582111,0 79.4794658701873,24.7599103666005,0 79.4794635545937,24.7599092846984,0 79.4794611798889,24.7599083154996,0 79.4794587526463,24.7599074616871,0 79.4794562795845,24.7599067256241,0 79.4794537675494,24.7599061093482,0 79.4794512234943,24.7599056145653,0 79.4794486544614,24.7599052426449,0 79.4794460675621,24.7599049946167,0 79.4794434699571,24.759904871167,0 79.4794408688367,24.7599048726378,0 79.4794382714011,24.7599049990248,0 79.4794356848402,24.7599052499783,0 79.4794331163137,24.7599056248036,0 79.4794305729317,24.7599061224631,0 79.4794280617343,24.7599067415793,0 79.4794255896728,24.7599074804383,0 79.4794231635901,24.7599083369951,0 79.4794207902016,24.7599093088785,0 79.4794184760773,24.7599103933984,0 79.4794162276227,24.7599115875526,0 79.4794140510618,24.7599128880357,0 79.4794119524194,24.7599142912478,0 79.4794099375048,24.7599157933047,0 79.4794080118954,24.7599173900486,0 79.4794061809215,24.7599190770596,0 79.4794044496514,24.7599208496678,0 79.4794028228773,24.7599227029667,0 79.4794013051024,24.7599246318259,0 79.4793999005279,24.7599266309065,0 79.4793986130419,24.7599286946747,0 79.4793974462081,24.7599308174178,0 79.4793964032566,24.7599329932598,0 79.4793954870742,24.7599352161781,0 79.4793947001971,24.7599374800191,0 79.4793940448034,24.7599397785166,0 79.4793935227073,24.759942105308,0 79.479393135354,24.7599444539526,0 79.4793928838158,24.7599468179491,0 79.4793927687889,24.7599491907539,0 79.4793927905918,24.7599515657987,0 79.479392949164,24.7599539365093,0 79.4793932440667,24.7599562963233,0 79.4793936744836,24.7599586387086,0 79.4793942392233,24.7599609571812,0 79.4793949367224,24.7599632453235,0 79.4793957650503,24.7599654968016,0 79.479396721914,24.7599677053832,0 79.4793978046651,24.7599698649549,0 79.4793990103061,24.7599719695388,0 79.4794003355,24.7599740133091,0 79.4794017765784,24.7599759906085,0 79.4794033295522,24.7599778959638,0 79.4794253694478,24.7600035018815,0 79.4794151368297,24.7600107731185,0 79.4794131421074,24.7600122684987,0 79.4794112355647,24.760013856892,0 79.4794094223972,24.7600155339696,0 79.479407707546,24.7600172951615,0 79.4794060956844,24.760019135668,0 79.4794045912048,24.7600210504735,0 79.4794031982073,24.76002303436,0 79.4794019204879,24.760025081921,0 79.4794007615286,24.7600271875767,0 79.4793997244877,24.760029345589,0 79.4793988121914,24.7600315500768,0 79.4793980271256,24.7600337950328,0 79.4793973714299,24.760036074339,0 79.4793968468911,24.7600383817841,0 79.4793964549387,24.7600407110799,0 79.4793961966408,24.7600430558789,0 79.4793960727013,24.760045409791,0 79.479396083458,24.7600477664017,0 79.4793962288815,24.7600501192887,0 79.4793966382221,24.7600546406615,0 79.479395650266,24.7600556662874,0 79.4793940714894,24.7600574859637,0 79.4793925972474,24.7600593773439,0 79.4793912314385,24.7600613354265,0 79.4793899776749,24.760063355033,0 79.479388839272,24.7600654308227,0 79.4793878192405,24.7600675573059,0 79.4793869202779,24.7600697288592,0 79.4793861447614,24.7600719397398,0 79.479385494742,24.7600741841009,0 79.479385134099,24.7600757513201,0 79.479384290404,24.7600765616455,0 79.4793826083014,24.760078356579,0 79.4793810313344,24.7600802294048,0 79.4793795638216,24.7600821749941,0 79.4793782097816,24.7600841880191,0 79.4793769729226,24.7600862629669,0 79.4793758566317,24.7600883941554,0 79.4793748639659,24.7600905757483,0 79.4793739976435,24.7600928017714,0 79.4793732600371,24.7600950661286,0 79.4793726531665,24.7600973626191,0 79.4793726338131,24.7600974573455,0 79.4793649156721,24.7600923488207,0 79.4793627834366,24.760091013762,0 79.4793605776842,24.760089782309,0 79.4793583044469,24.7600886578294,0 79.4793559699413,24.7600876433982,0 79.4793535805513,24.7600867417894,0 79.4793511428113,24.7600859554688,0 79.4793486633874,24.7600852865866,0 79.4793461490601,24.760084736972,0 79.4793436067053,24.7600843081279,0 79.4793410432752,24.7600840012272,0 79.4793384657802,24.7600838171091,0 79.4793358812686,24.760083756277,0 79.4793332968082,24.7600838188974,0 79.4793307194667,24.7600840047989,0 79.4793281562921,24.7600843134733,0 79.4793256142939,24.7600847440764,0 79.4793231004235,24.7600852954306,0 79.4793206215554,24.7600859660282,0 79.4793181844686,24.7600867540353,0 79.4793157958276,24.7600876572971,0 79.4793134621646,24.7600886733433,0 79.4793111898612,24.7600897993955,0 79.4793089851314,24.7600910323744,0 79.4793068540044,24.760092368908,0 79.4793048023081,24.7600938053416,0 79.4793028356532,24.7600953377469,0 79.4793009594178,24.7600969619333,0 79.4792991787327,24.7600986734593,0 79.4792974984675,24.7601004676444,0 79.4792959232171,24.7601023395823,0 79.4792944572894,24.7601042841536,0 79.4792931046931,24.7601062960408,0 79.4792918691271,24.760108369742,0 79.4792907539703,24.7601104995863,0 79.4792897622721,24.7601126797495,0 79.4792723200091,24.7601540466218,0 79.4792709794257,24.7601522936421,0 79.4792693878956,24.7601504287201,0 79.4792676916207,24.76014864244,0 79.4792658952536,24.7601469397014,0 79.4792640037217,24.7601453251746,0 79.4792620222131,24.7601438032882,0 79.4792599561629,24.7601423782165,0 79.479257811238,24.7601410538683,0 79.4792555933217,24.760139833876,0 79.4792533084975,24.7601387215861,0 79.4792165085058,24.7601219215919,0 79.4792141695314,24.7601209226396,0 79.4792117766276,24.7601200365607,0 79.4792093363221,24.7601192657725,0 79.4792068552717,24.7601186123776,0 79.4792043402446,24.7601180781584,0 79.4792017981014,24.7601176645721,0 79.4791992357769,24.760117372747,0 79.4791966602609,24.7601172034792,0 79.4791940785792,24.7601171572305,0 79.4791914977742,24.7601172341269,0 79.4791889248863,24.7601174339587,0 79.4791863669339,24.7601177561808,0 79.479183830895,24.7601181999142,0 79.4791813236875,24.7601187639484,0 79.479178852151,24.7601194467448,0 79.4791764230275,24.7601202464409,0 79.4791740429434,24.760121160855,0 79.4791717183915,24.7601221874929,0 79.4791694557127,24.7601233235538,0 79.4791672610796,24.7601245659388,0 79.4791651404788,24.7601259112587,0 79.4791630996951,24.7601273558436,0 79.4791611442957,24.7601288957529,0 79.4791592796146,24.7601305267858,0 79.4791575107385,24.760132244493,0 79.4791558424928,24.7601340441888,0 79.4791542794283,24.7601359209638,0 79.4791528258089,24.7601378696983,0 79.4791514855998,24.7601398850764,0 79.4791502624571,24.7601419616003,0 79.4791500831072,24.7601423083503,0 79.47914386407,24.7601401360309,0 79.4791414122381,24.7601393464331,0 79.4791389183387,24.7601386756181,0 79.4791363892683,24.7601381254408,0 79.4791338320208,24.7601376974228,0 79.4791312536679,24.7601373927478,0 79.4791286613397,24.7601372122581,0 79.479126062205,24.760137156453,0 79.4791234634514,24.7601372254868,0 79.4791208722654,24.7601374191686,0 79.4791182958125,24.7601377369627,0 79.4791157412177,24.7601381779904,0 79.4791132155453,24.760138741032,0 79.4791107257798,24.7601394245306,0 79.4791082788063,24.7601402265959,0 79.4791058813916,24.7601411450101,0 79.4791035401655,24.7601421772332,0 79.4791012616023,24.7601433204109,0 79.4790990520031,24.7601445713818,0 79.4790969174783,24.7601459266866,0 79.4790948639306,24.7601473825772,0 79.4790928970389,24.7601489350276,0 79.4790796902352,24.7601599261221,0 79.479077637096,24.7601583396053,0 79.4790756515026,24.7601568837325,0 79.4790735864463,24.7601555231476,0 79.4790714474058,24.7601542614602,0 79.479069240056,24.7601531020176,0 79.4790669702532,24.760152047896,0 79.4790225738014,24.7601327272221,0 79.4790235368699,24.7601326493337,0 79.4790260748186,24.7601323223084,0 79.4790285907955,24.7601318756189,0 79.4790310780384,24.7601313104661,0 79.4790335298623,24.7601306283688,0 79.4790359396773,24.7601298311603,0 79.4790383010064,24.7601289209834,0 79.4790406075031,24.7601279002843,0 79.4790428529681,24.7601267718064,0 79.4790450313661,24.7601255385827,0 79.4790471368423,24.7601242039279,0 79.4790491637377,24.7601227714291,0 79.4790511066044,24.7601212449365,0 79.4790529602207,24.7601196285529,0 79.4790547196045,24.7601179266227,0 79.479056380027,24.7601161437202,0 79.4790579370256,24.7601142846374,0 79.4790593864153,24.7601123543711,0 79.4790607243006,24.7601103581092,0 79.4790619470857,24.7601083012173,0 79.479063051484,24.7601061892235,0 79.4790640345272,24.7601040278045,0 79.4790648935732,24.7601018227695,0 79.479065626313,24.7600995800451,0 79.4790662307774,24.7600973056592,0 79.4790667053416,24.7600950057246,0 79.4790670487302,24.760092686423,0 79.4790672600202,24.760090353988,0 79.4790673386437,24.7600880146886,0 79.4790673111099,24.7600868272083,0 79.4790699162482,24.7600870894503,0 79.4790725916308,24.7600872254011,0 79.4790994916405,24.7600879254018,0 79.4791020851443,24.7600879307497,0 79.4791046753867,24.7600878119022,0 79.4791072552396,24.7600875691863,0 79.4791098176034,24.7600872032699,0 79.4791123554269,24.76008671516,0 79.4791148617261,24.7600861061998,0 79.479117329604,24.7600853780651,0 79.4791197522691,24.7600845327597,0 79.4791221230547,24.7600835726097,0 79.4791244354363,24.7600825002575,0 79.4791266830507,24.760081318654,0 79.4791288597126,24.7600800310509,0 79.479130959432,24.7600786409915,0 79.4791329764307,24.7600771523012,0 79.4791349051581,24.7600755690767,0 79.4791367403066,24.7600738956749,0 79.479138476826,24.7600721367008,0 79.4791401099375,24.7600702969949,0 79.479141635147,24.76006838162,0 79.4791430482573,24.760066395847,0 79.4791443453797,24.7600643451405,0 79.4791455229445,24.7600622351438,0 79.4791465777113,24.7600600716636,0 79.4791475067774,24.7600578606534,0 79.4791483075861,24.7600556081978,0 79.4791483583789,24.7600554348568,0 79.4791492906603,24.7600547432341,0 79.4791496877021,24.7600548868401,0 79.4791521100373,24.7600556331802,0 79.4791545713854,24.760056264184,0 79.479157065165,24.7600567781642,0 79.4791595847077,24.7600571737464,0 79.4791621232764,24.7600574498729,0 79.4791646740832,24.7600576058053,0 79.4791672303071,24.7600576411266,0 79.479169785113,24.7600575557425,0 79.4791723316695,24.7600573498811,0 79.4791748631671,24.7600570240931,0 79.4791773728368,24.7600565792494,0 79.4791798539676,24.7600560165397,0 79.4791822999253,24.7600553374686,0 79.4791847041695,24.7600545438519,0 79.4791870602712,24.7600536378117,0 79.4791893619303,24.7600526217706,0 79.4791916029924,24.7600514984457,0 79.4791937774648,24.7600502708405,0 79.4791958795332,24.7600489422377,0 79.4791979035768,24.7600475161898,0 79.4791998441831,24.7600459965102,0 79.4792016961633,24.7600443872623,0 79.4792034545652,24.7600426927491,0 79.4792051146869,24.7600409175019,0 79.4792066720892,24.7600390662674,0 79.4792081226078,24.7600371439959,0 79.4792094623641,24.7600351558274,0 79.4792106877756,24.7600331070781,0 79.4792117955655,24.7600310032265,0 79.4792122902644,24.7600299241721,0 79.4792141678928,24.7600295318045,0 79.4792166200286,24.7600288963187,0 79.4792190330351,24.7600281462731,0 79.4792214004981,24.7600272836616,0 79.4792288435433,24.7600243664248,0 79.4792598009432,24.7600369447752,0 79.4792621624154,24.7600378382251,0 79.4792645713038,24.7600386190308,0 79.4792670211691,24.7600392851051,0 79.4792695054622,24.7600398346673,0 79.479272017542,24.7600402662485,0 79.4792745506934,24.7600405786948,0 79.4792770981445,24.7600407711711,0 79.4792796530856,24.7600408431628,0 79.4792822086867,24.7600407944774,0 79.4792847581163,24.7600406252452,0 79.4792872945591,24.7600403359185,0 79.4792898112346,24.7600399272708,0 79.4792923014154,24.7600394003943,0 79.4792947584446,24.7600387566977,0 79.4792971757541,24.7600379979016,0 79.4792995468819,24.7600371260344,0 79.4793018654895,24.7600361434269,0 79.4793041253787,24.7600350527057,0 79.4793063205085,24.7600338567866,0 79.4793084450107,24.7600325588665,0 79.4793104932061,24.760031162415,0 79.4793161932069,24.7600270624139,0 79.4793182068334,24.7600255333857,0 79.4793201289627,24.760023909138,0 79.4793219542012,24.7600221942284,0 79.479323677427,24.7600203934691,0 79.4793252938047,24.7600185119133,0 79.4793267987986,24.7600165548407,0 79.4793281881855,24.7600145277429,0 79.4793294580668,24.7600124363082,0 79.4793306048792,24.7600102864053,0 79.4793316254044,24.760008084067,0 79.479332516779,24.7600058354732,0 79.4793332765015,24.7600035469337,0 79.4793339024403,24.7600012248702,0 79.4793343928389,24.7599988757986,0 79.4793347463211,24.7599965063106,0 79.4793349618952,24.7599941230551,0 79.4793350389561,24.7599917327198,0 79.4793349772877,24.7599893420121,0 79.479334777063,24.7599869576405,0 79.4793344388439,24.7599845862958,0 79.4793339635794,24.759982234632,0 79.4793333526032,24.7599799092481,0 79.4793326076297,24.7599776166694,0 79.4793317307495,24.7599753633289,0 79.479330724423,24.7599731555498,0 79.4793295914741,24.7599709995271,0 79.4793283350819,24.7599689013109,0 79.4793269587721,24.7599668667889,0 79.4793254664066,24.7599649016701,0 79.4793238621731,24.7599630114688,0 79.4793221505732,24.7599612014889,0 79.4793203364098,24.7599594768096,0 79.4793184247735,24.7599578422702,0 79.4793164210286,24.7599563024575,0 79.4792712014977,24.7599233808172,0 79.4792716942829,24.7599226251714,0 79.479272241467,24.7599217365441,0 79.4792725403784,24.7599215978031,0 79.4792747673738,24.7599204273849,0 79.4792769247651,24.7599191528946,0 79.4792790067244,24.7599177777748,0 79.4792810076279,24.7599163057401,0 79.4792829220708,24.7599147407668,0 79.4792847448815,24.7599130870823,0 79.4792864711362,24.7599113491537,0 79.4792880961718,24.7599095316754,0 79.4792896155988,24.7599076395571,0 79.4792910253128,24.7599056779097,0 79.4792923215058,24.7599036520322,0 79.4792935006764,24.759901567397,0 79.4792945596394,24.7598994296352,0 79.4792954955344,24.7598972445214,0 79.4792963058331,24.7598950179583,0 79.4792969883468,24.7598927559603,0 79.4792975412319,24.7598904646375,0 79.4792979629949,24.7598881501796,0 79.4792982524965,24.7598858188384,0 79.4792984089547,24.7598834769115,0 79.4792984319468,24.7598811307249,0 79.4792983214109,24.7598787866163,0 79.4792980776453,24.7598764509178,0 79.4792977013088,24.7598741299387,0 79.4792971934178,24.7598718299485,0 79.4792965553442,24.75986955716,0 79.4792957888117,24.7598673177127,0 79.4792948958909,24.7598651176558,0 79.4792938789939,24.7598629629323,0 79.4792927408674,24.7598608593626,0 79.4792922430755,24.7598600483603,0 79.4793093040116,24.7598518591097,0 79.479311645542,24.7598506599809,0 79.4793139123356,24.75984934656,0 79.4793160977082,24.7598479227199,0 79.4793181952158,24.759846392659,0 79.4793201986734,24.7598447608891,0 79.4793221021735,24.7598430322219,0 79.4793239001031,24.7598412117546,0 79.4793255871607,24.7598393048553,0 79.4793271583716,24.7598373171469,0 79.4793286091028,24.7598352544905,0 79.4793299350764,24.7598331229685,0 79.4793369350736,24.7598211229664,0 79.4793380796146,24.7598190321745,0 79.4793391041039,24.7598168900904,0 79.4793400057949,24.7598147024567,0 79.4793407822703,24.7598124751386,0 79.4793414314483,24.7598102141072,0 79.4793419515885,24.7598079254243,0 79.4793423412966,24.7598056152257,0 79.4793425995276,24.7598032897049,0 79.4793427255893,24.7598009550965,0 79.4793427231486,24.7598000699859,0 79.479344543591,24.7597988260856,0 79.4793465262117,24.7597973178058,0 79.4793484199434,24.7597957171181,0 79.4793502196268,24.7597940283837,0 79.4793519203587,24.7597922562034,0 79.4793535175054,24.7597904054054,0 79.4793550067157,24.7597884810322,0 79.4793563839321,24.7597864883267,0 79.4793576454026,24.7597844327178,0 79.4793587876903,24.7597823198062,0 79.4793598076832,24.7597801553482,0 79.4793607026021,24.7597779452409,0 79.4793614700091,24.7597756955056,0 79.4793621078134,24.7597734122718,0 79.4793626142772,24.7597711017598,0 79.4793629880207,24.7597687702648,0 79.4793632280258,24.7597664241386,0 79.4793633336384,24.7597640697734,0 79.479363304571,24.7597617135834,0 79.4793631409026,24.7597593619879,0 79.4793628430793,24.759757021394,0 79.4793624119123,24.7597546981783,0 79.4793618485765,24.7597523986704,0 79.4793611546067,24.7597501291353,0 79.4793603318934,24.7597478957561,0 79.4793593826782,24.7597457046177,0 79.4793583095472,24.7597435616897,0 79.4793571154241,24.7597414728105,0 79.4793466178869,24.7597242224833,0 79.479346901867,24.7597236541707,0 79.4793478544761,24.7597214476982,0 79.4793482690373,24.7597203166815,0 79.4793537013163,24.7597165890128,0 79.4793556455865,24.7597151838155,0 79.4793575102526,24.7597136913717,0 79.4793592906243,24.7597121154356,0 79.4793609822229,24.7597104599713,0 79.4793625807932,24.7597087291433,0 79.4793640823142,24.7597069273053,0 79.4793654830087,24.7597050589898,0 79.4793667793534,24.7597031288966,0 79.4793679680872,24.7597011418808,0 79.4793684510653,24.7597002841116,0 79.4793692045459,24.7597003230721,0 79.4793718060675,24.7597003324302,0 79.4793744045265,24.7597002168171,0 79.4793769927277,24.7596999765529,0 79.4793795635043,24.7596996123028,0 79.479382109738,24.7596991250755,0 79.4793846243782,24.75969851622,0 79.4793871004619,24.7596977874224,0 79.4793895311329,24.7596969407006,0 79.4793919096606,24.7596959783992,0 79.4793942294589,24.7596949031828,0 79.4793964841044,24.7596937180287,0 79.4793986673538,24.7596924262185,0 79.4794007731619,24.7596910313293,0 79.4794017154907,24.7596903352037,0 79.4794024230164,24.7596908420433,0 79.4794045613648,24.759692213611,0 79.479406776093,24.7596934800924,0 79.4794090610132,24.7596946379492,0 79.4794114097419,24.7596956839466,0 79.479413815717,24.7596966151623,0 79.4794162722167,24.7596974289945,0 79.4794187723778,24.7596981231695,0 79.4794213092154,24.759698695748,0 79.4794238756419,24.7596991451302,0 79.4794264644872,24.7596994700607,0 79.4794290685184,24.7596996696316,0 79.4794316804603,24.7596997432853,0 79.4794342930156,24.7596996908161,0 79.4794368988852,24.7596995123707,0 79.4794394907887,24.7596992084474,0 79.4794420614849,24.7596987798955,0 79.4794446037914,24.7596982279122,0 79.4794471106057,24.7596975540397,0 79.4794495749239,24.7596967601607,0 79.4794519898614,24.7596958484931,0 79.4794913898724,24.7596798484884,0 79.4794937233452,24.7596788333608,0 79.4794959955261,24.7596777082596,0 79.4794982002045,24.7596764762604,0 79.479500331354,24.7596751407305,0 79.4795023831496,24.7596737053205,0 79.4795043499826,24.759672173954,0 79.4795062264772,24.7596705508168,0 79.479508007504,24.7596688403456,0 79.4795094321545,24.7596673203852,0 79.4795102129384,24.7596675869763,0 79.4795127029001,24.7596683028241,0 79.4795152307707,24.7596688976645,0 79.4795177895024,24.759669369839,0 79.4795203719615,24.7596697180312,0 79.479522970948,24.7596699412704,0 79.479525579216,24.7596700389342,0 79.4795281894935,24.7596700107502,0 79.4795307945031,24.7596698567971,0 79.479533386982,24.7596695775041,0 79.4795359597023,24.7596691736498,0 79.4795385054912,24.7596686463602,0 79.4795410172512,24.7596679971054,0 79.4795434879792,24.7596672276955,0 79.479545910787,24.7596663402756,0 79.4795482789198,24.7596653373199,0 79.4795505857751,24.7596642216246,0 79.4795528249214,24.7596629963004,0 79.479554990116,24.7596616647633,0 79.4795570753222,24.7596602307258,0 79.4795590747266,24.7596586981859,0 79.4795609827547,24.7596570714164,0 79.479562794087,24.7596553549527,0 79.4795645036734,24.7596535535804,0 79.4795661067476,24.7596516723218,0 79.4795876444607,24.7596249714511,0 79.4796205549746,24.7596113808732,0 79.4796210666855,24.7595693468652,0 79.4796542992399,24.7595696841819,0 79.4796543389267,24.7595683819614,0 79.479654276736,24.7595660349061,0 79.4796540810001,24.759563693977,0 79.4796537522485,24.7595613655054,0 79.4796532913702,24.7595590557891,0 79.4796526996118,24.7595567710748,0 79.4796519785738,24.7595545175418,0 79.4796511302062,24.7595523012852,0 79.4796501568037,24.759550128299,0 79.479649060999,24.7595480044602,0 79.4796478457556,24.7595459355132,0 79.4796465143605,24.7595439270536,0 79.4796450704145,24.7595419845134,0 79.479643517823,24.7595401131466,0 79.4796418607851,24.7595383180144,0 79.4796401037824,24.7595366039721,0 79.4796382515672,24.7595349756553,0 79.4796363091487,24.7595334374682,0 79.4796342817806,24.7595319935708,0 79.479632174946,24.7595306478685,0 79.4796299943433,24.7595294040007,0 79.4796157801805,24.7595217577625,0 79.4796254611208,24.7595119871811,0 79.4796270991319,24.7595102470836,0 79.479628638197,24.7595084332348,0 79.4796300743402,24.7595065503206,0 79.479631403851,24.7595046032057,0 79.4796326232948,24.7595025969203,0 79.479633729521,24.7595005366478,0 79.4796347196718,24.7594984277108,0 79.4796355911891,24.7594962755578,0 79.4796363418213,24.7594940857488,0 79.4796369696292,24.7594918639413,0 79.4796374729909,24.7594896158752,0 79.4796378506058,24.7594873473586,0 79.4796412391145,24.7594628079333,0 79.4796523898882,24.7594559603084,0 79.4796544967801,24.7594545920902,0 79.47965652246,24.7594531251707,0 79.4796584613884,24.7594515635617,0 79.4796603082628,24.7594499115336,0 79.4796620580326,24.7594481736044,0 79.4796637059127,24.7594463545266,0 79.4796652473966,24.759444459275,0 79.4796666782688,24.7594424930325,0 79.4796679946164,24.7594404611762,0 79.4796691928394,24.7594383692626,0 79.4796702696612,24.7594362230125,0 79.479671222137,24.7594340282952,0 79.4796720476619,24.7594317911126,0 79.4796727439785,24.7594295175829,0 79.4796733091825,24.7594272139233,0 79.4796737417283,24.7594248864338,0 79.479674040433,24.7594225414792,0 79.4796742044798,24.7594201854725,0 79.4796742334199,24.7594178248565,0 79.4796741271744,24.7594154660869,0 79.4796738860337,24.7594131156141,0 79.4796735106573,24.7594107798661,0 79.4796730020718,24.7594084652303,0 79.479672361668,24.7594061780367,0 79.4796715911972,24.7594039245399,0 79.4796706927664,24.7594017109028,0 79.4796696688326,24.7593995431789,0 79.479668522196,24.7593974272962,0 79.4796672559922,24.7593953690411,0 79.4796658736839,24.7593933740423,0 79.4796643790514,24.7593914477556,0 79.4796627761821,24.7593895954487,0 79.4796610694592,24.7593878221872,0 79.4796592635502,24.7593861328203,0 79.4796573633938,24.7593845319681,0 79.4796553741862,24.7593830240083,0 79.4796533013674,24.7593816130648,0 79.4796511506058,24.759380302996,0 79.4796489277833,24.7593790973847,0 79.4796466389786,24.7593779995278,0 79.4796442904507,24.7593770124276,0 79.4796433134823,24.7593766570639,0 79.4796499846842,24.7593683995445,0 79.4796514543987,24.7593664778518,0 79.4796528128991,24.7593644890933,0 79.4796540565234,24.7593624386301,0 79.4796551819187,24.75936033199,0 79.4796561860515,24.7593581748521,0 79.4796570415317,24.7593560347783,0 79.4796573903346,24.7593567234113,0 79.4796586067167,24.7593588264954,0 79.47965994271,24.7593608681643,0 79.4796613946065,24.7593628427512,0 79.4796629583761,24.7593647447754,0 79.4796646296784,24.7593665689574,0 79.4796664038746,24.7593683102342,0 79.47966827604,24.7593699637724,0 79.4796702409782,24.7593715249824,0 79.4796722932353,24.759372989531,0 79.4796744271149,24.759374353353,0 79.4796766366943,24.7593756126631,0 79.4796982366982,24.7593872126668,0 79.4797004912412,24.7593883522948,0 79.4797028077527,24.7593893831057,0 79.4797051799393,24.7593903022988,0 79.4797076013558,24.7593911073768,0 79.4797100654236,24.7593917961524,0 79.4797125654483,24.7593923667544,0 79.4797150946373,24.7593928176323,0 79.4797176461194,24.7593931475614,0 79.4797202129624,24.7593933556451,0 79.4797227881925,24.7593934413181,0 79.4797253648131,24.7593934043478,0 79.4797279358239,24.7593932448344,0 79.4797304942397,24.7593929632115,0 79.4797330331096,24.7593925602441,0 79.4797355455359,24.759392037027,0 79.4797380246925,24.7593913949818,0 79.4797404638439,24.7593906358529,0 79.4797428563632,24.7593897617026,0 79.4797451957503,24.759388774906,0 79.4797474756492,24.759387678144,0 79.4797496898659,24.7593864743964,0 79.4797518323845,24.7593851669337,0 79.4797529268228,24.7593844209,0 79.4797551127856,24.759389991585,0 79.4797538054947,24.7593911201244,0 79.4797520173236,24.7593928346101,0 79.479750330051,24.759394632343,0 79.4797487483176,24.7593965083783,0 79.4797472764742,24.7593984575558,0 79.4797459185692,24.7594004745141,0 79.4797446783376,24.7594025537055,0 79.4797435591908,24.7594046894111,0 79.4797425642071,24.7594068757563,0 79.4797416961232,24.7594091067275,0 79.4797409573269,24.7594113761882,0 79.4797403498503,24.7594136778962,0 79.4797398753644,24.7594160055204,0 79.4797395351741,24.7594183526585,0 79.4797393302154,24.7594207128545,0 79.4797392610518,24.7594230796166,0 79.4797393278738,24.7594254464347,0 79.4797395304974,24.7594278067989,0 79.4797398683653,24.7594301542166,0 79.4797403405483,24.7594324822313,0 79.4797409457476,24.7594347844394,0 79.4797416822985,24.7594370545087,0 79.4797425481751,24.759439286195,0 79.4797435409958,24.7594414733601,0 79.4797446580297,24.7594436099878,0 79.4797458962043,24.7594456902014,0 79.479747252114,24.7594477082789,0 79.4797487220292,24.7594496586696,0 79.4797503019069,24.7594515360087,0 79.4797519874014,24.7594533351324,0 79.4797537738767,24.7594550510922,0 79.4797556564189,24.7594566791681,0 79.4797576298501,24.759458214882,0 79.479759688742,24.7594596540099,0 79.4797618274316,24.7594609925932,0 79.4797848274352,24.7594745925975,0 79.4797870462487,24.759475830216,0 79.4797893332493,24.7594769596087,0 79.4797916821116,24.7594779776519,0 79.4797940863392,24.7594788815299,0 79.4797965392824,24.7594796687428,0 79.479799034157,24.7594803371133,0 79.4798015640626,24.7594808847928,0 79.4798041220022,24.7594813102665,0 79.4798067009008,24.7594816123578,0 79.4798092936259,24.759481790231,0 79.4798118930066,24.7594818433943,0 79.4798144918534,24.7594817717005,0 79.4798170829786,24.7594815753479,0 79.4798196592156,24.7594812548797,0 79.479822213439,24.7594808111822,0 79.4798247385846,24.7594802454825,0 79.4798272276681,24.7594795593453,0 79.4798273918589,24.7594795053334,0 79.4798349210004,24.7594996081608,0 79.4798357924714,24.7595017554924,0 79.4798364507968,24.759503155302,0 79.4798341407204,24.7595040711851,0 79.4798318454883,24.7595051134478,0 79.4798296125041,24.7595062629403,0 79.479823115888,24.759509813004,0 79.4798052713426,24.7595097565334,0 79.4798026214166,24.7595098130309,0 79.4797999786153,24.7595099991317,0 79.4797973505355,24.7595103143008,0 79.4797947447316,24.7595107576323,0 79.4797921686942,24.7595113278518,0 79.4797896298279,24.7595120233201,0 79.479787135431,24.7595128420382,0 79.4797846926734,24.7595137816527,0 79.4797823085771,24.7595148394625,0 79.479779989995,24.759516012427,0 79.479777743592,24.7595172971746,0 79.4797755758254,24.7595186900121,0 79.4797734929266,24.7595201869359,0 79.4797715008828,24.7595217836429,0 79.4797696054202,24.7595234755435,0 79.4797404054205,24.7595509755367,0 79.4797386418078,24.7595527265183,0 79.479736981659,24.7595545599014,0 79.4797354295841,24.7595564705949,0 79.4797339898932,24.7595584532929,0 79.4797326665843,24.7595605024895,0 79.479731463332,24.7595626124944,0 79.4797303834778,24.759564777448,0 79.4797294300204,24.7595669913384,0 79.4797286056074,24.7595692480178,0 79.4797279125283,24.7595715412196,0 79.4797273527076,24.7595738645756,0 79.4797269276999,24.7595762116341,0 79.4797266386856,24.7595785758772,0 79.4797264864672,24.7595809507398,0 79.4797264714673,24.7595833296269,0 79.4797265937277,24.7595857059325,0 79.4797268529088,24.7595880730578,0 79.479727248291,24.7595904244293,0 79.4797277787762,24.7595927535174,0 79.4797284428914,24.7595950538544,0 79.4797292387924,24.7595973190524,0 79.4797301642689,24.7595995428211,0 79.479731216751,24.7596017189851,0 79.4797323933161,24.7596038415014,0 79.4797336906968,24.7596059044759,0 79.4797351052904,24.7596079021797,0 79.4797366331688,24.7596098290655,0 79.4797382700889,24.7596116797823,0 79.4797400115053,24.7596134491908,0 79.4797418525821,24.7596151323774,0 79.4797437882067,24.759616724668,0 79.479745813004,24.759618221641,0 79.4797479213513,24.7596196191393,0 79.4797501073938,24.7596209132821,0 79.479752365061,24.7596221004756,0 79.4797546880834,24.7596231774232,0 79.4797570700103,24.7596241411341,0 79.4797595042269,24.7596249889322,0 79.4797598158544,24.7596250806116,0 79.4797601103991,24.7596265520416,0 79.479760692863,24.7596288029705,0 79.4797614008188,24.7596310237046,0 79.479762232408,24.7596332084145,0 79.4797631854478,24.7596353513655,0 79.4797642574366,24.7596374469323,0 79.4797647901606,24.7596383628183,0 79.4797553397407,24.7596565366901,0 79.47975428485,24.7596587114049,0 79.4797533568612,24.7596609338339,0 79.4797525583502,24.7596631978079,0 79.4797518915337,24.7596654970423,0 79.4797513582627,24.7596678251546,0 79.4797509600175,24.759670175682,0 79.4797506979036,24.7596725420997,0 79.4797505726487,24.7596749178388,0 79.4797505846004,24.7596772963042,0 79.4797507337256,24.7596796708937,0 79.4797510196104,24.7596820350154,0 79.479751441461,24.7596843821068,0 79.4797519981066,24.7596867056526,0 79.479752688002,24.7596889992026,0 79.4797535092319,24.7596912563903,0 79.4797544595168,24.7596934709498,0 79.4797555362188,24.7596956367337,0 79.479756736349,24.7596977477298,0 79.4797580565759,24.7596997980783,0 79.4797594932347,24.7597017820875,0 79.4797610423374,24.75970369425,0 79.4797626995837,24.7597055292577,0 79.4797644603733,24.7597072820167,0 79.4797663198183,24.7597089476616,0 79.4797682727571,24.7597105215687,0 79.4797703137684,24.7597119993688,0 79.4797724371866,24.7597133769597,0 79.4797746371171,24.7597146505174,0 79.4797769074532,24.7597158165065,0 79.4797792418926,24.7597168716903,0 79.479779527459,24.7597169840813,0 79.4797796557229,24.759717453316,0 79.479780396104,24.7597196705591,0 79.4797812601505,24.7597218501769,0 79.4797822455845,24.7597239864227,0 79.4797833498076,24.759726073664,0 79.4797845699087,24.7597281063978,0 79.4797891414497,24.7597352794289,0 79.4797798096198,24.7597520767088,0 79.4797787132213,24.7597541834178,0 79.4797777374529,24.7597563390244,0 79.4797768849195,24.7597585377743,0 79.4797761578969,24.7597607737975,0 79.4797755583261,24.7597630411249,0 79.4797750878077,24.7597653337037,0 79.4797747475977,24.7597676454135,0 79.4797745386044,24.7597699700831,0 79.4797744613857,24.7597723015065,0 79.4797745161478,24.7597746334599,0 79.4797747027444,24.7597769597178,0 79.4797750206775,24.7597792740701,0 79.4797754690984,24.7597815703385,0 79.4797760468098,24.7597838423928,0 79.4797767522696,24.7597860841676,0 79.4797775835945,24.7597882896783,0 79.4797785385652,24.759790453037,0 79.4797796146323,24.7597925684686,0 79.4797808089233,24.7597946303255,0 79.4797821182497,24.7597966331037,0 79.4797835391163,24.7597985714563,0 79.4797845437073,24.7597997995837,0 79.4797836077197,24.7598013800981,0 79.4797824914176,24.7598035282956,0 79.4797815005345,24.759805727183,0 79.479780637819,24.7598079706601,0 79.4797799056648,24.7598102525029,0 79.4797748056587,24.759827852501,0 79.4797742154956,24.7598301254015,0 79.4797737548783,24.7598324231341,0 79.4797734250402,24.7598347395468,0 79.4797732268644,24.7598370684375,0 79.4797731608814,24.7598394035708,0 79.479773227268,24.7598417386945,0 79.4797734258464,24.7598440675566,0 79.479773756085,24.7598463839217,0 79.4797742170995,24.7598486815879,0 79.4797748076556,24.7598509544033,0 79.4797755261723,24.7598531962827,0 79.4797763707256,24.7598554012236,0 79.4797773390544,24.7598575633225,0 79.4797784285661,24.7598596767903,0 79.4797796363435,24.7598617359687,0 79.479780959153,24.7598637353441,0 79.4797823934528,24.7598656695634,0 79.4797839354028,24.759867533448,0 79.4797855808743,24.7598693220074,0 79.4797873254619,24.7598710304528,0 79.4797891644945,24.75987265421,0 79.4797910930483,24.7598741889316,0 79.4797931059596,24.7598756305083,0 79.4797951978392,24.7598769750806,0 79.479797363086,24.7598782190483,0 79.4797995959028,24.7598793590809,0 79.4798018903115,24.7598803921261,0 79.4798042401688,24.7598813154178,0 79.4798066391833,24.7598821264841,0 79.4798090809318,24.7598828231534,0 79.4798095245568,24.7598829270633,0 79.4798091338061,24.7598834382122,0 79.4798077656355,24.7598854439656,0 79.4798065142787,24.7598875123423,0 79.4798053831643,24.7598896376751,0 79.4798043753916,24.7598918141409,0 79.4798034937215,24.7598940357762,0 79.47980274057,24.7598962964941,0 79.4798021180005,24.7598985901004,0 79.4798016277188,24.7599009103109,0 79.4798012710683,24.7599032507684,0 79.4798010490262,24.7599056050604,0 79.4798009622007,24.7599079667362,0 79.4798010108299,24.7599103293252,0 79.4798011947805,24.759912686354,0 79.4798015135485,24.7599150313647,0 79.4798019662605,24.7599173579321,0 79.4798025516761,24.7599196596817,0 79.4798032681914,24.759921930307,0 79.4798041138432,24.7599241635866,0 79.4798050863145,24.7599263534015,0 79.4798061829408,24.759928493752,0 79.4798074007175,24.7599305787736,0 79.479808736308,24.7599326027536,0 79.4798101860529,24.7599345601465,0 79.4798117459801,24.7599364455892,0 79.4798131604386,24.7599379810368,0 79.4797836697239,24.7599375617368,0 79.4797810764319,24.7599375869849,0 79.4797784881579,24.7599377363729,0 79.4797759120242,24.7599380094899,0 79.4797733551197,24.7599384055843,0 79.4797708244804,24.759938923566,0 79.4797683270699,24.7599395620099,0 79.4797658697606,24.759940319159,0 79.4797634593143,24.7599411929299,0 79.479761102364,24.759942180918,0 79.4797588053954,24.7599432804049,0 79.4797565747293,24.7599444883648,0 79.4797544165039,24.7599458014738,0 79.479752336658,24.7599472161186,0 79.479750340915,24.7599487284064,0 79.4797484347666,24.7599503341758,0 79.4797466234581,24.759952029008,0 79.4797449119737,24.7599538082393,0 79.4797433050231,24.7599556669738,0 79.4797418070281,24.7599576000965,0 79.479740422111,24.7599596022881,0 79.4797391540827,24.759961668039,0 79.4797380064324,24.7599637916647,0 79.4797369823182,24.7599659673216,0 79.4797360845584,24.7599681890228,0 79.4797353156231,24.7599704506546,0 79.4797346776285,24.7599727459937,0 79.4797341723301,24.7599750687238,0 79.4797338011184,24.7599774124534,0 79.4797335650149,24.759979770733,0 79.4797334646693,24.7599821370733,0 79.4797335003576,24.7599845049626,0 79.4797336719818,24.7599868678852,0 79.4797339790695,24.7599892193387,0 79.4797344207758,24.7599915528526,0 79.4797349958852,24.7599938620057,0 79.4797357028151,24.7599961404436,0 79.4797365396201,24.7599983818968,0 79.4797375039978,24.7600005801971,0 79.4797385932943,24.7600027292956,0 79.4797398045121,24.7600048232783,0 79.4797411343183,24.7600068563831,0 79.4797425790536,24.7600088230154,0 79.4797441347424,24.7600107177635,0 79.4797457971038,24.7600125354135,0 79.4797475615635,24.7600142709638,0 79.479749423266,24.7600159196383,0 79.4797513770885,24.7600174769005,0 79.4797534176544,24.7600189384652,0 79.4797555393486,24.7600203003103,0 79.4797577363328,24.7600215586885,0 79.4797986733154,24.7600436618232,0 79.4797991455395,24.7600446865657,0 79.4798002665001,24.760046803425,0 79.4798015066482,24.7600488641178,0 79.4798028626193,24.7600508630538,0 79.4798043307349,24.76005279481,0 79.4798059070121,24.7600546541457,0 79.4798075871746,24.7600564360167,0 79.4798093666643,24.7600581355889,0 79.4798112406536,24.7600597482517,0 79.4798132040586,24.7600612696299,0 79.4798152515526,24.7600626955962,0 79.4798173775811,24.7600640222822,0 79.4798195763764,24.7600652460886,0 79.4798218419733,24.7600663636953,0 79.4798241682254,24.7600673720704,0 79.4798265488219,24.7600682684783,0 79.4798289773044,24.7600690504871,0 79.4798314470847,24.7600697159752,0 79.4798339514625,24.7600702631373,0 79.4798364836436,24.760070690489,0 79.4798387293477,24.7600709599806,0 79.4798391625121,24.7600737151132,0 79.4798395940203,24.7600760299629,0 79.4798401567636,24.7600783211932,0 79.4798408492194,24.7600805826053,0 79.4798416695142,24.7600828080808,0 79.4798426154287,24.7600849915984,0 79.4798436844036,24.7600871272508,0 79.4798448735469,24.7600892092597,0 79.4798461796413,24.7600912319922,0 79.479847599153,24.7600931899756,0 79.4798491282415,24.7600950779127,0 79.4798507627698,24.7600968906954,0 79.4798524983157,24.7600986234192,0 79.4798543301835,24.7601002713962,0 79.479856253417,24.7601018301677,0 79.4798582628129,24.7601032955164,0 79.4798603529346,24.7601046634776,0 79.4798625181273,24.7601059303504,0 79.4798647525328,24.7601070927071,0 79.479867050106,24.7601081474029,0 79.4798694046306,24.7601090915843,0 79.4798718097364,24.7601099226968,0 79.4798742589162,24.7601106384917,0 79.4798767455437,24.7601112370325,0 79.4798792628912,24.7601117166997,0 79.4798818041479,24.7601120761957,0 79.4798843624383,24.7601123145477,0 79.4798869308408,24.7601124311109,0 79.4798895024066,24.7601124255699,0 79.4798920701781,24.7601122979398,0 79.4798946272081,24.7601120485658,0 79.4798971665785,24.7601116781226,0 79.4798996814188,24.7601111876124,0 79.4799021649251,24.7601105783625,0 79.4799046103781,24.7601098520211,0 79.4799070111615,24.7601090105533,0 79.4799093607799,24.7601080562358,0 79.4799116528764,24.7601069916506,0 79.4799138812494,24.7601058196779,0 79.4799160398702,24.7601045434886,0 79.4799411398747,24.7600888434842,0 79.4799432929305,24.7600874175651,0 79.4799453588897,24.7600858879809,0 79.4799473317729,24.7600842591587,0 79.4799492058701,24.7600825358127,0 79.4799509757572,24.7600807229306,0 79.4799526363117,24.7600788257594,0 79.4799541827275,24.7600768497901,0 79.4799556105289,24.7600748007414,0 79.4799569155836,24.7600726845441,0 79.4799580941142,24.7600705073227,0 79.47995914271,24.7600682753788,0 79.4799600583359,24.7600659951722,0 79.479960838342,24.7600636733024,0 79.4799614804707,24.7600613164894,0 79.4799615701337,24.7600608908456,0 79.4799631988339,24.7600607274146,0 79.479965780571,24.7600603412256,0 79.4799683363211,24.7600598308741,0 79.4799708589277,24.7600591977894,0 79.4799733413269,24.760058443744,0 79.4799757765678,24.7600575708495,0 79.4799781578312,24.7600565815501,0 79.4799804784492,24.7600554786159,0 79.4799827319238,24.7600542651354,0 79.4799849119448,24.7600529445066,0 79.4799870124078,24.7600515204273,0 79.4799890274313,24.7600499968852,0 79.4799909513728,24.7600483781466,0 79.479992778845,24.760046668744,0 79.4799986876491,24.7600408408811,0 79.4800193080209,24.7600418878318,0 79.4800208067131,24.7600424537643,0 79.4800232427813,24.760043240275,0 79.480025720524,24.7600439094958,0 79.4800282331736,24.7600444595986,0 79.4800307738667,24.7600448890808,0 79.4800333356635,24.7600451967693,0 79.4800359115665,24.7600453818238,0 79.4800384945398,24.7600454437386,0 79.4800410775279,24.7600453823448,0 79.4800436534757,24.76004519781,0 79.4800462153469,24.7600448906382,0 79.4800487561438,24.7600444616684,0 79.4800512689264,24.7600439120725,0 79.4800537468311,24.7600432433516,0 79.4800561830895,24.7600424573322,0 79.480058571047,24.7600415561614,0 79.4800609041811,24.7600405423007,0 79.4800631761188,24.7600394185195,0 79.4800653806545,24.7600381878872,0 79.4800675117664,24.7600368537654,0 79.4800695636336,24.7600354197982,0 79.4800715306515,24.7600338899023,0 79.480071590093,24.7600338385419,0 79.4800810855997,24.7600373844821,0 79.4800835582677,24.7600382381376,0 79.4800860773711,24.7600389698904,0 79.4800886357076,24.7600395776481,0 79.480091225963,24.7600400596732,0 79.4800938407317,24.7600404145877,0 79.480096472538,24.7600406413768,0 79.4800991138575,24.7600407393921,0 79.4801017571388,24.7600407083535,0 79.4801043948246,24.7600405483495,0 79.4801070193737,24.7600402598378,0 79.4801096232826,24.760039843643,0 79.4801121991065,24.7600393009553,0 79.4801147394813,24.760038633326,0 79.4801172371439,24.760037842664,0 79.4801196849535,24.7600369312298,0 79.4801220759117,24.7600359016291,0 79.4801244031829,24.7600347568057,0 79.4801266601132,24.7600335000325,0 79.4801369635893,24.7600274116154,0 79.480138069943,24.7600273873679,0 79.4801406313673,24.7600272093579,0 79.4801431792079,24.7600269101025,0 79.4801457065864,24.7600264904095,0 79.4801482066792,24.760025951412,0 79.4801506727368,24.7600252945652,0 79.4801530981011,24.7600245216424,0 79.4801554762245,24.7600236347303,0 79.4801578006862,24.7600226362235,0 79.480160065211,24.7600215288177,0 79.4801622636849,24.7600203155026,0 79.4801643901727,24.7600189995539,0 79.4801664389332,24.7600175845245,0 79.4801678902642,24.760016469323,0 79.4801697867831,24.7600163574502,0 79.4801723757083,24.7600160790057,0 79.4801749449614,24.7600156763435,0 79.4801774873993,24.760015150583,0 79.4801799959534,24.7600145031859,0 79.4801824636495,24.7600137359523,0 79.480203079055,24.7600067673647,0 79.480221887276,24.7600009802199,0 79.4802242762734,24.7600001820808,0 79.4802266171474,24.7599992727904,0 79.4802289037004,24.759998254756,0 79.4802311298784,24.759997130673,0 79.4802332897876,24.7599959035175,0 79.4802353777092,24.7599945765386,0 79.4802373881155,24.7599931532494,0 79.4802393156835,24.7599916374184,0 79.48024115531,24.7599900330587,0 79.4802429021243,24.7599883444182,0 79.4802445515016,24.7599865759676,0 79.4802460990751,24.759984732389,0 79.4802475407473,24.7599828185636,0 79.480248495296,24.7599814003037,0 79.4802494365977,24.759981112126,0 79.4802518420845,24.759980245469,0 79.4802541946532,24.7599792651476,0 79.4802564878672,24.7599781738435,0 79.4802587154526,24.7599769745427,0 79.4802608713149,24.7599756705262,0 79.4802629495558,24.7599742653618,0 79.4802649444895,24.7599727628938,0 79.4802668506579,24.7599711672328,0 79.4802686628461,24.7599694827445,0 79.4802850342909,24.7599534467776,0 79.4802852856441,24.7599533622517,0 79.4802876429546,24.7599525061919,0 79.4802899490704,24.7599515408431,0 79.4802921979191,24.7599504687472,0 79.4802943835795,24.7599492927271,0 79.4802965002964,24.7599480158794,0 79.4802985424966,24.759946641566,0 79.4803005048025,24.7599451734058,0 79.4803023820475,24.7599436152643,0 79.4803041692885,24.7599419712445,0 79.4803058618196,24.759940245675,0 79.4803074551842,24.7599384430994,0 79.480316800851,24.7599272968893,0 79.480317990886,24.759927152978,0 79.480320518202,24.7599267863467,0 79.4803230213566,24.7599263007962,0 79.4803254936433,24.7599256976274,0 79.4803279284385,24.7599249784564,0 79.4803303192189,24.7599241452097,0 79.480332659579,24.7599232001201,0 79.4803349432488,24.7599221457193,0 79.4803371641097,24.7599209848325,0 79.4803393162117,24.7599197205699,0 79.480341393789,24.7599183563186,0 79.4803433912752,24.7599168957337,0 79.4803453033188,24.7599153427284,0 79.4803471247971,24.7599137014635,0 79.4803479953234,24.7599128313939,0 79.4804030640575,24.759924897604,0 79.4804056465643,24.7599253972793,0 79.4804082545984,24.7599257703726,0 79.4804093974467,24.7599258771876,0 79.4804095005901,24.75992634627,0 79.4804101449897,24.7599286440432,0 79.4804109206697,24.7599309077394,0 79.4804118254889,24.7599331311095,0 79.4804128569495,24.7599353080156,0 79.4804140122039,24.7599374324481,0 79.480415288063,24.7599394985424,0 79.4804166810046,24.7599415005948,0 79.4804181871834,24.7599434330783,0 79.4804198024415,24.7599452906582,0 79.4804215223197,24.7599470682064,0 79.4804233420702,24.7599487608158,0 79.4804252566693,24.7599503638139,0 79.4804592566707,24.7599773638212,0 79.4804612590802,24.7599788715309,0 79.4804633453811,24.7599802812099,0 79.4804655098239,24.7599815889733,0 79.4804677464436,24.759982791217,0 79.4804700490764,24.7599838846278,0 79.4804724113765,24.7599848661924,0 79.4804748268337,24.7599857332058,0 79.4804772887913,24.7599864832785,0 79.4804797904644,24.7599871143434,0 79.4804823249588,24.7599876246614,0 79.4804848852896,24.7599880128261,0 79.480487464401,24.7599882777678,0 79.4804900551852,24.7599884187563,0 79.4804926505022,24.7599884354032,0 79.4804952431998,24.7599883276624,0 79.4804978261328,24.759988095831,0 79.4805003921829,24.7599877405478,0 79.4805029342784,24.7599872627919,0 79.4805054454136,24.7599866638801,0 79.4805079186682,24.7599859454627,0 79.4805103472261,24.7599851095197,0 79.4805127243945,24.7599841583549,0 79.4805150436221,24.7599830945895,0 79.4805172985177,24.7599819211551,0 79.4805194828669,24.7599806412856,0 79.4805215906498,24.7599792585082,0 79.4805236160578,24.7599777766336,0 79.4805255535091,24.7599761997456,0 79.4805273976642,24.7599745321901,0 79.480529143441,24.7599727785625,0 79.4805307860282,24.7599709436956,0 79.4805323208991,24.7599690326462,0 79.4805337438238,24.7599670506808,0 79.4805350508809,24.7599650032614,0 79.4805499985757,24.7599401089504,0 79.480551164838,24.7599398372146,0 79.4805536192376,24.7599391394311,0 79.4805556238398,24.7599384632967,0 79.4805572356635,24.7599387440658,0 79.4805602666653,24.7599391834998,0 79.4805633216866,24.7599394503656,0 79.4805735216903,24.759940050366,0 79.4805761309806,24.7599401407587,0 79.4805775267391,24.7599401217658,0 79.4805747950382,24.759957949664,0 79.480544235882,24.7600262200618,0 79.4805433190804,24.7600284319732,0 79.4805425303989,24.7600306846913,0 79.4805418720022,24.7600329720333,0 79.4805413456972,24.7600352877214,0 79.4805409529284,24.7600376254,0 79.4805406947739,24.7600399786531,0 79.4805405719423,24.7600423410219,0 79.4805405847705,24.7600447060228,0 79.4805407332235,24.7600470671647,0 79.4805410168937,24.7600494179673,0 79.4805414350027,24.7600517519786,0 79.4805419864029,24.7600540627927,0 79.4805426695809,24.7600563440673,0 79.4805434826618,24.7600585895412,0 79.4805444234138,24.7600607930516,0 79.4805454892552,24.7600629485507,0 79.4805466772604,24.7600650501225,0 79.4805479841691,24.7600670919991,0 79.4806023841507,24.7601471920133,0 79.480603792228,24.7601491499951,0 79.4806053096339,24.76015103865,0 79.4806069322834,24.7601528528931,0 79.4806086558075,24.7601545878399,0 79.4806104755661,24.7601562388194,0 79.4806123866598,24.7601578013866,0 79.4806143839434,24.7601592713347,0 79.4806164620396,24.760160644706,0 79.4806186153535,24.7601619178031,0 79.4806208380877,24.7601630871982,0 79.4806231242578,24.7601641497432,0 79.480625467709,24.7601651025773,0 79.4806278621317,24.7601659431351,0 79.4806303010796,24.7601666691536,0 79.4806327779861,24.7601672786781,0 79.4806352861827,24.7601677700676,0 79.4806378189166,24.7601681419992,0 79.4806403693688,24.7601683934714,0 79.4806429306727,24.7601685238072,0 79.4806454959325,24.7601685326558,0 79.4806480582418,24.7601684199933,0 79.4806506107019,24.760168186123,0 79.4806531464408,24.7601678316746,0 79.4806556586316,24.7601673576024,0 79.4806581405107,24.7601667651826,0 79.480660585396,24.7601660560103,0 79.4806629867053,24.7601652319949,0 79.4806653379732,24.7601642953547,0 79.4806676328697,24.7601632486116,0 79.4806698652161,24.7601620945837,0 79.4806720290021,24.760160836378,0 79.4806741184023,24.7601594773819,0 79.4806761277912,24.7601580212544,0 79.4806780517591,24.7601564719158,0 79.480679885126,24.7601548335373,0 79.4806816229559,24.76015311053,0 79.4806832605701,24.7601513075327,0 79.4806847935594,24.7601494293998,0 79.4806862177968,24.7601474811876,0 79.4806875294477,24.7601454681415,0 79.4806887249807,24.7601433956811,0 79.4806898011771,24.7601412693862,0 79.4806907551395,24.7601390949813,0 79.4806915842995,24.7601368783208,0 79.4806922864247,24.7601346253724,0 79.4806928596248,24.7601323422019,0 79.4806933023566,24.7601300349562,0 79.4806936134281,24.7601277098473,0 79.4806937920018,24.7601253731348,0 79.480693837597,24.7601230311102,0 79.4806937500909,24.7601206900787,0 79.4806935297192,24.7601183563431,0 79.480693177075,24.7601160361867,0 79.4806809653858,24.7600485926981,0 79.4807337420065,24.7599730095247,0 79.4807538234702,24.7599793588099,0 79.4807562708176,24.7599800681717,0 79.4807587551978,24.7599806605532,0 79.4807601468182,24.7599809227521,0 79.4807237001393,24.7600786470141,0 79.4807229487449,24.7600808436805,0 79.480722320923,24.7600830724575,0 79.4807218183052,24.7600853275531,0 79.4807214421976,24.7600876031072,0 79.4807211935777,24.760089893206,0 79.4807210730915,24.7600921918983,0 79.4807210810522,24.7600944932103,0 79.480721217439,24.7600967911617,0 79.4807214818977,24.7600990797807,0 79.4807218737408,24.7601013531198,0 79.4807223919502,24.7601036052712,0 79.4807230351792,24.7601058303822,0 79.4807425351572,24.7601669303873,0 79.4807433333445,24.7601692054482,0 79.4807442622172,24.7601714387678,0 79.4807453191743,24.760173624092,0 79.4807465012558,24.7601757553009,0 79.4807478051514,24.7601778264263,0 79.4807492272096,24.7601798316683,0 79.4807507634482,24.7601817654113,0 79.4807524095651,24.7601836222401,0 79.4807541609504,24.7601853969547,0 79.4807560126995,24.7601870845853,0 79.480757959627,24.7601886804059,0 79.4807599962804,24.7601901799474,0 79.4807621169565,24.7601915790105,0 79.4807643157164,24.7601928736774,0 79.4807665864027,24.7601940603224,0 79.4807689226566,24.7601951356224,0 79.4807713179357,24.7601960965661,0 79.4807737655321,24.7601969404626,0 79.4807762585916,24.7601976649485,0 79.4807787901327,24.7601982679951,0 79.480781353066,24.7601987479134,0 79.4807839402141,24.7601991033597,0 79.4807865443322,24.7601993333383,0 79.4807891581275,24.7601994372055,0 79.4807917742804,24.7601994146702,0 79.4807943854647,24.7601992657955,0 79.4807969843678,24.7601989909985,0 79.4807995637119,24.7601985910485,0 79.4808021162737,24.7601980670657,0 79.480804634905,24.7601974205174,0 79.4808071125526,24.7601966532143,0 79.4808095422782,24.7601957673049,0 79.4808119172774,24.7601947652704,0 79.4808142308993,24.7601936499167,0 79.4808164766649,24.7601924243674,0 79.4808186482851,24.7601910920544,0 79.4808207396784,24.7601896567088,0 79.4808227449882,24.7601881223501,0 79.4808246585986,24.7601864932752,0 79.4809170144039,24.7601035918974,0 79.4809523193804,24.7601015538059,0 79.4809549071837,24.7601013419525,0 79.4809574792247,24.7601010062534,0 79.4809600284,24.760100547636,0 79.4809625476691,24.7600999673667,0 79.4809650300743,24.7600992670481,0 79.4809674687596,24.7600984486146,0 79.4809698569898,24.7600975143263,0 79.4809721881689,24.7600964667637,0 79.4809744558587,24.76009530882,0 79.4809766537963,24.7600940436931,0 79.4809787759113,24.7600926748771,0 79.4809808163427,24.7600912061525,0 79.4809827694554,24.7600896415757,0 79.4809846298551,24.7600879854676,0 79.4809863924037,24.7600862424022,0 79.4809880522334,24.7600844171936,0 79.48098960476,24.7600825148827,0 79.4809910456958,24.7600805407232,0 79.4809923710611,24.7600785001675,0 79.4809935771955,24.7600763988512,0 79.4809946607679,24.7600742425779,0 79.4809956187856,24.7600720373026,0 79.4809964486028,24.7600697891162,0 79.4809971479277,24.7600675042275,0 79.4809977148288,24.7600651889471,0 79.4809981477406,24.7600628496694,0 79.4809984454673,24.7600604928551,0 79.4809986071867,24.7600581250132,0 79.4809986324522,24.7600557526834,0 79.4809985211941,24.7600533824175,0 79.4809982737195,24.7600510207619,0 79.480997890712,24.7600486742389,0 79.4809973732294,24.7600463493294,0 79.4809967227009,24.7600440524542,0 79.4809959409232,24.760041789957,0 79.4809950300553,24.7600395680863,0 79.480993992613,24.7600373929786,0 79.4809928314614,24.7600352706411,0 79.4809915498076,24.7600332069354,0 79.4809754600843,24.760008816168,0 79.4810087316982,24.7600090425033,0 79.4810113187447,24.760008998272,0 79.4810138997137,24.7600088305092,0 79.4810164675354,24.7600085396745,0 79.4810190151763,24.7600081265644,0 79.4810215356579,24.7600075923106,0 79.4810240220762,24.7600069383764,0 79.4810264676204,24.7600061665531,0 79.4810288655919,24.7600052789549,0 79.4810312094222,24.760004278013,0 79.4810334926911,24.7600031664691,0 79.4810357091445,24.760001947368,0 79.481037852711,24.7600006240489,0 79.4810399175192,24.7599992001368,0 79.4810418979131,24.7599976795318,0 79.4810437884682,24.7599960663992,0 79.4810455840058,24.7599943651577,0 79.4810472796078,24.7599925804671,0 79.4810488706296,24.7599907172161,0 79.4810503527132,24.7599887805084,0 79.4810516607163,24.7599868650968,0 79.4810510927716,24.7600012765492,0 79.4810510684898,24.7600036965973,0 79.4810511862748,24.760006114356,0 79.4810514457883,24.7600085228767,0 79.4810518462844,24.7600109152371,0 79.481052386612,24.7600132845617,0 79.4810530652182,24.7600156240409,0 79.4810538801528,24.760017926951,0 79.4810548290735,24.7600201866734,0 79.4810559092533,24.7600223967137,0 79.4810571175876,24.7600245507202,0 79.4810584506037,24.7600266425021,0 79.4810599044705,24.7600286660478,0 79.4810614750095,24.7600306155414,0 79.481063157707,24.7600324853802,0 79.4810649477269,24.7600342701901,0 79.4810668399246,24.7600359648416,0 79.481068828862,24.7600375644642,0 79.4810709088228,24.7600390644606,0 79.4810730738292,24.7600404605198,0 79.4811093738345,24.7600625605266,0 79.4811115548076,24.7600638146059,0 79.4811138043915,24.7600649631957,0 79.4811161164723,24.7600660031746,0 79.4811184847663,24.760066931716,0 79.4811209028371,24.7600677462964,0 79.4811233641129,24.760068444702,0 79.4811258619044,24.7600690250346,0 79.4811283894232,24.760069485717,0 79.4811309398001,24.7600698254972,0 79.4811335061038,24.7600700434518,0 79.4811360813595,24.7600701389883,0 79.4811386585683,24.7600701118472,0 79.4811497632761,24.7600697303885,0 79.4811856284721,24.7600900564548,0 79.4811874345957,24.7600910321826,0 79.4812152346012,24.7601053321873,0 79.4812175406424,24.7601064462459,0 79.4812192805308,24.7601071822979,0 79.4812187208024,24.7601081370895,0 79.4812176269805,24.7601102615182,0 79.4812166555798,24.7601124349945,0 79.4812158092268,24.7601146516413,0 79.4812150902102,24.7601169054644,0 79.4812145004743,24.7601191903696,0 79.4812140416138,24.7601215001781,0 79.4812137148694,24.7601238286443,0 79.4812135211247,24.7601261694717,0 79.4812134609036,24.7601285163307,0 79.481213534369,24.760130862875,0 79.4812137413222,24.7601332027597,0 79.4812140812036,24.7601355296574,0 79.4812145530942,24.760137837276,0 79.4812151557178,24.7601401193757,0 79.4812158874451,24.7601423697855,0 79.4812167462974,24.7601445824201,0 79.4812177299523,24.7601467512964,0 79.4812188357499,24.7601488705497,0 79.4812200607001,24.7601509344493,0 79.4812214014905,24.7601529374143,0 79.4812228544956,24.7601548740286,0 79.4812244157864,24.7601567390555,0 79.481226081141,24.7601585274517,0 79.4812278460562,24.7601602343814,0 79.4812297057596,24.7601618552289,0 79.4812316552224,24.7601633856113,0 79.4812336891731,24.7601648213904,0 79.4812358021118,24.7601661586837,0 79.481237988325,24.7601673938751,0 79.481240241901,24.7601685236246,0 79.4812425567461,24.7601695448772,0 79.4812449266006,24.7601704548714,0 79.4812719148957,24.7601800718933,0 79.4812707671027,24.7601805441565,0 79.4812677755388,24.7601797888606,0 79.4812653129412,24.7601792288239,0 79.4812628221151,24.7601787849142,0 79.4812603096238,24.7601784583013,0 79.4812577820878,24.7601782498458,0 79.481255246167,24.760178160097,0 79.4812527085435,24.7601781892913,0 79.4812501759041,24.7601783373519,0 79.481247654922,24.7601786038886,0 79.4812451522402,24.760178988199,0 79.4812449634817,24.7601790263708,0 79.4812422041139,24.7601777541947,0 79.4812149526982,24.7601538465159,0 79.4812130019676,24.7601522242909,0 79.4812109592359,24.7601506994039,0 79.481208830321,24.7601492761979,0 79.4812066212864,24.7601479587265,0 79.4812043384239,24.760146750742,0 79.4812019882354,24.7601456556851,0 79.4811995774147,24.7601446766745,0 79.4811213774352,24.7601151766853,0 79.481118879501,24.7601143058035,0 79.4811163336574,24.760113559508,0 79.481113747351,24.7601129399819,0 79.4811111281465,24.7601124490371,0 79.481108483705,24.7601120881097,0 79.4811058217614,24.7601118582553,0 79.4811031501018,24.7601117601463,0 79.4811004765407,24.7601117940697,0 79.4810978088982,24.7601119599261,0 79.4810951549769,24.7601122572305,0 79.4810925225395,24.7601126851134,0 79.4810899192859,24.760113242323,0 79.4810873528302,24.7601139272297,0 79.4810611528386,24.7601216272275,0 79.4810589169591,24.7601223387251,0 79.4810567209508,24.7601231471565,0 79.4810545698505,24.7601240506675,0 79.4810524685922,24.7601250471857,0 79.4809891686073,24.7601568471765,0 79.480986923363,24.760158046433,0 79.480984750303,24.7601593518584,0 79.4809826554428,24.7601607598391,0 79.4809806445811,24.7601622664775,0 79.4809787232844,24.7601638676031,0 79.4809768968712,24.7601655587836,0 79.4809751703972,24.7601673353376,0 79.4809735486417,24.7601691923473,0 79.4809720360939,24.7601711246722,0 79.4809706369407,24.7601731269634,0 79.4809693550554,24.7601751936781,0 79.4809681939863,24.7601773190953,0 79.4809671569474,24.7601794973317,0 79.4809662468096,24.7601817223573,0 79.4809654660922,24.7601839880131,0 79.4809648169563,24.7601862880273,0 79.4809643011989,24.7601886160331,0 79.4809639202476,24.7601909655862,0 79.4809636751571,24.7601933301827,0 79.4809635666058,24.7601957032769,0 79.4809635948941,24.7601980782998,0 79.4809637599439,24.7602004486769,0 79.4809640612981,24.7602028078467,0 79.4809644981227,24.7602051492785,0 79.4809650692083,24.7602074664909,0 79.4809657729743,24.7602097530695,0 79.4809666074723,24.7602120026846,0 79.4809675703925,24.7602142091089,0 79.4809686590693,24.7602163662348,0 79.4809698704891,24.7602184680909,0 79.4809712012984,24.7602205088589,0 79.4809726478134,24.7602224828897,0 79.4809742060299,24.7602243847188,0 79.4809758716345,24.7602262090816,0 79.4809776400165,24.7602279509281,0 79.4809795062808,24.7602296054364,0 79.4809814652613,24.7602311680267,0 79.4809835115351,24.7602326343734,0 79.4809856394378,24.7602340004174,0 79.4809878430791,24.7602352623773,0 79.480990116359,24.7602364167599,0 79.4809924529845,24.7602374603695,0 79.4809948464876,24.7602383903172,0 79.4809972902426,24.7602392040289,0 79.4809997774849,24.760239899252,0 79.4810023013292,24.7602404740621,0 79.4810048547892,24.760240926868,0 79.4810074307966,24.7602412564162,0 79.4810100222204,24.7602414617945,0 79.4810126218872,24.7602415424344,0 79.4811443965733,24.760242462656,0 79.4811718454359,24.760254939412,0 79.4811992129932,24.7602702165093,0 79.4812016563626,24.7602714946208,0 79.4812337563693,24.7602871946261,0 79.4812359875094,24.7602882204964,0 79.4812382725501,24.7602891421512,0 79.4812995912067,24.7603122021636,0 79.4812997491613,24.7603136482595,0 79.4813001376141,24.7603159718599,0 79.4813006579913,24.7603182738484,0 79.4813013088821,24.7603205479845,0 79.4813020885219,24.7603227881028,0 79.4813029947971,24.7603249881304,0 79.4813040252509,24.760327142103,0 79.4813051770896,24.7603292441811,0 79.4813064471906,24.760331288666,0 79.4813078321107,24.7603332700151,0 79.4813093280953,24.7603351828568,0 79.4813109310888,24.7603370220055,0 79.4813126367454,24.7603387824751,0 79.4813144404411,24.7603404594931,0 79.4813163372861,24.760342048513,0 79.481318322138,24.7603435452269,0 79.4813203896158,24.7603449455773,0 79.4813225341146,24.7603462457677,0 79.4813247498206,24.7603474422734,0 79.481327030727,24.7603485318505,0 79.4813293706502,24.7603495115453,0 79.4813317632467,24.7603503787018,0 79.4813342020301,24.760351130969,0 79.4813366803888,24.7603517663076,0 79.4813391916039,24.7603522829951,0 79.4813417288676,24.7603526796309,0 79.4813442853012,24.7603529551396,0 79.4813468539742,24.7603531087743,0 79.481349427923,24.7603531401186,0 79.4813520001694,24.7603530490873,0 79.4813545637401,24.7603528359274,0 79.4813571116853,24.7603525012167,0 79.4813596370973,24.7603520458627,0 79.4813621331299,24.7603514710996,0 79.4813645930161,24.7603507784859,0 79.4813670100872,24.7603499698991,0 79.4813693777904,24.7603490475314,0 79.481371689707,24.7603480138833,0 79.4813739395693,24.760346871757,0 79.4813761212778,24.7603456242489,0 79.4813782289179,24.7603442747409,0 79.4813802567758,24.7603428268917,0 79.4813821993539,24.7603412846263,0 79.4813840513859,24.7603396521258,0 79.4813858078509,24.7603379338161,0 79.481387463987,24.7603361343553,0 79.4813890153046,24.760334258622,0 79.4813904575979,24.7603323117012,0 79.4813917869568,24.7603302988712,0 79.4813929997776,24.7603282255886,0 79.4813940927721,24.7603260974741,0 79.481397840709,24.760318276631,0 79.4814012640711,24.7603184054668,0 79.4814038244438,24.760318441221,0 79.4814063834097,24.7603183558774,0 79.4814089341039,24.7603181496649,0 79.4814114696838,24.7603178231369,0 79.4814139833474,24.7603173771692,0 79.4814164683513,24.7603168129582,0 79.4814189180292,24.7603161320175,0 79.4814213258096,24.7603153361737,0 79.4814236852331,24.760314427562,0 79.4814259899702,24.7603134086197,0 79.4814282338383,24.7603122820804,0 79.4814304108177,24.760311050966,0 79.4814325150685,24.7603097185793,0 79.4814345409456,24.7603082884946,0 79.4814364830144,24.7603067645483,0 79.481438336065,24.7603051508286,0 79.4814552360654,24.7602896508247,0 79.4814569379792,24.7602880097059,0 79.481458547806,24.7602862928639,0 79.4814600615107,24.7602845046022,0 79.4814614752992,24.760282649403,0 79.4814627856275,24.7602807319168,0 79.4814639892113,24.7602787569497,0 79.4814650830337,24.7602767294523,0 79.4814660643529,24.7602746545067,0 79.4814669307092,24.7602725373138,0 79.4814742307031,24.7602532373112,0 79.4814749958955,24.760251032823,0 79.4814756364503,24.7602487954464,0 79.4814761506866,24.7602465310528,0 79.4814765372549,24.7602442455843,0 79.4814767951409,24.7602419450384,0 79.4814769236678,24.7602396354521,0 79.4814769224983,24.7602373228863,0 79.4814767916356,24.7602350134094,0 79.4814765314229,24.760232713082,0 79.4814761425433,24.7602304279405,0 79.4814756260171,24.7602281639814,0 79.4814749831998,24.760225927146,0 79.4814742157784,24.7602237233039,0 79.4814733257666,24.7602215582385,0 79.4814723155001,24.7602194376312,0 79.481471200053,24.7602173898538,0 79.4814714565327,24.760217032067,0 79.4814727525523,24.7602150006554,0 79.4814739309963,24.7602129103898,0 79.4814814309927,24.7601987103875,0 79.481482471245,24.7601966047972,0 79.4814833921831,24.7601944533761,0 79.4814841913957,24.7601922617569,0 79.4814848667905,24.7601900356778,0 79.4814854165992,24.760187780967,0 79.4814858393822,24.7601855035279,0 79.4814861340326,24.760183209323,0 79.4814862997789,24.7601809043593,0 79.4814863361872,24.7601785946714,0 79.4814862431623,24.7601762863065,0 79.4814860209476,24.7601739853085,0 79.481485670125,24.7601716977017,0 79.4814853501308,24.760170180876,0 79.4814859105833,24.7601691666443,0 79.481486960659,24.7601669878059,0 79.4814878834935,24.7601647614534,0 79.4814886765206,24.7601624937774,0 79.4814893375354,24.7601601910834,0 79.4814898646997,24.7601578597743,0 79.481490256548,24.7601555063323,0 79.4814905119904,24.7601531373016,0 79.4814906303169,24.7601507592692,0 79.4814906111983,24.7601483788476,0 79.4814904546879,24.7601460026558,0 79.4814901612209,24.7601436373008,0 79.4814897316132,24.7601412893598,0 79.4814891670594,24.7601389653614,0 79.4814884691293,24.7601366717677,0 79.4814876397637,24.7601344149561,0 79.4814866812685,24.7601322012021,0 79.481485596309,24.7601300366609,0 79.4814843879021,24.7601279273514,0 79.4814830594077,24.7601258791387,0 79.4814816145199,24.7601238977179,0 79.4814800572563,24.7601219885986,0 79.4814783919471,24.7601201570892,0 79.4814766232226,24.7601184082824,0 79.4814747560011,24.7601167470408,0 79.4814727954745,24.7601151779837,0 79.4814707470942,24.7601137054741,0 79.4814686165558,24.7601123336062,0 79.4814664097836,24.7601110661947,0 79.4814641329136,24.7601099067637,0 79.4814617922768,24.7601088585372,0 79.4814593943816,24.7601079244297,0 79.4814495023796,24.7601043494266,0 79.481448362145,24.7601020468901,0 79.4814490801045,24.7601019952792,0 79.4814516683286,24.7601016829926,0 79.4814542348904,24.7601012463844,0 79.481456772633,24.760100686672,0 79.4814592744795,24.7601000054162,0 79.4814617334537,24.7600992045167,0 79.4814641426984,24.760098286207,0 79.4814664954954,24.7600972530477,0 79.4814687852838,24.7600961079198,0 79.4814710056785,24.7600948540166,0 79.4814731504878,24.7600934948347,0 79.4814752137307,24.7600920341642,0 79.4814771896539,24.7600904760782,0 79.4815258896573,24.7600499760676,0 79.4815277430257,24.7600483523634,0 79.4815295015432,24.7600466429599,0 79.4815311604639,24.7600448524707,0 79.4815327153101,24.7600429857283,0 79.4815341618855,24.7600410477712,0 79.4815354962857,24.7600390438297,0 79.4815367149092,24.7600369793126,0 79.4815378144669,24.760034859792,0 79.4815387919912,24.7600326909883,0 79.4815396448437,24.7600304787553,0 79.4815403707226,24.7600282290636,0 79.4815409676687,24.7600259479852,0 79.481541434071,24.7600236416767,0 79.4815417686707,24.7600213163629,0 79.4815419705645,24.7600189783196,0 79.4815420392076,24.7600166338573,0 79.4815419744149,24.7600142893036,0 79.4815417763611,24.7600119509865,0 79.4815414455808,24.7600096252171,0 79.4815409829667,24.7600073182726,0 79.4815403897676,24.7600050363793,0 79.4815396675844,24.7600027856962,0 79.4815388183663,24.7600005722978,0 79.4815378444054,24.7599984021579,0 79.4815367483303,24.7599962811339,0 79.4815355330994,24.7599942149503,0 79.4815342019925,24.7599922091838,0 79.4815327586023,24.7599902692478,0 79.4815312068246,24.7599884003783,0 79.4815295508474,24.7599866076192,0 79.4815277951404,24.7599848958093,0 79.4815259444421,24.7599832695687,0 79.4815240037476,24.7599817332865,0 79.4815219782948,24.7599802911092,0 79.4815198735503,24.7599789469293,0 79.4815190649099,24.7599784856731,0 79.4815192811755,24.7599781042838,0 79.4815203461034,24.7599759590985,0 79.4815212870532,24.7599737661167,0 79.4815221014639,24.7599715313079,0 79.4815227871184,24.7599692607553,0 79.4815233421505,24.7599669606394,0 79.4815237650494,24.7599646372212,0 79.4815240546638,24.7599622968251,0 79.4815242102055,24.7599599458218,0 79.4815242312511,24.7599575906107,0 79.4815241177433,24.7599552376028,0 79.4815238699911,24.7599528932031,0 79.4815234886689,24.759950563793,0 79.4815229748147,24.7599482557134,0 79.4815223298271,24.7599459752469,0 79.4815215554619,24.7599437286009,0 79.481520653827,24.759941521891,0 79.4815196273766,24.7599393611238,0 79.4815184789047,24.759937252181,0 79.4815172115376,24.7599352008032,0 79.481515828725,24.7599332125744,0 79.481514334231,24.7599312929066,0 79.4815127321237,24.759929447025,0 79.4815110267641,24.7599276799544,0 79.4815092227941,24.7599259965047,0 79.4815073251244,24.7599244012582,0 79.4815053389203,24.7599228985574,0 79.4815032695884,24.7599214924926,0 79.4815011227615,24.7599201868912,0 79.4814851981869,24.7599110407101,0 79.4814803239942,24.7598868359559,0 79.481479782502,24.7598844969854,0 79.4814791061672,24.7598821874697,0 79.4814782968865,24.7598799138854,0 79.4814773569293,24.7598776826088,0 79.4814762889317,24.759875499897,0 79.4814750958889,24.7598733718715,0 79.4814737811466,24.7598713044999,0 79.4814723483918,24.7598693035801,0 79.4814708016427,24.7598673747234,0 79.4814691452369,24.7598655233391,0 79.4814673838196,24.7598637546192,0 79.4814655223306,24.759862073524,0 79.4814635659902,24.7598604847678,0 79.4814615202848,24.7598589928063,0 79.4814593909513,24.7598576018234,0 79.4814571839614,24.75985631572,0 79.4814549055043,24.759855138103,0 79.4814525619696,24.7598540722747,0 79.4814501599296,24.7598531212242,0 79.4814477061206,24.7598522876187,0 79.481445207424,24.7598515737958,0 79.4814426708472,24.7598509817575,0 79.4814401035038,24.7598505131641,0 79.4814375125936,24.7598501693296,0 79.4814349053826,24.7598499512183,0 79.4814322891824,24.7598498594419,0 79.4814296713298,24.7598498942578,0 79.481423607223,24.7598501216626,0 79.4814231274902,24.7598495618113,0 79.4814214315676,24.7598477825884,0 79.4814196361851,24.7598460866795,0 79.4814177462444,24.7598444787144,0 79.4814157669049,24.7598429630831,0 79.4814137035704,24.7598415439231,0 79.4814115618739,24.759840225109,0 79.4814093476623,24.759839010241,0 79.4814070669805,24.7598379026359,0 79.4814047260549,24.7598369053175,0 79.4814023312763,24.7598360210084,0 79.4813998891826,24.7598352521229,0 79.4813974064407,24.7598346007602,0 79.4813948898287,24.7598340686983,0 79.481392346217,24.7598336573899,0 79.4813897825499,24.7598333679579,0 79.4813872058262,24.7598332011924,0 79.4813846230804,24.7598331575488,0 79.4813820413637,24.7598332371461,0 79.4813794677242,24.759833439767,0 79.4813769091881,24.7598337648584,0 79.4813743727402,24.7598342115328,0 79.4813718653053,24.7598347785708,0 79.4813693937286,24.7598354644242,0 79.4813669647578,24.7598362672207,0 79.4813645850239,24.7598371847686,0 79.4813622610238,24.759838214563,0 79.4813599991022,24.7598393537925,0 79.4813598714104,24.7598394262953,0 79.4813586579933,24.7598391581344,0 79.4813560938292,24.7598387207208,0 79.4813535079683,24.7598384074099,0 79.481350907609,24.7598382190741,0 79.4813482999905,24.7598381562374,0 79.4813353951741,24.7598381562393,0 79.4813349695135,24.7598373390806,0 79.4813337244948,24.7598352422558,0 79.4813323599288,24.7598332084025,0 79.4813308796247,24.7598312431982,0 79.4813292877149,24.7598293521291,0 79.4813275886433,24.7598275404741,0 79.481325787153,24.7598258132905,0 79.481323888273,24.7598241754,0 79.4813218973041,24.7598226313748,0 79.4813198198042,24.7598211855251,0 79.4813176615728,24.7598198418871,0 79.4813154286348,24.7598186042117,0 79.4813131272235,24.7598174759539,0 79.4813107637636,24.7598164602634,0 79.4813083448526,24.7598155599754,0 79.4813058772433,24.7598147776033,0 79.4813035359349,24.7598141596979,0 79.4813044515087,24.7598120023837,0 79.4813052608439,24.7598097514223,0 79.4813059397371,24.75980746479,0 79.4813064863186,24.7598051487847,0 79.481306899083,24.759802809785,0 79.4813071768934,24.759800454233,0 79.4813073189846,24.7597980886166,0 79.4813073249655,24.7597957194511,0 79.4813071948194,24.7597933532616,0 79.4813069289049,24.7597909965653,0 79.4813065279543,24.7597886558528,0 79.4813059930719,24.7597863375711,0 79.481305325731,24.7597840481052,0 79.4813045277696,24.7597817937607,0 79.4813036013853,24.7597795807466,0 79.4813025491297,24.7597774151581,0 79.4813013739009,24.7597753029595,0 79.4813000789358,24.7597732499685,0 79.481298667801,24.7597712618392,0 79.4812971443829,24.7597693440475,0 79.4812955128776,24.7597675018753,0 79.4812937777784,24.7597657403965,0 79.4812919438642,24.7597640644624,0 79.481290016186,24.759762478689,0 79.4812885273389,24.759761377454,0 79.4812898005908,24.7597601459387,0 79.481291430525,24.7597583996018,0 79.481292961179,24.7597565798983,0 79.4812943885984,24.7597546915291,0 79.4812957090959,24.7597527393726,0 79.48129691926,24.759750728472,0 79.4812980159645,24.7597486640221,0 79.4812989963762,24.7597465513563,0 79.4812998579623,24.7597443959321,0 79.481300598497,24.7597422033181,0 79.4813012160672,24.7597399791784,0 79.4813082160572,24.7597117791756,0 79.4813087239243,24.7597094507805,0 79.4813090970333,24.7597071012252,0 79.4813093343523,24.7597047370081,0 79.4813094352249,24.759702364668,0 79.4813093993721,24.7596999907661,0 79.4813092268932,24.7596976218682,0 79.481308918265,24.759695264526,0 79.4813084743413,24.7596929252592,0 79.4813078963498,24.7596906105378,0 79.4813071858891,24.7596883267637,0 79.4813063449242,24.7596860802531,0 79.4813053757809,24.7596838772194,0 79.4813051468718,24.7596834268915,0 79.4813060559876,24.7596831986184,0 79.4813085205853,24.7596824506113,0 79.4813109387634,24.7596815854536,0 79.4813133038485,24.7596806055329,0 79.4813156093136,24.7596795135536,0 79.4813178487965,24.7596783125292,0 79.4813200161166,24.7596770057741,0 79.4813221052931,24.7596755968945,0 79.4813241105603,24.7596740897786,0 79.4813260263844,24.7596724885854,0 79.4813278474783,24.7596707977339,0 79.4813295688164,24.7596690218902,0 79.4813311856482,24.7596671659551,0 79.4813326935118,24.7596652350504,0 79.4813340882461,24.7596632345048,0 79.4813353660019,24.7596611698393,0 79.4813365232531,24.7596590467515,0 79.481337556806,24.7596568711007,0 79.4813384638083,24.7596546488909,0 79.481339241757,24.7596523862547,0 79.4813398885052,24.7596500894363,0 79.4813404022682,24.7596477647743,0 79.4813407816279,24.7596454186839,0 79.4813410255377,24.7596430576396,0 79.4813411333243,24.7596406881572,0 79.4813411046903,24.7596383167758,0 79.4813409397148,24.7596359500395,0 79.4813406388529,24.7596335944799,0 79.4813402029351,24.7596312565976,0 79.4813396331643,24.7596289428444,0 79.4813389311129,24.7596266596054,0 79.4813380987184,24.7596244131819,0 79.481337138278,24.7596222097731,0 79.481336052442,24.7596200554598,0 79.4813348442072,24.7596179561872,0 79.4813335169078,24.7596159177488,0 79.4813320742069,24.7596139457698,0 79.4813305200858,24.7596120456924,0 79.4813288588334,24.7596102227602,0 79.4813270950343,24.7596084820039,0 79.481325233556,24.7596068282275,0 79.4813232795356,24.7596052659948,0 79.4813105197413,24.759595593252,0 79.4813104427442,24.7595944810405,0 79.4813101472233,24.7595921481376,0 79.4813097192384,24.7595898324245,0 79.4813091599478,24.7595875401682,0 79.481308470865,24.7595852775721,0 79.4813076538549,24.7595830507593,0 79.4813067111285,24.7595808657562,0 79.4813056452371,24.7595787284761,0 79.4813044590652,24.7595766447029,0 79.4812953785137,24.7595616586279,0 79.4812925965113,24.7595282747553,0 79.481292329409,24.7595259008531,0 79.4812919252984,24.7595235431562,0 79.4812913853088,24.759521208253,0 79.4812907109491,24.7595189026679,0 79.4812899041037,24.759516632844,0 79.4812889670273,24.7595144051238,0 79.4812879023386,24.7595122257327,0 79.4812867130126,24.7595101007607,0 79.4812854023728,24.7595080361459,0 79.4812839740818,24.7595060376576,0 79.4812824321307,24.7595041108804,0 79.4812807808285,24.7595022611986,0 79.4812790247894,24.7595004937809,0 79.4812771689207,24.7594988135663,0 79.4812752184084,24.7594972252498,0 79.4812731787029,24.75949573327,0 79.4812710555042,24.7594943417959,0 79.4812688547452,24.7594930547161,0 79.4812665825759,24.759491875627,0 79.4812642453455,24.7594908078236,0 79.4812618495852,24.7594898542897,0 79.4812594019899,24.7594890176899,0 79.481256909399,24.759488300362,0 79.4812543787779,24.7594877043105,0 79.4812518171981,24.759487231201,0 79.4812492318179,24.7594868823555,0 79.4812466298617,24.759486658749,0 79.4812440186005,24.7594865610062,0 79.4812414053313,24.7594865894003,0 79.4812157053406,24.7594874894004,0 79.4812131492336,24.7594876395453,0 79.4812106050732,24.7594879103722,0 79.4812080796885,24.7594883011542,0 79.481205579858,24.7594888108423,0 79.4812031122917,24.7594894380685,0 79.4812006836131,24.7594901811492,0 79.481198300341,24.7594910380898,0 79.4811959688727,24.7594920065901,0 79.4811936954663,24.7594930840505,0 79.481191486224,24.7594942675789,0 79.4811893470757,24.7594955539985,0 79.4811872837634,24.7594969398563,0 79.4811853018253,24.7594984214324,0 79.4811834065814,24.75949999475,0 79.4811816031188,24.7595016555861,0 79.4811798962783,24.7595033994826,0 79.4811782906414,24.7595052217586,0 79.481176790518,24.7595071175229,0 79.4811753999346,24.7595090816867,0 79.4811741226238,24.759511108978,0 79.4811729620142,24.7595131939551,0 79.481171921221,24.7595153310216,0 79.481171003038,24.7595175144412,0 79.4811702099296,24.7595197383533,0 79.4811695440249,24.7595219967883,0 79.4811695318358,24.7595220487055,0 79.481168148194,24.7595222367405,0 79.481165618514,24.7595227048801,0 79.4811631190383,24.7595232929357,0 79.4811620557159,24.7595235979552,0 79.481162065495,24.7595235387867,0 79.4811623198813,24.7595211321164,0 79.4811624327903,24.7595187164614,0 79.4811624038982,24.7595162987512,0 79.4811622332877,24.7595138859212,0 79.4811619214484,24.7595114848927,0 79.4811614692747,24.7595091025532,0 79.4811608780638,24.7595067457367,0 79.4811601495116,24.7595044212038,0 79.481159285708,24.7595021356225,0 79.4811582891308,24.7594998955493,0 79.4811571626389,24.7594977074099,0 79.4811559094637,24.7594955774811,0 79.4811545331999,24.7594935118728,0 79.4811530377955,24.7594915165102,0 79.4811514275402,24.7594895971173,0 79.4811504690807,24.7594885732391,0 79.4811497967441,24.7594737339389,0 79.481149619655,24.7594713522535,0 79.481149304937,24.7594689824457,0 79.4811488534703,24.759466631142,0 79.4811482665173,24.7594643049173,0 79.4811475457192,24.759462010276,0 79.4811466930915,24.7594597536346,0 79.4811457110185,24.759457541303,0 79.4811446022461,24.7594553794675,0 79.4811433698747,24.7594532741729,0 79.4811420173503,24.7594512313062,0 79.481140548455,24.7594492565796,0 79.4811389672959,24.7594473555149,0 79.4811372782945,24.7594455334279,0 79.4811354861735,24.7594437954135,0 79.481133595944,24.7594421463315,0 79.4811316128916,24.7594405907933,0 79.4811295425612,24.7594391331483,0 79.4811273907421,24.7594377774724,0 79.4811251634511,24.7594365275565,0 79.4811228669162,24.7594353868956,0 79.481120507559,24.7594343586791,0 79.4811180919769,24.7594334457823,0 79.4811156269242,24.7594326507576,0 79.4811131192937,24.7594319758283,0 79.4811105760974,24.7594314228816,0 79.4811080044466,24.7594309934636,0 79.4811071836575,24.7594308970142,0 79.4811064208426,24.7594292460164,0 79.4811052642478,24.7594270748231,0 79.4811052332872,24.7594270204495,0 79.4811113386132,24.7594222253973,0 79.4811132612005,24.7594206333673,0 79.4811150896409,24.7594189514011,0 79.4811168188953,24.759417184134,0 79.4811184441978,24.7594153364367,0 79.4811199610693,24.7594134134013,0 79.4811213653293,24.7594114203276,0 79.4811226531078,24.7594093627084,0 79.4811238208556,24.7594072462145,0 79.4811248653545,24.7594050766788,0 79.481125783726,24.7594028600805,0 79.4811265734389,24.7594006025285,0 79.481127232317,24.7593983102444,0 79.4811277585444,24.7593959895457,0 79.4811281506708,24.7593936468282,0 79.4811284076155,24.7593912885483,0 79.4811285286705,24.7593889212053,0 79.4811285135021,24.7593865513235,0 79.4811283621521,24.7593841854343,0 79.4811280750377,24.7593818300578,0 79.4811276529501,24.7593794916855,0 79.4811270970526,24.7593771767617,0 79.4811264088773,24.7593748916664,0 79.4811255903206,24.7593726426971,0 79.4811246436387,24.7593704360519,0 79.4811235714403,24.7593682778123,0 79.4811223766806,24.7593661739262,0 79.4811210626521,24.7593641301919,0 79.4811196329764,24.7593621522418,0 79.4811180915936,24.759360245527,0 79.4811164427516,24.7593584153024,0 79.4811146909946,24.7593566666121,0 79.4811128411503,24.7593550042752,0 79.481110898317,24.7593534328732,0 79.4811088678488,24.7593519567368,0 79.4811067553418,24.7593505799341,0 79.4811045666178,24.7593493062595,0 79.4811023077089,24.7593481392232,0 79.4810999848407,24.7593470820416,0 79.4810976044147,24.7593461376282,0 79.4810951729914,24.7593453085857,0 79.4810896775354,24.7593435834756,0 79.4810967756678,24.7593309943258,0 79.4811048718163,24.7593225636228,0 79.4811064992542,24.7593207782913,0 79.4811071420832,24.7593199943524,0 79.4811086121742,24.7593215601905,0 79.4811103781778,24.759323255012,0 79.481112237962,24.7593248640202,0 79.4811141865324,24.7593263828942,0 79.4811162186563,24.7593278075551,0 79.4811183288766,24.759329134177,0 79.4811205115263,24.7593303591974,0 79.481122760744,24.7593314793266,0 79.4811250704897,24.7593324915565,0 79.4811274345607,24.7593333931689,0 79.4811298466083,24.7593341817424,0 79.4811323001551,24.7593348551595,0 79.4811347886123,24.7593354116117,0 79.4811373052972,24.7593358496046,0 79.4811398434515,24.7593361679622,0 79.4811423962591,24.7593363658294,0 79.4811449568645,24.7593364426749,0 79.4811475183913,24.7593363982923,0 79.4811500739608,24.7593362328008,0 79.4811526167101,24.7593359466448,0 79.4811551398108,24.7593355405928,0 79.4811576364872,24.7593350157352,0 79.4811632921587,24.7593336849892,0 79.481181581061,24.7593314420107,0 79.481184126856,24.7593310678367,0 79.4811866478232,24.7593305729687,0 79.4811891371047,24.759329958753,0 79.4811915879291,24.7593292268603,0 79.4811939936292,24.7593283792817,0 79.4811963476609,24.7593274183228,0 79.4811986436203,24.7593263465978,0 79.481200875262,24.759325167022,0 79.481203036515,24.7593238828042,0 79.4812051215002,24.7593224974379,0 79.4812071245458,24.7593210146918,0 79.4812090402028,24.7593194385993,0 79.4812108632601,24.7593177734479,0 79.4812125887584,24.7593160237674,0 79.4812142120038,24.7593141943173,0 79.4812157285807,24.7593122900744,0 79.4812171343635,24.7593103162187,0 79.481218425528,24.7593082781197,0 79.4812195985619,24.7593061813218,0 79.4812202387166,24.7593048727889,0 79.481221544442,24.7593060209947,0 79.4812234887056,24.759307560908,0 79.4812255180988,24.7593090063427,0 79.4812276271219,24.7593103533814,0 79.4812298100589,24.7593115983733,0 79.4812320609937,24.7593127379443,0 79.481234373826,24.759313769006,0 79.4812367422875,24.7593146887641,0 79.4812391599595,24.7593154947258,0 79.4812416202895,24.7593161847069,0 79.4812441166098,24.7593167568374,0 79.4812466421547,24.7593172095668,0 79.4812491900799,24.759317541668,0 79.4812517534798,24.759317752241,0 79.4812543254073,24.7593178407152,0 79.4812568988921,24.7593178068507,0 79.4812594669595,24.7593176507393,0 79.4812620226497,24.7593173728042,0 79.4812645590364,24.7593169737985,0 79.4812670692456,24.7593164548037,0 79.481269546474,24.7593158172262,0 79.4812719840082,24.7593150627941,0 79.4812743752419,24.759314193552,0 79.4812767136944,24.7593132118556,0 79.4812789930284,24.7593121203655,0 79.4812812070662,24.7593109220399,0 79.4812833498077,24.7593096201264,0 79.4812854154455,24.7593082181533,0 79.4812873983814,24.7593067199203,0 79.4812892932414,24.7593051294879,0 79.4812910948902,24.7593034511663,0 79.4812927984449,24.759301689504,0 79.4812943992886,24.7592998492755,0 79.4812958930828,24.7592979354682,0 79.4813110233102,24.7592774426203,0 79.481320012757,24.7592664555157,0 79.4813498334456,24.7592536544376,0 79.4813521859481,24.7592525738168,0 79.4813544720992,24.7592513803484,0 79.4813566854125,24.7592500774184,0 79.4813588196082,24.7592486687235,0 79.4813608686311,24.7592471582607,0 79.4813628266678,24.7592455503154,0 79.4813646881628,24.7592438494498,0 79.4813664478345,24.7592420604896,0 79.4813681006904,24.7592401885105,0 79.481369642041,24.7592382388237,0 79.481371067513,24.7592362169611,0 79.4813723730621,24.759234128659,0 79.4813735549842,24.7592319798425,0 79.4813746099258,24.7592297766083,0 79.4813755348938,24.7592275252075,0 79.481376327264,24.7592252320279,0 79.481376984788,24.7592229035757,0 79.4813775056005,24.7592205464573,0 79.4813778882238,24.7592181673604,0 79.4813781315722,24.759215773035,0 79.4813782349554,24.7592133702745,0 79.48137819808,24.759210965896,0 79.4813780210506,24.7592085667213,0 79.4813777043696,24.7592061795574,0 79.4813772489355,24.7592038111773,0 79.4813766560403,24.7592014683006,0 79.4813672560282,24.759168368303,0 79.4813665487943,24.7591661194846,0 79.4813657149126,24.7591639071453,0 79.4813647566228,24.7591617372277,0 79.4813636764993,24.7591596155605,0 79.4813624774432,24.7591575478428,0 79.4813611626754,24.7591555396288,0 79.4813597357276,24.7591535963127,0 79.4813582004328,24.7591517231146,0 79.4813565609149,24.7591499250661,0 79.4813548215779,24.7591482069971,0 79.4813529870939,24.7591465735224,0 79.4813510623906,24.7591450290299,0 79.481349052638,24.7591435776682,0 79.4813469632345,24.7591422233358,0 79.4813447997925,24.7591409696707,0 79.4813425681235,24.7591398200404,0 79.4813402742218,24.759138777533,0 79.4813379242492,24.7591378449487,0 79.4813355245181,24.7591370247926,0 79.4813330814745,24.7591363192678,0 79.4813092581421,24.7591300546146,0 79.4813504369356,24.7590501147917,0 79.4813514753299,24.7590479540894,0 79.4813523886665,24.7590457467955,0 79.48135317445,24.7590434989403,0 79.4813538305338,24.759041216665,0 79.4813543551255,24.7590389062046,0 79.4813547467919,24.7590365738714,0 79.4813550044629,24.7590342260373,0 79.4813551274347,24.7590318691165,0 79.4813551153712,24.7590295095481,0 79.4813549683054,24.7590271537784,0 79.4813546866392,24.7590248082433,0 79.481354271142,24.759022479351,0 79.4813537229489,24.7590201734637,0 79.4813530435577,24.7590178968813,0 79.4813522348245,24.7590156558232,0 79.4813512989587,24.7590134564121,0 79.481350238517,24.7590113046567,0 79.4813490563966,24.7590092064357,0 79.4813477558271,24.7590071674811,0 79.4813463403616,24.7590051933636,0 79.4813448138671,24.7590032894764,0 79.481343180514,24.7590014610208,0 79.4813414447646,24.7589997129922,0 79.4813396113609,24.7589980501661,0 79.4813376853119,24.7589964770855,0 79.4813356718794,24.7589949980478,0 79.4813335765641,24.7589936170939,0 79.4813314050904,24.7589923379965,0 79.4813291633907,24.7589911642501,0 79.4813268575893,24.7589900990612,0 79.4813244939858,24.7589891453401,0 79.4813220790372,24.7589883056922,0 79.4813196193414,24.7589875824115,0 79.4813171216182,24.758986977474,0 79.4813145926912,24.7589864925322,0 79.4813120394695,24.7589861289112,0 79.4813094689285,24.7589858876043,0 79.4813068880908,24.7589857692707,0 79.4813043040073,24.7589857742337,0 79.4813017237376,24.7589859024798,0 79.481299154331,24.7589861536587,0 79.4812966028071,24.758986527084,0 79.4812940761366,24.7589870217356,0 79.4812915812224,24.7589876362621,0 79.4812891248805,24.7589883689846,0 79.4812867138215,24.7589892179014,0 79.4812843546326,24.7589901806932,0 79.4812820537589,24.7589912547297,0 79.4812798174865,24.7589924370766,0 79.4812776519247,24.7589937245037,0 79.4812755629899,24.7589951134939,0 79.4812735563891,24.7589966002525,0 79.4811881934635,24.7590633011958,0 79.4811687596606,24.7590664510165,0 79.4811662471986,24.7590669199141,0 79.4811637647433,24.7590675071409,0 79.4811613189739,24.7590682111168,0 79.4811589164707,24.7590690299478,0 79.4811565636977,24.7590699614309,0 79.481154266985,24.7590710030598,0 79.4811520325121,24.7590721520321,0 79.4811498662908,24.7590734052564,0 79.4811477741493,24.759074759361,0 79.4811457617165,24.7590762107025,0 79.4811438344071,24.7590777553761,0 79.4811419974063,24.7590793892258,0 79.4811402556568,24.7590811078558,0 79.4811386138446,24.7590829066421,0 79.4811370763872,24.7590847807449,0 79.4811356474211,24.7590867251221,0 79.4811343307909,24.7590887345421,0 79.4811338205842,24.7590896136968,0 79.4811328885376,24.7590892724862,0 79.4811304361568,24.7590885082677,0 79.4811279432935,24.7590878624291,0 79.4811254167958,24.7590873367449,0 79.4811228636046,24.7590869326591,0 79.4811202907338,24.7590866512819,0 79.4811177052514,24.7590864933861,0 79.4811151142604,24.7590864594056,0 79.4811125248784,24.7590865494338,0 79.4811099442191,24.7590867632232,0 79.4811073793718,24.7590871001866,0 79.4811048373826,24.7590875593983,0 79.4811023252348,24.7590881395968,0 79.4810998498296,24.7590888391882,0 79.4810974179675,24.7590896562505,0 79.481095036329,24.7590905885392,0 79.4810393363443,24.7591139885323,0 79.4810369907225,24.7591150434421,0 79.4810347094592,24.7591162101133,0 79.4810324989353,24.7591174852826,0 79.4810303653339,24.7591188653832,0 79.4810283146227,24.759120346555,0 79.4810263525377,24.7591219246549,0 79.481024484567,24.7591235952689,0 79.4810227159355,24.7591253537243,0 79.4810210515902,24.7591271951024,0 79.4810194961863,24.7591291142529,0 79.4810180540744,24.7591311058076,0 79.4810167292883,24.7591331641962,0 79.4810155255335,24.759135283661,0 79.4810144461768,24.7591374582739,0 79.4810134942375,24.7591396819523,0 79.4810126723782,24.7591419484764,0 79.4810119828975,24.7591442515066,0 79.4810114277242,24.7591465846011,0 79.481011008411,24.7591489412341,0 79.4810107261308,24.759151314814,0 79.4810105816732,24.7591536987016,0 79.4810105754422,24.759156086229,0 79.4810107074553,24.7591584707182,0 79.4810109773432,24.7591608454996,0 79.4810113843511,24.7591632039307,0 79.4810119273405,24.7591655394148,0 79.4810126047926,24.7591678454195,0 79.4810134148127,24.7591701154946,0 79.4810143551349,24.7591723432905,0 79.4810154231291,24.7591745225761,0 79.4810166158082,24.7591766472556,0 79.4810179298361,24.7591787113861,0 79.4810193615373,24.7591807091943,0 79.4810209069073,24.7591826350919,0 79.4810225616236,24.7591844836921,0 79.4810243210579,24.7591862498244,0 79.4810261802888,24.7591879285486,0 79.4810277054776,24.7591891670901,0 79.4810275690177,24.7591892686513,0 79.4810256445457,24.7591908616655,0 79.4810238143588,24.7591925447769,0 79.481022083509,24.7591943133391,0 79.4810204567744,24.7591961624702,0 79.4810189386455,24.7591980870657,0 79.4810175333129,24.7592000818128,0 79.4810162446562,24.759202141205,0 79.4810150762326,24.7592042595576,0 79.4810140312675,24.7592064310228,0 79.4810131126455,24.7592086496064,0 79.4810123229024,24.7592109091841,0 79.4810116642184,24.7592132035183,0 79.4810018642048,24.7592514035146,0 79.4810012528006,24.7592541771208,0 79.4809877494754,24.7592731936366,0 79.4809871385123,24.7592715648934,0 79.4809861790139,24.7592693843766,0 79.4809860131983,24.7592690577934,0 79.4809868829326,24.7592681122463,0 79.4809884528582,24.7592662101527,0 79.4809899107337,24.7592642350992,0 79.4809912525006,24.7592621925834,0 79.4809924744242,24.759260088291,0 79.4809935731028,24.7592579280798,0 79.4809945454783,24.759255717963,0 79.4809953888438,24.7592534640927,0 79.4809961008517,24.7592511727431,0 79.4809966795201,24.7592488502924,0 79.4809971232381,24.7592465032055,0 79.4809974307706,24.759244138016,0 79.4809976012614,24.7592417613077,0 79.4809976342362,24.7592393796965,0 79.4809975296029,24.759236999812,0 79.480997287653,24.7592346282791,0 79.48099690906,24.7592322716992,0 79.4809963948776,24.7592299366323,0 79.4809957465373,24.7592276295784,0 79.4809949658438,24.7592253569594,0 79.4809940549703,24.7592231251017,0 79.4809930164524,24.759220940218,0 79.4809918531809,24.7592188083901,0 79.4809905683939,24.7592167355524,0 79.480989165668,24.759214727475,0 79.4809876489078,24.7592127897476,0 79.4809860223354,24.7592109277642,0 79.4809683223332,24.7591917277685,0 79.4809667092988,24.7591900630118,0 79.4809650084783,24.759188472774,0 79.4809459084781,24.7591714727784,0 79.4809440225618,24.7591698793521,0 79.4809420485317,24.7591683775457,0 79.4809399917199,24.7591669714156,0 79.4809378576816,24.7591656647598,0 79.480935652181,24.7591644611075,0 79.4809333811752,24.7591633637099,0 79.480931050798,24.7591623755309,0 79.480928667344,24.7591614992398,0 79.4809282676308,24.7591613738964,0 79.4809279109535,24.7591606347777,0 79.4809267608916,24.7591585506713,0 79.4809254944162,24.7591565236195,0 79.4809241149119,24.7591545590396,0 79.4809226260652,24.7591526621816,0 79.480921031855,24.759150838115,0 79.4809193365418,24.7591490917143,0 79.4809175446562,24.7591474276467,0 79.4809156609869,24.7591458503592,0 79.4809136905677,24.7591443640672,0 79.4809116386647,24.7591429727426,0 79.4809095107612,24.7591416801036,0 79.4809073125441,24.7591404896047,0 79.4808087125637,24.7590901896213,0 79.4808064092619,24.7590890861771,0 79.4808040455926,24.7590880948745,0 79.4808016280982,24.7590872184572,0 79.4807991634705,24.7590864593512,0 79.4807966585313,24.7590858196578,0 79.4807941202145,24.7590853011474,0 79.4807915555458,24.7590849052555,0 79.4807889716244,24.7590846330778,0 79.4807863756024,24.7590844853676,0 79.4807837746655,24.7590844625339,0 79.4807811760132,24.7590845646398,0 79.4807785868385,24.7590847914027,0 79.480776014308,24.7590851421949,0 79.4807734655425,24.7590856160456,0 79.480770947597,24.7590862116429,0 79.480768467441,24.7590869273384,0 79.4807660319397,24.759087761151,0 79.4807636478343,24.7590887107728,0 79.4807613217241,24.7590897735751,0 79.4807590600477,24.7590909466163,0 79.4807568690653,24.7590922266492,0 79.4807547548417,24.7590936101309,0 79.4807527232287,24.7590950932319,0 79.4807507798501,24.7590966718469,0 79.4807489300849,24.7590983416065,0 79.4807471790533,24.7591000978887,0 79.4807455316022,24.7591019358322,0 79.4807439922916,24.7591038503497,0 79.4807425653823,24.7591058361417,0 79.480741254824,24.7591078877116,0 79.4807400642443,24.7591099993807,0 79.4807389969387,24.759112165304,0 79.4807380558615,24.7591143794862,0 79.4807372436176,24.7591166357986,0 79.4807365624552,24.7591189279956,0 79.4807360142598,24.7591212497326,0 79.4807356005489,24.759123594583,0 79.4807353224675,24.7591259560563,0 79.4807351807855,24.7591283276159,0 79.4807351758949,24.7591307026975,0 79.4807353078093,24.7591330747269,0 79.4807355761636,24.7591354371384,0 79.480735980215,24.7591377833928,0 79.4807365188452,24.7591401069957,0 79.4807371905631,24.7591424015154,0 79.4807379935095,24.7591446606008,0 79.4807389254619,24.7591468779988,0 79.4807399838406,24.7591490475716,0 79.4807411657161,24.7591511633139,0 79.480742467817,24.7591532193693,0 79.480743886539,24.7591552100467,0 79.4807454179552,24.759157129836,0 79.4807470578267,24.7591589734233,0 79.4807488016143,24.7591607357054,0 79.4807772161437,24.759187975485,0 79.4807782570698,24.759193346675,0 79.4807781291701,24.7591934800139,0 79.4807348713826,24.7591975998032,0 79.4807322808937,24.7591979098947,0 79.4807297119621,24.7591983445136,0 79.4807271717619,24.759198902446,0 79.4807246673873,24.7591995821337,0 79.4807222058323,24.7592003816788,0 79.4807197939712,24.7592012988481,0 79.4807174385397,24.7592023310804,0 79.4807151461158,24.7592034754929,0 79.4807129231016,24.7592047288897,0 79.4807107757053,24.7592060877702,0 79.480708709924,24.7592075483397,0 79.4807067315269,24.759209106519,0 79.4807048460389,24.7592107579568,0 79.4807030587259,24.7592124980409,0 79.480701374579,24.7592143219119,0 79.4806997983019,24.7592162244762,0 79.4806983342964,24.7592182004205,0 79.4806969866512,24.7592202442265,0 79.4806957591299,24.7592223501865,0 79.4806946551606,24.7592245124191,0 79.4806936778263,24.7592267248859,0 79.4806928298565,24.7592289814081,0 79.4806921136193,24.7592312756838,0 79.480691531115,24.7592336013058,0 79.4806910839703,24.7592359517794,0 79.480690773434,24.7592383205403,0 79.4806906003734,24.7592407009732,0 79.4806905652716,24.7592430864303,0 79.480690668227,24.7592454702497,0 79.4806909089517,24.7592478457741,0 79.4806912867737,24.7592502063693,0 79.4806918006378,24.7592525454428,0 79.4806924491088,24.7592548564623,0 79.4806932303759,24.7592571329738,0 79.4806941422572,24.7592593686196,0 79.480695182206,24.7592615571562,0 79.4806963473181,24.7592636924716,0 79.4806976343396,24.7592657686026,0 79.4806990396763,24.7592677797511,0 79.4807005594036,24.7592697203005,0 79.4807011480666,24.7592703937149,0 79.4807009415718,24.7592706240366,0 79.4806994142877,24.7592725213807,0 79.4806979974279,24.7592744888625,0 79.4806966948473,24.7592765211288,0 79.48069551009,24.7592786126505,0 79.4806944463793,24.7592807577369,0 79.4806935066096,24.7592829505517,0 79.4806926933374,24.7592851851289,0 79.4806920087758,24.7592874553886,0 79.4806914547872,24.759289755154,0 79.4806910328788,24.759292078168,0 79.4806907441986,24.7592944181101,0 79.4806905895321,24.759296768614,0 79.4806905693,24.7592991232845,0 79.4806906835575,24.759301475715,0 79.4806909319935,24.7593038195052,0 79.4806913139324,24.7593061482781,0 79.4806918283347,24.7593084556976,0 79.4806924738011,24.7593107354859,0 79.4806932485753,24.7593129814401,0 79.4806941505494,24.7593151874495,0 79.4806951772693,24.7593173475121,0 79.4806963259415,24.7593194557508,0 79.4806975934408,24.7593215064296,0 79.4806989763186,24.7593234939691,0 79.4807004708125,24.7593254129616,0 79.4807020728562,24.759327258186,0 79.4807037780909,24.7593290246219,0 79.4807055818772,24.7593307074632,0 79.4807074793073,24.7593323021313,0 79.4807094652188,24.7593338042874,0 79.4807115342084,24.7593352098445,0 79.480713680647,24.7593365149784,0 79.4807158986945,24.7593377161383,0 79.4807181823161,24.7593388100558,0 79.4807205252987,24.7593397937549,0 79.4807229212675,24.759340664559,0 79.4807253637036,24.7593414200988,0 79.4807278459617,24.7593420583189,0 79.4807303612883,24.7593425774826,0 79.4807317095574,24.7593428222028,0 79.4807363016652,24.7593619174761,0 79.4807341837823,24.7593612650665,0 79.48073171573,24.7593606328233,0 79.4807292151073,24.7593601182382,0 79.4807266886366,24.7593597226943,0 79.4807241431098,24.7593594472552,0 79.4807215853698,24.7593592926611,0 79.4807190222927,24.7593592593277,0 79.4807164607686,24.7593593473447,0 79.4807139076836,24.7593595564753,0 79.4807113699011,24.7593598861575,0 79.4807088542433,24.7593603355049,0 79.480706367473,24.7593609033095,0 79.4807039162753,24.759361588045,0 79.4807015072396,24.7593623878705,0 79.4806991468421,24.7593633006361,0 79.4806968414282,24.7593643238878,0 79.4806945971954,24.7593654548749,0 79.4806924201769,24.759366690557,0 79.4806903162251,24.7593680276123,0 79.4806882909959,24.7593694624464,0 79.4806863499337,24.7593709912021,0 79.4806844982567,24.7593726097697,0 79.4806827409425,24.759374313798,0 79.4806810827154,24.7593760987062,0 79.4806795280332,24.7593779596959,0 79.4806780810751,24.7593798917643,0 79.4806767457312,24.7593818897175,0 79.480675525591,24.7593839481844,0 79.4806744239347,24.7593860616313,0 79.4806734437239,24.7593882243768,0 79.4806725875936,24.7593904306067,0 79.4806718578454,24.7593926743901,0 79.4806712564409,24.7593949496952,0 79.480670784997,24.7593972504053,0 79.480670444781,24.7593995703354,0 79.4806702367076,24.759401903249,0 79.480670161336,24.7594042428746,0 79.480670218869,24.7594065829226,0 79.4806704091518,24.7594089171023,0 79.4806707316729,24.7594112391388,0 79.4806762251356,24.7594439678757,0 79.480669158752,24.7594672369463,0 79.4806685288618,24.7594695457935,0 79.4806680330721,24.7594718817386,0 79.4806676727603,24.7594742382922,0 79.4806674489275,24.7594766089076,0 79.4806673621953,24.759478986999,0 79.4806674128048,24.75948136596,0 79.4806676006154,24.7594837391816,0 79.4806679251053,24.7594861000709,0 79.4806683853731,24.7594884420692,0 79.4806689801402,24.7594907586701,0 79.4806697077542,24.7594930434381,0 79.4806705661939,24.7594952900259,0 79.4806715530743,24.7594974921923,0 79.4806726656538,24.7594996438195,0 79.4806739008418,24.7595017389302,0 79.4806752552066,24.7595037717039,0 79.4806767249859,24.7595057364936,0 79.4806783060964,24.7595076278409,0 79.4806799941458,24.7595094404914,0 79.4806817844444,24.7595111694095,0 79.4806836720188,24.7595128097922,0 79.4806856516251,24.7595143570823,0 79.4806877177639,24.7595158069813,0 79.4806898646952,24.7595171554614,0 79.4806920864547,24.7595183987764,0 79.4806943768703,24.7595195334722,0 79.480696729579,24.7595205563966,0 79.4806991380447,24.7595214647078,0 79.4807015955766,24.7595222558824,0 79.4807040953476,24.7595229277226,0 79.480706630413,24.7595234783619,0 79.4807091937302,24.7595239062705,0 79.4807117781782,24.7595242102598,0 79.4807143765772,24.7595243894852,0 79.4807169817087,24.7595244434488,0 79.4807195863354,24.7595243720007,0 79.4807221832214,24.7595241753394,0 79.4807229432906,24.7595240807467,0 79.4807231836274,24.7595253807597,0 79.4807255139167,24.7595362399289,0 79.4807251739288,24.7595361551108,0 79.480722638909,24.759535651511,0 79.4807200784485,24.7595352700309,0 79.4807174995981,24.7595350117211,0 79.4807149094588,24.7595348772928,0 79.4807123151631,24.7595348671162,0 79.4807097238545,24.7595349812193,0 79.4807071426688,24.759535219288,0 79.4807045787135,24.7595355806666,0 79.4807020390489,24.7595360643601,0 79.4806995306682,24.7595366690365,0 79.4806970604786,24.7595373930309,0 79.4806946352821,24.7595382343495,0 79.480692261757,24.7595391906757,0 79.4806899464388,24.759540259376,0 79.4806876957034,24.7595414375078,0 79.4806855157482,24.7595427218268,0 79.4806834125763,24.7595441087965,0 79.4806813919788,24.7595455945977,0 79.48067945952,24.759547175139,0 79.4806776205209,24.7595488460681,0 79.4806758800456,24.7595506027841,0 79.4806742428867,24.7595524404493,0 79.4806727135525,24.7595543540037,0 79.480671296254,24.759556338178,0 79.480669994894,24.7595583875084,0 79.4806688130561,24.7595604963519,0 79.4806677539946,24.7595626589014,0 79.4806668206257,24.7595648692021,0 79.4806660155197,24.7595671211676,0 79.4806653408935,24.7595694085968,0 79.4806647986048,24.759571725191,0 79.4806643901468,24.759574064571,0 79.4806641166444,24.7595764202951,0 79.4806639788507,24.7595787858764,0 79.4806639771451,24.759581154801,0 79.480664097291,24.7595832698443,0 79.4806616992306,24.7595829572088,0 79.4806591112344,24.7595827457274,0 79.4806565146445,24.7595826586939,0 79.4806539166331,24.7595826963487,0 79.4806513243763,24.7595828585877,0 79.4806487450343,24.7595831449628,0 79.4806461857319,24.759583554683,0 79.4806436535382,24.7595840866165,0 79.4806411554475,24.7595847392942,0 79.4806386983602,24.7595855109131,0 79.4806362890629,24.759586399342,0 79.4806339342107,24.7595874021268,0 79.4806316403081,24.7595885164976,0 79.4806294136913,24.7595897393764,0 79.4806272605104,24.7595910673854,0 79.4806251867131,24.7595924968564,0 79.4806231980275,24.7595940238409,0 79.4806212999466,24.7595956441211,0 79.4806194977134,24.7595973532215,0 79.4806177963059,24.7595991464214,0 79.4806162004238,24.7596010187675,0 79.480614714475,24.7596029650881,0 79.4806133425642,24.7596049800072,0 79.4806120884806,24.7596070579591,0 79.4806109556884,24.7596091932042,0 79.4806106624306,24.7596098291297,0 79.4806100443588,24.7596095041628,0 79.480607746355,24.7596084375108,0 79.4806053905864,24.7596074816844,0 79.4806029834579,24.7596066392822,0 79.480600531514,24.7596059125947,0 79.4805651599777,24.7595963527211,0 79.4805517515203,24.7595917938459,0 79.4805493084146,24.7595910289225,0 79.4805468248954,24.7595903815443,0 79.4805443077403,24.759589853478,0 79.480541763819,24.7595894461648,0 79.4805392000741,24.7595891607163,0 79.4805366235022,24.7595889979114,0 79.480534041135,24.7595889581946,0 79.4805314600202,24.7595890416741,0 79.4805288872017,24.7595892481223,0 79.4805263297011,24.7595895769755,0 79.4805237944981,24.7595900273365,0 79.4805212885114,24.759590597976,0 79.4805188185801,24.7595912873369,0 79.4805163914449,24.7595920935376,0 79.4805140137297,24.7595930143781,0 79.4805116919235,24.7595940473453,0 79.4805094323627,24.7595951896201,0 79.4805072412139,24.7595964380851,0 79.480505124457,24.7595977893332,0 79.4805030878687,24.7595992396766,0 79.4805011370072,24.7596007851573,0 79.4804992771965,24.7596024215574,0 79.4804975135122,24.7596041444111,0 79.4804958507676,24.7596059490166,0 79.4804942935006,24.7596078304488,0 79.4804928459609,24.7596097835733,0 79.4804915120992,24.7596118030596,0 79.4804902955556,24.7596138833966,0 79.4804891996502,24.7596160189066,0 79.4804882273739,24.7596182037617,0 79.4804877661563,24.7596194185491,0 79.4804859333545,24.7596199222432,0 79.4804835285509,24.7596207089553,0 79.480481171459,24.7596216080387,0 79.4804788683715,24.7596226170928,0 79.4804766254371,24.759623733424,0 79.4804744486437,24.7596249540519,0 79.4804723438027,24.7596262757177,0 79.4804703165336,24.7596276948931,0 79.4804683722484,24.7596292077891,0 79.480466516138,24.7596308103669,0 79.4804647531575,24.759632498348,0 79.4804630880137,24.7596342672258,0 79.480461525152,24.7596361122782,0 79.4804600687449,24.7596380285792,0 79.4804587226804,24.7596400110129,0 79.4804574905523,24.7596420542868,0 79.48045637565,24.7596441529459,0 79.4804553809499,24.7596463013874,0 79.4804545091077,24.7596484938755,0 79.4804537624508,24.7596507245569,0 79.4804531429728,24.7596529874764,0 79.4804526523273,24.7596552765926,0 79.4804522918243,24.7596575857942,0 79.4804520624263,24.7596599089162,0 79.4804519647457,24.7596622397567,0 79.4804519990433,24.7596645720928,0 79.4804521652274,24.759666899698,0 79.4804524628545,24.7596692163582,0 79.4804558278519,24.7596906151878,0 79.4804517297155,24.759691202874,0 79.4804491660736,24.7596916340302,0 79.4804466308832,24.7596921879726,0 79.4804441311923,24.7596928631614,0 79.4804416739504,24.7596936577195,0 79.4804392659889,24.7596945694378,0 79.4804369140021,24.7596955957817,0 79.4804346245289,24.7596967338978,0 79.4804324039343,24.7596979806221,0 79.4804302583917,24.7596993324884,0 79.480428193866,24.7597007857386,0 79.4804262160968,24.7597023363324,0 79.4804243305825,24.7597039799589,0 79.4804225425651,24.7597057120487,0 79.4804218267127,24.7597064831921,0 79.4804155292207,24.7597037173995,0 79.4804131538021,24.7597027436171,0 79.4804107255312,24.7597018853831,0 79.4804082511437,24.7597011450781,0 79.4804057375032,24.7597005247556,0 79.480403191582,24.7597000261362,0 79.4804006204422,24.7596996506032,0 79.4803980312157,24.759699399198,0 79.4803954310846,24.7596992726182,0 79.4803928272613,24.7596992712148,0 79.4803902269684,24.7596993949916,0 79.4803876374187,24.7596996436054,0 79.4803850657952,24.7597000163666,0 79.4803825192312,24.7597005122411,0 79.4803800047904,24.7597011298536,0 79.4803775294475,24.7597018674907,0 79.4803751000688,24.7597027231065,0 79.4803727233929,24.7597036943275,0 79.4803704060124,24.7597047784599,0 79.4803681543553,24.7597059724962,0 79.4803659746674,24.7597072731246,0 79.4803638729949,24.7597086767372,0 79.4803618551673,24.7597101794407,0 79.4803599267819,24.7597117770667,0 79.4803580931877,24.7597134651838,0 79.4803563594708,24.7597152391092,0 79.4803547304403,24.7597170939225,0 79.4803150399969,24.7597648074152,0 79.4803148772311,24.759764616982,0 79.480313207596,24.7597628584909,0 79.4803114409288,24.7597611809093,0 79.4803095819248,24.7597595886958,0 79.4803076355252,24.7597580860825,0 79.4803056069032,24.759756677063,0 79.4803035014506,24.7597553653824,0 79.4803013247634,24.7597541545268,0 79.480299082627,24.7597530477147,0 79.4802967810006,24.7597520478876,0 79.4802953971837,24.7597515248079,0 79.4803026066291,24.7597350577623,0 79.4803035244175,24.7597327865862,0 79.4803043075526,24.7597304737509,0 79.4803049537823,24.7597281259075,0 79.4803054612482,24.7597257498078,0 79.4803058284912,24.7597233522846,0 79.4803060544549,24.7597209402325,0 79.4803061384898,24.7597185205879,0 79.480306080354,24.759716100309,0 79.4803058802149,24.7597136863557,0 79.4803055386479,24.75971128567,0 79.4803050566353,24.7597089051555,0 79.4803044355633,24.7597065516578,0 79.4803036772178,24.7597042319449,0 79.4803027837797,24.7597019526876,0 79.4803017578183,24.7596997204404,0 79.4803006022838,24.7596975416226,0 79.4802993204993,24.7596954224997,0 79.4802843204936,24.7596721225037,0 79.4802829582415,24.7596701272934,0 79.4802814840728,24.7596681995526,0 79.4802799019861,24.7596663445105,0 79.4802782162732,24.759664567199,0 79.4802764315066,24.7596628724393,0 79.4802745525276,24.7596612648285,0 79.4802725844333,24.7596597487274,0 79.4802705325622,24.7596583282487,0 79.4802684024802,24.7596570072454,0 79.4802661999653,24.7596557893009,0 79.4802639309921,24.7596546777189,0 79.4802616017153,24.7596536755149,0 79.4802592184534,24.7596527854072,0 79.4802567876711,24.7596520098105,0 79.4802543159622,24.7596513508285,0 79.4802518100314,24.7596508102489,0 79.4802492766762,24.759650389538,0 79.4802467227686,24.759650089837,0 79.4802441552363,24.7596499119589,0 79.4802434320249,24.7596498963459,0 79.4802426058845,24.7596482860113,0 79.4802413868673,24.7596462013896,0 79.4802400500523,24.7596441778732,0 79.4802399122175,24.7596439919781,0 79.4802420726067,24.7596427737149,0 79.4802442064604,24.7596414242087,0 79.4802462598058,24.7596399742984,0 79.4802482269828,24.7596384279806,0 79.4802501025688,24.759636789518,0 79.4802518813938,24.7596350634268,0 79.4802535585543,24.7596332544651,0 79.4802551294273,24.7596313676193,0 79.4802565896826,24.7596294080906,0 79.480257935295,24.7596273812806,0 79.4802591625552,24.759625292776,0 79.4802602680804,24.759623148334,0 79.480261248823,24.7596209538657,0 79.4802621020798,24.7596187154202,0 79.4802628254986,24.759616439168,0 79.4802634170853,24.7596141313834,0 79.4802638752093,24.759611798428,0 79.4802641986077,24.7596094467325,0 79.4802681985934,24.7595725467306,0 79.4802683852491,24.7595702049119,0 79.4802684383058,24.759567857399,0 79.4802683576201,24.7595655105425,0 79.4802681434102,24.759563170691,0 79.4802677962556,24.7595608441745,0 79.4802673170954,24.7595585372868,0 79.480266707226,24.7595562562686,0 79.4802659682971,24.7595540072905,0 79.4802651023078,24.7595517964365,0 79.4802641116007,24.7595496296877,0 79.480262998856,24.7595475129054,0 79.4802617670839,24.7595454518162,0 79.4802604196167,24.7595434519958,0 79.4802589600996,24.7595415188541,0 79.4802573924808,24.7595396576208,0 79.4802557210013,24.7595378733309,0 79.4802539501828,24.7595361708115,0 79.4802520848157,24.7595345546681,0 79.4802501299463,24.7595330292728,0 79.4802480908631,24.7595315987523,0 79.4802459730821,24.7595302669763,0 79.4802437823326,24.7595290375478,0 79.480241524541,24.7595279137925,0 79.4802392058152,24.7595268987505,0 79.4802368324278,24.7595259951677,0 79.4802344107996,24.7595252054885,0 79.4802319474814,24.7595245318492,0 79.480230522071,24.759524214755,0 79.4802308474798,24.7595224498897,0 79.4802311398603,24.759520147791,0 79.4802313024716,24.7595178350245,0 79.4802313348852,24.7595155176855,0 79.4802312370155,24.7595132018811,0 79.4802310091206,24.7595108937146,0 79.4802306518011,24.759508599269,0 79.4802301659987,24.7595063245913,0 79.4802295529936,24.7595040756762,0 79.4802239980448,24.7594857202171,0 79.4802245862483,24.7594840732663,0 79.4802252565455,24.759481800909,0 79.4802257962472,24.7594794997434,0 79.4802262038868,24.7594771760228,0 79.4802264783563,24.7594748360623,0 79.4802266189101,24.7594724862206,0 79.4802266251661,24.7594701328836,0 79.4802264971073,24.7594677824465,0 79.4802262350817,24.7594654412968,0 79.4802258398015,24.7594631157966,0 79.4802253123408,24.7594608122655,0 79.480224654133,24.7594585369635,0 79.4802238669668,24.7594562960739,0 79.4802229529814,24.7594540956862,0 79.4802219146606,24.7594519417802,0 79.480220754826,24.7594498402091,0 79.4802194766296,24.7594477966841,0 79.4802180835449,24.7594458167585,0 79.4802165793577,24.7594439058129,0 79.4801963793538,24.7594196058179,0 79.4801947517002,24.7594177512695,0 79.4801930194165,24.7594159775079,0 79.4801911873038,24.759414289449,0 79.4801892604399,24.7594126917714,0 79.4801872441651,24.7594111889031,0 79.4801851440675,24.7594097850094,0 79.4801829659677,24.7594084839812,0 79.4801807159024,24.7594072894243,0 79.4801784001078,24.7594062046495,0 79.480176025002,24.7594052326633,0 79.4801735971678,24.7594043761595,0 79.4801723319164,24.7594039983756,0 79.4801669935316,24.7593971419683,0 79.4801654413145,24.7593952548346,0 79.480163783209,24.7593934443546,0 79.4801620237469,24.7593917154766,0 79.4801601677373,24.7593900729262,0 79.480158220253,24.7593885211926,0 79.4801561866171,24.7593870645172,0 79.4801540723877,24.7593857068814,0 79.4801518833436,24.7593844519958,0 79.480149625468,24.7593833032904,0 79.480147304932,24.7593822639048,0 79.4801450350526,24.7593813784112,0 79.4801467841274,24.7593758688183,0 79.4801474321699,24.7593736107058,0 79.4801479515132,24.7593713250239,0 79.4801483407689,24.7593690178841,0 79.4801485988959,24.7593666954555,0 79.4801487252042,24.7593643639479,0 79.4801487193561,24.7593620295955,0 79.4801485813671,24.7593596986399,0 79.4801483116062,24.759357377314,0 79.4801479107948,24.7593550718246,0 79.4801473800045,24.7593527883362,0 79.4801467206547,24.7593505329547,0 79.4801459345084,24.7593483117105,0 79.4801450236676,24.7593461305431,0 79.4801439905678,24.7593439952846,0 79.4801396905654,24.7593356952857,0 79.4801384650855,24.7593334884019,0 79.4801371090259,24.7593313461442,0 79.4801356264606,24.7593292749484,0 79.4801195264565,24.7593080749526,0 79.4801179841358,24.7593061543181,0 79.4801163330328,24.7593043106295,0 79.4801145777431,24.7593025490183,0 79.480112723152,24.7593008743875,0 79.4801107744215,24.7592992913982,0 79.4801087369755,24.7592978044561,0 79.4801066164846,24.7592964176999,0 79.4801044188509,24.7592951349894,0 79.480102150191,24.7592939598946,0 79.4801004304708,24.7592931755616,0 79.4801019737462,24.7592916685868,0 79.480103625276,24.7592898782527,0 79.480105172953,24.7592880121551,0 79.480106612616,24.7592860753114,0 79.4801079403942,24.7592840729292,0 79.4801091527174,24.7592820103924,0 79.4801102463261,24.7592798932466,0 79.4801112182799,24.7592777271842,0 79.4801120659655,24.7592755180291,0 79.4801220659563,24.7592471180256,0 79.480122806256,24.7592448055353,0 79.4801234103927,24.7592424602747,0 79.4801238766456,24.7592400889235,0 79.4801241509242,24.7592380839326,0 79.4801250572921,24.7592381772052,0 79.4801276531199,24.7592383186913,0 79.4801302535041,24.7592383353483,0 79.4801328512503,24.7592382271303,0 79.4801354391712,24.7592379943364,0 79.4801380101071,24.7592376376109,0 79.4801405569448,24.7592371579407,0 79.4801430726381,24.7592365566529,0 79.4801455502269,24.759235835411,0 79.4801479828565,24.7592349962105,0 79.4801503637965,24.7592340413732,0 79.4801526864596,24.7592329735408,0 79.4801549444199,24.7592317956677,0 79.4801571314301,24.7592305110127,0 79.4801592414397,24.7592291231299,0 79.4801612686107,24.7592276358594,0 79.4801632073347,24.7592260533158,0 79.4801650522479,24.7592243798775,0 79.4801667982459,24.7592226201745,0 79.4801684404982,24.7592207790752,0 79.4801699744612,24.7592188616734,0 79.4801713958908,24.759216873274,0 79.4801727008546,24.7592148193782,0 79.4801738857419,24.7592127056684,0 79.4801749472746,24.7592105379927,0 79.4801758825159,24.7592083223484,0 79.4801766888782,24.7592060648653,0 79.4801773641305,24.7592037717893,0 79.4801779064047,24.7592014494645,0 79.4801783142005,24.7591991043161,0 79.4801785863896,24.7591967428324,0 79.480178722219,24.7591943715468,0 79.4801787213129,24.75919199702,0 79.4801785836738,24.7591896258214,0 79.4801783096825,24.7591872645114,0 79.4801779000971,24.7591849196231,0 79.4801773560507,24.759182597644,0 79.4801766790487,24.7591803049982,0 79.4801758709639,24.7591780480288,0 79.4801749340323,24.75917583298,0 79.4801738708459,24.7591736659803,0 79.4801726843462,24.759171553025,0 79.480171377816,24.7591694999599,0 79.48016995487,24.7591675124653,0 79.480168419445,24.75916559604,0 79.480166775789,24.7591637559859,0 79.4801650284496,24.7591619973941,0 79.480162421132,24.7591595081045,0 79.4801626074705,24.7591593890311,0 79.4801646674271,24.7591579186209,0 79.4801666393681,24.7591563508218,0 79.4801685177779,24.7591546900189,0 79.4801686303678,24.7591545793563,0 79.4801686786882,24.7591552303117,0 79.480168988427,24.7591575756513,0 79.4801694321021,24.7591599029845,0 79.4801700084985,24.7591622059385,0 79.4801707160378,24.7591644782068,0 79.4801715527827,24.7591667135673,0 79.4801725164418,24.7591689058988,0 79.4801736043764,24.759171049198,0 79.4801748136072,24.7591731375958,0 79.480176140823,24.7591751653734,0 79.4801775823895,24.7591771269782,0 79.4801791343591,24.7591790170386,0 79.4801807924822,24.759180830379,0 79.4801822139294,24.7591822291434,0 79.480182511253,24.759183807862,0 79.4801886112424,24.7592118078635,0 79.4801891801468,24.7592141044925,0 79.4801898794196,24.7592163709112,0 79.4801907071583,24.7592186009538,0 79.480191661111,24.7592207885532,0 79.4801927386825,24.759222927758,0 79.4801939369412,24.7592250127483,0 79.4801952526271,24.7592270378519,0 79.480196682161,24.7592289975594,0 79.4801982216536,24.7592308865393,0 79.4801998669167,24.7592326996524,0 79.4802016134743,24.7592344319662,0 79.4802034565748,24.7592360787678,0 79.480205391204,24.759237635577,0 79.4802074120985,24.7592390981583,0 79.4802095137605,24.7592404625329,0 79.4802116904723,24.7592417249888,0 79.4802139363121,24.7592428820914,0 79.4802162451698,24.7592439306929,0 79.4802186107641,24.7592448679404,0 79.4802210266594,24.759245691284,0 79.4802234862831,24.7592463984839,0 79.4802241550752,24.7592465562975,0 79.4802243316199,24.7592477097541,0 79.4802248197924,24.7592500163058,0 79.4802254387099,24.7592522965455,0 79.4802261866965,24.7592545442979,0 79.4802270617265,24.7592567534761,0 79.4802280614303,24.7592589180976,0 79.4802291831007,24.7592610323004,0 79.4802304237001,24.7592630903592,0 79.480231779869,24.7592650867007,0 79.4802332479348,24.7592670159186,0 79.4802341917544,24.759268127952,0 79.4802341818783,24.7592682912588,0 79.4802341745723,24.7592706539087,0 79.4802343026473,24.7592730136719,0 79.4802345657524,24.7592753640847,0 79.480234963167,24.7592776987092,0 79.4802354938024,24.7592800111505,0 79.4802361562053,24.7592822950748,0 79.4802369485612,24.759284544226,0 79.4802378686999,24.7592867524436,0 79.480238914101,24.7592889136791,0 79.480240081901,24.7592910220126,0 79.4802413689013,24.7592930716692,0 79.4802418815502,24.7592937972793,0 79.4802417410661,24.7592943561651,0 79.480241294857,24.7592966842328,0 79.4802409826937,24.759299030434,0 79.4802408054317,24.7593013883378,0 79.4802407635571,24.7593037514813,0 79.4802408571845,24.7593061133874,0 79.4802410860574,24.7593084675821,0 79.4802414495484,24.7593108076129,0 79.4802419466612,24.7593131270659,0 79.4802425760333,24.7593154195835,0 79.4802433359396,24.7593176788821,0 79.4802442242973,24.7593198987692,0 79.4802452386714,24.7593220731602,0 79.4802463762816,24.7593241960952,0 79.4802476340099,24.7593262617553,0 79.4802490084088,24.7593282644788,0 79.4802504957112,24.7593301987763,0 79.4802520918406,24.759332059346,0 79.480253792422,24.7593338410882,0 79.4802555927943,24.7593355391192,0 79.4802574880227,24.759337148785,0 79.4802594729126,24.7593386656734,0 79.4802615420235,24.7593400856268,0 79.4802636896842,24.7593414047532,0 79.4802797484953,24.7593507202561,0 79.4802897648549,24.7593622522528,0 79.4802914240496,24.7593640631473,0 79.4802931846633,24.7593657923531,0 79.4802950418799,24.7593674351401,0 79.4802969906191,24.7593689870144,0 79.4802974498628,24.7593693157666,0 79.4802970405405,24.7593702650651,0 79.4802962207413,24.7593725029157,0 79.4802955301239,24.759374776825,0 79.4802949705752,24.7593770805798,0 79.480291370569,24.7593939805784,0 79.480290948712,24.7593962749243,0 79.4802906568598,24.7593985860684,0 79.4802904957874,24.7594009078727,0 79.4802904659227,24.7594032341709,0 79.480290567345,24.7594055587849,0 79.480290799785,24.7594078755411,0 79.4802911626252,24.7594101782864,0 79.4802916549022,24.7594124609054,0 79.4802971515067,24.7594348835982,0 79.4802989880316,24.7594582338182,0 79.4802992437758,24.7594606065434,0 79.4802996363497,24.7594629636306,0 79.4803001646583,24.7594652985053,0 79.4803008272281,24.7594676046551,0 79.4803016222111,24.7594698756474,0 79.4803025473897,24.7594721051479,0 79.4803036001836,24.7594742869381,0 79.4803047776561,24.7594764149323,0 79.4803060765231,24.7594784831951,0 79.4803074931616,24.7594804859576,0 79.4803090236204,24.7594824176335,0 79.4803106636306,24.759484272835,0 79.4803124086179,24.7594860463875,0 79.480314253715,24.759487733344,0 79.4803161937756,24.7594893289993,0 79.4803182233882,24.7594908289027,0 79.4803203368919,24.7594922288706,0 79.4803225283916,24.7594935249981,0 79.4803247917745,24.75949471367,0 79.4803271207278,24.7594957915708,0 79.4803295087551,24.759496755694,0 79.480331949196,24.7594976033504,0 79.4803344352432,24.7594983321756,0 79.4803369599626,24.7594989401369,0 79.4803395163121,24.7594994255385,0 79.4803420971616,24.7594997870264,0 79.4803446953123,24.7595000235923,0 79.4803473035173,24.7595001345765,0 79.4803499145018,24.7595001196694,0 79.480352520983,24.7594999789125,0 79.4803551156909,24.7594997126985,0 79.4803576913882,24.7594993217699,0 79.4803602408906,24.759498807217,0 79.4803800408973,24.7594943072158,0 79.4803825583198,24.7594936701311,0 79.480385035375,24.7594929125162,0 79.4803874651468,24.7594920364862,0 79.4803898408514,24.759491044487,0 79.480389982437,24.7594909768931,0 79.4803930131311,24.7594912404315,0 79.4803955771486,24.7594914021124,0 79.4803981469032,24.7594914419039,0 79.48040071545,24.7594913596985,0 79.4804032758474,24.7594911557182,0 79.480405821176,24.7594908305145,0 79.480408344557,24.759490384966,0 79.4804108391708,24.7594898202771,0 79.4804132982757,24.7594891379736,0 79.4804157152259,24.7594883398997,0 79.4804180834896,24.759487428212,0 79.4804203966663,24.7594864053744,0 79.4804226485049,24.7594852741513,0 79.4804248329195,24.7594840375997,0 79.4804269440069,24.7594826990614,0 79.4804289760616,24.7594812621539,0 79.4804309235921,24.7594797307605,0 79.480432781335,24.7594781090197,0 79.4804345442699,24.7594764013144,0 79.4804362076324,24.7594746122597,0 79.4804377669271,24.7594727466906,0 79.4804392179401,24.7594708096487,0 79.4804405567499,24.759468806369,0 79.4804417797384,24.7594667422654,0 79.4804428836005,24.7594646229161,0 79.480443865353,24.7594624540488,0 79.4804447223426,24.7594602415249,0 79.4804454522533,24.7594579913238,0 79.4804460531125,24.7594557095266,0 79.4804465232965,24.7594534023,0 79.4804506232877,24.7594299022982,0 79.4804509617778,24.759427573712,0 79.4804511671605,24.7594252322008,0 79.4804512388799,24.7594228841043,0 79.4804511767417,24.7594205357801,0 79.4804509809142,24.7594181935865,0 79.4804506519275,24.7594158638648,0 79.4804501906726,24.759413552923,0 79.4804495983981,24.7594112670181,0 79.4804488767077,24.7594090123391,0 79.4804482990031,24.7594075038081,0 79.4804485237675,24.7594073136445,0 79.4804502990762,24.7594056486081,0 79.4804519781989,24.7594039023583,0 79.4804535566861,24.7594020795226,0 79.4804550303552,24.759400184931,0 79.4804563953012,24.7593982236039,0 79.4804576479074,24.7593962007385,0 79.4804587848544,24.759394121695,0 79.4804598031296,24.7593919919824,0 79.4804607000348,24.7593898172442,0 79.4804614731933,24.759387603243,0 79.4804621205565,24.7593853558455,0 79.4804626404088,24.7593830810069,0 79.4804630313729,24.7593807847551,0 79.4804632924127,24.7593784731748,0 79.4804634228365,24.7593761523913,0 79.4804634222988,24.7593738285541,0 79.4804632908009,24.759371507821,0 79.4804630681056,24.7593695439265,0 79.4804641393642,24.7593688689515,0 79.4804662002037,24.7593674186009,0 79.4804681746258,24.7593658712569,0 79.4804700571618,24.7593642312052,0 79.4804718425975,24.7593625029884,0 79.4804726238051,24.7593616622848,0 79.4805857442174,24.7593386648049,0 79.4805882525824,24.7593380915954,0 79.4805907246958,24.7593373994176,0 79.4805931537953,24.759336590165,0 79.4805955332363,24.7593356660512,0 79.4805978565101,24.759334629604,0 79.4806001172614,24.7593334836586,0 79.4806023093061,24.7593322313496,0 79.4806044266481,24.7593308761027,0 79.4806064634955,24.759329421625,0 79.4806084142766,24.7593278718951,0 79.4806102736552,24.7593262311523,0 79.4806120365451,24.7593245038847,0 79.480613698124,24.7593226948171,0 79.4806152538469,24.759320808898,0 79.4806166994581,24.7593188512863,0 79.4806180310032,24.7593168273369,0 79.48061924484,24.7593147425862,0 79.4806203376481,24.7593126027369,0 79.4806213064381,24.7593104136424,0 79.4806221485601,24.7593081812907,0 79.4806228617104,24.7593059117884,0 79.4806234439383,24.7593036113435,0 79.4806238936512,24.7593012862487,0 79.4806242096189,24.7592989428642,0 79.480624390977,24.7592965876,0 79.4806244372296,24.759294226899,0 79.4806243482501,24.7592918672186,0 79.4806241242819,24.7592895150135,0 79.4806237659377,24.7592871767181,0 79.4806232741977,24.7592848587285,0 79.480622650407,24.7592825673856,0 79.480621896272,24.759280308957,0 79.4806210138555,24.7592780896206,0 79.4806200055714,24.7592759154473,0 79.4806188741778,24.7592737923842,0 79.4806176227694,24.7592717262389,0 79.4806162547695,24.7592697226632,0 79.4806147739202,24.7592677871377,0 79.4806131842721,24.759265924957,0 79.4806114901737,24.7592641412148,0 79.480609696259,24.7592624407905,0 79.4806078074352,24.7592608283354,0 79.480605828869,24.7592593082604,0 79.4806037659727,24.7592578847235,0 79.4806016243891,24.7592565616186,0 79.4805994099765,24.759255342565,0 79.4805971287921,24.7592542308974,0 79.4805947870761,24.7592532296566,0 79.4805923912339,24.7592523415815,0 79.4805899478192,24.7592515691012,0 79.4805200432233,24.7592313220819,0 79.4805209161436,24.7592305224367,0 79.4805226447661,24.7592287637542,0 79.4805242702337,24.7592269248827,0 79.4805257880923,24.759225010861,0 79.4805269325309,24.7592233961121,0 79.4805286901329,24.7592233178247,0 79.4805312445335,24.7592230821983,0 79.4805337820938,24.7592227258029,0 79.4805362959704,24.7592222495995,0 79.4805387793839,24.7592216548725,0 79.4805412256371,24.7592209432256,0 79.4805436281327,24.7592201165781,0 79.4805459803918,24.7592191771592,0 79.4805482760708,24.7592181275024,0 79.4805505089786,24.7592169704385,0 79.4805526730935,24.7592157090877,0 79.4805547625792,24.7592143468518,0 79.480556771801,24.7592128874043,0 79.4805586953402,24.7592113346813,0 79.4805605280094,24.75920969287,0 79.4805622648664,24.7592079663981,0 79.480563901227,24.7592061599217,0 79.4805654326785,24.7592042783123,0 79.4805668550906,24.7592023266444,0 79.4805681646275,24.7592003101813,0 79.4805693577577,24.7591982343609,0 79.4805704312633,24.7591961047814,0 79.4805713822496,24.7591939271857,0 79.4805722081517,24.7591917074466,0 79.4805729067424,24.7591894515502,0 79.4805734761378,24.7591871655801,0 79.4805739148022,24.7591848557014,0 79.4805742215528,24.7591825281431,0 79.4805743955623,24.7591801891825,0 79.4805744363613,24.759177845127,0 79.48057434384,24.7591755022983,0 79.4805735696924,24.7591641178408,0 79.4805749974509,24.7591648145868,0 79.4805773265208,24.7591658801143,0 79.4805797138228,24.7591668321396,0 79.4805821527286,24.7591676680195,0 79.4805846364669,24.7591683854332,0 79.4805871581414,24.7591689823889,0 79.4805897107509,24.7591694572291,0 79.4805922872082,24.7591698086354,0 79.4805948803598,24.7591700356322,0 79.480597483006,24.7591701375892,0 79.4806000879205,24.7591701142233,0 79.4806026878708,24.7591699655995,0 79.4806052756385,24.7591696921303,0 79.4806078440385,24.759169294575,0 79.4806103859398,24.7591687740375,0 79.4806128942849,24.759168131963,0 79.4806153621095,24.7591673701341,0 79.4806177825618,24.7591664906661,0 79.4806201489214,24.7591654960008,0 79.4806224546182,24.7591643888999,0 79.4806246932506,24.7591631724371,0 79.480626858603,24.75916184999,0 79.4806289446636,24.7591604252302,0 79.4806309456402,24.7591589021136,0 79.4806328559774,24.759157284869,0 79.4806346703712,24.7591555779867,0 79.4806363837839,24.7591537862057,0 79.4806379914584,24.7591519145009,0 79.4806394889309,24.759149968069,0 79.4806408720438,24.7591479523142,0 79.480642136957,24.7591458728332,0 79.4806432801585,24.7591437353995,0 79.4806442984742,24.7591415459477,0 79.4806451890768,24.7591393105568,0 79.4806459494936,24.7591370354331,0 79.4806465776134,24.7591347268935,0 79.4806470716921,24.7591323913475,0 79.480647430358,24.7591300352798,0 79.4806476526153,24.7591276652318,0 79.480647737847,24.759125287784,0 79.4806476858163,24.7591229095371,0 79.4806474966677,24.7591205370944,0 79.4806471709264,24.7591181770427,0 79.480646709497,24.7591158359348,0 79.4806461136603,24.7591135202706,0 79.4806453850708,24.7591112364794,0 79.4806445257515,24.7591089909021,0 79.4806435380882,24.7591067897735,0 79.4806424713716,24.7591047291259,0 79.4806436640851,24.7591039260992,0 79.480645650509,24.7591024371749,0 79.4806475495158,24.7591008560055,0 79.4806493559738,24.7590991868637,0 79.4806510650018,24.7590974342597,0 79.4806526719815,24.7590956029296,0 79.4806541725707,24.7590936978217,0 79.4806555627145,24.7590917240842,0 79.4806568386564,24.7590896870504,0 79.4806579969487,24.7590875922248,0 79.4806590344613,24.759085445268,0 79.4806599483908,24.7590832519815,0 79.4806607362676,24.7590810182919,0 79.4806613959626,24.7590787502351,0 79.4806619256932,24.7590764539398,0 79.4806623240281,24.7590741356111,0 79.4806625898908,24.7590718015135,0 79.4806627225629,24.7590694579542,0 79.480662721686,24.7590671112658,0 79.4806625872625,24.7590647677897,0 79.4806623196555,24.7590624338583,0 79.4806619195882,24.7590601157783,0 79.4806613881417,24.7590578198137,0 79.480660726752,24.7590555521685,0 79.4806599372064,24.7590533189703,0 79.4806590216384,24.7590511262537,0 79.4806579825219,24.7590489799439,0 79.4806568226649,24.7590468858404,0 79.4806555452016,24.7590448496021,0 79.4806541535839,24.7590428767311,0 79.4806526515722,24.7590409725586,0 79.4806510432252,24.7590391422299,0 79.480649332889,24.759037390691,0 79.4806475251853,24.7590357226749,0 79.4806456249988,24.7590341426888,0 79.4806436374641,24.7590326550021,0 79.4806421379155,24.7590316468309,0 79.4806466315268,24.7590199957166,0 79.4806474292449,24.7590177400355,0 79.4806480961999,24.75901544923,0 79.4806486305527,24.7590131296157,0 79.4806490308302,24.759010787588,0 79.4806492959289,24.7590084296038,0 79.4806494251179,24.7590060621641,0 79.480649418041,24.7590036917961,0 79.4806492747177,24.7590013250348,0 79.4806489955432,24.7589989684055,0 79.4806485812872,24.7589966284055,0 79.4806480330918,24.758994311486,0 79.4806479826673,24.7589941420187,0 79.4806501360447,24.7589945239941,0 79.4806526793697,24.7589948510628,0 79.4806552378646,24.7589950570799,0 79.4806578046241,24.7589951414895,0 79.4806603727206,24.7589951040636,0 79.4806629352229,24.7589949449034,0 79.4806654852149,24.7589946644384,0 79.4806680158142,24.7589942634255,0 79.4806705201909,24.7589937429471,0 79.4806729915856,24.7589931044079,0 79.4806754233282,24.7589923495313,0 79.4806778088555,24.7589914803547,0 79.480680141729,24.758990499224,0 79.4806824156523,24.7589894087873,0 79.4806846244883,24.7589882119875,0 79.4806867622753,24.7589869120549,0 79.4806888232435,24.7589855124978,0 79.4806908018304,24.7589840170937,0 79.480692692696,24.7589824298786,0 79.4806944907367,24.7589807551363,0 79.4806961910998,24.7589789973869,0 79.480697789196,24.7589771613746,0 79.4806992807121,24.7589752520546,0 79.4807006616226,24.7589732745802,0 79.4807019282005,24.7589712342885,0 79.4807030770273,24.7589691366861,0 79.4807041050023,24.7589669874345,0 79.4807050093511,24.7589647923344,0 79.480705787633,24.7589625573103,0 79.4807064377472,24.7589602883945,0 79.4807069579393,24.7589579917106,0 79.4807073468052,24.7589556734574,0 79.4807076032954,24.7589533398918,0 79.4807077267177,24.7589509973119,0 79.4807077167389,24.7589486520403,0 79.4807075733861,24.7589463104069,0 79.480707297046,24.7589439787315,0 79.4807068884646,24.7589416633074,0 79.4807063487446,24.7589393703837,0 79.4807056793426,24.7589371061491,0 79.4807048820655,24.7589348767145,0 79.480703959065,24.7589326880972,0 79.4807029128323,24.7589305462041,0 79.4807017461911,24.7589284568162,0 79.4807004622902,24.7589264255726,0 79.4806990645947,24.7589244579556,0 79.480697556877,24.7589225592757,0 79.4806959432064,24.7589207346575,0 79.4806942279382,24.7589189890253,0 79.4806442279353,24.7588706890371,0 79.4806427979375,24.7588693634798,0 79.4806413093339,24.7588680928566,0 79.4806189182608,24.7588497553444,0 79.4806199112411,24.7588476160715,0 79.4806207997763,24.7588453809898,0 79.4806215581984,24.7588431062886,0 79.4806221844031,24.7588407982787,0 79.4806226766534,24.758838463363,0 79.4806230335835,24.7588361080193,0 79.4806232542033,24.758833738782,0 79.4806233379006,24.7588313622239,0 79.4806232844434,24.7588289849385,0 79.4806230939798,24.7588266135208,0 79.4806227670384,24.7588242545498,0 79.4806223045261,24.7588219145701,0 79.4806217077261,24.7588196000734,0 79.4806209782941,24.7588173174807,0 79.4806201182538,24.7588150731247,0 79.4806191299911,24.7588128732316,0 79.4806180162477,24.7588107239048,0 79.4806167801136,24.758808631107,0 79.4806154250181,24.7588066006441,0 79.4806139547206,24.7588046381494,0 79.4806123733001,24.7588027490673,0 79.480610685144,24.7588009386386,0 79.4806088949356,24.758799211886,0 79.4806070076416,24.7587975735999,0 79.4806050284977,24.7587960283255,0 79.4806029629948,24.7587945803497,0 79.480600816863,24.7587932336897,0 79.4805652168685,24.7587721336963,0 79.4805630384103,24.7587709144104,0 79.4805607938733,24.7587697995261,0 79.4805584892529,24.7587687920214,0 79.4805561307049,24.7587678945875,0 79.4805537245293,24.7587671096214,0 79.4805526112036,24.7587668046519,0 79.4805522976165,24.758765008256,0 79.4805517447521,24.7587626556146,0 79.4805510553941,24.7587603332136,0 79.4805502315008,24.7587580476509,0 79.480549275413,24.7587558054197,0 79.4805481898468,24.7587536128901,0 79.4805469778863,24.758751476291,0 79.4805456429748,24.7587494016924,0 79.4805441889046,24.7587473949882,0 79.4805426198066,24.7587454618793,0 79.4805397331675,24.7587420968847,0 79.480539842702,24.7587416687038,0 79.4805403647607,24.7587393565523,0 79.4805407537338,24.7587370226417,0 79.4805410085576,24.7587346733546,0 79.4805411285351,24.7587323151157,0 79.4805411133382,24.7587299543743,0 79.4805409630086,24.7587275975862,0 79.4805406779574,24.7587252511969,0 79.480540258964,24.758722921623,0 79.4805397071744,24.7587206152352,0 79.4805390240976,24.758718338341,0 79.4805382116015,24.7587160971672,0 79.4805372719082,24.7587138978426,0 79.4805362075876,24.758711746382,0 79.4805350215502,24.758709648669,0 79.4805337170395,24.7587076104403,0 79.4805322976231,24.7587056372699,0 79.4805307671827,24.7587037345539,0 79.4805291299037,24.7587019074959,0 79.4805273902636,24.7587001610922,0 79.4805255530199,24.7586985001189,0 79.4805236231969,24.7586969291184,0 79.4805216060723,24.7586954523868,0 79.4805195071623,24.7586940739627,0 79.480517332207,24.7586927976156,0 79.4805150871543,24.7586916268361,0 79.4805127781437,24.758690564826,0 79.4805104114899,24.7586896144896,0 79.4805079936651,24.7586887784257,0 79.4805055312813,24.7586880589208,0 79.4805030310726,24.7586874579427,0 79.4805004998763,24.7586869771347,0 79.4804979446147,24.7586866178117,0 79.4804953722757,24.7586863809566,0 79.4804948860974,24.7586863595431,0 79.4804941510879,24.7586856114723,0 79.4804923866773,24.7586839890658,0 79.4804905345683,24.7586824503157,0 79.480488599512,24.7586809991691,0 79.4804865864724,24.7586796393487,0 79.4804845006136,24.7586783743429,0 79.4804823472862,24.7586772073967,0 79.4804778472871,24.7586749073975,0 79.4804756011968,24.7586738275868,0 79.4804732973708,24.7586728544692,0 79.4804709418824,24.7586719906097,0 79.4804685409413,24.7586712382859,0 79.4804661008766,24.7586705994808,0 79.4804636281209,24.7586700758786,0 79.4804611291929,24.7586696688596,0 79.4804586106801,24.7586693794966,0 79.4804560792218,24.7586692085526,0 79.4804535414914,24.7586691564782,0 79.4804523954977,24.7586691867086,0 79.480452280521,24.7586690029336,0 79.4804509027692,24.7586670429283,0 79.4804494161484,24.7586651504147,0 79.4804478246155,24.7586633304301,0 79.4804461324067,24.7586615878186,0 79.480444344026,24.7586599272185,0 79.4804424642334,24.7586583530496,0 79.4804404980324,24.758656869502,0 79.4804384506562,24.7586554805242,0 79.4804363275543,24.7586541898132,0 79.4804341343777,24.7586530008045,0 79.4804155343814,24.7586435008077,0 79.4804132791027,24.7586424176277,0 79.4804109656982,24.7586414419969,0 79.4804086003137,24.758640576507,0 79.4804061892334,24.7586398234574,0 79.4804037388627,24.7586391848487,0 79.4804012557116,24.7586386623776,0 79.4803987463769,24.7586382574321,0 79.4803962175253,24.7586379710879,0 79.4803936758749,24.7586378041058,0 79.4803928469331,24.758637788756,0 79.4803927193458,24.7586364774976,0 79.4803923759681,24.7586342333015,0 79.4803919096971,24.7586320076661,0 79.4803913217078,24.758629806199,0 79.4803906134814,24.758627634447,0 79.4803897868026,24.7586254978819,0 79.480388843754,24.7586234018867,0 79.4803877867118,24.7586213517426,0 79.4803866183393,24.7586193526148,0 79.4803853415801,24.7586174095404,0 79.4803839596512,24.7586155274149,0 79.4803824760344,24.7586137109805,0 79.4803596760306,24.7585872109861,0 79.4803583498009,24.7585857348909,0 79.4803569564037,24.7585843113227,0 79.480347356403,24.758574911325,0 79.4803454109196,24.7585731102998,0 79.4803433580079,24.758571411612,0 79.4803412041144,24.7585698205958,0 79.4802900041193,24.7585341206062,0 79.4802878880639,24.7585327243494,0 79.4802856942401,24.7585314320393,0 79.4802834287655,24.7585302472795,0 79.4802810979576,24.7585291733739,0 79.4802787083162,24.7585282133172,0 79.4802762665049,24.7585273697865,0 79.480273779333,24.7585266451342,0 79.4802712537362,24.758526041381,0 79.4802686967573,24.7585255602105,0 79.4802661155267,24.7585252029645,0 79.4802635172423,24.7585249706392,0 79.4802609091499,24.7585248638825,0 79.4802582985222,24.7585248829921,0 79.4802556926392,24.7585250279146,0 79.4802530987677,24.758525298246,0 79.480250524141,24.7585256932324,0 79.4802479759385,24.7585262117724,0 79.4802454612662,24.75852685242,0 79.4802429871365,24.7585276133886,0 79.4802405604488,24.7585284925562,0 79.48023818797,24.7585294874712,0 79.4802358763161,24.7585305953592,0 79.4802336319332,24.7585318131307,0 79.4802314610802,24.7585331373899,0 79.4802293698105,24.7585345644439,0 79.480227363956,24.7585360903132,0 79.48022544911,24.7585377107429,0 79.4802236306124,24.7585394212143,0 79.4802219135343,24.7585412169574,0 79.4802203026637,24.7585430929648,0 79.4802188024928,24.758545044005,0 79.480217417205,24.7585470646373,0 79.4802161506632,24.758549149227,0 79.4802150063994,24.7585512919611,0 79.4802140511887,24.7585533498779,0 79.4802050832024,24.758547136563,0 79.4802029931308,24.7585457652764,0 79.4802011364498,24.7585446762392,0 79.4802066455012,24.7585384948198,0 79.480208223345,24.7585366267446,0 79.4802096921608,24.7585346859536,0 79.4802110479372,24.7585326777468,0 79.4802122869718,24.7585306076086,0 79.4802134058807,24.7585284811923,0 79.4802144016084,24.7585263043051,0 79.4802152714356,24.758524082892,0 79.4802160129868,24.7585218230194,0 79.4802166242369,24.7585195308589,0 79.4802171035167,24.7585172126704,0 79.4802174495172,24.7585148747845,0 79.4802176612937,24.7585125235858,0 79.4802177382676,24.7585101654955,0 79.4802176802289,24.7585078069533,0 79.480217487336,24.7585054544001,0 79.4802171601158,24.7585031142607,0 79.4802166994617,24.7585007929258,0 79.4802162254828,24.7584989570764,0 79.4802178003014,24.7584971477107,0 79.4802193106169,24.7584952113149,0 79.4802207072035,24.7584932050042,0 79.4802219861882,24.7584911343425,0 79.4802231440243,24.7584890050719,0 79.4802241775009,24.7584868230973,0 79.4802250837519,24.7584845944697,0 79.4802258602643,24.7584823253693,0 79.4802265048846,24.7584800220888,0 79.4802270158253,24.7584776910155,0 79.4802273916693,24.7584753386138,0 79.4802276313745,24.7584729714073,0 79.4802277342761,24.7584705959607,0 79.4802277000887,24.7584682188614,0 79.4802275289072,24.7584658467015,0 79.4802272212063,24.7584634860594,0 79.4802267778393,24.7584611434814,0 79.4802262000357,24.758458825464,0 79.4802254893979,24.7584565384354,0 79.4802246478966,24.7584542887377,0 79.4802236778653,24.7584520826099,0 79.4802225819943,24.7584499261698,0 79.4802213633224,24.7584478253975,0 79.4802200252294,24.7584457861189,0 79.4802185714258,24.7584438139892,0 79.4802170059433,24.7584419144773,0 79.4802153331234,24.758440092851,0 79.4802135576049,24.7584383541618,0 79.4802116843116,24.7584367032315,0 79.4802097184385,24.7584351446383,0 79.4802076654372,24.7584336827044,0 79.4802055310011,24.758432321484,0 79.480196437297,24.7584268415667,0 79.4801975149132,24.7584249967149,0 79.4801986107241,24.7584228584749,0 79.4802138107153,24.7583910584699,0 79.4802147925967,24.7583888465455,0 79.4802156450816,24.7583865903271,0 79.4802163657872,24.7583842961212,0 79.480216952699,24.7583819703405,0 79.4802174041764,24.7583796194861,0 79.4802177189576,24.7583772501291,0 79.4802178961626,24.7583748688921,0 79.4802179352962,24.7583724824313,0 79.4802178362489,24.7583700974172,0 79.4802175992976,24.7583677205164,0 79.4802172251047,24.7583653583727,0 79.4802167147161,24.7583630175888,0 79.4802160695584,24.7583607047077,0 79.480215291435,24.7583584261942,0 79.4802143825209,24.7583561884171,0 79.4802133453566,24.7583539976317,0 79.4802121828414,24.7583518599614,0 79.4802108982245,24.7583497813814,0 79.4802094950967,24.7583477677018,0 79.4802079773801,24.7583458245511,0 79.480206349317,24.7583439573609,0 79.4802046154581,24.7583421713502,0 79.4802027806498,24.7583404715114,0 79.4802008500208,24.7583388625957,0 79.4801988289676,24.7583373491004,0 79.4801967231394,24.758335935256,0 79.4801945384223,24.7583346250144,0 79.480192280923,24.7583334220379,0 79.4801899569517,24.7583323296893,0 79.4801875730043,24.7583313510216,0 79.4801851357444,24.7583304887706,0 79.4801826519845,24.7583297453463,0 79.4801801286672,24.7583291228268,0 79.4801775728457,24.758328622952,0 79.4801749916639,24.7583282471194,0 79.4801723923368,24.7583279963793,0 79.4801706931391,24.7583278738413,0 79.4801702931039,24.7583258654026,0 79.4801696993642,24.7583235718141,0 79.4801689753466,24.7583213096458,0 79.4801681230244,24.7583190850633,0 79.4801671447207,24.7583169041299,0 79.4801660431018,24.7583147727895,0 79.4801648211703,24.7583126968513,0 79.4801634822566,24.7583106819733,0 79.4801620300098,24.758308733647,0 79.4801604683881,24.7583068571825,0 79.4801588016478,24.7583050576944,0 79.4801570343315,24.7583033400869,0 79.4801551712561,24.7583017090417,0 79.4801532174995,24.7583001690039,0 79.4801511783866,24.7582987241712,0 79.480149059475,24.7582973784813,0 79.48014686654,24.758296135602,0 79.4801446055583,24.7582949989207,0 79.4801422826924,24.7582939715355,0 79.4801399042732,24.7582930562466,0 79.480137476783,24.7582922555485,0 79.4801350068382,24.7582915716236,0 79.4801325011705,24.7582910063359,0 79.4801299666092,24.7582905612262,0 79.4801274100623,24.7582902375075,0 79.4801248384976,24.7582900360623,0 79.480122258924,24.7582899574394,0 79.4801196783721,24.7582900018533,0 79.4801171038754,24.7582901691828,0 79.4801145424505,24.7582904589719,0 79.4801120010788,24.7582908704308,0 79.4801094866866,24.758291402438,0 79.4801074295173,24.7582919424107,0 79.4801074432173,24.7582918015737,0 79.4801075364582,24.7582894113118,0 79.4801074909297,24.7582870198955,0 79.4801073067596,24.7582846340373,0 79.4801069844649,24.7582822604346,0 79.4801065249502,24.75827990575,0 79.4801059295055,24.7582775765932,0 79.4801051998022,24.7582752795022,0 79.4801043378886,24.7582730209251,0 79.4801033461841,24.7582708072016,0 79.4801022274725,24.7582686445458,0 79.480100984894,24.7582665390283,0 79.4800996219366,24.7582644965593,0 79.480098142426,24.7582625228721,0 79.4800965505155,24.7582606235068,0 79.4800948506735,24.7582588037951,0 79.4800930476714,24.758257068845,0 79.4800911465704,24.7582554235264,0 79.4800891527069,24.7582538724577,0 79.4800870716778,24.758252419993,0 79.4800849093245,24.7582510702093,0 79.4800826717168,24.7582498268954,0 79.4800803651357,24.7582486935414,0 79.4800522527778,24.7582357452419,0 79.4800429898064,24.7582220181937,0 79.4800415568935,24.7582200155439,0 79.4800400098157,24.7582180850163,0 79.4800383529171,24.7582162320319,0 79.4800365908504,24.7582144617939,0 79.4800347285634,24.7582127792731,0 79.4800327712856,24.758211189194,0 79.4800307245128,24.7582096960217,0 79.4800285939926,24.758208303949,0 79.4800263857074,24.7582070168848,0 79.4800241058581,24.7582058384432,0 79.4800217608466,24.7582047719332,0 79.4800193572576,24.7582038203497,0 79.4800169018405,24.7582029863647,0 79.4800144014901,24.7582022723201,0 79.4800118632274,24.7582016802208,0 79.4800092941798,24.7582012117295,0 79.4800067015614,24.7582008681618,0 79.4800040926521,24.7582006504823,0 79.4800014747778,24.7582005593023,0 79.4799988552896,24.7582005948779,0 79.4799962415429,24.7582007571092,0 79.4799936408772,24.7582010455405,0 79.4799910605952,24.758201459362,0 79.4799885079423,24.7582019974117,0 79.4799859900864,24.7582026581787,0 79.4799835140977,24.7582034398076,0 79.4799810869287,24.7582043401036,0 79.4799787153951,24.7582053565386,0 79.479976406156,24.7582064862584,0 79.4799741656958,24.7582077260909,0 79.4799720003058,24.7582090725545,0 79.4799699160664,24.7582105218683,0 79.4799679188302,24.7582120699627,0 79.4799660142053,24.7582137124907,0 79.4799642075401,24.7582154448399,0 79.4799625039077,24.7582172621459,0 79.4799609080919,24.7582191593058,0 79.4799594245737,24.7582211309922,0 79.479958057519,24.7582231716686,0 79.4799568107663,24.7582252756049,0 79.4799556878167,24.7582274368931,0 79.4799407670094,24.7582582359725,0 79.4799395864168,24.7582582907615,0 79.4799369869123,24.7582585376783,0 79.47993440533,24.7582589096894,0 79.4799318488844,24.758259405755,0 79.47992932472,24.7582600244889,0 79.4799268398908,24.758260764162,0 79.4799244013409,24.758261622707,0 79.4799220158853,24.7582625977248,0 79.4799196901904,24.7582636864904,0 79.4799174307556,24.7582648859613,0 79.4799152438953,24.7582661927852,0 79.4799131357209,24.7582676033102,0 79.479911112124,24.7582691135943,0 79.4799031121248,24.7582754135926,0 79.4799012370473,24.7582769684511,0 79.4798994516396,24.75827860896,0 79.4798977605881,24.7582803308132,0 79.4798961683314,24.7582821294914,0 79.4798946790489,24.7582840002734,0 79.4798932966494,24.7582859382488,0 79.4798920247615,24.7582879383309,0 79.4798910822012,24.7582896125327,0 79.4798906038424,24.7582896598661,0 79.4798880778994,24.7582900313774,0 79.4798845779006,24.7582906313772,0 79.4798821099704,24.7582911143093,0 79.4798796722481,24.7582917116234,0 79.4798772710872,24.7582924217628,0 79.4798749127459,24.7582932428766,0 79.4798726033711,24.7582941728247,0 79.4798703489817,24.7582952091833,0 79.4798681554536,24.7582963492512,0 79.4798660285038,24.7582975900571,0 79.4798639736759,24.758298928367,0 79.4798619963257,24.7583003606926,0 79.4798601016067,24.7583018833009,0 79.4798582944574,24.7583034922234,0 79.4798565795878,24.7583051832667,0 79.4798549614674,24.7583069520233,0 79.4798534443137,24.7583087938831,0 79.4798242443087,24.7583461938751,0 79.4798227826161,24.7583481749083,0 79.4798214377253,24.7583502237678,0 79.4798202134019,24.7583523347173,0 79.4798191130738,24.7583545018463,0 79.4798181398218,24.7583567190872,0 79.4798172963707,24.7583589802322,0 79.4798165850821,24.7583612789504,0 79.4798160079475,24.7583636088058,0 79.4798155665828,24.7583659632751,0 79.4798152622237,24.7583683357662,0 79.4798150957225,24.7583707196365,0 79.4798150675453,24.7583731082117,0 79.479815177771,24.7583754948039,0 79.479815426091,24.7583778727312,0 79.4798158118101,24.7583802353358,0 79.4798163338482,24.7583825760027,0 79.4798169907438,24.7583848881785,0 79.4798177806578,24.7583871653894,0 79.4798187013784,24.7583894012596,0 79.4798197503278,24.758391589529,0 79.4798209245692,24.7583937240709,0 79.4798222208147,24.7583957989088,0 79.4798236354353,24.7583978082336,0 79.4798251644701,24.7583997464194,0 79.4798254527576,24.7584000738305,0 79.4798250250794,24.7583999525719,0 79.4798021250865,24.7583940525743,0 79.4797996676439,24.7583934811395,0 79.4797971813453,24.7583930255189,0 79.4797946727322,24.7583926869114,0 79.4797921484047,24.7583924662077,0 79.4797896150044,24.7583923639886,0 79.4797870791968,24.7583923805229,0 79.4797845476536,24.7583925157673,0 79.4797820270352,24.7583927693658,0 79.4797795239734,24.7583931406513,0 79.4797770450539,24.7583936286469,0 79.4797745967987,24.7583942320686,0 79.4797721856493,24.7583949493289,0 79.479734485661,24.7584071493253,0 79.4797320558579,24.7584080020164,0 79.4797296785734,24.7584089703064,0 79.479727360398,24.7584100515109,0 79.4797251077585,24.7584112426326,0 79.4797229268996,24.7584125403691,0 79.4797208238675,24.7584139411229,0 79.4797188044923,24.7584154410107,0 79.4797168743724,24.7584170358744,0 79.4797150388585,24.7584187212925,0 79.4797133030393,24.7584204925925,0 79.4797116717269,24.7584223448639,0 79.4797101494438,24.7584242729717,0 79.4797087404103,24.7584262715706,0 79.4797074485326,24.7584283351199,0 79.4797062773921,24.7584304578989,0 79.4797052302356,24.7584326340226,0 79.4797043099662,24.7584348574581,0 79.479703519135,24.7584371220415,0 79.4797028599345,24.7584394214947,0 79.4797023341922,24.7584417494428,0 79.4797019433657,24.7584440994323,0 79.4797016885384,24.7584464649481,0 79.4797015704167,24.7584488394325,0 79.4797015893282,24.7584512163027,0 79.4797017452204,24.7584535889692,0 79.4797020376612,24.7584559508544,0 79.4797024658398,24.7584582954105,0 79.4797030285693,24.7584606161376,0 79.4797037242895,24.758462906602,0 79.4797045510717,24.7584651604539,0 79.4797144510634,24.7584899604565,0 79.4797153767555,24.758492107213,0 79.4797164213524,24.7584942079803,0 79.4797165261187,24.7584943929403,0 79.4797061207335,24.7584979636304,0 79.4797047815043,24.7584974870735,0 79.4796944365389,24.7584749685029,0 79.4796864767817,24.7584472660804,0 79.4797099105825,24.7583867492532,0 79.4797107295686,24.7583844382275,0 79.479711411241,24.7583820903232,0 79.4797119536262,24.758379712338,0 79.479712355154,24.7583773111561,0 79.4797126146618,24.7583748937294,0 79.4797127313984,24.7583724670565,0 79.4797127050259,24.7583700381629,0 79.4797125356205,24.7583676140806,0 79.4797122236728,24.7583652018274,0 79.4797117700859,24.7583628083872,0 79.479711176173,24.7583604406892,0 79.4797078761686,24.75834874069,0 79.4797071677081,24.7583464753523,0 79.4797063307891,24.7583442468482,0 79.4797053676911,24.7583420612468,0 79.4797042810369,24.7583399245006,0 79.479703073786,24.7583378424288,0 79.4797017492264,24.7583358207018,0 79.4797003109652,24.7583338648257,0 79.4796987629197,24.7583319801272,0 79.4796971093057,24.7583301717391,0 79.4796953546268,24.7583284445865,0 79.4796935036618,24.7583268033732,0 79.4796915614517,24.7583252525688,0 79.4796895332859,24.758323796397,0 79.4796874246881,24.7583224388236,0 79.4796852414008,24.7583211835457,0 79.4796829893702,24.7583200339821,0 79.4796806747294,24.7583189932635,0 79.4796783037824,24.7583180642242,0 79.4796758829861,24.7583172493945,0 79.4796734189335,24.7583165509935,0 79.4796709183353,24.7583159709232,0 79.4796683880017,24.7583155107634,0 79.4796658348239,24.7583151717673,0 79.4796632657553,24.7583149548582,0 79.4796606877927,24.7583148606268,0 79.4796581079569,24.7583148893297,0 79.479655533274,24.7583150408887,0 79.4796529707559,24.7583153148912,0 79.4796504273815,24.7583157105908,0 79.4796479100776,24.75831622691,0 79.4796454256998,24.7583168624425,0 79.4796429810142,24.7583176154575,0 79.4796405826787,24.7583184839042,0 79.4796382372251,24.7583194654174,0 79.4796359510411,24.7583205573242,0 79.4796337303528,24.7583217566506,0 79.4796315812084,24.7583230601305,0 79.4796295094607,24.7583244642139,0 79.4796275207521,24.7583259650769,0 79.4796256204988,24.7583275586319,0 79.4796238138759,24.758329240539,0 79.4796221058036,24.7583310062177,0 79.4796205009338,24.7583328508591,0 79.4796190036373,24.7583347694396,0 79.4796176179919,24.7583367567341,0 79.4796163477712,24.7583388073301,0 79.4796151964348,24.7583409156432,0 79.479614167118,24.7583430759313,0 79.4795889977961,24.7583999098451,0 79.4795776333199,24.7584066633233,0 79.4795754704533,24.7584080246674,0 79.4795733898283,24.7584094889926,0 79.4795713973193,24.7584110521646,0 79.4795694985516,24.7584127097702,0 79.479567698886,24.7584144571294,0 79.4795660034036,24.758416289309,0 79.4795644168913,24.758418201136,0 79.4795629438282,24.7584201872128,0 79.4795615883733,24.7584222419322,0 79.4795603543535,24.758424359493,0 79.4795592452527,24.7584265339166,0 79.4795582642024,24.7584287590641,0 79.4795574139722,24.7584310286531,0 79.4795566969628,24.7584333362759,0 79.4795561151984,24.7584356754173,0 79.4795556703216,24.7584380394733,0 79.4795553635883,24.7584404217694,0 79.4795551958646,24.7584428155796,0 79.4795551676241,24.7584452141455,0 79.4795553019322,24.7584529658191,0 79.4795547379231,24.7584531589915,0 79.4795523771635,24.7584540983178,0 79.4795500731706,24.7584551486163,0 79.4795478321953,24.7584563070373,0 79.4795456603177,24.7584575704379,0 79.4795435634306,24.7584589353903,0 79.4795147634348,24.7584787353848,0 79.4795127202044,24.7584802188762,0 79.4795107655739,24.7584817987776,0 79.4795089049929,24.7584834706843,0 79.4795071436484,24.7584852299352,0 79.479505486451,24.7584870716255,0 79.4795039380209,24.7584889906208,0 79.479502502675,24.7584909815711,0 79.479501184415,24.7584930389256,0 79.479499986916,24.7584951569487,0 79.4794989135167,24.7584973297354,0 79.4794979672096,24.7584995512281,0 79.4794971506329,24.7585018152335,0 79.4794964660633,24.7585041154395,0 79.4794959154093,24.7585064454335,0 79.479495500206,24.7585087987195,0 79.4794952216111,24.7585111687367,0 79.4794950804013,24.7585135488777,0 79.4794950769702,24.7585159325068,0 79.4794952113274,24.7585183129785,0 79.4794954830984,24.7585206836563,0 79.4794958915255,24.7585230379308,0 79.47949643547,24.7585253692385,0 79.4794971134154,24.7585276710798,0 79.4794979234717,24.7585299370375,0 79.4794988633805,24.7585321607939,0 79.4794999305214,24.7585343361497,0 79.4795011219193,24.7585364570398,0 79.4795024342526,24.7585385175515,0 79.4795038638626,24.7585405119402,0 79.4795054067638,24.7585424346455,0 79.4795070586545,24.7585442803072,0 79.4795088149294,24.7585460437796,0 79.4795106706922,24.7585477201463,0 79.479512620769,24.7585493047337,0 79.4795146597233,24.7585507931241,0 79.4795167818704,24.7585521811678,0 79.479518981294,24.7585534649952,0 79.4795212518622,24.7585546410269,0 79.4795235872449,24.7585557059843,0 79.479525980931,24.7585566568983,0 79.4795284262473,24.7585574911179,0 79.4795309163762,24.7585582063173,0 79.4795334443754,24.7585588005025,0 79.4795360031971,24.7585592720171,0 79.4795385857074,24.7585596195464,0 79.4795411847063,24.7585598421215,0 79.4795437929481,24.758559939122,0 79.4795464031612,24.7585599102774,0 79.4795490080683,24.758559755668,0 79.4795516004072,24.7585594757251,0 79.4795541729506,24.758559071229,0 79.4795567185264,24.7585585433074,0 79.4795592300377,24.7585578934321,0 79.4795617004824,24.758557123415,0 79.4795641229733,24.7585562354028,0 79.4795782400448,24.7585506609698,0 79.4795783254836,24.7585507369254,0 79.4795802158203,24.7585522542114,0 79.4795821882708,24.7585536816864,0 79.479584136268,24.7585549496147,0 79.4795823676439,24.758579541768,0 79.4795822622985,24.7585827748001,0 79.4795824620664,24.7586127417546,0 79.4795619880512,24.7586098770777,0 79.4795594305126,24.7586095813236,0 79.4795568595675,24.7586094077068,0 79.47955605107,24.7586093917062,0 79.4795448584172,24.7585946174104,0 79.4795433336042,24.758592713007,0 79.4795417019226,24.75859088394,0 79.4795399678285,24.7585891352042,0 79.4795381360573,24.7585874715753,0 79.4795362116114,24.7585858975963,0 79.4795341997462,24.7585844175657,0 79.4795321059558,24.758583035525,0 79.4795299359582,24.7585817552486,0 79.4795276956791,24.7585805802327,0 79.4795253912366,24.7585795136861,0 79.4795230289238,24.7585785585213,0 79.4795206151918,24.7585777173468,0 79.4795181566321,24.7585769924598,0 79.4795156599589,24.7585763858397,0 79.47951313199,24.7585758991433,0 79.4795125955623,24.7585758223382,0 79.4795109841571,24.7585741358769,0 79.4795091720595,24.7585724296515,0 79.4795072641293,24.7585708128786,0 79.4795052656551,24.7585692900397,0 79.4795031821768,24.7585678653562,0 79.4795010194696,24.7585665427772,0 79.4794987835285,24.7585653259688,0 79.4794964805514,24.7585642183041,0 79.4794941169222,24.7585632228534,0 79.4794936463631,24.7585630514874,0 79.4794928968253,24.7585617429368,0 79.4794915867874,24.7585597197919,0 79.4794901632112,24.7585577616477,0 79.4794886299555,24.758555873812,0 79.4794869911764,24.7585540614019,0 79.4794852513159,24.7585523293302,0 79.4794834150901,24.7585506822917,0 79.4794814874763,24.7585491247511,0 79.4794794736995,24.7585476609301,0 79.4794773792182,24.7585462947965,0 79.4794752097097,24.7585450300534,0 79.4794729710546,24.7585438701291,0 79.4794706693211,24.7585428181675,0 79.4794683107482,24.7585418770202,0 79.4794659017291,24.7585410492381,0 79.4794634487937,24.7585403370652,0 79.4794547487964,24.7585380370661,0 79.4794522315799,24.7585374366709,0 79.4794496832596,24.7585369580242,0 79.4794471108926,24.7585366024515,0 79.4794445216025,24.7585363709376,0 79.4794419225601,24.7585362641236,0 79.4794393209628,24.7585362823054,0 79.4794367240152,24.7585364254324,0 79.4794341389093,24.7585366931084,0 79.4794315728039,24.7585370845922,0 79.4794290328054,24.7585375987995,0 79.4794265259478,24.7585382343063,0 79.4794255860136,24.7585385220075,0 79.4794059313457,24.7585248699817,0 79.4794038611495,24.7585235075915,0 79.4794017167254,24.758522244556,0 79.4793995037867,24.7585210842402,0 79.4793972282291,24.7585200297355,0 79.4793948961151,24.7585190838512,0 79.479392513658,24.7585182491074,0 79.4793900872051,24.758517527728,0 79.479387623221,24.7585169216349,0 79.4793851282703,24.7585164324429,0 79.4793826089999,24.7585160614552,0 79.4793800721218,24.7585158096603,0 79.4793775243948,24.758515677729,0 79.4793749726065,24.7585156660128,0 79.4793724235553,24.7585157745429,0 79.4793698840326,24.7585160030302,0 79.479367360804,24.7585163508659,0 79.4793648605921,24.7585168171233,0 79.4793638778704,24.758517049201,0 79.479359382385,24.7585119594849,0 79.4793577017498,24.7585101556524,0 79.479355919828,24.7585084347839,0 79.479354041524,24.7585068016157,0 79.479352072007,24.7585052606425,0 79.4793500166979,24.7585038161055,0 79.479347881253,24.7585024719803,0 79.4793456715499,24.7585012319662,0 79.4793433936699,24.7585000994761,0 79.4793410538824,24.7584990776269,0 79.4793386586269,24.7584981692308,0 79.4793362144957,24.758497376788,0 79.4793337282157,24.7584967024795,0 79.4793312066296,24.758496148161,0 79.4793286566774,24.7584957153583,0 79.4793260853771,24.7584954052625,0 79.4793234998055,24.758495218727,0 79.4793209070786,24.7584951562652,0 79.4793183143323,24.7584952180491,0 79.4793157287023,24.7584954039085,0 79.4793131573049,24.7584957133321,0 79.479310607217,24.758496145468,0 79.4793080854572,24.7584966991271,0 79.4793055989659,24.7584973727855,0 79.4793031545863,24.7584981645892,0 79.4793007590462,24.758499072359,0 79.4792984189383,24.7585000935964,0 79.4792961407033,24.7585012254908,0 79.4792939306114,24.758502464927,0 79.4792917947453,24.7585038084938,0 79.4792897389832,24.7585052524933,0 79.4792887734395,24.7585060075084,0 79.4792769075192,24.7584793186783,0 79.4792758649579,24.758477140172,0 79.4792746982431,24.7584750148046,0 79.4792734106107,24.7584729484707,0 79.4792720056319,24.7584709469012,0 79.4792704872032,24.7584690156473,0 79.4792688595361,24.7584671600653,0 79.4792671271447,24.7584653853016,0 79.4792652948338,24.7584636962783,0 79.4792633676852,24.7584620976799,0 79.4792613510438,24.75846059394,0 79.4792592505025,24.7584591892292,0 79.4792570718873,24.7584578874434,0 79.4792548212402,24.758456692193,0 79.4792525048035,24.758455606793,0 79.4792501290017,24.7584546342536,0 79.4792477004238,24.7584537772723,0 79.4792452258055,24.7584530382256,0 79.47924271201,24.7584524191635,0 79.4792401660091,24.7584519218028,0 79.4792375948641,24.7584515475229,0 79.4792350057059,24.7584512973618,0 79.4792324057155,24.7584511720135,0 79.4792304435753,24.7584511718717,0 79.4792305622401,24.7584510517591,0 79.4792321917794,24.7584492179746,0 79.4792337140707,24.7584473088874,0 79.4792351249485,24.7584453297219,0 79.4792364205517,24.7584432858938,0 79.4792522205458,24.758416785889,0 79.4792533881858,24.7584147004316,0 79.4792544358,24.7584125624815,0 79.4792553605682,24.7584103777938,0 79.4792561600011,24.7584081522493,0 79.4792568319468,24.758405891839,0 79.4792573745963,24.7584036026477,0 79.4792577864891,24.7584012908374,0 79.4792580665164,24.7583989626314,0 79.4792582139242,24.7583966242969,0 79.479258228316,24.7583942821284,0 79.4792581096528,24.7583919424307,0 79.4792578582543,24.758389611502,0 79.479257474797,24.7583872956168,0 79.4792569603132,24.7583850010093,0 79.4792563161879,24.7583827338562,0 79.479255544155,24.7583805002605,0 79.4792546462926,24.7583783062346,0 79.4792536250178,24.7583761576847,0 79.4792524830797,24.7583740603943,0 79.4792512235523,24.7583720200091,0 79.4792498498259,24.7583700420216,0 79.4792483655986,24.7583681317562,0 79.4792467748657,24.7583662943552,0 79.4792450819093,24.7583645347645,0 79.4792432912866,24.7583628577209,0 79.4792414078176,24.7583612677386,0 79.4792394365726,24.7583597690978,0 79.4792373828578,24.7583583658325,0 79.4792352522015,24.7583570617202,0 79.4792330503393,24.7583558602714,0 79.4792307831983,24.7583547647202,0 79.4792284568813,24.7583537780157,0 79.4792260776504,24.758352902814,0 79.4792236519104,24.7583521414711,0 79.4792005154558,24.7583454874531,0 79.4792024293516,24.7583415276647,0 79.4792033958375,24.7583393801682,0 79.4792042401308,24.7583371901381,0 79.4792049599984,24.7583349633673,0 79.4792055535361,24.7583327057457,0 79.479206019174,24.758330423245,0 79.4792063556803,24.7583281219026,0 79.4792065621651,24.7583258078059,0 79.4792066380822,24.7583234870758,0 79.4792065832307,24.7583211658509,0 79.4792063977558,24.7583188502711,0 79.4792060821481,24.7583165464612,0 79.4792056372423,24.7583142605151,0 79.4792050642154,24.7583119984794,0 79.4792043645829,24.7583097663373,0 79.4792035401956,24.7583075699931,0 79.4792025932341,24.7583054152562,0 79.4791982932312,24.7582963152574,0 79.4791972025097,24.7582941640902,0 79.4791959896281,24.7582920681701,0 79.4791946579309,24.7582900332766,0 79.4791932110903,24.7582880650205,0 79.4791916530956,24.7582861688293,0 79.4791899882429,24.7582843499313,0 79.4791882211229,24.7582826133421,0 79.4791863566083,24.7582809638503,0 79.4791843998403,24.7582794060039,0 79.4791823562145,24.7582779440988,0 79.479180231366,24.7582765821659,0 79.4791780311538,24.7582753239607,0 79.4791757616449,24.7582741729525,0 79.4791734290972,24.7582731323151,0 79.4791710399425,24.7582722049181,0 79.4791686007687,24.7582713933185,0 79.4791661183015,24.7582706997543,0 79.4791635993861,24.7582701261379,0 79.4791610509681,24.7582696740511,0 79.4791584800747,24.7582693447404,0 79.4791558937947,24.7582691391139,0 79.4791532992597,24.7582690577385,0 79.4791527785306,24.7582690663852,0 79.479153046873,24.7582650469319,0 79.4791531363453,24.758262719668,0 79.4791530942716,24.7582603912873,0 79.4791529207639,24.7582580679857,0 79.4791526162839,24.7582557559451,0 79.4791521816418,24.7582534613177,0 79.4791516179941,24.7582511902093,0 79.4791509268407,24.7582489486631,0 79.4791501100206,24.7582467426438,0 79.4791491697074,24.7582445780213,0 79.4791481084032,24.7582424605555,0 79.479146928932,24.7582403958809,0 79.4791456344322,24.7582383894912,0 79.4791442283485,24.7582364467254,0 79.4791427144223,24.7582345727531,0 79.4791410966821,24.7582327725606,0 79.4791393794325,24.7582310509382,0 79.479137567243,24.7582294124669,0 79.4791356649357,24.7582278615065,0 79.4791336775724,24.7582264021841,0 79.4791316104413,24.7582250383828,0 79.479129469043,24.7582237737315,0 79.4791272590755,24.7582226115953,0 79.4791249864194,24.7582215550667,0 79.4791226571219,24.7582206069569,0 79.4791202773811,24.7582197697887,0 79.4791106494636,24.7582166407162,0 79.4791112540836,24.7582163033519,0 79.4791133520586,24.7582149929247,0 79.4791153735004,24.7582135857662,0 79.4791173130656,24.7582120855962,0 79.4791191656271,24.7582104963804,0 79.4791209262876,24.7582088223198,0 79.479122590393,24.7582070678395,0 79.4791241535443,24.7582052375775,0 79.4791256116095,24.758203336372,0 79.4791269607341,24.7582013692487,0 79.479128197352,24.7581993414075,0 79.4791291242875,24.7581977249777,0 79.4791325091908,24.7581987302385,0 79.479134926451,24.7581993863673,0 79.4791373772069,24.7581999290888,0 79.4791398550819,24.7582003569908,0 79.4791423536288,24.7582006689599,0 79.4791448663466,24.7582008641845,0 79.4791473866975,24.7582009421566,0 79.4791499081238,24.7582009026734,0 79.479152424065,24.7582007458375,0 79.4791549279748,24.758200472057,0 79.4791574133383,24.7582000820444,0 79.4791598736889,24.7581995768142,0 79.4791623026249,24.7581989576812,0 79.4791646938265,24.7581982262562,0 79.4791899938343,24.7581898262538,0 79.4791923942719,24.7581889638844,0 79.4791947421825,24.7581879883609,0 79.4791970311742,24.7581869023392,0 79.4791992550153,24.7581857087758,0 79.4792014076516,24.7581844109201,0 79.4792034832227,24.7581830123054,0 79.4792054760782,24.7581815167394,0 79.4792073807925,24.7581799282935,0 79.4792091921803,24.7581782512922,0 79.4792109053104,24.7581764903009,0 79.4792125155187,24.7581746501139,0 79.4792140184216,24.7581727357408,0 79.4792154099277,24.7581707523935,0 79.4792166862487,24.7581687054712,0 79.47921784391,24.7581666005468,0 79.4792188797598,24.7581644433505,0 79.4792261227638,24.7581482214046,0 79.4792295196614,24.7581457411297,0 79.4792599693092,24.7581341884169,0 79.4792623728563,24.7581332071806,0 79.4792647157886,24.7581321104965,0 79.4792669914616,24.7581309014747,0 79.4792691934213,24.7581295835442,0 79.4792713154228,24.7581281604426,0 79.479273351448,24.758126636206,0 79.4792752957226,24.7581250151571,0 79.4792771427325,24.7581233018934,0 79.4792788872395,24.7581215012738,0 79.4792805242961,24.758119618405,0 79.4792820492595,24.7581176586268,0 79.4792834578048,24.7581156274974,0 79.4792847459373,24.758113530777,0 79.4792859100038,24.7581113744122,0 79.479286946703,24.7581091645186,0 79.4792878530946,24.7581069073634,0 79.4792886266083,24.7581046093481,0 79.4792892650501,24.7581022769901,0 79.4792897666095,24.758099916904,0 79.479290129864,24.7580975357831,0 79.4792903537835,24.7580951403805,0 79.4792904377328,24.7580927374897,0 79.4792903814739,24.7580903339253,0 79.4792901851664,24.7580879365041,0 79.4792898493671,24.7580855520252,0 79.4792893750281,24.7580831872512,0 79.479288763495,24.7580808488887,0 79.4792722634743,24.7580244488929,0 79.4792715359131,24.7580221982734,0 79.4792706812586,24.7580199852171,0 79.47926970182,24.7580178157036,0 79.4792686002439,24.7580156955953,0 79.4792673795069,24.7580136306207,0 79.4792660429073,24.7580116263595,0 79.4792645940569,24.7580096882273,0 79.4792630368703,24.758007821461,0 79.4792613755553,24.7580060311048,0 79.4792596146008,24.7580043219961,0 79.4792577587649,24.7580026987532,0 79.4792558130623,24.7580011657622,0 79.4792537827503,24.7579997271651,0 79.479251673315,24.7579983868493,0 79.4792494904561,24.7579971484362,0 79.4792472400717,24.7579960152721,0 79.4792449282427,24.757994990419,0 79.4792425612156,24.757994076646,0 79.4792401453862,24.7579932764221,0 79.4792376872822,24.7579925919096,0 79.4792351935456,24.7579920249581,0 79.4792326709146,24.7579915770995,0 79.4792301262053,24.7579912495439,0 79.4792275662938,24.7579910431765,0 79.4792249980971,24.7579909585548,0 79.4792224285544,24.7579909959075,0 79.4792198646089,24.7579911551336,0 79.4792173131884,24.757991435803,0 79.4792147811871,24.7579918371571,0 79.4792122754464,24.7579923581117,0 79.4792098027371,24.7579929972589,0 79.4792041241477,24.7579946117605,0 79.4792041281665,24.7579939825772,0 79.479204008015,24.7579916238215,0 79.479203752959,24.7579892740293,0 79.479203363696,24.7579869396295,0 79.4792028412913,24.757984627009,0 79.4792021871739,24.7579823424951,0 79.4792014031337,24.7579800923379,0 79.4792004913157,24.7579778826939,0 79.4791994542146,24.7579757196086,0 79.4791982946679,24.757973609,0 79.479197015848,24.7579715566428,0 79.4791956212538,24.757969568152,0 79.4791941147008,24.7579676489681,0 79.4791925003109,24.7579658043419,0 79.4791909201806,24.7579641807838,0 79.4791975146897,24.7579629998048,0 79.4792000628237,24.7579624793084,0 79.4792025773088,24.7579618366907,0 79.4792050511307,24.7579610737443,0 79.479207477389,24.7579601925973,0 79.4792098493154,24.7579591957076,0 79.4792121602937,24.7579580858562,0 79.4792144038774,24.7579568661389,0 79.4792165738081,24.757955539958,0 79.4792186640328,24.7579541110129,0 79.4792206687208,24.7579525832897,0 79.4792225822801,24.7579509610499,0 79.479224399373,24.7579492488186,0 79.4792261149307,24.7579474513722,0 79.4792277241676,24.7579455737245,0 79.4792292225949,24.7579436211132,0 79.4792306060326,24.7579415989851,0 79.4792318706219,24.7579395129809,0 79.4792330128351,24.7579373689193,0 79.479234029486,24.7579351727813,0 79.4792349177387,24.7579329306928,0 79.4792356751155,24.7579306489082,0 79.4792362995038,24.7579283337925,0 79.4792367891617,24.7579259918035,0 79.4792371427234,24.7579236294742,0 79.4792373592027,24.7579212533943,0 79.4792374379957,24.7579188701919,0 79.4792373788827,24.7579164865146,0 79.4792371820285,24.7579141090119,0 79.4792368479822,24.7579117443156,0 79.4792363776757,24.7579093990221,0 79.4792357724209,24.7579070796734,0 79.4792350339062,24.7579047927394,0 79.4792341641916,24.7579025445994,0 79.4792331657031,24.7579003415244,0 79.4792320412261,24.75789818966,0 79.4792307938973,24.7578960950087,0 79.4792294271959,24.7578940634134,0 79.4792279449346,24.7578921005413,0 79.4792263512478,24.7578902118678,0 79.4792246505813,24.7578884026612,0 79.479222847679,24.7578866779682,0 79.47922094757,24.7578850425999,0 79.4792189555547,24.7578835011181,0 79.4792168771896,24.7578820578227,0 79.4792147182725,24.7578807167397,0 79.4792124848254,24.75787948161,0 79.4792101830786,24.7578783558791,0 79.4792078194528,24.757877342687,0 79.479205400541,24.7578764448602,0 79.479202933091,24.7578756649029,0 79.4792004239855,24.757875004991,0 79.4791978802237,24.7578744669652,0 79.4791817290006,24.7578714588611,0 79.4791819414019,24.7578698252879,0 79.479183941394,24.7578494252869,0 79.4791840808784,24.7578475754946,0 79.4791841370592,24.7578457220324,0 79.4791842370541,24.7578329220321,0 79.479184187924,24.7578305623399,0 79.4791840038063,24.7578282082171,0 79.4791836852045,24.7578258660979,0 79.4791832329893,24.757823542384,0 79.4791826483967,24.7578212434264,0 79.4791819330244,24.7578189755087,0 79.4791810888279,24.7578167448296,0 79.4791801181145,24.7578145574859,0 79.4791790235373,24.7578124194563,0 79.479177808088,24.7578103365842,0 79.4791764750887,24.7578083145627,0 79.4791750281829,24.7578063589184,0 79.4791734713251,24.7578044749964,0 79.4791718087706,24.7578026679458,0 79.4791700450635,24.7578009427058,0 79.4791681850244,24.7577993039918,0 79.4791662337372,24.7577977562826,0 79.4791641965352,24.7577963038085,0 79.4791620789863,24.7577949505395,0 79.4791598868784,24.7577937001742,0 79.4791576262029,24.7577925561303,0 79.4791553031387,24.7577915215345,0 79.4791529240353,24.7577905992146,0 79.4791504953951,24.7577897916916,0 79.4791480238562,24.7577891011726,0 79.4791455161738,24.7577885295448,0 79.4791429792019,24.7577880783707,0 79.4791404198746,24.7577877488835,0 79.479137845187,24.7577875419836,0 79.4791352621763,24.7577874582366,0 79.4791326779024,24.7577874978714,0 79.4791300994286,24.7577876607796,0 79.4791275338024,24.757787946516,0 79.4791249880362,24.7577883542996,0 79.4791224690882,24.7577888830159,0 79.4791199838431,24.7577895312197,0 79.4791175390935,24.7577902971394,0 79.4791151415216,24.7577911786815,0 79.4791127976803,24.7577921734367,0 79.4791105139759,24.7577932786861,0 79.4791082966502,24.7577944914087,0 79.4791061517635,24.75779580829,0 79.4791040851784,24.7577972257307,0 79.4791021025432,24.7577987398566,0 79.4791002092768,24.7578003465293,0 79.4790984105541,24.7578020413574,0 79.4790279105529,24.7578720413404,0 79.4790262118566,24.7578738190631,0 79.4790246171913,24.7578756753959,0 79.4790231309125,24.7578776052684,0 79.4790217570797,24.7578796034096,0 79.4790204994451,24.7578816643619,0 79.479019361444,24.7578837824962,0 79.4790183461845,24.7578859520271,0 79.4790174564395,24.757888167029,0 79.4790166946395,24.757890421452,0 79.4790160628649,24.7578927091386,0 79.4790155628415,24.7578950238404,0 79.4790151959348,24.757897359235,0 79.4790149631473,24.757899708944,0 79.4790148651145,24.7579020665493,0 79.4790148911859,24.7579037292775,0 79.4790132081393,24.7579042876469,0 79.479010827006,24.7579052089954,0 79.4790085018925,24.7579062427802,0 79.4790062391609,24.7579073861727,0 79.4790040450027,24.7579086360443,0 79.4790019254216,24.7579099889748,0 79.4789998862176,24.7579114412625,0 79.4789979329703,24.7579129889333,0 79.4789960710244,24.7579146277524,0 79.4789736968014,24.7579353786064,0 79.4789610399103,24.7579309929352,0 79.4789585769574,24.7579302067515,0 79.4789560720124,24.757929540312,0 79.4789535320521,24.7579289954728,0 79.4789509641506,24.7579285737515,0 79.4789483754601,24.7579282763226,0 79.4789457731906,24.7579281040144,0 79.4789431645899,24.757928057307,0 79.4789405569233,24.7579281363303,0 79.4789203569306,24.7579292363303,0 79.478917813155,24.7579294351555,0 79.4789152840121,24.7579297536289,0 79.4789127762467,24.7579301909012,0 79.4789102965466,24.7579307458062,0 79.4789078515248,24.7579314168641,0 79.478905447702,24.7579322022853,0 79.4789030914886,24.7579330999751,0 79.4789007891685,24.7579341075395,0 79.4788985468815,24.7579352222916,0 79.4788963706076,24.7579364412584,0 79.4788942661505,24.7579377611891,0 79.4788922391225,24.7579391785637,0 79.4788902949295,24.7579406896022,0 79.4788884387563,24.7579422902748,0 79.4788866755531,24.7579439763129,0 79.478885010022,24.75794574322,0 79.4788834466049,24.757947586284,0 79.478881989471,24.7579495005898,0 79.4788806425066,24.7579514810321,0 79.4788794093035,24.7579535223293,0 79.4788782931508,24.7579556190377,0 79.4788772970249,24.7579577655656,0 79.4788764235825,24.7579599561886,0 79.4788758850252,24.7579615600498,0 79.4788691548415,24.7579712039065,0 79.4788492452009,24.7579735034998,0 79.4788175983425,24.7579760274828,0 79.4788150885618,24.7579762867897,0 79.47881259656,24.7579766628055,0 79.4788101288417,24.7579771545487,0 79.478807691848,24.7579777607357,0 79.47880529194,24.7579784797844,0 79.4788029353817,24.7579793098178,0 79.4788006283241,24.7579802486695,0 79.4787983767891,24.7579812938889,0 79.4787900767912,24.7579853938877,0 79.4787878471952,24.7579865647117,0 79.4787856872997,24.7579878398324,0 79.4787836029506,24.7579892157985,0 79.4787815997891,24.757990688886,0 79.4787796832368,24.757992255108,0 79.478777858481,24.7579939102254,0 79.4787761304603,24.7579956497586,0 79.4787745038518,24.7579974689996,0 79.4787729830578,24.7579993630246,0 79.4787715721944,24.7580013267072,0 79.4787702750802,24.7580033547328,0 79.4787690952259,24.7580054416125,0 79.4787680358246,24.7580075816981,0 79.4787670997438,24.7580097691974,0 79.4787662895171,24.7580119981899,0 79.4787656073371,24.7580142626427,0 79.4787650550504,24.7580165564271,0 79.4787646341517,24.7580188733349,0 79.4787643457802,24.7580212070954,0 79.4787641907163,24.7580235513921,0 79.4787641693798,24.7580258998801,0 79.4787642818284,24.7580282462033,0 79.4787643959325,24.7580293308777,0 79.4787627061495,24.758032075185,0 79.4787615203068,24.7580341222631,0 79.4787604509898,24.7580362221774,0 79.4787595010124,24.7580383694019,0 79.4787586728745,24.7580405582858,0 79.4787579687555,24.7580427830691,0 79.4787573905082,24.758045037897,0 79.4787569396545,24.7580473168357,0 79.4787566173808,24.758049613888,0 79.4787564245352,24.7580519230091,0 79.4787563616251,24.7580542381223,0 79.4787564288162,24.7580565531352,0 79.4787566259316,24.7580588619557,0 79.4787569524527,24.7580611585078,0 79.47875740752,24.7580634367481,0 79.4787605771557,24.7580772830753,0 79.478762726057,24.7581012792451,0 79.4787630039718,24.758103625673,0 79.4787634158021,24.7581059556317,0 79.4787639604224,24.7581082627528,0 79.4787646363441,24.7581105407306,0 79.4787654417198,24.7581127833389,0 79.4787663743482,24.7581149844483,0 79.47876659184,24.7581154274396,0 79.4787644965942,24.7581148406378,0 79.4787620111033,24.7581142088408,0 79.4787594929016,24.7581136963041,0 79.478756948847,24.7581133044238,0 79.4787543858679,24.7581130342668,0 79.4787518109445,24.7581128865691,0 79.4787492310892,24.7581128617328,0 79.4787466533279,24.7581129598255,0 79.4787440846809,24.7581131805802,0 79.4787415321437,24.7581135233957,0 79.4787390026676,24.7581139873382,0 79.4787365031416,24.7581145711444,0 79.4787340403728,24.7581152732242,0 79.4787316210682,24.7581160916658,0 79.4787292518165,24.75811702424,0 79.4787269390703,24.7581180684071,0 79.4787246891278,24.7581192213236,0 79.4787225081167,24.7581204798495,0 79.4787204019767,24.7581218405573,0 79.4787183764435,24.7581232997415,0 79.4787164370336,24.7581248534279,0 79.4787145890287,24.7581264973854,0 79.4787128374616,24.7581282271368,0 79.4787111871025,24.7581300379714,0 79.478709642446,24.7581319249574,0 79.4787082076988,24.7581338829559,0 79.4787068867683,24.7581359066346,0 79.4787056832519,24.7581379904821,0 79.4787046004272,24.7581401288234,0 79.4787036412433,24.7581423158349,0 79.4787028083123,24.7581445455605,0 79.4787021039026,24.7581468119277,0 79.4787015299326,24.7581491087645,0 79.4787010879656,24.7581514298156,0 79.478700779205,24.7581537687599,0 79.4787006044919,24.7581561192276,0 79.478700564302,24.7581584748173,0 79.4787006587449,24.758160829114,0 79.4787008875632,24.7581631757059,0 79.4787012501339,24.7581655082023,0 79.4787017454695,24.758167820251,0 79.4787023722211,24.7581701055553,0 79.4787031286817,24.7581723578916,0 79.4787040127913,24.7581745711256,0 79.478705022142,24.7581767392301,0 79.4787061539851,24.7581788563003,0 79.478707405238,24.7581809165707,0 79.4787087724931,24.7581829144303,0 79.478710252027,24.7581848444383,0 79.4787118398101,24.7581867013383,0 79.4787135315184,24.7581884800734,0 79.4787153225446,24.7581901757993,0 79.4787172080112,24.758191783898,0 79.4787191827833,24.7581932999899,0 79.4787704750687,24.7582306366969,0 79.4787703676723,24.7582388120077,0 79.4787494098653,24.7582461452337,0 79.4787469926345,24.7582470587165,0 79.4787446317052,24.758248087677,0 79.4787423336883,24.758249229234,0 79.4787401050182,24.7582504801912,0 79.4787379519354,24.7582518370457,0 79.4787358804686,24.7582532959983,0 79.478733896418,24.7582548529639,0 79.4787320053391,24.7582565035828,0 79.4787302125269,24.7582582432334,0 79.4787285230015,24.7582600670444,0 79.4787269414936,24.7582619699091,0 79.4787254724314,24.7582639464995,0 79.4787241199285,24.7582659912809,0 79.478722887772,24.7582680985278,0 79.4787217794119,24.7582702623399,0 79.4787207979516,24.7582724766584,0 79.4787199461395,24.758274735283,0 79.4787192263605,24.7582770318896,0 79.4787186406301,24.7582793600474,0 79.4787181905884,24.7582817132376,0 79.4787178774955,24.7582840848711,0 79.4787175357627,24.7582874122574,0 79.478694995671,24.7582757352834,0 79.4786927217354,24.7582746277838,0 79.4786903876858,24.7582736299925,0 79.4786879998648,24.7582727446208,0 79.4786855647611,24.7582719740746,0 79.478683088992,24.7582713204479,0 79.4786805792851,24.7582707855168,0 79.4786780424603,24.7582703707349,0 79.4786754854112,24.7582700772295,0 79.4786729150864,24.758269905798,0 79.4786703384706,24.7582698569064,0 79.4786677625655,24.7582699306874,0 79.4786651943709,24.7582701269407,0 79.4786626408656,24.7582704451327,0 79.4786601089886,24.7582708843991,0 79.4786576056201,24.7582714435459,0 79.4786551375627,24.7582721210539,0 79.4786527115232,24.758272915082,0 79.4786503340941,24.7582738234723,0 79.478648011736,24.7582748437566,0 79.4786457507596,24.7582759731621,0 79.4786435573089,24.75827720862,0 79.4786414373445,24.7582785467728,0 79.4786393966272,24.7582799839843,0 79.4786374407025,24.758281516349,0 79.4786355748855,24.7582831397028,0 79.4786338042463,24.7582848496344,0 79.4786321335965,24.7582866414971,0 79.478630567476,24.7582885104218,0 79.4786291101406,24.7582904513298,0 79.4786277655505,24.7582924589469,0 79.4786265373595,24.7582945278174,0 79.4786254289051,24.7582966523194,0 79.4786244431995,24.7582988266798,0 79.4786235829212,24.7583010449899,0 79.478622850408,24.7583033012216,0 79.4786222476504,24.7583055892439,0 79.4786217762864,24.7583079028391,0 79.4786214375969,24.7583102357203,0 79.4786212325022,24.7583125815481,0 79.4786211615597,24.7583149339478,0 79.4786212249622,24.7583172865271,0 79.4786214225374,24.7583196328929,0 79.4786217537484,24.7583219666692,0 79.4786222176952,24.7583242815142,0 79.4786228131171,24.7583265711374,0 79.4786235383959,24.758328829317,0 79.4786243915609,24.7583310499166,0 79.4786253702937,24.7583332269019,0 79.4786264719346,24.758335354357,0 79.4786276934901,24.7583374265008,0 79.4786690885308,24.7584034614886,0 79.4786713012658,24.7584185081263,0 79.4786717188526,24.7584208709912,0 79.4786722729971,24.7584232103261,0 79.4786729621416,24.7584255195551,0 79.478673784349,24.7584277921872,0 79.4786747373082,24.7584300218342,0 79.4786758183405,24.7584322022288,0 79.4786770244072,24.7584343272421,0 79.4786783521181,24.7584363909007,0 79.4786797977412,24.758438387404,0 79.4786813572129,24.7584403111399,0 79.4786830261497,24.7584421567009,0 79.4786847998603,24.7584439188993,0 79.4786866733591,24.7584455927818,0 79.4786886413796,24.7584471736431,0 79.4786906983901,24.7584486570396,0 79.4786928386084,24.7584500388016,0 79.4786950560184,24.758451315045,0 79.4786973443873,24.7584524821825,0 79.4786996972827,24.7584535369332,0 79.4787021080906,24.7584544763325,0 79.4787045700346,24.7584552977397,0 79.4787070761944,24.7584559988458,0 79.4787096195252,24.7584565776802,0 79.4787121928779,24.7584570326157,0 79.4787147890192,24.7584573623737,0 79.4787174006514,24.7584575660271,0 79.4787200204335,24.7584576430035,0 79.4787226410014,24.7584575930865,0 79.4787243659699,24.7584574765021,0 79.4787252259124,24.7584670792342,0 79.4787255037141,24.758469424894,0 79.4787259153442,24.7584717540974,0 79.4787264596783,24.7584740604825,0 79.4787271352296,24.7584763377496,0 79.478727940153,24.7584785796785,0 79.4787288722499,24.7584807801458,0 79.4787299289743,24.758482933141,0 79.47873110744,24.7584850327834,0 79.4787324044281,24.7584870733381,0 79.4787325820262,24.7584873218671,0 79.478730546337,24.7584880324769,0 79.4787281617715,24.7584889306544,0 79.4787258317553,24.7584899411777,0 79.4787235626312,24.7584910612961,0 79.4787213605765,24.7584922879603,0 79.4787192315856,24.7584936178309,0 79.4787171814543,24.7584950472878,0 79.4787152157635,24.7584965724395,0 79.4787133398644,24.7584981891343,0 79.4787115588636,24.758499892971,0 79.4787098776095,24.7585016793113,0 79.4787083006789,24.7585035432924,0 79.4787068323647,24.7585054798401,0 79.478705476664,24.7585074836825,0 79.4787042372673,24.7585095493647,0 79.4787031175485,24.7585116712633,0 79.478702120556,24.758513843602,0 79.4787012490038,24.7585160604671,0 79.4787005052644,24.7585183158238,0 79.4786998913625,24.7585206035323,0 79.4786994089694,24.7585229173649,0 79.4786990593982,24.7585252510228,0 79.4786988436006,24.7585275981531,0 79.478698762164,24.7585299523663,0 79.4786988153101,24.7585323072537,0 79.4786990028943,24.7585346564046,0 79.478699324406,24.758536993424,0 79.4786997789698,24.75853931195,0 79.4787003653484,24.7585416056709,0 79.4787010819454,24.7585438683425,0 79.4787019268102,24.7585460938054,0 79.4787028976428,24.7585482760012,0 79.4787039918003,24.7585504089894,0 79.4787052063041,24.7585524869634,0 79.4787065378482,24.7585545042665,0 79.4787079828075,24.7585564554071,0 79.4787095372487,24.7585583350735,0 79.4787111969401,24.7585601381489,0 79.4787129573636,24.7585618597248,0 79.4787148137269,24.7585634951146,0 79.4787167609763,24.7585650398664,0 79.4787187938112,24.758566489775,0 79.4787209066974,24.7585678408932,0 79.4787230938832,24.7585690895431,0 79.4787253494146,24.7585702323254,0 79.4787276671512,24.7585712661292,0 79.4787300407838,24.7585721881402,0 79.4787324638505,24.7585729958485,0 79.4787349297551,24.7585736870552,0 79.4787374317849,24.7585742598787,0 79.4787399631287,24.7585747127597,0 79.4787425168954,24.7585750444652,0 79.478745086133,24.7585752540923,0 79.4787683251841,24.7585765932951,0 79.4787711407128,24.7585865192379,0 79.4787718616157,24.7585888098235,0 79.4787727139009,24.7585910624764,0 79.4787736951929,24.758593270918,0 79.4787748027568,24.7585954289932,0 79.4787760335055,24.7585975306868,0 79.4787773840087,24.7585995701413,0 79.4787788505025,24.7586015416723,0 79.4787804288994,24.7586034397848,0 79.4787821148002,24.7586052591886,0 79.478783903506,24.7586069948125,0 79.4787857900315,24.7586086418192,0 79.4787877691186,24.7586101956182,0 79.4787898352512,24.7586116518788,0 79.4787919826707,24.7586130065421,0 79.4787942053919,24.7586142558325,0 79.4787964972197,24.7586153962681,0 79.4787988517664,24.7586164246701,0 79.4788012624696,24.7586173381724,0 79.4788037226101,24.7586181342288,0 79.4788062253312,24.7586188106206,0 79.4788087636574,24.7586193654626,0 79.478811330514,24.7586197972083,0 79.4788139187467,24.7586201046543,0 79.4788165211416,24.7586202869439,0 79.4788191304456,24.7586203435689,0 79.478821739386,24.7586202743715,0 79.4788243406912,24.7586200795445,0 79.4788269271111,24.7586197596311,0 79.4788294914369,24.7586193155227,0 79.4788320265213,24.7586187484573,0 79.4788345252987,24.7586180600153,0 79.4788369808045,24.7586172521155,0 79.4788393861949,24.7586163270097,0 79.4788417347656,24.7586152872763,0 79.4788440199709,24.7586141358132,0 79.4788702808412,24.7586000653255,0 79.4788969438627,24.7586057580826,0 79.4788994559838,24.7586062320328,0 79.4789019916455,24.758606586364,0 79.4789045440212,24.7586068201223,0 79.4789071062394,24.7586069326784,0 79.4789096714023,24.7586069237293,0 79.4789122326038,24.7586067932992,0 79.4789147829489,24.758606541739,0 79.4789173155715,24.7586061697261,0 79.4789198236533,24.7586056782619,0 79.4789223004422,24.7586050686697,0 79.4789247392701,24.7586043425905,0 79.4789271335714,24.7586035019791,0 79.4789294769001,24.7586025490985,0 79.4789317629475,24.7586014865141,0 79.4789339855592,24.7586003170866,0 79.4789361387516,24.7585990439641,0 79.4789380645865,24.7585977711286,0 79.4789386823272,24.7585984770304,0 79.4789403657237,24.7586002102901,0 79.4789421442812,24.7586018624098,0 79.4789440133159,24.7586034290385,0 79.4789459679055,24.7586049060505,0 79.4789480029026,24.7586062895559,0 79.4789499653976,24.7586074859596,0 79.4789655636428,24.7586250925674,0 79.478967243988,24.7586268908578,0 79.4789690251192,24.7586286063639,0 79.4789709021527,24.758630234382,0 79.4789728699414,24.7586317704477,0 79.4789749230898,24.7586332103493,0 79.4789770559679,24.7586345501385,0 79.4789792627274,24.7586357861415,0 79.4789815373172,24.7586369149691,0 79.4789838735005,24.7586379335261,0 79.4789862648712,24.7586388390197,0 79.4789887048722,24.7586396289668,0 79.4789911868129,24.7586403012014,0 79.4789937038878,24.7586408538802,0 79.4789943601471,24.7586409651621,0 79.4789940481069,24.7586419546215,0 79.4789934602373,24.7586442712249,0 79.4789930067756,24.7586466128809,0 79.4789926889801,24.7586489730919,0 79.4789925077324,24.7586513453089,0 79.4789924635356,24.7586537229498,0 79.4789925565122,24.7586560994171,0 79.4789927864043,24.7586584681168,0 79.4789931525741,24.7586608224763,0 79.4789936540055,24.7586631559628,0 79.4789942893071,24.7586654621017,0 79.4789950567162,24.7586677344938,0 79.4789959541034,24.758669966834,0 79.4789969789788,24.758672152928,0 79.4789981284984,24.7586742867099,0 79.4789993994728,24.7586763622592,0 79.4790007883753,24.7586783738166,0 79.479002291352,24.7586803158006,0 79.4790039042327,24.7586821828228,0 79.4790056225419,24.7586839697025,0 79.4790164654508,24.7586946635734,0 79.4790085844121,24.7587229809161,0 79.4790080204029,24.7587252511432,0 79.4790075853067,24.7587275449004,0 79.4790072802805,24.7587298560885,0 79.4790071061353,24.7587321785616,0 79.4790070633343,24.7587345061441,0 79.4790071519912,24.7587368326467,0 79.4790073718704,24.7587391518828,0 79.4790077223871,24.7587414576853,0 79.4790082026093,24.758743743923,0 79.47900881126,24.7587460045163,0 79.4790095467207,24.7587482334541,0 79.4790104070359,24.7587504248094,0 79.4790113899178,24.7587525727551,0 79.4790124927528,24.7587546715796,0 79.4790137126083,24.7587567157018,0 79.4790150462407,24.7587586996862,0 79.4790154695776,24.7587592622063,0 79.479015399675,24.758759268046,0 79.4790128204999,24.7587596094368,0 79.4790102646097,24.7587600744585,0 79.4790077391069,24.7587606618188,0 79.4790052510094,24.7587613698856,0 79.4790028072311,24.7587621966913,0 79.4790004145628,24.7587631399383,0 79.4789990951441,24.7587637372696,0 79.4789984129419,24.7587633135117,0 79.4789961689975,24.7587620732929,0 79.4789938561763,24.7587609434917,0 79.4789914809887,24.7587599272883,0 79.4789890501205,24.7587590275432,0 79.4789865704142,24.758758246789,0 79.4789840488498,24.7587575872235,0 79.4789814925253,24.7587570507032,0 79.4789789086361,24.7587566387384,0 79.4789763044558,24.7587563524886,0 79.4789736873145,24.7587561927597,0 79.4789728248402,24.7587561819872,0 79.4789718700938,24.7587545362392,0 79.4789705480032,24.7587525187653,0 79.4789691126781,24.758750566879,0 79.4789675680117,24.7587486858744,0 79.4789659181936,24.7587468808535,0 79.4789641676986,24.7587451567121,0 79.4789623212747,24.7587435181266,0 79.4789604800773,24.7587420463953,0 79.4789610247622,24.7587418820878,0 79.4789634234608,24.7587410296788,0 79.4789657703235,24.7587400644285,0 79.4789680589888,24.7587389889533,0 79.4789702832529,24.7587378061685,0 79.4789724370869,24.7587365192799,0 79.4789745146526,24.758735131776,0 79.4789765103184,24.7587336474177,0 79.478978418675,24.7587320702284,0 79.4789802345497,24.7587304044833,0 79.4789819530201,24.7587286546975,0 79.4789835694284,24.7587268256141,0 79.4789850793931,24.7587249221909,0 79.4789864788212,24.7587229495874,0 79.4789877639195,24.7587209131504,0 79.4789889312046,24.7587188184,0 79.4789899775124,24.7587166710141,0 79.478990900007,24.7587144768135,0 79.4789916961876,24.7587122417458,0 79.4789923638964,24.7587099718693,0 79.4789929013233,24.7587076733367,0 79.4789933070115,24.7587053523785,0 79.4789935798616,24.7587030152858,0 79.4789937191338,24.7587006683936,0 79.4789937244507,24.7586983180632,0 79.4789935957979,24.7586959706656,0 79.4789933335241,24.7586936325636,0 79.4789929383402,24.7586913100947,0 79.4789924113174,24.7586890095544,0 79.4789917538844,24.7586867371783,0 79.478990967823,24.7586844991261,0 79.4789900552641,24.7586823014642,0 79.4789890186812,24.7586801501494,0 79.478987860884,24.7586780510133,0 79.478986585011,24.7586760097457,0 79.4789851945204,24.7586740318796,0 79.4789836931813,24.7586721227762,0 79.4789820850634,24.7586702876104,0 79.4789528850598,24.7586386876175,0 79.4789511793047,24.7586369360237,0 79.4789493762839,24.7586352676358,0 79.4789474808581,24.7586336869516,0 79.4789454981371,24.7586321982324,0 79.4789434334661,24.7586308054916,0 79.4789412924113,24.758629512484,0 79.4789390807447,24.7586283226953,0 79.4789368044287,24.758627239333,0 79.4789344696,24.7586262653178,0 79.478932082553,24.7586254032755,0 79.478929649723,24.7586246555302,0 79.4789271776685,24.7586240240975,0 79.4789246730541,24.7586235106798,0 79.4789221426317,24.7586231166613,0 79.4789195932232,24.7586228431041,0 79.4789170317015,24.7586226907457,0 79.4789144649722,24.7586226599968,0 79.4789118999548,24.7586227509404,0 79.4789093435644,24.7586229633313,0 79.4789068026927,24.7586232965969,0 79.4789042841896,24.7586237498387,0 79.4789017948447,24.7586243218349,0 79.478899341369,24.7586250110434,0 79.4788969303768,24.7586258156062,0 79.4788956040263,24.7586263309539,0 79.4788938233333,24.7586251353665,0 79.4788916375628,24.758623824522,0 79.4788893789435,24.7586226210459,0 79.4788870537946,24.7586215283053,0 79.4788846686214,24.7586205493575,0 79.4788822300975,24.7586196869414,0 79.4788797450452,24.75861894347,0 79.4788772204174,24.7586183210233,0 79.4788746632776,24.7586178213429,0 79.4788720807803,24.7586174458268,0 79.4788694801508,24.7586171955256,0 79.4788668686653,24.7586170711396,0 79.4788642536302,24.7586170730168,0 79.4788616423621,24.758617201152,0 79.4788590421668,24.7586174551867,0 79.4788564603193,24.75861783441,0 79.478853904043,24.7586183377612,0 79.4788513804902,24.7586189638317,0 79.4788488967212,24.75861971087,0 79.4788464596853,24.758620576786,0 79.4788440762008,24.758621559157,0 79.4788029939918,24.7586397005996,0 79.4788025158818,24.7586383252786,0 79.4788016098305,24.7586361237706,0 79.4788005794487,24.758633968337,0 79.4787994275331,24.7586318648279,0 79.4787981572099,24.7586298189522,0 79.4787967719269,24.7586278362627,0 79.4787952754438,24.7586259221403,0 79.4787936718222,24.7586240817803,0 79.4787919654144,24.7586223201773,0 79.4787901608517,24.7586206421125,0 79.4787882630317,24.7586190521402,0 79.4787862771053,24.7586175545758,0 79.4787842084624,24.7586161534836,0 79.4787820627173,24.7586148526664,0 79.4787798456938,24.7586136556546,0 79.478777563409,24.758612565697,0 79.4787752220571,24.7586115857517,0 79.4787728279927,24.7586107184785,0 79.4787703877134,24.7586099662311,0 79.4787679078423,24.7586093310511,0 79.4787653951098,24.7586088146625,0 79.4787628563357,24.7586084184668,0 79.4787602984103,24.7586081435393,0 79.478757728276,24.7586079906261,0 79.4787551529083,24.7586079601423,0 79.4787525792968,24.7586080521706,0 79.4787500144265,24.7586082664612,0 79.4787474652585,24.7586086024326,0 79.4787045652736,24.758615302431,0 79.4787020099899,24.7586157650878,0 79.4786994849421,24.7586163500063,0 79.4786969971407,24.7586170555626,0 79.4786945534931,24.7586178797976,0 79.4786921607842,24.758618820423,0 79.478689825657,24.758619874827,0 79.4786875545951,24.7586210400823,0 79.4786853539041,24.7586223129534,0 79.4786832296939,24.7586236899062,0 79.4786811878625,24.7586251671178,0 79.478679234079,24.7586267404867,0 79.478677373768,24.7586284056444,0 79.4786756120945,24.7586301579677,0 79.4786739539498,24.7586319925914,0 79.4786724039378,24.7586339044215,0 79.478670966362,24.7586358881501,0 79.4786696452137,24.7586379382693,0 79.4786684441612,24.758640049087,0 79.4786673665391,24.7586422147427,0 79.4786664153394,24.7586444292233,0 79.4786655932031,24.7586466863805,0 79.4786649024128,24.7586489799474,0 79.4786643448866,24.7586513035559,0 79.4786639221723,24.7586536507545,0 79.478663766003,24.7586549384764,0 79.4786635437198,24.7586549720753,0 79.4786609993466,24.7586554836974,0 79.4786584880229,24.7586561170025,0 79.4786560167229,24.7586568702318,0 79.4786535923097,24.7586577412934,0 79.4786512215162,24.7586587277684,0 79.4786489109262,24.7586598269172,0 79.4786466669567,24.7586610356874,0 79.4786444958393,24.7586623507219,0 79.4786435996779,24.7586629579387,0 79.4786363016744,24.7586639108622,0 79.4786337706406,24.7586643028283,0 79.4786312653014,24.7586648142356,0 79.4786287924122,24.7586654437053,0 79.4786263586406,24.7586661895399,0 79.478623970549,24.7586670497286,0 79.4786216345767,24.7586680219519,0 79.4786193570221,24.7586691035883,0 79.4786189547773,24.7586693195491,0 79.4785945695362,24.7586382837939,0 79.4785929997361,24.7586363928422,0 79.4785913232937,24.7586345798206,0 79.4785895448406,24.7586328497378,0 79.4785876692904,24.7586312073739,0 79.4785857018248,24.7586296572662,0 79.4785836478794,24.7586282036973,0 79.4785815131289,24.7586268506831,0 79.4785793034709,24.7586256019617,0 79.4785770250104,24.7586244609831,0 79.4785746840422,24.7586234308994,0 79.4785722870338,24.7586225145565,0 79.4785698406077,24.7586217144862,0 79.4785673515227,24.7586210328988,0 79.4785648266556,24.7586204716774,0 79.4785622729821,24.7586200323725,0 79.4785596975573,24.7586197161978,0 79.4785571074966,24.7586195240268,0 79.4785545099557,24.7586194563904,0 79.4785519121111,24.7586195134756,0 79.4785493211399,24.7586196951246,0 79.4785467442004,24.7586200008355,0 79.4785441884122,24.7586204297638,0 79.4785416608362,24.7586209807244,0 79.4785391684556,24.7586216521951,0 79.4785367181563,24.7586224423208,0 79.4785343167079,24.7586233489186,0 79.478531970745,24.7586243694837,0 79.4785296867489,24.7586255011966,0 79.47852747103,24.7586267409306,0 79.4785253297096,24.7586280852606,0 79.4785232687037,24.7586295304725,0 79.4785212937065,24.7586310725735,0 79.4785194101744,24.7586327073032,0 79.4785176233112,24.7586344301452,0 79.4785159380536,24.7586362363396,0 79.4785143590575,24.7586381208964,0 79.4785128906854,24.758640078609,0 79.4785115369941,24.7586421040685,0 79.4785103017235,24.7586441916793,0 79.4785091882863,24.7586463356736,0 79.4785081997588,24.7586485301281,0 79.4785073388721,24.7586507689801,0 79.4785066080045,24.758653046044,0 79.4785060091753,24.7586553550289,0 79.478505544039,24.7586576895556,0 79.4785052138806,24.7586600431743,0 79.4785010160036,24.7586978239423,0 79.4784975535957,24.7586997197849,0 79.478465653295,24.7587019931389,0 79.4784630767578,24.758702238918,0 79.4784605178568,24.7587026075976,0 79.4784579836182,24.7587030981656,0 79.4784554810001,24.758703709275,0 79.478453016874,24.7587044392478,0 79.4784505980056,24.7587052860798,0 79.4784482310364,24.7587062474459,0 79.4784459224655,24.7587073207063,0 79.4784436786314,24.7587085029143,0 79.4784415056951,24.7587097908239,0 79.4784394096228,24.7587111808988,0 79.4784373961696,24.7587126693223,0 79.478435470864,24.7587142520076,0 79.4784336389923,24.7587159246092,0 79.4784319055842,24.7587176825347,0 79.4784302753991,24.7587195209571,0 79.4784287529131,24.7587214348289,0 79.4784273423065,24.7587234188951,0 79.4784260474522,24.758725467708,0 79.4784248719058,24.7587275756422,0 79.4784238188948,24.7587297369099,0 79.4784228913106,24.7587319455769,0 79.4784220916999,24.758734195579,0 79.4784214222584,24.7587364807382,0 79.478420884824,24.7587387947802,0 79.4784204808725,24.7587411313514,0 79.4784202115129,24.7587434840361,0 79.478420077485,24.7587458463746,0 79.4784200791565,24.7587482118807,0 79.4784202165231,24.7587505740593,0 79.4784204892076,24.7587529264247,0 79.4784208964611,24.7587552625178,0 79.4784214371656,24.7587575759246,0 79.4784221098364,24.758759860293,0 79.4784229126265,24.7587621093509,0 79.4784238433319,24.758764316923,0 79.4784248395894,24.7587663546203,0 79.4784226378849,24.7587662067856,0 79.47842005851,24.7587661568205,0 79.4784174797927,24.7587662297925,0 79.4784149087556,24.7587664255028,0 79.4784123524003,24.7587667434185,0 79.4784098176884,24.7587671826738,0 79.4784073115227,24.7587677420725,0 79.4784048407281,24.7587684200911,0 79.4784024120333,24.7587692148833,0 79.4784000320521,24.7587701242847,0 79.4783977072661,24.7587711458186,0 79.4783954440061,24.7587722767033,0 79.4783932484357,24.7587735138589,0 79.4783911265339,24.7587748539163,0 79.4783890840793,24.7587762932263,0 79.478387126634,24.7587778278692,0 79.4783852595288,24.7587794536658,0 79.4783834878481,24.7587811661886,0 79.4783818164169,24.7587829607738,0 79.4783802497868,24.7587848325345,0 79.4783787922242,24.7587867763732,0 79.47837606676,24.7587906226987,0 79.4783757854199,24.7587906499271,0 79.47837319251,24.7587910288981,0 79.4783706252938,24.7587915330469,0 79.4783680910138,24.7587921609514,0 79.4783655968195,24.75879291084,0 79.4783631497476,24.7587937805973,0 79.4783607567015,24.7587947677695,0 79.4783584244324,24.7587958695717,0 79.47835615952,24.7587970828954,0 79.478353968354,24.7587984043178,0 79.478351857116,24.7587998301108,0 79.4783473024814,24.7588030803666,0 79.4783427206676,24.7588024539465,0 79.4783401761885,24.7588021674444,0 79.4783376188654,24.7588020017735,0 79.4783350555755,24.7588019573792,0 79.4783324932117,24.758802034381,0 79.4783299386648,24.7588022325717,0 79.4783273988044,24.7588025514185,0 79.4783248804605,24.7588029900639,0 79.4783223904053,24.7588035473282,0 79.4783199353352,24.758804221713,0 79.478317521852,24.7588050114046,0 79.4783151564462,24.7588059142795,0 79.4783128454786,24.7588069279097,0 79.4783105951639,24.7588080495694,0 79.4783084115535,24.7588092762422,0 79.4783063005195,24.7588106046294,0 79.4783042677388,24.7588120311588,0 79.4783023186779,24.7588135519941,0 79.4783004585782,24.7588151630457,0 79.4782986924418,24.7588168599811,0 79.478297025018,24.7588186382369,0 79.478295460791,24.7588204930313,0 79.4782940039672,24.7588224193762,0 79.4782926584642,24.7588244120915,0 79.4782914279003,24.7588264658183,0 79.4782903155847,24.758828575034,0 79.4782893245086,24.7588307340664,0 79.4782884573372,24.7588329371096,0 79.4782877164024,24.7588351782391,0 79.4782871036969,24.7588374514283,0 79.4782866208681,24.7588397505642,0 79.4782862692147,24.7588420694639,0 79.4782860496821,24.7588444018916,0 79.4782859628608,24.758846741575,0 79.4782860089843,24.7588490822223,0 79.4782861879285,24.7588514175391,0 79.4782864992123,24.7588537412453,0 79.4782869419986,24.7588560470921,0 79.4782875150965,24.7588583288787,0 79.4782882169651,24.758860580469,0 79.4782890457168,24.7588627958081,0 79.4782899991229,24.7588649689385,0 79.4782910746198,24.7588670940163,0 79.4782922693151,24.7588691653269,0 79.4782935799961,24.7588711773001,0 79.4782950031381,24.7588731245254,0 79.4782965349142,24.7588750017664,0 79.4782981712051,24.7588768039748,0 79.4782999076106,24.7588785263043,0 79.4783017394612,24.7588801641231,0 79.478305262986,24.758883155023,0 79.4783050806409,24.7588836350474,0 79.4783043576104,24.7588859209725,0 79.4783037674836,24.7588882385081,0 79.4783033119,24.758890581216,0 79.4783029921252,24.7588929425884,0 79.4783028090474,24.7588953160655,0 79.4783027631753,24.7588976950539,0 79.4783028546362,24.7589000729449,0 79.4783030831762,24.7589024431328,0 79.4783034481604,24.7589047990333,0 79.4783039485749,24.7589071341019,0 79.4783045830295,24.7589094418519,0 79.4783053497618,24.7589117158724,0 79.4783062466418,24.7589139498463,0 79.478307271178,24.7589161375678,0 79.4783084205244,24.7589182729595,0 79.4783096914881,24.7589203500893,0 79.4783110805385,24.758922363187,0 79.4783125838168,24.7589243066605,0 79.478314197147,24.7589261751108,0 79.4783159160474,24.7589279633474,0 79.4783177357429,24.7589296664027,0 79.4783196511785,24.7589312795457,0 79.4783216570332,24.7589327982951,0 79.4783237477349,24.758934218432,0 79.4783259174757,24.7589355360113,0 79.4783281602281,24.7589367473728,0 79.4783304697619,24.7589378491513,0 79.4783328396613,24.7589388382862,0 79.4783352633429,24.7589397120298,0 79.4783377340737,24.7589404679548,0 79.4783581340799,24.758946167957,0 79.478360719515,24.7589468208644,0 79.4783614687156,24.7589469706518,0 79.4783621711756,24.7589475542165,0 79.478364115533,24.7589490115315,0 79.4783661385512,24.7589503766538,0 79.4783682349929,24.7589516460491,0 79.4783703994308,24.7589528164312,0 79.4783726262615,24.7589538847701,0 79.4783749097199,24.7589548483001,0 79.4783754665653,24.7589550525633,0 79.478374836939,24.7589573526234,0 79.4783742777055,24.7589596481064,0 79.4783738501375,24.7589619670665,0 79.4783735553953,24.758964303211,0 79.4783733942787,24.7589666502009,0 79.4783733672249,24.7589690016675,0 79.4783734743072,24.7589713512301,0 79.4783737152352,24.7589736925133,0 79.4783740893549,24.7589760191638,0 79.4783805893418,24.7590102191653,0 79.478381095136,24.7590125228549,0 79.4783817315048,24.7590147993952,0 79.4783824967244,24.7590170426197,0 79.4783826360106,24.7590173867501,0 79.4783807507317,24.7590170192142,0 79.4783781894627,24.7590166468843,0 79.4783756103348,24.7590163977139,0 79.4783730204458,24.7590162723889,0 79.478370426923,24.759016271254,0 79.4783678369037,24.7590163943124,0 79.4783652575154,24.7590166412254,0 79.4783626958568,24.7590170113135,0 79.4783553119351,24.759018260181,0 79.4783547364759,24.7590177710728,0 79.4783527760377,24.7590162699268,0 79.4783507331763,24.7590148634005,0 79.4783486133627,24.7590135552608,0 79.4783464222743,24.7590123490112,0 79.4783441657791,24.7590112478822,0 79.4783418499203,24.7590102548228,0 79.4783394809002,24.7590093724926,0 79.4783370650634,24.7590086032545,0 79.47833460888,24.7590079491688,0 79.4783321189279,24.7590074119871,0 79.4783296018758,24.7590069931482,0 79.4783270644645,24.7590066937737,0 79.4783245134898,24.7590065146655,0 79.4783219557836,24.7590064563031,0 79.4783193981958,24.759006518843,0 79.4783168475761,24.7590067021176,0 79.4783143107554,24.7590070056361,0 79.4783117945277,24.7590074285856,0 79.478309305632,24.7590079698333,0 79.4783068507338,24.7590086279298,0 79.4783044364078,24.7590094011125,0 79.47830206912,24.7590102873108,0 79.4782905902577,24.7590149047487,0 79.4782888709541,24.7590148569637,0 79.4782873890888,24.7590148833082,0 79.4782803075484,24.758997589453,0 79.4782793546262,24.7589954332857,0 79.4782782813893,24.7589933247797,0 79.4782770906848,24.7589912695284,0 79.4782757856713,24.7589892729838,0 79.4782743698108,24.7589873404422,0 79.4782728468592,24.7589854770302,0 79.4782712208564,24.758983687691,0 79.4782694961159,24.7589819771713,0 79.478267677213,24.7589803500087,0 79.4782657689728,24.7589788105195,0 79.4782637764573,24.7589773627877,0 79.4782617049523,24.7589760106538,0 79.4782595599529,24.7589747577046,0 79.4782573471494,24.758973607264,0 79.4782550724116,24.7589725623836,0 79.4782527417739,24.7589716258355,0 79.4782503614189,24.7589708001039,0 79.4782479376612,24.7589700873793,0 79.4782454769303,24.7589694895524,0 79.478242985754,24.7589690082092,0 79.4782269312025,24.758966298581,0 79.4782270703212,24.7589660211715,0 79.4782280183268,24.7589638372819,0 79.478228840633,24.7589616113178,0 79.4782295350129,24.758959349307,0 79.4782300995863,24.7589570573752,0 79.4782305328243,24.7589547417286,0 79.4782308335537,24.758952408638,0 79.4782310009602,24.7589500644215,0 79.4782310345904,24.7589477154269,0 79.4782309343532,24.7589453680154,0 79.4782307005202,24.7589430285436,0 79.4782303337245,24.7589407033467,0 79.4782298349593,24.7589383987214,0 79.4782292055755,24.7589361209085,0 79.4782284472773,24.7589338760762,0 79.4782275621181,24.7589316703034,0 79.478226552495,24.7589295095633,0 79.478225421142,24.7589273997072,0 79.4782115211353,24.7589030997109,0 79.4782102654851,24.7589010377458,0 79.478208893575,24.758899038498,0 79.4782074091519,24.7588971074282,0 79.4782058162704,24.7588952498106,0 79.4782041192812,24.758893470719,0 79.4782023228192,24.7588917750128,0 79.4782004317912,24.7588901673234,0 79.4781984513622,24.7588886520419,0 79.4781963869415,24.758887233307,0 79.4781942441675,24.7588859149939,0 79.4781920288928,24.7588847007031,0 79.4781897471682,24.7588835937514,0 79.4781874052258,24.7588825971622,0 79.478185009462,24.7588817136574,0 79.4781825664207,24.7588809456502,0 79.4781800827743,24.7588802952383,0 79.4781775653066,24.7588797641981,0 79.4781750208937,24.7588793539801,0 79.478172456485,24.7588790657048,0 79.4781698790849,24.7588789001595,0 79.478167295733,24.7588788577963,0 79.4781647134853,24.758878938731,0 79.4781621393947,24.7588791427425,0 79.4781595804919,24.7588794692736,0 79.4781570437661,24.7588799174325,0 79.4781545361458,24.758880485995,0 79.4781520644803,24.7588811734082,0 79.4781496355204,24.7588819777946,0 79.4781472559003,24.7588828969572,0 79.4781449321196,24.7588839283854,0 79.4781426705253,24.758885069262,0 79.4781404772944,24.7588863164711,0 79.4781383584175,24.758887666606,0 79.4781363196819,24.758889115979,0 79.4781343666559,24.7588906606316,0 79.478132504674,24.7588922963447,0 79.4781307388218,24.7588940186506,0 79.4781290739224,24.7588958228453,0 79.4781275145232,24.7588977040009,0 79.4781260648835,24.7588996569794,0 79.4781247289626,24.7589016764464,0 79.4781235104093,24.7589037568863,0 79.4781224125521,24.7589058926167,0 79.4781154442629,24.7589204240412,0 79.4781145523594,24.7589207536577,0 79.4781121844203,24.75892169522,0 79.4781098735615,24.7589227484148,0 79.4781076260895,24.7589239103679,0 79.4781054481379,24.7589251779082,0 79.4781033456505,24.7589265475766,0 79.4781013243651,24.758928015635,0 79.478099389798,24.758929578077,0 79.4780975472288,24.7589312306386,0 79.4780958016861,24.7589329688098,0 79.4780941579335,24.758934787847,0 79.478092620457,24.7589366827859,0 79.4780911934525,24.7589386484551,0 79.4780898808144,24.75894067949,0 79.4780886861251,24.7589427703478,0 79.4780876126448,24.7589449153224,0 79.4780871917038,24.758945887811,0 79.4780851353201,24.7589466014968,0 79.4780827606264,24.7589474907361,0 79.4780804396729,24.7589484913115,0 79.4780781787151,24.7589496005262,0 79.4780759838466,24.7589508153907,0 79.478073860983,24.7589521326308,0 79.4780718158458,24.7589535486961,0 79.4780698539471,24.7589550597702,0 79.4780679805745,24.7589566617805,0 79.4780662007771,24.7589583504092,0 79.4780645193518,24.7589601211051,0 79.4780629408303,24.758961969096,0 79.478061469467,24.7589638894011,0 79.4780601092276,24.7589658768449,0 79.4780588637782,24.7589679260708,0 79.4780577364753,24.7589700315558,0 79.4780567303575,24.7589721876253,0 79.4780558481363,24.7589743884682,0 79.4780550921895,24.7589766281528,0 79.4780544645545,24.7589789006429,0 79.4780539669229,24.7589811998135,0 79.4780536006359,24.7589835194681,0 79.4780533666808,24.7589858533547,0 79.4780532656881,24.7589881951831,0 79.47805329793,24.7589905386416,0 79.4780534633196,24.7589928774142,0 79.4780537614112,24.7589952051974,0 79.4780541914013,24.7589975157174,0 79.4780547521311,24.758999802747,0 79.4780554420894,24.7590020601221,0 79.4780562594164,24.7590042817588,0 79.4780572019095,24.7590064616693,0 79.4780582670283,24.7590085939784,0 79.4780594519024,24.759010672939,0 79.4780602947161,24.759011981103,0 79.4780599743546,24.7590128443489,0 79.47805926864,24.7590151374039,0 79.478058696359,24.7590174612555,0 79.4780584311241,24.7590188856424,0 79.4780564254327,24.7590177962501,0 79.4780540765927,24.7590166715858,0 79.4779886766077,24.7589873715959,0 79.4779863067511,24.758986379778,0 79.4779838829345,24.7589855034061,0 79.4779814118974,24.7589847449168,0 79.4779789005104,24.7589841064191,0 79.4779763557562,24.7589835896884,0 79.4779737847106,24.7589831961613,0 79.4779711945223,24.7589829269321,0 79.4779685923932,24.7589827827494,0 79.4779659855584,24.758982764014,0 79.4779633812662,24.7589828707781,0 79.4779607867577,24.7589831027448,0 79.4779582092469,24.7589834592691,0 79.4779556559006,24.7589839393597,0 79.4779531338182,24.7589845416818,0 79.4779506500122,24.7589852645605,0 79.4779482113889,24.758986105986,0 79.4779458247288,24.7589870636187,0 79.4779434966679,24.7589881347958,0 79.4779412336793,24.7589893165392,0 79.4779390420552,24.7589906055628,0 79.4779369278894,24.7589919982827,0 79.4779348970603,24.7589934908264,0 79.4779329552144,24.758995079044,0 79.4779311077511,24.7589967585194,0 79.4779293598072,24.7589985245829,0 79.4779277162428,24.759000372324,0 79.4779261816278,24.7590022966051,0 79.4779247602292,24.7590042920759,0 79.4779234559991,24.7590063531878,0 79.4779222725639,24.7590084742102,0 79.4779212132141,24.7590106492455,0 79.4779202808952,24.7590128722461,0 79.4779194781996,24.7590151370311,0 79.4779188073591,24.7590174373031,0 79.4779182702389,24.7590197666665,0 79.4779178683326,24.7590221186444,0 79.4779176027576,24.7590244866972,0 79.4779174742523,24.7590268642407,0 79.4779174831741,24.759029244664,0 79.4779176294982,24.7590316213486,0 79.4779179128177,24.7590339876862,0 79.4779183323448,24.759036337097,0 79.4779188869132,24.7590386630488,0 79.4779195749808,24.7590409590742,0 79.4779203946344,24.7590432187891,0 79.4779213435952,24.7590454359106,0 79.4779224192244,24.7590476042739,0 79.4779236185314,24.75904971785,0 79.4779249381815,24.759051770762,0 79.4779263745055,24.7590537573021,0 79.4779602744971,24.7590980573107,0 79.4779619077902,24.7591000703066,0 79.4779636608622,24.7591019974685,0 79.4779655283142,24.7591038328612,0 79.4779675043946,24.7591055708321,0 79.4779695830178,24.7591072060287,0 79.477971757782,24.7591087334149,0 79.4779740219895,24.7591101482869,0 79.4779763686671,24.7591114462869,0 79.4779843683839,24.7591155985229,0 79.4779845771286,24.7591177953787,0 79.4779849427461,24.7591201700494,0 79.4779854459425,24.7591225236417,0 79.4779860852979,24.7591248495146,0 79.4779868590083,24.7591271411051,0 79.4779877648905,24.759129391947,0 79.4779888003884,24.759131595689,0 79.4779899625801,24.7591337461129,0 79.4779912481862,24.7591358371507,0 79.4779926535792,24.7591378629022,0 79.4779941747933,24.7591398176512,0 79.4779958075362,24.7591416958821,0 79.4779975472009,24.7591434922949,0 79.4779993888783,24.7591452018208,0 79.4780195086206,24.7591629113973,0 79.4780177140182,24.7591640032218,0 79.478015627298,24.7591654230146,0 79.4780136252844,24.7591669411022,0 79.4780117135242,24.7591685532783,0 79.4780098973142,24.7591702550762,0 79.4779772973138,24.7592024550683,0 79.4779755824047,24.7592042409824,0 79.4779739727383,24.7592061067858,0 79.4779724727706,24.7592080473137,0 79.4779710866541,24.7592100571941,0 79.4779698182257,24.7592121308631,0 79.4779686709969,24.7592142625803,0 79.4779676481435,24.7592164464445,0 79.477966752497,24.7592186764102,0 79.4779659865369,24.7592209463042,0 79.4779653523834,24.7592232498429,0 79.4779648517922,24.7592255806495,0 79.477964486149,24.7592279322717,0 79.477964256466,24.7592302981995,0 79.477964163379,24.7592326718835,0 79.4779642071458,24.7592350467527,0 79.4779643876451,24.7592374162327,0 79.4779647043774,24.7592397737643,0 79.4779651564658,24.7592421128211,0 79.4779657426588,24.7592444269281,0 79.4779664613338,24.7592467096792,0 79.4779673105012,24.759248954755,0 79.4779682878102,24.7592511559407,0 79.4779693905556,24.7592533071427,0 79.4779706156845,24.759255402406,0 79.4779719598056,24.7592574359303,0 79.4779734191978,24.7592594020862,0 79.4779749898213,24.759261295431,0 79.4779766673282,24.7592631107233,0 79.4779784470745,24.759264842938,0 79.4779803241337,24.7592664872797,0 79.4779822933093,24.7592680391965,0 79.4779843491503,24.7592694943923,0 79.4779864859655,24.7592708488387,0 79.4779886978397,24.7592720987862,0 79.4779896972089,24.7592725991646,0 79.4779881411622,24.7592735382096,0 79.477986046108,24.7592748748409,0 79.4779840295002,24.7592763085489,0 79.477982096728,24.7592778355021,0 79.4779802529566,24.7592794516198,0 79.4779785031134,24.759281152583,0 79.4779768518748,24.759282933846,0 79.4779753036536,24.7592847906486,0 79.4779738625872,24.7592867180285,0 79.4779725325269,24.7592887108349,0 79.4779713170271,24.7592907637422,0 79.4779702193363,24.7592928712641,0 79.4779692423879,24.7592950277685,0 79.4779534423766,24.7593326277631,0 79.4779525787121,24.7593348557647,0 79.4779518439304,24.7593371219868,0 79.4779512400457,24.7593394202177,0 79.4779507687132,24.7593417441582,0 79.4779504312247,24.7593440874384,0 79.4779502285053,24.7593464436355,0 79.4779501611107,24.7593488062913,0 79.4779502292255,24.7593511689298,0 79.4779504326632,24.7593535250753,0 79.4779507708661,24.7593558682696,0 79.4779512429071,24.7593581920902,0 79.4779518474926,24.7593604901675,0 79.4779525829653,24.7593627562027,0 79.4779534473093,24.7593649839847,0 79.4779544381556,24.7593671674072,0 79.4779555527882,24.7593693004856,0 79.4779567881521,24.7593713773732,0 79.4779581408612,24.7593733923774,0 79.4779596072077,24.7593753399751,0 79.4779611831726,24.759377214828,0 79.477962864436,24.7593790117974,0 79.4779646463899,24.7593807259578,0 79.4779665241499,24.7593823526107,0 79.4779684925693,24.7593838872976,0 79.4779705462525,24.759385325812,0 79.4779726795708,24.7593866642109,0 79.4779748866766,24.759387898826,0 79.4779771615205,24.7593890262731,0 79.4779794978671,24.759390043462,0 79.4779818893128,24.7593909476046,0 79.4779843293026,24.7593917362228,0 79.4779868111486,24.7593924071549,0 79.4779893280483,24.7593929585619,0 79.4779918731029,24.7593933889325,0 79.4779944393366,24.7593936970871,0 79.4779970197154,24.759393882181,0 79.4779996071667,24.7593939437069,0 79.4780021945983,24.7593938814961,0 79.4780047749182,24.7593936957191,0 79.478007341054,24.7593933868852,0 79.4780098859719,24.7593929558409,0 79.4780124026964,24.7593924037676,0 79.4780755896154,24.7593769347798,0 79.4780756107311,24.7593769566218,0 79.4780774342201,24.7593786536938,0 79.4780793530266,24.7593802607518,0 79.4780968530273,24.7593941607556,0 79.478098862294,24.7593956736731,0 79.4781009560214,24.7593970878784,0 79.4781031283996,24.7593983994471,0 79.4781053734007,24.7593996047398,0 79.4781076847951,24.7594007004121,0 79.4781100561689,24.7594016834234,0 79.4781124809418,24.7594025510462,0 79.4781149523855,24.7594033008729,0 79.478117463642,24.7594039308227,0 79.4781200077429,24.7594044391477,0 79.4781225776286,24.7594048244373,0 79.478125166168,24.7594050856224,0 79.4781277661783,24.7594052219783,0 79.4781303704447,24.7594052331265,0 79.4781329717408,24.7594051190362,0 79.4781351610708,24.7594049170851,0 79.4781209982751,24.7594251054984,0 79.4781201862227,24.7594254946023,0 79.4780976487978,24.7594172172184,0 79.4780941975225,24.7594160835641,0 79.478085597525,24.7594135835651,0 79.4780830544791,24.7594129122221,0 79.4780804757259,24.7594123661335,0 79.4780778686586,24.759411946865,0 79.4780752407519,24.7594116556186,0 79.4780725995399,24.7594114932292,0 79.4780699525952,24.7594114601626,0 79.4780030526195,24.7594122601635,0 79.4780004283008,24.7594123552513,0 79.4779978132152,24.7594125774617,0 79.477995214743,24.7594129261675,0 79.4779926402174,24.7594134003846,0 79.477990096904,24.7594139987748,0 79.4779875919804,24.7594147196492,0 79.4779851325158,24.7594155609736,0 79.4779827254512,24.7594165203735,0 79.4779803775797,24.7594175951414,0 79.4779780955272,24.7594187822442,0 79.4779758857342,24.7594200783317,0 79.4779737544367,24.7594214797461,0 79.4779717076498,24.7594229825324,0 79.4779697511498,24.7594245824497,0 79.477967890458,24.7594262749827,0 79.4779661308257,24.7594280553548,0 79.4779644772188,24.7594299185416,0 79.4779629343041,24.7594318592849,0 79.4779615064357,24.7594338721078,0 79.4779601976435,24.7594359513296,0 79.4779590116209,24.7594380910825,0 79.4779579517151,24.759440285328,0 79.4779570209174,24.7594425278734,0 79.4779562218545,24.7594448123901,0 79.4779555567815,24.7594471324308,0 79.4779550275754,24.7594494814481,0 79.4779526275709,24.7594617814471,0 79.4779522698833,24.7594639064603,0 79.4779520234027,24.7594660446141,0 79.4779518886881,24.7594681910588,0 79.4779518660451,24.759470340926,0 79.4779519555249,24.7594724893395,0 79.4779523555226,24.7594783893395,0 79.477952586748,24.7594807732425,0 79.477952956004,24.7594831426064,0 79.4779534622526,24.7594854907721,0 79.4779541040711,24.7594878111404,0 79.4779548796557,24.7594900971898,0 79.4779557868266,24.7594923424956,0 79.4779568230344,24.7594945407474,0 79.4779569805083,24.7594948313567,0 79.477956780169,24.7594950685374,0 79.4779553172939,24.7594970004493,0 79.4779539664388,24.759498999221,0 79.4779527312602,24.7595010594421,0 79.4779516151017,24.7595031755357,0 79.4779515304847,24.7595033599211,0 79.4779489628228,24.7595032616685,0 79.4779463478181,24.7595032879864,0 79.4779437379959,24.759503440531,0 79.4779411406587,24.7595037188754,0 79.477938563074,24.759504122241,0 79.4779360124542,24.7595046494989,0 79.477933495936,24.759505299174,0 79.4779310205608,24.7595060694483,0 79.4779285932549,24.7595069581666,0 79.4778908285322,24.7595218554953,0 79.4778649662533,24.7595183465421,0 79.4778623666522,24.7595180578587,0 79.4778597539576,24.7595178952722,0 79.4778571355001,24.759517859239,0 79.4778545186264,24.75951794986,0 79.477851910679,24.759518166881,0 79.4778493189749,24.7595185096931,0 79.4778467507861,24.7595189773345,0 79.4778442133181,24.7595195684931,0 79.4778417136905,24.7595202815101,0 79.4778392589167,24.7595211143852,0 79.4778368558842,24.7595220647813,0 79.4778345113353,24.759523130032,0 79.4778322318482,24.7595243071483,0 79.4778300238187,24.7595255928276,0 79.477827893442,24.7595269834626,0 79.4778258466953,24.7595284751515,0 79.4778238893215,24.7595300637089,0 79.4778220268123,24.7595317446778,0 79.4778202643936,24.7595335133417,0 79.4778186070103,24.7595353647382,0 79.4778170593127,24.7595372936727,0 79.4778156256431,24.7595392947331,0 79.4778143100242,24.7595413623049,0 79.4778131161473,24.7595434905869,0 79.4778120473621,24.7595456736078,0 79.4778111066673,24.7595479052424,0 79.4778102967024,24.7595501792294,0 79.4778096197399,24.7595524891884,0 79.4778090776792,24.7595548286384,0 79.4778086720413,24.7595571910152,0 79.4778084039642,24.7595595696908,0 79.4778082742001,24.7595619579909,0 79.4778082831131,24.7595643492148,0 79.4778095830974,24.7596040492144,0 79.4778096609111,24.7596053238135,0 79.477774050594,24.7596251626585,0 79.4777718924492,24.7596264364168,0 79.4777698097016,24.7596278108493,0 79.477767807978,24.7596292822427,0 79.4777658926866,24.7596308466218,0 79.4777640690018,24.7596324997602,0 79.4777623418505,24.7596342371916,0 79.4777607158991,24.7596360542221,0 79.4777591955403,24.7596379459425,0 79.4777577848817,24.7596399072421,0 79.4777564877343,24.7596419328222,0 79.4777553076027,24.7596440172101,0 79.4777542476752,24.7596461547747,0 79.4777533108155,24.7596483397408,0 79.4777524995545,24.7596505662054,0 79.4777518160841,24.7596528281533,0 79.4777512622507,24.7596551194735,0 79.4777508395508,24.7596574339755,0 79.4777505491262,24.7596597654064,0 79.4777503917617,24.7596621074672,0 79.4777503678824,24.7596644538306,0 79.4777504775527,24.7596667981574,0 79.4777507204765,24.759669134114,0 79.4777510959974,24.7596714553894,0 79.4777516031009,24.7596737557122,0 79.477752240417,24.7596760288678,0 79.4777530062238,24.7596782687147,0 79.4777538984524,24.7596804692016,0 79.4777549146923,24.7596826243836,0 79.477756052198,24.759684728438,0 79.4777573078962,24.7596867756803,0 79.4777586783945,24.7596887605795,0 79.4777601599902,24.7596906777731,0 79.4777617486806,24.7596925220814,0 79.4777634401735,24.7596942885218,0 79.477765229899,24.7596959723217,0 79.4777671130219,24.7596975689322,0 79.4777690844546,24.7596990740397,0 79.4777702289988,24.7596998593132,0 79.4777584504177,24.759703184121,0 79.477755663413,24.7597016873962,0 79.4777534078933,24.759700547304,0 79.4777510903546,24.7596995161227,0 79.4777487170988,24.7596985966563,0 79.4777462945792,24.7596977914051,0 79.4777438293831,24.7596971025585,0 79.4777413282138,24.7596965319898,0 79.4777387978724,24.7596960812505,0 79.4777362452395,24.7596957515661,0 79.4777336772561,24.7596955438331,0 79.4777311009051,24.7596954586165,0 79.477728523192,24.7596954961478,0 79.4777259511262,24.7596956563252,0 79.4777233917015,24.7596959387129,0 79.4777208518776,24.7596963425432,0 79.4777183385606,24.759696866718,0 79.4777158585849,24.7596975098119,0 79.4777134186938,24.7596982700762,0 79.4777110255219,24.7596991454437,0 79.4777086855768,24.759700133534,0 79.4777064052211,24.7597012316603,0 79.4777041906555,24.7597024368367,0 79.477702047902,24.759703745786,0 79.477699982787,24.759705154949,0 79.4776980009261,24.7597066604938,0 79.4776961077082,24.7597082583266,0 79.4776943082813,24.7597099441025,0 79.4776926075386,24.7597117132378,0 79.4776910101045,24.7597135609216,0 79.4776895203229,24.7597154821299,0 79.4776785203205,24.7597304821268,0 79.4776771432232,24.7597324701335,0 79.4776758814025,24.7597345209413,0 79.4776747382845,24.759736628982,0 79.477673716973,24.759738788532,0 79.4776728202408,24.7597409937277,0 79.4776720505229,24.7597432385817,0 79.4776714099092,24.7597455169988,0 79.4776709001389,24.7597478227929,0 79.4776705225963,24.7597501497034,0 79.4776702783063,24.7597524914122,0 79.4776701679323,24.7597548415614,0 79.4776701917741,24.7597571937698,0 79.4776703497668,24.759759541651,0 79.4776706414815,24.75976187883,0 79.4776710661261,24.759764198961,0 79.4776716225477,24.7597664957445,0 79.4776723092356,24.7597687629444,0 79.4776731243252,24.7597709944049,0 79.4776740656035,24.7597731840673,0 79.4776751305147,24.7597753259862,0 79.4776763161676,24.759777414346,0 79.4776776193427,24.7597794434765,0 79.4776790365019,24.7597814078683,0 79.4776805637973,24.7597833021877,0 79.4776821970822,24.7597851212915,0 79.4776839319217,24.7597868602403,0 79.4776857636057,24.7597885143128,0 79.4776888143793,24.7597911292624,0 79.4776878738626,24.7597910791814,0 79.4776852629103,24.7597910662343,0 79.4776826548507,24.7597911791715,0 79.4776800569579,24.759791417678,0 79.4776774764778,24.7597917810887,0 79.4776749206077,24.7597922683898,0 79.4776723964762,24.7597928782223,0 79.4776699111236,24.7597936088853,0 79.4776674714819,24.7597944583408,0 79.4776650843554,24.7597954242195,0 79.4776627564023,24.7597965038276,0 79.4776604941155,24.7597976941538,0 79.4776583038049,24.7597989918781,0 79.4776561915795,24.7598003933811,0 79.4776541633306,24.7598018947537,0 79.4776522247153,24.7598034918084,0 79.4776503811406,24.7598051800909,0 79.4776486377486,24.7598069548921,0 79.4776469994018,24.759808811262,0 79.4776454706698,24.759810744023,0 79.4776440558164,24.7598127477842,0 79.4776427587879,24.7598148169569,0 79.4776415832018,24.7598169457699,0 79.4776405323371,24.7598191282857,0 79.4776396091247,24.7598213584169,0 79.4776388161396,24.7598236299433,0 79.4776381555936,24.7598259365294,0 79.4776376293291,24.7598282717417,0 79.4776372388138,24.7598306290672,0 79.477636985137,24.7598330019307,0 79.4776369142418,24.7598339134357,0 79.4776363970832,24.7598340094442,0 79.4776339143985,24.7598345942029,0 79.4776314682527,24.7598352957033,0 79.4776290652249,24.7598361120585,0 79.4776267117782,24.7598370410729,0 79.4776244142422,24.759838080248,0 79.4776221787961,24.7598392267888,0 79.4776200114524,24.7598404776117,0 79.4776179180402,24.7598418293525,0 79.4776159041897,24.7598432783757,0 79.4776139753174,24.7598448207841,0 79.477612136611,24.7598464524293,0 79.4776103930157,24.7598481689229,0 79.4776087492211,24.7598499656483,0 79.4776072096482,24.7598518377733,0 79.4776057784377,24.7598537802626,0 79.477604459439,24.7598557878919,0 79.4776032561994,24.7598578552615,0 79.4776021719554,24.7598599768112,0 79.4776012096228,24.759862146835,0 79.47760037179,24.7598643594965,0 79.4775996607103,24.7598666088447,0 79.4775990782963,24.7598688888299,0 79.4775986261143,24.75987119332,0 79.4775983053806,24.7598735161169,0 79.4775981169578,24.7598758509734,0 79.4775980613526,24.7598781916098,0 79.4775981387146,24.7598805317309,0 79.4775983488358,24.7598828650429,0 79.477598691151,24.7598851852701,0 79.4775991647396,24.7598874861723,0 79.4775997683277,24.7598897615611,0 79.4776083683171,24.7599188615633,0 79.477609105761,24.7599211206405,0 79.4776099713435,24.7599233414877,0 79.4776109627044,24.7599255180496,0 79.4776120771407,24.7599276443912,0 79.4776133116135,24.7599297147147,0 79.4776146627569,24.759931723375,0 79.4776161268868,24.7599336648951,0 79.4776177000109,24.759935533981,0 79.4776193778398,24.7599373255364,0 79.4776211557986,24.7599390346762,0 79.4776230290394,24.7599406567401,0 79.4776249924543,24.7599421873053,0 79.4776270406899,24.7599436221984,0 79.4776291681612,24.7599449575069,0 79.4776292718356,24.7599450155445,0 79.4776298164163,24.759952555933,0 79.4776305896474,24.7599732400843,0 79.4776307558619,24.759975705508,0 79.4776310695064,24.7599781589398,0 79.4776315296421,24.7599805930345,0 79.4776321348913,24.7599830005047,0 79.477632883442,24.7599853741428,0 79.4776337730532,24.7599877068423,0 79.4776348010615,24.7599899916197,0 79.4776359643892,24.7599922216345,0 79.4776372595535,24.7599943902104,0 79.4776386826768,24.759996490855,0 79.4776463826745,24.760007190857,0 79.4776478228186,24.7600090848687,0 79.4776493669932,24.7600109092656,0 79.47765101117,24.7600126592884,0 79.4776514099855,24.7600130423322,0 79.4776087505056,24.7600197078779,0 79.4776014350402,24.7600176882716,0 79.4776009075343,24.7600162885315,0 79.4775999286957,24.7600140780615,0 79.4775988234089,24.7600119178653,0 79.4775975947573,24.7600098139689,0 79.4775962461681,24.7600077722413,0 79.4775947814035,24.760005798378,0 79.4775932045495,24.7600038978854,0 79.4775915200049,24.7600020760649,0 79.4775897324689,24.7600003379988,0 79.4775878469279,24.7599986885355,0 79.4775858686419,24.7599971322762,0 79.4775838031294,24.7599956735625,0 79.4775816561524,24.7599943164633,0 79.4775794337,24.7599930647645,0 79.4775771419719,24.7599919219578,0 79.4775747873612,24.7599908912311,0 79.4775723764362,24.7599899754598,0 79.4775699159223,24.7599891771984,0 79.4775674126834,24.7599884986738,0 79.4775648737025,24.7599879417788,0 79.4775623060622,24.7599875080669,0 79.4775597169253,24.7599871987479,0 79.4775571135143,24.7599870146847,0 79.4775545030916,24.7599869563908,0 79.4775518929393,24.7599870240288,0 79.4775492903385,24.75998721741,0 79.4775478014505,24.7599874007084,0 79.4775487159463,24.7599856616516,0 79.4775497183591,24.7599834658992,0 79.477550592707,24.7599812249785,0 79.477551336562,24.7599789451122,0 79.4775519478585,24.7599766326312,0 79.4775524248992,24.759974293957,0 79.4775527663592,24.7599719355839,0 79.4775529712904,24.7599695640606,0 79.4775530391238,24.7599671859726,0 79.477552969671,24.7599648079236,0 79.4775527631249,24.7599624365172,0 79.4775524200589,24.7599600783383,0 79.4775519414259,24.7599577399354,0 79.4775513285549,24.759955427802,0 79.4775505831477,24.7599531483584,0 79.4775497072742,24.7599509079345,0 79.4775487033668,24.7599487127517,0 79.4775475742131,24.7599465689056,0 79.4775463229486,24.7599444823495,0 79.4775449530479,24.7599424588774,0 79.4775434683151,24.7599405041083,0 79.4775418728731,24.7599386234703,0 79.4775401711522,24.7599368221857,0 79.4775383678779,24.7599351052565,0 79.4775364680577,24.7599334774503,0 79.4775344769672,24.7599319432874,0 79.4775324001352,24.7599305070279,0 79.477530243329,24.7599291726601,0 79.4775280125377,24.7599279438894,0 79.477525713956,24.759926824128,0 79.4775233539666,24.7599258164852,0 79.4775209391231,24.7599249237592,0 79.477518476131,24.7599241484289,0 79.4775159718298,24.7599234926474,0 79.4775134331737,24.7599229582356,0 79.4775108672121,24.7599225466776,0 79.4775082810704,24.7599222591161,0 79.47750568193,24.7599220963498,0 79.4775030770083,24.7599220588306,0 79.477500473539,24.7599221466626,0 79.4774978787514,24.7599223596021,0 79.477495299851,24.7599226970576,0 79.477492743999,24.7599231580921,0 79.4774902182927,24.7599237414254,0 79.4774877297457,24.7599244454376,0 79.4774852852684,24.7599252681738,0 79.4774828916487,24.7599262073494,0 79.4774805555335,24.7599272603563,0 79.4774782834097,24.7599284242705,0 79.4774760815869,24.75992969586,0 79.4774739561791,24.7599310715937,0 79.4774719130884,24.7599325476515,0 79.4774699579882,24.7599341199344,0 79.4774680963076,24.7599357840765,0 79.4774143963082,24.7599863840639,0 79.4774126546206,24.759988113037,0 79.4774110137902,24.7599899223999,0 79.4774094782604,24.759991807253,0 79.4774080521892,24.7599937624923,0 79.4774067394382,24.7599957828231,0 79.4774055435624,24.7599978627746,0 79.4774044678,24.7599999967144,0 79.4774035150641,24.760002178864,0 79.4774026879347,24.7600044033144,0 79.4774019886516,24.7600066640419,0 79.4774014191083,24.7600089549246,0 79.4774009808471,24.7600112697591,0 79.4774006750549,24.7600136022769,0 79.4774005025597,24.7600159461618,0 79.4774004638286,24.7600182950668,0 79.4774005589664,24.7600206426312,0 79.4774007877157,24.760022982498,0 79.4774011494569,24.7600253083311,0 79.4774016432104,24.7600276138323,0 79.4774022676394,24.7600298927584,0 79.4774030210528,24.7600321389384,0 79.4774039014104,24.7600343462898,0 79.4774049063285,24.7600365088352,0 79.4774060330857,24.7600386207187,0 79.4774072786308,24.7600406762215,0 79.4774086395911,24.7600426697774,0 79.4774101122811,24.760044595988,0 79.4774116927131,24.7600464496373,0 79.4774133766072,24.7600482257058,0 79.4774151594036,24.7600499193841,0 79.4774170362748,24.7600515260858,0 79.4774182047016,24.7600524267607,0 79.4774175665215,24.760090814803,0 79.4774175912626,24.7600930838296,0 79.4774177408374,24.7600953488545,0 79.477418014868,24.7600976041552,0 79.4774184126621,24.7600998440335,0 79.4774189332146,24.7601020628301,0 79.4774195752102,24.7601042549392,0 79.4774203370271,24.7601064148223,0 79.4774212167403,24.7601085370224,0 79.4774222121274,24.7601106161776,0 79.4774222400132,24.7601106706523,0 79.4774121689232,24.7601161867667,0 79.4774100023578,24.760117444409,0 79.4774079102106,24.7601188030519,0 79.4774058981233,24.7601202590319,0 79.4774039715214,24.7601218084228,0 79.4774022352857,24.7601233580739,0 79.4773997001242,24.7601234287596,0 79.4773971248511,24.7601236239127,0 79.4773945642629,24.7601239416685,0 79.4773920253554,24.7601243811587,0 79.4773895150649,24.7601249411827,0 79.4773870402495,24.7601256202106,0 79.4773846076705,24.760126416387,0 79.4773822239738,24.7601273275371,0 79.4773798956717,24.7601283511713,0 79.4773776291251,24.7601294844931,0 79.4773754305264,24.7601307244063,0 79.4773733058821,24.7601320675234,0 79.4773712609969,24.7601335101749,0 79.4773693014573,24.7601350484196,0 79.477367432617,24.7601366780548,0 79.4773656595816,24.7601383946284,0 79.4773639871951,24.7601401934507,0 79.4773582062773,24.7601467513726,0 79.4773576537418,24.7601464743989,0 79.4773553326668,24.760145450833,0 79.4773529563235,24.7601445391192,0 79.4773505311712,24.7601437417356,0 79.4773480638019,24.7601430608497,0 79.4773455609225,24.7601424983123,0 79.4773430293364,24.7601420556526,0 79.4773404759249,24.7601417340736,0 79.4773379076287,24.7601415344496,0 79.4773353314289,24.7601414573232,0 79.4773327543283,24.760141502904,0 79.4773301833318,24.7601416710681,0 79.4773276254281,24.7601419613584,0 79.47732508757,24.7601423729859,0 79.4773225766559,24.7601429048316,0 79.477320099511,24.7601435554499,0 79.4773176628688,24.7601443230723,0 79.4773152733525,24.7601452056122,0 79.4773129374572,24.7601462006707,0 79.4773106615326,24.760147305543,0 79.4772893615375,24.7601583055398,0 79.4772871192874,24.7601595361185,0 79.4772849514637,24.7601608732768,0 79.4772828641364,24.7601623132705,0 79.47728086315,24.7601638520678,0 79.4772789541073,24.7601654853598,0 79.4772771423537,24.7601672085735,0 79.4772754329622,24.7601690168837,0 79.4772738307189,24.7601709052271,0 79.4772723401103,24.7601728683164,0 79.4772652401087,24.7601827683144,0 79.4772638736621,24.7601847875448,0 79.4772608409512,24.7601895443296,0 79.4772458890764,24.7601919302661,0 79.4772433605594,24.7601923961287,0 79.4772408620939,24.7601929817786,0 79.4772384004812,24.7601936856215,0 79.4772359824224,24.7601945057413,0 79.4772336144998,24.7601954399055,0 79.4772313031594,24.7601964855711,0 79.477229054693,24.7601976398917,0 79.4772268752216,24.760198899725,0 79.477224770678,24.7602002616414,0 79.4772227467912,24.7602017219335,0 79.4772208090707,24.7602032766262,0 79.4772189627912,24.7602049214872,0 79.4772183693145,24.7602055084313,0 79.4772168044648,24.7602050518161,0 79.4772142874222,24.7602044486144,0 79.4772117391073,24.7602039671824,0 79.4772091665802,24.760203608854,0 79.4772065769682,24.760203374622,0 79.4772039774462,24.7602032651352,0 79.477201375216,24.760203280697,0 79.4771987774873,24.7602034212644,0 79.4771961914574,24.7602036864478,0 79.4771936242909,24.7602040755125,0 79.4771910831004,24.7602045873807,0 79.4771885749262,24.7602052206342,0 79.4771861067174,24.7602059735185,0 79.4771443663076,24.7602198310003,0 79.4771437251963,24.7602189077918,0 79.4771421816328,24.760216929081,0 79.4771411813533,24.7602157827183,0 79.4771405540373,24.7602025464636,0 79.4771487191484,24.7601926432317,0 79.4771953478652,24.7601733015407,0 79.477197666146,24.7601722725187,0 79.4771999225391,24.7601711345634,0 79.4772021109109,24.7601698907684,0 79.4772042253125,24.7601685445148,0 79.477206259996,24.7601670994621,0 79.4772082094304,24.7601655595388,0 79.4772100683164,24.7601639289308,0 79.4772118316008,24.7601622120708,0 79.4772134944902,24.760160413626,0 79.4772150524642,24.7601585384852,0 79.4772165012876,24.7601565917459,0 79.477217837022,24.7601545787001,0 79.4772190560363,24.7601525048199,0 79.4772201550168,24.7601503757432,0 79.4772211309759,24.7601481972575,0 79.4772219812607,24.7601459752848,0 79.4772227035597,24.7601437158654,0 79.4772232959094,24.7601414251413,0 79.4772237566996,24.7601391093396,0 79.4772240846777,24.7601367747556,0 79.4772242789521,24.7601344277355,0 79.4772243389947,24.7601320746596,0 79.4772242646423,24.7601297219244,0 79.4772240560971,24.7601273759257,0 79.4772237139258,24.7601250430408,0 79.4772232390588,24.7601227296113,0 79.4772226327869,24.7601204419262,0 79.4772218967582,24.7601181862043,0 79.4772210329735,24.7601159685775,0 79.4772200437809,24.7601137950742,0 79.4772189318695,24.7601116716029,0 79.4772177002619,24.760109603936,0 79.477216352306,24.7601075976943,0 79.4772148916663,24.7601056583315,0 79.4772133223133,24.7601037911196,0 79.4772116485131,24.7601020011344,0 79.4772098748157,24.7601002932419,0 79.4772080060429,24.7600986720846,0 79.4772060472747,24.7600971420697,0 79.4772040038357,24.7600957073563,0 79.477201881281,24.7600943718445,0 79.4771996853804,24.7600931391647,0 79.4771974221032,24.760092012668,0 79.477195097602,24.7600909954164,0 79.4771927181957,24.7600900901754,0 79.4771902903524,24.7600892994058,0 79.4771878206721,24.7600886252571,0 79.4771853158682,24.760088069562,0 79.4771827827499,24.7600876338311,0 79.477180228203,24.7600873192489,0 79.4771776591721,24.7600871266704,0 79.4771750826406,24.7600870566193,0 79.4771725056126,24.760087109286,0 79.4771509557683,24.7600880634048,0 79.4771494015173,24.7600864552158,0 79.4771475933358,24.7600847705011,0 79.4771456912486,24.7600831743303,0 79.4771437004488,24.7600816710616,0 79.4771416263722,24.7600802647992,0 79.4771394746817,24.760078959383,0 79.4771372512522,24.760077758377,0 79.4771349621544,24.7600766650605,0 79.4771326136383,24.7600756824186,0 79.4771302121162,24.7600748131342,0 79.4771277641451,24.7600740595808,0 79.4771252764088,24.7600734238159,0 79.4771227556998,24.7600729075753,0 79.4771202089003,24.7600725122685,0 79.4771176429641,24.7600722389749,0 79.4771150648971,24.7600720884406,0 79.4771124817382,24.7600720610767,0 79.4771099005405,24.7600721569579,0 79.4771073283514,24.7600723758223,0 79.477104772194,24.7600727170724,0 79.4771022390474,24.7600731797765,0 79.4770999513702,24.7600737124806,0 79.4771117346834,24.7600493178166,0 79.4771127121157,24.7600471425339,0 79.4771135641867,24.7600449237321,0 79.4771142885849,24.7600426674302,0 79.4771148833452,24.7600403797489,0 79.4771153468543,24.7600380668941,0 79.4771156778547,24.76003573514,0 79.4771158754486,24.760033390812,0 79.4771159390999,24.7600310402697,0 79.477115868636,24.7600286898894,0 79.477115664248,24.7600263460471,0 79.4771153264904,24.7600240151011,0 79.4771148562794,24.7600217033745,0 79.4771142548906,24.7600194171385,0 79.4771135239555,24.7600171625951,0 79.4771126654568,24.7600149458602,0 79.4771116817234,24.7600127729472,0 79.4771105754241,24.7600106497507,0 79.4771093495597,24.7600085820303,0 79.4771080074559,24.7600065753952,0 79.4771065527534,24.760004635289,0 79.4771049893985,24.7600027669744,0 79.477103321632,24.76000097552,0 79.4771015539782,24.7599992657852,0 79.4770996912323,24.7599976424083,0 79.4770977384474,24.759996109793,0 79.4770957009209,24.7599946720969,0 79.4770935841801,24.7599933332201,0 79.4770913939671,24.7599920967945,0 79.4770891362235,24.7599909661743,0 79.4770868170738,24.7599899444265,0 79.4770844428093,24.759989034323,0 79.4770820198707,24.7599882383324,0 79.4770795548309,24.7599875586143,0 79.4770770543769,24.7599869970123,0 79.4770745252916,24.7599865550501,0 79.4770719744358,24.7599862339266,0 79.4770694087294,24.7599860345128,0 79.4770668351323,24.7599859573498,0 79.4770651376468,24.7599859872161,0 79.4770647685752,24.7599841563554,0 79.4770641598292,24.7599818340353,0 79.4770537598162,24.759946334038,0 79.4770530319426,24.7599440851649,0 79.4770521771591,24.7599418738393,0 79.4770511977721,24.7599397060282,0 79.4770500964245,24.7599375875811,0 79.477048876088,24.7599355242146,0 79.4770475400557,24.7599335214962,0 79.4770460919327,24.7599315848301,0 79.4770445356264,24.7599297194422,0 79.4770428753366,24.7599279303659,0 79.4770411155431,24.7599262224289,0 79.4770392609947,24.7599246002398,0 79.4770373166956,24.7599230681759,0 79.4770352878923,24.7599216303713,0 79.4770331800592,24.7599202907057,0 79.477030998884,24.7599190527941,0 79.4770287502525,24.7599179199767,0 79.4770264402322,24.7599168953105,0 79.4770240750565,24.7599159815602,0 79.4770216611075,24.7599151811916,0 79.4770192048989,24.7599144963643,0 79.4770167130585,24.7599139289262,0 79.4770141923103,24.7599134804086,0 79.4770116494562,24.7599131520217,0 79.4770090913577,24.7599129446515,0 79.4770065249175,24.7599128588578,0 79.477003957061,24.7599128948719,0 79.477001394717,24.7599130525967,0 79.4769988447999,24.7599133316065,0 79.4769963141901,24.7599137311486,0 79.4769938097164,24.7599142501448,0 79.4769913381366,24.7599148871946,0 79.47698890612,24.7599156405791,0 79.4769865202292,24.7599165082653,0 79.4769841869021,24.7599174879119,0 79.476981912435,24.7599185768754,0 79.4769797029652,24.7599197722175,0 79.4769775644546,24.7599210707125,0 79.4769760411469,24.7599221037049,0 79.4769757823783,24.7599205317866,0 79.4769752689751,24.7599182330146,0 79.4769746254766,24.7599159617017,0 79.4769738536209,24.7599137239824,0 79.4769729554926,24.7599115259002,0 79.4769719335173,24.7599093733918,0 79.4769707904552,24.7599072722706,0 79.4769695293935,24.7599052282114,0 79.4769681537381,24.7599032467349,0 79.4769666672045,24.7599013331926,0 79.4769650738073,24.7598994927526,0 79.4769633778502,24.7598977303856,0 79.4769615839135,24.7598960508514,0 79.4769596968424,24.7598944586861,0 79.4769577217335,24.7598929581899,0 79.4769556639211,24.7598915534153,0 79.4769535289631,24.7598902481563,0 79.4769513226255,24.7598890459382,0 79.4769490508673,24.7598879500079,0 79.476946719824,24.7598869633253,0 79.4769443357913,24.7598860885554,0 79.476941905208,24.7598853280606,0 79.4769394346387,24.7598846838949,0 79.476936930756,24.7598841577982,0 79.4769344003222,24.7598837511911,0 79.4769318501717,24.759883465172,0 79.4769292871919,24.7598833005134,0 79.476926718305,24.7598832576598,0 79.4769241504489,24.7598833367272,0 79.476921590559,24.7598835375018,0 79.476919045549,24.7598838594415,0 79.4769165222925,24.7598843016768,0 79.4769140276045,24.7598848630133,0 79.4769115682224,24.7598855419348,0 79.4769091507887,24.7598863366079,0 79.4769067818324,24.7598872448862,0 79.4769044677515,24.7598882643166,0 79.476902214796,24.7598893921458,0 79.4768881147992,24.7598968921437,0 79.4768859718515,24.7598980997815,0 79.4768838990262,24.7598994054891,0 79.476881901701,24.7599008058789,0 79.4768799850579,24.7599022973176,0 79.4768781540695,24.7599038759358,0 79.476876413486,24.7599055376379,0 79.4768747678233,24.7599072781129,0 79.476873221351,24.7599090928451,0 79.4768717780812,24.7599109771264,0 79.4768704417585,24.7599129260681,0 79.4768692158497,24.7599149346139,0 79.4768681035354,24.7599169975529,0 79.4768671077015,24.7599191095327,0 79.4768662309316,24.7599212650741,0 79.4768654755003,24.7599234585847,0 79.4768648433676,24.7599256843736,0 79.4768643361735,24.7599279366662,0 79.476862355313,24.7599380296053,0 79.4768603060124,24.7599369990667,0 79.4768579727463,24.7599359673874,0 79.476855583463,24.7599350488068,0 79.4768531447322,24.7599342458509,0 79.4768506632594,24.7599335607273,0 79.4768481458677,24.7599329953199,0 79.476845599479,24.7599325511833,0 79.4768430310948,24.7599322295389,0 79.4768404477772,24.7599320312708,0 79.4768378566294,24.7599319569244,0 79.4768352647759,24.759932006704,0 79.4768326793433,24.7599321804728,0 79.4768301074407,24.759932477753,0 79.4768275561397,24.7599328977271,0 79.4768250324555,24.7599334392404,0 79.4768225433271,24.7599341008039,0 79.4768200955987,24.7599348805986,0 79.4768176960006,24.7599357764804,0 79.4768153511309,24.759936785986,0 79.4768130674368,24.7599379063395,0 79.4768108511979,24.7599391344604,0 79.4768087085078,24.759940466972,0 79.4768066452581,24.7599419002103,0 79.4768046671219,24.7599434302344,0 79.4768027795384,24.7599450528373,0 79.4768009876977,24.7599467635577,0 79.4767992965267,24.7599485576915,0 79.4767977106754,24.7599504303057,0 79.4767962345043,24.7599523762513,0 79.4767948720724,24.7599543901777,0 79.4767936271257,24.7599564665474,0 79.4767925030874,24.7599585996511,0 79.4767915030483,24.7599607836237,0 79.4767906297579,24.75996301246,0 79.4767898856176,24.7599652800316,0 79.4767892726734,24.7599675801037,0 79.4767887926108,24.7599699063518,0 79.4767884467496,24.7599722523796,0 79.476788236041,24.7599746117366,0 79.4767881610642,24.7599769779354,0 79.4767882220255,24.7599793444698,0 79.4767884187572,24.7599817048329,0 79.4767887507184,24.7599840525344,0 79.4767892169963,24.7599863811191,0 79.4767898163089,24.7599886841844,0 79.4767905470082,24.7599909553977,0 79.4767914070853,24.7599931885139,0 79.4767923941751,24.759995377393,0 79.4767935055636,24.7599975160162,0 79.4767947381948,24.7599995985033,0 79.4767960886796,24.7600016191282,0 79.4767975533046,24.7600035723349,0 79.4768228268405,24.7600354504682,0 79.476817195245,24.760052378752,0 79.4768165117148,24.7600546437436,0 79.4768159581597,24.7600569381392,0 79.4768155360788,24.7600592557243,0 79.4768152466155,24.760061590222,0 79.4768150905536,24.7600639353092,0 79.476815068316,24.7600662846343,0 79.4768151799628,24.7600686318343,0 79.4768154251917,24.7600709705518,0 79.4768158033384,24.7600732944525,0 79.4768163133788,24.7600755972421,0 79.4768169539315,24.7600778726837,0 79.4768177232615,24.7600801146141,0 79.4768186192851,24.7600823169613,0 79.4768195061541,24.7600841917196,0 79.4768180119184,24.7600844445823,0 79.476815476175,24.7600850014164,0 79.476812976118,24.7600856795778,0 79.4768105187047,24.7600864771793,0 79.4768081107737,24.7600873920013,0 79.4768057590257,24.7600884214981,0 79.4768034700054,24.7600895628046,0 79.4768034535183,24.7600895720878,0 79.4768022290805,24.7600895633228,0 79.4767997146218,24.7600896622795,0 79.4767972089362,24.7600898779518,0 79.4767947185175,24.7600902097808,0 79.4767922498194,24.7600906569066,0 79.4767898092396,24.7600912181705,0 79.4767874031029,24.760091892118,0 79.4767717031079,24.7600966921166,0 79.4767693001054,24.7600974904718,0 79.4767669455241,24.7600984012118,0 79.476764645663,24.7600994219,0 79.4767624066747,24.760100549806,0 79.476760234549,24.7601017819123,0 79.4767581350968,24.7601031149227,0 79.4767561139346,24.7601045452712,0 79.4767541764694,24.7601060691313,0 79.4767523278844,24.7601076824263,0 79.476750573125,24.7601093808403,0 79.4767489168855,24.7601111598297,0 79.4767473635967,24.7601130146353,0 79.4767459174141,24.760114940295,0 79.4767445822065,24.7601169316574,0 79.4767433615458,24.7601189833951,0 79.4767422586976,24.7601210900192,0 79.4767412766123,24.7601232458941,0 79.4767404179172,24.7601254452523,0 79.4767396849095,24.76012768221,0 79.47673907955,24.760129950783,0 79.4767386034584,24.7601322449022,0 79.4767382579083,24.7601345584304,0 79.4767380438241,24.7601368851785,0 79.4767379617785,24.7601392189218,0 79.476738011991,24.760141553417,0 79.4767381943273,24.760143882419,0 79.4767385082997,24.760146199697,0 79.4767389530681,24.7601484990519,0 79.4767395274428,24.7601507743323,0 79.4767402298872,24.7601530194515,0 79.476741058522,24.7601552284031,0 79.4767420111305,24.7601573952778,0 79.4767430851643,24.7601595142788,0 79.4767442777501,24.7601615797371,0 79.4767455856975,24.7601635861273,0 79.4767470055074,24.7601655280818,0 79.4767485333816,24.7601674004054,0 79.4767501652326,24.7601691980893,0 79.4767518966948,24.7601709163243,0 79.4767537231363,24.7601725505137,0 79.4767556396709,24.7601740962857,0 79.4767567778449,24.760174967481,0 79.476755482991,24.760175936246,0 79.4767535824092,24.7601775158473,0 79.4767517742897,24.760179183497,0 79.4767500635183,24.7601809346889,0 79.4767484547178,24.7601827646908,0 79.4767469522357,24.7601846685579,0 79.4767455601317,24.7601866411455,0 79.4767442821677,24.7601886771234,0 79.476743121797,24.7601907709898,0 79.476742082155,24.7601929170869,0 79.4767411660512,24.7601951096154,0 79.476740375961,24.7601973426507,0 79.4767397140194,24.7601996101589,0 79.476739182015,24.7602019060125,0 79.4767387813855,24.7602042240078,0 79.4767385132135,24.7602065578812,0 79.4767383782235,24.7602089013261,0 79.4767383767805,24.76021124801,0 79.4767385088882,24.7602135915919,0 79.4767387741897,24.7602159257388,0 79.4767391719682,24.7602182441435,0 79.4767397011487,24.7602205405412,0 79.4767403603013,24.7602228087267,0 79.4767411476449,24.7602250425708,0 79.476742061052,24.7602272360372,0 79.4767430980543,24.760229383199,0 79.4767431402513,24.7602294595554,0 79.4767416028187,24.7602297507129,0 79.4767391122659,24.7602303473845,0 79.4767366591114,24.7602310616474,0 79.4767342500093,24.7602318915643,0 79.4767318914942,24.7602328348841,0 79.4767295899634,24.760233889048,0 79.4767273516596,24.7602350511968,0 79.4767251826541,24.7602363181781,0 79.4767230888302,24.7602376865554,0 79.4767210758673,24.760239152617,0 79.4767191492253,24.7602407123863,0 79.4767173141303,24.7602423616326,0 79.4767155755598,24.7602440958823,0 79.4767139382296,24.7602459104314,0 79.4767124065807,24.760247800358,0 79.4767109847678,24.7602497605359,0 79.4767096766474,24.7602517856482,0 79.4767084857678,24.7602538702019,0 79.476707415359,24.7602560085427,0 79.4767064683246,24.7602581948706,0 79.4767056472334,24.7602604232552,0 79.4767049543124,24.7602626876523,0 79.4767043914412,24.7602649819196,0 79.4767039601466,24.7602672998343,0 79.4767036615984,24.7602696351091,0 79.4767034966065,24.7602719814097,0 79.4767034656183,24.7602743323718,0 79.476703568718,24.7602766816187,0 79.4767038056258,24.7602790227782,0 79.4767041756993,24.7602813495,0 79.4767046779346,24.7602836554729,0 79.4767053109693,24.7602859344423,0 79.4767060730866,24.7602881802265,0 79.4767069622191,24.7602903867339,0 79.4767079759552,24.7602925479796,0 79.4767091115451,24.7602946581013,0 79.4767103659088,24.7602967113753,0 79.4767117356436,24.7602987022324,0 79.4767132170345,24.7603006252724,0 79.4767148060631,24.7603024752792,0 79.4767164984193,24.7603042472347,0 79.4767182895127,24.7603059363327,0 79.4767201744851,24.7603075379915,0 79.4767221482235,24.7603090478668,0 79.4767242053745,24.760310461863,0 79.4767263403579,24.7603117761449,0 79.4767285473829,24.7603129871474,0 79.476730820463,24.7603140915858,0 79.4767331534326,24.7603150864645,0 79.4767355399637,24.7603159690847,0 79.4767377925432,24.7603166799226,0 79.4767278839699,24.7603181095176,0</coordinates></LinearRing></outerBoundaryIs><innerBoundaryIs><LinearRing><coordinates>79.4772452425838,24.7603847850927,0 79.4772476135801,24.7603838482135,0 79.4772499277419,24.7603827995193,0 79.47725217875,24.7603816418738,0 79.4772597691561,24.7603774961103,0 79.4772614024414,24.7603781171132,0 79.477263559166,24.7603788769957,0 79.4772635620774,24.7603792351152,0 79.4772636499273,24.7603816107719,0 79.4772638745993,24.7603839789132,0 79.4772642354703,24.7603863329733,0 79.47726473154,24.7603886664257,0 79.477265361433,24.7603909728008,0 79.4772661234029,24.7603932457045,0 79.4772670153372,24.7603954788349,0 79.4772680347631,24.7603976660009,0 79.4772691788542,24.7603998011386,0 79.4772704444385,24.7604018783284,0 79.4772718280073,24.7604038918112,0 79.4772733257246,24.7604058360048,0 79.4772748238577,24.7604075780945,0 79.4772728933283,24.7604082501059,0 79.4772705408731,24.7604091997069,0 79.477268245687,24.7604102597375,0 79.4772660139819,24.7604114273285,0 79.4772638517982,24.7604126993198,0 79.4772617649881,24.7604140722686,0 79.4772597591996,24.760415542459,0 79.4772578398617,24.7604171059117,0 79.4772560121691,24.7604187583951,0 79.4772542810686,24.7604204954367,0 79.4772526512457,24.7604223123349,0 79.4772511946661,24.7604241203201,0 79.4772493898395,24.7604228658053,0 79.4772472179874,24.7604215163066,0 79.477244970699,24.7604202740522,0 79.4772426543193,24.7604191425495,0 79.4772402753884,24.7604181249934,0 79.4772378406232,24.7604172242567,0 79.4772353568979,24.7604164428827,0 79.4772348417945,24.7604163083174,0 79.4772349148354,24.7604159524172,0 79.4772352574793,24.7604136132618,0 79.4772354657803,24.7604112609522,0 79.4772355391691,24.760408901917,0 79.4772354774452,24.7604065426034,0 79.4772352807772,24.760404189459,0 79.4772349497028,24.7604018489148,0 79.4772344851265,24.7603995273673,0 79.4772338883182,24.7603972311611,0 79.4772331609089,24.7603949665715,0 79.4772323048864,24.7603927397874,0 79.4772313225903,24.7603905568944,0 79.4772310344947,24.7603900012145,0 79.4772452425838,24.7603847850927,0</coordinates></LinearRing></innerBoundaryIs><innerBoundaryIs><LinearRing><coordinates>79.4775579388875,24.7604021949058,0 79.4775604014885,24.7604015271048,0 79.4775628227767,24.7604007434039,0 79.4775651962148,24.7603998459191,0 79.4775675153945,24.7603988370734,0 79.4775697740544,24.7603977195907,0 79.4775719660962,24.7603964964882,0 79.4775740856016,24.7603951710681,0 79.477576126848,24.7603937469088,0 79.4775780843243,24.7603922278557,0 79.4775799527453,24.7603906180099,0 79.4775817270667,24.760388921718,0 79.4775834024977,24.7603871435598,0 79.4775842091249,24.7603861916148,0 79.4775860314593,24.7603864973277,0 79.4775885761302,24.7603868005917,0 79.4775911346067,24.7603869828777,0 79.4775936999952,24.7603870436945,0 79.4776176000039,24.7603870436949,0 79.4776199454243,24.7603869928661,0 79.4776222855631,24.7603868404944,0 79.4776246151507,24.760386586923,0 79.4776437151575,24.7603840869224,0 79.4776462791538,24.7603836882118,0 79.4776488166386,24.7603831669282,0 79.4776513205891,24.7603825245142,0 79.4776537840753,24.7603817627479,0 79.4776562002793,24.7603808837376,0 79.4776585625138,24.760379889916,0 79.4776608642411,24.7603787840335,0 79.4776630990909,24.760377569151,0 79.4776652608779,24.7603762486308,0 79.4776673436192,24.7603748261274,0 79.4776674844644,24.7603747189356,0 79.4776690129807,24.7603762256016,0 79.4776708471112,24.7603778555472,0 79.4776727711612,24.7603793966383,0 79.4776747799745,24.7603808447447,0 79.4776768681674,24.7603821959856,0 79.4776790301439,24.7603834467397,0 79.47768126011,24.7603845936553,0 79.4776835520894,24.7603856336585,0 79.4776858999399,24.7603865639622,0 79.4776882973694,24.7603873820734,0 79.4776907379528,24.7603880857994,0 79.4776932151497,24.7603886732544,0 79.4776957223212,24.7603891428641,0 79.4776982527483,24.7603894933698,0 79.4777007996497,24.7603897238323,0 79.4777033561998,24.7603898336339,0 79.4777059155472,24.7603898224804,0 79.4777084708331,24.7603896904017,0 79.4777110152094,24.7603894377517,0 79.4777402152198,24.7603858377509,0 79.4777427649407,24.760385461237,0 79.4777452896475,24.7603849636473,0 79.4777477824497,24.7603843463402,0 79.4777502365435,24.7603836110002,0 79.4777526452309,24.7603827596345,0 79.477755001938,24.7603817945667,0 79.4777573002325,24.7603807184308,0 79.4777595338416,24.7603795341638,0 79.4777616966691,24.7603782449979,0 79.477763782812,24.7603768544519,0 79.4777657865766,24.7603753663207,0 79.4777661650913,24.7603750538441,0 79.4777660640316,24.7603754513785,0 79.4777656102915,24.7603777875083,0 79.4777601102789,24.7604111875059,0 79.4777597905372,24.7604135520055,0 79.4777596078535,24.7604159286151,0 79.4777595627365,24.7604183107155,0 79.477759655312,24.7604206916719,0 79.4777598853221,24.760423064853,0 79.4777602521263,24.7604254236491,0 79.4777607547028,24.7604277614903,0 79.4777613916519,24.7604300718653,0 79.4777621611997,24.7604323483393,0 79.4777630612027,24.7604345845719,0 79.4777640891544,24.7604367743347,0 79.4777652421916,24.7604389115288,0 79.4777665171029,24.7604409902017,0 79.4777679103374,24.7604430045639,0 79.4777694180148,24.7604449490049,0 79.4777710359358,24.7604468181092,0 79.4777727595943,24.7604486066709,0 79.4777745841895,24.7604503097084,0 79.4777765046395,24.7604519224786,0 79.4777785155955,24.7604534404895,0 79.4777806114566,24.7604548595132,0 79.4777827863855,24.7604561755973,0 79.4777850343244,24.7604573850764,0 79.4777873490126,24.7604584845818,0 79.477789724003,24.7604594710512,0 79.4777921526809,24.760460341737,0 79.477794628282,24.7604610942142,0 79.4777971439112,24.7604617263871,0 79.4777996925619,24.7604622364948,0 79.4778022671357,24.7604626231167,0 79.4778027430984,24.7604626712134,0 79.4778021837269,24.7604636617216,0 79.4778011244002,24.7604658045946,0 79.4778001886882,24.7604679949203,0 79.4777993791288,24.7604702267581,0 79.477798697918,24.7604724940545,0 79.4777981469032,24.7604747906599,0 79.477797727579,24.7604771103451,0 79.4777974410828,24.7604794468187,0 79.4777972881917,24.7604817937432,0 79.4777972693202,24.7604841447532,0 79.4777973845197,24.7604864934719,0 79.4777976334777,24.7604888335291,0 79.4777980155189,24.7604911585776,0 79.4777985296072,24.7604934623114,0 79.4777990486072,24.7604952945708,0 79.4777901126247,24.7604937469971,0 79.477787948281,24.7604934174207,0 79.4777857700536,24.7604931758597,0 79.4777835822333,24.7604930227898,0 79.4777190822565,24.760489822792,0 79.4777165196988,24.7604897564365,0 79.4777139568194,24.7604898114609,0 79.477711400509,24.7604899877173,0 79.477708857641,24.7604902847317,0 79.4777063350526,24.7604907017056,0 79.4777038395263,24.7604912375178,0 79.477701377772,24.7604918907276,0 79.4776989564088,24.7604926595787,0 79.477696581947,24.760493542004,0 79.4776942607711,24.7604945356307,0 79.4776919991221,24.7604956377872,0 79.4776898030809,24.7604968455102,0 79.4776876785523,24.7604981555522,0 79.4776856312485,24.7604995643911,0 79.4776836666743,24.7605010682387,0 79.4776817901119,24.7605026630516,0 79.4776800066069,24.7605043445417,0 79.4776783209547,24.7605061081879,0 79.4776767376876,24.7605079492483,0 79.4776752610627,24.7605098627725,0 79.4776738950502,24.7605118436157,0 79.477672643323,24.7605138864519,0 79.4776715092468,24.7605159857883,0 79.4776704958706,24.7605181359804,0 79.4776696059193,24.7605203312469,0 79.4776688417858,24.7605225656852,0 79.4776682055246,24.7605248332874,0 79.4776676988465,24.7605271279565,0 79.4776673231137,24.7605294435229,0 79.4776670793367,24.7605317737603,0 79.4776669681707,24.7605341124034,0 79.4776669899149,24.7605364531643,0 79.4776671445105,24.760538789749,0 79.4776674315421,24.7605411158752,0 79.4776678502379,24.7605434252885,0 79.4776683994721,24.7605457117794,0 79.477669077768,24.7605479692001,0 79.4776698833017,24.7605501914809,0 79.4776708139075,24.7605523726467,0 79.4776718670831,24.7605545068329,0 79.4776730399968,24.7605565883011,0 79.477674329495,24.7605586114548,0 79.4776757321105,24.7605605708543,0 79.477677244072,24.7605624612311,0 79.4776788613143,24.7605642775026,0 79.4776805794889,24.7605660147852,0 79.4777228712187,24.7606066094359,0 79.4777217413969,24.7606060026296,0 79.4777194452306,24.7606049128462,0 79.4777170897606,24.7606039342638,0 79.4777146814404,24.7606030695635,0 79.477604731351,24.7605665961704,0 79.4776027650818,24.7605640568188,0 79.4776027388082,24.7605589864124,0 79.4776026585058,24.7605566192134,0 79.4776024423553,24.7605542591175,0 79.4776020909515,24.7605519126203,0 79.4776016052616,24.76054958618,0 79.4776009866224,24.7605472861996,0 79.4776002367365,24.7605450190093,0 79.4775993576678,24.7605427908489,0 79.4775983518358,24.7605406078511,0 79.4775972220088,24.760538476024,0 79.4775959712964,24.760536401235,0 79.477594603141,24.7605343891945,0 79.4775931213079,24.7605324454401,0 79.4775915298758,24.7605305753217,0 79.4775898332246,24.7605287839862,0 79.477588036024,24.760527076364,0 79.4775861432204,24.7605254571549,0 79.4775841600233,24.7605239308153,0 79.477582091891,24.7605225015462,0 79.4775799445155,24.7605211732813,0 79.4775781796393,24.7605202008388,0 79.4775781744607,24.7605201161255,0 79.4775778990469,24.7605177885328,0 79.4775774918536,24.7605154771075,0 79.477576953976,24.760513188066,0 79.4775762868606,24.7605109275647,0 79.4775754923016,24.7605087016828,0 79.4775745724359,24.7605065164069,0 79.4775735297374,24.760504377614,0 79.4775723670104,24.7605022910562,0 79.477571087382,24.7605002623452,0 79.4775696942937,24.7604982969371,0 79.477568191492,24.7604964001178,0 79.4775665830187,24.7604945769885,0 79.4775648731996,24.7604928324524,0 79.4775630666331,24.7604911712014,0 79.477561168178,24.7604895977032,0 79.4775591829399,24.7604881161897,0 79.4775571162581,24.7604867306453,0 79.4775549736907,24.7604854447964,0 79.477552761,24.760484262101,0 79.4775504841368,24.76048318574,0 79.4775481492247,24.7604822186082,0 79.4775457625432,24.7604813633066,0 79.4775128625525,24.7604704633108,0 79.4775104358396,24.7604697236216,0 79.4775091144815,24.7604693891389,0 79.4775104666261,24.7604685494556,0 79.477512533846,24.7604671152045,0 79.4775145157585,24.7604655838393,0 79.4775164068981,24.760463959583,0 79.4775182020495,24.760462246915,0 79.4775198962621,24.7604604505582,0 79.4775214848638,24.7604585754666,0 79.4775229634735,24.7604566268111,0 79.4775243280138,24.7604546099658,0 79.477545428007,24.7604215099595,0 79.4775458451752,24.7604208425366,0 79.4775571672632,24.7604023648794,0 79.4775579388875,24.7604021949058,0</coordinates></LinearRing></innerBoundaryIs><innerBoundaryIs><LinearRing><coordinates>79.477783743568,24.7603391419869,0 79.4777858192298,24.7603392360301,0 79.4777831042697,24.7603435942536,0 79.477783743568,24.7603391419869,0</coordinates></LinearRing></innerBoundaryIs><innerBoundaryIs><LinearRing><coordinates>79.4782398018697,24.7603780302679,0 79.4782406183576,24.7603779512565,0 79.4782627309227,24.7603756417241,0 79.4782698970192,24.760381838636,0 79.4782697253311,24.7603819212859,0 79.4782675378665,24.7603831095396,0 79.4782536378693,24.7603911095373,0 79.4782515042486,24.7603924093326,0 79.4782494473235,24.760393808418,0 79.4782474726299,24.7603953030281,0 79.4782455854829,24.7603968891401,0 79.4782442814802,24.760398105089,0 79.478237315626,24.7603907865344,0 79.4782367023627,24.760390154264,0 79.4782352636077,24.7603886985831,0 79.478231898568,24.760379240793,0 79.4782321316388,24.7603787137538,0 79.4782398018697,24.7603780302679,0</coordinates></LinearRing></innerBoundaryIs><innerBoundaryIs><LinearRing><coordinates>79.4782911695023,24.760480367105,0 79.4782896533191,24.7604823013575,0 79.4782882508171,24.7604843058472,0 79.4782869658903,24.7604863750091,0 79.4782858021058,24.7604885030985,0 79.4782847626949,24.760490684207,0 79.4782838505432,24.7604929122794,0 79.4782830681832,24.7604951811297,0 79.4782824177869,24.7604974844588,0 79.4782817354845,24.7605001941702,0 79.4782764493522,24.7605056519283,0 79.4782578183137,24.7604826129357,0 79.4782582707929,24.7604822914521,0 79.478260226002,24.7604807458297,0 79.4782620900229,24.7604791089649,0 79.4782638577552,24.7604773853366,0 79.478265524362,24.7604755796611,0 79.478267085283,24.7604736968792,0 79.4782676074402,24.7604729934299,0 79.478268039232,24.760473102674,0 79.4782926270908,24.7604787006138,0 79.4782911695023,24.760480367105,0</coordinates></LinearRing></innerBoundaryIs><innerBoundaryIs><LinearRing><coordinates>79.4780375252402,24.7605620364007,0 79.4780316481283,24.7605757772399,0 79.478030775512,24.760577985192,0 79.4780300297636,24.7605802315761,0 79.4780300173518,24.7605802774262,0 79.4780297965024,24.7605801706103,0 79.4780274629543,24.760579180315,0 79.4780250761381,24.7605783022284,0 79.4780226425196,24.7605775387294,0 79.4780201686918,24.7605768918862,0 79.4780176613564,24.7605763634513,0 79.4780151273059,24.7605759548561,0 79.4780125734053,24.7605756672077,0 79.4780100065732,24.7605755012853,0 79.4780074337634,24.7605754575383,0 79.4780071086593,24.7605754674674,0 79.4780051332791,24.7605659682318,0 79.4780242344488,24.7605634974313,0 79.4780268211017,24.7605630986561,0 79.478029380949,24.7605625751632,0 79.4780319067838,24.7605619284265,0 79.4780343914949,24.7605611602668,0 79.4780365448217,24.7605603760136,0 79.4780375252402,24.7605620364007,0</coordinates></LinearRing></innerBoundaryIs><innerBoundaryIs><LinearRing><coordinates>79.4779374794704,24.7604355185027,0 79.4779401915786,24.7604352648524,0 79.4779569915845,24.760433264852,0 79.4779595738181,24.760432893808,0 79.4779621309647,24.7604323986581,0 79.4779646558758,24.7604317807867,0 79.4779649035827,24.7604317071542,0 79.4779642161199,24.7604326833508,0 79.47796292114,24.7604346283195,0 79.4779617351716,24.7604366304183,0 79.4779606612299,24.7604386845573,0 79.4779597020451,24.7604407855142,0 79.4779588600559,24.7604429279477,0 79.4779534411896,24.7604578926198,0 79.4779375453905,24.7604598795941,0 79.4779369790121,24.7604596425696,0 79.4779377505231,24.7604479045059,0 79.4779378379175,24.7604455403824,0 79.4779377895742,24.7604431753244,0 79.4779376056258,24.7604408158253,0 79.4779372865774,24.7604384683636,0 79.4779368333051,24.7604361393844,0 79.4779366840062,24.760435552606,0 79.4779374794704,24.7604355185027,0</coordinates></LinearRing></innerBoundaryIs><innerBoundaryIs><LinearRing><coordinates>79.4774666638771,24.7604765627009,0 79.4774646445633,24.7604779970523,0 79.4774627092125,24.7604795248661,0 79.477460863007,24.7604811420512,0 79.4774591108906,24.760482844277,0 79.477457457555,24.7604846269855,0 79.4774559074276,24.7604864854028,0 79.4774544646591,24.7604884145526,0 79.4774531331131,24.7604904092691,0 79.4774519163551,24.7604924642108,0 79.4774508176434,24.760494573875,0 79.4774499933956,24.7604963937503,0 79.4774498917842,24.7604963372289,0 79.477447582712,24.7604952015189,0 79.47744521093,24.76049417922,0 79.4774447059515,24.7604939907726,0 79.4774419118409,24.7604780479432,0 79.477448037733,24.7604693820419,0 79.4774493688469,24.7604673875895,0 79.477449882651,24.7604665196856,0 79.477450148935,24.7604667311271,0 79.4774521947869,24.7604681907006,0 79.4774543217306,24.7604695501939,0 79.4774565239006,24.7604708058581,0 79.4774587952239,24.7604719542303,0 79.4774611294367,24.7604729921435,0 79.4774635201019,24.7604739167356,0 79.4774659606267,24.7604747254566,0 79.4774684442808,24.7604754160765,0 79.4774684580675,24.7604754191983,0 79.4774666638771,24.7604765627009,0</coordinates></LinearRing></innerBoundaryIs><innerBoundaryIs><LinearRing><coordinates>79.4771597912483,24.7605131523209,0 79.4771617275243,24.7605147330493,0 79.4771784854838,24.7605277069566,0 79.4771774814952,24.7605291644715,0 79.4771762296037,24.7605312102963,0 79.4771750956698,24.7605333126867,0 79.47717479477,24.7605339523468,0 79.4771726574756,24.7605330605337,0 79.4771702362693,24.760532187798,0 79.4771677681136,24.7605314326341,0 79.4771652598506,24.7605307971354,0 79.4771627184334,24.7605302830636,0 79.4771601509073,24.7605298918438,0 79.4771575643896,24.7605296245604,0 79.4771549660505,24.7605294819544,0 79.4771535322179,24.7605294722962,0 79.4771540359165,24.7605285242374,0 79.4771550505196,24.7605263258205,0 79.4771559365184,24.7605240815316,0 79.4771566914387,24.7605217976384,0 79.4771573131722,24.7605194805188,0 79.4771577999826,24.7605171366441,0 79.4771581505105,24.7605147725597,0 79.477158363777,24.7605123948679,0 79.4771583802949,24.7605118725247,0 79.4771597912483,24.7605131523209,0</coordinates></LinearRing></innerBoundaryIs><innerBoundaryIs><LinearRing><coordinates>79.4768689618053,24.7603470620149,0 79.4769273164972,24.7602771698487,0 79.4769288794836,24.7602751889441,0 79.4769303229007,24.7602731337789,0 79.4769316425268,24.7602710103643,0 79.476932834502,24.7602688249111,0 79.47693389534,24.7602665838117,0 79.4769348219378,24.760264293621,0 79.4769356115853,24.7602619610377,0 79.4769362619728,24.7602595928843,0 79.476936771198,24.7602571960876,0 79.4769371377714,24.760254777658,0 79.4769382221731,24.7602458521707,0 79.4769392715575,24.7602445991079,0 79.4769458384251,24.7602444245728,0 79.4769466188551,24.7602443825145,0 79.4769467113644,24.7602449995469,0 79.4769472002926,24.7602473365061,0 79.47694782338,24.7602496466985,0 79.4769485788958,24.7602519237073,0 79.4769494647414,24.7602541612078,0 79.4769504784564,24.7602563529851,0 79.476951617225,24.7602584929511,0 79.4769528778841,24.7602605751619,0 79.4769542569321,24.7602625938337,0 79.4769557505384,24.7602645433596,0 79.4769573545544,24.7602664183242,0 79.4769590645248,24.7602682135198,0 79.4769708430931,24.7602799402052,0 79.4769718839794,24.7602885101964,0 79.4769669031809,24.7602950047631,0 79.4769654662976,24.7602969874894,0 79.4769641457254,24.7602990365416,0 79.4769629451271,24.7603011462363,0 79.4769618678329,24.7603033107218,0 79.4769617864123,24.7603035002124,0 79.4769600977966,24.7603040554738,0 79.4769576353518,24.7603050054176,0 79.476955232737,24.7603060755046,0 79.4769528969764,24.7603072626064,0 79.4769506348989,24.7603085632524,0 79.4769393546527,24.7603154449116,0 79.4769276442461,24.7603195331599,0 79.4769251965607,24.7603204570306,0 79.4769228065712,24.7603214992667,0 79.4769204811369,24.7603226568772,0 79.4769182269316,24.7603239265397,0 79.4769160504246,24.7603253046104,0 79.4769139578627,24.7603267871343,0 79.4769119552513,24.7603283698566,0 79.4769100483378,24.7603300482349,0 79.4769082425949,24.7603318174524,0 79.4769065432051,24.7603336724315,0 79.4769049550456,24.7603356078485,0 79.4769034826742,24.7603376181488,0 79.4769021303167,24.760339697563,0 79.4769009018543,24.7603418401232,0 79.4768998008125,24.7603440396805,0 79.4768988303514,24.7603462899221,0 79.4768980557579,24.7603482374699,0 79.4768975237814,24.7603483857901,0 79.4768950801772,24.7603491976212,0 79.4768926866991,24.7603501256462,0 79.4768903499682,24.7603511672978,0 79.4768880764487,24.7603523196945,0 79.4768858724302,24.7603535796484,0 79.4768837440096,24.7603549436738,0 79.476881697075,24.7603564079975,0 79.4768797372889,24.7603579685685,0 79.4768778700728,24.7603596210698,0 79.4768761005922,24.76036136093,0 79.476874433742,24.7603631833359,0 79.4768728741334,24.7603650832461,0 79.4768714260808,24.7603670554049,0 79.47687009359,24.7603690943564,0 79.476869379193,24.7603703309662,0 79.4768558437169,24.7603711118603,0 79.4768689618053,24.7603470620149,0</coordinates></LinearRing></innerBoundaryIs><innerBoundaryIs><LinearRing><coordinates>79.4786704389846,24.7603793360214,0 79.4786703619352,24.7603769753185,0 79.4786701497825,24.7603746215258,0 79.4786698031073,24.7603722810854,0 79.4786693228584,24.7603699604031,0 79.4786687103501,24.7603676658307,0 79.4786679672591,24.7603654036484,0 79.478667095619,24.7603631800476,0 79.4786474369476,24.7603168839179,0 79.4786367721812,24.7602886099207,0 79.4786368628699,24.7602887165368,0 79.4786385574181,24.7602905065904,0 79.4786403523526,24.7602922131137,0 79.4786422427427,24.760293831419,0 79.4786442233953,24.7602953570604,0 79.4786462888693,24.7602967858469,0 79.4786484334906,24.7602981138534,0 79.4786506513677,24.7602993374318,0 79.4786529364079,24.7603004532208,0 79.4786636364103,24.7603053532225,0 79.4786659159929,24.760306331598,0 79.4786682471888,24.7603072026887,0 79.4786706239467,24.7603079642333,0 79.4786730400973,24.7603086142551,0 79.4786754893689,24.7603091510669,0 79.478677965404,24.7603095732753,0 79.4786804617755,24.7603098797842,0 79.4786910832489,24.7603109331546,0 79.4786910639427,24.7603109756436,0 79.4786902129328,24.7603131588466,0 79.4786894857384,24.7603153790494,0 79.4786888842757,24.7603176304016,0 79.4786884101297,24.7603199069706,0 79.4786880645498,24.7603222027575,0 79.4786878484466,24.7603245117126,0 79.4786877623896,24.7603268277517,0 79.4786878066056,24.7603291447717,0 79.478687980978,24.7603314566671,0 79.4786882850474,24.7603337573457,0 79.4786887180125,24.7603360407452,0 79.4786892787325,24.7603383008484,0 79.4786899657298,24.7603405316998,0 79.478690777194,24.7603427274208,0 79.478691710987,24.7603448822256,0 79.478692764648,24.760346990436,0 79.4786939354006,24.7603490464967,0 79.4786952201598,24.7603510449897,0 79.4786962029522,24.7603524876218,0 79.4786960359076,24.7603533793815,0 79.4786936025475,24.760355158153,0 79.4786918063227,24.7603565362952,0 79.4786900837226,24.7603579906972,0 79.4786884386266,24.7603595180836,0 79.4786868747393,24.7603611150149,0 79.4786853955825,24.7603627778947,0 79.4786704111224,24.7603804651214,0 79.4786704389846,24.7603793360214,0</coordinates></LinearRing></innerBoundaryIs><innerBoundaryIs><LinearRing><coordinates>79.4794323868034,24.7607708507209,0 79.4794348924644,24.7607702041852,0 79.4794373573726,24.7607694380908,0 79.4794397746912,24.7607685545626,0 79.4794421377152,24.7607675560513,0 79.4794444398901,24.7607664453265,0 79.4794466748305,24.760765225469,0 79.4794488363372,24.7607638998622,0 79.4794509184149,24.7607624721832,0 79.4794529152884,24.7607609463919,0 79.4794548214189,24.7607593267203,0 79.4794566315195,24.760757617661,0 79.4794583405694,24.7607558239545,0 79.4794599438283,24.7607539505759,0 79.4794611189117,24.7607524175152,0 79.4794614732856,24.7607526517932,0 79.4794636643263,24.7607539451432,0 79.4794659270372,24.7607551311506,0 79.4794662900054,24.760755298809,0 79.47946600374,24.7607557407701,0 79.4794648077591,24.7607578287451,0 79.4794637327211,24.7607599708578,0 79.4794627815549,24.760762161272,0 79.4794619568518,24.7607643940203,0 79.4794612608588,24.7607666630195,0 79.4794606954719,24.7607689620882,0 79.4794602622315,24.7607712849626,0 79.4794599623181,24.7607736253142,0 79.4794597965486,24.760775976767,0 79.4794597653747,24.7607783329146,0 79.4794598688813,24.7607806873379,0 79.4794601067865,24.7607830336225,0 79.4794604784421,24.7607853653761,0 79.4794609828356,24.7607876762461,0 79.4794616185927,24.7607899599366,0 79.4794623839815,24.7607922102259,0 79.4794632769167,24.7607944209833,0 79.4794642949656,24.7607965861859,0 79.4794654353546,24.7607986999346,0 79.4794666949768,24.7608007564707,0 79.4794680704005,24.7608027501914,0 79.4794695578784,24.7608046756649,0 79.4794711533581,24.7608065276454,0 79.4794728524927,24.7608083010875,0 79.4794746506532,24.7608099911593,0 79.4794765429406,24.7608115932566,0 79.4794785241996,24.7608131030145,0 79.4794805890323,24.7608145163199,0 79.4794827318132,24.7608158293221,0 79.4794849467047,24.7608170384442,0 79.4794872276722,24.7608181403919,0 79.4794880424938,24.7608184856185,0 79.4794845571291,24.7608178721942,0 79.4794820340066,24.7608174896462,0 79.4794794925941,24.760817226758,0 79.4794769396932,24.7608170842331,0 79.4794743821362,24.7608170624531,0 79.4794718267682,24.7608171614761,0 79.479469280428,24.7608173810372,0 79.4794667499306,24.7608177205488,0 79.4794642420484,24.7608181791022,0 79.4794617634932,24.7608187554702,0 79.4794593208986,24.7608194481101,0 79.4794569208018,24.7608202551684,0 79.4794545696261,24.760821174485,0 79.4794522736642,24.7608222035995,0 79.4794500390607,24.7608233397577,0 79.4794478717962,24.7608245799188,0 79.479445777671,24.7608259207638,0 79.4794437622898,24.7608273587041,0 79.4794418310462,24.7608288898914,0 79.4794399891091,24.7608305102276,0 79.479438241408,24.7608322153761,0 79.4794365926203,24.7608340007735,0 79.4794153926183,24.760858200768,0 79.479413842948,24.7608600669854,0 79.4794124013582,24.7608620040767,0 79.4794110717288,24.7608640068283,0 79.4794098576386,24.7608660698499,0 79.479408762355,24.760868187589,0 79.4794077888261,24.7608703543458,0 79.4794069396719,24.7608725642887,0 79.4794062171781,24.7608748114696,0 79.4794056232891,24.7608770898405,0 79.4794051596034,24.7608793932692,0 79.479404827369,24.7608817155561,0 79.47940462748,24.760884050451,0 79.4794045604745,24.7608863916696,0 79.4794046265328,24.7608887329106,0 79.4794048254771,24.7608910678727,0 79.479405156772,24.7608933902716,0 79.4794056195259,24.7608956938565,0 79.4794062124932,24.7608979724275,0 79.479406934078,24.760900219852,0 79.4794077823383,24.7609024300811,0 79.479408754991,24.7609045971661,0 79.4794092563366,24.7609055674495,0 79.4794088095134,24.7609059318172,0 79.4794069629833,24.7609076051233,0 79.4794052154043,24.7609093648039,0 79.4794035716151,24.7609112059867,0 79.4794020361674,24.7609131235738,0 79.4794006133124,24.7609151122556,0 79.4793993069899,24.7609171665257,0 79.479398120817,24.760919280696,0 79.479397058078,24.7609214489128,0 79.4793961217155,24.7609236651725,0 79.4793953143222,24.7609259233386,0 79.4793946381337,24.7609282171585,0 79.4793940950221,24.7609305402809,0 79.4793936864914,24.7609328862735,0 79.4793934140137,24.760935245688,0 79.4793931222232,24.7609353255705,0 79.4793905986638,24.7609361550899,0 79.4793881280835,24.7609371083501,0 79.4793574913323,24.7609498343853,0 79.4793571593948,24.76094918307,0 79.4793559392009,24.7609470850296,0 79.4793545998304,24.760945048503,0 79.4793531449921,24.7609430791294,0 79.4793515787145,24.760941182362,0 79.4793503825908,24.7609398822148,0 79.479350727724,24.760939006327,0 79.479351453186,24.7609368254207,0 79.4793520571704,24.7609346138591,0 79.4793525381374,24.7609323772801,0 79.4793528948611,24.760930121385,0 79.4793554948534,24.7609101213838,0 79.4793557312393,24.7609077863288,0 79.4793558345133,24.7609054432156,0 79.4793558043968,24.7609030983669,0 79.479355640971,24.7609007581098,0 79.4793553446771,24.7608984287591,0 79.4793549163143,24.7608961166001,0 79.4793543570387,24.7608938278717,0 79.4793536683593,24.7608915687498,0 79.4793528521344,24.7608893453301,0 79.4793519105665,24.7608871636122,0 79.4793508461963,24.760885029483,0 79.4793496618957,24.7608829487012,0 79.4793483608604,24.7608809268814,0 79.479346946601,24.7608789694791,0 79.4793462260153,24.7608780767304,0 79.479346388914,24.7608779832512,0 79.4793484965417,24.7608766289561,0 79.4793505240174,24.7608751762149,0 79.4793524658319,24.7608736289752,0 79.4793543167086,24.7608719914414,0 79.479356071618,24.7608702680631,0 79.4793577257914,24.7608684635235,0 79.4793592747341,24.7608665827259,0 79.4793607142368,24.7608646307812,0 79.4793620403882,24.7608626129935,0 79.4793632495844,24.7608605348457,0 79.4793643385399,24.7608584019849,0 79.4793653042955,24.7608562202067,0 79.479366144227,24.7608539954399,0 79.4793668560519,24.7608517337297,0 79.4793741560429,24.7608260337269,0 79.4793747500986,24.7608236862284,0 79.4793752061472,24.7608213131331,0 79.4793755228897,24.7608189212007,0 79.4793756994238,24.7608165172446,0 79.4793757352467,24.7608141081121,0 79.4793756302565,24.7608117006657,0 79.4793753847521,24.7608093017627,0 79.4793751255763,24.7608076985402,0 79.4793763505653,24.760807140035,0 79.4793786305591,24.7608059587093,0 79.4793808387728,24.7608046686934,0 79.479382968998,24.7608032736141,0 79.4793839163395,24.760802580916,0 79.4793859047364,24.7608023617975,0 79.4793884513366,24.7608019569049,0 79.4793909712799,24.7608014310288,0 79.4793934576776,24.7608007856067,0 79.4793959037328,24.760800022403,0 79.4793983027586,24.760799143504,0 79.4794006481971,24.7607981513123,0 79.4794029336365,24.7607970485403,0 79.4794051528292,24.7607958382026,0 79.4794072997088,24.7607945236079,0 79.4794093684062,24.7607931083497,0 79.4794113532665,24.760791596297,0 79.4794132488636,24.7607899915832,0 79.4794150500157,24.760788298595,0 79.479416751799,24.7607865219605,0 79.479429651798,24.7607723219572,0 79.4794306013582,24.7607712199668,0 79.4794323868034,24.7607708507209,0</coordinates></LinearRing></innerBoundaryIs><innerBoundaryIs><LinearRing><coordinates>79.4790514495627,24.7598800862191,0 79.4790515553594,24.7598801164947,0 79.4790540630554,24.759880704421,0 79.4790566010194,24.7598811716684,0 79.4790591622912,24.7598815169557,0 79.4790617398467,24.7598817393359,0 79.4790643266173,24.7598818381991,0 79.4790762665383,24.7598820087697,0 79.4790778651761,24.7598821536757,0 79.4790781676943,24.7598846215945,0 79.4790785228124,24.7598869625151,0 79.4790790116054,24.7598892832587,0 79.4790796327337,24.7598915774651,0 79.4790803844951,24.7598938388471,0 79.4790812648294,24.7598960612073,0 79.479082271324,24.7598982384552,0 79.4790834012206,24.759900364624,0 79.4790846514227,24.7599024338871,0 79.4790860185042,24.7599044405734,0 79.4790874987184,24.7599063791837,0 79.4790890880089,24.7599082444051,0 79.4790907820202,24.7599100311259,0 79.4790925761097,24.7599117344497,0 79.4790944653608,24.7599133497084,0 79.479096444596,24.7599148724753,0 79.479098508391,24.7599162985773,0 79.4791006510901,24.7599176241062,0 79.4791028668212,24.7599188454292,0 79.4791051495118,24.7599199591993,0 79.4791074929064,24.7599209623643,0 79.4791098905828,24.7599218521748,0 79.47911233597,24.7599226261925,0 79.4791148223665,24.7599232822959,0 79.4791173429583,24.7599238186872,0 79.4791198908375,24.7599242338962,0 79.4791212469066,24.7599243885494,0 79.4791184676648,24.759937444501,0 79.4791184175745,24.7599374253201,0 79.4791159772154,24.7599366254386,0 79.4791134942871,24.7599359434811,0 79.4791109756189,24.7599353813233,0 79.4791084281381,24.7599349405113,0 79.4791058588514,24.7599346222576,0 79.4791032748255,24.7599344274375,0 79.4791006831677,24.7599343565868,0 79.479098091006,24.7599344099004,0 79.4790955054702,24.7599345872318,0 79.4790929336715,24.759934888093,0 79.4790903826835,24.7599353116568,0 79.4790878595226,24.7599358567579,0 79.4790853711286,24.7599365218973,0 79.4790829243456,24.7599373052454,0 79.4790805259035,24.7599382046477,0 79.4790781823988,24.7599392176305,0 79.4790759002774,24.7599403414076,0 79.4790736858161,24.7599415728881,0 79.4790715451055,24.7599429086849,0 79.4790694840337,24.759944345124,0 79.4790675082694,24.7599458782546,0 79.4790656232469,24.7599475038598,0 79.4790638341508,24.7599492174685,0 79.479062145902,24.7599510143676,0 79.4790605631439,24.7599528896148,0 79.4790590902297,24.7599548380523,0 79.4790482508184,24.7599700132245,0 79.4790514495627,24.7598800862191,0</coordinates></LinearRing></innerBoundaryIs><innerBoundaryIs><LinearRing><coordinates>79.4792628501447,24.7595516488467,0 79.479262047839,24.7595511869169,0 79.4792597531236,24.7595500165212,0 79.4792573935307,24.7595489591395,0 79.47925497573,24.7595480177605,0 79.4792525065553,24.7595471950449,0 79.4792499929858,24.7595464933183,0 79.4792474421262,24.7595459145641,0 79.4792448611864,24.7595454604181,0 79.4792422574615,24.7595451321639,0 79.4792396383111,24.7595449307294,0 79.4792370111381,24.759544856684,0 79.4792343833684,24.7595449102369,0 79.4792317624293,24.7595450912368,0 79.4792305641911,24.7595452327873,0 79.4792260341794,24.7595359773619,0 79.4792271665603,24.7595347714877,0 79.4792287573905,24.7595328844969,0 79.4792302370348,24.759530923532,0 79.479231601376,24.7595288940493,0 79.4792328466176,24.7595268016962,0 79.4792339692947,24.759524652295,0 79.4792349662831,24.7595224518264,0 79.4792358348088,24.7595202064137,0 79.479236572455,24.7595179223049,0 79.479237177169,24.7595156058557,0 79.4792376472683,24.759513263512,0 79.4792379814447,24.7595109017916,0 79.4792381787683,24.7595085272662,0 79.47923823869,24.7595061465433,0 79.4792381610433,24.7595037662473,0 79.479237946044,24.7595013930019,0 79.4792375942905,24.7594990334107,0 79.4792371067616,24.7594966940396,0 79.4792364848139,24.7594943813982,0 79.479235730178,24.7594921019216,0 79.4792348449538,24.7594898619527,0 79.4792338316046,24.7594876677245,0 79.4792272316005,24.7594743677262,0 79.4792261343446,24.7594722984364,0 79.4792249231368,24.7594702828399,0 79.4792236011188,24.7594683261646,0 79.4792221717193,24.7594664334855,0 79.4792206386458,24.7594646097115,0 79.4792190058745,24.7594628595731,0 79.4792172776405,24.7594611876094,0 79.4792154584262,24.7594595981571,0 79.4792135529501,24.7594580953386,0 79.4792115661543,24.7594566830519,0 79.4791894661567,24.7594417830563,0 79.4791873230972,24.7594404166157,0 79.4791851039436,24.759439155508,0 79.479182814899,24.7594380032581,0 79.4791804623615,24.7594369630868,0 79.4791780529071,24.7594360379017,0 79.4791755932707,24.7594352302887,0 79.4791730903274,24.7594345425054,0 79.4791705510736,24.7594339764743,0 79.4791679826068,24.7594335337774,0 79.4791653921066,24.7594332156524,0 79.4791627868139,24.7594330229882,0 79.479160174011,24.7594329563236,0 79.4791575610012,24.7594330158448,0 79.4791549550884,24.7594332013855,0 79.4791523635568,24.759433512427,0 79.47914979365,24.7594339480999,0 79.4791472525516,24.7594345071865,0 79.4791447473644,24.7594351881239,0 79.479142285091,24.7594359890088,0 79.4791398726139,24.7594369076026,0 79.4791375166764,24.7594379413375,0 79.4791352238639,24.7594390873242,0 79.4791330005853,24.7594403423594,0 79.4791308530551,24.7594417029349,0 79.479128787276,24.7594431652476,0 79.4791268090224,24.7594447252102,0 79.4791249238239,24.7594463784622,0 79.4791231369499,24.7594481203824,0 79.4791214533952,24.7594499461018,0 79.4791198778657,24.7594518505172,0 79.4791184147653,24.7594538283053,0 79.4791170681836,24.7594558739377,0 79.479115981257,24.7594577421439,0 79.4791093754423,24.7594515637653,0 79.4791072377672,24.7594496810202,0 79.479070337768,24.7594190810283,0 79.4790701471634,24.759418923789,0 79.479053462153,24.7594052312051,0 79.4790567880178,24.7593867013428,0 79.4790571366572,24.7593843843388,0 79.4790573534144,24.7593820539569,0 79.4790574377074,24.7593797164519,0 79.4790573893101,24.7593773780975,0 79.4790572083524,24.7593750451699,0 79.4790568953199,24.7593727239307,0 79.4790564510529,24.7593704206099,0 79.4790558767437,24.7593681413898,0 79.4790551739339,24.7593658923878,0 79.4790547551501,24.7593647751512,0 79.4790561803033,24.7593631049469,0 79.4790576611471,24.7593611684974,0 79.4790590290516,24.7593591639785,0 79.4790602802727,24.7593570968766,0 79.4790614113854,24.75935497285,0 79.4790624192938,24.7593527977124,0 79.479063301239,24.7593505774176,0 79.479064054807,24.7593483180429,0 79.4790646779351,24.7593460257727,0 79.4790651689177,24.7593437068813,0 79.479065526411,24.7593413677159,0 79.4790657494363,24.7593390146794,0 79.4790658373833,24.7593366542122,0 79.4790657900113,24.7593342927756,0 79.4790656074498,24.7593319368331,0 79.4790652901987,24.7593295928334,0 79.4790648391263,24.7593272671924,0 79.4790642554672,24.7593249662759,0 79.4790635408192,24.7593226963819,0 79.4790626971382,24.7593204637234,0 79.4790617267336,24.7593182744117,0 79.4790606322616,24.7593161344394,0 79.4790594167179,24.7593140496638,0 79.4790580834298,24.7593120257914,0 79.4790578178429,24.7593116666139,0 79.4790660284252,24.7593063694625,0 79.4790680757061,24.7593049748671,0 79.4790700413756,24.7593034855838,0 79.4790719201872,24.7593019055878,0 79.479073707126,24.7593002390964,0 79.4790753974224,24.7592984905576,0 79.4790769865648,24.7592966646386,0 79.4790784703114,24.759294766213,0 79.479079844702,24.7592928003481,0 79.4790811060681,24.759290772291,0 79.4790822510428,24.7592886874549,0 79.4790832765702,24.7592865514046,0 79.4790841799129,24.7592843698415,0 79.4790849586597,24.7592821485886,0 79.479085090846,24.7592816914586,0 79.4790858130266,24.7592815699745,0 79.4790883035466,24.7592810279573,0 79.4790907599973,24.7592803689355,0 79.4790931757908,24.7592795946767,0 79.4790955444483,24.7592787072571,0 79.4790978596174,24.7592777090569,0 79.4791001150889,24.7592766027529,0 79.4791023048141,24.7592753913122,0 79.4791044229205,24.7592740779838,0 79.4791064637274,24.7592726662897,0 79.4791084217618,24.759271160016,0 79.4791102917724,24.7592695632024,0 79.4791120687441,24.7592678801312,0 79.4791135872314,24.7592662841918,0 79.4791182863267,24.7592746625833,0 79.479118244753,24.7592747363039,0 79.4791171416393,24.759276986342,0 79.4791161746809,24.7592792880104,0 79.4791153467612,24.7592816344451,0 79.4791146603494,24.7592840186492,0 79.4791141174921,24.7592864335128,0 79.4791016174682,24.7593509335076,0 79.4791012321194,24.7593532796275,0 79.4791009822781,24.7593556409927,0 79.4791008686344,24.7593580110819,0 79.4791008915021,24.7593603833499,0 79.479101050818,24.7593627512452,0 79.4791013461423,24.7593651082287,0 79.4791017766592,24.7593674477912,0 79.47910234118,24.7593697634716,0 79.4791030381455,24.759372048875,0 79.4791038656311,24.7593742976898,0 79.4791048213515,24.7593765037056,0 79.4791059026675,24.7593786608303,0 79.4791071065927,24.7593807631067,0 79.4791084298024,24.7593828047289,0 79.4791098686424,24.7593847800589,0 79.4791114191391,24.7593866836414,0 79.4791130770106,24.7593885102195,0 79.4791148376786,24.7593902547487,0 79.4791166962806,24.7593919124115,0 79.4791186476839,24.7593934786298,0 79.4791206864994,24.7593949490783,0 79.4791228070967,24.7593963196963,0 79.4791250036194,24.7593975866985,0 79.4791272700016,24.759398746586,0 79.4791295999843,24.7593997961556,0 79.4791319871329,24.7594007325087,0 79.4791344248551,24.7594015530595,0 79.4791369064186,24.7594022555419,0 79.4791394249704,24.7594028380159,0 79.4791419735551,24.7594032988729,0 79.4791445451345,24.7594036368402,0 79.4791471326066,24.7594038509845,0 79.479149728826,24.7594039407144,0 79.4791523266228,24.759403905782,0 79.4791549188228,24.7594037462838,0 79.4791574982672,24.7594034626604,0 79.4791600578327,24.7594030556949,0 79.4791625904505,24.7594025265113,0 79.4791650891266,24.759401876571,0 79.4791675469605,24.7594011076689,0 79.4791699571645,24.7594002219284,0 79.4791723130825,24.7593992217956,0 79.4791746082084,24.7593981100324,0 79.4791768362038,24.7593968897094,0 79.4792133836566,24.7593756599413,0 79.479222542483,24.7593777260733,0 79.4792250369216,24.7593782267429,0 79.4792275563475,24.7593786091175,0 79.4792300940371,24.7593788721767,0 79.4792326432181,24.7593790152185,0 79.4792351970874,24.7593790378611,0 79.4792377488295,24.7593789400442,0 79.4792402916346,24.7593787220287,0 79.4792428187166,24.7593783843965,0 79.4792453233316,24.7593779280486,0 79.4792477987954,24.7593773542029,0 79.4792502385018,24.7593766643908,0 79.4792503023087,24.7593766429943,0 79.4792503147098,24.759377202253,0 79.4792505044444,24.7593795737996,0 79.4792508306706,24.7593819329338,0 79.4792512924833,24.7593842731102,0 79.4792518886013,24.7593865878361,0 79.4792526173706,24.7593888706894,0 79.4792534767693,24.7593911153364,0 79.479254464413,24.7593933155493,0 79.4792555775616,24.7593954652237,0 79.4792568131266,24.7593975583954,0 79.47925816768,24.7593995892569,0 79.4792596374637,24.7594015521738,0 79.4792612183997,24.7594034416999,0 79.4792629061019,24.7594052525928,0 79.4792646958877,24.7594069798282,0 79.4792665827915,24.7594086186139,0 79.479268561578,24.7594101644033,0 79.4792706267573,24.7594116129075,0 79.4792727725995,24.7594129601077,0 79.479274993151,24.7594142022661,0 79.479277282251,24.7594153359365,0 79.4792796335484,24.7594163579734,0 79.4792820405197,24.7594172655412,0 79.4792844964867,24.759418056122,0 79.4792869946355,24.7594187275223,0 79.4792895280349,24.7594192778793,0 79.4792920896562,24.759419705666,0 79.4792946723922,24.7594200096956,0 79.4792972690772,24.7594201891245,0 79.4792998725068,24.7594202434549,0 79.4793024754576,24.7594201725362,0 79.4793050707081,24.7594199765649,0 79.4793076510577,24.759419656085,0 79.4793102093473,24.7594192119854,0 79.479312738479,24.7594186454984,0 79.4793152314357,24.7594179581957,0 79.4793206286625,24.7594163273792,0 79.4793285347723,24.7594166080703,0 79.479315532321,24.7594399994005,0 79.4793121035114,24.7594432668534,0 79.4793103814276,24.759444995308,0 79.4793087595979,24.7594468028133,0 79.4793072423675,24.7594486845267,0 79.4793058338016,24.7594506354065,0 79.4793045509105,24.7594526296498,0 79.4792946415672,24.7594547854989,0 79.4792921176335,24.759455399364,0 79.4792896327268,24.7594561340882,0 79.479287193783,24.7594569876208,0 79.4792848076094,24.7594579575794,0 79.4792824808663,24.7594590412567,0 79.479280220048,24.759460235628,0 79.4792780314648,24.7594615373596,0 79.4792759212254,24.7594629428183,0 79.4792738952198,24.759464448081,0 79.479271959103,24.7594660489464,0 79.4792701182789,24.7594677409462,0 79.4792683778856,24.7594695193577,0 79.4792667427808,24.7594713792172,0 79.4792652175283,24.7594733153334,0 79.4792638063854,24.7594753223024,0 79.4792625132909,24.7594773945224,0 79.4792613418539,24.7594795262094,0 79.4792602953441,24.7594817114137,0 79.4792593766826,24.7594839440358,0 79.4792585884334,24.7594862178443,0 79.4792579327967,24.7594885264925,0 79.4792574116025,24.7594908635367,0 79.4792570263055,24.7594932224537,0 79.4792567779813,24.7594955966595,0 79.4792566673228,24.7594979795272,0 79.4792566946389,24.7595003644059,0 79.4792568598536,24.759502744639,0 79.4792571625055,24.7595051135829,0 79.4792576017499,24.7595074646254,0 79.479258176361,24.7595097912045,0 79.4792588847347,24.7595120868262,0 79.479259724894,24.7595143450831,0 79.4792606944939,24.759516559672,0 79.479261790828,24.7595187244117,0 79.4792630108363,24.75952083326,0 79.4792643511135,24.7595228803308,0 79.4792658079187,24.7595248599104,0 79.4792673771858,24.7595267664733,0 79.4792690545347,24.7595285946981,0 79.4792708352836,24.759530339482,0 79.4792727144622,24.7595319959549,0 79.4792746868253,24.7595335594933,0 79.4792767468678,24.7595350257332,0 79.4792788888397,24.759536390582,0 79.4792811067625,24.7595376502302,0 79.4792833944456,24.7595388011619,0 79.4792844954024,24.7595392877076,0 79.4792628501447,24.7595516488467,0</coordinates></LinearRing></innerBoundaryIs><innerBoundaryIs><LinearRing><coordinates>79.4791057475499,24.7595641723724,0 79.479103434187,24.7595632128271,0 79.4791009681529,24.7595623321404,0 79.4790984540171,24.7595615732783,0 79.4790958989919,24.7595609384176,0 79.4790933104067,24.7595604293796,0 79.4790906956871,24.7595600476244,0 79.4790880623338,24.7595597942473,0 79.4790854179009,24.759559669975,0 79.4790827699743,24.759559675164,0 79.4790801261499,24.7595598097994,0 79.4790774940119,24.7595600734951,0 79.4790751959387,24.7595604182626,0 79.4790755497114,24.7595586492933,0 79.4790758799706,24.7595563150398,0 79.4790760765461,24.7595539682416,0 79.4790761389035,24.7595516152776,0 79.4790760668735,24.759549262544,0 79.4790758606518,24.7595469164361,0 79.479075520799,24.7595445833311,0 79.4790754694039,24.7595443316891,0 79.4790916419608,24.7595441399194,0 79.4790942009127,24.7595440490076,0 79.4790967512761,24.7595438372232,0 79.4790968371437,24.7595438259741,0 79.4791057475499,24.7595641723724,0</coordinates></LinearRing></innerBoundaryIs><innerBoundaryIs><LinearRing><coordinates>79.4790022351353,24.7596645489849,0 79.4789998027463,24.7596637179631,0 79.4789973259221,24.7596630047217,0 79.4789948114974,24.7596624112289,0 79.4789922664108,24.7596619391223,0 79.4789896976853,24.7596615897049,0 79.4789871124093,24.7596613639407,0 79.4789845177168,24.7596612624528,0 79.4789825937662,24.759661279543,0 79.4789825085463,24.7596608908597,0 79.4789818740765,24.7596586177753,0 79.4789811111549,24.7596563778535,0 79.4789802218415,24.759654177142,0 79.4789792085375,24.7596520215828,0 79.4789780739789,24.759649916996,0 79.4789775349011,24.759649035739,0 79.4789823857678,24.7596436841353,0 79.4789839673368,24.7596418442772,0 79.4789854424229,24.7596399320901,0 79.4789868070664,24.7596379527068,0 79.4789880576041,24.7596359114411,0 79.478989190679,24.7596338137723,0 79.4789902032496,24.7596316653315,0 79.4789903638493,24.759631269236,0 79.4789907808686,24.7596321573656,0 79.4789919098048,24.7596342547527,0 79.4789931560981,24.7596362959814,0 79.4790075157303,24.7596584464943,0 79.4790037753269,24.7596651611888,0 79.4790022351353,24.7596645489849,0</coordinates></LinearRing></innerBoundaryIs><innerBoundaryIs><LinearRing><coordinates>79.4788431813195,24.7595833442109,0 79.4788513941197,24.75958248168,0 79.4788509453728,24.7595837300291,0 79.4788502769839,24.7595859730819,0 79.4788495805174,24.7595885728206,0 79.4788431813195,24.7595833442109,0</coordinates></LinearRing></innerBoundaryIs><innerBoundaryIs><LinearRing><coordinates>79.478767400219,24.7595366187404,0 79.4787648203495,24.7595368047229,0 79.4787622546724,24.7595371137196,0 79.4787597102177,24.7595375448839,0 79.4787571939572,24.7595380970344,0 79.4787547127856,24.7595387686583,0 79.4787522735013,24.7595395579152,0 79.4787498827882,24.7595404626425,0 79.4787475471967,24.7595414803614,0 79.4787452731264,24.7595426082831,0 79.4787430668084,24.7595438433172,0 79.4787409342881,24.7595451820797,0 79.4787388814086,24.7595466209022,0 79.4787369137947,24.7595481558425,0 79.478735036838,24.7595497826946,0 79.4787332556812,24.7595514970011,0 79.4787326338514,24.759552161972,0 79.4787412339155,24.7595288457475,0 79.4787479476837,24.7595277955485,0 79.4787517310078,24.7595270636146,0 79.4787723097028,24.7595223074424,0 79.4787714241231,24.7595242343489,0 79.478770543608,24.7595264743599,0 79.4787697935987,24.7595287536303,0 79.4787691761798,24.7595310658254,0 79.4787686930673,24.7595334045188,0 79.478768345604,24.7595357632107,0 79.4787682714293,24.7595365977066,0 79.478767400219,24.7595366187404,0</coordinates></LinearRing></innerBoundaryIs><innerBoundaryIs><LinearRing><coordinates>79.4785673631882,24.7594307615417,0 79.4785649762126,24.7594316653278,0 79.4785626442128,24.7594326817625,0 79.4785603735598,24.7594338080691,0 79.4785581704566,24.7594350411705,0 79.478556040922,24.7594363776982,0 79.4785539907736,24.7594378140008,0 79.4785520256121,24.7594393461545,0 79.4785501508062,24.7594409699737,0 79.4785483714777,24.7594426810222,0 79.4785466924874,24.7594444746257,0 79.4785451184222,24.7594463458842,0 79.4785436535823,24.7594482896857,0 79.4785423019695,24.7594503007199,0 79.4785410672761,24.7594523734929,0 79.4785401923868,24.7594540448015,0 79.4785383515426,24.7594526649722,0 79.4785362555215,24.7594512557129,0 79.4785340811776,24.7594499491383,0 79.4785318345382,24.7594487488702,0 79.4785295218308,24.7594476582357,0 79.4785271494661,24.759446680258,0 79.4785247240201,24.7594458176479,0 79.4785222522162,24.7594450727966,0 79.4785197409059,24.7594444477687,0 79.4785171970505,24.7594439442968,0 79.4785146277014,24.7594435637765,0 79.4785120399806,24.7594433072626,0 79.4785094410613,24.759443175466,0 79.4785068381474,24.7594431687522,0 79.4785042384542,24.7594432871398,0 79.4785016491877,24.7594435303005,0 79.4784990775253,24.7594438975604,0 79.4784965305956,24.7594443879014,0 79.4784940154583,24.7594449999643,0 79.4784915390855,24.7594457320526,0 79.4784891083413,24.7594465821369,0 79.4784867299638,24.7594475478609,0 79.4784844105456,24.7594486265475,0 79.478437210557,24.7594720265407,0 79.4784349860686,24.7594731986714,0 79.4784328312434,24.7594744747045,0 79.4784307518965,24.7594758511964,0 79.4784287536396,24.7594773244324,0 79.4784268418651,24.7594788904366,0 79.4784250217324,24.7594805449831,0 79.4784232981534,24.7594822836067,0 79.4784216757794,24.7594841016154,0 79.4784201589888,24.7594859941031,0 79.4784187518748,24.7594879559625,0 79.4784174582347,24.7594899818993,0 79.4784162815598,24.7594920664461,0 79.4784152250254,24.7594942039773,0 79.4784142914827,24.7594963887246,0 79.4784134834513,24.759498614792,0 79.4784128031115,24.759500876172,0 79.4784122522995,24.759503166762,0 79.4784118325017,24.7595054803805,0 79.478411544851,24.7595078107836,0 79.4784113901238,24.7595101516825,0 79.4784113687375,24.7595124967598,0 79.4784114807499,24.759514839687,0 79.4784117258587,24.7595171741411,0 79.4784121034025,24.7595194938224,0 79.4784126123624,24.7595217924708,0 79.4784132513649,24.7595240638829,0 79.4784140186855,24.759526301929,0 79.4784149122535,24.7595285005693,0 79.4784159296575,24.7595306538705,0 79.4784170681518,24.7595327560213,0 79.478418324664,24.759534801349,0 79.4784196958032,24.7595367843337,0 79.4784200588961,24.7595372535627,0 79.4784098418883,24.7595381747685,0 79.4784073083388,24.7595384636977,0 79.4784047945037,24.759538871677,0 79.4784023070876,24.7595393976183,0 79.4783998527249,24.7595400401189,0 79.4783974379615,24.759540797465,0 79.4783950692379,24.7595416676369,0 79.4783927528717,24.7595426483136,0 79.478390495041,24.7595437368795,0 79.4783883017677,24.7595449304314,0 79.4783861789014,24.7595462257859,0 79.4783841321041,24.7595476194881,0 79.4783821668349,24.7595491078209,0 79.4783802883352,24.7595506868148,0 79.4783785016153,24.7595523522583,0 79.4783768114407,24.7595540997095,0 79.4783752223191,24.7595559245079,0 79.4783737384889,24.7595578217864,0 79.4783723639077,24.7595597864848,0 79.4783711022417,24.7595618133631,0 79.4783699568559,24.7595638970152,0 79.4783689308051,24.759566031884,0 79.478368026826,24.7595682122754,0 79.4783672473295,24.759570432374,0 79.4783665943948,24.7595726862587,0 79.4783660697631,24.759574967918,0 79.4783656748339,24.7595772712666,0 79.4783654106604,24.7595795901611,0 79.4783652779472,24.7595819184167,0 79.4783644894245,24.7596094177916,0 79.4783634984115,24.7596098181235,0 79.478361145009,24.7596109094661,0 79.4783588587472,24.7596121139421,0 79.4783566461429,24.7596134281183,0 79.478354513503,24.7596148482487,0 79.4783524669062,24.7596163702855,0 79.4783505121862,24.7596179898902,0 79.4783219121875,24.7596429898838,0 79.4783200954023,24.7596446631052,0 79.4783183766999,24.7596464206043,0 79.4783167607626,24.7596482575932,0 79.4783152519924,24.7596501690679,0 79.4783138544995,24.7596521498209,0 79.4783125720909,24.7596541944565,0 79.4783114082601,24.7596562974047,0 79.4783103661776,24.7596584529366,0 79.4783094486823,24.7596606551802,0 79.4783086582735,24.7596628981363,0 79.4783079971045,24.7596651756945,0 79.4783074669765,24.7596674816504,0 79.4783070693335,24.7596698097222,0 79.478306805259,24.7596721535678,0 79.4783066754722,24.7596745068021,0 79.4783066803267,24.7596768630145,0 79.4783068198093,24.7596792157862,0 79.4783070935401,24.7596815587079,0 79.4783075007734,24.7596838853971,0 79.4783080403997,24.7596861895153,0 79.4783087109491,24.7596884647858,0 79.4783095105949,24.7596907050103,0 79.4783104371587,24.7596929040861,0 79.4783114881163,24.7596950560224,0 79.4783126606049,24.759697154957,0 79.4783139514302,24.759699195172,0 79.478315357076,24.7597011711095,0 79.4783168737129,24.7597030773867,0 79.4783184972093,24.7597049088106,0 79.4783202231426,24.7597066603919,0 79.478322046811,24.7597083273591,0 79.4783239632465,24.7597099051711,0 79.4783259672285,24.7597113895296,0 79.4783280532976,24.7597127763909,0 79.478330215771,24.759714061977,0 79.4783324487579,24.7597152427857,0 79.478334746175,24.7597163156002,0 79.4783371017639,24.7597172774981,0 79.4783395091075,24.759718125859,0 79.4783419616477,24.7597188583716,0 79.4783444527034,24.7597194730406,0 79.4783453707966,24.7597196532362,0 79.478289562911,24.759835098055,0 79.4782645061658,24.7597975907691,0 79.4782631144604,24.7597956241375,0 79.4782616129552,24.7597937260416,0 79.4782600056894,24.7597919015877,0 79.478258296987,24.759790155684,0 79.4782564914447,24.7597884930274,0 79.47825459392,24.7597869180908,0 79.4782526095175,24.7597854351111,0 79.4782505435757,24.7597840480779,0 79.4782484016525,24.7597827607226,0 79.4782461895102,24.7597815765084,0 79.4782439130998,24.7597804986212,0 79.4782415785454,24.7597795299607,0 79.4782391921275,24.7597786731328,0 79.4782367602661,24.7597779304425,0 79.4782342895034,24.759777303888,0 79.4782317864862,24.7597767951547,0 79.4782292579484,24.7597764056112,0 79.4782267106922,24.7597761363055,0 79.4782241515702,24.7597759879621,0 79.4782215874671,24.7597759609801,0 79.4782190252809,24.759776055432,0 79.4782164719044,24.7597762710638,0 79.4782139342067,24.7597766072953,0 79.4782114190149,24.7597770632221,0 79.4782089330954,24.7597776376175,0 79.4782064831357,24.7597783289364,0 79.4782040757269,24.7597791353189,0 79.4782017173453,24.7597800545957,0 79.4781994143357,24.7597810842936,0 79.4781971728935,24.7597822216428,0 79.4781949990487,24.7597834635833,0 79.4781928986495,24.7597848067741,0 79.4781908773464,24.7597862476017,0 79.4781889405772,24.75978778219,0 79.4781870935521,24.7597894064106,0 79.4781853412402,24.759791115894,0 79.4781844818579,24.7597920466431,0 79.478182479683,24.7597862087285,0 79.4781816299233,24.759783943494,0 79.4781806498242,24.7597817225872,0 79.4781795421429,24.7597795522561,0 79.4781783099957,24.7597774386064,0 79.478176956849,24.7597753875845,0 79.4781754865095,24.7597734049605,0 79.4781739031139,24.759771496312,0 79.4781722111166,24.7597696670086,0 79.4781711900096,24.7597686749155,0 79.4781718309296,24.7597674058269,0 79.4781728050067,24.759765171158,0 79.4781736473602,24.7597628922894,0 79.478174355599,24.7597605756898,0 79.4781749277128,24.759758227935,0 79.4781753620776,24.7597558556893,0 79.4781756574604,24.7597534656864,0 79.4781758130228,24.7597510647106,0 79.4781758283232,24.7597486595771,0 79.4781757033181,24.7597462571131,0 79.4781754383625,24.7597438641381,0 79.4781750342085,24.7597414874447,0 79.4781744920031,24.7597391337794,0 79.4781738132856,24.759736809823,0 79.4781729999826,24.7597345221725,0 79.4781703999803,24.7597278221732,0 79.4781694812199,24.7597256363747,0 79.4781684395897,24.7597234970106,0 79.4781672778914,24.7597214098352,0 79.4781659992498,24.7597193804623,0 79.478164607104,24.7597174143505,0 79.4781631051985,24.759715516788,0 79.4781614975731,24.7597136928787,0 79.4781597885517,24.7597119475284,0 79.4781582307702,24.7597105137295,0 79.4781590796811,24.7597101257382,0 79.4781613329939,24.7597089572258,0 79.4781635161594,24.7597076825099,0 79.4781656231799,24.7597063050925,0 79.4781676482667,24.7597048287578,0 79.4781695858562,24.7597032575617,0 79.4781714306254,24.7597015958208,0 79.4781731775059,24.7596998481005,0 79.4781748216986,24.7596980192023,0 79.4781763586864,24.7596961141507,0 79.4781777842467,24.7596941381795,0 79.478179094463,24.7596920967174,0 79.4781802857358,24.7596899953728,0 79.4781813547923,24.7596878399189,0 79.4781822986953,24.7596856362774,0 79.4781831148518,24.7596833905023,0 79.4781838010196,24.7596811087634,0 79.4781843553134,24.7596787973296,0 79.4781845611065,24.7596776557648,0 79.4781863195521,24.759677031211,0 79.4781886744306,24.7596760626713,0 79.4781909707031,24.7596749831587,0 79.4781932021027,24.7596737956196,0 79.4781953625399,24.7596725032948,0 79.4781974461184,24.7596711097112,0 79.4781994471521,24.759669618672,0 79.4782013601798,24.7596680342464,0 79.4782031799807,24.7596663607585,0 79.4782049015885,24.7596646027755,0 79.4782065203046,24.759662765095,0 79.4782080317113,24.7596608527324,0 79.478209431684,24.7596588709065,0 79.4782107164019,24.7596568250261,0 79.4782118823589,24.7596547206745,0 79.4782129263731,24.7596525635948,0 79.4782138455951,24.7596503596739,0 79.4782146375164,24.7596481149264,0 79.4782152999756,24.7596458354786,0 79.478215831165,24.7596435275513,0 79.4782162296348,24.7596411974431,0 79.4782164942975,24.7596388515131,0 79.4782166244309,24.7596364961635,0 79.4782166196799,24.7596341378225,0 79.4782164800574,24.759631782926,0 79.4782162059444,24.759629437901,0 79.4782157980891,24.7596271091472,0 79.4782152576046,24.75962480302,0 79.4782120576001,24.7596127030208,0 79.478211378597,24.7596104032347,0 79.4782105676975,24.7596081393518,0 79.478209627159,24.7596059176744,0 79.4782085595997,24.7596037443873,0 79.4782073679918,24.7596016255409,0 79.4782060556524,24.7595995670336,0 79.4782046262351,24.7595975745962,0 79.4782030837191,24.7595956537753,0 79.4782014323986,24.7595938099183,0 79.4781996768707,24.7595920481583,0 79.4781978220226,24.7595903733998,0 79.478195873018,24.7595887903051,0 79.4781938352827,24.7595873032814,0 79.4781917144895,24.7595859164684,0 79.4781895165424,24.7595846337267,0 79.4781872475603,24.7595834586275,0 79.4781849138598,24.759582394442,0 79.4781825219375,24.7595814441328,0 79.4781800784524,24.7595806103455,0 79.4781775902067,24.7595798954012,0 79.4781750641276,24.7595793012902,0 79.4781725072472,24.7595788296665,0 79.4781699266837,24.759578481843,0 79.478167329621,24.759578258788,0 79.4781667974371,24.7595782388458,0 79.4781675082556,24.7595776897796,0 79.4781693963553,24.7595760689195,0 79.4781711888469,24.7595743599454,0 79.4781728808054,24.759572567553,0 79.4781744675817,24.7595706966672,0 79.478175944816,24.7595687524283,0 79.4781773084494,24.7595667401786,0 79.4781785547351,24.759564665447,0 79.4781796802488,24.7595625339341,0 79.478180681898,24.7595603514965,0 79.4781815569304,24.7595581241309,0 79.4781823029419,24.7595558579572,0 79.4781829178826,24.7595535592021,0 79.4781834000629,24.7595512341816,0 79.478183748158,24.7595488892843,0 79.4781839612114,24.759546530953,0 79.4781840386377,24.7595441656675,0 79.4781839802243,24.7595417999268,0 79.4781830480516,24.7595243551103,0 79.4781938833107,24.7595157318905,0 79.4781958025629,24.7595141212184,0 79.4781976261753,24.7595124204146,0 79.4781993490782,24.7595106342076,0 79.478200966482,24.759508767563,0 79.4782024738902,24.7595068256701,0 79.4782038671123,24.7595048139274,0 79.4782051422749,24.7595027379276,0 79.4782062958333,24.759500603442,0 79.4782073245804,24.7594984164045,0 79.4782082256563,24.7594961828952,0 79.478208996556,24.7594939091231,0 79.4782096351365,24.7594916014095,0 79.4782100645365,24.7594896137386,0 79.4782240897926,24.7594829612741,0 79.4782262490311,24.7594818738259,0 79.4782283462026,24.7594806894205,0 79.4782303760897,24.7594794110044,0 79.4782323336427,24.7594780417579,0 79.478244320758,24.7594692154257,0 79.4782609358556,24.7594792980903,0 79.4782631400411,24.7594805606043,0 79.4782654139163,24.7594817154797,0 79.4782677511829,24.7594827595179,0 79.4782701453668,24.7594836898269,0 79.4782725898366,24.7594845038299,0 79.4782750778214,24.7594851992723,0 79.4782776024298,24.7594857742277,0 79.478280156669,24.7594862271036,0 79.4782827334642,24.7594865566456,0 79.4782853256779,24.7594867619409,0 79.4782879261301,24.759486842421,0 79.4782905276178,24.7594867978627,0 79.4782931229353,24.7594866283897,0 79.478295704894,24.7594863344712,0 79.4782982663422,24.7594859169214,0 79.4783008001849,24.759485376897,0 79.4783032994038,24.7594847158935,0 79.4783057570765,24.759483935742,0 79.4783081663954,24.7594830386034,0 79.4783105206872,24.7594820269625,0 79.4783128134307,24.7594809036216,0 79.4783150382753,24.7594796716921,0 79.4783171890586,24.7594783345863,0 79.4783192598232,24.7594768960078,0 79.4783212448333,24.7594753599412,0 79.4783231385908,24.7594737306413,0 79.4783249358501,24.759472012621,0 79.4783266316332,24.7594702106389,0 79.478328221243,24.7594683296863,0 79.4783297002764,24.7594663749733,0 79.4783310646368,24.759464351914,0 79.478332310545,24.759462266112,0 79.4783334345501,24.7594601233448,0 79.4783344335388,24.7594579295475,0 79.4783353047439,24.7594556907967,0 79.4783360457524,24.7594534132933,0 79.4783366545119,24.7594511033457,0 79.478337129336,24.7594487673523,0 79.4783374689097,24.7594464117832,0 79.4783376722924,24.7594440431632,0 79.4783377389207,24.759441668053,0 79.47833766861,24.7594392930312,0 79.4783374615553,24.7594369246765,0 79.4783371183299,24.7594345695488,0 79.4783366398846,24.7594322341714,0 79.4783360275445,24.7594299250131,0 79.4783352830059,24.7594276484699,0 79.4783293695034,24.7594111623596,0 79.478327191804,24.7594025674117,0 79.4783386975664,24.7594024404154,0 79.47834129489,24.7594023493516,0 79.4783438833826,24.7594021337666,0 79.4783464558894,24.7594017942566,0 79.4783488769558,24.7594013550431,0 79.4783493118573,24.7594028073048,0 79.4783500455283,24.7594050307972,0 79.4783509034476,24.7594072168975,0 79.4783518833452,24.7594093598209,0 79.4783529826281,24.759411453897,0 79.4783541983874,24.7594134935844,0 79.478355527406,24.759415473486,0 79.4783569661673,24.7594173883625,0 79.4783585108639,24.759419233147,0 79.4783601574085,24.7594210029578,0 79.478361901444,24.7594226931119,0 79.4783637383554,24.7594242991367,0 79.4783861383559,24.7594428991416,0 79.478388120448,24.7594444594985,0 79.4783901901864,24.7594459218978,0 79.4783923417718,24.7594472822418,0 79.4783945691752,24.7594485367187,0 79.4783968661554,24.7594496818135,0 79.4783992262762,24.7594507143176,0 79.4784016429244,24.7594516313379,0 79.4784041093286,24.7594524303048,0 79.4784066185778,24.7594531089797,0 79.4784091636409,24.7594536654608,0 79.4784117373867,24.7594540981888,0 79.4784143326034,24.7594544059513,0 79.4784169420191,24.7594545878859,0 79.4784195583222,24.7594546434828,0 79.4784221741816,24.7594545725862,0 79.4784247822677,24.7594543753948,0 79.4784273752725,24.759454052461,0 79.4784299459304,24.7594536046899,0 79.4784324870381,24.759453033336,0 79.4784349914756,24.7594523400003,0 79.4784374522252,24.7594515266256,0 79.4784398623918,24.7594505954909,0 79.4784422152222,24.7594495492053,0 79.4784445041235,24.7594483907006,0 79.4784467226822,24.7594471232229,0 79.4784488646819,24.7594457503237,0 79.4784509241206,24.75944427585,0 79.4784528952276,24.7594427039332,0 79.4784547724798,24.759441038978,0 79.4784565506172,24.7594392856496,0 79.4784582246574,24.7594374488608,0 79.4784597899096,24.7594355337585,0 79.4784924899037,24.7593932337494,0 79.4784939105384,24.7593912912585,0 79.4784952192375,24.7593892842702,0 79.4784964124974,24.7593872181578,0 79.4784974871236,24.7593850984526,0 79.4784984402389,24.7593829308296,0 79.4784992692917,24.7593807210918,0 79.4784999720625,24.7593784751553,0 79.4785005466698,24.7593761990329,0 79.4785009915753,24.7593738988183,0 79.4785013055879,24.7593715806695,0 79.4785014878669,24.7593692507928,0 79.4785015379243,24.7593669154257,0 79.4785014556261,24.7593645808205,0 79.4785012411927,24.7593622532274,0 79.4785008951981,24.7593599388778,0 79.4785004185687,24.7593576439678,0 79.4785001293285,24.7593565608108,0 79.47850068819,24.7593567853853,0 79.4785031305401,24.7593576292693,0 79.478505618281,24.7593583542204,0 79.478508144472,24.759358958216,0 79.4785107020653,24.759359439571,0 79.4785132839253,24.7593597969424,0 79.4785158828487,24.7593600293333,0 79.4785184915848,24.7593601360951,0 79.4785211028553,24.7593601169302,0 79.4785237093749,24.7593599718919,0 79.4785263038717,24.7593597013849,0 79.4785288791071,24.7593593061638,0 79.4785314278964,24.7593587873315,0 79.4785339431285,24.7593581463352,0 79.4785364177863,24.7593573849634,0 79.4785388449655,24.7593565053403,0 79.4785412178945,24.75935550992,0 79.4785435299529,24.7593544014796,0 79.4785457746902,24.7593531831116,0 79.4785479458438,24.7593518582151,0 79.4785500373562,24.7593504304866,0 79.4785520433924,24.7593489039093,0 79.4785539583555,24.7593472827423,0 79.478555776903,24.7593455715085,0 79.4785574939612,24.7593437749821,0 79.4785591047397,24.7593418981755,0 79.4785617047393,24.7593386981748,0 79.4785632276541,24.7593367147433,0 79.4785640173049,24.7593355590297,0 79.4785593659868,24.7593647108179,0 79.4785580224299,24.7593708407857,0 79.4785575708306,24.7593732340682,0 79.4785572608325,24.7593756460632,0 79.4785570933325,24.7593780697903,0 79.4785570688156,24.7593804982353,0 79.4785571873526,24.7593829243702,0 79.4785574486004,24.7593853411738,0 79.4785610485902,24.7594114411745,0 79.4785614388245,24.7594137759617,0 79.4785619622522,24.7594160889175,0 79.4785626174404,24.7594183737109,0 79.4785634025959,24.7594206240881,0 79.4785643155695,24.7594228338894,0 79.4785653538624,24.7594249970664,0 79.4785665146325,24.759427107698,0 79.4785677947027,24.759429160007,0 79.4785686308271,24.7594303510407,0 79.4785673631882,24.7594307615417,0</coordinates></LinearRing></innerBoundaryIs><innerBoundaryIs><LinearRing><coordinates>79.4787994567097,24.7591215417444,0 79.4787977857535,24.7591255164417,0 79.4787969429205,24.759124768551,0 79.4787914422631,24.7591201805607,0 79.4787994567097,24.7591215417444,0</coordinates></LinearRing></innerBoundaryIs><innerBoundaryIs><LinearRing><coordinates>79.479143978455,24.7589811557709,0 79.4791427427077,24.7589790716488,0 79.4791413888813,24.7589770496172,0 79.4791399207071,24.7589750952492,0 79.4791383422315,24.7589732139312,0 79.479136657805,24.7589714108484,0 79.47913487207,24.7589696909701,0 79.4791329899482,24.7589680590365,0 79.479131016627,24.7589665195456,0 79.4791233306402,24.7589608351208,0 79.4791579784595,24.7589494972749,0 79.4791604144142,24.7589486331577,0 79.4791627969604,24.7589476527115,0 79.479165119441,24.7589465586758,0 79.4791673753666,24.7589453541075,0 79.4791695584339,24.7589440423723,0 79.479171662543,24.7589426271355,0 79.4791736818148,24.7589411123513,0 79.4791756106071,24.7589395022524,0 79.4791774435306,24.7589378013375,0 79.4791791754639,24.7589360143592,0 79.4791808015676,24.7589341463107,0 79.4791823172983,24.7589322024116,0 79.4791837184207,24.7589301880933,0 79.4791850010199,24.7589281089842,0 79.4791861615122,24.7589259708935,0 79.479187196655,24.7589237797955,0 79.479188103556,24.7589215418124,0 79.4791888796811,24.7589192631974,0 79.4791895228617,24.7589169503173,0 79.4791900313008,24.7589146096346,0 79.4791904035776,24.7589122476895,0 79.479190638652,24.7589098710817,0 79.4791907358672,24.7589074864516,0 79.4791906949516,24.7589051004624,0 79.4791905160194,24.7589027197807,0 79.4791902598019,24.7589008019094,0 79.4791903160582,24.7589008760511,0 79.4791919059225,24.7589027525195,0 79.4791936015524,24.7589045501279,0 79.4791953982648,24.7589062639113,0 79.4791972910973,24.7589078891363,0 79.4791992748219,24.7589094213143,0 79.4792013439599,24.7589108562134,0 79.4792034927963,24.7589121898705,0 79.4792057153963,24.7589134186022,0 79.4792080056211,24.7589145390149,0 79.4792103571453,24.7589155480139,0 79.4792127634741,24.7589164428125,0 79.4792152179616,24.7589172209393,0 79.4792177138283,24.7589178802452,0 79.4792202441812,24.7589184189093,0 79.4792228020313,24.7589188354437,0 79.4792253803141,24.7589191286981,0 79.4792279719086,24.7589192978624,0 79.4792305696569,24.7589193424695,0 79.4792331663842,24.7589192623962,0 79.4792357549187,24.7589190578636,0 79.4792383281108,24.7589187294366,0 79.4792408788535,24.7589182780223,0 79.479243400102,24.7589177048675,0 79.4792936001187,24.758905004864,0 79.4792959895576,24.7589043405803,0 79.4792983392049,24.7589035669485,0 79.4793006430635,24.7589026859432,0 79.4793028952528,24.7589016998131,0 79.4793050900241,24.7589006110752,0 79.4793072217756,24.7588994225086,0 79.4793092850659,24.758898137147,0 79.4793112746288,24.7588967582711,0 79.4793131853858,24.7588952894004,0 79.47931501246,24.7588937342843,0 79.4793167511878,24.758892096892,0 79.4793183971312,24.7588903814029,0 79.4793199460891,24.7588885921957,0 79.4793411413185,24.7588627958598,0 79.4793436870339,24.758863162326,0 79.4793462713483,24.7588634081595,0 79.479348866238,24.7588635296745,0 79.4793514645355,24.7588635265356,0 79.479354059064,24.7588633987512,0 79.479356642657,24.7588631466744,0 79.4793592081784,24.7588627710015,0 79.4793617485417,24.7588622727701,0 79.4793642567302,24.7588616533564,0 79.479366725816,24.7588609144713,0 79.4793691489791,24.7588600581557,0 79.4793715195264,24.7588590867748,0 79.4793738309101,24.7588580030117,0 79.479376076746,24.75885680986,0 79.4793782508306,24.7588555106153,0 79.479380347159,24.7588541088662,0 79.4793823599406,24.7588526084846,0 79.4793824375122,24.758852544172,0 79.479382612581,24.7588526901406,0 79.4793818677506,24.7588549082035,0 79.4793812360028,24.7588572174507,0 79.4793807384259,24.7588595538928,0 79.4793803764033,24.7588619110346,0 79.4793801509412,24.7588642823235,0 79.4793800626665,24.7588666611674,0 79.4793801027679,24.7588686025171,0 79.4793798579586,24.758868871452,0 79.4793782950673,24.7588707858811,0 79.4793768452189,24.7588727730913,0 79.4793755124696,24.7588748275227,0 79.4793743005483,24.7588769434277,0 79.4793732128455,24.7588791148864,0 79.4793722524044,24.7588813358237,0 79.4793714219121,24.7588836000259,0 79.479370723692,24.7588859011584,0 79.4793701596978,24.7588882327831,0 79.4793697315071,24.7588905883768,0 79.4793694403181,24.7588929613491,0 79.4793692869454,24.758895345061,0 79.4793692718182,24.7588977328435,0 79.4793693026778,24.7588983304825,0 79.4793291634522,24.7589039838889,0 79.4793266160324,24.7589044053071,0 79.4793240962644,24.758904947914,0 79.4793216110578,24.7589056102215,0 79.4793191672273,24.7589063904135,0 79.4793167714743,24.7589072863506,0 79.4793144303684,24.7589082955761,0 79.4793121503291,24.7589094153225,0 79.4793099376087,24.7589106425192,0 79.4793077982748,24.7589119738011,0 79.4793057381939,24.7589134055177,0 79.4793037630149,24.7589149337429,0 79.479301878154,24.7589165542861,0 79.47930008878,24.7589182627036,0 79.4792983997994,24.7589200543106,0 79.4792968158439,24.7589219241942,0 79.4792953412566,24.758923867227,0 79.4792939800814,24.7589258780808,0 79.4792927360507,24.7589279512416,0 79.4792916125758,24.7589300810245,0 79.4792906127374,24.7589322615892,0 79.4792897392773,24.7589344869565,0 79.4792889945908,24.7589367510238,0 79.4792883807197,24.7589390475829,0 79.4792878993474,24.7589413703361,0 79.479287551794,24.7589437129143,0 79.4792873390125,24.7589460688936,0 79.4792872615864,24.7589484318136,0 79.479287319728,24.7589507951948,0 79.4792875132779,24.7589531525565,0 79.4792878417053,24.7589554974344,0 79.4792883041097,24.7589578233985,0 79.479288899223,24.7589601240706,0 79.4792896254135,24.758962393142,0 79.4792904806897,24.7589646243905,0 79.4792914627064,24.7589668116977,0 79.4792925687708,24.7589689490656,0 79.4792937958498,24.7589710306333,0 79.4792951405786,24.7589730506927,0 79.4792965992698,24.7589750037046,0 79.4792981679234,24.7589768843135,0 79.479299842238,24.7589786873625,0 79.4793016176222,24.7589804079073,0 79.4793034892078,24.75898204123,0 79.4793054518626,24.7589835828516,0 79.4793075002046,24.7589850285449,0 79.479309628617,24.7589863743455,0 79.4793118312634,24.758987616563,0 79.4793141021037,24.7589887517912,0 79.479316434911,24.7589897769169,0 79.4793188232883,24.7589906891292,0 79.4793212606863,24.7589914859266,0 79.4793237404214,24.7589921651241,0 79.4793262556936,24.7589927248594,0 79.4793287996058,24.7589931635975,0 79.4793313651821,24.7589934801354,0 79.479332201531,24.7589935428467,0 79.4792716713055,24.7590239122047,0 79.4792715543331,24.7590237204174,0 79.4792701932353,24.759021737942,0 79.4792687214735,24.7590198225262,0 79.4792671430017,24.7590179793157,0 79.4792654620604,24.7590162132621,0 79.4792636831653,24.7590145291098,0 79.4792618110954,24.7590129313833,0 79.4792598508799,24.7590114243749,0 79.4792578077848,24.7590100121329,0 79.4792556872988,24.7590086984514,0 79.4792534951186,24.7590074868594,0 79.4792512371334,24.7590063806119,0 79.479248919409,24.7590053826808,0 79.479246548172,24.7590044957469,0 79.4792441297926,24.7590037221931,0 79.4792416707677,24.7590030640973,0 79.4792391777033,24.7590025232275,0 79.479236657297,24.7590021010368,0 79.4792341163197,24.7590017986593,0 79.4792315615976,24.7590016169074,0 79.4792289999939,24.7590015562693,0 79.4792154888312,24.7590015562703,0 79.4791981995137,24.7589885056252,0 79.479196170695,24.7589870538016,0 79.4791940617662,24.7589857005061,0 79.4791918784598,24.7589844494174,0 79.4791896267108,24.7589833039362,0 79.4791873126402,24.7589822671765,0 79.4791849425383,24.7589813419563,0 79.4791825228476,24.7589805307908,0 79.4791800601457,24.7589798358849,0 79.4791775611269,24.7589792591276,0 79.4791750325844,24.7589788020866,0 79.4791724813914,24.7589784660044,0 79.4791699144828,24.7589782517945,0 79.4791673388363,24.7589781600393,0 79.4791647614532,24.758978190988,0 79.4791621893398,24.7589783445567,0 79.4791596294876,24.7589786203278,0 79.4791570888552,24.7589790175517,0 79.4791545743488,24.7589795351487,0 79.4791520928036,24.7589801717117,0 79.4791496509651,24.7589809255104,0 79.4791472554709,24.7589817944958,0 79.4791449128329,24.7589827763056,0 79.4791448401497,24.7589828110639,0 79.479143978455,24.7589811557709,0</coordinates></LinearRing></innerBoundaryIs><innerBoundaryIs><LinearRing><coordinates>79.4793571142914,24.759121650354,0 79.4793567314151,24.7591239854814,0 79.4793564827712,24.7591263356943,0 79.4793563690398,24.7591286945636,0 79.4793563905322,24.7591310556362,0 79.4793565471894,24.7591334124532,0 79.479356838583,24.7591357585674,0 79.4793572639159,24.7591380875606,0 79.4793578220244,24.7591403930615,0 79.4793585113819,24.7591426687634,0 79.4793593301025,24.7591449084407,0 79.4793602759466,24.7591471059666,0 79.4793613463266,24.7591492553295,0 79.4793625383145,24.7591513506496,0 79.4793638486494,24.7591533861949,0 79.4793652737469,24.759155356397,0 79.4793668097083,24.759157255866,0 79.4793684523319,24.759159079406,0 79.4793701971242,24.7591608220283,0 79.479372039312,24.7591624789658,0 79.4793739738559,24.7591640456858,0 79.4793759954636,24.7591655179024,0 79.479378098605,24.759166891588,0 79.4793802775266,24.759168162985,0 79.4793825262677,24.7591693286152,0 79.4793848386767,24.7591703852899,0 79.4793872084277,24.7591713301185,0 79.4793892612008,24.7591720343286,0 79.4793888382942,24.7591733049711,0 79.4793882176953,24.759175592558,0 79.4793877286834,24.7591779066012,0 79.4793873725914,24.7591802407942,0 79.4793871503896,24.7591825887754,0 79.4793870626837,24.7591849441457,0 79.4793871097127,24.7591873004859,0 79.4793872913485,24.759189651374,0 79.479387607096,24.759191990403,0 79.4793880560947,24.7591943111983,0 79.4793886371209,24.7591966074347,0 79.4793893485912,24.7591988728543,0 79.4793896782985,24.75919982787,0 79.4793890287654,24.7592006845221,0 79.4793876693542,24.7592026949703,0 79.4793864094133,24.7592032776691,0 79.479384154168,24.759204460681,0 79.4793819701775,24.7592057503552,0 79.4793798634862,24.7592071431223,0 79.4793789485929,24.7592078176883,0 79.4793685999586,24.7591852585443,0 79.4793675391152,24.759183105754,0 79.4793663564786,24.7591810065447,0 79.4793650552825,24.7591789666568,0 79.4793636390851,24.7591769916684,0 79.4793621117592,24.75917508698,0 79.4793604774812,24.7591732578003,0 79.4793587407201,24.759171509131,0 79.4793569062251,24.7591698457539,0 79.4793549790127,24.7591682722177,0 79.4793529643528,24.7591667928252,0 79.4793508677548,24.7591654116218,0 79.4793486949517,24.7591641323844,0 79.479346451885,24.7591629586112,0 79.4793441446887,24.7591618935118,0 79.4793417796717,24.7591609399989,0 79.4793393633013,24.7591601006798,0 79.479336902185,24.7591593778496,0 79.4793360738914,24.7591591775435,0 79.4793542804554,24.7591264407195,0 79.4793553771246,24.7591243359268,0 79.4793563533572,24.7591221822527,0 79.4793572065504,24.7591199854387,0 79.4793577079571,24.7591185802608,0 79.4793571142914,24.759121650354,0</coordinates></LinearRing></innerBoundaryIs><innerBoundaryIs><LinearRing><coordinates>79.4795939378597,24.7591890863739,0 79.4795964009714,24.7591882805449,0 79.4795988139461,24.7591873568565,0 79.4796011700253,24.7591863178959,0 79.4796034626102,24.759185166573,0 79.4796056852798,24.7591839061123,0 79.4796078318086,24.7591825400443,0 79.4796098961848,24.7591810721949,0 79.4796118726264,24.7591795066754,0 79.4796137555978,24.7591778478705,0 79.4796155398252,24.7591761004261,0 79.4796170234084,24.7591744837974,0 79.4796176029432,24.7591748074068,0 79.4796198423241,24.7591759173554,0 79.4796221413582,24.7591769204769,0 79.4796244939386,24.7591778141066,0 79.4796268938164,24.759178595871,0 79.4796293346168,24.7591792636933,0 79.4796318098564,24.7591798157997,0 79.4796343129605,24.7591802507238,0 79.4796368372802,24.7591805673101,0 79.4796391185668,24.7591807446924,0 79.4796478302943,24.7592004267607,0 79.4796325308829,24.7592093294339,0 79.4796303919172,24.7592106469905,0 79.4796283311424,24.7592120646497,0 79.4796263541714,24.7592135785503,0 79.4796244663889,24.7592151845691,0 79.4796226729365,24.7592168783317,0 79.4796209786989,24.759218655225,0 79.4796193882907,24.7592205104092,0 79.4796179060437,24.7592224388316,0 79.4796165359949,24.7592244352396,0 79.4796152818759,24.7592264941959,0 79.4796148180147,24.7592273591106,0 79.4796143263556,24.7592269794769,0 79.4796122709806,24.7592255535371,0 79.4796101368998,24.7592242274999,0 79.4796079299311,24.7592230049802,0 79.4796056560909,24.7592218893109,0 79.4796033215781,24.7592208835334,0 79.4796009327566,24.7592199903895,0 79.4795984961388,24.759219212314,0 79.4795960183671,24.7592185514281,0 79.4795957950696,24.7592185032611,0 79.479595893576,24.7592177913821,0 79.4795960828892,24.7592154476467,0 79.479596138372,24.7592130980911,0 79.4795960598739,24.7592107490827,0 79.4795958476079,24.7592084069874,0 79.4795935532263,24.7591891916058,0 79.4795939378597,24.7591890863739,0</coordinates></LinearRing></innerBoundaryIs><innerBoundaryIs><LinearRing><coordinates>79.4800744353582,24.7590265562554,0 79.4800744824957,24.7590263313702,0 79.4800748337295,24.7590240073441,0 79.4800750522668,24.7590216697946,0 79.4800750728081,24.7590211048192,0 79.4800780313746,24.7590265562551,0 79.4800744353582,24.7590265562554,0</coordinates></LinearRing></innerBoundaryIs><innerBoundaryIs><LinearRing><coordinates>79.479712204593,24.7586578122591,0 79.4797121639243,24.7586601607259,0 79.4797122570772,24.7586625079455,0 79.4797124837995,24.7586648475641,0 79.4797128434776,24.7586671732484,0 79.4797133351378,24.758669478703,0 79.4797139574493,24.758671757687,0 79.4797147087274,24.7586740040313,0 79.4797155869384,24.7586762116552,0 79.4797165846941,24.758678363774,0 79.4797106360172,24.7586753452631,0 79.4797111923475,24.758656668205,0 79.4797122727641,24.7586568961627,0 79.479712204593,24.7586578122591,0</coordinates></LinearRing></innerBoundaryIs><innerBoundaryIs><LinearRing><coordinates>79.4788641673014,24.7583765812009,0 79.478861607934,24.7583763200905,0 79.4788590371485,24.758376181031,0 79.4788564619207,24.7583761643996,0 79.4788538892384,24.7583762702414,0 79.4788513260823,24.7583764982692,0 79.4788487794075,24.7583768478643,0 79.4788462561242,24.758377318078,0 79.4788437630793,24.7583779076346,0 79.4788413070374,24.7583786149342,0 79.478838894663,24.7583794380576,0 79.4788365325019,24.7583803747713,0 79.4788342269636,24.7583814225336,0 79.4788319843043,24.7583825785015,0 79.4788298106091,24.7583838395382,0 79.4788277117763,24.7583852022221,0 79.4788273266824,24.7583854809159,0 79.4788258220973,24.7583815126864,0 79.4788260451827,24.758380183255,0 79.4788263010483,24.7583778642232,0 79.4788264254941,24.7583755362236,0 79.4788264181884,24.7583732054618,0 79.4788262791507,24.7583708781508,0 79.4788251594024,24.75835817486,0 79.4788272568748,24.7583582419143,0 79.4788298302657,24.7583582017996,0 79.4788323978831,24.7583580394482,0 79.4788349527681,24.7583577553003,0 79.4788374879963,24.7583573501258,0 79.4788399966968,24.758356825023,0 79.4788424720702,24.758356181415,0 79.4788449074078,24.7583554210461,0 79.4788472961092,24.7583545459771,0 79.4788496317004,24.7583535585797,0 79.4788519078515,24.7583524615299,0 79.4788541183936,24.758351257801,0 79.4788562573354,24.7583499506554,0 79.47885831888,24.7583485436357,0 79.4788602974402,24.7583470405554,0 79.4788621876535,24.7583454454881,0 79.478863984397,24.7583437627568,0 79.4788656828011,24.7583419969222,0 79.4788672782628,24.7583401527701,0 79.4788687664579,24.7583382352986,0 79.4788701433531,24.7583362497045,0 79.4788701640345,24.758336216133,0 79.4788666992106,24.7583769622844,0 79.4788641673014,24.7583765812009,0</coordinates></LinearRing></innerBoundaryIs><innerBoundaryIs><LinearRing><coordinates>79.4788806269655,24.7582691480802,0 79.4788961171006,24.7582108682862,0 79.4788965654567,24.7582114206857,0 79.4788982138396,24.7582132437303,0 79.4788999644796,24.7582149854771,0 79.4789018125756,24.7582166411495,0 79.4789037530592,24.7582182062068,0 79.4789057806087,24.7582196763567,0 79.4789078896634,24.7582210475675,0 79.4789100744394,24.7582223160786,0 79.4789123289449,24.7582234784111,0 79.4789146469969,24.7582245313772,0 79.4789170222382,24.7582254720893,0 79.4789194481546,24.7582262979675,0 79.4789219180932,24.7582270067467,0 79.4789244252801,24.7582275964832,0 79.4789269628394,24.7582280655597,0 79.4789295238118,24.7582284126895,0 79.478932101174,24.7582286369209,0 79.4789346878573,24.7582287376387,0 79.478937276768,24.7582287145669,0 79.4789398608059,24.7582285677686,0 79.4789424328843,24.7582282976464,0 79.4789449859493,24.7582279049413,0 79.4789475129991,24.7582273907301,0 79.4789500071034,24.758226756423,0 79.4789524614219,24.7582260037598,0 79.4789548692239,24.7582251348045,0 79.4789572239058,24.7582241519402,0 79.47895951901,24.7582230578625,0 79.4789755742939,24.7582149088545,0 79.4789755950958,24.7582166630091,0 79.478975756696,24.7582190072198,0 79.4789760516062,24.7582213405822,0 79.4789764790282,24.7582236567796,0 79.4789770378048,24.7582259495417,0 79.4789777264233,24.7582282126614,0 79.4789785430195,24.7582304400123,0 79.4789794853828,24.7582326255644,0 79.4789805509621,24.758234763401,0 79.4789817368725,24.7582368477348,0 79.4789830399038,24.758238872923,0 79.4789844565283,24.7582408334831,0 79.478985982911,24.7582427241076,0 79.4789876149197,24.7582445396781,0 79.4789893481364,24.7582462752796,0 79.4789911778688,24.7582479262136,0 79.4789930991636,24.7582494880107,0 79.4789951068195,24.7582509564427,0 79.4789971954015,24.7582523275345,0 79.4789993592554,24.7582535975743,0 79.4790009934177,24.7582544504487,0 79.4789997944223,24.7582555617558,0 79.4789980931497,24.7582573113369,0 79.4789964934335,24.7582591390557,0 79.4789949995708,24.7582610400026,0 79.4789936155743,24.7582630090714,0 79.4789923451619,24.7582650409726,0 79.4789911917461,24.7582671302483,0 79.4789901584251,24.7582692712862,0 79.4789892479747,24.7582714583351,0 79.4789884628405,24.7582736855202,0 79.4789878051315,24.7582759468589,0 79.4789872766145,24.7582782362767,0 79.4789868787092,24.7582805476239,0 79.4789866124845,24.7582828746916,0 79.4789864786554,24.7582852112291,0 79.4789864775815,24.7582875509598,0 79.4789866092657,24.7582898875988,0 79.4789868733542,24.7582922148696,0 79.4789872691377,24.7582945265204,0 79.4789877771713,24.7582967363843,0 79.478947035329,24.7582745346219,0 79.4789447907457,24.7582733827594,0 79.4789424835325,24.758272339166,0 79.4789401199474,24.7582714066721,0 79.4789377064013,24.758270587807,0 79.4789352494404,24.7582698847919,0 79.4789327557289,24.7582692995334,0 79.4789302320306,24.758268833619,0 79.4789276851906,24.7582684883124,0 79.4789251221167,24.7582682645503,0 79.4789225497609,24.7582681629394,0 79.4789199751002,24.7582681837555,0 79.4789174051181,24.758268326942,0 79.4789148467851,24.7582685921106,0 79.4789123070404,24.7582689785421,0 79.4789097927725,24.7582694851884,0 79.478907310801,24.7582701106751,0 79.4789048678578,24.7582708533059,0 79.4789024705691,24.7582717110664,0 79.478900125437,24.7582726816302,0 79.4788978388224,24.7582737623646,0 79.4788956169273,24.7582749503385,0 79.4788934657782,24.7582762423295,0 79.4788913912098,24.7582776348335,0 79.4788893988491,24.7582791240734,0 79.4788874940999,24.75828070601,0 79.4788856821286,24.7582823763525,0 79.4788839678499,24.7582841305704,0 79.4788823559134,24.7582859639056,0 79.4788808506914,24.7582878713855,0 79.4788794562664,24.7582898478364,0 79.4788789831601,24.7582906019631,0 79.4788806269655,24.7582691480802,0</coordinates></LinearRing></innerBoundaryIs><innerBoundaryIs><LinearRing><coordinates>79.4789975335896,24.7580608108798,0 79.478998954056,24.758058562165,0 79.4790051203222,24.7580629101738,0 79.4790414879355,24.7580918609692,0 79.4790296711891,24.7580901887871,0 79.4790270830456,24.7580898861656,0 79.4790244810216,24.7580897086538,0 79.4790218723652,24.7580896567461,0 79.4790192643429,24.7580897305872,0 79.4790166642195,24.7580899299714,0 79.4790140792376,24.7580902543431,0 79.479011516598,24.758090702799,0 79.479008983439,24.7580912740898,0 79.4790064868167,24.7580919666242,0 79.4790040336857,24.758092778473,0 79.4790016308793,24.7580937073748,0 79.4790002684972,24.7580943133395,0 79.4789975335896,24.7580608108798,0</coordinates></LinearRing></innerBoundaryIs><innerBoundaryIs><LinearRing><coordinates>79.4787645760037,24.7589972472383,0 79.4787772273033,24.7590223907216,0 79.4787578865401,24.7590263493553,0 79.4787553633334,24.7590269298795,0 79.478752877071,24.7590276308219,0 79.4787504346403,24.759028450241,0 79.4787480428073,24.7590293858668,0 79.4787457081975,24.7590304351075,0 79.4787434372782,24.7590315950566,0 79.4787412363401,24.7590328625008,0 79.4787391114801,24.7590342339291,0 79.4787370685845,24.7590357055426,0 79.4787351133123,24.7590372732645,0 79.4787332510798,24.7590389327522,0 79.4787314870458,24.7590406794085,0 79.4787298260969,24.7590425083951,0 79.4787282728341,24.7590444146454,0 79.4787268315601,24.7590463928787,0 79.4787255062676,24.7590484376152,0 79.4787243006277,24.7590505431905,0 79.4787232179803,24.7590527037721,0 79.4787222613245,24.7590549133746,0 79.4787214333103,24.7590571658774,0 79.4787207362314,24.7590594550405,0 79.4787201720189,24.7590617745228,0 79.4787197422357,24.7590641178988,0 79.4787194480724,24.7590664786772,0 79.4787192903439,24.7590688503182,0 79.4787192694871,24.759071226252,0 79.4787192758445,24.759071356259,0 79.4787183023489,24.7590703610724,0 79.4787164913455,24.7590686930989,0 79.4787145877859,24.7590671133925,0 79.4787125968233,24.7590656262295,0 79.4787105238469,24.7590642356355,0 79.4787083744685,24.7590629453751,0 79.4787061545064,24.7590617589408,0 79.4787038699701,24.7590606795444,0 79.4787015270438,24.7590597101078,0 79.4786991320698,24.7590588532553,0 79.4786966915314,24.7590581113063,0 79.478694212035,24.7590574862694,0 79.4786917002927,24.7590569798365,0 79.4786891631038,24.7590565933786,0 79.4786866073364,24.7590563279417,0 79.4786841250703,24.7590561890108,0 79.4786835353639,24.7590548185289,0 79.4786824876379,24.7590527086028,0 79.4786813227514,24.759050650535,0 79.478680043772,24.7590486497457,0 79.478678654068,24.7590467115041,0 79.4786771572994,24.7590448409145,0 79.4786755574079,24.7590430429033,0 79.4786738586069,24.7590413222056,0 79.4786720653704,24.759039683353,0 79.4786701824209,24.7590381306616,0 79.478657678472,24.7590283398367,0 79.4786594690323,24.7590272156312,0 79.4786615247248,24.759025774458,0 79.4786634948837,24.7590242368969,0 79.4786653740947,24.7590226071733,0 79.4786671571936,24.7590208897658,0 79.4786688392802,24.7590190893941,0 79.478670415732,24.7590172110056,0 79.4786718822168,24.7590152597624,0 79.4786732347045,24.7590132410267,0 79.4786744694784,24.7590111603462,0 79.4786755831452,24.7590090234387,0 79.4786765726445,24.7590068361768,0 79.4786774352571,24.7590046045711,0 79.4786781686123,24.7590023347544,0 79.4786787706949,24.7590000329644,0 79.4786792398503,24.7589977055264,0 79.4786795747893,24.7589953588367,0 79.4786797745913,24.7589929993441,0 79.4786798387073,24.7589906335327,0 79.4786797669612,24.758988267904,0 79.4786795595501,24.7589859089589,0 79.478679217044,24.75898356318,0 79.4786787403842,24.7589812370139,0 79.4786781308805,24.7589789368529,0 79.4786773902079,24.7589766690181,0 79.4786765204019,24.7589744397419,0 79.4786755238529,24.7589722551503,0 79.4786744032993,24.7589701212469,0 79.4786731618206,24.7589680438958,0 79.4786718028286,24.7589660288059,0 79.4786703300578,24.7589640815146,0 79.4786687475555,24.7589622073735,0 79.4786670596707,24.7589604115327,0 79.4786652710418,24.7589586989274,0 79.4786633865841,24.7589570742641,0 79.4786614114762,24.7589555420074,0 79.478659351146,24.7589541063681,0 79.4786572112555,24.7589527712914,0 79.4786549976852,24.7589515404464,0 79.4786527165182,24.7589504172154,0 79.4786503740234,24.7589494046853,0 79.4786479766383,24.7589485056385,0 79.4786455309509,24.7589477225457,0 79.4786430436823,24.7589470575588,0 79.4786405216678,24.7589465125054,0 79.4786198472556,24.758942563882,0 79.47862048932,24.7589405635479,0 79.478621084398,24.758938273442,0 79.4786215479509,24.7589359581277,0 79.4786218787186,24.758933623899,0 79.4786219444076,24.758932841698,0 79.4786230326009,24.7589319162342,0 79.4786248356112,24.7589302130428,0 79.4786265382978,24.7589284258353,0 79.4786281359726,24.7589265595327,0 79.4786296242364,24.7589246192738,0 79.4786309989913,24.758922610401,0 79.4786322564521,24.7589205384456,0 79.4786333931563,24.7589184091126,0 79.4786344059742,24.7589162282651,0 79.4786349800082,24.7589147860541,0 79.4786354621402,24.7589146295379,0 79.4786378279474,24.7589137329465,0 79.4786401397232,24.7589127256698,0 79.478642391262,24.7589116104115,0 79.4786445765197,24.7589103901655,0 79.4786466896301,24.7589090682074,0 79.478648724921,24.7589076480859,0 79.4786506769288,24.7589061336132,0 79.4786525404135,24.7589045288546,0 79.4786543103728,24.758902838118,0 79.4786559820554,24.758901065942,0 79.4786575509739,24.7588992170838,0 79.4786590129167,24.7588972965064,0 79.4786603639594,24.7588953093655,0 79.4786616004752,24.7588932609954,0 79.4786627191449,24.7588911568946,0 79.4786637169654,24.7588890027113,0 79.4786645912584,24.7588868042284,0 79.4786653396768,24.7588845673473,0 79.4786659602115,24.7588822980727,0 79.4786664511969,24.7588800024963,0 79.478666811315,24.7588776867802,0 79.478667039599,24.7588753571408,0 79.4786671354362,24.7588730198318,0 79.4786670985693,24.7588706811273,0 79.4786669290972,24.7588683473054,0 79.478666627475,24.7588660246311,0 79.4786661945123,24.7588637193391,0 79.4786656313713,24.7588614376179,0 79.4786649395637,24.7588591855925,0 79.4786641209467,24.7588569693082,0 79.4786631777177,24.7588547947144,0 79.4786621124087,24.7588526676486,0 79.4786609278795,24.7588505938205,0 79.4786561295508,24.7588426989022,0 79.4786563062449,24.758842677417,0 79.4786588501152,24.7588422433475,0 79.4786613656253,24.758841688322,0 79.4786638458827,24.7588410138612,0 79.4786662840911,24.7588402218132,0 79.4786686735697,24.7588393143482,0 79.4786710077713,24.7588382939528,0 79.4786732802998,24.758837163423,0 79.4786754849283,24.7588359258564,0 79.4786772783858,24.7588347969219,0 79.4786774489895,24.7588349545849,0 79.4786793510257,24.7588365382899,0 79.4786813407551,24.7588380294512,0 79.4786834127838,24.7588394240265,0 79.4786855614949,24.7588407182352,0 79.4786877810635,24.7588419085692,0 79.4786900654728,24.7588429918014,0 79.47869240853,24.7588439649954,0 79.4786948038835,24.758844825513,0 79.4786972450399,24.7588455710215,0 79.4786997253814,24.7588461995,0 79.478724793544,24.7588519139654,0 79.4787191321693,24.7588605874761,0 79.4787178597675,24.7588626588854,0 79.47871670843,24.7588647885324,0 79.4787156813434,24.7588669705227,0 79.4787147813506,24.7588691988168,0 79.4787140109425,24.7588714672474,0 79.4787133722515,24.7588737695358,0 79.4787128670454,24.7588760993098,0 79.4787124967225,24.758878450121,0 79.4787122623077,24.7588808154629,0 79.47871216445,24.7588831887887,0 79.4787122034201,24.7588855635294,0 79.4787123791101,24.7588879331122,0 79.4787126910339,24.7588902909787,0 79.4787131383282,24.7588926306026,0 79.4787137197548,24.7588949455084,0 79.4787144337045,24.7588972292889,0 79.4787152782012,24.758899475623,0 79.4787162509076,24.7589016782932,0 79.4787165604579,24.7589022851221,0 79.4786889195612,24.7589382839339,0 79.4786874809453,24.7589402666905,0 79.4786861586883,24.7589423158812,0 79.4786849564606,24.758944425818,0 79.4786838775993,24.7589465906439,0 79.4786829250992,24.75894880435,0 79.478682101604,24.7589510607913,0 79.4786814093999,24.7589533537045,0 79.4786808504081,24.7589556767249,0 79.4786804261803,24.7589580234043,0 79.4786801378942,24.7589603872286,0 79.4786799863499,24.7589627616365,0 79.4786799719681,24.758965140037,0 79.4786800947887,24.7589675158282,0 79.4786803544709,24.7589698824153,0 79.4786807502937,24.7589722332292,0 79.4786812811585,24.7589745617444,0 79.4786819455918,24.7589768614975,0 79.4786827417491,24.7589791261049,0 79.4786836674205,24.7589813492803,0 79.4786847200366,24.7589835248527,0 79.4786858966755,24.7589856467832,0 79.4786871940711,24.7589877091816,0 79.478688608622,24.7589897063233,0 79.4786901364018,24.7589916326644,0 79.4786917731696,24.7589934828579,0 79.4786935143822,24.7589952517679,0 79.4786953552062,24.7589969344844,0 79.4786972905318,24.7589985263365,0 79.4786993149871,24.7590000229054,0 79.4787014229525,24.7590014200369,0 79.4787036085768,24.759002713853,0 79.4787058657929,24.7590039007623,0 79.4787081883355,24.75900497747,0 79.4787105697575,24.7590059409876,0 79.4787130034485,24.7590067886404,0 79.4787154826532,24.7590075180755,0 79.4787180004898,24.7590081272681,0 79.4787205499691,24.7590086145274,0 79.4787231240145,24.7590089785006,0 79.4787257154807,24.7590092181776,0 79.4787283171745,24.7590093328929,0 79.4787309218739,24.7590093223282,0 79.478733522349,24.7590091865128,0 79.4787361113812,24.7590089258238,0 79.478738681784,24.7590085409846,0 79.4787412264223,24.7590080330636,0 79.4787437382328,24.7590074034706,0 79.4787462102431,24.7590066539533,0 79.4787486355915,24.7590057865922,0 79.4787510075456,24.759004803795,0 79.4787533195214,24.7590037082895,0 79.4787555651013,24.7590025031169,0 79.478757738052,24.7590011916223,0 79.4787644232229,24.758996921515,0 79.4787645760037,24.7589972472383,0</coordinates></LinearRing></innerBoundaryIs><innerBoundaryIs><LinearRing><coordinates>79.4784905912006,24.7590699640463,0 79.4784886434936,24.759071410381,0 79.4784867787033,24.7590729451327,0 79.4784850016379,24.7590745643438,0 79.4784833168797,24.7590762638393,0 79.4784772575316,24.7590826972195,0 79.4784761414838,24.7590827965372,0 79.4784736281992,24.7590831400006,0 79.4784711375631,24.7590836009367,0 79.4784686761564,24.7590841781276,0 79.4784662504824,24.7590848700484,0 79.4784622365332,24.759086119288,0 79.4784602738538,24.7590850279638,0 79.4784579433676,24.7590838834887,0 79.478455549159,24.7590828545117,0 79.4784530980869,24.7590819439804,0 79.4784505971732,24.7590811545034,0 79.4784480535823,24.7590804883423,0 79.4784454746012,24.7590799474056,0 79.478442867618,24.7590795332429,0 79.4784402401012,24.7590792470407,0 79.4784212401078,24.7590776470416,0 79.4784206303887,24.7590776088793,0 79.4784211167235,24.759062748466,0 79.4784211261695,24.7590603802739,0 79.4784209995956,24.759058014888,0 79.4784207373503,24.7590556588179,0 79.4784203401554,24.7590533185475,0 79.4784198091038,24.7590510005171,0 79.478419145657,24.7590487111058,0 79.4784183710527,24.7590465117313,0 79.4784193919195,24.7590467278357,0 79.4784219253519,24.7590471386476,0 79.4784244787603,24.7590474285448,0 79.4784270452282,24.7590475967422,0 79.4784296178037,24.7590476427841,0 79.4784321895183,24.7590475665458,0 79.478434753406,24.7590473682339,0 79.4784373025218,24.7590470483854,0 79.4784398299608,24.7590466078669,0 79.4784423288769,24.7590460478714,0 79.4784447925011,24.759045369916,0 79.47844721416,24.7590445758371,0 79.4784495872941,24.7590436677855,0 79.478451905475,24.759042648221,0 79.4784541624235,24.7590415199053,0 79.4784563520261,24.7590402858947,0 79.4784584683517,24.7590389495319,0 79.4784587916323,24.7590387218115,0 79.4784595399465,24.7590397058386,0 79.4784611174113,24.7590415653893,0 79.4784627988076,24.7590433473894,0 79.4784805988061,24.7590612473936,0 79.4784824006751,24.7590629661138,0 79.4784842992109,24.7590645957597,0 79.4784862891398,24.7590661318042,0 79.4784883649341,24.7590675699804,0 79.4784905208276,24.7590689062935,0 79.4784914260777,24.7590694059004,0 79.4784905912006,24.7590699640463,0</coordinates></LinearRing></innerBoundaryIs><innerBoundaryIs><LinearRing><coordinates>79.4781125256921,24.7595916615454,0 79.4781124733407,24.7595908076219,0 79.4781121970731,24.7595884775374,0 79.4781117887429,24.7595861636854,0 79.4781112494507,24.7595838723024,0 79.478111216343,24.75958376029,0 79.4781118838115,24.7595840961209,0 79.4781142159616,24.7595851279478,0 79.4781166041199,24.7595860467697,0 79.4781190417245,24.759586850062,0 79.4781215220777,24.7595875356175,0 79.4781229454499,24.7595878557465,0 79.4781125256921,24.7595916615454,0</coordinates></LinearRing></innerBoundaryIs><innerBoundaryIs><LinearRing><coordinates>79.4778875092964,24.7597057678993,0 79.477889077197,24.7597076206046,0 79.4778907481885,24.7597093965877,0 79.4778925177756,24.7597110910711,0 79.4778943811982,24.7597126994965,0 79.4778963334434,24.7597142175371,0 79.4778983692597,24.7597156411094,0 79.4778997354872,24.7597164976386,0 79.4778978107936,24.7597192777496,0 79.4778964755787,24.7597213239924,0 79.4778962045587,24.7597217940787,0 79.4778955320491,24.7597218328323,0 79.4778930330691,24.7597220938815,0 79.4778905518636,24.7597224706484,0 79.4778880948548,24.7597229621576,0 79.4778856684025,24.759723567137,0 79.4778832787873,24.7597242840206,0 79.4778809321945,24.7597251109529,0 79.4778786346981,24.7597260457933,0 79.477876392245,24.7597270861222,0 79.4778742106394,24.7597282292468,0 79.4778720955283,24.7597294722082,0 79.4778700523864,24.759730811789,0 79.4778680865022,24.759732244522,0 79.4778581893891,24.7597398417849,0 79.4778476450895,24.7597312487456,0 79.4778437624334,24.759722441752,0 79.4778427170831,24.7597202412337,0 79.4778415452084,24.7597180945209,0 79.4778402998851,24.7597160878663,0 79.4778469257536,24.7597166500611,0 79.4778495317653,24.7597168079136,0 79.4778521432699,24.7597168398814,0 79.4778547529792,24.7597167458754,0 79.4778573536104,24.759716526158,0 79.4778599379056,24.7597161813423,0 79.4778624986527,24.7597157123906,0 79.4778650287055,24.7597151206117,0 79.477867521003,24.7597144076569,0 79.4778699685901,24.7597135755161,0 79.477872364636,24.7597126265115,0 79.4778747024541,24.7597115632915,0 79.47787697552,24.7597103888233,0 79.4778791774903,24.7597091063846,0 79.4778813022198,24.7597077195542,0 79.4778833437788,24.7597062322026,0 79.4778852964701,24.7597046484805,0 79.4778861058153,24.7597039187039,0 79.4778875092964,24.7597057678993,0</coordinates></LinearRing></innerBoundaryIs><innerBoundaryIs><LinearRing><coordinates>79.477753436442,24.7600300791908,0 79.4777640737837,24.7600200950183,0 79.4777650762601,24.7600198826003,0 79.4777676490723,24.7600192014328,0 79.477770177703,24.7600183940201,0 79.4777726547284,24.7600174627327,0 79.4777750728764,24.7600164103049,0 79.4777774250478,24.7600152398262,0 79.4777797043368,24.7600139547331,0 79.477781904052,24.7600125587984,0 79.4777840177353,24.7600110561202,0 79.4777860391813,24.7600094511103,0 79.4777879624554,24.7600077484807,0 79.4777897819111,24.7600059532299,0 79.4777950259828,24.7600004891282,0 79.4777957820668,24.7600004669282,0 79.4777983615471,24.7600002673958,0 79.4778009260531,24.7599999448481,0 79.4778034685536,24.7599995001695,0 79.4778059820778,24.7599989345791,0 79.4778084597341,24.7599982496277,0 79.4778108947295,24.7599974471932,0 79.4778132803877,24.7599965294757,0 79.477815610168,24.7599954989914,0 79.4778178776825,24.7599943585656,0 79.4778200767144,24.759993111325,0 79.4778222012344,24.7599917606894,0 79.4778242454177,24.7599903103617,0 79.4778256498389,24.759989201563,0 79.4778414130651,24.7600076600623,0 79.4778430529844,24.760009480317,0 79.477844794715,24.7600112199332,0 79.4778466335089,24.7600128741683,0 79.4778485643534,24.7600144385129,0 79.4778505819848,24.7600159087024,0 79.4778526809029,24.7600172807288,0 79.4778548553858,24.7600185508521,0 79.4778570995057,24.7600197156096,0 79.477859407145,24.7600207718261,0 79.4778617720126,24.7600217166223,0 79.477864187662,24.7600225474226,0 79.4778666475076,24.7600232619622,0 79.4778691448438,24.760023858293,0 79.4778716728627,24.7600243347896,0 79.4778742246725,24.7600246901529,0 79.4778767933169,24.7600249234141,0 79.4778793717934,24.7600250339375,0 79.4778819530729,24.7600250214216,0 79.4778845301186,24.7600248859006,0 79.4778870959052,24.7600246277439,0 79.4778896434381,24.7600242476553,0 79.4778921657726,24.7600237466709,0 79.4778946560325,24.7600231261566,0 79.4778971074291,24.7600223878038,0 79.4778995132797,24.7600215336254,0 79.4779018670258,24.7600205659499,0 79.4779041622507,24.7600194874153,0 79.4779063926976,24.7600183009619,0 79.4779085522859,24.7600170098239,0 79.4779106351285,24.7600156175212,0 79.4779126355474,24.7600141278492,0 79.4779145480891,24.7600125448691,0 79.47791636754,24.760010872896,0 79.4779180889401,24.7600091164881,0 79.4779197075967,24.7600072804334,0 79.4779212190972,24.7600053697371,0 79.477922619321,24.760003389608,0 79.4779239044511,24.7600013454441,0 79.4779250709841,24.7599992428181,0 79.4779261157399,24.7599970874617,0 79.4779270358704,24.7599948852508,0 79.4779278288672,24.7599926421888,0 79.4779279063646,24.7599923762207,0 79.4779280349113,24.7599927147155,0 79.4779290227098,24.7599949293489,0 79.4779301375489,24.7599970931144,0 79.4779313763005,24.7599991999407,0 79.477932735489,24.7600012439166,0 79.4779342113006,24.7600032193069,0 79.4779357995946,24.760005120569,0 79.4779374959144,24.7600069423682,0 79.4779392955004,24.760008679593,0 79.4779411933034,24.760010327369,0 79.4779431839982,24.7600118810727,0 79.4779452619995,24.7600133363447,0 79.4779474214767,24.7600146891018,0 79.4779496563706,24.7600159355483,0 79.4779519604105,24.760017072187,0 79.4779543271317,24.7600180958285,0 79.4779567498935,24.7600190036008,0 79.477959221898,24.7600197929568,0 79.4779617362092,24.7600204616816,0 79.4780138362256,24.7600329616867,0 79.4780163537355,24.760033501839,0 79.4780188987336,24.7600339210483,0 79.4780214642562,24.7600342181677,0 79.4780240432839,24.7600343923841,0 79.4780266287598,24.7600344432208,0 79.4780292136099,24.7600343705388,0 79.4780317907615,24.760034174537,0 79.4780343531631,24.7600338557516,0 79.4780368938036,24.7600334150548,0 79.4780394057315,24.7600328536526,0 79.4780418820737,24.7600321730809,0 79.4780443160546,24.7600313752019,0 79.4780467010144,24.7600304621987,0 79.4780490304275,24.7600294365696,0 79.4780512979202,24.7600283011206,0 79.4780534972884,24.7600270589587,0 79.4780556225142,24.7600257134824,0 79.4780576677828,24.7600242683734,0 79.4780596274979,24.7600227275856,0 79.4780614962975,24.7600210953348,0 79.4780632690681,24.7600193760872,0 79.4780649409594,24.7600175745468,0 79.4780665073967,24.7600156956429,0 79.478067964094,24.7600137445166,0 79.4780693070656,24.7600117265064,0 79.4780705326369,24.7600096471339,0 79.4780716374546,24.7600075120885,0 79.4780726184956,24.7600053272121,0 79.4780734730759,24.7600030984828,0 79.478074198857,24.7600008319988,0 79.4780747938531,24.7599985339616,0 79.4780752564363,24.7599962106588,0 79.4780755853409,24.7599938684475,0 79.4780757796669,24.7599915137362,0 79.4780758388826,24.7599891529678,0 79.4780757628262,24.7599867926017,0 79.4780755517054,24.7599844390963,0 79.4780752060983,24.759982098891,0 79.4780747269502,24.7599797783891,0 79.4780741155724,24.7599774839398,0 79.4780733736375,24.7599752218211,0 79.4780725031757,24.7599729982224,0 79.4780715065686,24.7599708192278,0 79.4780703865433,24.7599686907994,0 79.4780691461641,24.759966618761,0 79.478067788825,24.7599646087818,0 79.4780663182399,24.7599626663616,0 79.4780647384325,24.7599607968151,0 79.4780630537254,24.7599590052576,0 79.4780612687282,24.759957296591,0 79.478059388325,24.7599556754907,0 79.4780574176608,24.7599541463921,0 79.4780553621277,24.759952713479,0 79.4780532273498,24.7599513806722,0 79.4780510191684,24.7599501516184,0 79.4780487436252,24.7599490296805,0 79.478034815093,24.75994258611,0 79.4780356177389,24.759938374816,0 79.4780497564798,24.7599260375322,0 79.4780518336874,24.7599241131391,0 79.4780537810891,24.7599220787175,0 79.4780561720632,24.7599194246216,0 79.4780613211878,24.7599202929647,0 79.4780639054776,24.759920664504,0 79.4780665076728,24.7599209106975,0 79.4780691204869,24.7599210308558,0 79.4780717366038,24.7599210246425,0 79.478073715562,24.7599209242075,0 79.4780740675533,24.7599215811094,0 79.4780753069099,24.7599236200561,0 79.4780766599203,24.7599255978438,0 79.4780781229742,24.759927509195,0 79.4780796921677,24.7599293490097,0 79.4780813633135,24.7599311123784,0 79.4780831319525,24.7599327945959,0 79.4780849933653,24.7599343911735,0 79.4780852376641,24.7599345800078,0 79.4780876644116,24.7599436803239,0 79.4780883501279,24.759945984794,0 79.4780891683393,24.7599482529299,0 79.4780901167563,24.7599504783849,0 79.478091192725,24.7599526549316,0 79.4780923932347,24.7599547764795,0 79.4780937149261,24.7599568370923,0 79.4780951541008,24.7599588310037,0 79.4780967067316,24.7599607526345,0 79.4780983684741,24.7599625966075,0 79.4781001346783,24.7599643577627,0 79.4781020004019,24.7599660311723,0 79.4781039604243,24.7599676121535,0 79.4781060092609,24.7599690962825,0 79.4781081411787,24.7599704794063,0 79.478110350212,24.7599717576547,0 79.4781126301795,24.7599729274508,0 79.4781149747014,24.7599739855214,0 79.4781519747104,24.7599895855269,0 79.4781546759588,24.7599906367305,0 79.4781574407875,24.7599915396487,0 79.4781601407883,24.759992339649,0 79.4781625961161,24.7599930034915,0 79.4781650857932,24.7599935503582,0 79.4781676031404,24.7599939787819,0 79.4781701414045,24.7599942876134,0 79.478170319733,24.7599943007772,0 79.4781832678862,24.7599992359339,0 79.4781870863883,24.7600007980485,0 79.4781894461356,24.7600016972391,0 79.4781918536409,24.7600024838225,0 79.478194302464,24.7600031556948,0 79.4781967860547,24.7600037110587,0 79.4781992977695,24.7600041484287,0 79.4782018308897,24.7600044666348,0 79.4782043786393,24.7600046648258,0 79.4782069342035,24.7600047424717,0 79.4782094907461,24.7600046993646,0 79.4782120414286,24.76000453562,0 79.4782145794281,24.7600042516758,0 79.4782170979556,24.7600038482915,0 79.4782195902744,24.7600033265462,0 79.4782220497174,24.7600026878355,0 79.4782244697061,24.7600019338679,0 79.4782614425281,24.7599894309821,0 79.4782797391125,24.7599866615251,0 79.4783173728034,24.7600062964938,0 79.4783196322533,24.7600074053544,0 79.4783219516474,24.7600084057139,0 79.4783243247421,24.7600092948795,0 79.4783267451489,24.7600100704575,0 79.4783292063524,24.7600107303601,0 79.4783317017268,24.7600112728108,0 79.4783342245547,24.7600116963493,0 79.4783367680448,24.7600119998356,0 79.47833932535,24.7600121824526,0 79.4783418895861,24.7600122437087,0 79.4783444538502,24.760012183439,0 79.4783470112394,24.7600120018058,0 79.4783495548693,24.7600116992981,0 79.4783520778925,24.7600112767301,0 79.478354573517,24.7600107352394,0 79.4783570350247,24.7600100762837,0 79.4783594557892,24.7600093016369,0 79.478361829294,24.7600084133843,0 79.4783641491495,24.760007413917,0 79.4783664091108,24.7600063059257,0 79.4783686030942,24.760005092393,0 79.4783707251934,24.7600037765857,0 79.4783727696959,24.7600023620459,0 79.4783747310978,24.7600008525816,0 79.4783766041192,24.7599992522561,0 79.4783783837179,24.7599975653776,0 79.4783800651033,24.759995796487,0 79.4783816437491,24.7599939503461,0 79.4783831154057,24.7599920319249,0 79.4783844761113,24.7599900463875,0 79.4783857222031,24.759987999079,0 79.4783868503265,24.7599858955107,0 79.4783878574447,24.7599837413453,0 79.4783887408466,24.7599815423819,0 79.4783894981541,24.75997930454,0 79.4783901273285,24.7599770338438,0 79.478390626676,24.7599747364059,0 79.4783909948526,24.7599724184111,0 79.4783912308671,24.7599700860992,0 79.4783931555552,24.759943574934,0 79.4783948184235,24.759944347145,0 79.4783971189656,24.7599452840456,0 79.4783994687829,24.7599461127336,0 79.4784098182957,24.7599494885422,0 79.4784097857569,24.7599497989791,0 79.4784096074955,24.7599521397002,0 79.4784095626663,24.759954485717,0 79.4784096513906,24.7599568306918,0 79.4784098734286,24.7599591682897,0 79.4784102281805,24.7599614921958,0 79.4784107146879,24.7599637961322,0 79.4784113316366,24.7599660738748,0 79.47841207736,24.7599683192704,0 79.4784129498434,24.759970526253,0 79.4784139467299,24.7599726888607,0 79.4784150653264,24.7599748012512,0 79.4784163026112,24.7599768577179,0 79.4784176552416,24.7599788527054,0 79.4784191195637,24.7599807808242,0 79.4784206916216,24.7599826368656,0 79.4784223671685,24.7599844158155,0 79.4784241416778,24.7599861128683,0 79.4784260103559,24.7599877234392,0 79.4784279681546,24.7599892431775,0 79.4784300097848,24.7599906679776,0 79.4784300377411,24.7599906854641,0 79.4784299612662,24.7599930138606,0 79.4784300168282,24.7599953477365,0 79.4784302044423,24.7599976758693,0 79.4784303186541,24.7599985046995,0 79.4784300644676,24.7600176528442,0 79.4784301020257,24.7600200423944,0 79.4784302780158,24.7600224267815,0 79.4784305919447,24.7600247993237,0 79.4784310429327,24.760027153372,0 79.4784316297158,24.7600294823296,0 79.4784323506498,24.7600317796698,0 79.4784332037143,24.7600340389546,0 79.4784341865187,24.7600362538526,0 79.4784352963088,24.7600384181569,0 79.4784365299746,24.7600405258022,0 79.4784378840588,24.7600425708821,0 79.4784393547669,24.7600445476654,0 79.4784409379773,24.7600464506126,0 79.4784426292532,24.7600482743908,0 79.4784444238551,24.760050013889,0 79.4784463167539,24.7600516642326,0 79.4784483026448,24.7600532207966,0 79.4784503759627,24.760054679219,0 79.4784525308973,24.7600560354127,0 79.4784547614098,24.7600572855771,0 79.4784570612492,24.7600584262088,0 79.4784594239707,24.7600594541112,0 79.4784618429529,24.7600603664039,0 79.4784643114169,24.7600611605302,0 79.4784668224452,24.7600618342646,0 79.4784693690009,24.7600623857192,0 79.4784719439475,24.7600628133484,0 79.4784745400692,24.760063115954,0 79.4784771500904,24.760063292688,0 79.478479766697,24.7600633430549,0 79.4785366199969,24.760063062995,0 79.4785351057973,24.7600634226452,0 79.4785326381696,24.7600641365811,0 79.4785302148471,24.7600649674725,0 79.478527842473,24.7600659130415,0 79.4785255275509,24.7600669706961,0 79.4785232764266,24.7600681375368,0 79.4785210952715,24.7600694103649,0 79.4785189900646,24.7600707856911,0 79.4785118900657,24.7600756856898,0 79.478509880816,24.760077148807,0 79.4785079575449,24.760078705285,0 79.4785061254491,24.7600803509179,0 79.4785043894793,24.7600820812592,0 79.478502754326,24.7600838916332,0 79.4785012244078,24.7600857771481,0 79.4784998038585,24.7600877327092,0 79.4784984965167,24.7600897530322,0 79.4784973059149,24.7600918326581,0 79.4784962352703,24.7600939659676,0 79.4784952874758,24.7600961471962,0 79.4784944650925,24.76009837045,0 79.4784937703425,24.7601006297215,0 79.4784932051031,24.7601029189061,0 79.4784927709018,24.7601052318181,0 79.4784924689116,24.7601075622077,0 79.4784922999488,24.7601099037781,0 79.4784922692749,24.7601119324067,0 79.4784712056377,24.7601784625901,0 79.4784705461751,24.7601807728361,0 79.4784700213911,24.7601831116859,0 79.4784696327536,24.760185472598,0 79.4784693813494,24.7601878489695,0 79.4784685275921,24.7601989904507,0 79.478454991548,24.7601992676375,0 79.478452370974,24.7601993848875,0 79.4784497609022,24.760199628917,0 79.4784471686837,24.7601999990387,0 79.4784446016192,24.7602004942102,0 79.4784420669384,24.760201113037,0 79.47843957178,24.7602018537761,0 79.4784371231712,24.7602027143415,0 79.4784347280083,24.7602036923093,0 79.4784323930369,24.7602047849253,0 79.4784301248333,24.7602059891123,0 79.4784279297854,24.7602073014788,0 79.4784258140754,24.7602087183288,0 79.478423783662,24.7602102356717,0 79.4784218442634,24.7602118492343,0 79.4784217449461,24.7602119411317,0 79.4784120371048,24.7602044396184,0 79.4784100174872,24.7602029601096,0 79.4784079158104,24.7602015791786,0 79.478405737839,24.7602003006131,0 79.4784034895468,24.76019912792,0 79.4784011771006,24.7601980643159,0 79.478398806843,24.7601971127181,0 79.4783963852754,24.7601962757367,0 79.4783939190397,24.7601955556673,0 79.4783914149004,24.760194954485,0 79.4783888797261,24.7601944738387,0 79.4783863204702,24.7601941150469,0 79.4783837441526,24.7601938790936,0 79.4783811578396,24.760193766626,0 79.4783785686251,24.7601937779526,0 79.478375983611,24.7601939130423,0 79.4783734098875,24.7601941715246,0 79.4783708545139,24.7601945526905,0 79.4783683244994,24.7601950554945,0 79.4783658267833,24.7601956785575,0 79.4783633682165,24.7601964201705,0 79.4783609555425,24.7601972782995,0 79.4783585953789,24.7601982505906,0 79.4783562941992,24.7601993343771,0 79.4783540583153,24.7602005266863,0 79.4783518938599,24.7602018242478,0 79.4783498067697,24.7602032235026,0 79.4783478027693,24.7602047206128,0 79.4783458873555,24.760206311472,0 79.4783440657818,24.7602079917168,0 79.4783423430446,24.7602097567384,0 79.4783407238691,24.7602116016957,0 79.4783392126965,24.7602135215283,0 79.4783378136718,24.7602155109703,0 79.4783365306321,24.7602175645649,0 79.4783353670968,24.7602196766796,0 79.4783343262572,24.7602218415209,0 79.4783334109682,24.7602240531513,0 79.4783326237404,24.7602263055043,0 79.4783319667329,24.7602285924022,0 79.4783314417479,24.7602309075724,0 79.4783310502253,24.7602332446646,0 79.478330793239,24.7602355972686,0 79.4783306714939,24.7602379589316,0 79.478330685324,24.7602403231758,0 79.4783308346913,24.7602426835164,0 79.4783311191861,24.7602450334794,0 79.4783315380281,24.7602473666193,0 79.478331778163,24.7602483714224,0 79.4783307902957,24.7602483698081,0 79.4783281973305,24.7602484900269,0 79.4783256148524,24.7602487343756,0 79.4783230499834,24.7602491021803,0 79.4783205097971,24.7602495924267,0 79.4783180012988,24.7602502037628,0 79.4783171113983,24.7602504670478,0 79.4783153856911,24.7602488031199,0 79.4783134906573,24.7602471593656,0 79.4783115031341,24.7602456093586,0 79.4783094286766,24.7602441574311,0 79.478307273083,24.7602428076414,0 79.4783050423783,24.7602415637621,0 79.4783027427973,24.76024042927,0 79.4783003807675,24.7602394073359,0 79.4782979628908,24.7602385008163,0 79.4782954959252,24.7602377122448,0 79.4782929867661,24.7602370438255,0 79.4782904424265,24.7602364974268,0 79.4782878700181,24.7602360745758,0 79.4782852767307,24.7602357764543,0 79.4782839246335,24.7602356869555,0 79.4782833127619,24.7602186227257,0 79.4782831593065,24.7602162519895,0 79.4782828695263,24.7602138919028,0 79.4782824442232,24.7602115489969,0 79.4782818845745,24.7602092297558,0 79.4782811921287,24.7602069405981,0 79.4782803688024,24.760204687859,0 79.478279416874,24.7602024777729,0 79.4782783389781,24.7602003164562,0 79.4782771380977,24.7601982098903,0 79.4782758175562,24.7601961639051,0 79.4782743810082,24.760194184163,0 79.4782728324293,24.7601922761427,0 79.4782711761054,24.7601904451248,0 79.4782694166201,24.7601886961765,0 79.4782675588429,24.760187034138,0 79.4782656079152,24.7601854636091,0 79.4782635692361,24.7601839889362,0 79.4782614484477,24.7601826142003,0 79.4782592514192,24.7601813432061,0 79.478256984231,24.7601801794711,0 79.4782546531573,24.7601791262158,0 79.4782522646495,24.7601781863551,0 79.4782498253177,24.7601773624901,0 79.4782473419127,24.7601766569009,0 79.4782448213074,24.76017607154,0 79.4782422704775,24.7601756080276,0 79.4782218704844,24.7601724080291,0 79.4782193335188,24.7601720716522,0 79.4782167808684,24.7601718558068,0 79.4782142193967,24.7601717610732,0 79.4782116559907,24.7601717877061,0 79.4782090975428,24.7601719356339,0 79.4782073264557,24.7601721225932,0 79.4782029502358,24.7601588160478,0 79.4782021565233,24.7601566102429,0 79.4782012396584,24.7601544446183,0 79.4782002020667,24.7601523249025,0 79.4781990464926,24.7601502567027,0 79.4781977759931,24.7601482454896,0 79.4781963939288,24.7601462965834,0 79.4781949039555,24.7601444151395,0 79.4781933100147,24.7601426061345,0 79.4781916163226,24.7601408743538,0 79.4781898273595,24.7601392243782,0 79.4781879478575,24.7601376605723,0 79.4781859827884,24.7601361870728,0 79.4781839373501,24.7601348077773,0 79.4781818169533,24.7601335263344,0 79.4781796272069,24.7601323461338,0 79.4781773739034,24.7601312702974,0 79.4781750630031,24.760130301671,0 79.4781727006189,24.7601294428168,0 79.4781702929998,24.7601286960066,0 79.4781678465146,24.7601280632161,0 79.4781653676347,24.7601275461189,0 79.4781628629172,24.760127146083,0 79.4781603389877,24.7601268641666,0 79.4781578025226,24.7601267011154,0 79.4781552602313,24.7601266573606,0 79.4781527188388,24.760126733018,0 79.4781501850676,24.7601269278875,0 79.4781135254861,24.7601306164307,0 79.478071015474,24.7601155245857,0 79.4780686017195,24.7601147328339,0 79.4780661462459,24.7601140564485,0 79.4780636556617,24.7601134972498,0 79.4780611366695,24.7601130567427,0 79.4780585960486,24.7601127361127,0 79.4780560406365,24.7601125362228,0 79.4780534773104,24.7601124576109,0 79.4780509129689,24.7601125004885,0 79.4780483545132,24.7601126647403,0 79.4780458088288,24.7601129499242,0 79.4780432827668,24.7601133552728,0 79.4780407831255,24.7601138796951,0 79.4780383166319,24.7601145217797,0 79.4780358899241,24.7601152797987,0 79.4780335095329,24.7601161517121,0 79.4780311818645,24.7601171351732,0 79.4780289131834,24.7601182275355,0 79.4780267095951,24.7601194258589,0 79.4780245770299,24.7601207269187,0 79.4780225212272,24.7601221272132,0 79.4780205477197,24.7601236229739,0 79.4780186618186,24.7601252101754,0 79.4780168685992,24.7601268845461,0 79.4780151728877,24.7601286415798,0 79.4780135792475,24.760130476548,0 79.4780120919676,24.7601323845123,0 79.4780107150507,24.7601343603378,0 79.4780094522023,24.7601363987072,0 79.4780083068211,24.7601384941346,0 79.4780056547897,24.7601436782545,0 79.4780051846752,24.7601436606265,0 79.4780024964502,24.7601436933826,0 79.4779998141499,24.7601438595233,0 79.4779971457061,24.7601441585574,0 79.4779944990097,24.7601445896005,0 79.4779736618967,24.760148519733,0 79.4779733846643,24.7601480210216,0 79.4779720952362,24.7601459742512,0 79.4779706903684,24.7601439918436,0 79.4779691739044,24.7601420792225,0 79.477967549993,24.7601402416206,0 79.4779658230771,24.760138484065,0 79.4779639978811,24.7601368113644,0 79.4779620793986,24.7601352280949,0 79.4779600728782,24.7601337385881,0 79.4779579838095,24.760132346919,0 79.4779558179078,24.7601310568952,0 79.4779535810987,24.7601298720458,0 79.4779512795018,24.7601287956124,0 79.4779489194139,24.7601278305401,0 79.4779465072918,24.760126979469,0 79.4779440497348,24.7601262447276,0 79.4779415534662,24.760125628326,0 79.4779390253156,24.7601251319506,0 79.4779364721995,24.7601247569594,0 79.4779339011029,24.7601245043784,0 79.47793131906,24.7601243748985,0 79.4779287331347,24.7601243688739,0 79.4779261504017,24.7601244863212,0 79.4779235779271,24.7601247269191,0 79.4779210227487,24.7601250900092,0 79.477881683302,24.7601316465853,0 79.4778798468006,24.7601314787832,0 79.4778789303517,24.7601303574949,0 79.4778772680426,24.7601285322771,0 79.4778755029561,24.7601267893734,0 79.4778736399728,24.7601251336034,0 79.4778716842444,24.7601235695456,0 79.4778696411788,24.760122101525,0 79.4778675164256,24.7601207336009,0 79.4778653158601,24.7601194695559,0 79.4778630455675,24.7601183128855,0 79.4778607118254,24.760117266788,0 79.4778583210873,24.7601163341562,0 79.477855879964,24.7601155175689,0 79.4778533952057,24.7601148192842,0 79.4778508736834,24.760114241233,0 79.4778483223696,24.7601137850137,0 79.4778457483192,24.7601134518879,0 79.47784315865,24.7601132427767,0 79.4778405605229,24.7601131582584,0 79.4778379611225,24.7601131985667,0 79.4778353676365,24.7601133635901,0 79.4778327872365,24.7601136528723,0 79.4778302270578,24.7601140656133,0 79.4778276941799,24.760114600672,0 79.4778251956067,24.7601152565686,0 79.4778227382474,24.7601160314895,0 79.477820328897,24.7601169232919,0 79.4777952289041,24.760126923289,0 79.4777928974072,24.7601279189197,0 79.4777906258165,24.760129023998,0 79.4777884202887,24.7601302355287,0 79.4777862868017,24.7601315502282,0 79.477784231138,24.7601329645331,0 79.4777822588692,24.7601344746102,0 79.4777803753409,24.7601360763666,0 79.4777785856581,24.7601377654609,0 79.4777768946716,24.760139537315,0 79.4777753069645,24.7601413871267,0 79.4777738268402,24.7601433098821,0 79.4777724583102,24.7601453003701,0 79.4777712050839,24.7601473531955,0 79.477770070558,24.7601494627945,0 79.4777690578073,24.7601516234493,0 79.4777681695769,24.7601538293037,0 79.4777674082742,24.7601560743791,0 79.4777667759627,24.7601583525904,0 79.4777667099229,24.7601586560813,0 79.4777660587621,24.760158815261,0 79.4777635773122,24.7601595519986,0 79.4777611418873,24.7601604072565,0 79.4777587592715,24.7601613786523,0 79.4777564361017,24.7601624634802,0 79.4777541788492,24.7601636587182,0 79.4777519938018,24.7601649610371,0 79.4777498870461,24.760166366809,0 79.4777478644505,24.7601678721182,0 79.4777459316492,24.7601694727714,0 79.4777440940261,24.76017116431,0 79.4777423567,24.7601729420221,0 79.4777407245103,24.7601748009556,0 79.4777392020037,24.7601767359325,0 79.4777377934212,24.7601787415628,0 79.4777365026865,24.7601808122596,0 79.4777353333949,24.7601829422548,0 79.4777348254736,24.7601840038907,0 79.4777342459543,24.7601840861498,0 79.4777317446743,24.7601845631914,0 79.4777292737279,24.7601851576024,0 79.4777274837074,24.7601856798919,0 79.4777274801401,24.7601856777048,0 79.4777252688303,24.7601844696366,0 79.4777229915892,24.7601833684174,0 79.4777206546035,24.7601823770389,0 79.477718264222,24.7601814981942,0 79.4777158269389,24.7601807342711,0 79.4777133493753,24.7601800873449,0 79.4777108382622,24.760179559173,0 79.4777083004215,24.7601791511904,0 79.4777057427477,24.7601788645054,0 79.4777031721893,24.7601786998969,0 79.4777005957296,24.760178657812,0 79.4776980203683,24.760178738365,0 79.4776954531017,24.7601789413373,0 79.4776929009044,24.7601792661772,0 79.4776903707099,24.7601797120024,0 79.4776510707235,24.7601876120003,0 79.4776484961851,24.7601881960726,0 79.4776459596629,24.7601889054005,0 79.4776434684599,24.7601897379418,0 79.4776410297488,24.7601906912993,0 79.477638650551,24.7601917627283,0 79.4776363377166,24.7601929491439,0 79.4776340979048,24.7601942471302,0 79.4776319375643,24.76019565295,0 79.4776298629152,24.7601971625558,0 79.4776278799308,24.7601987716011,0 79.4776263892151,24.7602001186232,0 79.4776255015712,24.7601994587848,0 79.4776234181812,24.7601980685994,0 79.4776212581937,24.7601967795646,0 79.4776190274929,24.760195595192,0 79.4776167321554,24.760194518708,0 79.477614378434,24.7601935530449,0 79.4776119727406,24.7601927008335,0 79.4776095216286,24.7601919643951,0 79.4776070317751,24.7601913457361,0 79.4776045099627,24.7601908465416,0 79.4776019630613,24.7601904681716,0 79.4775993980088,24.7601902116568,0 79.4775851737291,24.760189131332,0 79.4775743392139,24.760187667209,0 79.4775743392129,24.7601850510789,0 79.4775765561223,24.7601846808953,0 79.477579059903,24.7601841385237,0 79.4775815293864,24.76018347793,0 79.4775839578825,24.7601827009039,0 79.4775863388121,24.7601818095504,0 79.477588665725,24.7601808062843,0 79.4775909323173,24.7601796938236,0 79.4775931324486,24.7601784751821,0 79.4775952601584,24.7601771536612,0 79.4775973096825,24.7601757328411,0 79.4775992754684,24.760174216571,0 79.4776011521907,24.7601726089586,0 79.477602934765,24.7601709143591,0 79.4776046183621,24.7601691373635,0 79.4776058443451,24.7601676983788,0 79.477607088218,24.760168586219,0 79.4776092201084,24.760169949179,0 79.4776114275912,24.7601712078135,0 79.4776137045495,24.7601723586347,0 79.4776160446739,24.7601733984537,0 79.4776184414798,24.7601743243892,0 79.4776208883259,24.7601751338754,0 79.4776233784318,24.7601758246693,0 79.4776259048975,24.7601763948567,0 79.4776284607222,24.7601768428575,0 79.4776310388237,24.7601771674304,0 79.477633632058,24.760177367676,0 79.4776362332395,24.7601774430393,0 79.4776388351601,24.7601773933117,0 79.47764143061,24.7601772186307,0 79.4776440123972,24.7601769194806,0 79.4776465733677,24.7601764966903,0 79.4776491064248,24.7601759514312,0 79.4776516045497,24.7601752852143,0 79.4776540608199,24.7601744998857,0 79.4776564684292,24.7601735976216,0 79.4776588207061,24.760172580922,0 79.4776611111324,24.7601714526043,0 79.4776633333614,24.7601702157951,0 79.4776654812353,24.7601688739214,0 79.4776675488024,24.7601674307017,0 79.4777553488132,24.7601027306842,0 79.4777573291732,24.7601011910746,0 79.47775921812,24.7600995584968,0 79.4777610104257,24.760097837469,0 79.4777627011297,24.7600960327545,0 79.4777642855529,24.7600941493482,0 79.47776575931,24.7600921924625,0 79.4777671183222,24.7600901675136,0 79.4777683588283,24.7600880801058,0 79.477769477395,24.7600859360162,0 79.4777704709265,24.7600837411789,0 79.477771336673,24.7600815016686,0 79.4777720722385,24.7600792236834,0 79.4777726755871,24.7600769135279,0 79.4777731450492,24.7600745775958,0 79.4777734793252,24.7600722223522,0 79.4777736774902,24.7600698543156,0 79.4777737389956,24.7600674800399,0 79.4777736636712,24.7600651060962,0 79.4777734517256,24.7600627390547,0 79.4777731037452,24.7600603854667,0 79.4777726206933,24.760058051846,0 79.4777720039067,24.7600557446512,0 79.4777712550924,24.7600534702679,0 79.477770376323,24.7600512349908,0 79.4777693700306,24.7600490450063,0 79.4777682390002,24.7600469063754,0 79.4777669863622,24.7600448250173,0 79.4777656155834,24.7600428066923,0 79.4777641304577,24.7600408569865,0 79.4777625350953,24.760038981296,0 79.4777608339116,24.760037184812,0 79.477759031615,24.7600354725065,0 79.4777571331936,24.7600338491186,0 79.4777551439015,24.7600323191413,0 79.4777530692444,24.760030886809,0 79.4777527503436,24.7600306898204,0 79.477753436442,24.7600300791908,0</coordinates></LinearRing></innerBoundaryIs><innerBoundaryIs><LinearRing><coordinates>79.4785201330516,24.7596302684895,0 79.4785225687577,24.759631021497,0 79.4785250440481,24.7596316578411,0 79.4785275522258,24.7596321758004,0 79.4785300865053,24.7596325739733,0 79.47853264003,24.7596328512827,0 79.4785352058915,24.7596330069784,0 79.478537777148,24.7596330406391,0 79.478540346843,24.7596329521737,0 79.4785429080244,24.7596327418216,0 79.478545453763,24.7596324101519,0 79.4785479771714,24.7596319580619,0 79.4785504714225,24.7596313867747,0 79.4785529297684,24.7596306978358,0 79.4785553455581,24.7596298931093,0 79.4785577122557,24.7596289747723,0 79.4785600234582,24.7596279453092,0 79.4785622729128,24.7596268075053,0 79.4785644545337,24.7596255644388,0 79.4785665624186,24.7596242194728,0 79.4785685908647,24.759622776246,0 79.4785705343841,24.7596212386631,0 79.4785723877188,24.7596196108838,0 79.4785741458545,24.7596178973122,0 79.4785758040348,24.7596161025841,0 79.4785773577735,24.7596142315551,0 79.478578802867,24.7596122892873,0 79.4785801354057,24.7596102810354,0 79.4785813517846,24.7596082122325,0 79.4785824487126,24.7596060884758,0 79.478582834136,24.7596052290576,0 79.478584373753,24.7596054098098,0 79.4785869396638,24.759605587781,0 79.4785895122402,24.7596056436,0 79.4785920845125,24.7596055771156,0 79.4785946495119,24.7596053885078,0 79.4785972002893,24.7596050782877,0 79.4785976627167,24.759604999501,0 79.4785991959979,24.7596064799631,0 79.4786275959971,24.7596324799696,0 79.4786294623338,24.7596341017848,0 79.4786314186636,24.7596356326181,0 79.4786334596736,24.7596370683122,0 79.478635579821,24.759638404968,0 79.478637773348,24.7596396389557,0 79.4786400342977,24.7596407669239,0 79.4786423565298,24.7596417858096,0 79.4786447337379,24.7596426928455,0 79.478647159466,24.7596434855685,0 79.4786496271264,24.7596441618258,0 79.4786521300178,24.7596447197807,0 79.4786546613429,24.7596451579181,0 79.4786572142273,24.759645475048,0 79.478659781738,24.7596456703093,0 79.4786623569024,24.7596457431716,0 79.478664932727,24.7596456934371,0 79.4786675022165,24.7596455212409,0 79.4786700583929,24.7596452270505,0 79.4786725943143,24.759644811665,0 79.4786751030937,24.7596442762124,0 79.4786775779181,24.7596436221468,0 79.4786800120664,24.7596428512445,0 79.4786823989282,24.7596419655991,0 79.4786847320213,24.7596409676158,0 79.4786870050097,24.7596398600048,0 79.4786892117205,24.7596386457741,0 79.478691346161,24.7596373282212,0 79.4786934025346,24.7596359109243,0 79.4786953752566,24.7596343977323,0 79.4786972589697,24.7596327927547,0 79.4786990485583,24.7596311003502,0 79.4787007391622,24.7596293251149,0 79.4787023261903,24.7596274718698,0 79.4787038053327,24.7596255456479,0 79.4787051725723,24.7596235516804,0 79.4787064241961,24.7596214953822,0 79.4787075568051,24.7596193823377,0 79.4787085673234,24.7596172182854,0 79.4787089354753,24.7596162999943,0 79.4787192058723,24.7596542342547,0 79.478719876734,24.7596564651221,0 79.4787206718747,24.7596586616782,0 79.4787215892063,24.7596608181546,0 79.4787309140712,24.7596811774628,0 79.4787293627299,24.7596814000359,0 79.4787268547222,24.7596818826455,0 79.4787243774765,24.7596824832939,0 79.478721937651,24.7596832003668,0 79.4787195418033,24.7596840319367,0 79.478717196373,24.7596849757686,0 79.4787149076638,24.7596860293258,0 79.4787126818273,24.7596871897766,0 79.478710524846,24.7596884540019,0 79.4787084425172,24.7596898186039,0 79.4787064404378,24.7596912799148,0 79.4787045239888,24.759692834007,0 79.4787026983212,24.7596944767035,0 79.4787009683419,24.7596962035892,0 79.4786993387007,24.7596980100226,0 79.4786978137776,24.7596998911484,0 79.4786963976712,24.7597018419108,0 79.4786950941877,24.7597038570665,0 79.4786939068305,24.7597059311993,0 79.478692838791,24.7597080587344,0 79.4786918929397,24.7597102339536,0 79.478691071819,24.7597124510105,0 79.4786903776356,24.7597147039461,0 79.4786898122556,24.7597169867051,0 79.4786893833406,24.7597192605889,0 79.4786879821568,24.7597195096902,0 79.4786856619686,24.7597200295322,0 79.4786833719913,24.7597206511135,0 79.4786811175722,24.7597213729826,0 79.4786805300891,24.7597215757794,0 79.4786799817691,24.7597209621975,0 79.4786782609341,24.7597192283245,0 79.4786764440201,24.7597175782006,0 79.4786745359087,24.7597160162591,0 79.4786725417263,24.7597145466966,0 79.4786704668307,24.7597131734613,0 79.4786683167967,24.7597119002426,0 79.4786660974006,24.7597107304614,0 79.4786638146053,24.7597096672605,0 79.4786614745441,24.7597087134963,0 79.4786590835039,24.7597078717314,0 79.4786566479088,24.7597071442273,0 79.4786541743025,24.7597065329387,0 79.4786516693309,24.7597060395078,0 79.478649139724,24.7597056652604,0 79.4786465922781,24.759705411202,0 79.4786440338376,24.7597052780151,0 79.478641471276,24.7597052660576,0 79.4786389114784,24.7597053753615,0 79.478636361322,24.7597056056333,0 79.4786338276585,24.7597059562543,0 79.4786313172949,24.7597064262824,0 79.4786288369759,24.7597070144549,0 79.4786263933654,24.7597077191914,0 79.4786251497858,24.7597081437143,0 79.4786198903424,24.7596986767208,0 79.4786186646581,24.7596966061191,0 79.4786173224502,24.7596945966649,0 79.4786158673675,24.7596926538207,0 79.4786143033655,24.7596907828679,0 79.4786126346959,24.7596889888927,0 79.4786108658946,24.7596872767716,0 79.47860900177,24.759685651159,0 79.4786070473896,24.759684116474,0 79.4786050080662,24.7596826768883,0 79.4786028893434,24.7596813363155,0 79.4786006969809,24.7596800983997,0 79.4785984369383,24.759678966506,0 79.4785961153595,24.7596779437114,0 79.4785937385552,24.7596770327964,0 79.4785913129868,24.759676236237,0 79.4785888452477,24.7596755561988,0 79.4785863420465,24.7596749945302,0 79.4785838101877,24.7596745527582,0 79.478581256554,24.7596742320836,0 79.4785786880872,24.7596740333782,0 79.4785761117694,24.7596739571822,0 79.4785735346041,24.7596740037026,0 79.478570963597,24.7596741728131,0 79.4785684057373,24.7596744640538,0 79.4785658679781,24.7596748766332,0 79.4785647355792,24.7596751169341,0 79.4785647167694,24.7596747271293,0 79.4785644657695,24.7596723631606,0 79.47856407896,24.7596700145174,0 79.4785635574115,24.7596676877005,0 79.4785629025676,24.7596653891504,0 79.4785621162409,24.7596631252293,0 79.4785612006079,24.7596609022033,0 79.4785601582029,24.7596587262258,0 79.4785589919113,24.7596566033196,0 79.4785577049612,24.7596545393607,0 79.4785563009148,24.759652540062,0 79.4785547836585,24.7596506109573,0 79.4785531573917,24.7596487573862,0 79.478551426616,24.7596469844793,0 79.4785495961219,24.7596452971438,0 79.478547670976,24.7596437000501,0 79.478545656507,24.7596421976187,0 79.4785435582908,24.7596407940084,0 79.4785413821351,24.759639493104,0 79.4785391340632,24.7596382985065,0 79.4785368202976,24.7596372135224,0 79.4785344472426,24.7596362411548,0 79.4785320214665,24.7596353840951,0 79.4785295496838,24.7596346447156,0 79.4785270387361,24.7596340250628,0 79.4785244955734,24.7596335268518,0 79.478521927235,24.7596331514618,0 79.4785202644433,24.7596329897538,0 79.4785189690421,24.7596309934793,0 79.4785179172082,24.7596294639218,0 79.4785201330516,24.7596302684895,0</coordinates></LinearRing></innerBoundaryIs><innerBoundaryIs><LinearRing><coordinates>79.478577241063,24.7598825696094,0 79.4785782551622,24.7598848026416,0 79.4785793987156,24.7598869829037,0 79.4785838808727,24.7598949720281,0 79.4785824587113,24.7598949729026,0 79.4785798464491,24.7598951008618,0 79.4785772452563,24.7598953548133,0 79.478574662416,24.7598957340461,0 79.4785721051598,24.7598962374985,0 79.4785695806479,24.7598968637608,0 79.4785670959484,24.7598976110795,0 79.4785646580183,24.7598984773622,0 79.4785622736836,24.7598994601835,0 79.4785599496199,24.7599005567915,0 79.4785576923345,24.7599017641159,0 79.4785555081475,24.7599030787764,0 79.4785536582904,24.7599043251967,0 79.4785389388067,24.7598899737039,0 79.4785385857063,24.7598774498494,0 79.4785391445685,24.7598775327917,0 79.4785417093458,24.759877788919,0 79.4785764093817,24.7598804196106,0 79.478577241063,24.7598825696094,0</coordinates></LinearRing></innerBoundaryIs><innerBoundaryIs><LinearRing><coordinates>79.4787933716324,24.759924547731,0 79.4787946984182,24.7599225184373,0 79.4787959070764,24.7599204285196,0 79.4787969942942,24.7599182837061,0 79.4787979570915,24.7599160898756,0 79.4787987928296,24.759913853041,0 79.4787994992177,24.7599115793332,0 79.4788000743198,24.7599092749842,0 79.4788005165595,24.75990694631,0 79.4788008247247,24.7599045996931,0 79.4788009979709,24.7599022415654,0 79.4788010358231,24.7598998783902,0 79.4788009381776,24.7598975166447,0 79.4788007053021,24.7598951628021,0 79.4788003378349,24.7598928233142,0 79.4787998367831,24.759890504593,0 79.4787992035201,24.7598882129939,0 79.4787984397815,24.7598859547981,0 79.4787975476608,24.7598837361947,0 79.4787965296031,24.759881563265,0 79.4787959923262,24.7598805645606,0 79.4787977633073,24.7598816474112,0 79.47879995779,24.7598828440388,0 79.4788022170694,24.7598839355043,0 79.4788045351065,24.7598849188905,0 79.4788069057057,24.7598857915689,0 79.4788093225306,24.7598865512069,0 79.4788388225394,24.7598950512102,0 79.478841233575,24.7598956849587,0 79.4788436767164,24.7598962062021,0 79.4788461456714,24.759896613598,0 79.4788486340818,24.7598969060971,0 79.4788511355387,24.7598970829462,0 79.4788536436002,24.7598971436899,0 79.4788561518069,24.7598970881716,0 79.4788562714189,24.7598970799659,0 79.4788460434543,24.759967064523,0 79.4788457884721,24.7599670945086,0 79.4788432123865,24.7599675251293,0 79.4788406648877,24.7599680797067,0 79.4788381531242,24.7599687566846,0 79.478835684144,24.7599695541632,0 79.4788332648753,24.759970469905,0 79.4788309021067,24.7599715013402,0 79.478828602468,24.7599726455747,0 79.4788263724123,24.7599738993976,0 79.4788258899302,24.7599742039744,0 79.4788255902204,24.759973239248,0 79.4788247476204,24.7599709867465,0 79.4788237761692,24.7599687779296,0 79.4788226785677,24.7599666189378,0 79.4788214578672,24.7599645157736,0 79.4788201174614,24.7599624742838,0 79.4788186610768,24.7599605001439,0 79.4788170927623,24.7599585988425,0 79.478815416878,24.7599567756651,0 79.478813638083,24.7599550356805,0 79.4788117613225,24.759953383726,0 79.4788097918143,24.7599518243941,0 79.4788077350335,24.7599503620201,0 79.4788055966984,24.7599490006694,0 79.4788033827538,24.7599477441267,0 79.4788010993545,24.7599465958854,0 79.4787987528488,24.7599455591376,0 79.47879634976,24.7599446367656,0 79.4787938967692,24.7599438313338,0 79.4787914006958,24.7599431450813,0 79.4787888684791,24.7599425799159,0 79.478786307159,24.7599421374089,0 79.4787837238562,24.7599418187905,0 79.4787815114829,24.7599416537258,0 79.4787933716324,24.759924547731,0</coordinates></LinearRing></innerBoundaryIs><innerBoundaryIs><LinearRing><coordinates>79.4787767900238,24.7598605088395,0 79.478777127249,24.7598602812241,0 79.4787774188393,24.7598600617568,0 79.4787787492621,24.7598620826533,0 79.4787767900238,24.7598605088395,0</coordinates></LinearRing></innerBoundaryIs><innerBoundaryIs><LinearRing><coordinates>79.4788022980025,24.7600499493967,0 79.4788022650985,24.7600522942079,0 79.4788023655853,24.7600546374159,0 79.4788025991919,24.7600569726977,0 79.4788029652879,24.7600592937522,0 79.4788034628854,24.7600615943164,0 79.4788040906418,24.7600638681827,0 79.4788048468633,24.7600661092154,0 79.4788057295092,24.7600683113675,0 79.478806736198,24.760070468697,0 79.4788078642133,24.7600725753826,0 79.4788091105114,24.7600746257399,0 79.4788104717293,24.7600766142364,0 79.4788119441941,24.7600785355064,0 79.4788135239326,24.7600803843659,0 79.4788152066822,24.7600821558259,0 79.4788169879023,24.7600838451066,0 79.4788188627866,24.7600854476496,0 79.478820826276,24.7600869591309,0 79.4788228730726,24.760088375472,0 79.4788249976532,24.7600896928511,0 79.4788271942853,24.7600909077136,0 79.4788294570415,24.7600920167814,0 79.4788317798163,24.7600930170618,0 79.4788341563421,24.7600939058557,0 79.4788365802061,24.760094680765,0 79.4788390448682,24.7600953396987,0 79.4788415436778,24.7600958808787,0 79.4788440698924,24.7600963028449,0 79.4788466166955,24.7600966044585,0 79.4788491772149,24.7600967849057,0 79.4788517445416,24.7600968436997,0 79.4788543117481,24.7600967806818,0 79.4788568719073,24.760096596022,0 79.4788594181111,24.7600962902186,0 79.478861943489,24.7600958640968,0 79.4788644412266,24.7600953188063,0 79.4788669045845,24.7600946558186,0 79.4788693269155,24.7600938769226,0 79.4788717016835,24.7600929842199,0 79.4788740224807,24.7600919801195,0 79.4788762830448,24.7600908673306,0 79.478878477276,24.7600896488559,0 79.4788805992537,24.7600883279833,0 79.4788826432521,24.7600869082768,0 79.4788846037558,24.7600853935674,0 79.4788864754747,24.7600837879421,0 79.4788914150925,24.7600793244317,0 79.4789190347671,24.7601026450963,0 79.4789209743258,24.7601041990197,0 79.4789230000309,24.7601056584251,0 79.4789251063647,24.7601070193371,0 79.4789272875895,24.7601082780487,0 79.4789295377638,24.7601094311313,0 79.4789318507583,24.7601104754438,0 79.4789342202725,24.7601114081417,0 79.4789366398521,24.7601122266844,0 79.4789391029061,24.7601129288421,0 79.4789416027255,24.7601135127022,0 79.4789421651028,24.7601136298642,0 79.4789822836273,24.7601249829642,0 79.4789822717805,24.7601249847694,0 79.4789797115278,24.7601255036334,0 79.4789771850092,24.760126145735,0 79.478974699334,24.7601269092675,0 79.4789722614966,24.7601277920823,0 79.4789698783567,24.7601287916953,0 79.4789675566202,24.7601299052937,0 79.4789653028202,24.7601311297441,0 79.4789631232986,24.7601324616009,0 79.4789413233023,24.7601465615969,0 79.4789392785226,24.760147957917,0 79.4789373154197,24.7601494487719,0 79.4789354392297,24.760151030185,0 79.478933654957,24.7601526979382,0 79.4789319673607,24.7601544475831,0 79.4789303809422,24.7601562744529,0 79.4789288999331,24.7601581736748,0 79.4789275282834,24.760160140183,0 79.478926269652,24.7601621687321,0 79.4789251273959,24.7601642539115,0 79.4789241045619,24.7601663901594,0 79.4789232038782,24.7601685717777,0 79.4789224277472,24.7601707929473,0 79.478921778239,24.7601730477438,0 79.4789212570862,24.760175330153,0 79.4789208656788,24.7601776340869,0 79.4789206050608,24.7601799534003,0 79.4789204759274,24.7601822819068,0 79.478920478623,24.7601846133956,0 79.4789206131404,24.760186941648,0 79.4789208791209,24.7601892604537,0 79.478921275855,24.7601915636278,0 79.4789218022844,24.7601938450271,0 79.4789224570052,24.7601960985663,0 79.4789232382708,24.7601983182346,0 79.4789241439975,24.7602004981115,0 79.4789251717694,24.7602026323826,0 79.4789263188451,24.760204715355,0 79.4789275821651,24.7602067414729,0 79.4789289583597,24.760208705332,0 79.4789304437581,24.7602106016941,0 79.4789538437535,24.7602389017,0 79.4789554582374,24.7602407514212,0 79.4789571766075,24.7602425213881,0 79.4789589941466,24.7602442067416,0 79.478960905865,24.7602458028549,0 79.4789629065145,24.7602473053464,0 79.4789649906028,24.760248710091,0 79.4789671524083,24.7602500132326,0 79.4789693859964,24.7602512111936,0 79.4789716852353,24.7602523006851,0 79.4789740438128,24.7602532787164,0 79.478976455254,24.7602541426023,0 79.4789789129389,24.7602548899714,0 79.4789814101203,24.7602555187717,0 79.4789839399428,24.7602560272772,0 79.4789864954613,24.7602564140918,0 79.4789890696603,24.7602566781536,0 79.4789916554727,24.7602568187376,0 79.4789942457998,24.760256835458,0 79.4789968335304,24.7602567282688,0 79.4789994115606,24.7602564974643,0 79.4790019728127,24.7602561436782,0 79.4790045102555,24.7602556678816,0 79.4790070169229,24.7602550713807,0 79.4790094859335,24.7602543558131,0 79.4790119105092,24.7602535231433,0 79.4790142839937,24.7602525756572,0 79.4790165998712,24.7602515159559,0 79.4790188517839,24.7602503469485,0 79.4790196852537,24.7602498598381,0 79.4790393548751,24.7602588072953,0 79.4790416312503,24.7602597776746,0 79.4790439586701,24.760260641213,0 79.479046331125,24.760261395681,0 79.4790487424891,24.7602620391303,0 79.479051186536,24.7602625698996,0 79.479053656955,24.7602629866183,0 79.479057719527,24.7602635748644,0 79.479057619732,24.7602636223002,0 79.4790553670339,24.7602648354501,0 79.4790531877442,24.7602661556767,0 79.4790510879611,24.7602675792856,0 79.4790490735606,24.7602691022929,0 79.4790471501796,24.7602707204369,0 79.4790453232004,24.7602724291895,0 79.4790309691802,24.7602865847646,0 79.4790211563511,24.7602903017449,0 79.4790181321523,24.7602915576241,0 79.4789933003065,24.7603028039311,0 79.4789423618421,24.7603190272517,0 79.478935651525,24.760315815699,0 79.4789333478745,24.7603147818691,0 79.4789309885658,24.7603138586075,0 79.4789285799586,24.7603130484028,0 79.4789261285455,24.760312353439,0 79.4789236409346,24.7603117755894,0 79.4789211238314,24.7603113164117,0 79.478918584021,24.7603109771436,0 79.4789160283497,24.7603107586997,0 79.4789134637065,24.7603106616688,0 79.4789108970047,24.7603106863125,0 79.478908335163,24.7603108325643,0 79.4789057850871,24.76031110003,0 79.4789032536511,24.7603114879885,0 79.4789007476785,24.7603119953943,0 79.4788982739244,24.7603126208794,0 79.4788958390572,24.7603133627578,0 79.4788934496402,24.7603142190297,0 79.4788911121143,24.7603151873871,0 79.4788909367022,24.7603152703345,0 79.478874956271,24.7602883730478,0 79.4788735052482,24.7602860923627,0 79.4788719108313,24.7602838929504,0 79.478870178463,24.7602817823189,0 79.4788691344532,24.7602805849044,0 79.4788781634556,24.7602694261302,0 79.478879652524,24.760267480828,0 79.4788810275695,24.7602654667547,0 79.4788822847912,24.7602633894771,0 79.4788834207143,24.7602612547369,0 79.4788844321989,24.7602590684345,0 79.4788853164494,24.7602568366131,0 79.4788860710216,24.7602545654413,0 79.4788866938299,24.7602522611967,0 79.4788871831529,24.7602499302484,0 79.4788875376381,24.7602475790391,0 79.4788877563056,24.7602452140676,0 79.4788878385511,24.7602428418708,0 79.4788877841472,24.7602404690055,0 79.4788875932444,24.7602381020304,0 79.4788872663702,24.7602357474877,0 79.4788868044283,24.7602334118856,0 79.4788862086953,24.7602311016797,0 79.478885480818,24.7602288232554,0 79.4788846228083,24.7602265829104,0 79.4788839986001,24.7602251923164,0 79.4789101194546,24.7601838658124,0 79.4789113502049,24.760181795669,0 79.4789124610258,24.7601796697249,0 79.478913448893,24.7601774937681,0 79.478914311117,24.7601752737227,0 79.4789150453502,24.7601730156331,0 79.4789156495938,24.760170725647,0 79.4789161222026,24.760168409999,0 79.47891646189,24.7601660749936,0 79.4789166677311,24.760163726988,0 79.4789167391655,24.7601613723748,0 79.4789166759987,24.7601590175646,0 79.4789164784028,24.7601566689684,0 79.4789161469157,24.7601543329806,0 79.4789156824399,24.7601520159609,0 79.47891508624,24.7601497242176,0 79.4789143599392,24.7601474639901,0 79.4789135055148,24.760145241432,0 79.4789125252931,24.7601430625943,0 79.4789114219429,24.7601409334091,0 79.478910198468,24.7601388596732,0 79.4789088581995,24.7601368470325,0 79.4789074047863,24.7601349009665,0 79.4789058421855,24.7601330267735,0 79.4789041746512,24.760131229556,0 79.4789024067236,24.7601295142072,0 79.4789005432158,24.7601278853971,0 79.4788985892014,24.7601263475603,0 79.4788965500003,24.7601249048837,0 79.4788944311643,24.760123561295,0 79.4788922384622,24.7601223204521,0 79.4788899778637,24.7601211857335,0 79.4788876555233,24.7601201602284,0 79.4788852777639,24.7601192467287,0 79.4788828510589,24.7601184477217,0 79.4788803820153,24.7601177653826,0 79.4788778773551,24.7601172015691,0 79.4788753438975,24.7601167578162,0 79.4788727885399,24.7601164353321,0 79.4788702182394,24.7601162349947,0 79.4788676399939,24.7601161573496,0 79.4788650608227,24.760116202608,0 79.4788624877478,24.7601163706468,0 79.4788599277746,24.7601166610084,0 79.4788573878726,24.7601170729024,0 79.478854874957,24.7601176052073,0 79.4788523958693,24.760118256474,0 79.478849957359,24.7601190249292,0 79.478847566065,24.7601199084809,0 79.4788452284979,24.7601209047234,0 79.4788429510217,24.7601220109445,0 79.478840739837,24.7601232241325,0 79.4788386009639,24.7601245409843,0 79.4788365402256,24.7601259579147,0 79.4788345632327,24.7601274710662,0 79.4788326753674,24.7601290763189,0 79.4788308817699,24.7601307693025,0 79.4788155836792,24.7601459842546,0 79.478815862822,24.7601445733409,0 79.4788161868142,24.7601422558563,0 79.4788163790693,24.7601399261698,0 79.4788164390723,24.760137590521,0 79.4788163666627,24.7601352551654,0 79.4788161620343,24.7601329263579,0 79.4788158257352,24.7601306103356,0 79.478815358666,24.7601283133016,0 79.4788147620779,24.760126041408,0 79.4788140375685,24.7601238007397,0 79.4788131870785,24.7601215972977,0 79.4788122128855,24.7601194369837,0 79.478811117599,24.7601173255836,0 79.4788099041522,24.7601152687522,0 79.4788085757953,24.7601132719985,0 79.478807136086,24.7601113406704,0 79.4788055888802,24.7601094799404,0 79.4788039383219,24.7601076947923,0 79.4788021888317,24.7601059900072,0 79.4788003450952,24.7601043701509,0 79.4787984120507,24.760102839562,0 79.4787963948753,24.7601014023399,0 79.4787942989716,24.7601000623338,0 79.4787921299531,24.7600988231326,0 79.4787898936292,24.7600976880554,0 79.478737213976,24.7600725564813,0 79.4787374928385,24.760072204844,0 79.4787389073246,24.7600702076373,0 79.4787402046498,24.760068145177,0 79.4787413812129,24.7600660231884,0 79.4787424337481,24.7600638475617,0 79.4787433593335,24.7600616243361,0 79.4787441554001,24.7600593596829,0 79.4787447422651,24.7600573280826,0 79.4787461117581,24.7600569190868,0 79.4787485618909,24.7600560532824,0 79.4787509581953,24.7600550698543,0 79.4787532939044,24.7600539715796,0 79.4787555624223,24.7600527615597,0 79.4788033284454,24.760025703913,0 79.4788022980025,24.7600499493967,0</coordinates></LinearRing></innerBoundaryIs><innerBoundaryIs><LinearRing><coordinates>79.4786459772824,24.7601916825933,0 79.4786531888454,24.7601960696279,0 79.4786552804749,24.7601972741798,0 79.4786574354501,24.7601983817244,0 79.4786596289976,24.7601993806645,0 79.478658666816,24.7602009458667,0 79.4786575150452,24.760203074499,0 79.4786564874298,24.7602052554807,0 79.4786555868121,24.7602074827792,0 79.4786548156834,24.7602097502334,0 79.4786541761767,24.7602120515715,0 79.478653670061,24.7602143804278,0 79.4786532987361,24.7602167303605,0 79.4786530632292,24.7602190948694,0 79.4786530374182,24.7602197132,0 79.4786524834103,24.7602199568969,0 79.4786502110503,24.7602210940698,0 79.4786480070627,24.7602223383961,0 79.4786458775023,24.7602236864575,0 79.4786438282191,24.7602251345508,0 79.4786418648428,24.7602266786979,0 79.4786399927669,24.7602283146569,0 79.4786382171343,24.7602300379335,0 79.4786365428227,24.7602318437939,0 79.4786349744318,24.760233727277,0 79.47863351627,24.7602356832089,0 79.4786321723431,24.7602377062162,0 79.4786309463429,24.7602397907417,0 79.4786298416375,24.7602419310589,0 79.4786288612616,24.7602441212881,0 79.4786280079084,24.7602463554125,0 79.4786272839222,24.7602486272949,0 79.4786266912917,24.7602509306939,0 79.4786262316451,24.7602532592821,0 79.4786259062451,24.7602556066624,0 79.4786257159856,24.7602579663865,0 79.4786256842768,24.760259340281,0 79.4786252586389,24.7602583077268,0 79.4786241262744,24.7602559711077,0 79.4786228509429,24.7602536967321,0 79.4786214367301,24.7602514918863,0 79.4786198881667,24.7602493636338,0 79.4786026675489,24.7602270909242,0 79.4786068299493,24.7602158111237,0 79.4786166180998,24.7601969032719,0 79.4786363371527,24.7601916127929,0 79.4786389968647,24.760190823939,0 79.4786411733819,24.7601900516392,0 79.4786459772824,24.7601916825933,0</coordinates></LinearRing></innerBoundaryIs><innerBoundaryIs><LinearRing><coordinates>79.4791643860378,24.7585318148587,0 79.479162388561,24.7585321797188,0 79.4791476587991,24.7585102206272,0 79.4791462414908,24.7585082274646,0 79.4791447112794,24.7585063051688,0 79.4791430724053,24.7585044590671,0 79.4791413294103,24.7585026942753,0 79.4791394871245,24.758501015684,0 79.4791375506532,24.7584994279449,0 79.4791355253629,24.7584979354581,0 79.4791334168661,24.7584965423594,0 79.4791312310058,24.7584952525095,0 79.4791289738395,24.7584940694828,0 79.4791266516223,24.7584929965577,0 79.4791242707896,24.7584920367075,0 79.4791218379391,24.7584911925922,0 79.4791193598128,24.758490466551,0 79.4791168432781,24.7584898605959,0 79.4791142953088,24.7584893764061,0 79.4791117229659,24.7584890153233,0 79.4791091333778,24.7584887783484,0 79.4791065337209,24.7584886661378,0 79.4791039311994,24.7584886790027,0 79.4791013330253,24.7584888169074,0 79.4790987463988,24.7584890794696,0 79.4790961784879,24.7584894659618,0 79.4790936364089,24.758489975313,0 79.4790911272063,24.7584906061115,0 79.4790886578338,24.7584913566094,0 79.4790862351344,24.7584922247268,0 79.4790838658219,24.7584932080581,0 79.4790815564623,24.7584943038781,0 79.4790793134552,24.7584955091502,0 79.4790771430165,24.7584968205343,0 79.4790750511609,24.7584982343963,0 79.4790730436854,24.758499746818,0 79.4790572772181,24.7585122764607,0 79.4790245290746,24.7585116068877,0 79.4790201642791,24.758511206448,0 79.4790196674201,24.7585108349941,0 79.4790172853823,24.7585092604976,0 79.4790148050423,24.758507818105,0 79.4789833867954,24.7584907249227,0 79.4789840031762,24.7584869257651,0 79.4789847667864,24.7584875153509,0 79.4789868046041,24.7584889302878,0 79.4789889199021,24.7584902470043,0 79.4789911070083,24.7584914619697,0 79.4789933600582,24.758492571926,0 79.4789956730105,24.7584935738971,0 79.4789980396633,24.7584944651963,0 79.4790004536706,24.7584952434337,0 79.4790029085594,24.7584959065225,0 79.4790053977473,24.7584964526846,0 79.4790079145597,24.7584968804557,0 79.4790104522479,24.7584971886886,0 79.4790130040076,24.7584973765569,0 79.4790155629963,24.7584974435568,0 79.4790181223523,24.7584973895087,0 79.4790206752131,24.7584972145575,0 79.4790232147332,24.7584969191723,0 79.4790257341034,24.7584965041452,0 79.4790282265681,24.7584959705889,0 79.479030685444,24.7584953199343,0 79.4790331041379,24.7584945539259,0 79.4790354761642,24.7584936746178,0 79.4790377951627,24.7584926843676,0 79.4790400549151,24.7584915858308,0 79.4790422493622,24.7584903819528,0 79.4790443726197,24.7584890759619,0 79.4790464189943,24.7584876713597,0 79.479048382999,24.7584861719128,0 79.4790502593673,24.7584845816417,0 79.479052043068,24.7584829048105,0 79.4790537293183,24.7584811459155,0 79.4790553135967,24.758479309673,0 79.4790567916551,24.7584774010068,0 79.4790581595302,24.7584754250347,0 79.4790594135541,24.7584733870551,0 79.4790768382691,24.7584432688282,0 79.4790775638199,24.7584432195944,0 79.4790801342219,24.7584429833708,0 79.4790826876011,24.7584426248647,0 79.4790852169854,24.7584421450549,0 79.4790877154683,24.7584415452517,0 79.4790901762275,24.7584408270927,0 79.4790925925439,24.7584399925389,0 79.4790949578197,24.7584390438692,0 79.4790972655963,24.7584379836739,0 79.4790995095722,24.7584368148478,0 79.4791016836203,24.7584355405826,0 79.4791037818043,24.7584341643576,0 79.4791048853299,24.7584333575166,0 79.4791088723375,24.7584479765649,0 79.4791086807866,24.758449173755,0 79.479108372515,24.758451532926,0 79.4791082005983,24.7584539036394,0 79.4791081655128,24.7584562793285,0 79.4791082673556,24.758458653413,0 79.4791085058446,24.7584610193168,0 79.4791088803193,24.7584633704867,0 79.4791093897424,24.7584657004102,0 79.4791100327028,24.7584680026337,0 79.4791108074198,24.7584702707801,0 79.4791117117472,24.7584724985671,0 79.4791127431804,24.7584746798238,0 79.4791138988623,24.7584768085084,0 79.4791151755918,24.7584788787246,0 79.4791165698325,24.7584808847383,0 79.4791180777225,24.7584828209928,0 79.4791196950852,24.7584846821251,0 79.4791214174406,24.7584864629799,0 79.4791232400179,24.7584881586245,0 79.4791251577688,24.7584897643621,0 79.4791271653814,24.758491275745,0 79.4791292572947,24.7584926885868,0 79.4791314277144,24.7584939989741,0 79.4791336706287,24.7584952032773,0 79.4791359798248,24.7584962981605,0 79.4791383489066,24.758497280591,0 79.4791407713121,24.7584981478476,0 79.4791432403312,24.7584988975282,0 79.4791457491252,24.7584995275561,0 79.4791482907448,24.7585000361862,0 79.4791508581502,24.7585004220097,0 79.4791534442298,24.7585006839579,0 79.4791560418205,24.7585008213052,0 79.4791586437271,24.7585008336712,0 79.4791612427428,24.7585007210217,0 79.4791638316684,24.7585004836686,0 79.479166403333,24.7585001222694,0 79.4791689506132,24.7584996378251,0 79.4791714664534,24.7584990316777,0 79.4791739438849,24.758498305506,0 79.4791763760456,24.7584974613215,0 79.4791787561985,24.7584965014625,0 79.4791797294334,24.7584960516949,0 79.479168659952,24.7585311408366,0 79.4791643860378,24.7585318148587,0</coordinates></LinearRing></innerBoundaryIs><innerBoundaryIs><LinearRing><coordinates>79.4797464351947,24.7587026675157,0 79.4797489031123,24.7587033295745,0 79.4797514054,24.7587038735298,0 79.4797539352841,24.7587042979088,0 79.4797564859163,24.7587046015629,0 79.4797590503922,24.7587047836702,0 79.4797616217698,24.7587048437375,0 79.4797641930884,24.7587047816024,0 79.4797667573877,24.758704597433,0 79.4797693077261,24.7587042917279,0 79.4797718372,24.7587038653146,0 79.4797743389621,24.7587033193474,0 79.4797768062402,24.7587026553041,0 79.4797792323557,24.7587018749825,0 79.4797811678139,24.7587011470752,0 79.4797812235808,24.7587032646946,0 79.4797814206958,24.7587056181103,0 79.4797817522474,24.7587079589019,0 79.4797822173292,24.7587102806707,0 79.47978281467,24.7587125770699,0 79.4797835426368,24.7587148418219,0 79.4797843992397,24.7587170687361,0 79.4797853821371,24.7587192517247,0 79.4797864886421,24.7587213848203,0 79.4797877157301,24.7587234621921,0 79.4797890600465,24.7587254781612,0 79.4797905179167,24.7587274272167,0 79.4797920853554,24.7587293040308,0 79.4797937580778,24.758731103473,0 79.4797955315113,24.7587328206243,0 79.4797974008082,24.7587344507907,0 79.4797993608585,24.758735989516,0 79.4798014063042,24.7587374325939,0 79.4798035315539,24.7587387760797,0 79.479805730798,24.7587400163007,0 79.4798079980247,24.7587411498666,0 79.4798103270361,24.7587421736789,0 79.4798127114658,24.7587430849387,0 79.4798143713873,24.758743628086,0 79.4798142459312,24.7587443798531,0 79.4798139894524,24.7587467518234,0 79.4798138704337,24.7587491328485,0 79.4798138892068,24.7587515162909,0 79.4798140457194,24.7587538955064,0 79.4798143395352,24.7587562638627,0 79.4798147698352,24.7587586147576,0 79.4798153354198,24.7587609416377,0 79.4798160347124,24.7587632380165,0 79.4798168657637,24.7587654974925,0 79.4798178262569,24.758767713767,0 79.4798189135146,24.758769880662,0 79.4798201245059,24.7587719921369,0 79.479821455855,24.7587740423056,0 79.4798229038505,24.758776025453,0 79.4798244644561,24.7587779360509,0 79.4798261333212,24.758779768773,0 79.4798279057937,24.7587815185106,0 79.4798297769326,24.7587831803859,0 79.4798317415218,24.7587847497662,0 79.4798337940847,24.7587862222767,0 79.4798345427533,24.7587867032673,0 79.4798244463301,24.7587978911905,0 79.479822843354,24.75879976599,0 79.4798213507417,24.7588017152804,0 79.4798199726369,24.7588037336504,0 79.4798187128649,24.7588058154972,0 79.4798175749231,24.7588079550414,0 79.4798165619702,24.7588101463439,0 79.4798156768183,24.7588123833215,0 79.4798149219245,24.7588146597644,0 79.4798142993844,24.7588169693533,0 79.4798138109262,24.7588193056768,0 79.4798134579058,24.7588216622493,0 79.4798132413033,24.7588240325289,0 79.4798131617198,24.7588264099357,0 79.4798132193764,24.7588287878703,0 79.479813414113,24.7588311597313,0 79.479813745389,24.7588335189346,0 79.4798142122848,24.7588358589311,0 79.4798142201748,24.7588358893023,0 79.4798124832948,24.7588369311097,0 79.4798103950138,24.7588383320243,0 79.4798083899868,24.7588398309262,0 79.4798064737219,24.7588414236974,0 79.4798046514835,24.7588431059623,0 79.4798042931938,24.7588434733862,0 79.4798040705293,24.7588429353954,0 79.4798030243216,24.7588407609344,0 79.4798018543204,24.7588386397257,0 79.4798005637641,24.7588365776407,0 79.4797991562249,24.758834580387,0 79.4797976355988,24.758832653493,0 79.4797960060948,24.758830802292,0 79.4797942722232,24.7588290319081,0 79.4797924387832,24.7588273472415,0 79.4797905108498,24.7588257529554,0 79.4797884937591,24.7588242534625,0 79.4797863930944,24.7588228529133,0 79.4797842146703,24.7588215551845,0 79.4797819645163,24.758820363868,0 79.4797796488608,24.7588192822614,0 79.4797772741132,24.7588183133584,0 79.4797748468468,24.7588174598409,0 79.47977237378,24.7588167240713,0 79.4797698617581,24.7588161080863,0 79.4797673177341,24.7588156135907,0 79.4797647487498,24.7588152419534,0 79.4797621619158,24.758814994203,0 79.4797595643923,24.7588148710252,0 79.4797569633691,24.758814872761,0 79.4797543660456,24.7588149994056,0 79.479751779611,24.7588152506085,0 79.4797492112243,24.7588156256742,0 79.4797466679947,24.7588161235648,0 79.4797441569615,24.758816742902,0 79.4797416850751,24.7588174819716,0 79.4797267827481,24.758822337538,0 79.4797283352047,24.7588207972946,0 79.4797299758068,24.7588189893293,0 79.4797315112443,24.7588171059194,0 79.4797329373634,24.7588151521597,0 79.4797342503064,24.7588131333354,0 79.4797354465215,24.7588110549078,0 79.4797365227728,24.7588089224993,0 79.479737476149,24.7588067418784,0 79.4797383040708,24.7588045189439,0 79.4797390042989,24.7588022597093,0 79.4797395749389,24.7587999702861,0 79.4797400144471,24.7587976568675,0 79.4797403216347,24.7587953257116,0 79.4797404956707,24.7587929831246,0 79.4797405360842,24.7587906354435,0 79.479740442766,24.7587882890191,0 79.4797402159685,24.7587859501989,0 79.4797398563053,24.7587836253096,0 79.4797393647492,24.7587813206404,0 79.47973874263,24.7587790424259,0 79.4797379916308,24.7587767968289,0 79.4797371137829,24.758774589924,0 79.4797361114612,24.7587724276812,0 79.479734987377,24.7587703159498,0 79.4797337445712,24.7587682604422,0 79.4797323864058,24.758766266719,0 79.4797309165547,24.7587643401733,0 79.4797293389942,24.7587624860168,0 79.4797276579917,24.7587607092654,0 79.479727121328,24.7587601983378,0 79.4797277759514,24.7587598312073,0 79.4797299228454,24.7587584798441,0 79.4797319887239,24.7587570269995,0 79.4797339678401,24.7587554767151,0 79.4797358546883,24.7587538333035,0 79.4797376440197,24.7587521013365,0 79.4797393308564,24.758750285632,0 79.4797409105061,24.7587483912413,0 79.4797423785743,24.7587464234341,0 79.4797437309772,24.7587443876846,0 79.4797449639525,24.7587422896559,0 79.4797460740704,24.7587401351846,0 79.4797470582426,24.7587379302638,0 79.4797479137313,24.7587356810275,0 79.4797486381567,24.7587333937327,0 79.4797492295036,24.7587310747423,0 79.4797496861268,24.7587287305073,0 79.4797500067563,24.7587263675491,0 79.4797501905,24.758723992441,0 79.4797502368468,24.7587216117903,0 79.4797501456678,24.7587192322196,0 79.4797499172165,24.7587168603484,0 79.4797495521287,24.758714502775,0 79.4797490514199,24.7587121660578,0 79.4797484164829,24.7587098566971,0 79.4797476490841,24.7587075811172,0 79.4797467513583,24.7587053456486,0 79.4797457258029,24.7587031565098,0 79.4797452594495,24.7587022904183,0 79.4797464351947,24.7587026675157,0</coordinates></LinearRing></innerBoundaryIs><innerBoundaryIs><LinearRing><coordinates>79.4799250098428,24.7587711919261,0 79.4799275355555,24.7587706211633,0 79.479930024885,24.7587699298551,0 79.4799324709366,24.7587691199162,0 79.4799348669351,24.7587681935901,0 79.4799372062439,24.7587671534424,0 79.4799390373143,24.7587662274345,0 79.4799413293857,24.7587751206854,0 79.4799240344504,24.7587713876259,0 79.4799250098428,24.7587711919261,0</coordinates></LinearRing></innerBoundaryIs><innerBoundaryIs><LinearRing><coordinates>79.480372057734,24.7588426609194,0 79.4803716705565,24.7588428084578,0 79.480369334451,24.7588438330307,0 79.4803670603533,24.7588449679784,0 79.4803648545124,24.7588462101822,0 79.4803627229898,24.7588475562286,0 79.4803606716426,24.7588490024189,0 79.4803587061077,24.758850544779,0 79.4803568317864,24.7588521790708,0 79.4803550538289,24.7588539008032,0 79.4803533771209,24.7588557052453,0 79.4803518062699,24.7588575874385,0 79.4803503455925,24.7588595422108,0 79.4803489991024,24.7588615641907,0 79.4803477704996,24.758863647822,0 79.4803466631602,24.7588657873791,0 79.4803456801271,24.7588679769826,0 79.4803448241016,24.7588702106158,0 79.4803440974359,24.7588724821409,0 79.4803435021269,24.7588747853159,0 79.4803430398104,24.758877113812,0 79.4803427117568,24.7588794612306,0 79.4803425188677,24.7588818211214,0 79.4803424616729,24.7588841869995,0 79.4803424690042,24.7588844074665,0 79.4803388339053,24.7588876351823,0 79.4803370151286,24.7588893375098,0 79.4803352970554,24.7588911249369,0 79.4803336844543,24.7588929925029,0 79.4803329764197,24.7588939077985,0 79.4803339473979,24.7588793430389,0 79.4803340369119,24.7588769889913,0 79.4803339918367,24.7588746338848,0 79.4803338122952,24.7588722841309,0 79.4803334987761,24.7588699461267,0 79.4803330521331,24.7588676262373,0 79.4803324735819,24.7588653307785,0 79.4803317646978,24.7588630659995,0 79.4803309274107,24.758860838066,0 79.4803299639999,24.7588586530435,0 79.4803288770884,24.7588565168805,0 79.4803276696352,24.7588544353926,0 79.4803263449274,24.7588524142466,0 79.4803249065717,24.7588504589449,0 79.4803233584838,24.7588485748106,0 79.4803226829518,24.7588478362718,0 79.4803329477054,24.758834782824,0 79.4803332687752,24.7588350029204,0 79.4803354283792,24.7588363271187,0 79.4803376612719,24.7588375457591,0 79.4803399612715,24.7588386554678,0 79.4803423220101,24.7588396531724,0 79.480344736952,24.7588405361108,0 79.480347199411,24.7588413018385,0 79.4803497025698,24.7588419482354,0 79.4803522394982,24.758842473512,0 79.4803548031724,24.758842876214,0 79.4803573864947,24.7588431552265,0 79.480359982313,24.7588433097771,0 79.4803625834406,24.7588433394378,0 79.4803651826761,24.7588432441265,0 79.4803677728232,24.7588430241071,0 79.4803720304042,24.7588425589935,0 79.480372057734,24.7588426609194,0</coordinates></LinearRing></innerBoundaryIs><innerBoundaryIs><LinearRing><coordinates>79.480184419893,24.759117753035,0 79.4801833087698,24.7591187466353,0 79.480182475353,24.7591195319494,0 79.4801822585355,24.7591175113378,0 79.4801818663502,24.75911515083,0 79.4801813380434,24.7591128125564,0 79.4801811748768,24.7591122441383,0 79.4801852113257,24.759115254372,0 79.480184419893,24.759117753035,0</coordinates></LinearRing></innerBoundaryIs><innerBoundaryIs><LinearRing><coordinates>79.4800675047054,24.7597129795074,0 79.4800674129019,24.7597128020464,0 79.4800674987921,24.7597127527391,0 79.4800675047054,24.7597129795074,0</coordinates></LinearRing></innerBoundaryIs><innerBoundaryIs><LinearRing><coordinates>79.4800729188178,24.7597387752364,0 79.4800737742798,24.7597410096954,0 79.4800747568308,24.7597432001388,0 79.4800758637696,24.7597453405443,0 79.4800770920527,24.7597474250273,0 79.4800784383033,24.7597494478569,0 79.4800798988202,24.7597514034716,0 79.4800814695878,24.7597532864949,0 79.4800828334707,24.7597547549488,0 79.4800818526086,24.7597562613496,0 79.4800806391567,24.7597583710014,0 79.4800795493071,24.7597605361813,0 79.4800785860966,24.7597627508564,0 79.4800777522088,24.759765008856,0 79.4800770499672,24.7597673038887,0 79.4800764813285,24.7597696295599,0 79.4800760478772,24.7597719793894,0 79.4800757508208,24.75977434683,0 79.4800755909872,24.7597767252854,0 79.4800755688217,24.7597791081284,0 79.4800757688176,24.7597893081283,0 79.4800759139059,24.7597920489688,0 79.4800762410944,24.7597947766967,0 79.4800795307233,24.7598161711826,0 79.4800565705917,24.7597804189996,0 79.4800570063667,24.7597795580828,0 79.4800645063623,24.7597636580803,0 79.4800653273566,24.7597618057714,0 79.4800660577758,24.7597599221017,0 79.4800666961889,24.7597580107622,0 79.4800706961845,24.7597450107607,0 79.4800713375251,24.7597426922435,0 79.4800718435121,24.7597403459688,0 79.4800722127256,24.7597379785203,0 79.4800723180072,24.7597368947939,0 79.4800729188178,24.7597387752364,0</coordinates></LinearRing></innerBoundaryIs><innerBoundaryIs><LinearRing><coordinates>79.4800722516302,24.7599033961529,0 79.4800737578282,24.7599053186195,0 79.4800753721639,24.7599071664613,0 79.4800754314157,24.7599072307558,0 79.4800660623941,24.759911548881,0 79.4800640275366,24.7599107644857,0 79.4800615903843,24.7599099596226,0 79.4800591103903,24.7599092724833,0 79.4800565943694,24.759908704956,0 79.4800540492356,24.7599082586003,0 79.4800514819828,24.7599079346428,0 79.4800488996658,24.7599077339737,0 79.4800463093805,24.7599076571443,0 79.4800333596175,24.7599075831461,0 79.4800279375844,24.7599066319123,0 79.4800288032196,24.7599055219625,0 79.4800300184949,24.7599037785293,0 79.4800428137682,24.759905789529,0 79.480045398202,24.7599061318122,0 79.4800479988237,24.759906349007,0 79.4800506083774,24.7599064405075,0 79.4800532195817,24.7599064060583,0 79.4800558251511,24.7599062457556,0 79.4800584178155,24.7599059600466,0 79.480060990341,24.7599055497286,0 79.4800635355497,24.7599050159463,0 79.4800660463402,24.7599043601891,0 79.4800685157068,24.7599035842868,0 79.4800709367597,24.7599026904041,0 79.4800715689748,24.7599024206904,0 79.4800722516302,24.7599033961529,0</coordinates></LinearRing></innerBoundaryIs><innerBoundaryIs><LinearRing><coordinates>79.4799711918964,24.7599232616563,0 79.4799695011558,24.7599250107525,0 79.479967911632,24.7599268372705,0 79.4799664275701,24.7599287363323,0 79.4799650529335,24.7599307028661,0 79.4799637913936,24.7599327316197,0 79.4799626463196,24.759934817175,0 79.4799616207697,24.759936953962,0 79.4799607174827,24.7599391362741,0 79.4799601204835,24.7599408399959,0 79.4799593178414,24.7599409952321,0 79.4799396184299,24.7599231509265,0 79.4799377487385,24.7599215431072,0 79.4799357901294,24.7599200261167,0 79.4799337478882,24.7599186040489,0 79.4799316275262,24.7599172807416,0 79.4799296214961,24.7599161637414,0 79.4799305736611,24.7599143680464,0 79.4799460884514,24.7599046651442,0 79.4799477047265,24.7599067110081,0 79.4799492621579,24.7599085781047,0 79.4799509237547,24.7599103687674,0 79.4799526850257,24.7599120781561,0 79.4799545412103,24.7599137016505,0 79.4799564872914,24.7599152348624,0 79.4799585180088,24.7599166736475,0 79.4799606278736,24.759918014117,0 79.479962811183,24.7599192526476,0 79.4799650620356,24.7599203858917,0 79.4799673743476,24.7599214107861,0 79.4799697418689,24.7599223245607,0 79.479971553439,24.7599229244747,0 79.4799711918964,24.7599232616563,0</coordinates></LinearRing></innerBoundaryIs><innerBoundaryIs><LinearRing><coordinates>79.4795335645836,24.7595136896248,0 79.4795316764219,24.759515286174,0 79.4795298817969,24.759516970273,0 79.4795281855708,24.7595187373589,0 79.4795265923393,24.759520582644,0 79.4795254926817,24.7595220024217,0 79.4795045693315,24.7595349694824,0 79.479503643982,24.7595346923602,0 79.4795038095052,24.7595331651541,0 79.479503929219,24.7595307974942,0 79.4795039126778,24.7595284273602,0 79.4795037599273,24.7595260612857,0 79.4795034713886,24.7595237057929,0 79.4795030478569,24.7595213673748,0 79.4795024904999,24.7595190524775,0 79.4795018008539,24.7595167674822,0 79.4795009808199,24.7595145186875,0 79.4795000326586,24.7595123122925,0 79.4794989589834,24.7595101543791,0 79.4794977627542,24.7595080508959,0 79.4794967597035,24.7595064929254,0 79.4795121540804,24.7595081378032,0 79.4795147071787,24.7595083494938,0 79.479517268862,24.7595084400543,0 79.4795198322423,24.7595084092411,0 79.4795223904271,24.759508257137,0 79.479524936538,24.7595079841511,0 79.4795274637289,24.7595075910174,0 79.4795299652045,24.7595070787929,0 79.479531070161,24.7595067968794,0 79.4795310785075,24.7595068220126,0 79.4795319540242,24.7595090356789,0 79.4795329547001,24.7595112046708,0 79.4795340686875,24.7595133058756,0 79.4795335645836,24.7595136896248,0</coordinates></LinearRing></innerBoundaryIs><innerBoundaryIs><LinearRing><coordinates>79.4810575397468,24.7599548687065,0 79.481056955936,24.7599525669428,0 79.4810562410401,24.7599502962221,0 79.4810553970173,24.7599480627644,0 79.4810544261795,24.7599458726875,0 79.4810378261687,24.759911072692,0 79.4810367290843,24.7599089281706,0 79.4810355104107,24.7599068391031,0 79.4810341734982,24.7599048112326,0 79.481032722022,24.7599028501338,0 79.4810311599724,24.759900961198,0 79.4810294916436,24.7598991496179,0 79.4810277216219,24.7598974203738,0 79.4810258547733,24.7598957782195,0 79.4810238962298,24.7598942276693,0 79.4810218513758,24.7598927729859,0 79.4810197258325,24.7598914181683,0 79.4810184471188,24.7598906910416,0 79.4810200621876,24.7598903119627,0 79.4810225414844,24.7598896013102,0 79.4810249764637,24.7598887726876,0 79.4810273603985,24.7598878283844,0 79.4810296867027,24.7598867710092,0 79.4810319489495,24.7598856034834,0 79.481034140889,24.7598843290323,0 79.4810362564656,24.7598829511769,0 79.4810382898347,24.7598814737237,0 79.4810402353787,24.7598799007545,0 79.4810420877227,24.7598782366149,0 79.4810438417493,24.7598764859024,0 79.4810454926126,24.7598746534536,0 79.4810470357519,24.7598727443309,0 79.481048466904,24.7598707638088,0 79.481049782115,24.7598687173587,0 79.4810509777515,24.7598666106343,0 79.4810520505103,24.7598644494557,0 79.4810528667418,24.7598625447537,0 79.481052907576,24.7598632754485,0 79.4810531730248,24.7598656171737,0 79.4810535718073,24.7598679430785,0 79.4810541028389,24.7598702468374,0 79.4810547646755,24.7598725221852,0 79.4810555555171,24.7598747629337,0 79.481056473213,24.7598769629891,0 79.4810575152673,24.7598791163682,0 79.4810586788462,24.7598812172144,0 79.4810599607852,24.7598832598145,0 79.4810613575979,24.7598852386134,0 79.4810614148711,24.7598853111451,0 79.4810607712844,24.7598861645642,0 79.4810594348363,24.7598881485803,0 79.4810582122393,24.7598901929,0 79.4810571067482,24.7598922920807,0 79.481056121306,24.7598944405339,0 79.4810552585364,24.7598966325399,0 79.4810545207362,24.7598988622632,0 79.4810539098695,24.7599011237675,0 79.4810534275627,24.7599034110324,0 79.4810530750998,24.7599057179684,0 79.4810528534191,24.7599080384341,0 79.4810527631109,24.7599103662517,0 79.4810528044155,24.7599126952241,0 79.481052977223,24.759915019151,0 79.4810532810733,24.7599173318455,0 79.4810537151576,24.7599196271507,0 79.4810542783201,24.7599218989559,0 79.4810607018263,24.7599450236125,0 79.4810577206564,24.7599558016741,0 79.4810575397468,24.7599548687065,0</coordinates></LinearRing></innerBoundaryIs><innerBoundaryIs><LinearRing><coordinates>79.4810554622214,24.7598259466285,0 79.4810627103567,24.7598250201742,0 79.4810617033799,24.7598337376867,0 79.4810600210786,24.7598362499218,0 79.4810587339041,24.7598382897745,0 79.4810575649397,24.7598403881264,0 79.4810565173647,24.7598425392708,0 79.4810558838759,24.7598440473483,0 79.4810554622214,24.7598259466285,0</coordinates></LinearRing></innerBoundaryIs><innerBoundaryIs><LinearRing><coordinates>79.4811061871988,24.7597430611508,0 79.4811065419917,24.7597430027003,0 79.4811090484753,24.7597424654048,0 79.4811115209275,24.7597418096895,0 79.4811118898035,24.7597416925278,0 79.481111577154,24.7597425351075,0 79.4811108771381,24.7597448055254,0 79.4811103079456,24.7597471062299,0 79.4811098711302,24.7597494309402,0 79.4811096282995,24.7597513066437,0 79.4811095645352,24.7597513338997,0 79.4811072616748,24.7597524572149,0 79.4811066072102,24.7597528182449,0 79.4811061871988,24.7597430611508,0</coordinates></LinearRing></innerBoundaryIs><innerBoundaryIs><LinearRing><coordinates>79.4811332303023,24.7595937403682,0 79.481130767308,24.7595943033387,0 79.481128339214,24.7595949810286,0 79.4811259524242,24.7595957716505,0 79.4811236132335,24.7595966731191,0 79.481122285667,24.7595972597765,0 79.4811217731371,24.7595966485949,0 79.4811201390377,24.7595948932846,0 79.4811184089967,24.7595932163828,0 79.4811165875196,24.7595916222567,0 79.4811159561411,24.7595911235521,0 79.4811183067974,24.7595904207285,0 79.4811207165541,24.7595895705772,0 79.4811230743875,24.7595886066475,0 79.4811253738595,24.7595875315711,0 79.4811276086918,24.7595863482835,0 79.4811297727822,24.7595850600157,0 79.4811307879725,24.7595843841442,0 79.4811336439816,24.7595936661858,0 79.4811332303023,24.7595937403682,0</coordinates></LinearRing></innerBoundaryIs><innerBoundaryIs><LinearRing><coordinates>79.4809799905677,24.7598854252542,0 79.4809775007987,24.7598860839856,0 79.4809750522635,24.7598868609714,0 79.4809726516936,24.7598877540755,0 79.4809703056881,24.7598887608427,0 79.4809680206965,24.7598898785055,0 79.4809663824454,24.7598907837933,0 79.4809657487341,24.7598890894537,0 79.4809647781612,24.7598868821043,0 79.4809636816085,24.759884724499,0 79.4809624621203,24.7598826226278,0 79.4809611230822,24.7598805823258,0 79.4809596682116,24.7598786092575,0 79.4809581015476,24.7598767089005,0 79.4809564274396,24.7598748865306,0 79.4809546505353,24.7598731472072,0 79.4809527757678,24.7598714957589,0 79.4809508083418,24.7598699367705,0 79.4809487537194,24.7598684745702,0 79.4809485705023,24.7598683578053,0 79.4809488979496,24.7598666613812,0 79.4809492144375,24.7598642992812,0 79.4809493941696,24.7598619252345,0 79.4809494366462,24.759859545838,0 79.4809493417495,24.7598571677036,0 79.480949109743,24.7598547974394,0 79.4809487412716,24.7598524416321,0 79.4809482373591,24.7598501068278,0 79.4809475994057,24.7598477995145,0 79.4809468291843,24.7598455261035,0 79.4809459288351,24.7598432929124,0 79.4809449008599,24.7598411061465,0 79.4809437481154,24.7598389718824,0 79.4809424738046,24.7598368960508,0 79.480941747658,24.7598358469225,0 79.4809437069853,24.7598344062605,0 79.4809441307106,24.7598340597212,0 79.4809471858134,24.7598370489459,0 79.4809615484204,24.7598656930348,0 79.4809626919104,24.75986782376,0 79.4809639564281,24.7598698966796,0 79.4809653384799,24.7598719060669,0 79.4809668342478,24.7598738463705,0 79.4809684395994,24.7598757122301,0 79.4809701500996,24.7598774984907,0 79.4809719610228,24.7598792002177,0 79.4809738673662,24.7598808127095,0 79.480975863863,24.7598823315116,0 79.4809779449977,24.7598837524278,0 79.4809801050206,24.7598850715327,0 79.4809805400666,24.7598853079888,0 79.4809799905677,24.7598854252542,0</coordinates></LinearRing></innerBoundaryIs><innerBoundaryIs><LinearRing><coordinates>79.4808646689229,24.7597377203966,0 79.4808628731261,24.7597360302885,0 79.4808609832551,24.759734427987,0 79.4808590044524,24.7597329178519,0 79.4808569421023,24.7597315039924,0 79.4808548018166,24.7597301902555,0 79.4808525894189,24.7597289802161,0 79.4808503109292,24.7597278771666,0 79.4808485334477,24.7597271223102,0 79.4808505906325,24.7597266252801,0 79.4808530502847,24.7597259035341,0 79.4808554652878,24.759725065447,0 79.4808578290469,24.7597241133075,0 79.4808601351071,24.7597230497155,0 79.4808623771709,24.7597218775755,0 79.4808645491158,24.7597206000884,0 79.4808666450107,24.7597192207428,0 79.4808684612929,24.7597178884282,0 79.4808677170181,24.7597201136155,0 79.4808670619197,24.759722260529,0 79.4808665236593,24.7597244343488,0 79.480866103549,24.7597266297766,0 79.4808658026126,24.7597288414615,0 79.4808656215837,24.7597310640132,0 79.4808655609033,24.7597332920146,0 79.4808656207195,24.7597355200354,0 79.4808658032888,24.7597389058904,0 79.4808646689229,24.7597377203966,0</coordinates></LinearRing></innerBoundaryIs><innerBoundaryIs><LinearRing><coordinates>79.4808841878012,24.7596707423457,0 79.4808834045442,24.7596684943006,0 79.4808824937472,24.7596662866868,0 79.4808814578973,24.7596641255326,0 79.4808802998233,24.7596620167398,0 79.4808790226877,24.759659966067,0 79.4808776299778,24.7596579791142,0 79.4808761254971,24.7596560613073,0 79.4808751729127,24.7596549720636,0 79.4808764376488,24.7596542721339,0 79.4808786060463,24.7596529234924,0 79.4808806930391,24.7596514717126,0 79.48088269275,24.759649920883,0 79.4808845995474,24.759648275371,0 79.4808864080613,24.7596465398106,0 79.4808881131987,24.7596447190895,0 79.4808897101576,24.7596428183352,0 79.4808911944408,24.7596408429006,0 79.480891739733,24.7596400275898,0 79.4808933416192,24.7596398962068,0 79.4808868949193,24.7596627766726,0 79.4808842075349,24.7596708112574,0 79.4808841878012,24.7596707423457,0</coordinates></LinearRing></innerBoundaryIs><innerBoundaryIs><LinearRing><coordinates>79.4809006423165,24.7593676960257,0 79.4808998064613,24.7593670160637,0 79.4808996514178,24.7593669026851,0 79.4809000290084,24.7593668508153,0 79.4809006953112,24.7593667264989,0 79.4809006423165,24.7593676960257,0</coordinates></LinearRing></innerBoundaryIs><innerBoundaryIs><LinearRing><coordinates>79.4788725328255,24.7592560076762,0 79.478871946973,24.7592583297037,0 79.4788714961164,24.7592606767236,0 79.4788711815119,24.7592630421967,0 79.4788710040359,24.7592654195326,0 79.478870982486,24.7592667078753,0 79.4788699313321,24.7592669022338,0 79.4788674410175,24.7592674872542,0 79.4788649873832,24.7592681897162,0 79.4788625770666,24.7592690077194,0 79.4788602165883,24.759269939051,0 79.478857912334,24.7592709811916,0 79.4788572137172,24.7592713396096,0 79.4788552846068,24.75927021619,0 79.4788490057112,24.7592667672202,0 79.4788473425429,24.7592441759694,0 79.4788682644252,24.7592532104194,0 79.4788705875966,24.7592541477097,0 79.4788728673223,24.7592549423679,0 79.4788725328255,24.7592560076762,0</coordinates></LinearRing></innerBoundaryIs></Polygon>
  </Placemark>
  
    </Document>
</kml>