<?xml version="1.0" encoding="UTF-8"?>
<kml xmlns="http://www.opengis.net/kml/2.2">
    <Document>
        <Placemark xmlns:ns0="http://www.opengis.net/kml/2.2">
	<Style><LineStyle><color>ff0000ff</color></LineStyle><PolyStyle><fill>0</fill></PolyStyle></Style>
	<ExtendedData><SchemaData schemaUrl="#Wave23_v27MAR2025">
		<SimpleData name="area(ha)">21.767475853371177</SimpleData>
		<SimpleData name="site_id">230007_1.1</SimpleData>
		<SimpleData name="Land_parc">230007</SimpleData>
		<SimpleData name="district">Chhatarpur</SimpleData>
		<SimpleData name="block">Satai</SimpleData>
		<SimpleData name="village">Kasar</SimpleData>
		<SimpleData name="Land Type">Community</SimpleData>
		<SimpleData name="Instance">Wave 2023</SimpleData>
	</SchemaData></ExtendedData>
      <Polygon><outerBoundaryIs><LinearRing><coordinates>79.6563050597874,24.6574018861802,0 79.6563127123201,24.6574194232454,0 79.6563137357571,24.6574216007091,0 79.6563148828103,24.6574237260951,0 79.6563161503193,24.657425793547,0 79.6563175347915,24.6574277973684,0 79.6563190324124,24.6574297320381,0 79.6563206390554,24.6574315922253,0 79.6563223502938,24.6574333728047,0 79.6563241614124,24.6574350688702,0 79.6563260674211,24.6574366757484,0 79.6563280630681,24.6574381890119,0 79.6563301428547,24.6574396044912,0 79.6563323010505,24.6574409182861,0 79.6563345317089,24.6574421267767,0 79.6563368286836,24.6574432266331,0 79.6563391856457,24.6574442148249,0 79.656341596101,24.6574450886293,0 79.6563440534078,24.6574458456386,0 79.6563465507955,24.6574464837671,0 79.6563490813828,24.6574470012564,0 79.6563516381972,24.6574473966808,0 79.6563542141937,24.6574476689506,0 79.6563568022746,24.6574478173157,0 79.6563593953089,24.6574478413673,0 79.6563619861518,24.6574477410391,0 79.6563645676647,24.6574475166075,0 79.6563671327347,24.657447168691,0 79.6563696742941,24.6574466982482,0 79.65637218534,24.6574461065752,0 79.6563746589537,24.6574453953024,0 79.6563770883195,24.6574445663896,0 79.6563794667436,24.6574436221206,0 79.6563817876728,24.6574425650974,0 79.656384044712,24.6574413982322,0 79.6563862316424,24.6574401247403,0 79.6563883424382,24.6574387481306,0 79.6563903712834,24.657437272196,0 79.6563923125879,24.6574357010033,0 79.6563941610028,24.6574340388817,0 79.656395911435,24.6574322904108,0 79.6563975590614,24.6574304604083,0 79.6563990993425,24.6574285539165,0 79.6564068203833,24.6574184527037,0 79.6564245182979,24.6574219993783,0 79.6564270390298,24.6574224421437,0 79.6564295815242,24.6574227646569,0 79.6564321389172,24.6574229660473,0 79.6564347043042,24.6574230457711,0 79.6564372707596,24.6574230036132,0 79.6564398313544,24.6574228396873,0 79.6564423791759,24.657422554436,0 79.6564449073454,24.6574221486294,0 79.6564474090377,24.6574216233631,0 79.6564498774987,24.6574209800551,0 79.6564523060644,24.6574202204422,0 79.6564546881782,24.6574193465752,0 79.6564570174089,24.6574183608133,0 79.6564592874684,24.6574172658178,0 79.6564614922279,24.6574160645449,0 79.65646178657,24.6574158846006,0 79.6564619385877,24.6574165454855,0 79.6564626055937,24.6574188390454,0 79.6564634035561,24.6574210974058,0 79.6564643302699,24.6574233143266,0 79.6564653831746,24.6574254836823,0 79.6564665593608,24.6574275994785,0 79.6565081593424,24.6574977994897,0 79.6565094361289,24.6574998268185,0 79.6565108261003,24.6575017909919,0 79.6565123255254,24.6575036867371,0 79.6565139303791,24.6575055089653,0 79.6565156363534,24.6575072527848,0 79.6565174388687,24.6575089135145,0 79.6565193330864,24.6575104866964,0 79.6565213139215,24.6575119681074,0 79.6565233760568,24.6575133537707,0 79.6565255139567,24.6575146399667,0 79.6565277218821,24.6575158232427,0 79.656529993906,24.6575169004224,0 79.6565323239295,24.657517868614,0 79.6565347056978,24.6575187252187,0 79.6565371328173,24.657519467937,0 79.6565395987726,24.657520094775,0 79.6565420969441,24.6575206040501,0 79.6565446206257,24.6575209943952,0 79.6565471630427,24.6575212647624,0 79.6565497173704,24.657521414426,0 79.6565522767517,24.6575214429843,0 79.6565548343165,24.6575213503604,0 79.656557383199,24.6575211368032,0 79.656559916557,24.6575208028858,0 79.65656242759,24.6575203495046,0 79.6565649095574,24.6575197778768,0 79.6565673557965,24.6575190895367,0 79.6565697597406,24.6575182863321,0 79.6565721149367,24.6575173704193,0 79.6565744150622,24.6575163442568,0 79.6565766539429,24.6575152105993,0 79.6565788255686,24.6575139724901,0 79.6565809241098,24.6575126332526,0 79.6565829439333,24.6575111964819,0 79.6565848796168,24.657509666035,0 79.6565867259643,24.6575080460201,0 79.6565884780195,24.6575063407861,0 79.6565901310791,24.6575045549105,0 79.6565916807057,24.6575026931873,0 79.6565931227394,24.657500760614,0 79.6565944533092,24.6574987623787,0 79.6565956688433,24.6574967038452,0 79.6566165688341,24.6574590038387,0 79.6566176682259,24.6574568860837,0 79.656618645863,24.6574547190371,0 79.6566194991102,24.6574525085404,0 79.6566202256674,24.657450260552,0 79.6566208235762,24.6574479811318,0 79.6566212912249,24.6574456764239,0 79.6566216273527,24.657443352641,0 79.6566218310539,24.6574410160469,0 79.6566219017791,24.6574386729403,0 79.6566218393379,24.657436329637,0 79.6566216438985,24.6574339924537,0 79.6566213159877,24.6574316676905,0 79.6566208564895,24.6574293616138,0 79.6566202666425,24.65742708044,0 79.6566195480366,24.6574248303182,0 79.6566187026091,24.6574226173136,0 79.6566177326386,24.6574204473917,0 79.656599915866,24.657383369272,0 79.6565998616112,24.65738323131,0 79.656607368143,24.6573754446797,0 79.6566090370785,24.6573736186337,0 79.6566105984332,24.6573717147742,0 79.6566120478711,24.6573697383888,0 79.6566133813668,24.6573676949663,0 79.6566145952168,24.6573655901816,0 79.65661568605,24.6573634298802,0 79.656616650837,24.6573612200617,0 79.6566174868985,24.6573589668631,0 79.6566217603863,24.6573463674289,0 79.6566281951493,24.6573427478738,0 79.6566302965075,24.6573414975704,0 79.656632325739,24.657340151436,0 79.6566342776161,24.6573387129386,0 79.6566361471101,24.6573371857843,0 79.6566379294049,24.6573355739072,0 79.6566396199086,24.6573338814602,0 79.6566412142661,24.6573321128033,0 79.6566427083699,24.6573302724932,0 79.6566440983708,24.6573283652709,0 79.6566453806878,24.65732639605,0 79.6566465520172,24.6573243699037,0 79.6566476093415,24.657322292052,0 79.6566485499367,24.6573201678479,0 79.6566493713795,24.6573180027639,0 79.6566521950613,24.6573099017122,0 79.6566524326258,24.6573099149396,0 79.6566896638206,24.6573209464047,0 79.6566921494331,24.6573216175637,0 79.6566946701418,24.6573221686646,0 79.6566972190084,24.6573225981903,0 79.6566997890171,24.6573229049587,0 79.6567023730939,24.6573230881254,0 79.6567049641261,24.6573231471861,0 79.6567075549817,24.6573230819783,0 79.6567101385295,24.6573228926816,0 79.6567127076581,24.6573225798168,0 79.6567152552959,24.6573221442453,0 79.6567177744307,24.657321587166,0 79.6567202581282,24.6573209101121,0 79.6567226995522,24.6573201149473,0 79.6567250919826,24.6573192038604,0 79.6567274288341,24.657318179359,0 79.6567297036746,24.6573170442632,0 79.6567319102424,24.6573158016973,0 79.656734042464,24.6573144550816,0 79.6567360944703,24.6573130081225,0 79.6567380606132,24.657311464803,0 79.6567399354809,24.657309829371,0 79.6567417139128,24.657308106328,0 79.6567433910135,24.6573063004168,0 79.6567449621671,24.6573044166082,0 79.6567464230487,24.6573024600875,0 79.6567477696373,24.6573004362398,0 79.6567489982264,24.6572983506361,0 79.6567501054342,24.6572962090168,0 79.6567510882133,24.6572940172769,0 79.6567519438584,24.6572917814492,0 79.6567526700144,24.6572895076878,0 79.6567532646825,24.6572872022513,0 79.656753726226,24.6572848714855,0 79.6567540533743,24.6572825218057,0 79.6567542452271,24.6572801596797,0 79.6567543012562,24.6572777916091,0 79.6567542644936,24.6572767029686,0 79.6567548253508,24.6572779648147,0 79.6567559062311,24.6572800767878,0 79.6567571049784,24.6572821349484,0 79.6567584183953,24.6572841338075,0 79.6567598429792,24.6572860680338,0 79.6567613749304,24.6572879324688,0 79.6567630101633,24.6572897221399,0 79.6567647443165,24.657291432274,0 79.6567665727651,24.65729305831,0 79.6567684906324,24.6572945959113,0 79.6567704928035,24.6572960409769,0 79.6567725739384,24.6572973896529,0 79.6567747284866,24.6572986383422,0 79.6567769507019,24.6572997837145,0 79.6567792346575,24.6573008227151,0 79.6567815742621,24.6573017525728,0 79.6567839632756,24.6573025708078,0 79.6567863953266,24.6573032752377,0 79.6567888639287,24.6573038639838,0 79.6567913624979,24.6573043354759,0 79.6568595625209,24.6573155354808,0 79.6568621613523,24.6573158973239,0 79.6568647775661,24.6573161323175,0 79.6568674037541,24.6573162397964,0 79.65687003248,24.657316219456,0 79.6568726563002,24.6573160713542,0 79.6568752677849,24.6573157959101,0 79.6568778595394,24.6573153939038,0 79.6568804242249,24.6573148664736,0 79.656882954579,24.657314215113,0 79.6569424464904,24.6572973270876,0 79.656953169922,24.6572953920323,0 79.656955626824,24.6572948889129,0 79.6569580524855,24.6572942720489,0 79.6569604406057,24.6572935430427,0 79.6569627849813,24.6572927037879,0 79.6569650795226,24.6572917564645,0 79.6569673182695,24.6572907035333,0 79.6569694954065,24.6572895477294,0 79.6569716052785,24.6572882920549,0 79.6569736424049,24.6572869397717,0 79.6569756014941,24.6572854943923,0 79.6569774774573,24.6572839596712,0 79.6569792654216,24.657282339595,0 79.6569809607425,24.6572806383719,0 79.6569825590165,24.657278860421,0 79.6569840560918,24.6572770103606,0 79.6569854480797,24.6572750929963,0 79.6569981480763,24.6572565929927,0 79.6569994401567,24.6572545989051,0 79.6570006185662,24.6572525468521,0 79.6570016801998,24.6572504422408,0 79.65700262226,24.6572482906166,0 79.6570034422648,24.6572460976489,0 79.6570041380534,24.6572438691159,0 79.6570047077925,24.6572416108898,0 79.6570051499808,24.6572393289207,0 79.6570054634534,24.6572370292215,0 79.6570056473842,24.6572347178516,0 79.6570057012885,24.6572324009013,0 79.6570056250244,24.6572300844758,0 79.6570054187927,24.6572277746784,0 79.657005083137,24.6572254775954,0 79.6570046189416,24.6572231992794,0 79.6570040274297,24.6572209457335,0 79.6570033101598,24.6572187228957,0 79.6570024690219,24.657216536623,0 79.6570015062324,24.6572143926761,0 79.6570004243282,24.657212296704,0 79.6569992261599,24.6572102542295,0 79.6569985081105,24.6572091680203,0 79.6570245309832,24.6572199310215,0 79.6570269105966,24.6572208475231,0 79.6570293393628,24.6572216491377,0 79.6570318106455,24.6572223336749,0 79.6570343176926,24.6572228992643,0 79.6570368536539,24.6572233443606,0 79.6570394116004,24.6572236677477,0 79.6570419845429,24.6572238685419,0 79.6570445654514,24.6572239461947,0 79.6570471472739,24.6572239004938,0 79.6570497229563,24.657223731564,0 79.6570522854607,24.6572234398671,0 79.6570548277858,24.6572230262,0 79.657057342985,24.6572224916929,0 79.657059824186,24.6572218378063,0 79.6570622646093,24.6572210663268,0 79.6570646575871,24.6572201793624,0 79.6570669965809,24.6572191793366,0 79.6570692751998,24.6572180689816,0 79.6570714872179,24.6572168513314,0 79.6570736265913,24.6572155297129,0 79.6570756874745,24.6572141077373,0 79.6570776642367,24.6572125892898,0 79.6570795514765,24.6572109785193,0 79.6570813440375,24.6572092798269,0 79.6570830370218,24.6572074978541,0 79.6570846258038,24.6572056374696,0 79.6570861060422,24.6572037037568,0 79.6570874736928,24.657201701999,0 79.6570887250185,24.6571996376658,0 79.6570898566004,24.6571975163975,0 79.6570908653467,24.6571953439902,0 79.6570917485011,24.6571931263795,0 79.6570925036506,24.6571908696245,0 79.657093128732,24.6571885798916,0 79.6570936220372,24.657186263437,0 79.6570939822184,24.65718392659,0 79.6570942082916,24.6571815757354,0 79.657094299639,24.6571792172968,0 79.657094256011,24.657176857718,0 79.6570940775268,24.6571745034461,0 79.6570937646742,24.6571721609138,0 79.657093698294,24.6571718152476,0 79.6570942499326,24.6571714350429,0 79.6570961954421,24.6571699448896,0 79.6570980546248,24.6571683653748,0 79.6570998225721,24.6571667006688,0 79.6571229225717,24.6571438006633,0 79.6571246373468,24.657142008104,0 79.6571262463282,24.6571401354205,0 79.657127745041,24.6571381878213,0 79.6571291293166,24.6571361707232,0 79.657130395305,24.6571340897365,0 79.6571315394851,24.657131950649,0 79.6571325586746,24.6571297594101,0 79.6571334500388,24.6571275221144,0 79.6571342110985,24.6571252449846,0 79.6571348397371,24.6571229343539,0 79.657135334206,24.657120596649,0 79.6571356931301,24.6571182383718,0 79.657135915511,24.6571158660813,0 79.6571359921543,24.6571137258565,0 79.6571605930673,24.6571115342371,0 79.6571631307752,24.6571112473962,0 79.6571656488431,24.6571108409394,0 79.6571681405247,24.6571103159558,0 79.6571705991446,24.6571096738517,0 79.6571730181156,24.6571089163476,0 79.6571753909573,24.6571080454727,0 79.6571777113123,24.6571070635604,0 79.6571799729642,24.6571059732413,0 79.6571821698537,24.6571047774364,0 79.6571842960951,24.6571034793495,0 79.657186345992,24.6571020824584,0 79.6571883140524,24.6571005905054,0 79.6571901950036,24.6570990074877,0 79.6571919838063,24.6570973376464,0 79.6571936756682,24.6570955854552,0 79.6571952660565,24.6570937556084,0 79.6571967507104,24.6570918530085,0 79.6571981256522,24.6570898827526,0 79.6571993871985,24.6570878501195,0 79.6572005319693,24.6570857605547,0 79.6572015568976,24.6570836196565,0 79.6572024592377,24.6570814331606,0 79.6572032365719,24.6570792069248,0 79.6572038868177,24.6570769469136,0 79.6572044082331,24.6570746591817,0 79.6572047994211,24.6570723498584,0 79.6572050593337,24.6570700251304,0 79.6572051872746,24.6570676912262,0 79.6572051829009,24.6570653543985,0 79.6572050462244,24.6570630209079,0 79.6572047776114,24.6570606970061,0 79.6572043777814,24.6570583889192,0 79.6572038478056,24.6570561028308,0 79.657203189104,24.6570538448656,0 79.657203060431,24.6570534806611,0 79.6572553981879,24.6570600298711,0 79.6572579924921,24.6570602909098,0 79.6572605982612,24.6570604263698,0 79.6572632082219,24.657060435873,0 79.6572658150894,24.6570603193929,0 79.6572684115873,24.6570600772547,0 79.6572709904683,24.6570597101341,0 79.6572735445342,24.6570592190559,0 79.657276066656,24.6570586053908,0 79.6572785497941,24.6570578708517,0 79.6572809870175,24.6570570174888,0 79.6572833715234,24.657056047684,0 79.6572856966562,24.6570549641442,0 79.6572879559259,24.6570537698938,0 79.6572901430265,24.6570524682662,0 79.6572922518534,24.6570510628946,0 79.6572942765203,24.6570495577015,0 79.657296211376,24.6570479568883,0 79.65729805102,24.6570462649232,0 79.6572997903175,24.6570444865288,0 79.6573014244136,24.6570426266689,0 79.6573029487474,24.6570406905348,0 79.657304359064,24.6570386835307,0 79.6573056514272,24.6570366112585,0 79.6573068222295,24.6570344795022,0 79.657307868203,24.6570322942122,0 79.6573087864283,24.6570300614879,0 79.6573095743424,24.6570277875614,0 79.6573102297461,24.6570254787796,0 79.65731075081,24.6570231415868,0 79.6573111360797,24.6570207825066,0 79.6573113844799,24.6570184081237,0 79.6573114953173,24.6570160250654,0 79.6573114682824,24.6570136399833,0 79.6573113034508,24.6570112595346,0 79.6573110012825,24.6570088903637,0 79.657310562621,24.6570065390834,0 79.6573099886906,24.6570042122567,0 79.6573092810934,24.657001916378,0 79.6573084418043,24.6569996578557,0 79.6573074731661,24.6569974429938,0 79.6573063778823,24.6569952779744,0 79.6573051590101,24.6569931688405,0 79.6573038199517,24.656991121479,0 79.6573023644447,24.6569891416047,0 79.6572519475649,24.6569243280899,0 79.6572936736606,24.6569528017848,0 79.6573204843723,24.6569864011184,0 79.6573220616253,24.6569882728378,0 79.6573237438532,24.6569900665952,0 79.6573255264499,24.6569917774791,0 79.6573274045346,24.6569934008051,0 79.6573293729648,24.6569949321281,0 79.6573314263506,24.6569963672552,0 79.6573335590698,24.656997702257,0 79.6573357652825,24.6569989334779,0 79.6573380389481,24.6570000575468,0 79.6573403738409,24.6570010713859,0 79.6573427635676,24.6570019722191,0 79.6573452015851,24.6570027575798,0 79.6573476812175,24.6570034253177,0 79.6573501956756,24.6570039736043,0 79.6573527380743,24.6570044009385,0 79.6573553014522,24.65700470615,0 79.6573578787906,24.6570048884033,0 79.6573604630324,24.6570049471993,0 79.6573630471015,24.6570048823769,0 79.6573656239227,24.6570046941137,0 79.65736818644,24.6570043829252,0 79.6573707276372,24.6570039496635,0 79.6573732405561,24.6570033955148,0 79.657375718316,24.6570027219964,0 79.6573781541326,24.6570019309527,0 79.6573805413362,24.6570010245494,0 79.6573828733905,24.6570000052686,0 79.65738514391,24.656998875901,0 79.6573873466777,24.656997639539,0 79.6573894756622,24.6569962995679,0 79.6573915250341,24.6569948596568,0 79.657393489182,24.6569933237483,0 79.6573953627278,24.6569916960478,0 79.6573971405415,24.6569899810122,0 79.6573988177553,24.6569881833375,0 79.6574003897768,24.656986307946,0 79.6574018523015,24.6569843599726,0 79.6574032013249,24.6569823447511,0 79.6574044331533,24.6569802677995,0 79.6574055444138,24.6569781348047,0 79.6574065320636,24.6569759516071,0 79.6574073933983,24.6569737241845,0 79.6574081260597,24.6569714586359,0 79.6574087280415,24.6569691611647,0 79.6574091976955,24.6569668380615,0 79.6574095337358,24.6569644956872,0 79.6574097352421,24.6569621404557,0 79.6574098016628,24.6569597788157,0 79.6574097328161,24.6569574172338,0 79.6574095288903,24.6569550621762,0 79.657409190444,24.6569527200913,0 79.6574087184038,24.6569503973921,0 79.6573871443871,24.656857805205,0 79.657392630666,24.6568171222164,0 79.6573928772948,24.6568148008467,0 79.6573929924167,24.6568124709349,0 79.6573929757247,24.6568101386989,0 79.6573928272633,24.6568078103626,0 79.6573925474286,24.6568054921399,0 79.6573921369674,24.6568031902172,0 79.6573915969753,24.6568009107378,0 79.6573909288932,24.656798659785,0 79.6573901345042,24.6567964433659,0 79.6573892159281,24.6567942673954,0 79.6573881756164,24.6567921376806,0 79.6573870163454,24.6567900599051,0 79.6573857412089,24.6567880396139,0 79.6573843536099,24.6567860821984,0 79.6573834061034,24.6567848858682,0 79.6574157165967,24.6567655978492,0 79.6574178604079,24.6567642430258,0 79.6574199230447,24.6567627867554,0 79.6574218987653,24.6567612330917,0 79.6574237820698,24.6567595863598,0 79.6574255677158,24.6567578511436,0 79.6574272507323,24.6567560322735,0 79.6574288264345,24.6567541348127,0 79.6574302904359,24.6567521640433,0 79.6574316386613,24.6567501254512,0 79.6574318912625,24.6567496935711,0 79.6574324744106,24.6567501594254,0 79.6574345137892,24.6567516234186,0 79.6574366344227,24.6567529875912,0 79.6574388304673,24.6567542481841,0 79.6574410958713,24.6567554017235,0 79.6574434243921,24.6567564450305,0 79.657445809613,24.6567573752301,0 79.657448244961,24.6567581897589,0 79.6574507237249,24.6567588863725,0 79.6574532390743,24.656759463151,0 79.6574557840774,24.6567599185052,0 79.6574583517211,24.6567602511802,0 79.6574609349297,24.6567604602591,0 79.6574635265847,24.656760545166,0 79.6574661195444,24.6567605056667,0 79.6574687066632,24.6567603418702,0 79.6574712808118,24.6567600542278,0 79.6574738348968,24.6567596435322,0 79.6574763618799,24.6567591109151,0 79.6574788547974,24.6567584578443,0 79.6574813067797,24.6567576861193,0 79.6574837110698,24.6567567978669,0 79.6574860610423,24.6567557955348,0 79.6574883502213,24.6567546818852,0 79.6574905722987,24.6567534599868,0 79.6574927211509,24.6567521332068,0 79.6574947908566,24.6567507052016,0 79.6574967757121,24.6567491799061,0 79.6574986702478,24.6567475615237,0 79.6575004692431,24.6567458545141,0 79.6575021677403,24.6567440635814,0 79.6575037610591,24.6567421936606,0 79.6575052448086,24.6567402499049,0 79.6575066149002,24.6567382376705,0 79.6575356904442,24.6566929251127,0 79.65756111109,24.6566634906704,0 79.6575628534899,24.6566645483143,0 79.6575650793001,24.6566657509589,0 79.6575673709174,24.6566668455239,0 79.6575697220635,24.6566678290107,0 79.6575721262974,24.6566686987249,0 79.6575745770324,24.6566694522837,0 79.6575770675544,24.6566700876229,0 79.6575795910405,24.6566706030017,0 79.6575821405773,24.6566709970083,0 79.6575847091801,24.6566712685633,0 79.6575872898119,24.6566714169226,0 79.657589875403,24.6566714416799,0 79.6575924588698,24.6566713427673,0 79.6575950331346,24.6566711204558,0 79.657597591145,24.6566707753545,0 79.6576001258932,24.6566703084087,0 79.6576026304348,24.6566697208978,0 79.6576660304556,24.656653220893,0 79.6576685185678,24.6566525079648,0 79.6576709620522,24.656651676052,0 79.6576733541013,24.6566507274726,0 79.6576756880508,24.6566496648691,0 79.6576779573982,24.656648491202,0 79.6576801558214,24.6566472097412,0 79.6576822771952,24.6566458240568,0 79.6576832696668,24.6566451388988,0 79.6577648198352,24.6567050443804,0 79.6578003375935,24.6567366475549,0 79.6578022563458,24.6567382667771,0 79.6578042660532,24.6567397910669,0 79.6578063610989,24.656741216164,0 79.6578085356273,24.6567425380856,0 79.6578107835612,24.656743753137,0 79.6578130986177,24.6567448579223,0 79.6578154743266,24.6567458493539,0 79.6578179040482,24.6567467246607,0 79.6578203809916,24.6567474813964,0 79.6578228982342,24.6567481174461,0 79.6578254487407,24.656748631032,0 79.6578280253826,24.6567490207189,0 79.6578306209587,24.6567492854174,0 79.6578332282146,24.656749424388,0 79.6578358398635,24.656749437242,0 79.6578384486061,24.6567493239437,0 79.6578410471514,24.6567490848097,0 79.6578436282367,24.6567487205083,0 79.6578461846483,24.6567482320577,0 79.6578487092413,24.656747620823,0 79.6578511949599,24.6567468885126,0 79.6578536348568,24.6567460371732,0 79.6578560221129,24.6567450691841,0 79.657858350056,24.6567439872508,0 79.65786061218,24.6567427943971,0 79.6578628021624,24.6567414939569,0 79.6578649138826,24.6567400895646,0 79.6578669414386,24.6567385851455,0 79.6578688791636,24.6567369849041,0 79.6578707216421,24.656735293313,0 79.6578724637244,24.6567335150998,0 79.6578741005418,24.6567316552344,0 79.6578756275195,24.656729718915,0 79.65787704039,24.6567277115532,0 79.6578783352043,24.6567256387594,0 79.6578795083437,24.6567235063267,0 79.6578805565294,24.656721320215,0 79.657881476832,24.6567190865341,0 79.6578822666792,24.656716811527,0 79.6578829238635,24.6567145015519,0 79.6578834465483,24.6567121630649,0 79.6578838332727,24.6567098026017,0 79.6578840829559,24.6567074267595,0 79.6578841949001,24.6567050421785,0 79.6578841687924,24.6567026555233,0 79.6578840047057,24.6567002734641,0 79.6578837030987,24.6566979026586,0 79.6578832648143,24.6566955497328,0 79.6578826910776,24.6566932212628,0 79.6578819834919,24.6566909237563,0 79.6578504834594,24.6565981237647,0 79.6578496314538,24.6565958326126,0 79.6578486463451,24.6565935864705,0 79.6578475309633,24.6565913917912,0 79.6578462885128,24.6565892548798,0 79.6578449225629,24.6565871818751,0 79.6578434370379,24.6565851787328,0 79.6577999370281,24.6565297787439,0 79.6577983679477,24.6565278874309,0 79.6577966922748,24.6565260740908,0 79.6577949146406,24.656524343735,0 79.6577930399581,24.6565227011459,0 79.6577910734084,24.6565211508631,0 79.6577890204266,24.6565196971714,0 79.6577868866866,24.6565183440884,0 79.6577846780856,24.6565170953535,0 79.6577824007277,24.6565159544181,0 79.6577800609068,24.6565149244354,0 79.6577776650897,24.6565140082521,0 79.6577752198978,24.6565132084002,0 79.6577727320891,24.6565125270903,0 79.6577702085392,24.6565119662054,0 79.6577676562227,24.6565115272957,0 79.6577650821935,24.6565112115741,0 79.6577624935656,24.6565110199134,0 79.6577598974933,24.6565109528431,0 79.6577573011516,24.6565110105487,0 79.6577547117162,24.6565111928706,0 79.6577521363434,24.656511499305,0 79.6577321079407,24.6565143735425,0 79.6577323471823,24.6565131442319,0 79.6577326654095,24.6565108085151,0 79.6577328500021,24.6565084608158,0 79.6577329004584,24.656506107515,0 79.6577328166413,24.6565037550092,0 79.6577325987786,24.6565014096927,0 79.6577322474624,24.6564990779402,0 79.6577317636478,24.6564967660895,0 79.6577311486496,24.6564944804244,0 79.6577304041396,24.6564922271574,0 79.6577295321414,24.6564900124131,0 79.6577285350251,24.6564878422112,0 79.6577274155008,24.6564857224506,0 79.6577261766117,24.6564836588927,0 79.6577248217251,24.6564816571466,0 79.6577233545235,24.6564797226531,0 79.6577217789951,24.6564778606702,0 79.657720099422,24.6564760762589,0 79.6577183203697,24.6564743742693,0 79.6577164466735,24.6564727593277,0 79.6577144834264,24.6564712358233,0 79.6577124359645,24.6564698078974,0 79.657710309853,24.6564684794309,0 79.6577085193687,24.6564674816728,0 79.6577215336061,24.6564582113103,0 79.657724025717,24.6564587982593,0 79.6577265564143,24.6564592669672,0 79.6577291104527,24.6564596141911,0 79.6577316808546,24.6564598389825,0 79.6577342605977,24.6564599407273,0 79.6577348692247,24.6564599356406,0 79.6580143194873,24.6565869223449,0 79.6580147920523,24.6565886547638,0 79.6580155414285,24.6565908982794,0 79.6580164173007,24.6565931031964,0 79.6580174173044,24.6565952635627,0 79.6580185387401,24.6565973735462,0 79.6580197785804,24.6565994274511,0 79.6580211334783,24.6566014197326,0 79.6580225997763,24.6566033450127,0 79.6580241735161,24.656605198094,0 79.6580258504492,24.656606973974,0 79.6580276260489,24.6566086678586,0 79.6580294955218,24.6566102751753,0 79.6580314538213,24.656611791585,0 79.6580334956608,24.6566132129941,0 79.6580356155283,24.6566145355655,0 79.6580378077013,24.6566157557289,0 79.6580400662618,24.6566168701904,0 79.6580423851129,24.6566178759415,0 79.6580447579947,24.6566187702671,0 79.6580471785017,24.6566195507529,0 79.6580496400994,24.6566202152922,0 79.6580521361429,24.6566207620908,0 79.658054659894,24.6566211896727,0 79.6580572045397,24.6566214968836,0 79.6580597632107,24.6566216828942,0 79.6580623289998,24.6566217472024,0 79.6580648949805,24.6566216896345,0 79.658067454226,24.656621510346,0 79.6580699998275,24.6566212098209,0 79.658072524913,24.6566207888704,0 79.658075022666,24.6566202486309,0 79.6580774863438,24.6566195905607,0 79.6580799092956,24.6566188164365,0 79.6580822849806,24.6566179283478,0 79.6580824222829,24.6566178692373,0 79.6580921625251,24.6566222953401,0 79.6580910012372,24.6566228369228,0 79.6580887634359,24.6566240192718,0 79.6580865963693,24.6566253069724,0 79.6580845059703,24.6566266964992,0 79.658082497962,24.656628184048,0 79.6580810006855,24.6566294172729,0 79.6580115867838,24.6566436475337,0 79.6580090917805,24.6566442217759,0 79.6580066328756,24.6566449139523,0 79.6580042167389,24.6566457221855,0 79.658001849924,24.656646644283,0 79.657999538851,24.6566476777438,0 79.6579972897885,24.6566488197645,0 79.6579951088372,24.6566500672475,0 79.6579930019129,24.6566514168089,0 79.6579909747306,24.6566528647881,0 79.6579890327888,24.6566544072575,0 79.6579871813553,24.6566560400331,0 79.657985425452,24.6566577586861,0 79.6579837698417,24.6566595585546,0 79.6579822190153,24.6566614347565,0 79.6579807771793,24.6566633822026,0 79.6579794482448,24.6566653956106,0 79.6579782358165,24.6566674695189,0 79.657977143183,24.6566695983023,0 79.6579761733082,24.6566717761863,0 79.6579753288228,24.6566739972636,0 79.6579746120174,24.6566762555094,0 79.6579740248365,24.6566785447983,0 79.6579735688728,24.6566808589207,0 79.657973245363,24.6566831915994,0 79.6579730551846,24.6566855365071,0 79.6579729988536,24.6566878872833,0 79.6579730765228,24.6566902375515,0 79.6579732879814,24.6566925809367,0 79.6579736326559,24.6566949110823,0 79.6579741096114,24.6566972216681,0 79.6579747175542,24.6566995064263,0 79.6579754548351,24.6567017591598,0 79.6579763194545,24.656703973758,0 79.6579773090669,24.6567061442138,0 79.6579784209881,24.6567082646398,0 79.657979652202,24.6567103292844,0 79.657980999369,24.6567123325473,0 79.6579824588349,24.6567142689947,0 79.6579840266409,24.6567161333739,0 79.6579856985343,24.6567179206279,0 79.6579874699802,24.6567196259087,0 79.6579893361735,24.6567212445908,0 79.6579912920522,24.6567227722834,0 79.657993332311,24.6567242048428,0 79.6579954514157,24.6567255383831,0 79.6579976436182,24.6567267692872,0 79.6579999029723,24.6567278942162,0 79.6580022233494,24.6567289101187,0 79.6580045984555,24.6567298142391,0 79.658072298474,24.6567537142478,0 79.6580747443525,24.6567545108581,0 79.6580772326524,24.6567551889234,0 79.6580797564994,24.6567557465705,0 79.6580823089213,24.6567561822588,0 79.6580848828668,24.6567564947847,0 79.658087471225,24.6567566832849,0 79.6580900668455,24.6567567472385,0 79.6580926625576,24.6567566864689,0 79.6580952511904,24.656756501144,0 79.6580978255925,24.6567561917757,0 79.6581003786521,24.6567557592188,0 79.6581029033159,24.6567552046681,0 79.6581053926094,24.6567545296557,0 79.6581078396558,24.6567537360464,0 79.6581102376947,24.6567528260325,0 79.6581125801015,24.6567518021281,0 79.6581148604049,24.6567506671619,0 79.6581170723056,24.6567494242691,0 79.6581192096929,24.6567480768835,0 79.658121266662,24.6567466287274,0 79.6581232375304,24.6567450838013,0 79.6581251168535,24.6567434463733,0 79.6581268994394,24.6567417209669,0 79.6581285803636,24.6567399123487,0 79.6581301549824,24.6567380255152,0 79.6581316189457,24.6567360656789,0 79.6581326612447,24.656734499504,0 79.6581699661061,24.6567379215216,0 79.6581712451295,24.6567380138136,0 79.658174694755,24.6567423346302,0 79.6581744234403,24.6567431197571,0 79.6581737819586,24.6567453754523,0 79.6581736437761,24.6567459900887,0 79.6581728110228,24.6567467675047,0 79.6581711112674,24.6567485288879,0 79.6581695140366,24.6567503686652,0 79.6581680236524,24.6567522818583,0 79.6581666441477,24.6567542632902,0 79.6581653792554,24.6567563075992,0 79.6581642323981,24.6567584092537,0 79.6581632066793,24.6567605625665,0 79.6581623048745,24.6567627617111,0 79.6581615294238,24.6567650007366,0 79.6581608824257,24.6567672735844,0 79.6581603656309,24.6567695741043,0 79.6581599804378,24.6567718960712,0 79.6581597278886,24.6567742332021,0 79.6581596086669,24.6567765791727,0 79.6581596230952,24.656778927635,0 79.6581597711345,24.6567812722343,0 79.6581600523842,24.6567836066261,0 79.6581604660832,24.6567859244938,0 79.6581610111122,24.6567882195654,0 79.6581616859963,24.6567904856304,0 79.6581624889094,24.6567927165571,0 79.6581634176788,24.6567949063088,0 79.6581644697912,24.65679704896,0 79.6581656423998,24.6567991387128,0 79.6581669323316,24.6568011699126,0 79.6581683360961,24.6568031370631,0 79.6581698498947,24.6568050348411,0 79.6581714696313,24.6568068581116,0 79.658173190923,24.6568086019407,0 79.6581750091119,24.6568102616097,0 79.6581769192782,24.6568118326278,0 79.6581789162532,24.6568133107438,0 79.6581809946331,24.6568146919581,0 79.6581831487939,24.6568159725331,0 79.6581843686842,24.6568166178084,0 79.6581844330037,24.656816858577,0 79.6581851820746,24.6568191350299,0 79.6581860612196,24.6568213722952,0 79.6581870680015,24.6568235641703,0 79.6581881996292,24.6568257045786,0 79.6581894529652,24.656827787586,0 79.6581908245349,24.6568298074176,0 79.6581923105358,24.6568317584738,0 79.6581939068482,24.6568336353454,0 79.6581956090464,24.656835432829,0 79.6581974124114,24.6568371459414,0 79.6581993119435,24.6568387699331,0 79.6582013023765,24.6568403003018,0 79.6582033781922,24.6568417328048,0 79.658205240661,24.6568428826023,0 79.6582032502841,24.6568441955389,0 79.6582012391796,24.656845674089,0 79.6581993153208,24.6568472466142,0 79.6581974839595,24.6568489088217,0 79.6581957500948,24.656850656174,0 79.6581941184599,24.6568524839014,0 79.6581925935088,24.6568543870145,0 79.6581911794041,24.6568563603183,0 79.6581898800061,24.656858398426,0 79.658188698862,24.6568604957741,0 79.6581876391958,24.6568626466374,0 79.6581867039003,24.6568648451445,0 79.6581858955287,24.6568670852939,0 79.6581852162876,24.6568693609705,0 79.6581846680312,24.6568716659622,0 79.658184252256,24.6568739939771,0 79.6581839700972,24.6568763386599,0 79.658183822325,24.6568786936105,0 79.6581838093426,24.6568810524001,0 79.6581839311856,24.65688340859,0 79.6581841875215,24.6568857557482,0 79.6581845776503,24.6568880874674,0 79.6581851005073,24.6568903973827,0 79.6581857546651,24.6568926791885,0 79.6581865383379,24.656894926656,0 79.6581874493867,24.65689713365,0 79.6581884853244,24.656899294146,0 79.6581896433231,24.6569014022464,0 79.6581909202218,24.6569034521964,0 79.6581923125349,24.6569054384002,0 79.6581938164616,24.6569073554358,0 79.6581954278966,24.6569091980703,0 79.6582082583033,24.6569231080658,0 79.6582004958069,24.6569436855468,0 79.6581996990305,24.6569459973263,0 79.6581990391573,24.6569483448517,0 79.6581985180892,24.6569507213572,0 79.6581981373279,24.6569531199935,0 79.6581978979708,24.6569555338473,0 79.6581978007078,24.6569579559618,0 79.6581978458192,24.6569603793561,0 79.658198033175,24.6569627970456,0 79.6581983622352,24.6569652020624,0 79.6581988320515,24.6569675874749,0 79.6581994412698,24.656969946408,0 79.6582001881342,24.6569722720632,0 79.6582010704923,24.6569745577374,0 79.6582020858009,24.6569767968432,0 79.6582032311339,24.6569789829272,0 79.6582120311296,24.6569946829296,0 79.6582132670323,24.6569967528259,0 79.6582146195054,24.6569987609281,0 79.6582160848597,24.6570007017582,0 79.6582176590977,24.6570025700218,0 79.6582193379252,24.6570043606227,0 79.6582211167625,24.6570060686762,0 79.6582229907572,24.657007689523,0 79.6582249547972,24.6570092187416,0 79.6582270035249,24.6570106521604,0 79.6582291313515,24.6570119858694,0 79.6582313324727,24.6570132162302,0 79.658233600884,24.6570143398865,0 79.6582359303974,24.6570153537733,0 79.6582383146584,24.6570162551247,0 79.6582407471629,24.6570170414819,0 79.6582432212754,24.6570177106999,0 79.6582457302468,24.657018260953,0 79.6582482672328,24.6570186907404,0 79.6582508253129,24.6570189988895,0 79.658253397509,24.6570191845598,0 79.6582559768044,24.6570192472447,0 79.658258556163,24.6570191867733,0 79.6582611285487,24.6570190033106,0 79.6582636869444,24.657018697357,0 79.658266224371,24.6570182697471,0 79.6582687339067,24.6570177216474,0 79.6582712087057,24.657017054553,0 79.6583044413127,24.6570072274271,0 79.6583059217711,24.6570085857911,0 79.65830783818,24.6570101692418,0 79.6583098425504,24.6570116589672,0 79.6583119294004,24.6570130508931,0 79.6583140930226,24.6570143412127,0 79.6583163274995,24.6570155263968,0 79.65831862672,24.6570166032042,0 79.6583209843956,24.6570175686896,0 79.6583233940784,24.6570184202127,0 79.6583258491778,24.6570191554444,0 79.6583283429792,24.657019772374,0 79.6583308686622,24.6570202693142,0 79.6583334193191,24.6570206449058,0 79.658335987974,24.6570208981217,0 79.6583385676016,24.6570210282692,0 79.6583411511468,24.6570210349924,0 79.6583437315437,24.6570209182731,0 79.6583463017349,24.6570206784302,0 79.658348854691,24.65702031612,0 79.6583513834299,24.6570198323331,0 79.6583538810355,24.6570192283928,0 79.6583563406769,24.6570185059509,0 79.6583587556271,24.6570176669832,0 79.6583611192812,24.6570167137842,0 79.6583634251748,24.6570156489609,0 79.6583656670014,24.6570144754256,0 79.6583678386295,24.6570131963878,0 79.6583699341199,24.6570118153457,0 79.6583719477414,24.6570103360764,0 79.6583721939968,24.6570101349231,0 79.6584261402318,24.6570307518367,0 79.6584285834832,24.6570316167578,0 79.6584310734769,24.6570323620794,0 79.6584336032085,24.6570329857048,0 79.6584361655618,24.6570334858798,0 79.6584387533291,24.6570338611974,0 79.6584413592308,24.6570341106018,0 79.6584439759366,24.6570342333916,0 79.6584465960857,24.6570342292211,0 79.6584492123077,24.6570340981023,0 79.658451817243,24.6570338404039,0 79.658452315039,24.6570337665804,0 79.6584522961916,24.6570339590148,0 79.658452200938,24.6570363319569,0 79.6584522423359,24.6570387061937,0 79.6584524202707,24.6570410751575,0 79.6584527342504,24.6570434322951,0 79.6584531834063,24.6570457710859,0 79.6584537664959,24.6570480850602,0 79.6584544819062,24.6570503678169,0 79.6584553276584,24.6570526130413,0 79.6584563014126,24.6570548145224,0 79.6584574004754,24.6570569661705,0 79.6584586218064,24.6570590620333,0 79.658459962027,24.6570610963131,0 79.6584614174298,24.6570630633827,0 79.6584629839889,24.6570649578004,0 79.6584646573706,24.6570667743259,0 79.6584664329459,24.657068507934,0 79.6584683058031,24.6570701538293,0 79.6584702707614,24.6570717074585,0 79.6584723223851,24.6570731645241,0 79.6584744549989,24.6570745209953,0 79.6584766627033,24.6570757731197,0 79.6584789393913,24.6570769174337,0 79.6584812787648,24.6570779507717,0 79.6584836743526,24.6570788702752,0 79.6584861195277,24.6570796734007,0 79.6584886075262,24.6570803579264,0 79.6585224488592,24.6570887883681,0 79.6585313659167,24.6571073494285,0 79.658532478845,24.6571095090299,0 79.6585337151213,24.6571116118541,0 79.6585350712895,24.6571136520222,0 79.6585365435583,24.6571156238306,0 79.6585381278115,24.6571175217668,0 79.6585398196201,24.6571193405248,0 79.6585416142546,24.65712107502,0 79.6585435066975,24.6571227204032,0 79.6585454916584,24.6571242720745,0 79.6585475635879,24.657125725696,0 79.6585497166936,24.6571270772039,0 79.6585519449561,24.6571283228197,0 79.6585542421459,24.6571294590611,0 79.6585566018409,24.6571304827516,0 79.6585590174442,24.6571313910293,0 79.6585614822024,24.6571321813549,0 79.658563989225,24.6571328515189,0 79.6585665315032,24.6571333996478,0 79.6585691019295,24.6571338242092,0 79.658571693318,24.6571341240162,0 79.658574298424,24.6571342982305,0 79.6585769099644,24.6571343463653,0 79.6585795206382,24.6571342682858,0 79.658582123147,24.6571340642103,0 79.6585847102148,24.6571337347095,0 79.6585872746091,24.6571332807044,0 79.6585898091608,24.6571327034644,0 79.6586107091677,24.6571274034628,0 79.6586132011045,24.6571267063435,0 79.6586156493474,24.6571258901006,0 79.6586169727007,24.6571253751088,0 79.65865522129,24.6571157339355,0 79.6586559934327,24.6571170897604,0 79.6586573134128,24.657119136785,0 79.6586587494075,24.6571211175111,0 79.6586602974397,24.6571230264527,0 79.6586619532216,24.6571248583224,0 79.6586637121672,24.6571266080464,0 79.6586655694047,24.6571282707786,0 79.6586675197901,24.6571298419135,0 79.6586695579212,24.6571313170995,0 79.6586716781531,24.6571326922508,0 79.6586738746132,24.6571339635586,0 79.6586761412179,24.6571351275016,0 79.6586784716893,24.6571361808561,0 79.6586802985721,24.6571368999,0 79.6586801917814,24.6571371963393,0 79.6586795190319,24.6571394503182,0 79.6586789747734,24.6571417330842,0 79.6586785604633,24.6571440385243,0 79.6586782772113,24.6571463604646,0 79.6586781257758,24.657148692687,0 79.6586781065625,24.6571510289459,0 79.6586781793436,24.6571525314553,0 79.6586734909631,24.6571526797689,0 79.6586710145501,24.6571528150687,0 79.6586685486921,24.6571530638114,0 79.6586660996073,24.6571534253698,0 79.6586636734718,24.6571538988321,0 79.6586612764039,24.6571544830043,0 79.6586589144486,24.6571551764133,0 79.658656593562,24.6571559773104,0 79.658591193581,24.6571802773033,0 79.6585888397807,24.657181217773,0 79.6585865426586,24.6571822687916,0 79.6585843084262,24.6571834275173,0 79.6585821431251,24.6571846908165,0 79.6585800526106,24.6571860552734,0 79.6585780425354,24.6571875171983,0 79.658576118335,24.6571890726379,0 79.6585742852127,24.6571907173864,0 79.6585725481252,24.657192446996,0 79.65857091177,24.6571942567899,0 79.6585693805717,24.6571961418742,0 79.658567958671,24.6571980971515,0 79.6585666499127,24.6572001173346,0 79.6585654578358,24.6572021969606,0 79.6585643856638,24.6572043304061,0 79.658563436296,24.6572065119022,0 79.6585626122996,24.6572087355497,0 79.6585619159027,24.657210995336,0 79.6585613489884,24.6572132851501,0 79.6585609130897,24.6572155988005,0 79.6585606093853,24.6572179300306,0 79.6585604386966,24.6572202725367,0 79.658560401485,24.6572226199844,0 79.6585604978511,24.6572249660261,0 79.6585607275345,24.6572273043178,0 79.6585647275222,24.6572588043185,0 79.658565098402,24.6572611743258,0 79.6585656062352,24.6572635230334,0 79.6585662495937,24.6572658438366,0 79.6585670266683,24.6572681302089,0 79.6585679352738,24.6572703757211,0 79.6585689728552,24.6572725740583,0 79.6585701364947,24.6572747190388,0 79.65857142292,24.6572768046307,0 79.6585728285136,24.657278824969,0 79.6585743493228,24.6572807743723,0 79.658575981071,24.6572826473589,0 79.6585777191696,24.6572844386616,0 79.6585795587309,24.6572861432432,0 79.6585814945818,24.6572877563102,0 79.6585835212786,24.6572892733265,0 79.6585856331219,24.6572906900262,0 79.6585878241733,24.6572920024252,0 79.658590088271,24.6572932068331,0 79.6585904882711,24.6572934068332,0 79.6585927966965,24.6572944900499,0 79.6585951641764,24.6572954609977,0 79.6585975841785,24.6572963169975,0 79.6586000500258,24.6572970556875,0 79.6586025549148,24.6572976750297,0 79.658605091934,24.6572981733151,0 79.6586076540835,24.6572985491689,0 79.6586102342941,24.657298801554,0 79.6586128254465,24.6572989297743,0 79.6586154203916,24.6572989334757,0 79.6586180119694,24.6572988126482,0 79.6586205930295,24.6572985676251,0 79.6586231564504,24.6572981990825,0 79.6586256951593,24.6572977080372,0 79.6586282021517,24.6572970958441,0 79.6586306705102,24.6572963641923,0 79.6586330934246,24.6572955151004,0 79.6586354642095,24.6572945509114,0 79.6586365152179,24.6572940615139,0 79.6586491873245,24.6572954336522,0 79.6586517902261,24.6572956518596,0 79.6586544021131,24.6572957439477,0 79.658657015674,24.6572957096586,0 79.6586596235921,24.6572955490884,0 79.6586622185668,24.6572952626866,0 79.6586647933336,24.6572948512548,0 79.6586673406847,24.657294315945,0 79.658669853489,24.6572936582557,0 79.658672324712,24.6572928800279,0 79.6586747474357,24.6572919834404,0 79.6586771148779,24.657290971003,0 79.6586794204111,24.65728984555,0 79.6586816575812,24.6572886102319,0 79.6586838201253,24.6572872685071,0 79.6586879134154,24.6572845816031,0 79.6586875715636,24.6572866597351,0 79.6586873214085,24.6572890131562,0 79.6586872064212,24.6572913753187,0 79.6586872269174,24.6572937397432,0 79.6586873828407,24.6572960999444,0 79.6586876737634,24.6572984494483,0 79.6586880988877,24.6573007818103,0 79.6586886570473,24.6573030906331,0 79.6586893467114,24.6573053695836,0 79.6586901659882,24.6573076124107,0 79.6586911126305,24.6573098129627,0 79.6586921840418,24.6573119652034,0 79.6586933772832,24.6573140632295,0 79.6586946890817,24.6573161012863,0 79.6586961158392,24.6573180737833,0 79.6586976536423,24.6573199753102,0 79.6586992982727,24.6573218006513,0 79.6587010452193,24.6573235447997,0 79.6587028896905,24.6573252029714,0 79.6587048266269,24.6573267706181,0 79.6587068507157,24.6573282434398,0 79.658708956405,24.6573296173966,0 79.6587111379188,24.65733088872,0 79.6587133892736,24.6573320539227,0 79.6587157042939,24.6573331098087,0 79.6587180766299,24.6573340534817,0 79.6587204997743,24.6573348823533,0 79.6587229670806,24.65733559415,0 79.6587254717811,24.6573361869193,0 79.6587280070057,24.6573366590353,0 79.6587292738214,24.6573368323974,0 79.6587202021744,24.65734956319,0 79.6587188423408,24.6573515859028,0 79.6587176007299,24.6573536711424,0 79.6587164807746,24.6573558131433,0 79.6587154855716,24.6573580059829,0 79.6587146178726,24.6573602435981,0 79.6587138800767,24.6573625198021,0 79.658713274224,24.6573648283013,0 79.6587128019895,24.6573671627127,0 79.6587124646789,24.6573695165819,0 79.658712263225,24.6573718834005,0 79.6587121981847,24.6573742566244,0 79.6587122697379,24.6573766296918,0 79.6587124776868,24.6573789960413,0 79.6587128214563,24.6573813491299,0 79.6587133000961,24.6573836824516,0 79.6587139122826,24.6573859895548,0 79.6587146563233,24.6573882640605,0 79.6587155301609,24.6573904996799,0 79.6587165313792,24.6573926902314,0 79.6587176572101,24.6573948296585,0 79.6587189045405,24.6573969120456,0 79.6587202699218,24.657398931635,0 79.6587217495787,24.6574008828428,0 79.65872333942,24.6574027602739,0 79.65872503505,24.6574045587372,0 79.6587268317802,24.6574062732603,0 79.6587287246428,24.6574078991024,0 79.6587307084042,24.6574094317681,0 79.6587327775794,24.6574108670199,0 79.6587349264472,24.6574122008892,0 79.658737149066,24.6574134296879,0 79.6587394392904,24.6574145500186,0 79.6587417907882,24.6574155587835,0 79.6587441970574,24.6574164531934,0 79.658746651445,24.6574172307754,0 79.6587491471646,24.6574178893795,0 79.6587516773157,24.6574184271846,0 79.6587542349025,24.6574188427038,0 79.6587568128535,24.6574191347882,0 79.6587594040407,24.6574193026301,0 79.6587620012996,24.6574193457655,0 79.658764597449,24.6574192640752,0 79.6587671853105,24.6574190577849,0 79.658769757729,24.6574187274652,0 79.6587723075917,24.6574182740292,0 79.6587748278484,24.6574176987308,0 79.6587773115308,24.6574170031605,0 79.6587797517716,24.6574161892417,0 79.6587821418236,24.6574152592247,0 79.6587844750785,24.657414215681,0 79.6587867450849,24.657413061496,0 79.6587889455663,24.657411799861,0 79.6587910704386,24.6574104342642,0 79.6588624704493,24.6573619342508,0 79.6588645320439,24.6573604546768,0 79.6588665048599,24.6573588772509,0 79.6588683833429,24.6573572064143,0 79.6588701622039,24.6573554468714,0 79.6588718364345,24.6573536035761,0 79.658873401321,24.6573516817182,0 79.6588748524574,24.6573496867087,0 79.6588761857581,24.6573476241646,0 79.6588773974691,24.6573454998929,0 79.6588784841789,24.6573433198746,0 79.6588794428278,24.6573410902475,0 79.6588802707168,24.6573388172892,0 79.6588869476112,24.6573187217613,0 79.6588881999382,24.6573184288599,0 79.6588906741317,24.6573177219055,0 79.6588931043401,24.657316897316,0 79.658895483872,24.6573159573618,0 79.6588978061753,24.6573149046311,0 79.6589000648554,24.6573137420225,0 79.6589099581443,24.6573083323918,0 79.6589243511031,24.6573075720088,0 79.6589270120626,24.6573073653539,0 79.6589296569146,24.6573070275918,0 79.6589322779301,24.6573065597094,0 79.6589415779333,24.6573046597089,0 79.6589439746621,24.6573041122098,0 79.6589463384442,24.6573034558967,0 79.6589486633681,24.657302692411,0 79.6589509436199,24.657301823662,0 79.6589531734972,24.6573008518222,0 79.6589553474236,24.6572997793219,0 79.6589574599625,24.6572986088433,0 79.658959505831,24.6572973433134,0 79.6589736058333,24.6572881433108,0 79.6589756905862,24.6572867055209,0 79.6589776427995,24.6572852047803,0 79.6589800540008,24.6572843676169,0 79.6589820055249,24.6572836357954,0 79.6590401499416,24.6573551309675,0 79.659041679652,24.6573569164478,0 79.6590433055341,24.6573586294809,0 79.6590450234863,24.6573602657452,0 79.6590468291744,24.6573618211124,0 79.6590487180429,24.6573632916587,0 79.6590506853264,24.6573646736741,0 79.6590566853271,24.6573686736753,0 79.6590586428197,24.6573699137208,0 79.6590606634384,24.6573710661019,0 79.659070675413,24.6573764740307,0 79.6590902367871,24.6573917408508,0 79.6590766904543,24.6574032963442,0 79.6590748505724,24.6574049500918,0 79.6590731076983,24.6574066893875,0 79.6590714665879,24.657408509485,0 79.6590699317195,24.6574104054177,0 79.6590685072816,24.657412372012,0 79.6590671971611,24.6574144039013,0 79.6590660049331,24.6574164955411,0 79.659064933851,24.6574186412236,0 79.6590639868375,24.6574208350936,0 79.659063166477,24.6574230711645,0 79.659062475008,24.6574253433345,0 79.6590619143174,24.6574276454032,0 79.6590614859353,24.6574299710887,0 79.6590611910306,24.6574323140447,0 79.6590610304082,24.6574346678776,0 79.6590610045061,24.6574370261643,0 79.6590611133953,24.6574393824695,0 79.6590613567786,24.6574417303632,0 79.6590617339917,24.6574440634385,0 79.6590622440055,24.6574463753288,0 79.6590628854281,24.6574486597254,0 79.6590636565092,24.6574509103946,0 79.6590645551448,24.6574531211947,0 79.6590655788825,24.6574552860929,0 79.6590667249289,24.6574573991816,0 79.6590679901565,24.6574594546946,0 79.6590693711129,24.6574614470226,0 79.6590708640295,24.6574633707291,0 79.6590724648326,24.6574652205645,0 79.6590741691539,24.6574669914811,0 79.6590759723425,24.6574686786462,0 79.6590778694779,24.657470277456,0 79.6590798553832,24.6574717835476,0 79.6590819246392,24.6574731928111,0 79.6590840715992,24.6574745014009,0 79.6590862904047,24.6574757057461,0 79.6590885750009,24.6574768025603,0 79.6590909191535,24.6574777888504,0 79.6590933164658,24.6574786619251,0 79.659095760396,24.6574794194018,0 79.659098244275,24.6574800592137,0 79.6591007613248,24.6574805796146,0 79.6591033046767,24.6574809791847,0 79.6591058673906,24.6574812568334,0 79.6591084424731,24.6574814118032,0 79.6591110228973,24.6574814436712,0 79.6591136016218,24.6574813523503,0 79.6591161716096,24.6574811380899,0 79.6591187258478,24.6574808014745,0 79.6591212573662,24.6574803434228,0 79.6591314573697,24.6574782434222,0 79.6591339932841,24.6574776564382,0 79.6591364916431,24.6574769476002,0 79.6591389454411,24.6574761188958,0 79.6591413477976,24.6574751726488,0 79.6591436919762,24.6574741115126,0 79.6591459714037,24.6574729384625,0 79.6591481796886,24.6574716567879,0 79.6591608569646,24.6574638609913,0 79.6592089250166,24.6574471825742,0 79.6592406583398,24.6574400452073,0 79.659438083132,24.6577091792535,0 79.659438004768,24.6577108527649,0 79.6594380297938,24.657713219466,0 79.6594381905039,24.6577155817165,0 79.6594384864565,24.657717933024,0 79.6594389168384,24.6577202669264,0 79.6594394804667,24.6577225770095,0 79.6594397058256,24.6577233159424,0 79.6594157440168,24.6577195171187,0 79.6594131414857,24.6577191694638,0 79.6594105223966,24.6577189488834,0 79.6594078941735,24.6577188560026,0 79.6594052642662,24.6577188910847,0 79.6594026401292,24.6577190540303,0 79.6594000292009,24.6577193443775,0 79.659397438882,24.6577197613034,0 79.659394876515,24.657720303626,0 79.6593923493629,24.6577209698083,0 79.6593898645891,24.6577217579618,0 79.6593874292369,24.6577226658524,0 79.6593850502093,24.6577236909068,0 79.6593827342498,24.6577248302194,0 79.6593804879231,24.6577260805607,0 79.6593783175965,24.6577274383865,0 79.6593762294221,24.6577288998481,0 79.6593742293187,24.6577304608029,0 79.6593736820075,24.6577309362423,0 79.659372982598,24.657730483617,0 79.6593707916047,24.6577292179466,0 79.659368530987,24.6577280590381,0 79.6593662069682,24.6577270100818,0 79.6593638259458,24.6577260739653,0 79.6593613944745,24.6577252532655,0 79.6593589192479,24.657724550242,0 79.65935640708,24.6577239668298,0 79.6593538648863,24.6577235046351,0 79.6593512996652,24.6577231649303,0 79.6593487184784,24.6577229486504,0 79.6593461284316,24.657722856391,0 79.6593435366547,24.6577228884059,0 79.6593409502828,24.657723044607,0 79.6593383764355,24.6577233245644,0 79.6593358221985,24.6577237275074,0 79.6593332946032,24.6577242523266,0 79.6593308006077,24.6577248975774,0 79.6593283470777,24.6577256614834,0 79.6593259407673,24.6577265419418,0 79.6593235883009,24.6577275365287,0 79.6593212961545,24.6577286425062,0 79.659319070638,24.6577298568297,0 79.659316917878,24.6577311761562,0 79.6593148438007,24.6577325968539,0 79.6593128541158,24.6577341150118,0 79.6593109543008,24.6577357264506,0 79.6593091495853,24.6577374267342,0 79.6593074449378,24.657739211182,0 79.6593058450507,24.6577410748816,0 79.6593043543284,24.6577430127025,0 79.6593029768747,24.6577450193102,0 79.6593017164815,24.6577470891806,0 79.6592939086317,24.6577607426925,0 79.6592923764039,24.6577614501773,0 79.6592901346127,24.6577626235749,0 79.6592879630089,24.6577639024681,0 79.6592858675314,24.6577652833593,0 79.6592838539105,24.6577667624722,0 79.659281927653,24.657768335762,0 79.6592800940266,24.6577699989261,0 79.6592783580458,24.6577717474162,0 79.6592767244581,24.6577735764508,0 79.6592751977307,24.6577754810278,0 79.6592737820389,24.6577774559389,0 79.6592724812542,24.6577794957833,0 79.6592712989339,24.6577815949826,0 79.6592702383112,24.6577837477959,0 79.6592693022867,24.6577859483361,0 79.6592684934202,24.6577881905852,0 79.6592678139237,24.6577904684115,0 79.6592672656553,24.6577927755855,0 79.6592668501145,24.657795105798,0 79.6592665684378,24.6577974526763,0 79.6592664213952,24.6577998098026,0 79.6592664093891,24.6578021707307,0 79.6592665324523,24.6578045290041,0 79.6592667902481,24.6578068781737,0 79.6592671820717,24.6578092118151,0 79.6592677068515,24.6578115235465,0 79.6592683631523,24.6578138070459,0 79.6592691491795,24.6578160560687,0 79.6592700627834,24.6578182644644,0 79.6592711014657,24.6578204261937,0 79.6592722623857,24.6578225353448,0 79.6592735423688,24.6578245861498,0 79.6592749379145,24.6578265730004,0 79.6592764452064,24.657828490463,0 79.6592780601225,24.6578303332941,0 79.6592797782466,24.6578320964538,0 79.6592815948799,24.6578337751205,0 79.6592835050546,24.6578353647036,0 79.6592855035468,24.6578368608559,0 79.6592875848913,24.657838259486,0 79.6592897433961,24.6578395567688,0 79.6592948721887,24.6578424665746,0 79.6592949471693,24.6578438063515,0 79.6592952214201,24.65784619864,0 79.6592956347018,24.6578485741845,0 79.6592961858412,24.6578509262419,0 79.659296873274,24.6578532481356,0 79.6592976950487,24.6578555332747,0 79.6592986488327,24.6578577751725,0 79.6592997319186,24.6578599674652,0 79.6593009412318,24.6578621039298,0 79.6593022733398,24.6578641785015,0 79.659303724461,24.6578661852917,0 79.6593052904764,24.6578681186037,0 79.6593069669407,24.6578699729497,0 79.659308749095,24.6578717430658,0 79.6593106318806,24.6578734239275,0 79.6593126099529,24.6578750107634,0 79.659314677697,24.6578764990691,0 79.6593168292433,24.6578778846199,0 79.6593190584844,24.6578791634827,0 79.6593401584883,24.6578905634864,0 79.6593424096272,24.6578917084252,0 79.6593447230176,24.657892744559,0 79.6593470923682,24.6578936690701,0 79.6593495112354,24.6578944794442,0 79.659351973041,24.6578951734773,0 79.65935447109,24.6578957492822,0 79.6593569985888,24.6578962052928,0 79.6593595486637,24.6578965402689,0 79.6593621143797,24.6578967532997,0 79.6593646887591,24.6578968438057,0 79.6593672648009,24.6578968115409,0 79.6593677404292,24.6578967828725,0 79.6593681693595,24.6578973815687,0 79.6593696485502,24.6578992336762,0 79.6593712287305,24.6579010147617,0 79.6593729058244,24.657902720231,0 79.659374675506,24.6579043456848,0 79.6593765332104,24.6579058869304,0 79.6593784741457,24.6579073399922,0 79.6593794330264,24.6579079863805,0 79.6593797789292,24.6579098704504,0 79.6593802397634,24.6579120505506,0 79.6593819397608,24.657919150551,0 79.6593825663562,24.6579214714437,0 79.6593833264959,24.6579237587737,0 79.6593842180488,24.6579260061282,0 79.6593852385153,24.6579282072066,0 79.6593863850346,24.6579303558381,0 79.6593876543923,24.6579324459988,0 79.6593890430295,24.6579344718289,0 79.6593905470534,24.6579364276486,0 79.6593921622471,24.6579383079748,0 79.6593938840823,24.6579401075358,0 79.6593957077319,24.6579418212865,0 79.659397628083,24.6579434444221,0 79.6593996397519,24.6579449723922,0 79.6594017370985,24.6579464009129,0 79.6594039142431,24.6579477259793,0 79.6594061650816,24.6579489438765,0 79.6594084833038,24.65795005119,0 79.6594089744848,24.6579502563301,0 79.6594095288596,24.6579520042729,0 79.6594103823657,24.6579542469456,0 79.6594113637123,24.6579564455082,0 79.6594124701848,24.6579585938794,0 79.6594136734171,24.6579606430203,0 79.6593842519085,24.6579583202658,0 79.6593816731661,24.6579581786396,0 79.6593790898483,24.6579581604014,0 79.6593765090195,24.6579582656011,0 79.6593739377369,24.6579584939509,0 79.6593713830322,24.6579588448265,0 79.6593688518911,24.6579593172683,0 79.6593663512355,24.6579599099845,0 79.6593638879035,24.6579606213541,0 79.6593614686313,24.6579614494319,0 79.6593591000346,24.6579623919535,0 79.6593567885905,24.6579634463414,0 79.6593545406198,24.6579646097124,0 79.6593523622698,24.657965878885,0 79.6593502594973,24.6579672503887,0 79.6593482380526,24.657968720473,0 79.6593463034635,24.6579702851178,0 79.6593444610202,24.6579719400445,0 79.6593427157611,24.6579736807275,0 79.6593410724587,24.6579755024068,0 79.6593395356067,24.6579774001009,0 79.6593381094079,24.6579793686204,0 79.6593367977622,24.6579814025821,0 79.6593356042565,24.6579834964242,0 79.6593345321545,24.6579856444207,0 79.659333584388,24.6579878406978,0 79.6593327635486,24.6579900792497,0 79.6593320718812,24.6579923539549,0 79.659331511277,24.6579946585929,0 79.6593310832692,24.6579969868615,0 79.6593307890282,24.6579993323939,0 79.6593306293585,24.6580016887762,0 79.6593306046969,24.6580040495644,0 79.6593307151107,24.6580064083029,0 79.6593309602981,24.6580087585416,0 79.6593313395886,24.6580110938534,0 79.6593327395858,24.6580183938538,0 79.6593332528521,24.658020711472,0 79.6593338981952,24.6580230013526,0 79.6593346738446,24.658025257214,0 79.6593355776727,24.6580274728679,0 79.6593366072002,24.6580296422364,0 79.6593377596027,24.6580317593685,0 79.6593390317192,24.6580338184564,0 79.6593404200599,24.6580358138517,0 79.6593419208163,24.6580377400807,0 79.6593435298716,24.6580395918594,0 79.6593452428118,24.658041364108,0 79.6593470549381,24.6580430519648,0 79.6593489612795,24.6580446507997,0 79.6593509566064,24.6580461562269,0 79.6593530354453,24.6580475641167,0 79.6593551920936,24.6580488706069,0 79.6593574206352,24.6580500721137,0 79.6593597149568,24.6580511653409,0 79.6593620687646,24.6580521472898,0 79.6593644756017,24.6580530152666,0 79.6593669288656,24.6580537668904,0 79.6593694218266,24.6580544000992,0 79.6594005430523,24.658061508036,0 79.6593985922777,24.6580698810103,0 79.6593954974772,24.6580718893377,0 79.659393308211,24.6580733952032,0 79.6593912136714,24.658075009679,0 79.659389220302,24.6580767277985,0 79.6593847203021,24.6580808277975,0 79.6593808875225,24.6580843259616,0 79.6593806736841,24.6580844193522,0 79.6593782767539,24.6580856192525,0 79.6593679767562,24.6580911192509,0 79.6593657532401,24.6580923799133,0 79.6593636058835,24.6580937463986,0 79.6593615407108,24.658095214873,0 79.6593595635158,24.6580967812168,0 79.6593576798455,24.6580984410357,0 79.6593558949845,24.658100189673,0 79.6593542139401,24.6581020222232,0 79.6593526414285,24.6581039335448,0 79.6593511818614,24.6581059182759,0 79.6593498393335,24.6581079708483,0 79.6593486176113,24.6581100855035,0 79.6593475201222,24.6581122563089,0 79.6593465499453,24.6581144771744,0 79.6593457098023,24.6581167418694,0 79.6593450020504,24.6581190440403,0 79.659344428675,24.6581213772285,0 79.6593439912848,24.6581237348882,0 79.6593436911069,24.6581261104052,0 79.6593435289834,24.6581284971149,0 79.6593435053692,24.6581308883215,0 79.6593436203304,24.6581332773165,0 79.6593438735447,24.6581356573976,0 79.6593442643016,24.6581380218875,0 79.6593447915049,24.6581403641529,0 79.6593454536755,24.6581426776224,0 79.6593462489558,24.6581449558056,0 79.6593471751145,24.6581471923113,0 79.6593482295534,24.6581493808649,0 79.6593494093143,24.6581515153265,0 79.6593507110874,24.6581535897078,0 79.6593747110791,24.6581895897141,0 79.6593761187716,24.6581915815741,0 79.6593776389569,24.6581935031447,0 79.6593792674414,24.6581953491253,0 79.6593809997332,24.6581971144239,0 79.6593828310539,24.6581987941711,0 79.6593847563517,24.6582003837334,0 79.659386770316,24.658201878726,0 79.6593888673913,24.658203275025,0 79.659391041793,24.658204568779,0 79.659393287523,24.6582057564191,0 79.6593955983868,24.6582068346693,0 79.6593979680098,24.6582078005553,0 79.6594003898556,24.6582086514128,0 79.6594028572438,24.6582093848946,0 79.6594053633681,24.6582099989777,0 79.6594079013156,24.6582104919679,0 79.6594104640854,24.6582108625056,0 79.6594130446083,24.6582111095684,0 79.6594156357661,24.658211232475,0 79.6594182304113,24.6582112308863,0 79.6594208213865,24.6582111048067,0 79.6594234015449,24.658210854584,0 79.6594259637691,24.6582104809083,0 79.6594285009914,24.6582099848105,0 79.6594310062131,24.6582093676591,0 79.6594334725235,24.6582086311563,0 79.6594358931196,24.6582077773338,0 79.6594382613243,24.6582068085468,0 79.659440570605,24.6582057274677,0 79.6594428145916,24.6582045370785,0 79.6594449870943,24.6582032406629,0 79.6594468870946,24.6582020406625,0 79.6594489665705,24.6582006527588,0 79.6594509640882,24.65819916772,0 79.6594528742206,24.6581975895807,0 79.6594546917782,24.6581959226285,0 79.659456411823,24.6581941713924,0 79.6594580296818,24.6581923406301,0 79.6594588043519,24.6581913639794,0 79.6594976899293,24.6581988151073,0 79.6595036190812,24.6582000385832,0 79.6595061627675,24.6582004997038,0 79.6595087294267,24.6582008382068,0 79.6595113119867,24.6582010531593,0 79.6595139033312,24.6582011439691,0 79.6595164963197,24.6582011103858,0 79.6595190838075,24.6582009525022,0 79.6595216586647,24.6582006707531,0 79.6595242137964,24.658200265915,0 79.659526742162,24.6581997391033,0 79.6595292367946,24.6581990917698,0 79.6595316908203,24.6581983256981,0 79.6595340974772,24.658197442999,0 79.6595364501337,24.6581964461049,0 79.6595387423072,24.6581953377627,0 79.6595409676817,24.6581941210263,0 79.6595431201251,24.6581927992485,0 79.6595451937065,24.6581913760714,0 79.6595471827122,24.6581898554165,0 79.6595490816615,24.6581882414739,0 79.659550885322,24.6581865386909,0 79.6595525887237,24.6581847517593,0 79.6595541871729,24.6581828856031,0 79.6595556762651,24.6581809453643,0 79.6595570518972,24.6581789363893,0 79.6595583102787,24.6581768642137,0 79.6595594479422,24.6581747345473,0 79.6595604617528,24.6581725532585,0 79.659561348917,24.6581703263576,0 79.6595621069904,24.6581680599809,0 79.6595627338839,24.6581657603732,0 79.6595632278704,24.6581634338712,0 79.6595635875885,24.6581610868853,0 79.6595638120471,24.6581587258826,0 79.6595639006278,24.658156357369,0 79.6595638530864,24.6581539878706,0 79.659563669554,24.6581516239166,0 79.6595633505363,24.6581492720207,0 79.6595628969123,24.6581469386637,0 79.6595623099321,24.6581446302749,0 79.6595615912129,24.6581423532152,0 79.6595607427353,24.6581401137587,0 79.6595597668371,24.6581379180764,0 79.6595586662076,24.6581357722183,0 79.6595569662067,24.6581326722188,0 79.6595557070681,24.6581305230465,0 79.6595543228247,24.6581284391191,0 79.6595528175125,24.6581264265128,0 79.6595511955208,24.6581244910955,0 79.6595494615787,24.6581226385106,0 79.6595476207419,24.6581208741596,0 79.6595456783777,24.6581192031869,0 79.6595436401496,24.6581176304645,0 79.6595415120005,24.658116160578,0 79.6595393001354,24.6581147978133,0 79.6595370110035,24.6581135461437,0 79.6595346512792,24.6581124092188,0 79.6595325413641,24.6581114582713,0 79.6595215853801,24.6581033204479,0 79.6595214841504,24.6581019633169,0 79.6595211778767,24.6580996400784,0 79.6595207402937,24.658097334463,0 79.6595203827397,24.658095897362,0 79.6595260243371,24.6580912121998,0 79.6595272736806,24.6580901378818,0 79.6595326153279,24.6580853820921,0 79.6595619671886,24.6580795741701,0 79.6595985985137,24.6580776747681,0 79.659601184571,24.6580774782916,0 79.6596037557714,24.6580771579889,0 79.6596063050205,24.6580767147439,0 79.6596088252847,24.6580761497794,0 79.65961130961,24.6580754646543,0 79.6596137511419,24.658074661259,0 79.6596161431438,24.6580737418102,0 79.6596184790158,24.6580727088447,0 79.6596207523128,24.6580715652127,0 79.6596229567625,24.6580703140697,0 79.6596250862824,24.6580689588677,0 79.6596271349969,24.6580675033459,0 79.6596290972532,24.6580659515204,0 79.6596309676372,24.658064307673,0 79.6596327409882,24.6580625763391,0 79.6596344124133,24.6580607622959,0 79.6596359773007,24.6580588705486,0 79.6596374313326,24.6580569063168,0 79.6596387704972,24.6580548750201,0 79.6596399910995,24.6580527822632,0 79.6596410897717,24.6580506338203,0 79.6596420634824,24.6580484356194,0 79.6596422185817,24.6580480246378,0 79.6596548838074,24.6580559105298,0 79.6596570813587,24.6580572024012,0 79.6596593505788,24.6580583862814,0 79.6596616851197,24.6580594588584,0 79.6596640784503,24.6580604171316,0 79.6596665238752,24.6580612584203,0 79.6596690145533,24.6580619803709,0 79.6596715435169,24.6580625809638,0 79.659674103691,24.6580630585187,0 79.6596766879135,24.6580634116997,0 79.6596792889551,24.6580636395188,0 79.6596818995391,24.6580637413386,0 79.6596845123625,24.6580637168744,0 79.6596871201157,24.6580635661944,0 79.6596897155035,24.6580632897203,0 79.6596922912653,24.6580628882254,0 79.6596948401952,24.6580623628331,0 79.6596973551626,24.6580617150131,0 79.6596998291317,24.6580609465776,0 79.6597022551816,24.6580600596765,0 79.6597046265253,24.6580590567908,0 79.6597069365289,24.6580579407262,0 79.6597091787302,24.6580567146048,0 79.6597113468564,24.6580553818568,0 79.6597134348423,24.6580539462105,0 79.6597154368465,24.6580524116823,0 79.6597173472685,24.658050782565,0 79.6597191607638,24.6580490634161,0 79.6597208722591,24.6580472590451,0 79.65974596881,24.6580193418389,0 79.6597467312805,24.6580203942713,0 79.6597482592902,24.658022282202,0 79.659749892648,24.6580240949723,0 79.659751626935,24.6580258276781,0 79.6597534574594,24.6580274756317,0 79.659755379269,24.658029034375,0 79.6597573871646,24.658030499691,0 79.6597594757143,24.6580318676154,0 79.6597616392677,24.6580331344476,0 79.6597638719717,24.6580342967603,0 79.6597661677861,24.6580353514092,0 79.6597685204999,24.6580362955409,0 79.6597709237482,24.6580371266014,0 79.6597733710294,24.6580378423423,0 79.6597758557228,24.6580384408272,0 79.6597783711063,24.6580389204372,0 79.659780910375,24.6580392798745,0 79.6597834666594,24.658039518167,0 79.6597860330437,24.6580396346698,0 79.6597886025851,24.6580396290678,0 79.6597911683319,24.6580395013762,0 79.6597937233431,24.6580392519404,0 79.6598052233472,24.6580378519401,0 79.6598078164423,24.658037471902,0 79.6598103837742,24.6580369664685,0 79.6598129180876,24.6580363370678,0 79.6598154122205,24.6580355854787,0 79.6598178591245,24.6580347138252,0 79.6598202518845,24.6580337245706,0 79.6598225837387,24.6580326205105,0 79.6598248480971,24.658031404765,0 79.6598270385606,24.6580300807699,0 79.6598291489391,24.6580286522667,0 79.6598311732685,24.6580271232924,0 79.659833105828,24.6580254981679,0 79.6598349411562,24.6580237814859,0 79.6598366740665,24.6580219780977,0 79.6598382996617,24.6580200930997,0 79.6598398133477,24.6580181318189,0 79.6598412108469,24.658016099798,0 79.6598421260796,24.6580145972809,0 79.6598430712447,24.6580148422374,0 79.6598455951801,24.6580153675629,0 79.6598481457606,24.65801577135,0 79.6598507159833,24.65801605249,0 79.6598532987917,24.6580162102111,0 79.6598558870945,24.6580162440802,0 79.6598584737854,24.6580161540043,0 79.6598610517625,24.6580159402308,0 79.6598636139479,24.6580156033466,0 79.659866153307,24.6580151442765,0 79.6598686628679,24.6580145642811,0 79.6598711357405,24.6580138649526,0 79.6598735651353,24.6580130482112,0 79.6598759443824,24.6580121162992,0 79.6598782669495,24.6580110717752,0 79.6598805264598,24.6580099175071,0 79.6598827167097,24.6580086566639,0 79.6598848316859,24.6580072927073,0 79.6598868655816,24.6580058293821,0 79.6598888128126,24.658004270706,0 79.6598906680328,24.6580026209583,0 79.6598924261484,24.6580008846685,0 79.6598940823327,24.6579990666037,0 79.6598956320384,24.6579971717554,0 79.6598970710108,24.6579952053261,0 79.6598983952991,24.6579931727146,0 79.6598996012674,24.6579910795015,0 79.6599006856047,24.657988931434,0 79.6599016453339,24.6579867344095,0 79.6599024778201,24.65798449446,0 79.6599031807776,24.6579822177356,0 79.6599037522764,24.657979910487,0 79.6599041907475,24.6579775790489,0 79.659904494987,24.6579752298223,0 79.6599046641596,24.6579728692571,0 79.6599046978009,24.6579705038344,0 79.6599045958185,24.6579681400484,0 79.6599030541505,24.6579466969656,0 79.6599084839897,24.6579617416042,0 79.6599093580901,24.6579639659992,0 79.6599103583716,24.6579661455421,0 79.6599114820931,24.6579682742595,0 79.6599127261747,24.6579703463177,0 79.6599140872071,24.657972356038,0 79.6599155614603,24.6579742979125,0 79.6599171448939,24.6579761666195,0 79.6599188331685,24.6579779570377,0 79.6599206216572,24.6579796642602,0 79.6599225054585,24.6579812836082,0 79.6599244794097,24.6579828106439,0 79.6599265381011,24.6579842411823,0 79.6599286758907,24.6579855713028,0 79.6599308869197,24.6579867973603,0 79.6599331651286,24.6579879159945,0 79.6599355042739,24.6579889241399,0 79.6599378979449,24.6579898190334,0 79.6599403395815,24.6579905982226,0 79.6599428224924,24.657991259572,0 79.6599453398729,24.6579918012692,0 79.6599478848239,24.6579922218296,0 79.6599504503708,24.6579925201006,0 79.6599667503765,24.6579940201014,0 79.6599693222376,24.6579941949465,0 79.6599719005786,24.6579942468981,0 79.659974478373,24.6579941758148,0 79.6599770485957,24.6579939818902,0 79.6599796042423,24.6579936656528,0 79.6599821383482,24.6579932279644,0 79.6599846440073,24.6579926700178,0 79.6599871143912,24.6579919933336,0 79.6599895427675,24.6579911997557,0 79.6599919225184,24.657990291447,0 79.6599942471586,24.6579892708828,0 79.6599965103528,24.6579881408443,0 79.6599987059335,24.657986904411,0 79.6600008279172,24.6579855649527,0 79.660002870521,24.6579841261195,0 79.6600048281784,24.6579825918326,0 79.6600066955543,24.6579809662733,0 79.6600084675598,24.6579792538715,0 79.6600101393658,24.657977459294,0 79.6600117064161,24.6579755874314,0 79.6600131644404,24.6579736433848,0 79.6600145094651,24.6579716324522,0 79.6600157378248,24.6579695601139,0 79.6600168461719,24.6579674320174,0 79.660017831486,24.6579652539622,0 79.6600186910819,24.6579630318841,0 79.6600194226169,24.6579607718385,0 79.6600200240976,24.6579584799848,0 79.6600204938847,24.6579561625686,0 79.660020830698,24.6579538259054,0 79.6600210336197,24.6579514763631,0 79.6600211020966,24.6579491203447,0 79.660021065765,24.6579478264021,0 79.6600227419045,24.6579478407149,0 79.6600253462248,24.6579477372879,0 79.6600279409497,24.6579475084632,0 79.6600305188547,24.6579471548778,0 79.6600330727622,24.6579466775164,0 79.6600355955612,24.6579460777079,0 79.6600380802275,24.6579453571225,0 79.660040519843,24.6579445177665,0 79.6600429076151,24.6579435619768,0 79.6600452368955,24.6579424924148,0 79.6600550368979,24.6579376924134,0 79.6600572807265,24.6579365233883,0 79.660059454632,24.6579352487889,0 79.6600615526721,24.6579338720993,0 79.6600635691121,24.6579323970825,0 79.6600654984401,24.6579308277705,0 79.6600673353824,24.6579291684527,0 79.6600690749179,24.6579274236649,0 79.6600707122917,24.6579255981762,0 79.6600722430281,24.6579236969766,0 79.6600736629431,24.6579217252628,0 79.6600749681553,24.6579196884244,0 79.6600761550971,24.6579175920289,0 79.660077220524,24.6579154418067,0 79.6600781615238,24.6579132436352,0 79.6600789755243,24.657911003523,0 79.6600796603007,24.6579087275934,0 79.6600802139809,24.6579064220672,0 79.6600806350516,24.6579040932467,0 79.6600809223619,24.6579017474974,0 79.6600810751265,24.6578993912312,0 79.6600810929276,24.6578970308889,0 79.6600809757168,24.6578946729222,0 79.6600807238144,24.6578923237766,0 79.660080337909,24.6578899898732,0 79.6600798190554,24.6578876775916,0 79.6600791686718,24.6578853932522,0 79.6600783885361,24.6578831430991,0 79.6600718549112,24.6578658790881,0 79.6600730236182,24.6578649200719,0 79.6600847236188,24.6578548200693,0 79.6600865485307,24.65785316038,0 79.6600882763501,24.6578514160596,0 79.6600899023842,24.6578495918456,0 79.6600914222169,24.6578476926926,0 79.6600928317201,24.6578457237587,0 79.6600941270659,24.6578436903914,0 79.660095304736,24.6578415981134,0 79.6600963615319,24.6578394526073,0 79.6600972945834,24.6578372597001,0 79.6600981013563,24.6578350253479,0 79.6600987796594,24.6578327556191,0 79.6600993276505,24.6578304566782,0 79.6600997438414,24.6578281347691,0 79.6601000271014,24.6578257961981,0 79.6601001766616,24.6578234473167,0 79.6601001921154,24.6578210945044,0 79.6601000734211,24.6578187441515,0 79.660099820901,24.6578164026414,0 79.6600991550401,24.6578115323593,0 79.6601015626052,24.6578114362403,0 79.6601041673483,24.6578112054854,0 79.6601067550659,24.6578108490022,0 79.6601093184964,24.6578103677909,0 79.6601118504469,24.6578097632019,0 79.6601130729214,24.6578094071182,0 79.6601152257893,24.6578095779807,0 79.6601169403535,24.657809686633,0 79.6601352780784,24.6578105560947,0 79.6601387585907,24.6578113625548,0 79.6601413001435,24.657811886676,0 79.6601438683983,24.657812287614,0 79.6601464562115,24.6578125642536,0 79.6601490563851,24.6578127158253,0 79.6601516616867,24.6578127419076,0 79.6601542648696,24.6578126424279,0 79.6601568586932,24.6578124176629,0 79.6601594359427,24.6578120682377,0 79.6601619894495,24.6578115951244,0 79.6601645121111,24.6578109996388,0 79.6601669969106,24.6578102834374,0 79.6601672172499,24.6578102080419,0 79.6601674996906,24.657810334794,0 79.6601698927604,24.6578112692219,0 79.6601723363531,24.6578120871901,0 79.6601748236882,24.6578127864289,0 79.6601773478634,24.6578133649981,0 79.6601799018746,24.6578138212921,0 79.6601824786346,24.6578141540448,0 79.6601850709933,24.6578143623329,0 79.6601876717571,24.6578144455783,0 79.6601902737092,24.6578144035501,0 79.6601928696295,24.6578142363649,0 79.6601954523147,24.6578139444866,0 79.6601980145981,24.6578135287252,0 79.6602005493696,24.6578129902343,0 79.6602030495956,24.6578123305081,0 79.6602055083382,24.6578115513774,0 79.6602079187747,24.6578106550042,0 79.6602102742164,24.6578096438757,0 79.6602125681272,24.6578085207977,0 79.6602147941419,24.6578072888867,0 79.6602169460834,24.657805951561,0 79.6602190179804,24.6578045125316,0 79.6602210040837,24.6578029757917,0 79.660222898882,24.6578013456054,0 79.6602246971175,24.6577996264963,0 79.6602263938002,24.6577978232349,0 79.6602279842222,24.6577959408248,0 79.6602294639702,24.6577939844897,0 79.660230828938,24.6577919596581,0 79.660232075338,24.6577898719486,0 79.6602331997118,24.6577877271544,0 79.6602341989391,24.6577855312271,0 79.6602350702473,24.6577832902601,0 79.6602358112186,24.6577810104717,0 79.6602359745498,24.6577803898977,0 79.6602376838542,24.6577792105339,0 79.6602396542186,24.6577776975823,0 79.6602415356953,24.6577760929116,0 79.6602433231785,24.6577744008767,0 79.6602450118174,24.6577726260693,0 79.6602465970294,24.6577707733058,0 79.6602480745125,24.6577688476142,0 79.6602494402573,24.6577668542205,0 79.6602506905573,24.6577647985342,0 79.6602522905566,24.6577619985337,0 79.6602535331302,24.6577596626312,0 79.660254626661,24.6577572652934,0 79.6602555675298,24.6577548144546,0 79.6602563526227,24.6577523182261,0 79.6602579526208,24.6577466182255,0 79.660258542841,24.6577442533247,0 79.6602589932259,24.657741862868,0 79.6602593024755,24.6577394537556,0 79.6602594696971,24.6577370329416,0 79.6602597685166,24.657729487675,0 79.6602604973963,24.6577293902643,0 79.6603010974105,24.6577229902626,0 79.6603036724863,24.6577225196111,0 79.6603062165572,24.6577219245741,0 79.6603087224346,24.6577212068329,0 79.6603111830376,24.6577203684158,0 79.6603135914134,24.6577194116917,0 79.6603159407566,24.6577183393642,0 79.6603182244288,24.6577171544632,0 79.6603204359769,24.6577158603369,0 79.6603225691519,24.6577144606421,0 79.6603246179261,24.657712959334,0 79.6603265765103,24.6577113606547,0 79.6603284393701,24.6577096691215,0 79.6603298245812,24.6577082699665,0 79.6603299928656,24.6577083579305,0 79.6603322806943,24.6577094138541,0 79.6603346253695,24.6577103599201,0 79.6603607253763,24.6577201599236,0 79.6603631496846,24.6577210029208,0 79.6603656190677,24.6577217284697,0 79.6603833343329,24.6577264683432,0 79.6603837303737,24.6577269725797,0 79.6603853379268,24.6577288092572,0 79.6603870479619,24.6577305669356,0 79.6603888558382,24.6577322408446,0 79.6603907566492,24.6577338264416,0 79.6603927452364,24.6577353194233,0 79.660394816203,24.657736715738,0 79.6603969639287,24.6577380115963,0 79.6603991825846,24.6577392034812,0 79.6604014661498,24.6577402881583,0 79.6604038084268,24.6577412626838,0 79.6604062030589,24.6577421244129,0 79.6604086435474,24.6577428710071,0 79.6604111232691,24.65774350044,0 79.6604136354943,24.6577440110036,0 79.6604161734051,24.6577444013123,0 79.6604187301139,24.6577446703066,0 79.6604212986821,24.6577448172568,0 79.6604238721389,24.6577448417638,0 79.6604264435001,24.6577447437613,0 79.6604290057875,24.6577445235152,0 79.6604315520473,24.6577441816232,0 79.6604340753691,24.6577437190132,0 79.6604365689051,24.6577431369406,0 79.660439025888,24.6577424369851,0 79.6604782259002,24.6577302369816,0 79.6604809169855,24.6577293188256,0 79.6604835451282,24.6577282592835,0 79.6605322451412,24.6577070592772,0 79.6605346152548,24.6577059550129,0 79.6605369168853,24.6577047357509,0 79.6605391433581,24.657703405027,0 79.6605412882163,24.6577019667002,0 79.6605433452401,24.6577004249418,0 79.6605453084643,24.6576987842226,0 79.6605471721954,24.6576970493008,0 79.6605489310288,24.6576952252074,0 79.660550579864,24.6576933172323,0 79.6605521139194,24.6576913309085,0 79.6605535287463,24.6576892719963,0 79.6605548202419,24.6576871464664,0 79.6605559846608,24.6576849604828,0 79.6605735264147,24.6576496430635,0 79.660594301362,24.6576346550068,0 79.6606058350678,24.6576304953093,0 79.6606081974665,24.6576295777786,0 79.6606105045267,24.6576285493473,0 79.6606127500199,24.657627412792,0 79.6606149278837,24.6576261711809,0 79.6606170322383,24.6576248278664,0 79.6606190574026,24.6576233864748,0 79.660620997909,24.6576218508978,0 79.6606228485187,24.657620225281,0 79.6606246042353,24.6576185140132,0 79.6606262603188,24.6576167217144,0 79.6606278122983,24.6576148532235,0 79.6606292559837,24.6576129135849,0 79.6606305874775,24.6576109080352,0 79.6606318031848,24.6576088419889,0 79.6606328998235,24.657606721024,0 79.6606338744331,24.6576045508665,0 79.6606347243822,24.6576023373753,0 79.6606354473762,24.6576000865264,0 79.6606360414632,24.6575978043966,0 79.6606365050393,24.657595497147,0 79.660636836853,24.6575931710068,0 79.6606370360084,24.657590832256,0 79.660637101968,24.6575884872086,0 79.6606370345535,24.6575861421957,0 79.660636833947,24.6575838035484,0 79.6606365006902,24.6575814775805,0 79.6606360356827,24.6575791705715,0 79.66063544018,24.6575768887499,0 79.6606347157898,24.657574638276,0 79.6606338644677,24.6575724252256,0 79.6606328885123,24.6575702555734,0 79.6606317905582,24.6575681351769,0 79.6606305735699,24.6575660697609,0 79.6606292408328,24.6575640649013,0 79.660627795945,24.657562126011,0 79.6606262428074,24.6575602583243,0 79.6606245856132,24.6575584668837,0 79.6606229431075,24.6575568677775,0 79.6606230979725,24.6575568134263,0 79.6606254335118,24.6575558643293,0 79.6606277122094,24.6575548061069,0 79.6606299279652,24.6575536415922,0 79.6606320748478,24.6575523739024,0 79.6606341471099,24.6575510064312,0 79.6606361392042,24.6575495428392,0 79.6606380457979,24.6575479870444,0 79.660639861787,24.6575463432117,0 79.6606415823102,24.6575446157416,0 79.6606432027617,24.6575428092585,0 79.6606447188037,24.6575409285983,0 79.6606452601142,24.6575401787629,0 79.6607204331707,24.6575292907218,0 79.6607229524723,24.6575288643502,0 79.660725444197,24.6575283191862,0 79.6607279016426,24.6575276566961,0 79.660730318199,24.6575268786618,0 79.6607326873663,24.6575259871761,0 79.6607350027719,24.657524984637,0 79.6607372581879,24.6575238737409,0 79.6607394475476,24.657522657476,0 79.6607415649623,24.6575213391138,0 79.6607436047364,24.6575199222004,0 79.6607455613835,24.6575184105469,0 79.6607474296406,24.6575168082194,0 79.6607492044825,24.6575151195279,0 79.6607508811353,24.6575133490144,0 79.6607524550891,24.6575115014414,0 79.6607539221103,24.6575095817783,0 79.660755278253,24.6575075951887,0 79.6607565198695,24.6575055470161,0 79.66075764362,24.6575034427695,0 79.660758646482,24.657501288109,0 79.6607595257579,24.6574990888302,0 79.6607602790828,24.6574968508485,0 79.6607609044303,24.6574945801838,0 79.6607614001184,24.6574922829435,0 79.6607617648139,24.6574899653068,0 79.6607619975357,24.6574876335076,0 79.6607620976579,24.6574852938179,0 79.6607620649112,24.657482952531,0 79.6607618993837,24.6574806159444,0 79.6607616015206,24.6574782903431,0 79.6607611721232,24.6574759819823,0 79.6607606123464,24.6574736970711,0 79.6607599236958,24.6574714417555,0 79.660759108024,24.6574692221016,0 79.6607581675247,24.6574670440799,0 79.6607571047278,24.6574649135487,0 79.660755922492,24.6574628362388,0 79.6607546239972,24.6574608177377,0 79.660753212736,24.6574588634746,0 79.6607516925046,24.6574569787061,0 79.6607500673919,24.6574551685018,0 79.6607111831126,24.657414076528,0 79.6607128987402,24.6574129299647,0 79.6607264987421,24.6574033299621,0 79.660728528103,24.6574018173206,0 79.6607304669025,24.6574002085282,0 79.6607323096927,24.6573985081056,0 79.6607340512952,24.6573967208308,0 79.6607356868162,24.6573948517262,0 79.6607372116598,24.657392906044,0 79.6607386215411,24.6573908892516,0 79.6607399124985,24.6573888070162,0 79.6607410809043,24.6573866651889,0 79.6607421234753,24.6573844697882,0 79.6607423801643,24.6573838397825,0 79.6607464092665,24.6573885404031,0 79.6607480385189,24.6573903430245,0 79.6607497677015,24.6573920661474,0 79.6607515921769,24.6573937051506,0 79.6607535070521,24.6573952556386,0 79.6607555071916,24.6573967134531,0 79.6607575872314,24.6573980746844,0 79.6607597346212,24.6573993316012,0 79.6607594631446,24.6573998656936,0 79.6607584921826,24.6574020734984,0 79.660757649851,24.6574043249872,0 79.6607569384895,24.6574066139059,0 79.6607563600741,24.6574089338965,0 79.6607559162115,24.6574112785147,0 79.6607556081347,24.6574136412478,0 79.6607554366993,24.6574160155329,0 79.6607554023816,24.6574183947747,0 79.6607555052769,24.6574207723644,0 79.6607557450994,24.6574231416977,0 79.660756121183,24.6574254961933,0 79.660756632483,24.6574278293109,0 79.6607572775792,24.6574301345699,0 79.6607580546797,24.6574324055669,0 79.6607589616259,24.6574346359937,0 79.6607599958985,24.6574368196547,0 79.6607691958932,24.6574549196572,0 79.6607703445883,24.6574570331893,0 79.6607716125598,24.6574590889809,0 79.6607729963433,24.657461081415,0 79.660774492158,24.6574630050479,0 79.6607760959169,24.6574648546238,0 79.6607778032383,24.6574666250892,0 79.6607796094574,24.6574683116068,0 79.6607815096391,24.6574699095687,0 79.6607834985918,24.6574714146089,0 79.6607855708813,24.6574728226153,0 79.6607877208454,24.6574741297408,0 79.6607899426102,24.6574753324141,0 79.6607922301051,24.6574764273493,0 79.6607945770803,24.6574774115548,0 79.6607969771233,24.6574782823414,0 79.6607994236766,24.65747903733,0 79.6608019100557,24.6574796744577,0 79.6608044294673,24.6574801919839,0 79.6608069750277,24.6574805884945,0 79.660809539782,24.6574808629061,0 79.6608096206136,24.6574808676602,0 79.6608091131977,24.6574819028313,0 79.6608081994386,24.6574840558045,0 79.6608074073362,24.6574862486602,0 79.6608036073324,24.6574977486589,0 79.6608029279063,24.6575000166423,0 79.660802378615,24.657502313878,0 79.6608019609488,24.6575046341342,0 79.6608016760406,24.6575069711167,0 79.6608015246634,24.6575093184859,0 79.6608015072277,24.6575116698741,0 79.6608016237808,24.6575140189025,0 79.6608018740066,24.657516359199,0 79.6608022572264,24.657518684415,0 79.6608027724005,24.6575209882427,0 79.6608034181315,24.6575232644326,0 79.6608041926676,24.65752550681,0 79.6608050939077,24.6575277092919,0 79.6608061194071,24.6575298659036,0 79.6608072663839,24.6575319707948,0 79.6608085317266,24.6575340182556,0 79.6608099120027,24.6575360027317,0 79.6608114034679,24.6575379188397,0 79.6608130020763,24.6575397613819,0 79.6608147034913,24.6575415253599,0 79.6608165030975,24.6575432059886,0 79.6608183960129,24.6575447987088,0 79.6608203771027,24.6575462991999,0 79.6608224409928,24.6575477033915,0 79.6608245820842,24.6575490074745,0 79.660826794569,24.6575502079112,0 79.6608290724451,24.6575513014452,0 79.6608314095334,24.6575522851099,0 79.660833799494,24.6575531562371,0 79.6608362358435,24.6575539124635,0 79.6608387119729,24.6575545517377,0 79.660841221165,24.6575550723257,0 79.6608437566131,24.657555472815,0 79.6608463114393,24.6575557521194,0 79.6608488787131,24.6575559094811,0 79.66085145147,24.6575559444733,0 79.6608540227309,24.657555857001,0 79.6608565855207,24.6575556473016,0 79.6608591328873,24.6575553159438,0 79.6608616579203,24.6575548638267,0 79.66086415377,24.6575542921765,0 79.6608666136659,24.6575536025442,0 79.6608690309349,24.6575527968003,0 79.6608713990198,24.6575518771308,0 79.6608737114964,24.6575508460305,0 79.6608759620917,24.6575497062963,0 79.6608781447004,24.6575484610201,0 79.6608802534018,24.6575471135801,0 79.6608822824755,24.6575456676313,0 79.6608842264172,24.6575441270964,0 79.6608860799535,24.6575424961542,0 79.6609216799541,24.657509496146,0 79.6609232220098,24.6575080000754,0 79.6609246879613,24.6575064414169,0 79.6609260747704,24.6575048234008,0 79.6609377109553,24.6574905914467,0 79.6609512849229,24.6574768376875,0 79.6609516775515,24.6574764187048,0 79.6609538461282,24.6574786377136,0 79.6609550232999,24.6574799845448,0 79.660956529893,24.6574815536559,0 79.6609581142448,24.6574830574438,0 79.6609613142448,24.6574859574445,0 79.6609632364959,24.6574876088191,0 79.6609652524718,24.6574891640583,0 79.6609673564228,24.6574906187266,0 79.6609695423488,24.6574919686755,0 79.6609718040156,24.6574932100549,0 79.6609741349729,24.6574943393246,0 79.6609765285733,24.6574953532639,0 79.66097897799,24.6574962489812,0 79.6609814762378,24.6574970239218,0 79.6609840161915,24.6574976758758,0 79.6609865906076,24.6574982029838,0 79.6609891921439,24.6574986037425,0 79.6609918133809,24.6574988770089,0 79.6609944468432,24.6574990220038,0 79.6609970850201,24.6574990383136,0 79.6609997203878,24.6574989258918,0 79.6610023454304,24.657498685059,0 79.6610049526614,24.657498316502,0 79.6610075346453,24.6574978212721,0 79.6610100840181,24.6574972007814,0 79.6610125935094,24.6574964567997,0 79.6610150559623,24.6574955914487,0 79.6610174643539,24.6574946071964,0 79.6610198118157,24.6574935068497,0 79.661021011816,24.6574929068495,0 79.6610232260428,24.6574917305776,0 79.6610253705879,24.6574904510156,0 79.6610274396875,24.6574890716025,0 79.6610294277804,24.6574875960459,0 79.6610313295232,24.6574860283116,0 79.6610331398045,24.6574843726131,0 79.6610348537589,24.6574826334006,0 79.6610364667797,24.6574808153485,0 79.6610379745317,24.6574789233432,0 79.6610393729624,24.6574769624699,0 79.6610406583133,24.6574749379988,0 79.6610418271297,24.6574728553712,0 79.6610428762703,24.6574707201845,0 79.6610438029151,24.6574685381774,0 79.6610446045737,24.6574663152146,0 79.6610452790915,24.6574640572708,0 79.6610458246555,24.6574617704145,0 79.6610462397995,24.6574594607923,0 79.6610465234077,24.6574571346118,0 79.6610466747178,24.6574547981249,0 79.6610466933231,24.6574524576116,0 79.6610465791737,24.6574501193623,0 79.6610464128783,24.6574485483053,0 79.6610466560542,24.6574483320607,0 79.6610483923852,24.6574466196388,0 79.661050029532,24.6574448274799,0 79.6610515631169,24.6574429603762,0 79.6610529890393,24.6574410233204,0 79.6610543034862,24.657439021492,0 79.6610546358044,24.6574384504081,0 79.6610559374205,24.6574402320541,0 79.6610574652658,24.6574421056391,0 79.6610590971367,24.6574439044741,0 79.6610608286617,24.6574456237406,0 79.6610626552028,24.6574472588334,0 79.6610645718672,24.6574488053724,0 79.6610665735209,24.6574502592151,0 79.661068654802,24.6574516164671,0 79.6610708101355,24.6574528734928,0 79.661073033748,24.6574540269249,0 79.6610753196831,24.6574550736739,0 79.6610776618176,24.6574560109358,0 79.6610800538777,24.6574568362,0 79.6610824894558,24.657457547256,0 79.6610849620279,24.6574581421989,0 79.6610874649706,24.6574586194352,0 79.6610899915795,24.6574589776865,0 79.6610925350866,24.6574592159932,0 79.6610950886786,24.6574593337169,0 79.6610976455154,24.6574593305423,0 79.661100198748,24.6574592064778,0 79.6611027415371,24.6574589618559,0 79.6611052670715,24.6574585973317,0 79.661107768586,24.6574581138817,0 79.66111023938,24.6574575128009,0 79.6611126728349,24.6574567956995,0 79.6611150624324,24.6574559644982,0 79.6611174017715,24.6574550214237,0 79.6611196845859,24.657453969002,0 79.6611219047606,24.6574528100523,0 79.6611240563487,24.657451547679,0 79.6611298563497,24.657447947678,0 79.6611319873131,24.6574465480102,0 79.6611340339408,24.6574450469048,0 79.6611359904575,24.6574434485974,0 79.6611378513425,24.6574417575982,0 79.6611396113448,24.657439978679,0 79.6611412654979,24.6574381168592,0 79.6611428091341,24.6574361773928,0 79.6611442378978,24.6574341657523,0 79.6611455477572,24.6574320876143,0 79.6611467350162,24.6574299488429,0 79.6611477963245,24.6574277554731,0 79.6611487286875,24.6574255136941,0 79.6611495294741,24.657423229832,0 79.6611517294718,24.6574163298312,0 79.6611523823741,24.65741406491,0 79.6611529058658,24.6574117720923,0 79.6611532985382,24.6574094575491,0 79.6611535593343,24.65740712751,0 79.6611536875522,24.6574047882459,0 79.6611536828469,24.6574024460529,0 79.661153545231,24.6574001072349,0 79.661153275075,24.6573977780865,0 79.6611528731058,24.6573954648767,0 79.6611523404055,24.6573931738311,0 79.6611516784077,24.6573909111159,0 79.6611508888942,24.6573886828213,0 79.66114997399,24.6573864949443,0 79.6611489361573,24.6573843533736,0 79.6611477781895,24.657382263873,0 79.6611465032031,24.6573802320664,0 79.6611451146298,24.657378263422,0 79.6611436162067,24.6573763632385,0 79.6611421969284,24.6573747472297,0 79.6611431320361,24.6573731701798,0 79.6611432646569,24.6573729157689,0 79.6611560462733,24.6573646573261,0 79.6611564669324,24.6573645787629,0 79.661158993644,24.6573639782178,0 79.6611614821111,24.6573632565234,0 79.6611639253838,24.6573624156952,0 79.6611663166384,24.6573614580817,0 79.6611686491964,24.6573603863573,0 79.6611709165433,24.6573592035151,0 79.6611731123468,24.6573579128587,0 79.6611752304742,24.6573565179928,0 79.66117726501,24.6573550228129,0 79.661179210272,24.657353431495,0 79.6611810608272,24.6573517484832,0 79.6611828115074,24.6573499784782,0 79.6611844574232,24.6573481264232,0 79.6611859939777,24.6573461974907,0 79.6611874168796,24.6573441970681,0 79.661188722155,24.6573421307421,0 79.6611899061583,24.6573400042839,0 79.6611909655828,24.6573378236322,0 79.6611918974698,24.6573355948774,0 79.6611926992164,24.6573333242439,0 79.6611943101816,24.657328312347,0 79.6612015376546,24.6573221135019,0 79.661203018421,24.6573233321196,0 79.6612050384038,24.6573248264178,0 79.6612071415788,24.6573262215704,0 79.6612093221257,24.6573275137164,0 79.6612115740101,24.6573286992799,0 79.6612138910001,24.65732977498,0 79.6612162666838,24.6573307378398,0 79.6612186944866,24.6573315851947,0 79.66122116769,24.6573323146997,0 79.6612236794495,24.657332924336,0 79.6612262228142,24.6573334124165,0 79.6612287907455,24.6573337775905,0 79.661231376137,24.6573340188474,0 79.661233971834,24.6573341355196,0 79.661236570653,24.6573341272842,0 79.6612391654021,24.6573339941639,0 79.6612417489007,24.6573337365272,0 79.6612443139991,24.6573333550871,0 79.6612468535988,24.657332850899,0 79.6612493606717,24.6573322253584,0 79.6612518282797,24.6573314801964,0 79.661254249594,24.6573306174751,0 79.6612566179138,24.6573296395819,0 79.6612589266852,24.6573285492232,0 79.6612611695188,24.6573273494163,0 79.6612716830928,24.6573213804192,0 79.661283383634,24.6573242768757,0 79.6612858729063,24.6573248302,0 79.661288390219,24.6573252648501,0 79.6612909288026,24.6573255796573,0 79.6612934818303,24.6573257737748,0 79.6612960424366,24.6573258466808,0 79.6612986037355,24.6573257981792,0 79.6613011588393,24.6573256284003,0 79.6613037008767,24.6573253378008,0 79.6613062230119,24.6573249271621,0 79.6613087184622,24.6573243975886,0 79.661311180517,24.6573237505042,0 79.6613136025554,24.6573229876493,0 79.661315978064,24.6573221110751,0 79.6613183006547,24.657321123139,0 79.6613205640816,24.6573200264978,0 79.6613227622579,24.6573188241005,0 79.6613248892724,24.6573175191805,0 79.6613269394051,24.657316115247,0 79.6613289071427,24.6573146160755,0 79.6613307871939,24.6573130256975,0 79.6613325745026,24.6573113483899,0 79.6613342642625,24.6573095886632,0 79.6613358519296,24.6573077512496,0 79.6613373332344,24.6573058410903,0 79.6613387041932,24.6573038633221,0 79.6613399611195,24.6573018232634,0 79.661341100633,24.6572997264006,0 79.6613421196695,24.6572975783723,0 79.6613430154885,24.657295384955,0 79.6613437729109,24.6572931890698,0 79.6613566942765,24.6572923276452,0 79.6613597858108,24.6572920319345,0 79.6613628508754,24.6572915591269,0 79.6613753508798,24.6572892591263,0 79.6613778725204,24.6572887320111,0 79.6613803605128,24.6572880849936,0 79.6613828080356,24.657287319848,0 79.6613852083783,24.6572864386719,0 79.6613875549597,24.6572854438814,0 79.6613898413461,24.6572843382039,0 79.6613920612687,24.657283124671,0 79.6613942086411,24.6572818066097,0 79.6613962775758,24.657280387634,0 79.6613982624002,24.6572788716343,0 79.6614001576725,24.6572772627672,0 79.6614019581963,24.6572755654436,0 79.661403659035,24.6572737843172,0 79.6614052555254,24.6572719242715,0 79.6614067432902,24.6572699904062,0 79.6614083375225,24.6572677983361,0 79.6614103069891,24.657269218951,0 79.6614126061052,24.6572706916501,0 79.6614204061064,24.6572753916515,0 79.661422618385,24.6572766494807,0 79.6614249001519,24.657277798969,0 79.6614272450602,24.6572788369189,0 79.6614296465874,24.6572797604435,0 79.6614320980533,24.6572805669738,0 79.6614345926391,24.6572812542663,0 79.6614371234059,24.6572818204094,0 79.6614396833141,24.6572822638283,0 79.6614422652432,24.6572825832895,0 79.6614448620113,24.6572827779045,0 79.6614474663954,24.6572828471319,0 79.6614500711511,24.6572827907791,0 79.6614526690331,24.657282609003,0 79.6614552528152,24.6572823023091,0 79.6614578153105,24.6572818715505,0 79.661460349391,24.6572813179254,0 79.6614628480081,24.6572806429738,0 79.6614653042118,24.6572798485731,0 79.6614677111698,24.6572789369329,0 79.661470062187,24.6572779105892,0 79.661472350724,24.6572767723966,0 79.6614745704148,24.6572755255212,0 79.6614767150855,24.6572741734314,0 79.6614787787702,24.6572727198879,0 79.6614807557289,24.657271168934,0 79.6614826404623,24.6572695248838,0 79.6614844277281,24.6572677923102,0 79.6614861125547,24.6572659760327,0 79.6614876902557,24.6572640811033,0 79.6614891564426,24.6572621127928,0 79.6614905070371,24.6572600765764,0 79.6614911924359,24.657258908425,0 79.6614916272183,24.6572586595037,0 79.6614937564503,24.6572573692382,0 79.661495809846,24.6572559801025,0 79.6614977819138,24.6572544958116,0 79.6614996673796,24.6572529203352,0 79.661501461201,24.6572512578867,0 79.6615031585805,24.6572495129121,0 79.6615047549787,24.6572476900781,0 79.6615062461262,24.6572457942598,0 79.6615076280352,24.6572438305274,0 79.6615088970098,24.6572418041325,0 79.6615100496562,24.6572397204945,0 79.661511082892,24.6572375851861,0 79.6615119939538,24.6572354039177,0 79.6615127804051,24.657233182523,0 79.6615134401426,24.6572309269428,0 79.6615139714019,24.6572286432095,0 79.6615143727622,24.6572263374307,0 79.6615146431502,24.6572240157728,0 79.6615147818428,24.657221684445,0 79.6615147884689,24.657219349682,0 79.6615146630109,24.6572170177281,0 79.6615144058044,24.6572146948197,0 79.661514147229,24.6572128398275,0 79.6615146094755,24.6572125960289,0 79.6615167869234,24.6572113036665,0 79.6615188870677,24.6572099085425,0 79.6615209041073,24.6572084145105,0 79.6615284434927,24.6572025234118,0 79.6615291966562,24.6572027814118,0 79.6615317022443,24.6572035034052,0 79.6615342462885,24.6572041026489,0 79.6615368215939,24.6572045774482,0 79.6615394208771,24.6572049264602,0 79.6615420367873,24.657205148698,0 79.6615446619261,24.657205243533,0 79.6615472888695,24.657205210697,0 79.6615499101881,24.6572050502829,0 79.6615525184686,24.6572047627443,0 79.6615551063345,24.6572043488945,0 79.6615576664669,24.6572038099038,0 79.6615601916255,24.6572031472967,0 79.661562674669,24.6572023629469,0 79.6615651085748,24.6572014590727,0 79.661565608575,24.6572012590727,0 79.6615682175204,24.6572001313974,0 79.661570749958,24.6571988664182,0 79.6615717107315,24.6571983175946,0 79.6615731889026,24.6571997803803,0 79.6615750239279,24.657201417093,0 79.6615769494074,24.6572029645881,0 79.6615789601537,24.6572044186968,0 79.6615810507499,24.6572057755016,0 79.6615832155639,24.6572070313472,0 79.6615854487637,24.6572081828505,0 79.661587744333,24.6572092269093,0 79.6615900960877,24.6572101607108,0 79.661592497692,24.6572109817395,0 79.6615949426759,24.6572116877833,0 79.6615974244528,24.6572122769404,0 79.6615999363367,24.6572127476234,0 79.6616024715606,24.6572130985644,0 79.6616050232944,24.6572133288179,0 79.661607584664,24.6572134377635,0 79.6616101487689,24.6572134251079,0 79.6616127087014,24.6572132908851,0 79.661615257565,24.6572130354567,0 79.6616177884931,24.6572126595108,0 79.6616202946674,24.6572121640602,0 79.6616227693362,24.6572115504397,0 79.6616252058327,24.6572108203024,0 79.661627597593,24.6572099756152,0 79.6616299381737,24.6572090186537,0 79.6616322212693,24.6572079519961,0 79.661634440729,24.6572067785158,0 79.6616365905737,24.6572055013743,0 79.6616386650116,24.6572041240122,0 79.6616406584543,24.6572026501401,0 79.6616737584575,24.6571768501332,0 79.6616757638332,24.6571751984304,0 79.6616776674858,24.6571734490819,0 79.6616794637305,24.6571716073117,0 79.6616811472033,24.6571696786199,0 79.6616827128768,24.657167668766,0 79.6616841560757,24.6571655837519,0 79.66168547249,24.6571634298039,0 79.6616866581889,24.6571612133544,0 79.6616877096313,24.6571589410222,0 79.6616883954323,24.6571573381608,0 79.6616944272931,24.6571552052209,0 79.6616967198795,24.6571543333808,0 79.6616989616327,24.6571533573638,0 79.6617011468887,24.6571522796359,0 79.6617269468945,24.657138779632,0 79.6617291548979,24.6571375531209,0 79.6617312897089,24.6571362227829,0 79.6617333454873,24.6571347922573,0 79.6617353166092,24.6571332654574,0 79.6617371976823,24.6571316465603,0 79.6617389835606,24.6571299399945,0 79.6617406693585,24.6571281504287,0 79.6617422504643,24.6571262827585,0 79.6617437225526,24.6571243420933,0 79.6617450815962,24.6571223337421,0 79.6617463238773,24.657120263199,0 79.6617474459974,24.6571181361284,0 79.6617484448868,24.6571159583492,0 79.6617493178128,24.657113735819,0 79.6617500623875,24.6571114746181,0 79.6617506765739,24.6571091809322,0 79.6617511586918,24.6571068610361,0 79.6617514558259,24.6571048674558,0 79.6617531025637,24.6571039259666,0 79.6617552469626,24.6571025502098,0 79.6617573085338,24.6571010724893,0 79.6617592814785,24.6570994969615,0 79.6617611602473,24.6570978280582,0 79.6617629395555,24.6570960704735,0 79.6617646143985,24.6570942291511,0 79.6617661800652,24.6570923092704,0 79.6617676321518,24.6570903162313,0 79.661768966574,24.6570882556401,0 79.6617701795781,24.6570861332925,0 79.6617712677525,24.6570839551584,0 79.6617722280362,24.6570817273643,0 79.6617730577283,24.6570794561765,0 79.6617755577258,24.6570719561756,0 79.6617762365851,24.6570697138832,0 79.661776788146,24.6570674426083,0 79.6617772109438,24.6570651483826,0 79.6617775038558,24.6570628372983,0 79.6617776661041,24.6570605154928,0 79.6617776972579,24.6570581891318,0 79.6617775972345,24.6570558643929,0 79.6617773749653,24.6570536343932,0 79.6617780009491,24.6570536469299,0 79.6618049009587,24.6570535469303,0 79.661807378557,24.6570534808931,0 79.6618098494124,24.6570533013709,0 79.6618123073048,24.6570530088157,0 79.6618147460469,24.6570526039638,0 79.6618171594993,24.6570520878344,0 79.6618195415867,24.6570514617269,0 79.6618218863124,24.6570507272173,0 79.6618241877738,24.6570498861547,0 79.6618264401774,24.6570489406564,0 79.661828637853,24.6570478931024,0 79.6618307752683,24.65704674613,0 79.6618328470426,24.6570455026264,0 79.661845773582,24.6570373125281,0 79.6618510113568,24.657034054145,0 79.6618525350354,24.6570337214293,0 79.6618550162267,24.6570330523866,0 79.661857455693,24.6570322655627,0 79.6618598467451,24.6570313631154,0 79.6618621828263,24.6570303475192,0 79.6618644575309,24.657029221559,0 79.6618666646212,24.6570279883223,0 79.6618687980451,24.6570266511909,0 79.6618708519526,24.6570252138313,0 79.6618728207115,24.6570236801849,0 79.6618746989232,24.6570220544573,0 79.6618764814374,24.6570203411064,0 79.6618781251885,24.6570185856037,0 79.6618781753203,24.6570138842825,0 79.6618817497432,24.6570139161154,0 79.6618825609741,24.6570127087636,0 79.6618837973839,24.6570106321114,0 79.6618849131471,24.6570084991575,0 79.6618859052041,24.6570063157507,0 79.6618867708345,24.6570040878782,0 79.6618875076647,24.6570018216491,0 79.6618881136743,24.6569995232778,0 79.6618885872013,24.6569971990666,0 79.6618889269475,24.6569948553888,0 79.6618891319812,24.6569924986712,0 79.6618892017401,24.6569901353761,0 79.661889136033,24.6569877719841,0 79.66188893504,24.6569854149757,0 79.6618885993123,24.6569830708144,0 79.6618881297706,24.656980745928,0 79.6618875277024,24.6569784466918,0 79.6618867947586,24.6569761794104,0 79.661885932949,24.6569739503012,0 79.661884944637,24.6569717654765,0 79.6618838325325,24.6569696309275,0 79.6618825996851,24.6569675525074,0 79.6618812494754,24.6569655359155,0 79.6618797856059,24.6569635866815,0 79.6618797222588,24.6569635111354,0 79.6618805722402,24.6569625263122,0 79.6618820592336,24.6569606054762,0 79.6618834347029,24.6569586164495,0 79.6618846949123,24.6569565646346,0 79.6618858364389,24.6569544556046,0 79.6618868561819,24.6569522950879,0 79.6618874355917,24.6569508671714,0 79.6618898596264,24.6569510124675,0 79.6618924484335,24.6569510434165,0 79.6618950354597,24.6569509503763,0 79.6618976135995,24.6569507336024,0 79.6619001757718,24.6569503936903,0 79.6619027149396,24.6569499315735,0 79.6619052241287,24.6569493485213,0 79.6619076964477,24.6569486461351,0 79.661910125106,24.656947826344,0 79.6619125034333,24.6569468913995,0 79.6619148248974,24.6569458438697,0 79.661917083122,24.6569446866316,0 79.661919271905,24.6569434228636,0 79.6619213852347,24.6569420560368,0 79.6619234173066,24.6569405899052,0 79.6619253625396,24.6569390284956,0 79.661927215591,24.6569373760966,0 79.6619289713713,24.6569356372466,0 79.661930625058,24.6569338167214,0 79.6619321721093,24.6569319195212,0 79.6619336082761,24.6569299508569,0 79.6619349296139,24.6569279161354,0 79.661935267981,24.6569273267635,0 79.6619367339198,24.6569280675777,0 79.661939060249,24.6569291017693,0 79.6619414426282,24.6569300232513,0 79.6619438745245,24.6569308294971,0 79.661946349269,24.6569315182955,0 79.6619488600756,24.6569320877579,0 79.6619514000591,24.6569325363226,0 79.6619539622543,24.6569328627596,0 79.6619565396351,24.6569330661737,0 79.6619591251338,24.6569331460071,0 79.6619617116606,24.6569331020409,0 79.6619642921225,24.6569329343956,0 79.6619668594434,24.656932643531,0 79.6619694065832,24.6569322302447,0 79.6619719265571,24.65693169567,0 79.6619744124548,24.6569310412729,0 79.6619768574595,24.6569302688477,0 79.6619792548664,24.6569293805127,0 79.6619815981014,24.6569283787038,0 79.6619838807389,24.6569272661683,0 79.6619860965193,24.6569260459569,0 79.6619882393666,24.6569247214156,0 79.6619903034046,24.6569232961768,0 79.6619922829733,24.6569217741486,0 79.6619941726444,24.6569201595047,0 79.6619959672359,24.656918456673,0 79.6620188304239,24.6568955934811,0 79.6620316432653,24.6568913752612,0 79.6620341650782,24.656890472927,0 79.6620366289943,24.6568894456554,0 79.6620390276091,24.6568882965334,0 79.6620413537141,24.6568870290146,0 79.6620436003187,24.656885646908,0 79.6620457606713,24.6568841543675,0 79.6620695606742,24.6568667543627,0 79.6620715004462,24.656865259967,0 79.6620733537101,24.6568636765327,0 79.6620751155783,24.6568620082359,0 79.6620767814039,24.6568602594767,0 79.6620783467935,24.6568584348672,0 79.6620798076185,24.6568565392196,0 79.6620811600262,24.6568545775336,0 79.6620824004496,24.6568525549828,0 79.6620835256174,24.6568504769016,0 79.662084532562,24.6568483487707,0 79.6620854186277,24.6568461762029,0 79.6620861814776,24.656843964928,0 79.6620868190997,24.6568417207781,0 79.6620873298124,24.656839449672,0 79.6620877122688,24.6568371575993,0 79.6620879654601,24.6568348506054,0 79.6620904654482,24.6568041506041,0 79.6620905920474,24.6568016917081,0 79.66209057181,24.6567992301613,0 79.6620904047964,24.6567967732815,0 79.6620900915029,24.6567943283726,0 79.662089632861,24.656791902703,0 79.6620890302342,24.6567895034841,0 79.662088285414,24.6567871378484,0 79.66208575432,24.656779852411,0 79.6620946940478,24.6567553857605,0 79.662097426598,24.6567504795877,0 79.6620986306114,24.6567481565189,0 79.6620996880034,24.6567457745933,0 79.6621107106985,24.6567187612058,0 79.6621174407695,24.6567117628253,0 79.6621183538679,24.6567122366908,0 79.6621206992339,24.6567133076666,0 79.66212310347,24.6567142634201,0 79.6621255598043,24.6567151012592,0 79.6621510598117,24.6567231012622,0 79.662153658064,24.6567238439222,0 79.6621562971365,24.6567244546531,0 79.6621589690147,24.6567249316001,0 79.6621616655849,24.656725273315,0 79.6621643786583,24.65672547876,0 79.6621670999956,24.6567255473113,0 79.6621891000035,24.6567255473116,0 79.6621917692339,24.6567254813624,0 79.6622099692404,24.6567245813624,0 79.662212553201,24.6567243913355,0 79.6622151226967,24.6567240776983,0 79.6622176706522,24.6567236413144,0 79.6622201900516,24.6567230833854,0 79.6622226739577,24.6567224054477,0 79.6622251155309,24.6567216093678,0 79.6622275080482,24.656720697338,0 79.6622298449217,24.6567196718694,0 79.6622321197167,24.6567185357858,0 79.6622343261694,24.6567172922154,0 79.6622364582044,24.6567159445825,0 79.6622385099509,24.6567144965978,0 79.6622404757593,24.6567129522484,0 79.6622423502168,24.6567113157868,0 79.6622441281619,24.6567095917189,0 79.662245019101,24.6567086314886,0 79.6622536687193,24.6567024379334,0 79.662255627791,24.6567009592809,0 79.6622575010823,24.6566993905323,0 79.6622592836378,24.6566977358373,0 79.662260970742,24.656695999573,0 79.6622625579322,24.6566941863324,0 79.6622640410099,24.656692300912,0 79.6622654160518,24.6566903482992,0 79.6622666794207,24.6566883336592,0 79.6622750385668,24.6566741714623,0 79.6622855404147,24.6566650535774,0 79.662292187671,24.6566635877719,0 79.662294677039,24.6566629756009,0 79.6622971280744,24.6566622455882,0 79.662299534103,24.6566613997217,0 79.6623018885731,24.6566604403048,0 79.6623041850733,24.6566593699499,0 79.6623064173501,24.6566581915718,0 79.6623085793249,24.6566569083792,0 79.6623106651105,24.6566555238663,0 79.6623126690273,24.6566540418031,0 79.6623145856184,24.6566524662256,0 79.6623164096649,24.6566508014239,0 79.6623181361999,24.6566490519315,0 79.6623197605219,24.6566472225123,0 79.6623212782077,24.656645318148,0 79.6623226851246,24.6566433440241,0 79.6623239774417,24.6566413055164,0 79.6623251516397,24.6566392081758,0 79.6623262045213,24.6566370577135,0 79.6623271332195,24.6566348599852,0 79.6623279352053,24.6566326209756,0 79.662328608295,24.6566303467815,0 79.6623291506557,24.6566280435958,0 79.6623295608105,24.65662571769,0 79.6623298376426,24.6566233753978,0 79.6623299803981,24.6566210230973,0 79.6623299886883,24.6566186671939,0 79.6623298624906,24.656616314103,0 79.6623296021487,24.6566139702321,0 79.6623292083716,24.6566116419636,0 79.6623286822314,24.6566093356376,0 79.662328025161,24.6566070575343,0 79.6623272389495,24.656604813857,0 79.6623230132755,24.656593756688,0 79.6623208521746,24.6565772397518,0 79.662320749542,24.6565765979438,0 79.6623310364258,24.6565775279901,0 79.6623337545817,24.6565777047206,0 79.6623364792654,24.6565777442109,0 79.6623392021867,24.6565776463408,0 79.6623833022025,24.6565749463405,0 79.6623858522026,24.6565747294155,0 79.6623883864751,24.6565743920122,0 79.662390898209,24.6565739350376,0 79.6623933806541,24.6565733597196,0 79.6623958271391,24.6565726676044,0 79.6623982310888,24.6565718605521,0 79.6624005860428,24.6565709407317,0 79.6624028856722,24.6565699106151,0 79.6624051237967,24.6565687729707,0 79.6624072944015,24.656567530856,0 79.662409391653,24.6565661876091,0 79.6624114099151,24.65656474684,0 79.6624133437635,24.6565632124206,0 79.6624151880012,24.6565615884748,0 79.6624169376717,24.6565598793668,0 79.662418588073,24.6565580896899,0 79.6624201347695,24.6565562242537,0 79.6624215736045,24.6565542880717,0 79.6624229007113,24.6565522863471,0 79.6624241125232,24.6565502244598,0 79.6624252057835,24.6565481079508,0 79.6624261775542,24.6565459425084,0 79.6624270252235,24.6565437339521,0 79.6624277465135,24.6565414882173,0 79.6624345465054,24.6565180882148,0 79.6624351684541,24.6565156848006,0 79.6624356456623,24.6565132539014,0 79.6624359767019,24.6565108027914,0 79.6624361605824,24.6565083388056,0 79.6624361967534,24.6565058693172,0 79.6624360851067,24.6565034017161,0 79.6624358259765,24.6565009433865,0 79.6624354201382,24.6564985016849,0 79.6624278872108,24.65646025767,0 79.6624287968026,24.6564589095498,0 79.6624300064394,24.6564568937411,0 79.6624311022206,24.6564548242706,0 79.6624320813047,24.6564527065048,0 79.6624325048392,24.656451721138,0 79.662434290752,24.656451820286,0 79.6624368659161,24.656451840381,0 79.662439438727,24.6564517378096,0 79.6624420021934,24.6564515128506,0 79.6624445493492,24.6564511661151,0 79.6624470732726,24.6564506985456,0 79.662449567105,24.6564501114125,0 79.6624520240696,24.6564494063114,0 79.6624544374896,24.6564485851583,0 79.6624568008068,24.6564476501847,0 79.6624591075989,24.6564466039314,0 79.6624613515974,24.6564454492413,0 79.6624635267044,24.6564441892525,0 79.6624656270091,24.6564428273887,0 79.662467646804,24.6564413673509,0 79.6624695806005,24.6564398131065,0 79.6624714231437,24.6564381688792,0 79.6624731694264,24.656436439137,0 79.6624748147033,24.6564346285804,0 79.6624763545034,24.6564327421295,0 79.6624777846424,24.6564307849107,0 79.6624791012341,24.6564287622425,0 79.6624803007005,24.6564266796214,0 79.6624938006943,24.6564016796172,0 79.662494115208,24.6564010863069,0 79.6624980883733,24.6563934495713,0 79.6625154024833,24.6563990554864,0 79.6625178652706,24.6563997870738,0 79.6625203666233,24.6564003997148,0 79.662522899668,24.6564008917259,0 79.6625254574444,24.6564012617551,0 79.6625280329239,24.6564015087856,0 79.6625306190296,24.6564016321387,0 79.6625332086552,24.6564016314753,0 79.6625357946848,24.6564015067974,0 79.6625383700124,24.6564012584475,0 79.6625409275614,24.656400887108,0 79.6625434603039,24.6564003937993,0 79.6625975603222,24.656388493796,0 79.6626001007801,24.6563878691431,0 79.6626026012493,24.6563871217819,0 79.6626050546384,24.656386253832,0 79.6626074539898,24.6563852677546,0 79.6626097924992,24.6563841663464,0 79.6626120635347,24.6563829527308,0 79.6626142606558,24.6563816303494,0 79.6626163776315,24.6563802029526,0 79.6626184084584,24.6563786745884,0 79.6626203473771,24.6563770495909,0 79.662622188889,24.6563753325687,0 79.6626239277717,24.6563735283911,0 79.6626255590938,24.6563716421746,0 79.6626270782291,24.6563696792684,0 79.6626284808693,24.6563676452392,0 79.6626297630367,24.6563655458553,0 79.6626309210951,24.6563633870704,0 79.6626319517605,24.6563611750067,0 79.6626328521098,24.6563589159375,0 79.6626388521045,24.6563425159355,0 79.6626396220462,24.6563402081159,0 79.6626402559837,24.6563378660023,0 79.6626407521067,24.6563354962836,0 79.6626411089981,24.6563331057273,0 79.6626413256389,24.6563307011608,0 79.6626414014102,24.6563282894512,0 79.6626413360958,24.6563258774862,0 79.6626411298821,24.6563234721541,0 79.662640783358,24.6563210803243,0 79.6626402975133,24.6563187088276,0 79.662635097505,24.6562966088289,0 79.6626345377325,24.6562944819027,0 79.6626338658804,24.6562923822537,0 79.6626330835261,24.6562903148116,0 79.6626326116642,24.6562892395719,0 79.6626335336289,24.6562874499152,0 79.6626345152065,24.6562852514742,0 79.6626353689537,24.6562830089119,0 79.6626360925091,24.6562807284309,0 79.6626366838714,24.6562784163392,0 79.662637141405,24.6562760790319,0 79.6626374638442,24.656273722974,0 79.6626376502972,24.6562713546823,0 79.6626377002484,24.6562689807073,0 79.6626376135595,24.6562666076155,0 79.662637504386,24.6562654499356,0 79.662638021019,24.6562634572053,0 79.6626390995895,24.6562617472754,0 79.662640266999,24.6562597859576,0 79.6626413268789,24.656257774293,0 79.6626422766371,24.6562557172015,0 79.6626431139506,24.656253619714,0 79.6626438367718,24.6562514869604,0 79.6626444433329,24.6562493241568,0 79.6626449321503,24.6562471365927,0 79.6626449451109,24.65624705926,0 79.6626471110131,24.6562475574951,0 79.6626496722922,24.6562480167658,0 79.6626522565391,24.6562483517672,0 79.6626548565398,24.6562485615644,0 79.6626574650364,24.6562486455716,0 79.6626600747471,24.6562486035542,0 79.6626626783871,24.6562484356296,0 79.6626652686881,24.6562481422666,0 79.6626678384193,24.6562477242841,0 79.6626703804072,24.6562471828489,0 79.6626728875559,24.6562465194724,0 79.6626753528666,24.6562457360064,0 79.6626777694573,24.656244834638,0 79.6626801305821,24.6562438178834,0 79.66268242965,24.6562426885808,0 79.6626846602429,24.6562414498828,0 79.6626868161341,24.6562401052472,0 79.6626888913056,24.6562386584275,0 79.6626908799643,24.6562371134626,0 79.662692776559,24.6562354746652,0 79.6626945757952,24.6562337466101,0 79.6626962726503,24.6562319341212,0 79.6626978623877,24.6562300422581,0 79.6626993405694,24.6562280763019,0 79.6627007030692,24.6562260417407,0 79.6627019460835,24.6562239442538,0 79.6627030661426,24.6562217896966,0 79.6627040601198,24.6562195840835,0 79.6627049252403,24.6562173335714,0 79.6627056590892,24.6562150444428,0 79.662706259618,24.6562127230877,0 79.6627067251502,24.6562103759863,0 79.6627070543863,24.6562080096904,0 79.6627072464073,24.6562056308058,0 79.6627073006771,24.6562032459729,0 79.6627072170443,24.6562008618492,0 79.6627071680258,24.6562003353956,0 79.6627115643562,24.6561939446292,0 79.6627146855344,24.656192415461,0 79.6627165280671,24.6561915380645,0 79.6627187933441,24.6561903893618,0 79.6627209896145,24.6561891337132,0 79.6627231108383,24.656187774572,0 79.6627251511823,24.6561863156756,0 79.6627271050354,24.6561847610362,0 79.6627289670247,24.6561831149289,0 79.6627307320295,24.6561813818805,0 79.6627323951962,24.6561795666569,0 79.6627339519511,24.6561776742501,0 79.662735398013,24.656175709864,0 79.6627367294054,24.6561736789009,0 79.6627379424668,24.6561715869457,0 79.6627390338614,24.6561694397515,0 79.6627400005878,24.656167243223,0 79.6627408399876,24.6561650034006,0 79.6627411859895,24.6561638934114,0 79.662744383477,24.6561624659615,0 79.6627467097618,24.6561613565633,0 79.6627489683093,24.6561601358488,0 79.6627511527476,24.6561588072618,0 79.6627532569139,24.6561573745507,0 79.6627552748718,24.6561558417574,0 79.6627572009282,24.6561542132064,0 79.6627590296492,24.6561524934921,0 79.6627607558756,24.6561506874663,0 79.6627623747373,24.6561488002242,0 79.662763881667,24.6561468370903,0 79.6627652724134,24.6561448036028,0 79.6627665430529,24.6561427054989,0 79.6627676900007,24.6561405486977,0 79.6627687100209,24.6561383392842,0 79.662769600236,24.6561360834915,0 79.6627703581342,24.6561337876839,0 79.6627709815776,24.6561314583383,0 79.6627773815679,24.6561044583358,0 79.6627774333194,24.6561042373369,0 79.6627795581531,24.6560950511747,0 79.6627886013681,24.6561088712536,0 79.6627900030193,24.6561108899515,0 79.6627915196389,24.6561128380089,0 79.6627931469739,24.6561147099628,0 79.6627948804606,24.6561165005638,0 79.6627967152379,24.6561182047903,0 79.6627986461605,24.6561198178632,0 79.6628006678134,24.656121335259,0 79.6628217678153,24.6561363352633,0 79.6628238531568,24.6561377391209,0 79.6628260161424,24.6561390411666,0 79.6628282508265,24.6561402378212,0 79.6628305510666,24.6561413257955,0 79.6628329105397,24.6561423020989,0 79.6628353227603,24.6561431640478,0 79.6628377810976,24.6561439092728,0 79.6628402787943,24.6561445357255,0 79.6628428089849,24.6561450416839,0 79.6628453647143,24.6561454257573,0 79.6628479389574,24.6561456868899,0 79.6628505246383,24.6561458243639,0 79.6628531146495,24.6561458378015,0 79.6628557018717,24.6561457271657,0 79.6628582791932,24.6561454927607,0 79.6628608395295,24.6561451352306,0 79.6628633758428,24.6561446555584,0 79.6628658811614,24.6561440550626,0 79.6628683485988,24.6561433353936,0 79.6628707713725,24.6561424985299,0 79.6628731428228,24.6561415467716,0 79.6628754564313,24.656140482735,0 79.6628777058383,24.6561393093449,0 79.6628798848608,24.6561380298266,0 79.662881987509,24.6561366476972,0 79.6628840080034,24.6561351667559,0 79.6628859407899,24.6561335910735,0 79.6628877805559,24.6561319249812,0 79.6628895222443,24.6561301730586,0 79.6628911610676,24.6561283401214,0 79.6628926925209,24.656126431208,0 79.6628941123948,24.6561244515654,0 79.6628954167862,24.6561224066352,0 79.6629050167827,24.6561064066323,0 79.6629062465833,24.6561042174769,0 79.6629073440399,24.6561019703368,0 79.6629083058922,24.6560996718882,0 79.6629091292824,24.6560973289594,0 79.6629098117645,24.6560949485111,0 79.6629103513108,24.6560925376154,0 79.6629107463183,24.6560901034349,0 79.6629109956137,24.6560876532012,0 79.6629126956045,24.6560639532003,0 79.6629127980591,24.6560615255718,0 79.6629127574742,24.6560590964215,0 79.6629125739675,24.6560566727833,0 79.6629122480701,24.6560542616752,0 79.6629081950958,24.6560297228177,0 79.6629107114861,24.6560202339152,0 79.6629112579472,24.6560179069781,0 79.662911472012,24.6560166845627,0 79.6629141983613,24.6560173251802,0 79.6629167142989,24.6560178527204,0 79.6629192569539,24.6560182594398,0 79.6629218193842,24.6560185442279,0 79.6629243945938,24.6560187063072,0 79.6629269755516,24.6560187452351,0 79.6629295552111,24.6560186609054,0 79.662932126529,24.6560184535483,0 79.6629346824852,24.65601812373,0 79.6629372161011,24.6560176723509,0 79.6629397204595,24.6560171006433,0 79.6629421887227,24.6560164101683,0 79.6629446141517,24.656015602811,0 79.6629469901247,24.6560146807756,0 79.6629493101545,24.6560136465796,0 79.6629515679069,24.6560125030465,0 79.6629537572177,24.6560112532986,0 79.6629558721096,24.6560099007478,0 79.6629579068083,24.6560084490871,0 79.6629598557586,24.6560069022797,0 79.6629617136394,24.656005264549,0 79.6629634753783,24.6560035403662,0 79.6629651361652,24.6560017344388,0 79.6629666914658,24.6559998516975,0 79.6629681370338,24.6559978972826,0 79.6629694689224,24.6559958765302,0 79.6629706834951,24.6559937949574,0 79.6629717774361,24.6559916582473,0 79.6629727477584,24.6559894722339,0 79.6629735918129,24.6559872428853,0 79.6629743072952,24.6559849762883,0 79.6629748922518,24.6559826786313,0 79.6629753450855,24.6559803561874,0 79.6629756645602,24.6559780152974,0 79.6629758498035,24.6559756623527,0 79.6629759003097,24.6559733037772,0 79.6629758159409,24.6559709460105,0 79.6629755969275,24.6559685954899,0 79.6629752438674,24.6559662586328,0 79.6629747577246,24.6559639418195,0 79.6629741398264,24.6559616513754,0 79.6629733918598,24.655959393554,0 79.6629681352469,24.6559449023679,0 79.6629918301495,24.6559384883097,0 79.662994263941,24.6559377663355,0 79.6629966535625,24.6559369301627,0 79.6629989926028,24.6559359820347,0 79.6630012747869,24.6559349244952,0 79.6630034939919,24.6559337603814,0 79.663005644264,24.6559324928163,0 79.6630077198345,24.6559311252008,0 79.663009715135,24.6559296612038,0 79.6630116248123,24.655928104753,0 79.6630134437431,24.6559264600242,0 79.6630151670476,24.6559247314299,0 79.6630167901023,24.6559229236076,0 79.6630356901001,24.6559007236026,0 79.6630373041785,24.655898715749,0 79.6630387946013,24.655896629581,0 79.6630401568295,24.6558944714516,0 79.6630413867147,24.6558922479334,0 79.6630424805114,24.6558899657977,0 79.6630434348886,24.6558876319945,0 79.6630442469397,24.6558852536312,0 79.6630496469338,24.6558677536293,0 79.6630502801986,24.6558654760451,0 79.6630507829286,24.6558631714329,0 79.6630511537618,24.6558608460364,0 79.6630513916934,24.6558585061559,0 79.6630514960789,24.6558561581308,0 79.6630514666354,24.6558538083227,0 79.6630513034427,24.6558514630979,0 79.663051006943,24.6558491288102,0 79.6630505779396,24.6558468117841,0 79.6630500175947,24.655844518297,0 79.6630493274266,24.6558422545627,0 79.6630485093051,24.6558400267143,0 79.6630475654468,24.6558378407878,0 79.6630464984088,24.6558357027054,0 79.6630453110822,24.6558336182599,0 79.6630440066837,24.6558315930987,0 79.6630425887473,24.6558296327086,0 79.6630410611147,24.6558277424008,0 79.6630394279248,24.6558259272967,0 79.663022827923,24.6558084273007,0 79.6630210515091,24.6558066523995,0 79.663019174179,24.6558049664814,0 79.6630172012617,24.6558033743321,0 79.6630151383575,24.6558018804708,0 79.6630129913221,24.6558004891382,0 79.6630107662502,24.6557992042835,0 79.6630084694578,24.6557980295541,0 79.6630061074644,24.6557969682845,0 79.663003686975,24.6557960234872,0 79.6630012148602,24.655795197844,0 79.6629986981373,24.6557944936987,0 79.6629961439504,24.65579391305,0 79.6629935595496,24.6557934575461,0 79.6629909522712,24.6557931284801,0 79.6629883295159,24.655792926786,0 79.6629856987288,24.6557928530363,0 79.6629740499953,24.6557928102109,0 79.6629734142651,24.6557908357313,0 79.6629725635447,24.655788624482,0 79.6629715883931,24.6557864565632,0 79.6629704914387,24.6557843378187,0 79.6629692756383,24.6557822739594,0 79.662967944269,24.6557802705482,0 79.6629665009195,24.6557783329852,0 79.6629649494803,24.6557764664931,0 79.6629632941332,24.6557746761028,0 79.66296153934,24.6557729666403,0 79.6629596898307,24.6557713427133,0 79.6629577505906,24.655769808699,0 79.6629557268468,24.6557683687323,0 79.6629536240542,24.6557670266945,0 79.6629514478807,24.655765786203,0 79.6629492041921,24.6557646506014,0 79.6629468990361,24.6557636229508,0 79.6629445386261,24.655762706021,0 79.6629421293245,24.6557619022837,0 79.6629396776255,24.6557612139052,0 79.6629371901373,24.6557606427411,0 79.662934673565,24.6557601903308,0 79.6629321346918,24.6557598578939,0 79.6629295803611,24.6557596463263,0 79.6629122433569,24.6557586241918,0 79.6628966426522,24.6557394116196,0 79.6628906810479,24.6557257626948,0 79.662889656923,24.6557235857327,0 79.6628885092244,24.6557214608765,0 79.6628872411139,24.6557193939797,0 79.6628858560849,24.6557173907363,0 79.662885236552,24.6557165909264,0 79.6628861389172,24.6557152002576,0 79.6628906594754,24.6557077970209,0 79.662892868457,24.6557069936719,0 79.6628952327211,24.6557059990194,0 79.6628975363818,24.6557048919498,0 79.6628997730448,24.6557036755359,0 79.6629019365013,24.6557023531544,0 79.6629040207462,24.6557009284758,0 79.6629060199939,24.6556994054549,0 79.662907928695,24.6556977883192,0 79.6629097415513,24.6556960815575,0 79.6629114535307,24.6556942899076,0 79.6629130598809,24.6556924183427,0 79.6629145561432,24.6556904720578,0 79.6629159381642,24.6556884564554,0 79.6629172021078,24.6556863771306,0 79.6629183444654,24.655684239855,0 79.662919362066,24.6556820505614,0 79.6629202520852,24.6556798153267,0 79.6629210120523,24.6556775403555,0 79.6629216398578,24.6556752319627,0 79.6629221337591,24.655672896556,0 79.6629224923852,24.6556705406179,0 79.6629227147406,24.6556681706882,0 79.6629228002082,24.6556657933451,0 79.6629227485507,24.6556634151878,0 79.6629225599115,24.6556610428175,0 79.6629222348142,24.6556586828195,0 79.6629217741613,24.6556563417447,0 79.6629211792314,24.6556540260913,0 79.662920451676,24.6556517422872,0 79.6629195935145,24.6556494966719,0 79.6629186071292,24.6556472954785,0 79.662917495258,24.6556451448173,0 79.6629162609872,24.655643050658,0 79.662914907743,24.6556410188136,0 79.6629134392816,24.6556390549241,0 79.6629118596793,24.6556371644409,0 79.6629101733207,24.6556353526114,0 79.6629083848867,24.6556336244651,0 79.6628963848864,24.6556226244678,0 79.6628945216651,24.6556210032257,0 79.6628925686169,24.655619472828,0 79.6628905310383,24.6556180374251,0 79.6628884144554,24.6556167009099,0 79.6628862246085,24.6556154669071,0 79.6628839674365,24.6556143387634,0 79.6628816490609,24.6556133195383,0 79.6628792757692,24.6556124119959,0 79.6628768539978,24.6556116185977,0 79.6628743903148,24.6556109414952,0 79.6628718914016,24.6556103825247,0 79.6628693640353,24.6556099432024,0 79.6628668150704,24.6556096247195,0 79.6628642514197,24.6556094279399,0 79.6628634584421,24.655609404952,0 79.6628629022752,24.6556066132175,0 79.6628620917108,24.6556032696526,0 79.6628588682051,24.6555920129819,0 79.6628593189375,24.6555901664304,0 79.6628604998286,24.6555897794597,0 79.6628629124371,24.6555888543811,0 79.662865268071,24.6555878138685,0 79.6628675601232,24.6555866608403,0 79.6628697821645,24.6555853985306,0 79.6628719279625,24.6555840304802,0 79.6628739914982,24.6555825605263,0 79.6628759669838,24.6555809927919,0 79.6628778488781,24.6555793316744,0 79.6628796319026,24.6555775818331,0 79.6628813110562,24.6555757481762,0 79.6628828816289,24.6555738358468,0 79.6628843392154,24.6555718502088,0 79.6628856797274,24.6555697968319,0 79.6628868994048,24.6555676814755,0 79.6628879948266,24.655565510073,0 79.6628889629202,24.6555632887149,0 79.6628898009703,24.655561023632,0 79.6628905066261,24.6555587211776,0 79.6628910779084,24.6555563878099,0 79.6628915132149,24.6555540300738,0 79.6628918113245,24.6555516545824,0 79.662891971401,24.6555492679988,0 79.6628919929954,24.6555468770172,0 79.6628918760473,24.6555444883439,0 79.6628916208847,24.6555421086791,0 79.6628912282232,24.6555397446974,0 79.6628906991642,24.6555374030296,0 79.6628900351918,24.6555350902438,0 79.6628892381682,24.6555328128272,0 79.6628883103291,24.6555305771677,0 79.662887254277,24.6555283895361,0 79.662886072974,24.6555262560685,0 79.6628847697336,24.6555241827491,0 79.6628833482112,24.6555221753933,0 79.662882448211,24.6555209753935,0 79.6628809565211,24.6555190923395,0 79.662879360746,24.6555172819544,0 79.6628776651169,24.6555155490384,0 79.6628758741296,24.6555138981861,0 79.6628739925326,24.6555123337747,0 79.6628720253149,24.655510859952,0 79.6628699776923,24.6555094806257,0 79.662867855094,24.655508199453,0 79.6628656631479,24.6555070198308,0 79.6628634076656,24.6555059448868,0 79.6628610946275,24.655504977471,0 79.6628428946321,24.6554978774735,0 79.6628406483729,24.6554970599782,0 79.662838361037,24.6554963439028,0 79.6628360381035,24.6554957309628,0 79.6628336851365,24.6554952226263,0 79.6628313077725,24.655494820111,0 79.6628289117059,24.655494524381,0 79.6628150117107,24.6554931243817,0 79.6628124312861,24.6554929268801,0 79.6628098430825,24.6554928532185,0 79.662807254211,24.6554929035992,0 79.6628046717846,24.6554930778838,0 79.6628021028987,24.6554933755935,0 79.6627995546112,24.6554937959101,0 79.6627970533751,24.6554943334984,0 79.662793894853,24.6554826365694,0 79.6627925240979,24.6554678808557,0 79.6627922337672,24.6554655042348,0 79.662791806145,24.6554631449971,0 79.6627912424309,24.6554608097619,0 79.6627905442066,24.655458505081,0 79.6627897134311,24.6554562374207,0 79.6627887524353,24.6554540131431,0 79.6627876639154,24.6554518384889,0 79.6627864509254,24.6554497195593,0 79.6627851168685,24.6554476622995,0 79.6627836654878,24.6554456724813,0 79.6627821008552,24.6554437556875,0 79.6627804273606,24.655441917296,0 79.6627786496993,24.6554401624647,0 79.6627767728587,24.655438496117,0 79.6627748021048,24.6554369229282,0 79.6627727429666,24.655435447312,0 79.6627706012215,24.6554340734087,0 79.6627690925519,24.6554332108279,0 79.6627693077102,24.6554329592832,0 79.6627707983973,24.6554310136774,0 79.6627721750602,24.6554289991185,0 79.6627734338888,24.6554269211821,0 79.6627745713989,24.6554247856193,0 79.6627755844425,24.6554225983405,0 79.6627764702155,24.6554203653996,0 79.6627772262667,24.6554180929766,0 79.6627778505033,24.6554157873609,0 79.6627783411978,24.6554134549336,0 79.6627786969921,24.6554111021503,0 79.6627789169014,24.6554087355225,0 79.6627790003171,24.6554063616005,0 79.6627789470084,24.6554039869545,0 79.6627787571229,24.6554016181568,0 79.6627784311859,24.6553992617634,0 79.6627779700997,24.6553969242961,0 79.6627773751405,24.6553946122243,0 79.6627766479548,24.655392331947,0 79.6627757905553,24.6553900897753,0 79.662774805315,24.6553878919149,0 79.6627736949607,24.6553857444487,0 79.6627724625657,24.6553836533203,0 79.6627711115407,24.6553816243171,0 79.6627696456249,24.6553796630549,0 79.6627680688756,24.6553777749618,0 79.6627663856567,24.6553759652635,0 79.6627646006269,24.6553742389685,0 79.6627627187264,24.6553726008548,0 79.6627607451639,24.655371055456,0 79.6627586854015,24.6553696070495,0 79.66275654514,24.6553682596439,0 79.6627468835841,24.6553625136854,0 79.6627468829468,24.6553617752213,0 79.6627468637358,24.6553614472178,0 79.6627470340536,24.655361287809,0 79.6627487358869,24.6553595191734,0 79.6627503344808,24.6553576718369,0 79.662751825485,24.6553557508266,0 79.6627532048418,24.6553537613706,0 79.6627544687973,24.6553517088828,0 79.6627556139119,24.6553495989491,0 79.6627566370693,24.6553474373113,0 79.6627575354849,24.6553452298522,0 79.6627583067138,24.6553429825793,0 79.6627589486573,24.6553407016083,0 79.6627594595683,24.6553383931466,0 79.6627598380564,24.6553360634765,0 79.6627600830916,24.6553337189381,0 79.6627601940071,24.6553313659118,0 79.6627601705011,24.6553290108011,0 79.6627600126374,24.6553266600154,0 79.6627597208459,24.655324319952,0 79.6627592959204,24.6553219969792,0 79.6627587390174,24.6553196974188,0 79.6627580516526,24.6553174275289,0 79.6627572356965,24.6553151934867,0 79.6627562933697,24.6553130013721,0 79.6627552272366,24.6553108571506,0 79.6627540401986,24.6553087666577,0 79.6627527354862,24.6553067355823,0 79.6627513166501,24.6553047694518,0 79.6627510957748,24.6553044956023,0 79.6627519046554,24.6553027156074,0 79.6627527721146,24.655300482544,0 79.6627535101752,24.6552982109616,0 79.662754116804,24.6552959071179,0 79.6627545903298,24.6552935773596,0 79.6627549294482,24.6552912281045,0 79.662755133225,24.6552888658246,0 79.6627552010988,24.6552864970273,0 79.6627551328827,24.6552841282382,0 79.6627549287646,24.6552817659829,0 79.6627545893068,24.6552794167688,0 79.6627541154445,24.6552770870676,0 79.662753508483,24.6552747832971,0 79.6627527700944,24.6552725118038,0 79.6627519023128,24.6552702788451,0 79.6627509075289,24.6552680905723,0 79.662749788483,24.6552659530139,0 79.6627485482578,24.6552638720581,0 79.6627471902701,24.6552618534378,0 79.6627394902678,24.6552510534397,0 79.6627380591585,24.6552491540596,0 79.6627365237896,24.655247323942,0 79.6627348881669,24.6552455678621,0 79.6627331565582,24.6552438904016,0 79.6627067565575,24.6552195904077,0 79.6627048661916,24.6552179401329,0 79.6627028829475,24.6552163835588,0 79.662700812379,24.6552149250445,0 79.6626986602844,24.6552135686744,0 79.6626964326906,24.6552123182467,0 79.6626941358357,24.6552111772633,0 79.6626917761517,24.6552101489192,0 79.6626893602466,24.6552092360943,0 79.662686894886,24.6552084413448,0 79.6626843869738,24.6552077668963,0 79.6626818435332,24.6552072146376,0 79.6626792716867,24.6552067861151,0 79.6626766786365,24.655206482529,0 79.6626740716442,24.6552063047294,0 79.6626714580105,24.6552062532141,0 79.6626688450544,24.6552063281274,0 79.6626662400932,24.6552065292596,0 79.6626636504219,24.6552068560475,0 79.6626610832926,24.6552073075758,0 79.6626585458941,24.6552078825801,0 79.6626560453323,24.6552085794502,0 79.6626546290091,24.6552090503339,0 79.6626556547735,24.6552082154842,0 79.6626575525181,24.6552065870112,0 79.6626593537627,24.6552048694399,0 79.6626610535057,24.6552030675394,0 79.6626626470271,24.6552011863133,0 79.6626641299023,24.6551992309852,0 79.6626654980135,24.6551972069848,0 79.6626667475619,24.6551951199322,0 79.6626678750777,24.6551929756227,0 79.6626688774301,24.6551907800105,0 79.6626697518357,24.6551885391924,0 79.6626704958667,24.6551862593907,0 79.6626711074568,24.6551839469358,0 79.6626715849081,24.6551816082488,0 79.6626719268945,24.6551792498239,0 79.6626721324665,24.6551768782098,0 79.6626722010534,24.655174499992,0 79.6626722010481,24.6551608999918,0 79.6626721340759,24.6551585499489,0 79.662671933343,24.6551562062779,0 79.6626715993934,24.655153875333,0 79.6626711331328,24.6551515634344,0 79.6626705358253,24.6551492768503,0 79.6626698090903,24.6551470217803,0 79.6626689548984,24.6551448043388,0 79.6626679755655,24.6551426305379,0 79.6626668737468,24.6551405062715,0 79.6626656524299,24.6551384372991,0 79.6626643149261,24.6551364292305,0 79.6626628648618,24.6551344875102,0 79.6626613061686,24.6551326174028,0 79.6626596430727,24.6551308239788,0 79.6626578800832,24.6551291121007,0 79.6626560219802,24.65512748641,0 79.6626540738016,24.6551259513144,0 79.6626520408295,24.6551245109762,0 79.6626499285761,24.6551231693005,0 79.6626477427683,24.655121929925,0 79.6626454893325,24.6551207962102,0 79.6626431743786,24.6551197712298,0 79.6626408041832,24.655118857763,0 79.6626383851726,24.6551180582863,0 79.6626359239055,24.6551173749676,0 79.6626334270552,24.6551168096594,0 79.6626309013916,24.6551163638945,0 79.6626283537624,24.6551160388816,0 79.6626257910752,24.6551158355017,0 79.6626232202783,24.6551157543065,0 79.662621578145,24.6551157806179,0 79.6626220217466,24.6551152649755,0 79.6626235121796,24.6551133322016,0 79.6626248898435,24.6551113307654,0 79.6626261509592,24.6551092661566,0 79.6626272920677,24.6551071440385,0 79.6626283100389,24.6551049702319,0 79.6626292020806,24.6551027506995,0 79.6626299657459,24.6551004915294,0 79.6626305989401,24.6550981989185,0 79.6626310999265,24.6550958791552,0 79.6626314673308,24.6550935386025,0 79.6626317001453,24.6550911836807,0 79.6626317977313,24.655088820849,0 79.6626317598213,24.6550864565886,0 79.6626315865191,24.6550840973847,0 79.6626312783003,24.6550817497084,0 79.6626308360101,24.6550794199994,0 79.6626302608619,24.6550771146479,0 79.6626295544332,24.6550748399773,0 79.6626287186617,24.6550726022272,0 79.6626277558399,24.6550704075354,0 79.6626266686089,24.655068261922,0 79.6626254599508,24.6550661712722,0 79.662624133181,24.6550641413208,0 79.6626226919387,24.6550621776357,0 79.6626211401773,24.6550602856032,0 79.6626194821531,24.6550584704131,0 79.662617722414,24.6550567370445,0 79.662615865787,24.6550550902518,0 79.6626139173647,24.6550535345522,0 79.6626118824916,24.6550520742128,0 79.6626097667491,24.6550507132394,0 79.6626023667502,24.6550462132408,0 79.6625997835792,24.6550447451994,0 79.6625971064397,24.6550434252367,0 79.6625738969753,24.6550328115449,0 79.6625747588034,24.6550309861433,0 79.6625757252456,24.6550287814816,0 79.6625765634898,24.6550265334238,0 79.6625772712165,24.6550242481912,0 79.662577846467,24.6550219321078,0 79.6625782876496,24.6550195915829,0 79.6625785935432,24.6550172330936,0 79.6625787633015,24.6550148631666,0 79.6625787964545,24.6550124883604,0 79.6625786929106,24.6550101152468,0 79.6625784529564,24.655007750393,0 79.6625780772558,24.6550054003435,0 79.6625775668486,24.6550030716016,0 79.6625769231472,24.6550007706117,0 79.662576147933,24.6549985037415,0 79.6625752433513,24.6549962772641,0 79.6625742119054,24.654994097341,0 79.6625730564497,24.6549919700049,0 79.6625717801816,24.6549899011426,0 79.6625703866331,24.6549878964796,0 79.6625688796607,24.6549859615633,0 79.6625672634345,24.6549841017484,0 79.6625655424273,24.6549823221817,0 79.6625637214017,24.6549806277876,0 79.6625618053971,24.6549790232553,0 79.6625597997157,24.6549775130251,0 79.662557709908,24.6549761012761,0 79.6625555417571,24.6549747919153,0 79.6625533012631,24.6549735885661,0 79.6625509946261,24.6549724945585,0 79.6625486282295,24.6549715129201,0 79.6625462086218,24.6549706463674,0 79.662543742499,24.6549698972984,0 79.6625412366856,24.654969267786,0 79.6625386981161,24.6549687595723,0 79.6625361338155,24.6549683740638,0 79.6625335508801,24.6549681123272,0 79.6625309564579,24.6549679750869,0 79.6625283577284,24.6549679627226,0 79.6625257618833,24.6549680752686,0 79.6625231761061,24.6549683124135,0 79.6625206075525,24.6549686735009,0 79.6625180633306,24.6549691575316,0 79.6625155504811,24.6549697631661,0 79.6625130759579,24.6549704887285,0 79.6625113600516,24.6549710844999,0 79.6624985571962,24.6549688524225,0 79.6624957034291,24.6549684335571,0 79.6624937264482,24.6549682509462,0 79.6624951483498,24.6549666722234,0 79.6624966811769,24.6549647767982,0 79.6624981036791,24.65496281085,0 79.6624994119797,24.6549607797367,0 79.662500602513,24.6549586889938,0 79.6625016720346,24.6549565443193,0 79.6625026176295,24.6549543515581,0 79.6625034367207,24.6549521166861,0 79.662504127076,24.6549498457944,0 79.6625046868138,24.6549475450716,0 79.6625051144088,24.6549452207881,0 79.6625054086956,24.6549428792784,0 79.6625055688721,24.6549405269239,0 79.6625055945019,24.6549381701354,0 79.662505485515,24.6549358153361,0 79.6625052422086,24.6549334689436,0 79.6625048652457,24.6549311373525,0 79.6625043556537,24.6549288269173,0 79.6625037148215,24.6549265439346,0 79.6625029444954,24.6549242946264,0 79.6624998724567,24.6549160828393,0 79.6625050820445,24.6549092756416,0 79.6625064796425,24.6549073459697,0 79.6625077672132,24.6549053533864,0 79.6625089413738,24.6549033031265,0 79.6625099990396,24.6549012005766,0 79.6625109374317,24.6548990512606,0 79.6625219374234,24.6548718512569,0 79.6625227739954,24.6548696024031,0 79.6625234799921,24.6548673164522,0 79.6625240534591,24.6548649997315,0 79.6625244928093,24.6548626586535,0 79.6625247968265,24.6548602996983,0 79.6625249646692,24.6548579293954,0 79.6625249958729,24.6548555543057,0 79.6625248903511,24.6548531810031,0 79.6625246483961,24.6548508160571,0 79.6625242706774,24.6548484660135,0 79.6625237582407,24.6548461373773,0 79.6625231125042,24.654843836594,0 79.6625223352555,24.654841570032,0 79.6625214286459,24.6548393439651,0 79.6625203951848,24.6548371645549,0 79.6625192377329,24.6548350378339,0 79.6625179594938,24.6548329696887,0 79.6625165640058,24.654830965844,0 79.6625150551314,24.6548290318462,0 79.6625134370472,24.6548271730486,0 79.6625117142319,24.6548253945961,0 79.6625098914542,24.6548237014116,0 79.6625079737595,24.6548220981815,0 79.6625059664559,24.6548205893437,0 79.6625038750994,24.6548191790744,0 79.6625017054789,24.6548178712773,0 79.6624994635998,24.6548166695722,0 79.6624971556674,24.6548155772854,0 79.6624964840499,24.6548152993322,0 79.6624966058534,24.6548152657322,0 79.6624990344855,24.654814467092,0 79.66250141416,24.6548135536172,0 79.662503738381,24.6548125278014,0 79.6625060008038,24.6548113924449,0 79.6625081952524,24.654810150647,0 79.6625103157365,24.6548088057976,0 79.6625123564675,24.6548073615677,0 79.6625143118747,24.6548058219,0 79.6625161766203,24.6548041909972,0 79.6625179456138,24.6548024733116,0 79.6625196140262,24.6548006735319,0 79.6625211773032,24.6547987965713,0 79.6625226311772,24.6547968475535,0 79.6625239716796,24.6547948317989,0 79.6625251951511,24.65479275481,0 79.6625262982517,24.6547906222567,0 79.6625272779704,24.6547884399604,0 79.6625281316326,24.6547862138783,0 79.662528856908,24.6547839500872,0 79.6625294518168,24.6547816547667,0 79.662529914735,24.6547793341826,0 79.6625302443991,24.6547769946696,0 79.6625317443939,24.6547635946689,0 79.6625319397384,24.6547612456478,0 79.6625320007422,24.6547588905124,0 79.6625319272391,24.6547565356751,0 79.6625317194293,24.6547541875477,0 79.6625313778786,24.6547518525234,0 79.6625309035169,24.6547495369602,0 79.6625302976359,24.6547472471626,0 79.6625295618853,24.6547449893653,0 79.6625286982683,24.6547427697157,0 79.6625277091363,24.6547405942575,0 79.6625265971826,24.654738468914,0 79.6625253654348,24.6547363994718,0 79.6625240172466,24.6547343915657,0 79.6625225562888,24.6547324506627,0 79.6625209865393,24.6547305820475,0 79.6625193122721,24.6547287908078,0 79.6625175380459,24.6547270818208,0 79.6625156686916,24.6547254597396,0 79.6625137092989,24.6547239289808,0 79.6625116652028,24.6547224937124,0 79.6625095419689,24.6547211578421,0 79.6625073453782,24.6547199250073,0 79.6625050814117,24.6547187985647,0 79.6625027562335,24.6547177815813,0 79.6625003761746,24.6547168768262,0 79.6624979477153,24.6547160867628,0 79.6624954774678,24.6547154135422,0 79.6624929721579,24.6547148589974,0 79.6624904386071,24.6547144246384,0 79.6624878837135,24.6547141116479,0 79.6624855307857,24.6547139369421,0 79.6624845490859,24.6547129337161,0 79.6624827263741,24.6547112566288,0 79.6624808101138,24.6547096690248,0 79.662478805558,24.6547081752561,0 79.6624767182016,24.6547067794174,0 79.6624745537665,24.6547054853351,0 79.662472318186,24.6547042965566,0 79.6624715013866,24.654703913039,0 79.6624716939124,24.6547024281764,0 79.6624718636693,24.65470005159,0 79.6624718960545,24.6546976701291,0 79.6624716960493,24.6546845701289,0 79.6624715913821,24.6546821960263,0 79.6624713501904,24.6546798302439,0 79.6624709731424,24.6546774793344,0 79.6624704612823,24.6546751498092,0 79.662469816028,24.6546728481204,0 79.6624693513722,24.6546714918987,0 79.6624702896663,24.6546704041266,0 79.662471794148,24.6546684567159,0 79.6624731840562,24.6546664394453,0 79.6624744555157,24.654664357939,0 79.6624756049816,24.6546622180005,0 79.6624766292491,24.6546600255961,0 79.6624775254625,24.6546577868383,0 79.6624782911231,24.654655507969,0 79.6624789240962,24.6546531953418,0 79.6624794226169,24.6546508554045,0 79.6624797852955,24.6546484946811,0 79.6624800111207,24.6546461197533,0 79.6624800994629,24.6546437372426,0 79.6624800500759,24.6546413537918,0 79.6624798630972,24.6546389760459,0 79.6624795390483,24.6546366106343,0 79.6624790788327,24.6546342641521,0 79.6624784837334,24.6546319431412,0 79.6624777554096,24.6546296540729,0 79.662476895892,24.6546274033292,0 79.6624759075769,24.6546251971855,0 79.66247479322,24.6546230417925,0 79.662473555928,24.6546209431597,0 79.6624721991506,24.6546189071382,0 79.6624707266707,24.6546169394045,0 79.6624691425936,24.6546150454449,0 79.6624674513358,24.6546132305399,0 79.6624656576128,24.6546114997495,0 79.6624637664254,24.6546098578993,0 79.6624617830466,24.6546083095668,0 79.6624597130061,24.654606859069,0 79.6624575620752,24.65460551045,0 79.6624553362511,24.6546042674697,0 79.6624530417393,24.6546031335937,0 79.6624407417421,24.6545974335956,0 79.6624384355665,24.6545964324829,0 79.662436075876,24.6545955415956,0 79.6624336689733,24.6545947633133,0 79.6624312212872,24.6545940997149,0 79.6624287393555,24.6545935525727,0 79.6624262298075,24.6545931233482,0 79.662423699346,24.6545928131878,0 79.6624211547301,24.65459262292,0 79.6624201540501,24.6545925955237,0 79.6624198256844,24.6545904614757,0 79.6624193408017,24.654588173696,0 79.662418727398,24.6545859118286,0 79.6624179871073,24.6545836818997,0 79.662417121902,24.65458148985,0 79.6624161340871,24.6545793415197,0 79.6624150262944,24.654577242632,0 79.6624138014751,24.6545751987788,0 79.6624124628924,24.6545732154053,0 79.6624110141124,24.6545712977955,0 79.662409458995,24.6545694510582,0 79.6624078016833,24.6545676801133,0 79.6624060465925,24.654565989679,0 79.6624041983985,24.6545643842588,0 79.6624022620253,24.6545628681299,0 79.6624002426315,24.6545614453313,0 79.6623981455973,24.6545601196538,0 79.6623959765093,24.6545588946291,0 79.6623937411465,24.6545577735208,0 79.6623914454641,24.6545567593158,0 79.6623890955782,24.654555854716,0 79.6623866977494,24.6545550621315,0 79.6623842583657,24.6545543836739,0 79.662381783926,24.6545538211505,0 79.6623809403426,24.6545536711364,0 79.6623811347509,24.6545523868595,0 79.6623814175592,24.6545500849934,0 79.6623815708116,24.6545477729007,0 79.6623815941047,24.6545454566678,0 79.6623813941004,24.6545343566676,0 79.6623812887515,24.6545320610097,0 79.6623810557408,24.6545297732231,0 79.6623806956717,24.6545274992332,0 79.6623802094769,24.6545252449299,0 79.6623795984156,24.6545230161521,0 79.6623788640705,24.6545208186725,0 79.6623722362951,24.6545026536779,0 79.6623578579824,24.6544051689745,0 79.6623574487735,24.6544028514228,0 79.6623569083033,24.6544005564432,0 79.662356238033,24.6543982902406,0 79.6623554397748,24.6543960589422,0 79.6623545156871,24.6543938685806,0 79.6623534682681,24.6543917250781,0 79.6623523003499,24.65438963423,0 79.6623510150902,24.6543876016893,0 79.662349615964,24.6543856329513,0 79.662348106754,24.6543837333391,0 79.6623464915406,24.6543819079885,0 79.6623447746911,24.6543801618347,0 79.6623429608472,24.6543784995989,0 79.662341054913,24.6543769257751,0 79.6623390620416,24.6543754446187,0 79.6623369876211,24.6543740601341,0 79.6623348372601,24.6543727760645,0 79.6623326167726,24.6543715958818,0 79.6623303321621,24.6543705227768,0 79.6623279896055,24.6543695596509,0 79.6623255954363,24.6543687091079,0 79.6623231561277,24.6543679734477,0 79.6623206782748,24.654367354659,0 79.662318168577,24.6543668544151,0 79.6623156338198,24.6543664740683,0 79.6623130808564,24.6543662146471,0 79.6623105165892,24.6543660768527,0 79.6623079479512,24.6543660610579,0 79.6623053818873,24.6543661673052,0 79.6623028253353,24.6543663953075,0 79.6623002852074,24.6543667444482,0 79.6622977683713,24.6543672137834,0 79.6622952816318,24.6543678020441,0 79.6622928317122,24.65436850764,0 79.6622904252364,24.6543693286632,0 79.6622880687109,24.6543702628939,0 79.6622857685068,24.6543713078063,0 79.6622835308434,24.6543724605753,0 79.6622813617705,24.6543737180841,0 79.6622065617842,24.6544196180711,0 79.6622044843387,24.6544209651574,0 79.6622024856331,24.6544224083163,0 79.6622005709814,24.654423943711,0 79.6621987454742,24.6544255672592,0 79.662197013965,24.6544272746443,0 79.6621953810574,24.654429061327,0 79.6621938510929,24.6544309225569,0 79.6621924281392,24.6544328533854,0 79.6621911159795,24.6544348486792,0 79.6621899181027,24.6544369031331,0 79.6621888376934,24.654439011285,0 79.6621878776242,24.6544411675299,0 79.6621870404477,24.6544433661349,0 79.6621863283897,24.6544456012545,0 79.6621857433434,24.6544478669462,0 79.6621852868642,24.6544501571861,0 79.6621849601659,24.654452465885,0 79.6621849334804,24.6544527818137,0 79.6621844868836,24.6544518534028,0 79.6621833215564,24.6544497391871,0 79.6621820365698,24.6544476837017,0 79.6621748549507,24.6544368646449,0 79.6621701383455,24.6544290641101,0 79.6621688702763,24.6544270871651,0 79.6621674940769,24.6544251715705,0 79.6621660132928,24.6544233222613,0 79.6621644317392,24.6544215440022,0 79.6621627534905,24.6544198413745,0 79.6621609828707,24.6544182187649,0 79.6621591244414,24.6544166803536,0 79.6621571829906,24.6544152301042,0 79.6621551635202,24.6544138717531,0 79.6621530712331,24.6544126087998,0 79.6621509115197,24.6544114444981,0 79.6621127782713,24.6543920618583,0 79.6621142848235,24.654347618052,0 79.6621145304806,24.6543459158231,0 79.6621147347879,24.6543435316977,0 79.6621148006739,24.6543411410302,0 79.6621147279536,24.6543387505282,0 79.6621145168312,24.6543363668988,0 79.6621141678991,24.6543339968299,0 79.6621136821361,24.6543316469714,0 79.6621130609054,24.6543293239163,0 79.6621123059499,24.6543270341827,0 79.6621114193878,24.6543247841948,0 79.6621104037066,24.6543225802657,0 79.6621092617561,24.6543204285791,0 79.6621079967403,24.654318335172,0 79.6621066122086,24.654316305918,0 79.6621051120456,24.6543143465106,0 79.6621035004603,24.6543124624477,0 79.6621017819746,24.6543106590152,0 79.6620819819732,24.6542909590199,0 79.6620801869352,24.6542892641357,0 79.6620782974864,24.6542876572447,0 79.6620763187845,24.6542861427331,0 79.6620742562306,24.654284724735,0 79.6620721154547,24.6542834071212,0 79.6620699023006,24.6542821934882,0 79.6620676228094,24.6542810871489,0 79.6620652832033,24.6542800911231,0 79.6620628898687,24.6542792081298,0 79.6620604493386,24.6542784405791,0 79.6620579682747,24.6542777905663,0 79.6620554534496,24.6542772598656,0 79.6620529117279,24.6542768499257,0 79.6620503500477,24.6542765618656,0 79.6620477754014,24.6542763964716,0 79.662045194817,24.6542763541952,0 79.6620426153387,24.6542764351517,0 79.6620400440074,24.6542766391201,0 79.6620374878422,24.6542769655438,0 79.6620349538204,24.6542774135317,0 79.6620324488591,24.6542779818609,0 79.662029979796,24.6542786689801,0 79.6620275533708,24.6542794730137,0 79.6620251762069,24.6542803917668,0 79.6620228547931,24.6542814227318,0 79.662020595466,24.6542825630943,0 79.6620184043929,24.6542838097415,0 79.6620162875547,24.6542851592706,0 79.6620142507297,24.6542866079977,0 79.6620122994776,24.6542881519683,0 79.6620104391248,24.654289786968,0 79.6620086747494,24.6542915085336,0 79.6620070111675,24.6542933119659,0 79.6620054529203,24.6542951923422,0 79.6620040042611,24.6542971445296,0 79.6620026691444,24.6542991631993,0 79.6619861398465,24.6543256970639,0 79.6619854230635,24.6543234622821,0 79.6619845591826,24.654321215357,0 79.6619835668533,24.6543190131912,0 79.6619824488369,24.6543168619127,0 79.6619812082445,24.6543147675078,0 79.6619798485284,24.6543127358048,0 79.6619783734723,24.6543107724573,0 79.661976787181,24.6543088829287,0 79.6619750940686,24.6543070724772,0 79.6619732988465,24.6543053461407,0 79.6619714065105,24.6543037087232,0 79.6619694223264,24.654302164781,0 79.6619673518157,24.6543007186107,0 79.6619652007399,24.6542993742364,0 79.6619629750849,24.6542981353993,0 79.6619608445916,24.6542970860964,0 79.6619609332592,24.6542960581868,0 79.6619610006867,24.6542936742514,0 79.6619609302828,24.6542912903878,0 79.6619607222441,24.6542889132473,0 79.6619603771508,24.6542865494621,0 79.661959895966,24.6542842056275,0 79.661959280032,24.6542818882828,0 79.6619585310675,24.6542796038937,0 79.661957651162,24.6542773588337,0 79.6619566427706,24.6542751593667,0 79.6619555087069,24.6542730116294,0 79.6619542521348,24.6542709216141,0 79.6619528765603,24.6542688951521,0 79.6619513858215,24.6542669378974,0 79.6619497840774,24.6542650553108,0 79.6619480757973,24.6542632526449,0 79.6619462657471,24.6542615349292,0 79.6619443589772,24.6542599069563,0 79.6619423608075,24.6542583732683,0 79.6619402768131,24.6542569381444,0 79.6619381128085,24.6542556055886,0 79.6619366740746,24.6542548172535,0 79.661941198101,24.6542501297063,0 79.6619427380865,24.6542501353399,0 79.6619454062707,24.6542500131133,0 79.6619480633233,24.6542497592446,0 79.6619507014737,24.6542493744763,0 79.6619533130066,24.6542488599336,0 79.6619757213417,24.6542438617926,0 79.6620851042968,24.6542385845448,0 79.6620876819744,24.6542383982516,0 79.662090245455,24.6542380889518,0 79.6620927877156,24.6542376574927,0 79.6620953017912,24.6542371050564,0 79.662097780794,24.6542364331565,0 79.6621002179324,24.6542356436337,0 79.6621026065293,24.654234738651,0 79.6621049400409,24.6542337206878,0 79.662107212074,24.654232592533,0 79.662109416404,24.6542313572774,0 79.6621115469918,24.6542300183051,0 79.6621135980002,24.6542285792845,0 79.6621155638102,24.6542270441582,0 79.662117439036,24.6542254171317,0 79.6621192185402,24.6542237026627,0 79.6621208974475,24.6542219054482,0 79.6621224711582,24.6542200304121,0 79.6621239353609,24.6542180826912,0 79.6621252860442,24.6542160676218,0 79.6621265195075,24.6542139907245,0 79.6621276323717,24.6542118576893,0 79.6621286215878,24.65420967436,0 79.6621294844458,24.6542074467182,0 79.6621302185816,24.6542051808669,0 79.6621308219841,24.654202883014,0 79.662131293,24.6542005594546,0 79.662131630339,24.6541982165546,0 79.6621318330768,24.6541958607329,0 79.6621319006581,24.6541934984435,0 79.6621318328977,24.6541911361584,0 79.6621316299812,24.6541887803495,0 79.6621312924646,24.654186437471,0 79.6621308212725,24.6541841139414,0 79.6621302176959,24.6541818161267,0 79.6621294833885,24.6541795503219,0 79.6621286203619,24.6541773227347,0 79.6621276309806,24.654175139468,0 79.6621265179551,24.6541730065032,0 79.6621252843349,24.6541709296839,0 79.6621239334996,24.6541689146999,0 79.66212246915,24.6541669670717,0 79.6621208952981,24.654165092135,0 79.6621192162557,24.6541632950266,0 79.6621174366227,24.6541615806699,0 79.6621155612749,24.6541599537619,0 79.66211359535,24.6541584187595,0 79.6621115442341,24.6541569798684,0 79.6621094135464,24.6541556410305,0 79.6621072091246,24.6541544059137,0 79.6621049370078,24.6541532779021,0 79.662102603421,24.6541522600858,0 79.6621002147574,24.6541513552534,0 79.6620977775612,24.6541505658839,0 79.6620952985096,24.6541498941398,0 79.6620927843942,24.6541493418616,0 79.662090242103,24.6541489105622,0 79.662087678601,24.6541486014232,0 79.6620039212397,24.6541405327368,0 79.6620067341458,24.654130218729,0 79.6620073025886,24.6541278693099,0 79.6620077332617,24.6541254955499,0 79.662008024942,24.6541231041918,0 79.6620081768008,24.6541207020281,0 79.6620081884069,24.654118295882,0 79.6620080597273,24.6541158925881,0 79.6620077911275,24.6541134989728,0 79.6620073833705,24.6541111218351,0 79.6620068376144,24.6541087679271,0 79.6620061554096,24.6541064439351,0 79.6620053386937,24.6541041564602,0 79.6620043897867,24.654101912,0 79.6620033113838,24.6540997169296,0 79.6620021065482,24.6540975774841,0 79.6620007787023,24.6540954997406,0 79.6619993316177,24.6540934896007,0 79.6619977694048,24.6540915527741,0 79.661996096501,24.6540896947624,0 79.6619943176581,24.6540879208431,0 79.6619924379289,24.6540862360551,0 79.6619904626526,24.6540846451837,0 79.66198839744,24.6540831527479,0 79.6619862481571,24.6540817629868,0 79.661984020909,24.654080479848,0 79.6619817220219,24.6540793069763,0 79.6619230220346,24.6540512069857,0 79.661920689526,24.6540501608931,0 79.6619183000617,24.6540492283249,0 79.6619158602516,24.6540484118606,0 79.6619133768447,24.654047713759,0 79.6619108567108,24.6540471359511,0 79.6619083068213,24.6540466800353,0 79.6619057342297,24.6540463472727,0 79.6619031460523,24.6540461385838,0 79.6619005494489,24.654046054546,0 79.6618979516022,24.6540460953917,0 79.6618953596985,24.6540462610078,0 79.6618927809076,24.6540465509364,0 79.6618902223632,24.6540469643753,0 79.6618876911427,24.6540475001809,0 79.6618851942481,24.654048156871,0 79.6618827385865,24.654048932629,0 79.6618803309509,24.6540498253091,0 79.6618779780013,24.6540508324418,0 79.6618756862466,24.6540519512411,0 79.6618734620264,24.6540531786123,0 79.6618713114933,24.65405451116,0 79.6618692405963,24.6540559451981,0 79.6618672550641,24.6540574767598,0 79.661865360389,24.6540591016083,0 79.6618635618122,24.6540608152489,0 79.6618618643091,24.6540626129413,0 79.6618602725753,24.6540644897126,0 79.661858791014,24.6540664403711,0 79.6618575347874,24.654068295507,0 79.6618572568926,24.6540676882025,0 79.6618561251099,24.6540655408639,0 79.6618548709031,24.6540634511046,0 79.6618534977676,24.6540614247492,0 79.6618520095306,24.6540594674451,0 79.6618504103401,24.6540575846477,0 79.661848704653,24.6540557816046,0 79.6618468972235,24.6540540633409,0 79.6618449930888,24.6540524346458,0 79.6618429975563,24.6540509000585,0 79.6618409161874,24.6540494638562,0 79.6618387547834,24.6540481300417,0 79.6618365193683,24.6540469023324,0 79.6618342161724,24.6540457841501,0 79.6618318516149,24.6540447786114,0 79.6618294322863,24.6540438885188,0 79.6618269649293,24.6540431163531,0 79.6618244564209,24.6540424642663,0 79.6618219137524,24.6540419340759,0 79.6618193440107,24.6540415272597,0 79.6618167543579,24.6540412449514,0 79.6617625599935,24.6540366592772,0 79.6617551248655,24.654032725348,0 79.6617547953662,24.65403198086,0 79.6617537007988,24.6540298379825,0 79.6617524849545,24.654027750425,0 79.6617511511693,24.6540257239153,0 79.6617497031027,24.6540237640137,0 79.6617487366532,24.6540225931942,0 79.6617491600978,24.6540223449088,0 79.6617512693739,24.6540209599228,0 79.6617532960865,24.6540194755382,0 79.6617554960867,24.6540177755377,0 79.6617574480078,24.6540161843642,0 79.6617593050411,24.6540145010044,0 79.6617610619806,24.6540127301772,0 79.6617627139011,24.654010876847,0 79.6617642561716,24.6540089462093,0 79.6617656844687,24.6540069436764,0 79.6617669947883,24.654004874862,0 79.6617681834571,24.6540027455657,0 79.6617692471429,24.6540005617568,0 79.6617701828638,24.6539983295571,0 79.6617709879966,24.6539960552244,0 79.6617716602844,24.6539937451343,0 79.6617721978424,24.653991405763,0 79.6617725991637,24.6539890436683,0 79.6617728631232,24.6539866654722,0 79.6617729889811,24.6539842778415,0 79.6617729763844,24.6539818874696,0 79.6617728253686,24.6539795010576,0 79.6617725363569,24.6539771252953,0 79.6617721101595,24.6539747668429,0 79.6617715479714,24.6539724323119,0 79.6617708513684,24.6539701282469,0 79.6617700223034,24.6539678611069,0 79.6617690631005,24.6539656372475,0 79.6617679764488,24.6539634629029,0 79.6617603764448,24.653949262905,0 79.66175946402,24.6539476418715,0 79.6617584807342,24.6539460558221,0 79.6617521807319,24.6539363558237,0 79.6617508190609,24.6539343777794,0 79.6617493472174,24.6539324667786,0 79.661747769145,24.6539306279414,0 79.6617460890718,24.6539288661948,0 79.6617443114994,24.6539271862591,0 79.6617424411907,24.6539255926355,0 79.6617404831566,24.6539240895938,0 79.6617384426436,24.6539226811612,0 79.661736325119,24.6539213711115,0 79.6617341362562,24.6539201629547,0 79.66173188192,24.6539190599278,0 79.6617295681507,24.6539180649863,0 79.6617272011475,24.653917180796,0 79.6617247872527,24.653916409726,0 79.6617223329337,24.6539157538421,0 79.6617198447667,24.6539152149018,0 79.6617173294182,24.653914794349,0 79.6617166294185,24.6539146943491,0 79.6617140786229,24.6539143918912,0 79.6617115140589,24.6539142111816,0 79.6617089426791,24.65391415271,0 79.6617088621187,24.6539141547128,0 79.6617096662971,24.6539109288551,0 79.6617101751817,24.6539086082639,0 79.6617105503012,24.6539062664895,0 79.6617107906246,24.6539039099674,0 79.6617108082035,24.6539035135554,0 79.661712870675,24.6539021590003,0 79.6617148919488,24.6539006787115,0 79.6617168255461,24.6538991036348,0 79.6617186661511,24.6538974381004,0 79.6617204087036,24.653895686687,0 79.6617220484131,24.6538938542096,0 79.6617235807717,24.6538919457061,0 79.6617250015667,24.6538899664231,0 79.6617263068921,24.6538879218022,0 79.6617274931593,24.6538858174643,0 79.6617285571072,24.6538836591946,0 79.6617294958106,24.6538814529266,0 79.661730306689,24.6538792047257,0 79.6617309875131,24.6538769207726,0 79.6617315364113,24.6538746073462,0 79.6617319518745,24.6538722708067,0 79.6617322327605,24.6538699175774,0 79.6617323782972,24.6538675541279,0 79.6617323880844,24.6538651869557,0 79.6617322620953,24.6538628225686,0 79.6617320006762,24.6538604674666,0 79.6617316045459,24.6538581281244,0 79.6617310747933,24.6538558109731,0 79.6617304128748,24.6538535223831,0 79.6617296206103,24.6538512686461,0 79.6617287001777,24.6538490559579,0 79.6617276541075,24.6538468904017,0 79.6617264852755,24.6538447779309,0 79.661725196895,24.6538427243531,0 79.6617237925082,24.6538407353138,0 79.6617222759757,24.6538388162814,0 79.6617206514669,24.6538369725316,0 79.6617075004226,24.6538228226791,0 79.661703835454,24.6538172205156,0 79.661691264,24.6537929095589,0 79.6616900905269,24.6537907868696,0 79.6616887963738,24.6537887235987,0 79.6616873851317,24.6537867254716,0 79.6616858607167,24.6537847980327,0 79.6616842273588,24.6537829466304,0 79.6616824895904,24.653781176402,0 79.6616806522334,24.6537794922598,0 79.6616787203864,24.653777898877,0 79.6616766994099,24.6537764006749,0 79.6616745949119,24.6537750018109,0 79.661672412732,24.6537737061666,0 79.6616701589254,24.6537725173373,0 79.6616678397462,24.6537714386218,0 79.6616654616298,24.6537704730133,0 79.661663031175,24.6537696231913,0 79.6616605551261,24.6537688915139,0 79.6616580403537,24.6537682800114,0 79.661655493836,24.6537677903807,0 79.6616550890786,24.653767732702,0 79.661654913267,24.653767123714,0 79.6616541072594,24.6537648339614,0 79.6616531689592,24.6537625866893,0 79.6616521010298,24.6537603882763,0 79.6616509065025,24.6537582449627,0 79.6616495887679,24.6537561628321,0 79.6616481515662,24.6537541477946,0 79.661646598977,24.6537522055696,0 79.6616449354072,24.6537503416702,0 79.6616431655788,24.653748561387,0 79.6616412945153,24.6537468697731,0 79.6616296204873,24.6537368634659,0 79.6616305547106,24.653734794813,0 79.6616314354434,24.6537325018701,0 79.6616321799014,24.6537301689395,0 79.6616327859279,24.6537278027801,0 79.6616332517669,24.6537254102476,0 79.661633576069,24.6537229982736,0 79.6616337578944,24.6537205738464,0 79.6616337881682,24.6537199078172,0 79.6616360009458,24.6537015140468,0 79.6616861458787,24.6536685511176,0 79.6616882077988,24.6536671192965,0 79.6616901847861,24.6536655906948,0 79.661692071408,24.6536639695131,0 79.6616938624799,24.6536622602063,0 79.6616955530803,24.6536604674714,0 79.6616971385635,24.6536585962349,0 79.6616986145726,24.6536566516386,0 79.6616999770517,24.6536546390264,0 79.6617012222567,24.6536525639286,0 79.6617023467659,24.6536504320477,0 79.6617033474892,24.6536482492418,0 79.6617042216768,24.6536460215091,0 79.6617049669263,24.6536437549714,0 79.66170558119,24.653641455857,0 79.6617060627797,24.6536391304837,0 79.6617064103723,24.6536367852414,0 79.6617066230125,24.6536344265748,0 79.661706700116,24.6536320609654,0 79.6617066414709,24.6536296949137,0 79.6617064472384,24.6536273349214,0 79.6617061179522,24.6536249874737,0 79.6617056545173,24.6536226590212,0 79.6617050582071,24.6536203559625,0 79.6617043306601,24.653618084626,0 79.6617034738758,24.6536158512534,0 79.6617024902086,24.6536136619818,0 79.6617013823613,24.6536115228272,0 79.6617001533785,24.6536094396679,0 79.6616988066371,24.6536074182282,0 79.6616973458381,24.653605464063,0 79.6616957749956,24.6536035825421,0 79.6616940984262,24.653601778836,0 79.6616923207369,24.6536000579009,0 79.6616904468129,24.6535984244661,0 79.6616884818035,24.65359688302,0 79.6616864311084,24.6535954377985,0 79.6616843003628,24.6535940927728,0 79.661682095422,24.6535928516392,0 79.6616798223448,24.6535917178081,0 79.6616774873777,24.6535906943952,0 79.6616750969369,24.6535897842128,0 79.6616726575913,24.6535889897621,0 79.6616701760439,24.6535883132261,0 79.661667659114,24.6535877564639,0 79.6616651137179,24.6535873210054,0 79.6616626836075,24.6535870247211,0 79.6616641998047,24.6535854828731,0 79.661665835076,24.6535836325389,0 79.6616673614508,24.6535817060661,0 79.6616687746927,24.6535797088016,0 79.6616700708793,24.6535776462887,0 79.6616712464131,24.653575524252,0 79.6616722980313,24.6535733485811,0 79.6616732228152,24.6535711253145,0 79.6616740181981,24.653568860623,0 79.6616746819725,24.6535665607922,0 79.661675212296,24.6535642322051,0 79.6616756076967,24.6535618813247,0 79.6616758670772,24.653559514676,0 79.6616759897177,24.6535571388274,0 79.6616759752777,24.6535547603732,0 79.6616758237974,24.6535523859146,0 79.6616755356971,24.653550022042,0 79.6616751117765,24.6535476753162,0 79.6616745532122,24.6535453522507,0 79.6616738615545,24.6535430592929,0 79.661673038723,24.6535408028069,0 79.6616720870016,24.6535385890557,0 79.6616710090317,24.6535364241834,0 79.6616698078053,24.6535343141986,0 79.6616684866562,24.6535322649575,0 79.6616670492514,24.6535302821479,0 79.6616654995804,24.6535283712728,0 79.6616638419442,24.653526537636,0 79.6616268419405,24.6534877376449,0 79.6616251047308,24.6534860087932,0 79.6616232946808,24.6534843855365,0 79.6616358547031,24.6534783515483,0 79.6616363240746,24.6534788183866,0 79.661638198164,24.653480494434,0 79.6616401669229,24.6534820772417,0 79.6616422248043,24.6534835623501,0 79.6616443660106,24.6534849455753,0 79.661646584509,24.6534862230201,0 79.6616488740493,24.6534873910854,0 79.6616512281809,24.6534884464805,0 79.6616536402713,24.6534893862317,0 79.6616561035247,24.6534902076915,0 79.6616586110011,24.6534909085455,0 79.6616611556361,24.6534914868192,0 79.6616637302604,24.6534919408832,0 79.6616663276204,24.6534922694583,0 79.6616689403981,24.6534924716189,0 79.6616715612324,24.6534925467952,0 79.6616741827395,24.6534924947756,0 79.6616767975334,24.6534923157066,0 79.6616793982473,24.6534920100927,0 79.6616819775541,24.6534915787949,0 79.6616845281867,24.6534910230284,0 79.6616870429591,24.653490344359,0 79.6616895147861,24.6534895446987,0 79.6616919367038,24.6534886263005,0 79.6617120367093,24.6534804262981,0 79.6617146325186,24.6534792832069,0 79.6617317325228,24.6534711832045,0 79.6617338777152,24.6534701046034,0 79.6617359617963,24.6534689301889,0 79.6617379796467,24.6534676628459,0 79.6617399263095,24.6534663056875,0 79.661741797003,24.6534648620477,0 79.6618016970077,24.6534162620349,0 79.6618035508566,24.653414678251,0 79.661805313265,24.6534130095517,0 79.6618069795819,24.6534112603403,0 79.6618085454102,24.653409435233,0 79.6618100066178,24.653407539046,0 79.6618113593487,24.6534055767832,0 79.6618126000331,24.653403553623,0 79.661813725397,24.653401474904,0 79.6618147324707,24.6533993461121,0 79.6618156185965,24.6533971728648,0 79.6618163814362,24.6533949608971,0 79.6618170189766,24.6533927160463,0 79.6618175295353,24.6533904442362,0 79.661817911765,24.6533881514621,0 79.6618181646571,24.6533858437742,0 79.6618182875442,24.6533835272625,0 79.6618182801021,24.6533812080399,0 79.6618182028669,24.6533799096015,0 79.6618547770689,24.6533389405168,0 79.6618563681452,24.6533370592028,0 79.661857848636,24.6533351039421,0 79.6618592144348,24.6533330801582,0 79.6618604617531,24.6533309934645,0 79.6618615871313,24.6533288496492,0 79.6618625874477,24.6533266546586,0 79.6618634599276,24.6533244145812,0 79.6618642021512,24.6533221356305,0 79.6618648120594,24.6533198241278,0 79.6618652879608,24.6533174864846,0 79.6618656285351,24.6533151291851,0 79.6618658328377,24.653312758768,0 79.661865900302,24.6533103818081,0 79.6618658307408,24.6533080048988,0 79.661865624347,24.6533056346329,0 79.6618652816933,24.6533032775851,0 79.6618648037299,24.6533009402934,0 79.6618641917828,24.6532986292408,0 79.6618634475493,24.6532963508377,0 79.6618625730937,24.6532941114039,0 79.6618615708416,24.653291917151,0 79.6618604435731,24.6532897741655,0 79.6618591944149,24.6532876883915,0 79.6618578268319,24.6532856656144,0 79.6618563446175,24.6532837114451,0 79.6618547518831,24.6532818313038,0 79.6618530530465,24.6532800304058,0 79.6618512528199,24.6532783137464,0 79.6618493561968,24.653276686087,0 79.661847368438,24.6532751519426,0 79.661845295057,24.6532737155684,0 79.6618431418051,24.6532723809487,0 79.6618409146547,24.6532711517854,0 79.6618386197835,24.6532700314879,0 79.6618362635571,24.6532690231637,0 79.6618338525109,24.6532681296096,0 79.6618313933328,24.6532673533041,0 79.661828892844,24.6532666964006,0 79.6618263579802,24.6532661607212,0 79.6618237957726,24.6532657477517,0 79.6618212133281,24.6532654586375,0 79.6618186178099,24.6532652941807,0 79.6618084178136,24.653264894181,0 79.6618057555148,24.6532648554167,0 79.6618030947978,24.653264947803,0 79.6618004433924,24.6532651710716,0 79.6617978090011,24.6532655245738,0 79.6617951992772,24.6532660072826,0 79.6617926218022,24.6532666177957,0 79.6617900840641,24.6532673543395,0 79.6617875934353,24.6532682147742,0 79.6617851571513,24.6532691966002,0 79.6617827822899,24.6532702969652,0 79.6617804757504,24.6532715126724,0 79.6617782442334,24.6532728401901,0 79.6617776367995,24.6532732457479,0 79.6617779537205,24.6532714567849,0 79.6617782315894,24.6532691279184,0 79.6617783769013,24.6532667890145,0 79.6617783892651,24.6532644463706,0 79.6617782686474,24.6532621062944,0 79.6617780153729,24.6532597750866,0 79.6617776301237,24.653257459024,0 79.6617771139371,24.6532551643426,0 79.6617764682028,24.6532528972209,0 79.6617756946596,24.6532506637632,0 79.6617747953902,24.6532484699832,0 79.661773772816,24.6532463217874,0 79.6617726296902,24.6532442249602,0 79.6617640296863,24.6532294249625,0 79.6617627343871,24.6532273323357,0 79.6617613190304,24.6532253056945,0 79.6617597876301,24.6532233507863,0 79.661758144529,24.6532214731552,0 79.661756394387,24.6532196781259,0 79.6617545421673,24.653217970789,0 79.6617525931227,24.6532163559865,0 79.6617505527805,24.6532148382977,0 79.6617484269271,24.6532134220268,0 79.6617462215912,24.6532121111903,0 79.661743943027,24.6532109095055,0 79.6617415976963,24.6532098203803,0 79.6617391922504,24.6532088469035,0 79.661736733511,24.6532079918357,0 79.6617342284508,24.6532072576019,0 79.661731684174,24.6532066462843,0 79.6617291078962,24.6532061596166,0 79.6617265069233,24.6532057989789,0 79.6616738069416,24.6531997989818,0 79.6616712036455,24.6531995663683,0 79.6616685905265,24.6531994600122,0 79.6616659749108,24.6531994802119,0 79.6616633641317,24.6531996269107,0 79.6616607655086,24.6531998996972,0 79.6616581863273,24.6532002978067,0 79.6616556338188,24.653200820123,0 79.6616535575442,24.6532013518775,0 79.661653025996,24.6532001459402,0 79.6616519418204,24.6531980138107,0 79.6616507376629,24.6531959361541,0 79.6616494167891,24.6531939186049,0 79.661647982781,24.6531919666347,0 79.6616464395278,24.6531900855372,0 79.6616447912146,24.6531882804137,0 79.6616430423116,24.6531865561598,0 79.6616411975618,24.6531849174515,0 79.6616392619679,24.6531833687328,0 79.6616372407794,24.653181914204,0 79.6616351394776,24.6531805578095,0 79.6616329637611,24.653179303228,0 79.6616307195303,24.6531781538617,0 79.6616284128716,24.6531771128276,0 79.6616260500404,24.6531761829491,0 79.6616236374448,24.6531753667479,0 79.6616211816275,24.6531746664375,0 79.6616186892486,24.6531740839172,0 79.6616161670673,24.6531736207666,0 79.6616136219237,24.6531732782419,0 79.6616110607201,24.6531730572719,0 79.6616084904024,24.653172958456,0 79.6616059179412,24.653172982062,0 79.6616033503128,24.6531731280261,0 79.6616007944806,24.6531733959522,0 79.6615982573759,24.6531737851139,0 79.6615957458791,24.6531742944557,0 79.6615932668015,24.6531749225963,0 79.661590826866,24.6531756678323,0 79.6615884326897,24.6531765281425,0 79.6615865211833,24.6531773223587,0 79.6615850455299,24.6531760972066,0 79.6615830356117,24.6531745967678,0 79.6615809422463,24.6531731948663,0 79.6615787712112,24.6531718953712,0 79.6615765284982,24.6531707018691,0 79.6615742202969,24.6531696176539,0 79.6615718529778,24.6531686457179,0 79.6615694330745,24.6531677887435,0 79.6615669672656,24.6531670490959,0 79.6615644623565,24.6531664288165,0 79.6615619252604,24.6531659296171,0 79.6615593629796,24.6531655528755,0 79.6615567825857,24.6531652996315,0 79.6615541912002,24.653165170584,0 79.6615515959751,24.6531651660892,0 79.6615490040731,24.6531652861593,0 79.6615464226474,24.6531655304632,0 79.6615438588225,24.6531658983265,0 79.6614891588416,24.6531750983241,0 79.661486645523,24.653175583097,0 79.6614841631743,24.6531761866092,0 79.6614817185068,24.6531769072289,0 79.6614793181304,24.6531777430079,0 79.6614769685351,24.6531786916864,0 79.6614746760734,24.6531797506995,0 79.6614724469436,24.6531809171838,0 79.6614702871726,24.6531821879856,0 79.6614682025999,24.6531835596688,0 79.6614661988615,24.6531850285249,0 79.6614642813751,24.6531865905825,0 79.661462455325,24.6531882416182,0 79.6614607256483,24.653189977168,0 79.6614590970216,24.6531917925395,0 79.6614575738483,24.6531936828245,0 79.6614561602466,24.653195642912,0 79.6614548600385,24.6531976675027,0 79.6614536767394,24.6531997511225,0 79.6614526135487,24.6532018881378,0 79.661451673341,24.6532040727709,0 79.6614508586582,24.653206299115,0 79.6614501717032,24.6532085611508,0 79.6614496143332,24.6532108527622,0 79.6614491880552,24.6532131677534,0 79.6614488940218,24.6532154998653,0 79.6614487330279,24.6532178427925,0 79.6614487055089,24.6532201902004,0 79.6614488115392,24.6532225357422,0 79.6614490508321,24.6532248730761,0 79.6614494227406,24.6532271958828,0 79.6614499262592,24.6532294978819,0 79.6614505600265,24.6532317728495,0 79.661451322329,24.6532340146346,0 79.6614522111056,24.6532362171762,0 79.6614532239534,24.653238374519,0 79.6614543581338,24.6532404808303,0 79.6614556105804,24.6532425304152,0 79.6614569779069,24.6532445177321,0 79.6614584564165,24.6532464374078,0 79.6614600421115,24.6532482842521,0 79.6614617307048,24.6532500532716,0 79.6614635176309,24.6532517396834,0 79.6614653980584,24.6532533389279,0 79.661467366903,24.653254846681,0 79.6614694188417,24.6532562588664,0 79.6614715483265,24.6532575716658,0 79.6614722915153,24.6532579801372,0 79.6614462449703,24.6532719680997,0 79.6614478513954,24.6532652801147,0 79.6614483395515,24.6532629592975,0 79.6614486941533,24.6532606183147,0 79.661448914229,24.6532582635808,0 79.6614489991756,24.6532559015483,0 79.6614489487602,24.6532535386896,0 79.6614487631212,24.6532511814792,0 79.6614484427671,24.6532488363763,0 79.6614479885758,24.6532465098068,0 79.6614474017919,24.6532442081461,0 79.6614466840232,24.6532419377008,0 79.6614458372366,24.6532397046926,0 79.6614448637524,24.6532375152401,0 79.6614437662381,24.6532353753429,0 79.661442547701,24.6532332908645,0 79.6614412114803,24.6532312675169,0 79.6614397612373,24.6532293108443,0 79.661438200946,24.6532274262083,0 79.6614365348818,24.6532256187731,0 79.6614347676101,24.6532238934915,0 79.6614329039733,24.6532222550909,0 79.6614309490783,24.6532207080608,0 79.6614289082817,24.6532192566403,0 79.6614267871756,24.6532179048066,0 79.6614245915723,24.653216656264,0 79.661422327488,24.6532155144336,0 79.6614200011267,24.6532144824442,0 79.661417618863,24.6532135631236,0 79.6614151872247,24.653212758991,0 79.6614127128749,24.6532120722497,0 79.6614102025938,24.6532115047817,0 79.6614076632598,24.6532110581417,0 79.6614051018311,24.6532107335538,0 79.6614025253266,24.6532105319072,0 79.6613999408062,24.6532104537546,0 79.6613973553519,24.6532104993101,0 79.6613947760483,24.6532106684489,0 79.6613922099632,24.6532109607074,0 79.6613896641279,24.653211375285,0 79.6613871455185,24.6532119110455,0 79.6613846610365,24.6532125665209,0 79.6612901610666,24.6532399665129,0 79.661287502217,24.6532408143955,0 79.661230794669,24.6532605722314,0 79.6611954499161,24.6532590995327,0 79.6611921775708,24.6532590623543,0 79.6611551775841,24.6532597623546,0 79.6611526889732,24.6532598668566,0 79.6611502092914,24.6532600858843,0 79.6611477448448,24.6532604188808,0 79.6611453019008,24.6532608649992,0 79.6611428866723,24.6532614231049,0 79.6611405053015,24.6532620917787,0 79.6611381638445,24.65326286932,0 79.6611358682561,24.6532637537514,0 79.6611336243741,24.6532647428237,0 79.6611314379053,24.6532658340214,0 79.6611178379083,24.6532730340193,0 79.6611156622598,24.6532742555304,0 79.6611142807134,24.6532751241317,0 79.6610883336638,24.6532710154742,0 79.6610857894554,24.6532706746771,0 79.66108322929,24.653270455331,0 79.6610806601041,24.65327035803,0 79.6610780888588,24.6532703830379,0 79.6610755225207,24.6532705302868,0 79.6610729680429,24.6532707993779,0 79.6610704323468,24.6532711895819,0 79.6610679223026,24.6532716998418,0 79.6610654447111,24.6532723287749,0 79.6610630062851,24.6532730746773,0 79.6610606136313,24.6532739355279,0 79.6610582732324,24.6532749089945,0 79.6610559914297,24.6532759924393,0 79.6610537744054,24.6532771829269,0 79.6610516281664,24.6532784772319,0 79.6610495585279,24.6532798718473,0 79.6610475710972,24.6532813629945,0 79.6610456712593,24.6532829466335,0 79.6610438641616,24.6532846184734,0 79.6610421547003,24.6532863739845,0 79.6610279619886,24.6533017361309,0 79.6610124363692,24.6533034705999,0 79.6609761794266,24.6533048943022,0 79.6609734888893,24.6533050673056,0 79.660970812694,24.6533053742539,0 79.6609681588184,24.653305814232,0 79.6609655351737,24.6533063859283,0 79.6609629495811,24.6533070876386,0 79.6609604097482,24.653307917271,0 79.6609190097605,24.6533226172667,0 79.6609167256827,24.6533234890817,0 79.6609144922559,24.6533244643637,0 79.6609123150876,24.6533255406642,0 79.6608714535563,24.653346967218,0 79.6608689660477,24.6533470750069,0 79.6608663858279,24.6533473113115,0 79.660863822731,24.6533476710293,0 79.6608612838194,24.6533481531692,0 79.6608587760891,24.6533487564027,0 79.6608563064499,24.6533494790676,0 79.6608538817069,24.6533503191726,0 79.6608515085412,24.6533512744028,0 79.6608491934922,24.6533523421262,0 79.6608469429386,24.6533535194006,0 79.660844763082,24.6533548029822,0 79.6608426599287,24.6533561893341,0 79.6608406392739,24.6533576746363,0 79.6608387066855,24.6533592547961,0 79.6608368674886,24.6533609254594,0 79.660835126751,24.6533626820228,0 79.6608334892692,24.6533645196462,0 79.6608319595553,24.6533664332661,0 79.6608305418244,24.6533684176095,0 79.6608292399829,24.6533704672087,0 79.660828057618,24.6533725764162,0 79.6608269979876,24.6533747394201,0 79.6608260640116,24.6533769502603,0 79.6608252582634,24.653379202845,0 79.6608245829634,24.6533814909673,0 79.6608240399722,24.6533838083223,0 79.660823630786,24.6533861485247,0 79.6608233565324,24.6533885051261,0 79.660823217967,24.6533908716331,0 79.6608232154717,24.6533932415248,0 79.6608233490533,24.6533956082712,0 79.6608236183438,24.6533979653506,0 79.6608240226012,24.6534003062684,0 79.6608245607115,24.6534026245741,0 79.6608252311921,24.6534049138799,0 79.6608260321954,24.6534071678776,0 79.6608269615144,24.6534093803564,0 79.6608473615002,24.6534543803619,0 79.660848411534,24.6534565355694,0 79.6608495833231,24.6534586377054,0 79.6608508736677,24.6534606810295,0 79.6608522790444,24.6534626599623,0 79.6608537956156,24.6534645690999,0 79.6608554192401,24.6534664032292,0 79.6608571454842,24.6534681573419,0 79.6608589696344,24.6534698266479,0 79.6608608867094,24.6534714065892,0 79.6608628914744,24.6534728928514,0 79.6608649784552,24.6534742813761,0 79.6608671419528,24.6534755683716,0 79.6608693760597,24.6534767503237,0 79.6608716746752,24.653477824005,0 79.6608740315226,24.6534787864834,0 79.6608764401662,24.6534796351308,0 79.6608788940288,24.65348036763,0 79.6608813864099,24.6534809819806,0 79.6608839105036,24.6534814765052,0 79.6608864594175,24.6534818498533,0 79.6608890261914,24.6534821010054,0 79.6608916038164,24.6534822292758,0 79.6608941852539,24.6534822343142,0 79.6608967634548,24.6534821161068,0 79.6608993313791,24.6534818749765,0 79.6609018820147,24.6534815115816,0 79.6609044083966,24.6534810269144,0 79.6609069036262,24.6534804222985,0 79.6609093608899,24.6534796993848,0 79.6609117734778,24.6534788601473,0 79.6609141348021,24.6534779068777,0 79.6609164384146,24.653476842179,0 79.6609186780251,24.6534756689585,0 79.660920847518,24.65347439042,0 79.6609229409693,24.6534730100546,0 79.6609249526623,24.6534715316316,0 79.6609268771039,24.6534699591881,0 79.6609287090392,24.6534682970178,0 79.6609304434657,24.6534665496596,0 79.6609320756474,24.6534647218848,0 79.6609336011274,24.6534628186845,0 79.6609340499419,24.6534621925743,0 79.6609747087934,24.6534398395446,0 79.6609766826413,24.653439933602,0 79.6609793942066,24.6534399266555,0 79.6609821012701,24.6534397837471,0 79.6610744013032,24.653432583746,0 79.6610769946965,24.6534323182212,0 79.6610795691286,24.6534319279067,0 79.6610821174155,24.6534314138919,0 79.6610846324459,24.6534307776111,0 79.6610871072015,24.6534300208399,0 79.6610895347761,24.6534291456901,0 79.6610919083956,24.6534281546039,0 79.6610942214362,24.6534270503471,0 79.6610964674431,24.6534258360011,0 79.6610986401486,24.6534245149546,0 79.6611211590769,24.6534100245175,0 79.6611168213303,24.6534185331675,0 79.6611157718561,24.6534207440543,0 79.661114852966,24.6534230029709,0 79.6611140672781,24.6534253034808,0 79.6611134170313,24.6534276390287,0 79.6611129040785,24.6534300029597,0 79.6611125298812,24.6534323885379,0 79.6611122955058,24.6534347889659,0 79.6611122627388,24.6534356295312,0 79.6611109779187,24.6534355677944,0 79.6611083444383,24.6534355696865,0 79.6611057148101,24.6534356998319,0 79.6611030965073,24.6534359578608,0 79.6611004969705,24.6534363430399,0 79.6610979235873,24.6534368542747,0 79.6610953836709,24.6534374901121,0 79.6610928844392,24.6534382487454,0 79.6610904329946,24.6534391280186,0 79.6610880363039,24.6534401254329,0 79.6610510363136,24.653456625428,0 79.6610487516065,24.6534577125733,0 79.6610465320101,24.6534589070768,0 79.6610443835592,24.6534602056909,0 79.6610423120947,24.653461604885,0 79.6610403232488,24.6534631008549,0 79.6610384224285,24.6534646895335,0 79.6610366148019,24.6534663666013,0 79.6610349052835,24.6534681274988,0 79.6610332985211,24.6534699674386,0 79.6610317988833,24.6534718814181,0 79.6610304104472,24.6534738642336,0 79.6610291369877,24.6534759104944,0 79.6610279819671,24.653478014637,0 79.6610269485256,24.6534801709407,0 79.6610260394731,24.6534823735429,0 79.6610252572809,24.6534846164553,0 79.6610246040757,24.6534868935797,0 79.6610240816336,24.6534891987253,0 79.6610236913748,24.6534915256246,0 79.6610234343604,24.6534938679515,0 79.6610233112893,24.6534962193376,0 79.661023322496,24.6534985733899,0 79.6610234679501,24.6535009237082,0 79.661023747256,24.6535032639026,0 79.6610241596545,24.6535055876105,0 79.6610247040244,24.6535078885141,0 79.6610253788855,24.653510160358,0 79.6610261824031,24.6535123969652,0 79.6610405051088,24.653549014489,0 79.661038797727,24.6535495445158,0 79.6610364059824,24.6535504165004,0 79.661034067205,24.6535514011997,0 79.6610317877494,24.6535524959384,0 79.6610295738091,24.6535536977417,0 79.6610274313996,24.6535550033443,0 79.661025807019,24.6535561091938,0 79.6610243279617,24.6535563057522,0 79.6610218190186,24.653556761462,0 79.6610193392506,24.6535573352524,0 79.6610168953068,24.6535580255846,0 79.6610163379335,24.6535582124203,0 79.6609943523987,24.6535583538061,0 79.6609916983232,24.6535584361085,0 79.6609890529219,24.6535586486357,0 79.6609864238394,24.6535589907738,0 79.6609851138858,24.6535592274857,0 79.6609840892621,24.6535579987728,0 79.6609824067291,24.6535561873401,0 79.6609806222469,24.653554459315,0 79.6609787407583,24.6535528194841,0 79.6609767674746,24.6535512723892,0 79.6609747078616,24.6535498223158,0 79.6609725676241,24.6535484732803,0 79.6609703526903,24.6535472290192,0 79.6609680691952,24.6535460929791,0 79.6609657234638,24.6535450683065,0 79.6609633219933,24.6535441578397,0 79.6609608714355,24.6535433641006,0 79.6609583785782,24.6535426892876,0 79.660955850326,24.65354213527,0 79.660953293682,24.6535417035822,0 79.6609507157276,24.6535413954199,0 79.6609024592165,24.6535368036892,0 79.6608944973769,24.6535168991054,0 79.6608935432942,24.6535146951112,0 79.6608924639614,24.653512539915,0 79.6608912623535,24.6535104394567,0 79.6608899417822,24.6535083995258,0 79.6608885058874,24.6535064257447,0 79.6608869586265,24.6535045235533,0 79.6608853042642,24.6535026981946,0 79.6608835473602,24.6535009546995,0 79.6608816927568,24.6534992978735,0 79.6608797455657,24.6534977322829,0 79.6608777111536,24.653496262243,0 79.6608755951278,24.6534948918054,0 79.6608734033205,24.6534936247472,0 79.6608711417726,24.6534924645607,0 79.6608688167174,24.6534914144436,0 79.6608664345632,24.6534904772903,0 79.6608640018756,24.6534896556836,0 79.6608615253596,24.653488951888,0 79.6608590118408,24.6534883678434,0 79.660856468247,24.6534879051595,0 79.6608539015889,24.6534875651116,0 79.6608513189405,24.6534873486367,0 79.6608487274201,24.6534872563317,0 79.6608461341704,24.6534872884509,0 79.660843546339,24.6534874449058,0 79.6608409710582,24.6534877252651,0 79.6608384154261,24.6534881287562,0 79.6608358864865,24.653488654267,0 79.6608333912095,24.653489300349,0 79.6608309364726,24.6534900652215,0 79.6608285290415,24.6534909467764,0 79.6608261755515,24.653491942584,0 79.6608238824893,24.6534930498996,0 79.6608216561749,24.6534942656714,0 79.6608195027445,24.6534955865483,0 79.6608174281333,24.6534970088898,0 79.6608154380594,24.6534985287758,0 79.6608135380077,24.653500142017,0 79.6608117332152,24.6535018441672,0 79.6608100286561,24.6535036305348,0 79.6608084290286,24.6535054961964,0 79.6608069387415,24.6535074360098,0 79.6608055619023,24.6535094446286,0 79.6608043023059,24.6535115165166,0 79.660803163424,24.6535136459633,0 79.6608021483954,24.6535158270996,0 79.6608012600179,24.6535180539139,0 79.6608005007399,24.6535203202686,0 79.6607978884874,24.6535289175482,0 79.6607878275048,24.6535211716723,0 79.660785805657,24.6535196960402,0 79.6607837020409,24.6535183191807,0 79.6607815224277,24.653517044871,0 79.6607792727967,24.6535158766071,0 79.6607769593196,24.653514817594,0 79.6607745883432,24.6535138707368,0 79.6607721663719,24.6535130386333,0 79.6607697000501,24.6535123235661,0 79.6607671961439,24.653511727497,0 79.6607646615224,24.6535112520613,0 79.6607621031391,24.6535108985632,0 79.6607595280126,24.6535106679724,0 79.6607569432074,24.6535105609217,0 79.6607543558146,24.6535105777047,0 79.6607517729325,24.6535107182753,0 79.6607492016468,24.6535109822479,0 79.6607466490116,24.6535113688983,0 79.6607441220297,24.6535118771658,0 79.6607416276335,24.653512505656,0 79.6607391726662,24.6535132526448,0 79.6607367638627,24.6535141160829,0 79.6607344078311,24.6535150936014,0 79.6607328593956,24.653515827719,0 79.6607319759958,24.653514298291,0 79.6607306674911,24.6535122916909,0 79.6607292471743,24.6535103496291,0 79.6607277188476,24.6535084773046,0 79.6607260866024,24.6535066797295,0 79.6607243548082,24.6535049617159,0 79.660722528101,24.6535033278631,0 79.6607206113711,24.6535017825449,0 79.6607186097494,24.6535003298981,0 79.6607165285943,24.6534989738114,0 79.6607143734772,24.6534977179151,0 79.6607121501673,24.6534965655713,0 79.6607098646164,24.6534955198648,0 79.660707522943,24.653494583595,0 79.6606704229529,24.6534807835999,0 79.6606679696651,24.6534799396785,0 79.660665470849,24.6534792158742,0 79.6606629335405,24.6534786142249,0 79.6606603648837,24.6534781364247,0 79.6606577721111,24.6534777838189,0 79.6606551625231,24.6534775574003,0 79.6606525434673,24.6534774578063,0 79.6606499223182,24.6534774853176,0 79.6606473064561,24.6534776398566,0 79.6606447032462,24.653477920988,0 79.6606442478021,24.6534779927336,0 79.6606440754434,24.6534777468214,0 79.6606425441629,24.6534757983221,0 79.6606409017939,24.6534739269093,0 79.6606391529736,24.6534721378671,0 79.6606373026398,24.6534704362468,0 79.6606353560169,24.6534688268528,0 79.6606333186012,24.6534673142295,0 79.6606311961454,24.6534659026476,0 79.6606289946424,24.6534645960928,0 79.6606267203079,24.6534633982541,0 79.6606243795637,24.6534623125137,0 79.6606219790188,24.6534613419371,0 79.6606195254512,24.6534604892649,0 79.660582025462,24.6534484892694,0 79.6605794620644,24.65344773997,0 79.6605768578204,24.6534471193656,0 79.6605742204593,24.653446629298,0 79.6605715578091,24.6534462712219,0 79.6605688777726,24.6534460461999,0 79.6605661883044,24.6534459549,0 79.6605634973868,24.6534459975931,0 79.6605608130067,24.6534461741526,0 79.6605581431314,24.6534464840544,0 79.6605554956853,24.6534469263787,0 79.6605528785262,24.6534474998126,0 79.66054147853,24.6534502998118,0 79.6605390764218,24.6534509499175,0 79.6605367134652,24.653451710481,0 79.6605343957371,24.6534525795465,0 79.6605321291982,24.6534535548787,0 79.6604870292098,24.6534742548726,0 79.6604847855034,24.6534753517071,0 79.660482606571,24.6534765526711,0 79.6604804981935,24.6534778545784,0 79.6604784659646,24.6534792539748,0 79.660476515276,24.6534807471476,0 79.6604746513031,24.6534823301353,0 79.660437565127,24.6535154928305,0 79.6604424180135,24.6534758947863,0 79.6604524590949,24.6534728495402,0 79.6604548712736,24.6534720538823,0 79.6604572350217,24.6534711448941,0 79.6604595439694,24.6534701250254,0 79.6604617918942,24.6534689970244,0 79.6604639727383,24.6534677639312,0 79.6604660806245,24.6534664290686,0 79.6604681098724,24.6534649960339,0 79.6604700550133,24.6534634686892,0 79.6604719108053,24.6534618511503,0 79.6604736722474,24.6534601477763,0 79.6604753345925,24.6534583631577,0 79.6605038185676,24.65342612484,0 79.6605149778293,24.6534207661838,0 79.6605172651572,24.6534195960138,0 79.6605194813471,24.6534183166076,0 79.660521620159,24.6534169315675,0 79.6605236755706,24.6534154447934,0 79.6605256417946,24.6534138604715,0 79.6605275132949,24.6534121830626,0 79.6605292848019,24.6534104172899,0 79.6605309513278,24.6534085681251,0 79.66053250818,24.6534066407748,0 79.6605339509751,24.6534046406658,0 79.6605352756507,24.6534025734297,0 79.6605364784769,24.6534004448872,0 79.660537556067,24.6533982610314,0 79.6605385053868,24.6533960280114,0 79.6605393237635,24.6533937521146,0 79.6605400088928,24.6533914397492,0 79.6605405588455,24.6533890974258,0 79.6605409720732,24.6533867317398,0 79.6605412474125,24.6533843493521,0 79.660541384088,24.6533819569707,0 79.6605413817149,24.6533795613317,0 79.6605412403,24.6533771691803,0 79.6605409602414,24.6533747872521,0 79.6605405423277,24.6533724222537,0 79.6605399877355,24.6533700808442,0 79.6605392980265,24.6533677696162,0 79.6605384751425,24.6533654950773,0 79.6605375214007,24.6533632636317,0 79.6605364394863,24.6533610815626,0 79.6605347394854,24.653357881563,0 79.660533564254,24.6533558076762,0 79.6605322732441,24.6533537921073,0 79.6605308699106,24.6533518402503,0 79.6605293580088,24.6533499573284,0 79.6605277415848,24.6533481483804,0 79.6605260249643,24.6533464182473,0 79.6605242127409,24.653344771559,0 79.6605223097645,24.6533432127223,0 79.6605203211275,24.6533417459085,0 79.6605182521517,24.6533403750432,0 79.6605161083738,24.6533391037947,0 79.6605138955307,24.6533379355651,0 79.6605116195442,24.6533368734806,0 79.6605092865049,24.6533359203834,0 79.6605069026563,24.6533350788242,0 79.6605044743777,24.653334351055,0 79.6605020081675,24.6533337390233,0 79.6604995106253,24.653333244367,0 79.6604969884347,24.6533328684098,0 79.6604944483454,24.6533326121579,0 79.6604918971548,24.6533324762969,0 79.6604893416901,24.6533324611905,0 79.6604867887899,24.653332566879,0 79.660484245286,24.6533327930797,0 79.660481717985,24.6533331391872,0 79.6604792136501,24.6533336042753,0 79.6604767389831,24.6533341870993,0 79.6604743006064,24.6533348860997,0 79.6604719050454,24.6533356994058,0 79.6604695587106,24.6533366248412,0 79.6604351483931,24.6533511730012,0 79.6604337802719,24.6534793574678,0 79.6601663536017,24.6534769732697,0 79.6601659773777,24.6534771404803,0 79.6601515053743,24.6534825144498,0 79.660124558846,24.6534766006124,0 79.6600850691237,24.6534762484971,0 79.6600839152597,24.6534766578724,0 79.6600815418708,24.6534776343129,0 79.6600792280494,24.6534787236409,0 79.6600769802186,24.6534799228323,0 79.6600748046183,24.6534812285584,0 79.6600570005502,24.6534925385193,0 79.6600264336201,24.6535007238065,0 79.6599717967786,24.6534951330589,0 79.6599691895308,24.6534949300018,0 79.6599665741758,24.6534948533991,0 79.6599639580515,24.653494903466,0 79.6599613484981,24.6534950800619,0 79.6599587528373,24.6534953826914,0 79.6599561783519,24.6534958105052,0 79.6599536322651,24.6534963623032,0 79.6599511217207,24.6534970365371,0 79.6599486537624,24.6534978313152,0 79.6599402705083,24.6535007613851,0 79.659924698631,24.653498575858,0 79.6599221879229,24.6534982834282,0 79.6599196641216,24.6534981089045,0 79.6599171338519,24.653498052745,0 79.6599146037559,24.6534981150972,0 79.659912080475,24.6534982957972,0 79.6599095706329,24.6534985943708,0 79.6598934706385,24.6535008943702,0 79.6598909206814,24.6535013215719,0 79.6598883987578,24.6535018704399,0 79.6598859118131,24.6535025394625,0 79.6598834666962,24.6535033267974,0 79.659881070141,24.6535042302762,0 79.6598787287475,24.6535052474108,0 79.6598764489638,24.6535063754001,0 79.6598742370684,24.6535076111375,0 79.6598720991528,24.6535089512198,0 79.6598700411048,24.6535103919566,0 79.6598680685921,24.6535119293801,0 79.6598661870471,24.6535135592563,0 79.6598644016514,24.6535152770964,0 79.659862717322,24.6535170781697,0 79.6598611386975,24.653518957516,0 79.6598596701254,24.6535209099597,0 79.6598583156501,24.6535229301238,0 79.6598570790017,24.6535250124447,0 79.6598559635861,24.6535271511879,0 79.659854972475,24.6535293404632,0 79.659854108398,24.6535315742416,0 79.6598533737346,24.6535338463711,0 79.6598527705082,24.6535361505945,0 79.65985230038,24.653538480566,0 79.6598519646447,24.6535408298688,0 79.659851764227,24.653543192033,0 79.6598516996788,24.6535455605534,0 79.6598517711778,24.653547928907,0 79.6598519785273,24.6535502905715,0 79.6598523211561,24.6535526390429,0 79.6598527981207,24.6535549678536,0 79.6598534081075,24.65355727059,0 79.6598541494367,24.6535595409106,0 79.6598550200666,24.6535617725628,0 79.6598560175996,24.6535639594009,0 79.6598571392885,24.6535660954021,0 79.6598583820441,24.6535681746842,0 79.6598597424441,24.6535701915207,0 79.6598612167418,24.6535721403574,0 79.6598628008771,24.6535740158272,0 79.6598644904874,24.6535758127651,0 79.6598662809194,24.6535775262224,0 79.6598681672424,24.6535791514802,0 79.6598701442615,24.6535806840626,0 79.6599493442676,24.653638884079,0 79.6599513977142,24.6536403139468,0 79.6599535300904,24.653641643825,0 79.659955735573,24.653642870082,0 79.6599580081388,24.6536439893689,0 79.659960341582,24.6536449986291,0 79.6599627295298,24.6536458951063,0 79.659965165461,24.6536466763523,0 79.6599676427235,24.6536473402336,0 79.6599701545518,24.6536478849373,0 79.6599726940866,24.6536483089757,0 79.6599752543924,24.6536486111909,0 79.6599778284774,24.6536487907576,0 79.6599778871559,24.6536487920405,0 79.6599776673569,24.6536489465287,0 79.659975699234,24.6536504864559,0 79.6599738221602,24.6536521185675,0 79.6599720412985,24.6536538383743,0 79.6599703615475,24.6536556411455,0 79.6599687875278,24.6536575219224,0 79.6599673235688,24.6536594755315,0 79.6599659736975,24.6536614965992,0 79.6599647416269,24.6536635795663,0 79.6599636967843,24.6536655915381,0 79.6599568687224,24.6536611680425,0 79.6599547420065,24.6536598646149,0 79.6599525442447,24.6536586636517,0 79.659950281342,24.6536575683798,0 79.6599479593786,24.653656581742,0 79.6599455845932,24.6536557063892,0 79.6599431633666,24.6536549446735,0 79.6599407022042,24.6536542986414,0 79.6599382077189,24.6536537700287,0 79.659935686613,24.6536533602557,0 79.6599331456602,24.6536530704235,0 79.6599305916879,24.6536529013108,0 79.6599280315581,24.6536528533719,0 79.6599254721496,24.6536529267356,0 79.6599229203392,24.6536531212049,0 79.6599203829831,24.6536534362573,0 79.6599178668989,24.6536538710461,0 79.659915378847,24.6536544244033,0 79.6599129255124,24.6536550948419,0 79.6599105134869,24.6536558805608,0 79.6599081492512,24.6536567794486,0 79.6599058391577,24.6536577890903,0 79.6599035894133,24.6536589067731,0 79.6599014060628,24.6536601294939,0 79.6598992949724,24.6536614539675,0 79.6598972618145,24.6536628766351,0 79.6598953120517,24.6536643936743,0 79.6598934509229,24.653666001009,0 79.6598916834287,24.6536676943205,0 79.659890014318,24.6536694690592,0 79.6598884480755,24.6536713204565,0 79.6598869889096,24.653673243538,0 79.6598856407407,24.6536752331367,0 79.6598844071912,24.6536772839067,0 79.6598832915756,24.6536793903381,0 79.6598822968912,24.653681546771,0 79.6598814258108,24.6536837474114,0 79.6598806806747,24.6536859863466,0 79.6598800634851,24.6536882575608,0 79.6598795759002,24.6536905549517,0 79.6598792192302,24.6536928723463,0 79.6598789944334,24.6536952035182,0 79.6598789381031,24.6536966305029,0 79.6598536453854,24.6537013568611,0 79.6598535946986,24.6537013446474,0 79.6598511167078,24.6537008095602,0 79.6598486118406,24.6537003918705,0 79.6598460867517,24.653700092688,0 79.6598435481491,24.6536999128075,0 79.6598410027771,24.653699852707,0 79.6598384573977,24.653699912546,0 79.659835918773,24.6537000921657,0 79.6598333936473,24.6537003910887,0 79.6598308887288,24.6537008085211,0 79.6598284106722,24.6537013433538,0 79.6598259660607,24.6537019941659,0 79.6598235613888,24.6537027592286,0 79.6598212030448,24.6537036365093,0 79.6598188972939,24.6537046236775,0 79.6598166502616,24.6537057181105,0 79.6598121856252,24.653708029589,0 79.6598106613719,24.6537066712709,0 79.6598087412746,24.6537051289941,0 79.6598067364516,24.6537036795559,0 79.6598046522712,24.6537023268372,0 79.6598024943142,24.6537010744604,0 79.659800268359,24.6536999257788,0 79.6597934683605,24.6536966257799,0 79.6597911543271,24.6536955727784,0 79.65979102347,24.6536955208506,0 79.6597914308454,24.6536948816954,0 79.6597926273915,24.6536927522873,0 79.6597936987581,24.6536905679121,0 79.6597946419335,24.6536883347108,0 79.6597954542661,24.6536860589614,0 79.6597961334722,24.6536837470618,0 79.6597966776424,24.6536814055114,0 79.6597970852468,24.653679040893,0 79.6597973551396,24.6536766598541,0 79.659797486562,24.6536742690887,0 79.6597974791446,24.6536718753177,0 79.6597973329082,24.6536694852708,0 79.659797048264,24.6536671056672,0 79.6597966260122,24.6536647431964,0 79.6597960673398,24.6536624045002,0 79.6597953738175,24.6536600961533,0 79.6597945473949,24.653657824645,0 79.6597935903954,24.6536555963614,0 79.6597928792544,24.653654168165,0 79.6597932680459,24.65365361874,0 79.6597945540209,24.6536515747877,0 79.6597957214841,24.6536494722674,0 79.6597967672515,24.6536473169133,0 79.6597976884711,24.6536451146037,0 79.6597984826303,24.653642871345,0 79.6597991475632,24.6536405932551,0 79.6597996814565,24.653638286547,0 79.659800082854,24.6536359575119,0 79.6598003506611,24.6536336125017,0 79.6598004841473,24.6536312579119,0 79.6598004829486,24.6536289001641,0 79.6598003470683,24.6536265456887,0 79.6598000768769,24.6536242009069,0 79.6597996731114,24.6536218722137,0 79.6597991368729,24.6536195659601,0 79.659798469624,24.6536172884359,0 79.6597976731844,24.6536150458525,0 79.6597874906507,24.6535887348075,0 79.6597880391968,24.6535825440453,0 79.6597881814708,24.6535801489471,0 79.6597881843568,24.6535777503235,0 79.6597880478468,24.6535753549452,0 79.6597877723259,24.6535729695734,0 79.659787358572,24.6535706009413,0 79.6597868077529,24.6535682557348,0 79.6597861214234,24.6535659405736,0 79.6597853015208,24.6535636619928,0 79.6597843503595,24.653561426424,0 79.6597832706242,24.6535592401774,0 79.6597820653628,24.6535571094242,0 79.6597807379773,24.6535550401787,0 79.6597792922144,24.6535530382819,0 79.6597777321551,24.6535511093843,0 79.659776062203,24.6535492589307,0 79.6597742870718,24.6535474921443,0 79.6597724117721,24.6535458140121,0 79.6597704415972,24.653544229271,0 79.6597683821085,24.6535427423942,0 79.6597503821104,24.6535304423978,0 79.6597482646777,24.6535290731934,0 79.6597460715258,24.6535278074491,0 79.6597438087011,24.6535266486547,0 79.6597414824423,24.6535256000048,0 79.6597390991627,24.6535246643906,0 79.6597366654329,24.6535238443915,0 79.6597341879627,24.6535231422682,0 79.6597316735823,24.6535225599565,0 79.6597291292239,24.6535220990617,0 79.6597265619021,24.6535217608546,0 79.6597239786949,24.6535215462675,0 79.6597213867242,24.6535214558921,0 79.6597187931359,24.6535214899775,0 79.6597162050804,24.6535216484298,0 79.659713629693,24.653521930812,0 79.6597110740739,24.6535223363458,0 79.6597085452688,24.653522863913,0 79.6597060502496,24.6535235120591,0 79.659703595895,24.6535242789974,0 79.6597011889714,24.6535251626132,0 79.6596988361148,24.6535261604706,0 79.6596965438119,24.6535272698184,0 79.6596943183825,24.6535284875982,0 79.659692165962,24.6535298104527,0 79.6596900924845,24.6535312347348,0 79.6596881036666,24.6535327565178,0 79.6596880847843,24.6535327725798,0 79.6596873839614,24.6535326678637,0 79.6596847971222,24.6535324082505,0 79.659682198913,24.6535322734955,0 79.6596795965441,24.6535322639727,0 79.6596769972374,24.6535323797086,0 79.6596744082064,24.6535326203819,0 79.659671836636,24.6535329853248,0 79.6596692896626,24.6535334735245,0 79.6596291896762,24.6535421735221,0 79.6596266851963,24.6535427807166,0 79.6596242189977,24.653543507088,0 79.6596217978654,24.6535443506379,0 79.65961942846,24.6535453090456,0 79.6596171173003,24.6535463796744,0 79.6596148707443,24.6535475595789,0 79.6596126949728,24.6535488455129,0 79.6596105959715,24.6535502339388,0 79.6596085795151,24.6535517210368,0 79.659606651151,24.6535533027157,0 79.6596048161845,24.6535549746241,0 79.6596030796638,24.6535567321623,0 79.6596014463662,24.6535585704953,0 79.6595999207852,24.6535604845654,0 79.6595985071179,24.6535624691068,0 79.6595980056442,24.6535632610207,0 79.6595962153862,24.6535636651684,0 79.6595937664405,24.6535643427318,0 79.6595913591675,24.6535651352709,0 79.6595890000255,24.6535660406595,0 79.6595866953434,24.6535670564687,0 79.6595844513041,24.6535681799734,0 79.6595822739279,24.6535694081594,0 79.659580169056,24.6535707377318,0 79.659578944122,24.6535716004363,0 79.6595772722867,24.6535707995104,0 79.6595720774258,24.6535670974263,0 79.6595699777364,24.6535656809856,0 79.6595677991278,24.6535643678599,0 79.6595655476802,24.6535631617139,0 79.659563229677,24.6535620659138,0 79.6595608515875,24.6535610835178,0 79.6595584200487,24.6535602172677,0 79.6595559418465,24.653559469581,0 79.6595534238974,24.6535588425443,0 79.6595508732285,24.6535583379078,0 79.6595482969584,24.6535579570797,0 79.6595457022771,24.6535577011229,0 79.6595430964261,24.6535575707518,0 79.6595404866778,24.6535575663301,0 79.6595378803157,24.6535576878702,0 79.6595352846139,24.653557935033,0 79.6595327068165,24.6535583071285,0 79.6595301541178,24.6535588031185,0 79.659527633642,24.6535594216185,0 79.6595251524235,24.6535601609025,0 79.6595227173869,24.6535610189072,0 79.6595203353282,24.6535619932381,0 79.6595180128952,24.6535630811759,0 79.6595157565696,24.6535642796843,0 79.6595135726485,24.6535655854186,0 79.6595114672269,24.6535669947345,0 79.6595094461808,24.6535685036989,0 79.6595075151506,24.6535701081004,0 79.6595056795254,24.6535718034614,0 79.6595039444284,24.6535735850504,0 79.659502314702,24.6535754478952,0 79.6595007948944,24.6535773867968,0 79.6594993892472,24.6535793963442,0 79.6594981016835,24.6535814709288,0 79.6594969357966,24.6535836047608,0 79.6594958948404,24.653585791885,0 79.65949498172,24.6535880261975,0 79.6594941989839,24.6535903014626,0 79.6594935488165,24.6535926113302,0 79.6594930330324,24.653594949354,0 79.659491052816,24.6536053344694,0 79.6594584456801,24.6536013507913,0 79.6594558092383,24.6536010942938,0 79.6594531615358,24.6536009674358,0 79.6594505101995,24.6536009705826,0 79.6594478628666,24.6536011037252,0 79.6594452271626,24.6536013664801,0 79.6594426106799,24.6536017580905,0 79.6594400209551,24.6536022774282,0 79.659437465448,24.6536029229974,0 79.6594349515198,24.6536036929384,0 79.6594324864118,24.6536045850334,0 79.6594300772249,24.6536055967128,0 79.6594277308987,24.6536067250624,0 79.659392230907,24.6536249250571,0 79.6593899966579,24.6536261422602,0 79.6593878356093,24.6536274652515,0 79.6593857537523,24.6536288903633,0 79.6593837568588,24.6536304136445,0 79.6593818504648,24.6536320308721,0 79.6593800398557,24.6536337375623,0 79.6593783300511,24.6536355289836,0 79.6593767257914,24.6536374001696,0 79.6593752315241,24.6536393459324,0 79.659373851392,24.6536413608778,0 79.6593725892213,24.6536434394194,0 79.6593714485114,24.6536455757948,0 79.6593704324245,24.6536477640811,0 79.6593695437779,24.6536499982114,0 79.6593687850351,24.653652271992,0 79.6593681582997,24.653654579119,0 79.659367702836,24.6536567355246,0 79.6593670820748,24.6536569189636,0 79.6593646776624,24.6536577582405,0 79.6593623243438,24.6536587108269,0 79.6593600285073,24.6536597741369,0 79.6593577963849,24.653660945284,0 79.6593556340358,24.6536622210893,0 79.6593535473297,24.6536635980894,0 79.6593515419311,24.6536650725465,0 79.6593496232838,24.6536666404581,0 79.6593477965959,24.6536682975681,0 79.6593460668261,24.6536700393781,0 79.6593444386698,24.65367186116,0 79.6593429165469,24.6536737579685,0 79.659341504589,24.6536757246546,0 79.6593402066291,24.6536777558797,0 79.6593390261905,24.65367984613,0 79.6593379664775,24.6536819897315,0 79.6593370303668,24.6536841808651,0 79.6593362203995,24.6536864135831,0 79.6593355387742,24.6536886818246,0 79.6593349873414,24.6536909794325,0 79.6593345675978,24.6536933001698,0 79.6593342806829,24.6536956377367,0 79.6593341273755,24.653697985788,0 79.6593341080918,24.6537003379496,0 79.6593342228842,24.6537026878365,0 79.659334471441,24.6537050290701,0 79.659336293214,24.6537185216164,0 79.6593356972475,24.6537183097758,0 79.6593332439636,24.653717570163,0 79.6593307517281,24.653716948767,0 79.6593285813887,24.6537165176175,0 79.6593284546157,24.6537152674167,0 79.659328085299,24.65371294589,0 79.6593275845306,24.6537106450296,0 79.6593269536627,24.6537083710479,0 79.6593261943986,24.6537061300847,0 79.6593253087884,24.6537039281908,0 79.6593242992232,24.6537017713112,0 79.6593231684288,24.6536996652696,0 79.6593219194585,24.6536976157524,0 79.6593205556846,24.6536956282933,0 79.6593190807892,24.6536937082586,0 79.6593174987546,24.6536918608323,0 79.6593158138524,24.6536900910025,0 79.6593140306318,24.6536884035479,0 79.6593121539077,24.6536868030246,0 79.6593101887471,24.6536852937541,0 79.6593081404561,24.6536838798115,0 79.6593060145651,24.6536825650143,0 79.6593038168141,24.6536813529127,0 79.6593015531371,24.6536802467793,0 79.6592992296461,24.6536792496007,0 79.6592968526145,24.6536783640693,0 79.6592944284604,24.6536775925761,0 79.6592919637291,24.6536769372041,0 79.6592894650754,24.6536763997228,0 79.6592869392458,24.6536759815835,0 79.6592456759325,24.6536701581339,0 79.659216113017,24.6536556962759,0 79.6592137873789,24.6536546296358,0 79.6592114035125,24.6536536763886,0 79.6592089680315,24.653652839179,0 79.6592064876932,24.6536521203296,0 79.659203969379,24.6536515218351,0 79.6592014200761,24.6536510453557,0 79.6591988468571,24.6536506922135,0 79.6591962568615,24.6536504633884,0 79.659193657275,24.653650359515,0 79.65919105531,24.6536503808817,0 79.6591884581856,24.6536505274292,0 79.6591858731073,24.6536507987508,0 79.6591833072473,24.6536511940938,0 79.6591807677245,24.6536517123613,0 79.6591441677368,24.653660112359,0 79.6591416564041,24.6536607535741,0 79.6591391855905,24.6536615149971,0 79.6591367621798,24.6536623945065,0 79.6591343929237,24.6536633896522,0 79.659132084423,24.6536644976615,0 79.6591298431093,24.6536657154475,0 79.6591276752271,24.6536670396173,0 79.6591255868162,24.6536684664818,0 79.6591235836949,24.6536699920657,0 79.659121671444,24.6536716121186,0 79.6591198553912,24.6536733221271,0 79.659118140596,24.6536751173268,0 79.6591165318361,24.6536769927164,0 79.6591150335933,24.6536789430709,0 79.659113650042,24.6536809629565,0 79.6591123850367,24.6536830467458,0 79.6591112421019,24.6536851886332,0 79.6591102244217,24.6536873826514,0 79.6591093348315,24.6536896226876,0 79.6591092585471,24.6536898518171,0 79.6591074625738,24.6536902012663,0 79.6590943934519,24.6536930700991,0 79.6590860585505,24.6536884648227,0 79.6590837852965,24.6536872827252,0 79.6590814467712,24.6536862122401,0 79.6590790495299,24.6536852563678,0 79.6590766002921,24.653684417788,0 79.6590741059235,24.6536836988511,0 79.659071573416,24.6536831015726,0 79.6590690098685,24.6536826276265,0 79.6590664224669,24.6536822783414,0 79.659063818464,24.6536820546965,0 79.6590612051591,24.6536819573185,0 79.6590585898775,24.6536819864805,0 79.6590559799502,24.6536821421008,0 79.6590533826932,24.653682423743,0 79.6590508053867,24.6536828306178,0 79.6590482552553,24.6536833615846,0 79.6590457394472,24.653684015155,0 79.6590432650146,24.6536847894971,0 79.6590408388936,24.6536856824402,0 79.6590384678848,24.6536866914813,0 79.6590361586344,24.6536878137921,0 79.6590339176155,24.6536890462265,0 79.65903175111,24.6536903853298,0 79.6590080511139,24.6537058853255,0 79.6590059333401,24.6537073506213,0 79.6590039048075,24.6537089178296,0 79.6590019713808,24.6537105824193,0 79.6590001386501,24.6537123395777,0 79.658998411914,24.6537141842245,0 79.6589967961648,24.6537161110265,0 79.6589952960741,24.6537181144131,0 79.6589943394869,24.6537194686821,0 79.6589924056434,24.6537196127473,0 79.6589898556824,24.653719925535,0 79.6589873269988,24.6537203592281,0 79.6589848264511,24.6537209126503,0 79.6589823608222,24.6537215843004,0 79.6589799367998,24.6537223723567,0 79.658977560959,24.6537232746816,0 79.658975239744,24.6537242888276,0 79.658972979451,24.6537254120439,0 79.6589707862109,24.6537266412839,0 79.6589686659727,24.6537279732132,0 79.6589666244875,24.6537294042192,0 79.6589646672926,24.6537309304203,0 79.6589627996969,24.6537325476768,0 79.658957099697,24.6537377476755,0 79.6589553377209,24.653739440511,0 79.6589536739296,24.6537412143842,0 79.6589521127789,24.6537430645443,0 79.6589506584496,24.6537449860366,0 79.6589505460066,24.6537451523796,0 79.6589493906287,24.6537443444326,0 79.6589472743198,24.6537430178719,0 79.6589450854875,24.6537417935405,0 79.6589428300387,24.6537406747423,0 79.6589405140599,24.6537396644965,0 79.6589381438011,24.6537387655294,0 79.6589357256586,24.653737980267,0 79.6589332661582,24.6537373108284,0 79.6589311913302,24.6537368518044,0 79.658910523705,24.6537366673545,0 79.6589103871389,24.6537366898241,0 79.6589078885013,24.6537372246842,0 79.6589054236273,24.6537378774071,0 79.6589029991688,24.6537386462313,0 79.6589006216684,24.6537395290821,0 79.658898297542,24.6537405235771,0 79.6588960330616,24.6537416270324,0 79.6588938343381,24.6537428364703,0 79.658891707305,24.653744148627,0 79.6588896577023,24.6537455599614,0 79.6588876910612,24.6537470666649,0 79.6588858126889,24.6537486646716,0 79.6588840276543,24.653750349669,0 79.6588823407745,24.6537521171099,0 79.6588807566019,24.6537539622247,0 79.6588762691544,24.6537594780436,0 79.6588695670582,24.6537570131386,0 79.6588507330584,24.6537467865333,0 79.6588485003931,24.6537456446566,0 79.6588462060338,24.6537446099525,0 79.6588438561345,24.6537436851964,0 79.6588414569984,24.6537428728687,0 79.6588390150608,24.6537421751484,0 79.6588365368716,24.653741593907,0 79.6588340290781,24.6537411307035,0 79.658831498407,24.6537407867804,0 79.6588289516464,24.6537405630603,0 79.6588263956274,24.6537404601431,0 79.658823837206,24.653740478305,0 79.6588212832448,24.6537406174973,0 79.6588187405942,24.6537408773465,0 79.6588162160744,24.6537412571556,0 79.658813716457,24.653741755906,0 79.6588112484466,24.6537423722599,0 79.6588088186633,24.6537431045638,0 79.6588064336244,24.6537439508537,0 79.6588040997275,24.6537449088595,0 79.6588018232327,24.6537459760114,0 79.6587996102462,24.6537471494472,0 79.658797466704,24.6537484260193,0 79.6587953983557,24.6537498023034,0 79.6587934107494,24.6537512746081,0 79.6587915092162,24.6537528389841,0 79.6587896988569,24.6537544912353,0 79.6587879845272,24.6537562269298,0 79.6587863708255,24.653758041412,0 79.6587848620804,24.6537599298149,0 79.6587834623387,24.6537618870731,0 79.658782175355,24.6537639079368,0 79.6587810045814,24.6537659869853,0 79.6587799531582,24.6537681186421,0 79.6587790239057,24.6537702971892,0 79.6587782193165,24.6537725167833,0 79.6587775415486,24.6537747714706,0 79.6587769924202,24.6537770552034,0 79.6587765734041,24.653779361856,0 79.6587762856243,24.6537816852412,0 79.6587756856219,24.6537879852409,0 79.6587755266704,24.6537904043689,0 79.6587755099879,24.6537928278066,0 79.6587756356225,24.6537952485708,0 79.658775903212,24.6537976596862,0 79.6587763119856,24.653800054205,0 79.6587764958162,24.6538008484516,0 79.6587751091929,24.6538005392721,0 79.6587726019279,24.6538000428829,0 79.6587700698468,24.653799666118,0 79.6587675197781,24.6537994099934,0 79.6587649585991,24.6537992751999,0 79.6587623932168,24.6537992621008,0 79.6587598305496,24.6537993707317,0 79.6587572775086,24.6537996007995,0 79.6587547409791,24.6537999516837,0 79.6587522278016,24.6538004224382,0 79.6587497447537,24.6538010117932,0 79.6587472985319,24.6538017181595,0 79.6587448957332,24.6538025396321,0 79.6587425428376,24.6538034739955,0 79.6587402461904,24.65380451873,0 79.6587398293226,24.653804733729,0 79.6587388547921,24.6538033893359,0 79.6587373153876,24.6538014897123,0 79.6587356692983,24.6537996663293,0 79.6587339210368,24.6537979241858,0 79.658732075396,24.6537962680578,0 79.6587301374356,24.6537947024854,0 79.6587281124685,24.6537932317606,0 79.6587260060459,24.6537918599153,0 79.6587238239426,24.6537905907104,0 79.6587215721408,24.6537894276254,0 79.6587192568135,24.6537883738487,0 79.6587168843082,24.6537874322693,0 79.6587144611291,24.6537866054685,0 79.6587119939191,24.6537858957129,0 79.658709489442,24.6537853049483,0 79.6587069545637,24.6537848347942,0 79.6587043962334,24.6537844865395,0 79.6587018214648,24.6537842611389,0 79.6586992373163,24.6537841592105,0 79.6586966508724,24.6537841810336,0 79.6586940692237,24.6537843265483,0 79.6586914994476,24.6537845953558,0 79.658688948589,24.6537849867191,0 79.6586864236411,24.6537854995654,0 79.6586839315258,24.6537861324886,0 79.6586814790752,24.6537868837537,0 79.6586790730125,24.6537877513011,0 79.6586767199339,24.6537887327525,0 79.6586744262902,24.6537898254172,0 79.6586675262918,24.6537933254162,0 79.6586650125158,24.6537946909908,0 79.6586625915583,24.6537961901085,0 79.6586602719028,24.6537978175162,0 79.658631971906,24.6538189175105,0 79.658631556341,24.6538192308131,0 79.658611067127,24.6538348503911,0 79.6586098135498,24.6538356338767,0 79.6586077941174,24.6538369655135,0 79.6586058506774,24.6538383884619,0 79.6586039881683,24.653839899106,0 79.6586038437687,24.6538400286869,0 79.658602327704,24.6538403202377,0 79.6585998167497,24.6538408660825,0 79.6585973404169,24.6538415310356,0 79.6585949054656,24.6538423132818,0 79.6585925185424,24.6538432106858,0 79.6585901861628,24.653844220798,0 79.6585879146937,24.653845340861,0 79.6585857103355,24.6538465678174,0 79.6585835791055,24.653847898318,0 79.6585815268213,24.6538493287308,0 79.658579559085,24.6538508551513,0 79.6585776812682,24.6538524734127,0 79.6585758984965,24.6538541790977,0 79.6585742156367,24.6538559675501,0 79.6585726372822,24.6538578338882,0 79.6585711677417,24.6538597730171,0 79.6585698110266,24.6538617796439,0 79.6585685708403,24.6538638482907,0 79.6585674505681,24.653865973311,0 79.6585664532682,24.6538681489039,0 79.6585655816628,24.6538703691306,0 79.6585648381312,24.6538726279307,0 79.6585642247031,24.6538749191382,0 79.6585637430529,24.6538772364988,0 79.6585633944954,24.6538795736867,0 79.658563179982,24.6538819243221,0 79.6585631000985,24.6538842819884,0 79.6585631550627,24.6538866402498,0 79.6585633447248,24.653888992669,0 79.6585636685669,24.6538913328244,0 79.6585641257051,24.6538936543282,0 79.6585647148915,24.6538959508433,0 79.6585654345178,24.6538982161008,0 79.6585662826197,24.6539004439172,0 79.6585672568821,24.6539026282113,0 79.6585683546455,24.6539047630204,0 79.6585695729134,24.6539068425172,0 79.6585709083601,24.6539088610253,0 79.6585718057879,24.6539100700048,0 79.6585718691374,24.6539108105023,0 79.658571900195,24.6539110258847,0 79.6585711530561,24.653912479745,0 79.6585701809307,24.6539146601456,0 79.6585693345063,24.6539168838974,0 79.6585686160847,24.6539191449526,0 79.6585680276199,24.6539214371618,0 79.6585675707122,24.653923754291,0 79.6585673721956,24.6539251849405,0 79.6585661093873,24.6539257833515,0 79.6585638586068,24.6539269918987,0 79.6585616808252,24.65392830742,0 79.6585595821239,24.6539297262418,0 79.6585575683633,24.6539312444021,0 79.658555645167,24.6539328576615,0 79.6585538179053,24.653934561515,0 79.6585520916808,24.6539363512046,0 79.6585504713139,24.6539382217329,0 79.6585489613295,24.6539401678762,0 79.6585475659441,24.6539421842002,0 79.6585462890543,24.6539442650742,0 79.6585451342258,24.6539464046876,0 79.6585441046834,24.6539485970655,0 79.6585340100598,24.6539717638465,0 79.6585320674405,24.6539710659606,0 79.6585296229908,24.6539703197756,0 79.6585271392866,24.6539696911127,0 79.6585246230877,24.6539691816827,0 79.6585220812424,24.6539687928723,0 79.6585195206686,24.6539685257396,0 79.6585169483355,24.6539683810117,0 79.6585165366217,24.6539683775083,0 79.6585154233277,24.6539673542265,0 79.6585135402996,24.6539657929944,0 79.6585115718738,24.6539643223694,0 79.6585095232644,24.6539629462469,0 79.6585073998976,24.6539616682718,0 79.6585052073979,24.6539604918293,0 79.6585029515725,24.6539594200355,0 79.6585006383969,24.6539584557294,0 79.6584982739979,24.6539576014651,0 79.6584958646386,24.6539568595055,0 79.6584934167006,24.6539562318159,0 79.6584909366681,24.6539557200588,0 79.6584884311102,24.6539553255899,0 79.6584859066635,24.6539550494539,0 79.6584833700147,24.6539548923822,0 79.6584808278829,24.653954854791,0 79.6584782870017,24.6539549367799,0 79.6584757541012,24.6539551381315,0 79.6584732358907,24.6539554583126,0 79.6584707390402,24.6539558964752,0 79.6584492390476,24.653960196474,0 79.658446678191,24.6539607745299,0 79.658444154747,24.6539614766849,0 79.6584416759106,24.6539623009371,0 79.6584392487492,24.6539632449363,0 79.6584368801831,24.6539643059911,0 79.6584345769657,24.6539654810761,0 79.6584323456637,24.6539667668411,0 79.658430192639,24.6539681596199,0 79.6584281240303,24.6539696554417,0 79.6584261457356,24.6539712500415,0 79.6584242633954,24.6539729388728,0 79.6584224823765,24.6539747171204,0 79.6584208077569,24.6539765797143,0 79.6584192443114,24.6539785213439,0 79.6584177964976,24.6539805364731,0 79.6584164684434,24.6539826193566,0 79.6584155604403,24.6539841350779,0 79.6583926499514,24.6539872415833,0 79.6583903296278,24.6539876080525,0 79.6583880310485,24.6539880751546,0 79.6583857594358,24.6539886418282,0 79.6583835199509,24.6539893067857,0 79.6583368199653,24.6540043067813,0 79.6583343560787,24.6540051663741,0 79.6583319458991,24.6540061449119,0 79.6583295962957,24.6540072396056,0 79.6583124962998,24.6540157396031,0 79.65831027277,24.6540169143228,0 79.6583081190499,24.6540181930672,0 79.6583060409607,24.6540195723801,0 79.6583040441195,24.6540210485331,0 79.6583021339237,24.6540226175363,0 79.6583003155363,24.6540242751489,0 79.6582985938724,24.6540260168903,0 79.6582969735856,24.6540278380527,0 79.6582954590554,24.6540297337137,0 79.6582940543755,24.6540316987492,0 79.6582927633426,24.6540337278481,0 79.6582915894465,24.6540358155257,0 79.6582905358601,24.6540379561391,0 79.6582896054311,24.6540401439023,0 79.6582888006745,24.654042372902,0 79.6582881237655,24.6540446371134,0 79.6582875765338,24.6540469304162,0 79.6582871604584,24.6540492466119,0 79.6582868766641,24.65405157944,0 79.658286725918,24.6540539225948,0 79.6582867086274,24.654056269743,0 79.6582868248391,24.6540586145403,0 79.6582870742391,24.654060950649,0 79.6582874561532,24.6540632717545,0 79.6582879695491,24.6540655715831,0 79.6582886130392,24.6540678439185,0 79.6582893848841,24.6540700826186,0 79.6582902829977,24.6540722816324,0 79.6582913049523,24.654074435016,0 79.6582924479856,24.6540765369489,0 79.6582937090081,24.6540785817498,0 79.6582950846114,24.6540805638916,0 79.6582965710772,24.6540824780167,0 79.6582981643878,24.6540843189513,0 79.6582998602364,24.6540860817195,0 79.6583016540393,24.6540877615565,0 79.6583035409479,24.654089353922,0 79.658305515862,24.6540908545117,0 79.6583075734436,24.6540922592697,0 79.658309708131,24.6540935643989,0 79.6583119141544,24.6540947663718,0 79.6583141855509,24.6540958619393,0 79.6583165161811,24.6540968481403,0 79.6583188997454,24.654097722309,0 79.6583213298012,24.6540984820827,0 79.6583237997801,24.6540991254077,0 79.6583263030059,24.6540996505451,0 79.6583288327125,24.6541000560756,0 79.6583597327231,24.6541042560775,0 79.6583623495961,24.6541045467821,0 79.6583649797114,24.6541047094984,0 79.6583676155796,24.6541047437631,0 79.6583702496949,24.6541046494786,0 79.6583728745564,24.6541044269134,0 79.6583754509177,24.6541040809675,0 79.6583755762665,24.6541049790996,0 79.6583760355338,24.6541072979487,0 79.658376626569,24.6541095917382,0 79.6583773477617,24.6541118542187,0 79.6583781971471,24.6541140792263,0 79.6583791724109,24.6541162606989,0 79.6583802708963,24.6541183926932,0 79.6583809035574,24.6541194707574,0 79.658378965201,24.6541209101524,0 79.6583770661832,24.6541224762435,0 79.6583752584107,24.6541241300676,0 79.6583735467301,24.6541258671907,0 79.6583719357305,24.6541276829557,0 79.658370429731,24.6541295724944,0 79.6583690327691,24.6541315307409,0 79.6583677485902,24.6541335524451,0 79.6583665806372,24.6541356321869,0 79.6583655320415,24.6541377643903,0 79.6583646056142,24.654139943339,0 79.6583638038392,24.654142163191,0 79.6583631288661,24.654144417995,0 79.6583625825044,24.6541467017058,0 79.6583621662191,24.6541490082007,0 79.6583618811261,24.6541513312959,0 79.6583617279899,24.6541536647633,0 79.6583617275729,24.6541537116947,0 79.6583278309882,24.6541556399403,0 79.6583252678963,24.6541558471049,0 79.6583227200842,24.6541561759548,0 79.6583201944642,24.654156625598,0 79.6583176978881,24.6541571948145,0 79.6583152371291,24.65415788206,0 79.6583128188633,24.65415868547,0 79.6583104496513,24.654159602865,0 79.6583081359209,24.654160631756,0 79.6583058839491,24.6541617693516,0 79.6583036998455,24.6541630125656,0 79.6583015895356,24.6541643580252,0 79.6582995587446,24.6541658020802,0 79.6582976129819,24.6541673408127,0 79.6582957575265,24.6541689700484,0 79.6582939974121,24.654170685367,0 79.658292337414,24.654172482115,0 79.6582907820357,24.6541743554178,0 79.6582893354968,24.6541763001932,0 79.658288001722,24.6541783111649,0 79.6582867843296,24.6541803828773,0 79.6582856866225,24.6541825097098,0 79.6582847115787,24.6541846858924,0 79.6582838618435,24.6541869055211,0 79.6582831397223,24.6541891625741,0 79.6582825471741,24.654191450928,0 79.6582820858066,24.6541937643745,0 79.6582817568714,24.6541960966374,0 79.6582815612609,24.6541984413891,0 79.6582814995058,24.6542007922684,0 79.6582815717738,24.6542031428975,0 79.6582817778686,24.654205486899,0 79.6582821172313,24.6542078179137,0 79.6582825550447,24.6542099635021,0 79.6582816571233,24.6542094155343,0 79.6582794517673,24.6542082161442,0 79.6582771812331,24.6542071230392,0 79.6582748516481,24.6542061391691,0 79.6582724692992,24.6542052671891,0 79.6582700406157,24.6542045094525,0 79.6582693406159,24.6542043094526,0 79.6582668014319,24.6542036514798,0 79.6582642274208,24.6542031183803,0 79.6582616259298,24.6542027116758,0 79.6582590043844,24.6542024325272,0 79.6582563702674,24.6542022817312,0 79.6582537310974,24.6542022597183,0 79.6582510944076,24.6542023665513,0 79.658248467724,24.6542026019252,0 79.6582458585439,24.6542029651683,0 79.658243274315,24.6542034552437,0 79.6582407224135,24.6542040707525,0 79.6582382101233,24.6542048099379,0 79.6582357446155,24.6542056706901,0 79.6582333329273,24.654206650552,0 79.6582294329284,24.6542083505515,0 79.6582271505604,24.6542094126561,0 79.6582249314931,24.65421058144,0 79.6582227816914,24.6542118537616,0 79.6582207069338,24.6542132262008,0 79.6582187127974,24.6542146950685,0 79.6582168046423,24.6542162564165,0 79.6582149875977,24.6542179060478,0 79.6582132665477,24.6542196395282,0 79.6582116461185,24.6542214521983,0 79.6582101306659,24.6542233391854,0 79.6582087242634,24.6542252954175,0 79.6582074306913,24.6542273156362,0 79.6582062534268,24.6542293944111,0 79.6582051956344,24.6542315261545,0 79.6582042601574,24.6542337051363,0 79.6582034495104,24.6542359254994,0 79.6582027658724,24.6542381812756,0 79.6582027090243,24.6542383897183,0 79.6581928088639,24.6542307343628,0 79.6581907769288,24.6542292453488,0 79.6581886619484,24.6542278562738,0 79.6581872828523,24.6542270476979,0 79.6581877776959,24.6542263810344,0 79.6581890874394,24.6542244061799,0 79.6581902849752,24.6542223727035,0 79.6581913671701,24.6542202859253,0 79.6581923311926,24.6542181513052,0 79.6581931745207,24.6542159744279,0 79.6581938949479,24.6542137609889,0 79.6581944905894,24.6542115167793,0 79.658198690583,24.6541937167777,0 79.6581991736217,24.6541913700275,0 79.6581995202152,24.6541890032191,0 79.6581997293941,24.6541866229737,0 79.658199800573,24.6541842359499,0 79.6581997335528,24.6541818488256,0 79.6581995285212,24.6541794682787,0 79.6581991860516,24.654177100969,0 79.6581987071021,24.6541747535189,0 79.6581980930126,24.6541724324956,0 79.6581973455011,24.6541701443921,0 79.6581964666586,24.6541678956095,0 79.6581954589439,24.6541656924387,0 79.658194325176,24.6541635410432,0 79.6581930685267,24.6541614474415,0 79.6581916925114,24.6541594174905,0 79.6581902009796,24.654157456869,0 79.6581885981039,24.654155571062,0 79.6581868883684,24.6541537653449,0 79.658185076556,24.6541520447694,0 79.6581831677354,24.6541504141487,0 79.6581811672465,24.6541488780446,0 79.6581790806858,24.6541474407543,0 79.6581769138903,24.6541461062986,0 79.6581746729218,24.6541448784107,0 79.6581723640495,24.6541437605258,0 79.6581699937323,24.6541427557709,0 79.6581675686014,24.6541418669571,0 79.6581650954411,24.6541410965707,0 79.65816258117,24.6541404467669,0 79.6581600328219,24.6541399193635,0 79.6581574575258,24.654139515836,0 79.6581548624862,24.6541392373133,0 79.6581522549628,24.6541390845745,0 79.65814964225,24.6541390580468,0 79.6581470316571,24.6541391578046,0 79.6581444304871,24.6541393835688,0 79.658141846017,24.6541397347077,0 79.6581392854768,24.654140210239,0 79.6581367560296,24.6541408088325,0 79.6581268560329,24.6541434088318,0 79.6581244321877,24.6541441075658,0 79.6581220508727,24.6541449193031,0 79.6581197183909,24.654145841895,0 79.6581174409163,24.6541468728997,0 79.6581152244771,24.654148009588,0 79.65811307494,24.6541492489513,0 79.6581109979947,24.6541505877091,0 79.6581089991387,24.6541520223178,0 79.6581070836628,24.6541535489801,0 79.6581052566371,24.6541551636551,0 79.6581035228976,24.6541568620688,0 79.6581018870334,24.6541586397257,0 79.6581003533743,24.6541604919205,0 79.6580995248867,24.6541616073884,0 79.6580749233225,24.6541695723851,0 79.65805009747,24.6541738257655,0 79.6580472244977,24.6541743993736,0 79.658044393962,24.6541751281944,0 79.6580416158932,24.6541760096453,0 79.6580261433761,24.6541813956481,0 79.6580078725965,24.654187485908,0 79.6580068190011,24.6541878495953,0 79.6579816190085,24.6541968495926,0 79.6579792725368,24.6541977519805,0 79.6579769800476,24.654198763643,0 79.6579747476289,24.6541998818935,0 79.6579725812094,24.6542011037623,0 79.6579704865422,24.6542024260047,0 79.6579457844271,24.6542188940797,0 79.6579311178719,24.6542267511622,0 79.6579289208834,24.6542279998898,0 79.6579267984434,24.6542293520234,0 79.6579247563733,24.6542308038545,0 79.6579228002743,24.6542323514007,0 79.6579209355118,24.6542339904174,0 79.6579191672004,24.6542357164091,0 79.6579175001904,24.6542375246415,0 79.6579159390541,24.6542394101549,0 79.6579144880736,24.6542413677777,0 79.6579131512288,24.6542433921404,0 79.6579124112604,24.6542446580855,0 79.6579121821964,24.6542446527426,0 79.6579096266497,24.6542447140353,0 79.6579070779943,24.6542448960658,0 79.6579045430553,24.6542451983466,0 79.6579020286212,24.6542456200683,0 79.6578995414254,24.6542461601015,0 79.6578970881287,24.6542468170001,0 79.6578946753007,24.6542475890048,0 79.6578923094029,24.6542484740483,0 79.657889996771,24.6542494697605,0 79.6578877435982,24.6542505734749,0 79.6578855559182,24.6542517822359,0 79.6578834395897,24.6542530928064,0 79.6578814002799,24.6542545016769,0 79.6578794434501,24.6542560050744,0 79.6578775743406,24.6542575989729,0 79.6578757979567,24.6542592791041,0 79.6578497979561,24.6542851790978,0 79.6578481083368,24.654286952819,0 79.6578465220718,24.65428880454,0 79.6578450434651,24.6542907292368,0 79.6578436765287,24.6542927216869,0 79.6578424249716,24.6542947764842,0 79.6578412921895,24.6542968880535,0 79.6578402812561,24.6542990506654,0 79.6578393949143,24.6543012584521,0 79.6578386355691,24.6543035054232,0 79.6578380052808,24.6543057854819,0 79.6578375057595,24.6543080924418,0 79.6578371383608,24.6543104200434,0 79.6578369040813,24.6543127619711,0 79.65783687343,24.6543134784883,0 79.6578366317696,24.6543135041372,0 79.6578341079126,24.6543138939907,0 79.6578316095391,24.6543144027929,0 79.6578291433565,24.6543150291778,0 79.6578267159857,24.6543157714639,0 79.6578243339435,24.6543166276582,0 79.6578220036251,24.6543175954621,0 79.6578197312866,24.6543186722774,0 79.6578175230287,24.6543198552131,0 79.6578050230312,24.6543269552111,0 79.6578028616602,24.6543282558033,0 79.6578007777784,24.654329658049,0 79.6577987771042,24.6543311581004,0 79.6577968651278,24.654332751841,0 79.6577950470956,24.6543344348975,0 79.6577933279967,24.6543362026514,0 79.6577917125485,24.6543380502518,0 79.657790205184,24.6543399726287,0 79.6577888100394,24.6543419645067,0 79.6577875309433,24.6543440204201,0 79.6577863714057,24.654346134727,0 79.6577853346084,24.6543483016257,0 79.6577844233966,24.6543505151699,0 79.6577836402708,24.6543527692854,0 79.6577829873798,24.6543550577867,0 79.6577824665154,24.6543573743937,0 79.6577820791069,24.6543597127496,0 79.6577818262173,24.6543620664376,0 79.6577817085407,24.6543644289988,0 79.6577817263999,24.6543667939502,0 79.657781879746,24.654369154802,0 79.6577821681582,24.6543715050759,0 79.657782590845,24.6543738383223,0 79.6577831466465,24.6543761481386,0 79.6577838340376,24.6543784281864,0 79.657784651132,24.6543806722089,0 79.6577855956875,24.6543828740483,0 79.6577866651121,24.6543850276626,0 79.6577878564712,24.6543871271418,0 79.6577891664957,24.6543891667249,0 79.6577905915905,24.6543911408149,0 79.6577921278452,24.6543930439948,0 79.6577921393397,24.6543930574804,0 79.657769495754,24.6544154819265,0 79.6577677993818,24.6544172523138,0 79.6577662062526,24.6544191010766,0 79.6577647206947,24.6544210231922,0 79.6577633467442,24.6544230134385,0 79.6577620881339,24.6544250664081,0 79.6577609482834,24.6544271765234,0 79.6577599302895,24.6544293380516,0 79.6577590369179,24.6544315451199,0 79.6577582705958,24.654433791732,0 79.6577576334054,24.6544360717842,0 79.6577571270776,24.6544383790819,0 79.6577567529883,24.6544407073564,0 79.6577565121536,24.6544430502821,0 79.657756405228,24.6544454014935,0 79.657756432502,24.6544477546026,0 79.6577565939014,24.6544501032165,0 79.6577568889879,24.6544524409541,0 79.6577573169596,24.6544547614642,0 79.6577578766538,24.6544570584421,0 79.6577585665499,24.6544593256473,0 79.6577593847736,24.65446155692,0 79.6577603291019,24.6544637461982,0 79.6577613969691,24.6544658875338,0 79.657762585474,24.6544679751091,0 79.6577638913875,24.6544700032524,0 79.6577653111617,24.6544719664535,0 79.6577668409392,24.6544738593787,0 79.6577684765638,24.6544756768849,0 79.6577702135916,24.6544774140344,0 79.6577720473035,24.6544790661074,0 79.6577739727174,24.6544806286156,0 79.6577759846022,24.6544820973137,0 79.6577780774919,24.6544834682115,0 79.6577802457004,24.6544847375843,0 79.6577824833368,24.6544859019836,0 79.6577847843218,24.6544869582456,0 79.6577871424039,24.6544879035008,0 79.6577895511765,24.654488735181,0 79.6577920040952,24.6544894510265,0 79.6578219020383,24.654497397759,0 79.6578102386749,24.6545244488985,0 79.6578093202258,24.6545267619979,0 79.6577941202124,24.6545685619926,0 79.6577933749891,24.6545708041934,0 79.657792758072,24.6545730787121,0 79.6577922711233,24.6545753794209,0 79.6577919154546,24.6545777001214,0 79.6577916920244,24.6545800345615,0 79.6577916014345,24.6545823764519,0 79.6577916439291,24.6545847194835,0 79.6577918193935,24.6545870573438,0 79.6577921273552,24.6545893837344,0 79.6577925669844,24.6545916923879,0 79.6577931370967,24.6545939770844,0 79.6577938361563,24.6545962316689,0 79.6577946622798,24.6545984500671,0 79.6577956132415,24.6546006263027,0 79.6577966864795,24.6546027545125,0 79.6577978791024,24.6546048289629,0 79.6577991878971,24.6546068440653,0 79.6578006093376,24.6546087943907,0 79.6578021395945,24.6546106746847,0 79.657803774545,24.6546124798817,0 79.6578055097845,24.6546142051183,0 79.6578073406381,24.6546158457465,0 79.6578092621732,24.6546173973463,0 79.6578112692132,24.6546188557376,0 79.6578133563507,24.6546202169913,0 79.6578155179629,24.6546214774401,0 79.6578177482262,24.6546226336882,0 79.6578200411321,24.6546236826205,0 79.6578223905032,24.6546246214112,0 79.6578247900101,24.654625447531,0 79.6578272331882,24.6546261587542,0 79.6578297134555,24.6546267531648,0 79.6578322241299,24.6546272291615,0 79.6578347584473,24.6546275854617,0 79.6578373095801,24.6546278211056,0 79.6578398706552,24.6546279354583,0 79.6578424347729,24.6546279282118,0 79.6578449950252,24.6546277993856,0 79.6578475445144,24.6546275493267,0 79.6578500763722,24.6546271787089,0 79.6578525837773,24.6546266885306,0 79.6578550599746,24.6546260801124,0 79.6578574982929,24.6546253550934,0 79.6578598921632,24.654624515427,0 79.6578622351363,24.6546235633752,0 79.6578638467484,24.6546228146861,0 79.6578641223873,24.6546236820319,0 79.657864532302,24.6546247646576,0 79.6578641857621,24.6546251410248,0 79.6578626343577,24.6546270159925,0 79.6578611918416,24.6546289622157,0 79.6578598621247,24.6546309744183,0 79.6578586488116,24.6546330471453,0 79.6578575551916,24.6546351747774,0 79.6578565842296,24.6546373515468,0 79.6578557385579,24.6546395715522,0 79.6578550204689,24.6546418287752,0 79.6578544319096,24.6546441170966,0 79.6578539744753,24.6546464303127,0 79.6578536494064,24.6546487621524,0 79.6578534575839,24.6546511062942,0 79.657853399528,24.6546534563831,0 79.6578534753961,24.6546558060481,0 79.6578535072859,24.6546561625311,0 79.6578527108075,24.6546563021315,0 79.6578501652278,24.6546568777908,0 79.6578476566596,24.6546575760884,0 79.6578451921718,24.6546583950566,0 79.6578427787087,24.6546593323877,0 79.6578404230712,24.6546603854406,0 79.657838131897,24.6546615512477,0 79.6578359116423,24.6546628265242,0 79.6578337685633,24.6546642076765,0 79.657831708699,24.6546656908127,0 79.6578297378536,24.6546672717535,0 79.6578278615807,24.6546689460443,0 79.6578260851673,24.6546707089671,0 79.6578244136191,24.6546725555543,0 79.6578228516461,24.6546744806024,0 79.6578214036498,24.6546764786872,0 79.6578200737104,24.6546785441782,0 79.6578188655755,24.6546806712553,0 79.6578177826493,24.6546828539247,0 79.6578033826404,24.6547140539201,0 79.6578024462953,24.6547162396745,0 79.657801635522,24.6547184669505,0 79.6578009525122,24.6547207297271,0 79.6578003991121,24.654723021888,0 79.6577999768177,24.6547253372368,0 79.6577996867705,24.6547276695149,0 79.6577995297546,24.6547300124178,0 79.6577995061945,24.6547323596122,0 79.6577996161537,24.6547347047533,0 79.6577998593351,24.6547370415017,0 79.6578002350814,24.6547393635409,0 79.6578007423768,24.654741664594,0 79.6578013798501,24.6547439384409,0 79.657802145778,24.654746178935,0 79.6578030380901,24.65474838002,0 79.6578040543745,24.6547505357458,0 79.6578051918838,24.6547526402853,0 79.6578064475433,24.6547546879496,0 79.6578078179587,24.6547566732033,0 79.6578092994255,24.6547585906802,0 79.6578108879391,24.6547604351969,0 79.6578125792056,24.6547622017675,0 79.657814368653,24.6547638856165,0 79.6578162514444,24.6547654821922,0 79.6578182224901,24.654766987179,0 79.6578202764621,24.6547683965085,0 79.6578224078083,24.654769706371,0 79.6578246107671,24.6547709132259,0 79.6578268793838,24.6547720138108,0 79.6578292075258,24.6547730051506,0 79.6578315888997,24.6547738845655,0 79.6578340170684,24.6547746496784,0 79.6578364854682,24.6547752984211,0 79.6578389874264,24.6547758290399,0 79.6578415161799,24.6547762401004,0 79.6578440648932,24.6547765304915,0 79.6578466266765,24.6547766994281,0 79.657849194605,24.6547767464537,0 79.6578517617371,24.6547766714411,0 79.6578543211335,24.6547764745931,0 79.6578568658757,24.6547761564418,0 79.6578593890848,24.6547757178473,0 79.6578618839403,24.654775159995,0 79.6578643436979,24.654774484393,0 79.6578667617088,24.6547736928675,0 79.6578691314365,24.6547727875582,0 79.6578765037345,24.6547697630257,0 79.6579161854274,24.6547612534074,0 79.657918584838,24.6547606804268,0 79.6579209497607,24.6547599981214,0 79.6579232742357,24.6547592082106,0 79.6579255524051,24.6547583126851,0 79.6579277785274,24.6547573138019,0 79.6579299469925,24.6547562140781,0 79.6579320523356,24.6547550162854,0 79.6579340892508,24.6547537234422,0 79.657936052605,24.6547523388068,0 79.6579450509068,24.6547456568994,0 79.6579470028295,24.6547454529672,0 79.6579535835959,24.6547530416002,0 79.6579552003404,24.6547548111921,0 79.6579569138182,24.6547565030546,0 79.6579587195615,24.6547581127764,0 79.6579606128622,24.6547596361603,0 79.6579625887836,24.6547610692342,0 79.6579646421738,24.6547624082617,0 79.6579667676788,24.6547636497512,0 79.657968599279,24.6547646028804,0 79.6579681968842,24.6547646845257,0 79.6579453011554,24.6547691447329,0 79.6579427913104,24.65476969669,0 79.657940316442,24.6547703677142,0 79.6579378833082,24.6547711559732,0 79.6579354985532,24.6547720593145,0 79.657933168689,24.6547730752713,0 79.6579309000777,24.6547742010693,0 79.6579299999641,24.6547747050976,0 79.6579299763941,24.6547747011371,0 79.6579274484693,24.6547743985943,0 79.6579249068319,24.6547742156441,0 79.6579223582513,24.654774152774,0 79.6579198095156,24.6547742101512,0 79.6579172674131,24.654774387623,0 79.6579147387147,24.6547746847167,0 79.6579122301554,24.654775100641,0 79.6578888306583,24.6547795531773,0 79.6578772438296,24.6547811699442,0 79.6578746639419,24.6547815942238,0 79.6578721123118,24.6547821429699,0 79.6578695961238,24.6547828146375,0 79.6578671224625,24.6547836073355,0 79.6578646982929,24.654784518832,0 79.6578623304404,24.6547855465604,0 79.6578600255719,24.6547866876272,0 79.6578577901772,24.6547879388195,0 79.6578556305503,24.6547892966144,0 79.6578535527718,24.6547907571889,0 79.6578515626919,24.6547923164306,0 79.657849665914,24.6547939699493,0 79.6578478677786,24.6547957130892,0 79.6578461733487,24.6547975409424,0 79.6578445873951,24.6547994483624,0 79.6578351160279,24.6548114898463,0 79.6578279121407,24.654813195256,0 79.6578254069802,24.6548138532333,0 79.6578229432818,24.6548146310527,0 79.6578205279045,24.6548155265487,0 79.6578181675725,24.6548165372282,0 79.6578158688572,24.6548176602776,0 79.6578136381579,24.6548188925702,0 79.6578114816852,24.6548202306753,0 79.6578094054424,24.6548216708677,0 79.65780741521,24.654823209138,0 79.6578055165287,24.6548248412034,0 79.6578037146844,24.6548265625205,0 79.6578020146934,24.654828368297,0 79.6578004212885,24.6548302535057,0 79.6577989389059,24.6548322128982,0 79.6577975716723,24.6548342410195,0 79.6577963233942,24.6548363322233,0 79.6577951975468,24.6548384806878,0 79.6577941972644,24.6548406804316,0 79.6577933253319,24.6548429253307,0 79.6577925841767,24.6548452091352,0 79.6577919758622,24.6548475254871,0 79.657791502082,24.6548498679375,0 79.657791164155,24.6548522299653,0 79.657790963022,24.6548546049945,0 79.657790899243,24.6548569864129,0 79.6577909729957,24.6548593675908,0 79.6577911840745,24.654861741899,0 79.657791531892,24.6548641027273,0 79.6577920154798,24.6548664435033,0 79.6577926334916,24.6548687577103,0 79.6577933842069,24.6548710389054,0 79.6577942655356,24.6548732807378,0 79.6577952750243,24.6548754769664,0 79.6577964098624,24.6548776214767,0 79.6577976668906,24.6548797082985,0 79.6577990426093,24.6548817316221,0 79.6578005331886,24.6548836858144,0 79.6578021344786,24.6548855654352,0 79.6578038420214,24.6548873652515,0 79.6578056510632,24.6548890802525,0 79.6578075565676,24.6548907056639,0 79.657807776866,24.6548908746169,0 79.6578076670937,24.6548912491414,0 79.6578071349089,24.6548935305148,0 79.6578067323694,24.6548958339639,0 79.6578064605499,24.6548981533394,0 79.657806320176,24.6549004824497,0 79.6578063116225,24.6549028150773,0 79.6578064349122,24.6549051449952,0 79.657806689716,24.6549074659835,0 79.6578070753536,24.6549097718464,0 79.6578075907957,24.6549120564284,0 79.6578082346663,24.6549143136306,0 79.6578090052465,24.6549165374275,0 79.6578099004793,24.6549187218825,0 79.6578109179748,24.6549208611643,0 79.6578120550168,24.654922949562,0 79.65781330857,24.6549249815005,0 79.6578146752879,24.6549269515555,0 79.6578161515222,24.654928854468,0 79.657817733332,24.6549306851581,0 79.6578194164945,24.6549324387388,0 79.6578211965167,24.6549341105287,0 79.6578368135002,24.6549480391938,0 79.6578379188299,24.654949410622,0 79.6578418254347,24.6549736727511,0 79.6578422885248,24.6549760904908,0 79.6578427707117,24.6549779925448,0 79.6578247243675,24.6550013859411,0 79.6578232149705,24.6550034619767,0 79.6578218332409,24.6550056109764,0 79.6578205833902,24.6550078263902,0 79.6578194692281,24.6550101014651,0 79.6578184941506,24.6550124292668,0 79.6578176611298,24.6550148027,0 79.6578169727048,24.6550172145303,0 79.6578164309739,24.6550196574065,0 79.6578132309677,24.6550364574052,0 79.6578128536775,24.6550388003426,0 79.6578126113365,24.6550411581371,0 79.6578125046117,24.6550435243012,0 79.6578125337967,24.6550458923244,0 79.6578126988112,24.6550482556913,0 79.6578129992011,24.6550506078991,0 79.65781343414,24.6550529424758,0 79.6578140024311,24.6550552529979,0 79.6578147025109,24.6550575331081,0 79.657815532453,24.6550597765327,0 79.657816489974,24.6550619770989,0 79.6578175724392,24.6550641287521,0 79.6578187768703,24.655066225572,0 79.6578200999533,24.6550682617892,0 79.6578215380479,24.6550702318013,0 79.657823087197,24.6550721301876,0 79.6578247431385,24.655073951725,0 79.6578265013158,24.6550756914015,0 79.6578283568916,24.6550773444305,0 79.6578303047602,24.6550789062636,0 79.6578323395621,24.6550803726035,0 79.6578344556987,24.6550817394157,0 79.6578366473475,24.6550830029395,0 79.6578389084781,24.6550841596981,0 79.6578412328692,24.655085206509,0 79.6578436141254,24.6550861404917,0 79.6578460456945,24.6550869590766,0 79.6578485208863,24.6550876600112,0 79.6578510328904,24.655088241367,0 79.6578535747949,24.6550887015444,0 79.6578561396061,24.6550890392772,0 79.6578587202667,24.6550892536361,0 79.6578613096763,24.6550893440314,0 79.6578639007102,24.6550893102144,0 79.6578664862392,24.655089152278,0 79.6578690591493,24.6550888706569,0 79.6578716123612,24.6550884661258,0 79.6578741388499,24.655087939798,0 79.6578760346402,24.6550874479991,0 79.6578767429793,24.6550887800898,0 79.6578779814908,24.6550908311902,0 79.6578793347545,24.6550928208166,0 79.6578807991267,24.655094743612,0 79.6578823706644,24.6550965943991,0 79.6578840451364,24.6550983681945,0 79.6578858180339,24.6551000602223,0 79.6578876845834,24.6551016659266,0 79.6578896397591,24.6551031809839,0 79.6578916782966,24.655104601315,0 79.6578937947071,24.6551059230954,0 79.6578959832921,24.6551071427663,0 79.6578982381586,24.6551082570436,0 79.6579005532354,24.6551092629272,0 79.657902922289,24.6551101577085,0 79.6579053389406,24.6551109389783,0 79.6579077966834,24.6551116046332,0 79.6579102888996,24.6551121528806,0 79.657912808879,24.6551125822446,0 79.6579153498363,24.6551128915689,0 79.6579179049299,24.6551130800208,0 79.6579204672801,24.6551131470927,0 79.6579230299876,24.6551130926042,0 79.6579255861523,24.6551129167019,0 79.6579281288916,24.6551126198594,0 79.657930651359,24.6551122028761,0 79.6579331467627,24.6551116668745,0 79.6579356083836,24.6551110132981,0 79.6579380295938,24.6551102439065,0 79.6579404038741,24.6551093607713,0 79.6579427248315,24.6551083662706,0 79.6579449862168,24.6551072630818,0 79.6579471819412,24.6551060541756,0 79.6579493060925,24.6551047428068,0 79.6579513529513,24.6551033325065,0 79.6579795529548,24.655082832501,0 79.6579816205568,24.6550812431844,0 79.6579835899935,24.6550795529432,0 79.6579854553747,24.6550777668329,0 79.6579872111209,24.6550758901955,0 79.6579888519808,24.6550739286442,0 79.6579903730466,24.6550718880457,0 79.6579962730452,24.655063488044,0 79.6579977208331,24.6550612920234,0 79.6579990298843,24.6550590244364,0 79.6580001959775,24.6550566925957,0 79.658001215352,24.6550543040213,0 79.6580020847206,24.6550518664158,0 79.6580031533094,24.6550485537869,0 79.6580037972805,24.6550492141827,0 79.6580056280825,24.6550509035318,0 79.6580075536639,24.6550525024516,0 79.6580095686839,24.6550540065073,0 79.6580116675538,24.6550554115274,0 79.6580138444519,24.6550567136147,0 79.6580160933405,24.6550579091579,0 79.6580184079821,24.6550589948409,0 79.6580201076554,24.655059691336,0 79.6580211195013,24.6550614993414,0 79.6580224107797,24.6550635370267,0 79.6580238165547,24.6550655104114,0 79.6580253330022,24.6550674141274,0 79.658026955997,24.6550692429959,0 79.6580286811238,24.6550709920417,0 79.6580305036899,24.655072656507,0 79.6580324187373,24.6550742318637,0 79.6580344210563,24.6550757138264,0 79.6580365052001,24.6550770983637,0 79.658038665499,24.6550783817091,0 79.6580408960763,24.6550795603716,0 79.6580431908642,24.6550806311447,0 79.65804554362,24.6550815911157,0 79.6580479479435,24.655082437673,0 79.658050397294,24.6550831685138,0 79.6580507453899,24.6550832543075,0 79.6580436088523,24.6551416276754,0 79.6580434073866,24.6551411499224,0 79.6580423330831,24.6551389576179,0 79.6580411327115,24.6551368206358,0 79.6580398096698,24.6551347450255,0 79.6580383677035,24.6551327366629,0 79.6580368108946,24.6551308012334,0 79.6580351436503,24.6551289442161,0 79.6580333706903,24.655127170868,0 79.6580314970336,24.6551254862091,0 79.6580295279846,24.6551238950086,0 79.6580274691171,24.655122401771,0 79.6580253262598,24.6551210107234,0 79.6580231054788,24.6551197258038,0 79.6580208130608,24.6551185506496,0 79.6580184554955,24.6551174885876,0 79.6580160394568,24.6551165426243,0 79.6580135717842,24.6551157154376,0 79.6580110594636,24.6551150093692,0 79.6580085096069,24.655114426418,0 79.6580059294326,24.6551139682341,0 79.6580033262448,24.6551136361147,0 79.6580007074128,24.6551134309999,0 79.6579543074293,24.6551109310015,0 79.6579517772367,24.6551108540604,0 79.6579492460535,24.6551108956787,0 79.6579467205269,24.6551110557469,0 79.6579442072891,24.6551113338449,0 79.6579417129404,24.6551117292421,0 79.6579392440312,24.6551122409003,0 79.6579368070452,24.6551128674758,0 79.6579344083822,24.6551136073231,0 79.6579320543414,24.6551144584993,0 79.6579297511049,24.655115418769,0 79.6579275047213,24.6551164856106,0 79.6579253210899,24.6551176562222,0 79.6579232059452,24.6551189275298,0 79.6579211648418,24.6551202961946,0 79.65791920314,24.6551217586225,0 79.6579173259914,24.6551233109729,0 79.6579155383257,24.655124949169,0 79.6579138448376,24.6551266689088,0 79.6579122499743,24.6551284656761,0 79.6579107579242,24.6551303347522,0 79.6578855122191,24.6551637242265,0 79.6578633896662,24.6551633600676,0 79.6578607278577,24.6551633818039,0 79.6578580711946,24.6551635345395,0 79.6578554273904,24.6551638178308,0 79.6578528041213,24.6551642308555,0 79.6578282041298,24.6551687308543,0 79.6578256173453,24.6551692704571,0 79.6578230659929,24.6551699362081,0 79.6578205574328,24.6551707261869,0 79.6578180989014,24.6551716381146,0 79.6578156974909,24.6551726693604,0 79.6578133601288,24.6551738169496,0 79.6578068601303,24.6551772169486,0 79.6578046144734,24.6551784652299,0 79.657802444643,24.6551798209,0 79.6578003567817,24.6551812801211,0 79.6577983567999,24.6551828387623,0 79.6577964503594,24.6551844924113,0 79.6577946428571,24.6551862363869,0 79.6577929394097,24.655188065752,0 79.6577913448396,24.6551899753279,0 79.6577898636607,24.655191959709,0 79.6577885000662,24.6551940132775,0 79.6577872579161,24.6551961302202,0 79.657786140727,24.6551983045442,0 79.6577851516613,24.6552005300943,0 79.6577842935191,24.6552028005702,0 79.6577835687296,24.6552051095444,0 79.6577829793447,24.6552074504806,0 79.6577825270328,24.6552098167518,0 79.6577822130743,24.6552122016594,0 79.6577820383581,24.6552145984521,0 79.6577820033788,24.6552170003447,0 79.6577821082355,24.6552194005379,0 79.6577823526311,24.6552217922369,0 79.657782735874,24.6552241686712,0 79.6577832568792,24.6552265231133,0 79.6577839141719,24.6552288488981,0 79.657795214159,24.655264848901,0 79.6577959861598,24.6552670871665,0 79.6577968843856,24.655269285746,0 79.6577979064094,24.6552714386987,0 79.6577990494695,24.6552735402071,0 79.6578003104773,24.6552755845928,0 79.6578016860255,24.6552775663317,0 79.6578031723971,24.6552794800689,0 79.657804765576,24.6552813206333,0 79.6578064612571,24.6552830830516,0 79.6578082548586,24.6552847625615,0 79.657810141534,24.6552863546249,0 79.6578121161854,24.6552878549398,0 79.6578141734771,24.6552892594523,0 79.6578163078501,24.6552905643672,0 79.6578185135371,24.6552917661586,0 79.6578207845781,24.6552928615791,0 79.6578231148366,24.6552938476687,0 79.657825498016,24.655294721763,0 79.6578279276768,24.6552954815001,0 79.6578303972538,24.6552961248271,0 79.6578329000739,24.6552966500056,0 79.6578354293744,24.6552970556166,0 79.6578379783207,24.6552973405641,0 79.6578405400254,24.6552975040781,0 79.6578431075667,24.6552975457169,0 79.6578456740066,24.6552974653678,0 79.6578482324105,24.6552972632481,0 79.6578507758653,24.6552969399037,0 79.6578532974984,24.6552964962086,0 79.6578557904961,24.6552959333614,0 79.657858248122,24.6552952528832,0 79.6578606637355,24.6552944566127,0 79.6578847124504,24.6552858774413,0 79.6578855881652,24.655287444536,0 79.6578847849925,24.6552876083951,0 79.6578823066738,24.6552882394248,0 79.6578798676628,24.6552889875114,0 79.6578774745744,24.6552898506259,0 79.6578751338989,24.6552908264274,0 79.6578728519845,24.6552919122695,0 79.65787063502,24.6552931052072,0 79.6578684890182,24.6552944020051,0 79.6578508143094,24.6553056978731,0 79.6578498413013,24.6553056592941,0 79.6578472405697,24.6553056813893,0 79.6578446447149,24.6553058285428,0 79.657842060932,24.6553061003465,0 79.6578394963824,24.6553064960473,0 79.6578369581747,24.6553070145482,0 79.6578344533441,24.6553076544121,0 79.6578319888334,24.6553084138655,0 79.6578295714736,24.6553092908033,0 79.657827207965,24.6553102827948,0 79.6578249048589,24.6553113870906,0 79.6578226685389,24.6553126006297,0 79.6578205052033,24.6553139200486,0 79.6578184208487,24.65531534169,0 79.6578164212523,24.6553168616136,0 79.6578145119565,24.6553184756065,0 79.6578126982534,24.655320179195,0 79.6578109851702,24.6553219676572,0 79.6578093774552,24.6553238360359,0 79.6578078795646,24.6553257791525,0 79.6578064956501,24.655327791621,0 79.6578052295477,24.6553298678633,0 79.6578040847667,24.6553320021247,0 79.6578030644803,24.6553341884893,0 79.6578021715163,24.6553364208973,0 79.6578007866455,24.6553401877428,0 79.6577996001191,24.6553406863183,0 79.6577973198627,24.6553417794305,0 79.6577951050269,24.6553429796402,0 79.6577929616292,24.6553442836869,0 79.6577908954926,24.6553456880276,0 79.6577889122305,24.655347188847,0 79.6577870172309,24.6553487820678,0 79.6577852156423,24.6553504633614,0 79.657783512359,24.6553522281602,0 79.6577819120087,24.6553540716695,0 79.6577804189391,24.655355988881,0 79.6577790372066,24.655357974586,0 79.657777770565,24.6553600233896,0 79.6577766224557,24.6553621297258,0 79.6577755959978,24.655364287872,0 79.6577746939799,24.655366491965,0 79.6577739188526,24.6553687360168,0 79.6577732727219,24.6553710139306,0 79.6577727573432,24.655373319518,0 79.6577723741166,24.655375646515,0 79.6577721240832,24.6553779885997,0 79.6577720079225,24.6553803394092,0 79.6577720259499,24.6553826925567,0 79.6577721781165,24.6553850416493,0 79.6577724640089,24.655387380305,0 79.6577728828505,24.65538970217,0 79.6577734335032,24.6553920009364,0 79.6577741144711,24.6553942703589,0 79.6577749239042,24.6553965042719,0 79.6577758596034,24.6553986966063,0 79.6577769190265,24.655400841406,0 79.6577780992955,24.6554029328441,0 79.6577793972037,24.6554049652385,0 79.6577808092249,24.6554069330676,0 79.6577823315231,24.6554088309852,0 79.6577839599623,24.6554106538351,0 79.6577848007691,24.6554115008008,0 79.6577839441684,24.655411398186,0 79.6577813817779,24.6554112144454,0 79.6577788123985,24.6554111527499,0 79.6577762429857,24.6554112132667,0 79.6577736804945,24.655411395832,0 79.6577711318618,24.6554116999514,0 79.6577686039864,24.6554121248018,0 79.6577661037113,24.6554126692331,0 79.6577636378046,24.6554133317716,0 79.6577612129416,24.6554141106238,0 79.6577588356861,24.6554150036813,0 79.6577565124734,24.6554160085267,0 79.6577542495923,24.6554171224399,0 79.6577520531684,24.6554183424056,0 79.6577499291473,24.6554196651214,0 79.6577478832787,24.6554210870066,0 79.6577459211007,24.6554226042124,0 79.6577440479248,24.6554242126317,0 79.6577422688217,24.6554259079105,0 79.6577405886073,24.6554276854598,0 79.65773901183,24.6554295404678,0 79.657737542758,24.655431467913,0 79.657736185368,24.655433462578,0 79.6577349433346,24.6554355190632,0 79.6577151433263,24.6554704190571,0 79.6577139681683,24.6554726364751,0 79.6577129271232,24.6554749091785,0 79.6577120232914,24.6554772303989,0 79.6577112593646,24.6554795932234,0 79.657710637618,24.6554819906149,0 79.6577101599032,24.6554844154337,0 79.657709827643,24.6554868604582,0 79.657709641827,24.6554893184066,0 79.6577079253659,24.6555269241883,0 79.6576908189628,24.6555553343639,0 79.6576896389325,24.6555574208732,0 79.6576885792342,24.6555595606434,0 79.6576876427361,24.6555617478832,0 79.6576868319728,24.6555639766728,0 79.6576861491384,24.6555662409803,0 79.6576855960812,24.6555685346773,0 79.6576851742979,24.655570851556,0 79.6576848849301,24.655573185346,0 79.657684728761,24.6555755297308,0 79.6576847062131,24.6555778783654,0 79.6576848173476,24.6555802248935,0 79.6576850618637,24.6555825629643,0 79.6576854390997,24.6555848862497,0 79.6576859480345,24.655587188462,0 79.6576865872907,24.6555894633702,0 79.6576892632461,24.6555980523352,0 79.6576773133517,24.6556162934882,0 79.6576768035763,24.6556164782516,0 79.6576744748278,24.655617452797,0 79.6576722044785,24.655618536337,0 79.6576699986313,24.6556197259588,0 79.6576678632157,24.6556210184647,0 79.6576658039719,24.6556224103803,0 79.6576638264353,24.655623897964,0 79.6576619359218,24.6556254772171,0 79.6576601375131,24.6556271438944,0 79.6576584360436,24.6556288935156,0 79.657656836087,24.6556307213778,0 79.6576553419441,24.6556326225674,0 79.6576539576313,24.6556345919738,0 79.6576526868697,24.6556366243031,0 79.6576515330754,24.6556387140922,0 79.6576504993497,24.6556408557236,0 79.6576495884715,24.6556430434404,0 79.6576488028893,24.6556452713619,0 79.6576481447149,24.655647533499,0 79.6576476157173,24.6556498237711,0 79.6576472173187,24.6556521360217,0 79.65764695059,24.6556544640352,0 79.6576468162481,24.6556568015537,0 79.6576468146544,24.6556591422937,0 79.6576469458128,24.6556614799632,0 79.657647209371,24.6556638082783,0 79.6576476046206,24.6556661209801,0 79.6576481304989,24.6556684118521,0 79.6576599304821,24.6557139118551,0 79.6576605871047,24.6557161795143,0 79.6576613717198,24.6557184129447,0 79.6576622822092,24.6557206061173,0 79.6576633161151,24.6557227531114,0 79.6576644706463,24.6557248481313,0 79.6576657426862,24.6557268855214,0 79.657667128801,24.6557288597816,0 79.6576686252487,24.6557307655824,0 79.6576702279897,24.6557325977791,0 79.6576719326973,24.6557343514255,0 79.6576737347696,24.6557360217877,0 79.6576756293418,24.6557376043564,0 79.6576776112996,24.6557390948595,0 79.6576796752926,24.6557404892733,0 79.657681815749,24.6557417838336,0 79.6576840268905,24.6557429750456,0 79.6576863027481,24.6557440596937,0 79.657688637178,24.6557450348497,0 79.6576910238785,24.6557458978813,0 79.6576934564065,24.6557466464586,0 79.6576959281954,24.6557472785609,0 79.6576984325725,24.6557477924818,0 79.6577009627772,24.6557481868339,0 79.657703511979,24.6557484605526,0 79.6577060732964,24.6557486128991,0 79.6577086398149,24.6557486434621,0 79.6577112046063,24.655748552159,0 79.6577137607468,24.6557483392364,0 79.6577163013359,24.6557480052691,0 79.6577188195154,24.6557475511585,0 79.6577213084872,24.6557469781307,0 79.6577237615324,24.6557462877324,0 79.6577261720289,24.6557454818274,0 79.6577285334695,24.6557445625914,0 79.6577308394794,24.6557435325058,0 79.6577330838334,24.6557423943513,0 79.6577352604729,24.6557411512004,0 79.6577373635219,24.6557398064091,0 79.6577393873033,24.6557383636077,0 79.6577413263537,24.655736826691,0 79.6577431754387,24.655735199808,0 79.657751305704,24.6557276649419,0 79.6577647363414,24.6557428601898,0 79.6577063023136,24.6558157516249,0 79.6577062659249,24.6558157369498,0 79.6577038717978,24.6558149040811,0 79.6577014336473,24.6558141857517,0 79.6576989580296,24.6558135838933,0 79.6576964516016,24.6558131001243,0 79.6576939211029,24.6558127357454,0 79.6576913733381,24.6558124917365,0 79.657688815158,24.6558123687537,0 79.6576862534415,24.6558123671277,0 79.6576836950769,24.6558124868629,0 79.6576811469437,24.6558127276373,0 79.6576786158937,24.6558130888034,0 79.6576761087328,24.6558135693902,0 79.6576736322027,24.6558141681054,0 79.6576711929628,24.6558148833389,0 79.657668797572,24.6558157131676,0 79.6576664524716,24.65581665536,0 79.6576641639675,24.6558177073827,0 79.6576619382133,24.6558188664067,0 79.6576597811941,24.6558201293156,0 79.6576576987101,24.6558214927133,0 79.6576556963609,24.6558229529337,0 79.6576537795309,24.6558245060503,0 79.6576519533744,24.6558261478869,0 79.6576502228019,24.6558278740286,0 79.6576485924668,24.6558296798337,0 79.657647066753,24.6558315604467,0 79.6576456497632,24.6558335108105,0 79.6576443453077,24.6558355256806,0 79.657643156894,24.6558375996392,0 79.6576420877178,24.6558397271093,0 79.6576411406542,24.6558419023704,0 79.6576403182496,24.6558441195731,0 79.6576396227157,24.6558463727555,0 79.6576390559225,24.6558486558589,0 79.6576386193943,24.6558509627439,0 79.6576383143049,24.6558532872074,0 79.6576381414747,24.6558556229991,0 79.6576381140815,24.6558572218233,0 79.6575553546409,24.6559124445156,0 79.6574972241991,24.6559362710133,0 79.6574698610141,24.6559337507203,0 79.6574620553548,24.6559288028711,0 79.6574599099116,24.6559275170173,0 79.6574576943129,24.6559263346922,0 79.6574554145349,24.6559252590849,0 79.6574530767268,24.6559242930966,0 79.6574506871941,24.6559234393328,0 79.6574482523822,24.6559227000963,0 79.6574457788582,24.655922077381,0 79.6574432732938,24.6559215728666,0 79.6574407424474,24.6559211879138,0 79.6574381931451,24.6559209235609,0 79.6574356322631,24.655920780521,0 79.6574330667088,24.6559207591799,0 79.6574305034021,24.6559208595952,0 79.6574279492568,24.655921081496,0 79.6574254111623,24.6559214242838,0 79.6574228959642,24.655921887034,0 79.6574204104469,24.6559224684984,0 79.6574179613144,24.6559231671087,0 79.6574155551725,24.6559239809806,0 79.6574131985113,24.6559249079188,0 79.6574108976873,24.6559259454232,0 79.6574086589064,24.6559270906953,0 79.6574064882071,24.655928340646,0 79.6574043914444,24.655929691904,0 79.6573590385038,24.6559605616967,0 79.6573585351649,24.6559607365389,0 79.6573561496951,24.6559616997206,0 79.6573538231678,24.6559627766062,0 79.6573515620667,24.6559639641947,0 79.6573493726931,24.6559652591764,0 79.6573472611485,24.6559666579424,0 79.6573452333174,24.6559681565946,0 79.6573432948511,24.6559697509565,0 79.6573414511517,24.6559714365848,0 79.6573165511516,24.6559954365789,0 79.6573150379285,24.655996963413,0 79.6573136024932,24.6559985517422,0 79.6573122478341,24.6560001982596,0 79.6573069064389,24.6560070085379,0 79.6573064897859,24.6560071974559,0 79.6573042303984,24.6560083607348,0 79.6573020409202,24.6560096307647,0 79.6572999273845,24.6560110040459,0 79.6572978956155,24.6560124767942,0 79.6572959512119,24.6560140449512,0 79.6572940995319,24.6560157041957,0 79.657292345678,24.6560174499554,0 79.6572923199462,24.6560174784341,0 79.6572559631652,24.6560167632163,0 79.6572522781062,24.6560168163899,0 79.6572172781188,24.6560185163898,0 79.6572146082983,24.656018712517,0 79.6572119540331,24.6560190405944,0 79.6572093231257,24.6560194996573,0 79.6572067233097,24.6560200883566,0 79.6572041622276,24.6560208049615,0 79.6572016474078,24.6560216473656,0 79.6571991862428,24.6560226130926,0 79.6571967859674,24.6560236993037,0 79.6571944536374,24.6560249028058,0 79.6571921961088,24.6560262200613,0 79.6571900200178,24.6560276471978,0 79.6571730200202,24.6560394471946,0 79.6571709742827,24.6560409470722,0 79.6571690185288,24.6560425440565,0 79.6571671582709,24.6560442336464,0 79.6571653987522,24.6560460110796,0 79.6571637449319,24.6560478713465,0 79.6571622014713,24.6560498092038,0 79.6571607727209,24.6560518191896,0 79.6571594627075,24.6560538956387,0 79.6571582751235,24.6560560326985,0 79.6571572133161,24.6560582243458,0 79.6571562802781,24.6560604644032,0 79.6571554786393,24.6560627465571,0 79.6571548106591,24.6560650643751,0 79.6571542782203,24.6560674113245,0 79.6571538828236,24.6560697807903,0 79.6571536255834,24.656072166094,0 79.6571535072247,24.6560745605125,0 79.6571535280812,24.6560769572973,0 79.6571536880941,24.6560793496927,0 79.6571539868124,24.6560817309559,0 79.6571544233942,24.656084094375,0 79.6571549966089,24.6560864332888,0 79.6571557048409,24.6560887411049,0 79.6571579048386,24.6560952411055,0 79.6571587416838,24.6560975003836,0 79.6571597079245,24.6560997161178,0 79.6571608008636,24.6561018821238,0 79.6571620174505,24.6561039923556,0 79.6571633542895,24.6561060409232,0 79.6571648076493,24.6561080221087,0 79.6571663734731,24.6561099303821,0 79.6571680473906,24.6561117604171,0 79.6571698247293,24.6561135071057,0 79.6571717005285,24.6561151655726,0 79.6571736695524,24.6561167311885,0 79.657175726305,24.6561181995835,0 79.6571778650456,24.6561195666592,0 79.6571800798045,24.6561208285996,0 79.6571823643998,24.6561219818825,0 79.6571847124548,24.6561230232887,0 79.6571871174156,24.6561239499116,0 79.6571895725695,24.6561247591647,0 79.6571920710635,24.6561254487893,0 79.657194605924,24.6561260168604,0 79.6571971700756,24.6561264617924,0 79.6571997563613,24.6561267823436,0 79.6572023575621,24.656126977619,0 79.6572049664176,24.6561270470737,0 79.657207575646,24.6561269905139,0 79.6572101779643,24.6561268080973,0 79.6572127661091,24.6561265003332,0 79.6572153328561,24.6561260680806,0 79.6572178710412,24.6561255125459,0 79.6572203735797,24.6561248352798,0 79.6572228334865,24.6561240381728,0 79.6572229932278,24.6561239775528,0 79.6572213300562,24.6561251743264,0 79.6572193783786,24.6561267371916,0 79.6572175191907,24.6561283915567,0 79.6572157576224,24.6561301328571,0 79.6572140985339,24.6561319562883,0 79.6572128100056,24.6561335341486,0 79.6571823715273,24.6561491040584,0 79.6571801986261,24.6561502832367,0 79.6571780945509,24.6561515624215,0 79.6571760648079,24.6561529382656,0 79.6571741147083,24.6561544071685,0 79.6571722493554,24.6561559652864,0 79.6571704736304,24.656157608542,0 79.65716879218,24.6561593326352,0 79.6571672094044,24.6561611330543,0 79.6571670811304,24.6561612953111,0 79.6571672036962,24.6561600372901,0 79.6571672983308,24.6561576989902,0 79.6571672602736,24.65615535935,0 79.6571670896268,24.6561530246541,0 79.6571667868489,24.6561507011739,0 79.6571663527531,24.6561483951505,0 79.6571657885056,24.6561461127784,0 79.6571650956219,24.6561438601884,0 79.6571642759633,24.6561416434312,0 79.6571633317316,24.6561394684615,0 79.657162265463,24.6561373411215,0 79.6571610800218,24.6561352671257,0 79.6571597785922,24.656133252045,0 79.6571583646702,24.6561313012924,0 79.6571568420536,24.6561294201078,0 79.6571552148326,24.6561276135444,0 79.6571534873781,24.656125886455,0 79.6571516643303,24.6561242434787,0 79.6571497505861,24.6561226890289,0 79.6571477512863,24.656121227281,0 79.6571456718013,24.6561198621616,0 79.6571192718051,24.6561034621665,0 79.6571170787059,24.6561021757403,0 79.6571148144291,24.6561009967935,0 79.6571124852755,24.6560999286068,0 79.6571100977263,24.6560989741527,0 79.6571076584253,24.6560981360872,0 79.6571051741605,24.6560974167422,0 79.6571026518446,24.6560968181196,0 79.6571000984967,24.656096341885,0 79.6570975212218,24.6560959893637,0 79.6570949271916,24.6560957615368,0 79.6570923236247,24.656095659038,0 79.6570897177659,24.6560956821527,0 79.6570871168665,24.6560958308166,0 79.657084528164,24.6560961046159,0 79.6570819588619,24.6560965027887,0 79.65707941611,24.6560970242271,0 79.6570769069837,24.6560976674801,0 79.6570744384653,24.6560984307576,0 79.657072017424,24.6560993119358,0 79.6570696505966,24.6561003085625,0 79.6570354243371,24.6561157334027,0 79.6569874908611,24.6561156528411,0 79.6569848727079,24.6561157118827,0 79.6569822616575,24.6561158976425,0 79.6569796650483,24.6561162095985,0 79.6569770901777,24.6561166468739,0 79.6569745442825,24.6561172082398,0 79.6569720345177,24.6561178921185,0 79.656969567937,24.656118696588,0 79.6569671514724,24.6561196193874,0 79.6569647919154,24.6561206579231,0 79.6569624958975,24.6561218092764,0 79.6569602698715,24.6561230702115,0 79.6569581200935,24.6561244371846,0 79.6569560526054,24.6561259063539,0 79.6569540732177,24.6561274735903,0 79.6569521874936,24.6561291344892,0 79.6569504007326,24.6561308843827,0 79.6569487179565,24.6561327183527,0 79.6569471438947,24.6561346312451,0 79.6569456829708,24.6561366176837,0 79.6569443392909,24.6561386720856,0 79.6569431166312,24.6561407886772,0 79.6569420184281,24.6561429615098,0 79.6569410477679,24.6561451844767,0 79.6569402073788,24.6561474513304,0 79.6569394996224,24.6561497557,0 79.6569389264881,24.6561520911091,0 79.656936880562,24.6561616018843,0 79.6569137888391,24.6561969803651,0 79.6569019587491,24.6562001609131,0 79.656833660021,24.6562182341153,0 79.6568311714743,24.656218958315,0 79.656828728284,24.6562198016919,0 79.6568263372783,24.6562207618889,0 79.6568240051398,24.6562218362225,0 79.6568217383865,24.6562230216898,0 79.6568195433534,24.6562243149779,0 79.6568174261756,24.6562257124721,0 79.6568153927701,24.6562272102666,0 79.6568134488201,24.6562288041753,0 79.6568115997585,24.6562304897436,0 79.6568098507532,24.6562322622604,0 79.6568082066926,24.6562341167719,0 79.6568066721713,24.6562360480949,0 79.6568052514783,24.6562380508318,0 79.6568039485842,24.6562401193852,0 79.6568027671303,24.6562422479737,0 79.6568017104186,24.6562444306482,0 79.6568007814026,24.6562466613086,0 79.6567999826786,24.6562489337205,0 79.656799316479,24.6562512415327,0 79.6567987846658,24.6562535782954,0 79.6567983887252,24.6562559374776,0 79.656798129764,24.6562583124857,0 79.6567980085057,24.6562606966819,0 79.6567979930717,24.6562614014896,0 79.6567939014652,24.656260708556,0 79.656791338807,24.6562603378831,0 79.6567887583883,24.6562600906795,0 79.6567861673269,24.6562599676271,0 79.6567835727697,24.6562599690652,0 79.6567809818736,24.6562600949899,0 79.6567784017849,24.6562603450539,0 79.6567758396206,24.6562607185673,0 79.6567733024478,24.6562612145,0 79.6567707972651,24.656261831484,0 79.6567683309826,24.6562625678173,0 79.656765910403,24.656263421469,0 79.6567635422032,24.6562643900844,0 79.6567612329156,24.6562654709917,0 79.6567589889098,24.6562666612095,0 79.6567568163757,24.6562679574546,0 79.6567547213058,24.6562693561516,0 79.656752709479,24.6562708534424,0 79.6567507864447,24.6562724451969,0 79.6567489575073,24.6562741270247,0 79.6567472277115,24.6562758942865,0 79.6567456018288,24.6562777421077,0 79.6567440843439,24.6562796653914,0 79.6567438705126,24.6562799519786,0 79.6567398881228,24.6562777364235,0 79.6567376788033,24.656276577563,0 79.6567354070558,24.6562755243209,0 79.6567330789208,24.6562745794977,0 79.6567307005884,24.6562737456055,0 79.6567282783824,24.6562730248617,0 79.6567258187433,24.6562724191825,0 79.6567233282111,24.6562719301785,0 79.6567208134078,24.6562715591498,0 79.6567182810201,24.656271307083,0 79.6567157377813,24.6562711746483,0 79.6567131904536,24.6562711621979,0 79.6567106458103,24.6562712697648,0 79.6567081106173,24.656271497063,0 79.6567055916153,24.6562718434882,0 79.6567030955023,24.6562723081193,0 79.6567006289151,24.6562728897208,0 79.6566981984122,24.6562735867464,0 79.656695810456,24.6562743973426,0 79.656693471396,24.6562753193542,0 79.6566911874513,24.6562763503297,0 79.656688964695,24.6562774875277,0 79.656686809037,24.6562787279246,0 79.6566847262091,24.6562800682223,0 79.6566827217493,24.6562815048571,0 79.6566808009873,24.6562830340089,0 79.6566789690302,24.6562846516121,0 79.6566604690305,24.6563018516078,0 79.6566586829195,24.6563036027476,0 79.6566570008874,24.6563054379477,0 79.6566554276634,24.6563073520484,0 79.6566539676708,24.6563093396679,0 79.6566526250146,24.6563113952175,0 79.6566514034699,24.656313512918,0 79.6566503064713,24.6563156868151,0 79.656649337103,24.6563179107966,0 79.6566484980907,24.6563201786093,0 79.6566477917934,24.656322483877,0 79.6566472201969,24.6563248201183,0 79.6566467849083,24.6563271807642,0 79.6566464871515,24.6563295591777,0 79.6566463277638,24.6563319486713,0 79.6566463071932,24.6563343425268,0 79.6566464254977,24.6563367340134,0 79.6566466823446,24.6563391164071,0 79.6566470770117,24.6563414830095,0 79.6566493770072,24.6563531830101,0 79.6566499081672,24.6563555263198,0 79.656650574446,24.6563578406167,0 79.6566513739718,24.6563601193985,0 79.6566523044981,24.6563623562628,0 79.6566531135973,24.6563640285865,0 79.6566318884477,24.6563668098116,0 79.6566295089644,24.6563671760122,0 79.6566271518861,24.6563676479602,0 79.6566248228362,24.6563682245296,0 79.6566225273714,24.656368904345,0 79.656620270968,24.6563696857843,0 79.6566180590095,24.6563705669833,0 79.6565966590153,24.6563796669806,0 79.6565943861382,24.6563806992015,0 79.6565921742702,24.6563818367407,0 79.6565900292495,24.6563830765956,0 79.6565879567379,24.6563844154936,0 79.6565859622057,24.6563858499007,0 79.6565840509176,24.6563873760308,0 79.6565822279183,24.6563889898557,0 79.6565804980198,24.6563906871156,0 79.656578865788,24.6563924633306,0 79.6565773355313,24.6563943138125,0 79.6565759112887,24.6563962336768,0 79.6565745968197,24.6563982178561,0 79.6565733955936,24.6564002611132,0 79.6565723107812,24.6564023580548,0 79.6565713452458,24.6564045031461,0 79.656570501536,24.6564066907251,0 79.6565621484467,24.6564302634041,0 79.6565368242769,24.6564392228576,0 79.6564966814478,24.6564515182638,0 79.656476061872,24.6564423244831,0 79.6564737387633,24.6564413557702,0 79.6564713639863,24.6564404980531,0 79.6564689438857,24.6564397536236,0 79.6564664849275,24.6564391244705,0 79.6564639936814,24.6564386122749,0 79.6564614768034,24.656438218405,0 79.6564589410179,24.6564379439133,0 79.6564563931,24.6564377895332,0 79.656453839857,24.6564377556771,0 79.6564152398709,24.6564381556775,0 79.6564128241767,24.6564382347597,0 79.6564104156072,24.6564384217373,0 79.656408019929,24.6564387161626,0 79.6564056428779,24.6564391173308,0 79.6563931428822,24.6564415173302,0 79.6563906385744,24.656442060775,0 79.6563881686381,24.6564427226861,0 79.6563857397785,24.6564435012665,0 79.6563833585892,24.6564443944027,0 79.6563810315342,24.6564453996701,0 79.6563787649309,24.6564465143397,0 79.6563765649322,24.6564477353857,0 79.6563744375104,24.6564490594931,0 79.6563723884408,24.6564504830676,0 79.6563704232859,24.6564520022446,0 79.6563685473806,24.6564536128999,0 79.6563667658172,24.6564553106613,0 79.6563650834322,24.6564570909198,0 79.6563635047926,24.6564589488427,0 79.656362034184,24.6564608793862,0 79.6563606755986,24.6564628773096,0 79.6563594327245,24.6564649371892,0 79.6563583089356,24.656467053433,0 79.6563573072828,24.6564692202962,0 79.6563564304852,24.6564714318965,0 79.656355680923,24.65647368223,0 79.656355060631,24.6564759651879,0 79.6563545712932,24.6564782745726,0 79.656354214238,24.656480604115,0 79.6563539904346,24.656482947491,0 79.6563539004905,24.6564852983393,0 79.6563539446501,24.6564876502779,0 79.6563541227933,24.6564899969222,0 79.6563544344367,24.6564923319018,0 79.6563584657752,24.6565171401998,0 79.6563552851843,24.6565142246585,0 79.6563532478305,24.6565124602938,0 79.6563511041191,24.6565108045203,0 79.6563488609701,24.6565092626828,0 79.6563244609732,24.6564934626875,0 79.6563223164292,24.6564921495476,0 79.6563200997563,24.6564909405757,0 79.6563178170072,24.6564898390728,0 79.6563154744147,24.6564888480467,0 79.6563130783753,24.6564879702032,0 79.6563106354312,24.6564872079392,0 79.6563081522526,24.6564865633361,0 79.6563056356199,24.6564860381539,0 79.6563030924046,24.6564856338266,0 79.6563005295508,24.6564853514582,0 79.6562979540562,24.6564851918197,0 79.6562953729531,24.6564851553469,0 79.6562927932891,24.6564852421396,0 79.6562902221078,24.6564854519606,0 79.6562876664297,24.6564857842371,0 79.656285133233,24.6564862380618,0 79.6562753332363,24.6564882380612,0 79.65627282138,24.6564888142491,0 79.6562703460157,24.6564895099433,0 79.656267913946,24.6564903232319,0 79.6562655318546,24.65649125188,0 79.656263206288,24.6564922933353,0 79.6562609436373,24.6564934447359,0 79.6562587501206,24.6564947029174,0 79.6562566317659,24.6564960644223,0 79.6562545943951,24.6564975255087,0 79.656252643607,24.6564990821615,0 79.6562507847628,24.6565007301026,0 79.656249022971,24.6565024648032,0 79.6562473630732,24.6565042814962,0 79.6562458096311,24.6565061751888,0 79.6562443669138,24.6565081406769,0 79.6562430388862,24.6565101725591,0 79.656241829198,24.6565122652513,0 79.6562407411736,24.6565144130024,0 79.656239777803,24.6565166099102,0 79.6562389417338,24.656518849937,0 79.6562382352636,24.656521126927,0 79.656237660334,24.6565234346225,0 79.656237218525,24.6565257666816,0 79.6562369110507,24.6565281166955,0 79.6562367387561,24.6565304782058,0 79.6562367021148,24.6565328447227,0 79.6562368012275,24.6565352097427,0 79.6562370358217,24.6565375667662,0 79.6562374052528,24.6565399093157,0 79.6562379085055,24.6565422309536,0 79.6562381114682,24.6565429634895,0 79.6562356108802,24.6565433665841,0 79.6562330180291,24.6565439176198,0 79.6562304614217,24.6565445954948,0 79.6562279484813,24.6565453982409,0 79.6562254865047,24.6565463235272,0 79.6562230826408,24.6565473686668,0 79.6562207438696,24.6565485306251,0 79.656218476982,24.6565498060281,0 79.6562162885604,24.6565511911725,0 79.6562105520901,24.6565550350791,0 79.6562094947588,24.6565545198924,0 79.6562071555941,24.6565535198931,0 79.6562047624445,24.6565526329708,0 79.6562023218495,24.656551861549,0 79.6561998404786,24.6565512077359,0 79.6561973251123,24.656550673318,0 79.6561947826243,24.6565502597558,0 79.6561922199623,24.6565499681794,0 79.656189644129,24.6565497993854,0 79.6561870621633,24.6565497538353,0 79.6561844811208,24.6565498316534,0 79.6561819080546,24.656550032627,0 79.6561793499959,24.6565503562071,0 79.6561768139349,24.6565508015094,0 79.6561743068019,24.6565513673171,0 79.6561718354478,24.6565520520839,0 79.656169406626,24.6565528539386,0 79.6561670269736,24.6565537706902,0 79.6561647029934,24.6565547998334,0 79.6561624410358,24.6565559385559,0 79.6561602472822,24.6565571837461,0 79.6561444472851,24.6565666837434,0 79.6561424337793,24.6565679609071,0 79.6561404920653,24.6565693277646,0 79.6561386269227,24.6565707809516,0 79.6561368429423,24.6565723168909,0 79.6561351445154,24.656573931802,0 79.6561335358228,24.6565756217098,0 79.656132020824,24.6565773824545,0 79.6560971208191,24.6566200824453,0 79.6560956328836,24.6566220055919,0 79.6560942567201,24.6566239970379,0 79.6560929960742,24.656626051363,0 79.6560918543768,24.656628162976,0 79.6560908347353,24.6566303261298,0 79.656089939925,24.6566325349369,0 79.6560891723811,24.6566347833856,0 79.6560885341927,24.6566370653564,0 79.6560880270968,24.6566393746384,0 79.6560876524735,24.6566417049465,0 79.6560874113425,24.6566440499383,0 79.6560873043601,24.6566464032315,0 79.6560873318174,24.656648758421,0 79.6560874936397,24.6566511090969,0 79.6560877893865,24.6566534488613,0 79.6560882182531,24.656655771346,0 79.656088779072,24.65665807023,0 79.656089470317,24.6566603392564,0 79.6560902901067,24.6566625722497,0 79.6560912362099,24.6566647631323,0 79.6560923060516,24.6566669059413,0 79.65609349672,24.6566689948446,0 79.6560948049746,24.6566710241569,0 79.6560962272545,24.656672988355,0 79.6560977596889,24.656674882093,0 79.6560993981069,24.6566767002167,0 79.6561011380493,24.6566784377776,0 79.6561029747804,24.6566800900468,0 79.6561049033012,24.6566816525272,0 79.656106918363,24.6566831209663,0 79.6561090144813,24.6566844913674,0 79.6561111859511,24.6566857600006,0 79.6561134268623,24.6566869234132,0 79.656115731116,24.6566879784386,0 79.6561180924406,24.6566889222055,0 79.6561204806303,24.6566897439631,0 79.6561196015285,24.6566917079953,0 79.6561187481583,24.6566939419854,0 79.6561180240347,24.6566962137675,0 79.6561174311469,24.6566985171011,0 79.6561169711233,24.6567008456592,0 79.6561166452277,24.6567031930454,0 79.6561164543552,24.6567055528119,0 79.6561163990303,24.6567079184765,0 79.6561164794048,24.6567102835409,0 79.656116695258,24.6567126415087,0 79.656117045997,24.6567149859027,0 79.6561175306583,24.656717310283,0 79.6561181479107,24.6567196082649,0 79.6561188960585,24.6567218735361,0 79.6561197730469,24.6567240998739,0 79.6561207764666,24.656726281163,0 79.6561219035614,24.6567284114115,0 79.6561231512354,24.6567304847679,0 79.6561245160613,24.6567324955368,0 79.6561259942901,24.6567344381949,0 79.6561275818612,24.6567363074059,0 79.6561292744137,24.6567380980352,0 79.6561310672984,24.6567398051642,0 79.6561329555905,24.6567414241036,0 79.6561349341028,24.6567429504062,0 79.6561369974007,24.6567443798795,0 79.6561391398165,24.6567457085969,0 79.6561397240639,24.6567460314373,0 79.6561389327286,24.6567458802638,0 79.6561363641243,24.6567455171968,0 79.6561337781803,24.6567452780924,0 79.6561311820548,24.6567451636126,0 79.6561285829341,24.6567451740743,0 79.6561259880127,24.6567453094485,0 79.6561234044737,24.6567455693605,0 79.6561208394686,24.6567459530908,0 79.6561183000973,24.6567464595772,0 79.6561157933892,24.6567470874177,0 79.656113326283,24.6567478348744,0 79.6561109056079,24.6567486998783,0 79.6561085380645,24.656749680035,0 79.6561062302064,24.6567507726313,0 79.6561039884219,24.6567519746428,0 79.6561018189166,24.6567532827423,0 79.6560997276957,24.6567546933088,0 79.6560977205479,24.6567562024377,0 79.6560958030293,24.6567578059517,0 79.6560939804476,24.6567594994121,0 79.656092257848,24.6567612781312,0 79.6560906399987,24.6567631371853,0 79.6560891313781,24.6567650714286,0 79.6560877361622,24.6567670755067,0 79.6560864582131,24.6567691438723,0 79.6560853010683,24.6567712708,0 79.6560842679308,24.6567734504022,0 79.6560833616604,24.6567756766455,0 79.6560825847659,24.6567779433676,0 79.6560819393977,24.656780244294,0 79.6560808393961,24.6567846442935,0 79.6560803484224,24.6567868629553,0 79.6560799797484,24.6567891013177,0 79.656079734301,24.6567913537541,0 79.6560796126972,24.6567936146023,0 79.6560796152427,24.6567958781789,0 79.656079741931,24.6567981387939,0 79.6560799924437,24.6568003907644,0 79.6560803661512,24.6568026284297,0 79.6560808621139,24.6568048461645,0 79.6560814790851,24.656807038394,0 79.6560854326571,24.6568197557335,0 79.6560852126852,24.6568281145365,0 79.6560852199623,24.6568305336194,0 79.6560853550206,24.6568327221448,0 79.6560826421392,24.6568339875166,0 79.6560804031134,24.6568350992969,0 79.656078485887,24.6568361718441,0 79.6560783904832,24.656835669211,0 79.6560705904693,24.6567990692129,0 79.6560700189005,24.6567967221719,0 79.6560693114124,24.6567944062689,0 79.6560684700116,24.6567921280729,0 79.6560674970849,24.6567898940458,0 79.6560663953918,24.6567877105244,0 79.6560651680573,24.6567855837021,0 79.6560638185625,24.6567835196115,0 79.6560623507353,24.6567815241073,0 79.6560607687392,24.6567796028496,0 79.6560590770613,24.6567777612879,0 79.6560572805001,24.6567760046458,0 79.6560553841513,24.6567743379059,0 79.6560533933939,24.6567727657958,0 79.6560513138745,24.6567712927746,0 79.6560491514916,24.6567699230206,0 79.6560469123786,24.656768660419,0 79.6560446028868,24.656767508551,0 79.6560422295667,24.6567664706838,0 79.6560397991503,24.6567655497614,0 79.6560373185312,24.6567647483959,0 79.6560347947457,24.6567640688602,0 79.6560322349522,24.6567635130819,0 79.6560296464115,24.6567630826374,0 79.6560270364658,24.6567627787476,0 79.6560244125181,24.6567626022745,0 79.6560217820111,24.6567625537186,0 79.6560191524061,24.6567626332178,0 79.6560165311617,24.6567628405463,0 79.6559866311724,24.6567659405457,0 79.6559840440459,24.656766272309,0 79.655981479728,24.656766728596,0 79.6559789453897,24.6567673081307,0 79.6559764481185,24.6567680092923,0 79.6559739948981,24.65676883012,0 79.6559715925891,24.6567697683184,0 79.6559692479095,24.6567708212637,0 79.6559669674165,24.6567719860114,0 79.6559647574875,24.6567732593041,0 79.6559626243027,24.656774637581,0 79.6559605738275,24.6567761169878,0 79.6559586117964,24.6567776933872,0 79.6559567436961,24.6567793623707,0 79.6559549747509,24.6567811192709,0 79.6559533099077,24.6567829591747,0 79.6559517538224,24.6567848769366,0 79.6559503108466,24.6567868671935,0 79.6559489850157,24.6567889243797,0 79.6559477800373,24.656791042742,0 79.6559466992814,24.6567932163563,0 79.6559457457702,24.6567954391442,0 79.6559449221704,24.6567977048893,0 79.6559442307851,24.6568000072556,0 79.6559436735479,24.6568023398043,0 79.6559432520171,24.6568046960123,0 79.6559429673715,24.6568070692905,0 79.6559428204072,24.6568094530017,0 79.6559428115352,24.65681184048,0 79.6559429407803,24.6568142250484,0 79.6559431371555,24.6568159718197,0 79.655937620961,24.6568187693185,0 79.6559280247824,24.6568180882993,0 79.6559253722967,24.6568179654984,0 79.6559227164227,24.656817973148,0 79.6559200648367,24.656818111226,0 79.6559174252024,24.6568183793334,0 79.655914805149,24.6568187766953,0 79.6559122122492,24.6568193021631,0 79.6559096539971,24.6568199542182,0 79.6559071377868,24.6568207309759,0 79.6559046708907,24.6568216301911,0 79.6559022604388,24.6568226492651,0 79.6558999133979,24.6568237852523,0 79.6558976365517,24.6568250348694,0 79.6558954364807,24.6568263945047,0 79.6558809257732,24.6568358913498,0 79.6558525970473,24.6568392566425,0 79.6558514700473,24.6568387905038,0 79.6558490317827,24.6568379210611,0 79.6558465465539,24.6568371708518,0 79.6558440213368,24.6568365419815,0 79.6558414632194,24.6568360362155,0 79.6558388793819,24.6568356549734,0 79.6558362770769,24.6568353993253,0 79.6558336636087,24.6568352699888,0 79.655831046313,24.6568352673268,0 79.6558284325363,24.6568353913469,0 79.6558258296151,24.6568356417009,0 79.6558232448554,24.6568360176861,0 79.6558206855125,24.6568365182473,0 79.6557921855221,24.6568428182455,0 79.6557897126853,24.65684342729,0 79.6557872777091,24.6568441526329,0 79.6557848871376,24.6568449923247,0 79.6557825473957,24.6568459441088,0 79.6557802647716,24.6568470054271,0 79.6557780454,24.6568481734273,0 79.6557758952456,24.6568494449702,0 79.6557738200871,24.6568508166387,0 79.6557718255017,24.6568522847461,0 79.6557699168498,24.6568538453469,0 79.6557680992612,24.6568554942468,0 79.6557663776207,24.6568572270143,0 79.6557647565554,24.6568590389925,0 79.6557632404219,24.6568609253116,0 79.6557618332951,24.656862880902,0 79.6557605389566,24.6568649005078,0 79.6557593608852,24.6568669787012,0 79.6557583022468,24.656869109897,0 79.6557573658868,24.6568712883675,0 79.6557565543216,24.6568735082578,0 79.6557558697324,24.6568757636018,0 79.6557553139591,24.6568780483382,0 79.6557548884953,24.6568803563265,0 79.6557545944846,24.6568826813639,0 79.6557544327171,24.6568850172017,0 79.6557544036275,24.6568873575622,0 79.6557545072942,24.6568896961554,0 79.6557547434384,24.6568920266963,0 79.6557551114255,24.6568943429213,0 79.6557556102666,24.6568966386055,0 79.6557562386209,24.656898907579,0 79.6557569947998,24.6569011437438,0 79.6557577185893,24.6569029469959,0 79.6557514292704,24.6569092664054,0 79.6557499657726,24.6569089715579,0 79.6557474081264,24.6569085835635,0 79.655744831729,24.6569083187292,0 79.6557422436764,24.6569081777845,0 79.6557396510967,24.6569081611177,0 79.6557370611306,24.6569082687746,0 79.6557344809113,24.6569085004587,0 79.6557319175455,24.6569088555318,0 79.6557293780934,24.6569093330161,0 79.6557268695492,24.6569099315964,0 79.6557243988219,24.6569106496241,0 79.6557219727168,24.6569114851215,0 79.6557195979158,24.6569124357875,0 79.6557172809598,24.6569134990038,0 79.6557150282301,24.6569146718419,0 79.6557128459314,24.6569159510715,0 79.6557107400743,24.6569173331694,0 79.6557087164589,24.656918814329,0 79.6557067806585,24.6569203904706,0 79.6557049380051,24.6569220572533,0 79.6557031935736,24.6569238100864,0 79.6557015521687,24.656925644142,0 79.6557000183111,24.6569275543687,0 79.6556985962257,24.6569295355054,0 79.655697289829,24.6569315820954,0 79.6556961027193,24.6569336885019,0 79.6556950381662,24.6569358489234,0 79.6556940991017,24.6569380574096,0 79.6556932881123,24.6569403078776,0 79.6556926074315,24.6569425941293,0 79.6556920589343,24.6569449098676,0 79.6556916441312,24.6569472487144,0 79.6556913641649,24.656949604228,0 79.6556912198062,24.6569519699207,0 79.655691211453,24.6569543392768,0 79.6556913391282,24.6569567057705,0 79.6556916024801,24.6569590628838,0 79.6556920007835,24.6569614041248,0 79.6556925329413,24.656963723045,0 79.6556931974877,24.6569660132576,0 79.6556939039029,24.6569680168994,0 79.6556913279539,24.6569707664285,0 79.6556799981649,24.6569740557221,0 79.6556711809549,24.6569723412644,0 79.6556686220554,24.6569719077495,0 79.6556660417256,24.656971597988,0 79.6556634471264,24.6569714128394,0 79.6556608454584,24.6569713528176,0 79.6556582439417,24.6569714180893,0 79.6556556497962,24.6569716084731,0 79.6556530702211,24.6569719234409,0 79.6556505123754,24.6569723621184,0 79.6556479833577,24.6569729232883,0 79.6556454901864,24.6569736053932,0 79.6556430397807,24.65697440654,0 79.6556406389411,24.6569753245055,0 79.6556382943303,24.6569763567421,0 79.6556360124552,24.6569775003851,0 79.6556337996485,24.6569787522606,0 79.6556316620512,24.6569801088944,0 79.6556296055956,24.6569815665215,0 79.6556276359889,24.6569831210968,0 79.6556257586971,24.6569847683059,0 79.65562397893,24.6569865035775,0 79.6556223016271,24.6569883220958,0 79.6556207314431,24.656990218814,0 79.6555990314394,24.6570179188081,0 79.6555975896721,24.6570198642534,0 79.65559626061,24.6570218756142,0 79.6555950478529,24.6570239474425,0 79.6555946953466,24.6570246332201,0 79.6555937545577,24.6570251964732,0 79.6555916662865,24.657026594902,0 79.6555896610462,24.6570280913878,0 79.6555877443438,24.6570296818208,0 79.6555859214431,24.6570313618332,0 79.6555841973503,24.6570331268111,0 79.6555825768003,24.6570349719075,0 79.6555810642437,24.657036892055,0 79.6555796638343,24.6570388819805,0 79.6555783794182,24.6570409362189,0 79.6555772145227,24.6570430491288,0 79.6555761723471,24.6570452149074,0 79.6555752557533,24.6570474276068,0 79.6555744672587,24.6570496811504,0 79.6555738090288,24.6570519693491,0 79.6555732828712,24.657054285919,0 79.6555728902309,24.6570566244979,0 79.6555726321862,24.6570589786636,0 79.6555725094459,24.6570613419506,0 79.655572522347,24.6570637078688,0 79.6555749223193,24.6571340078684,0 79.655575068486,24.6571363443068,0 79.6555753469366,24.6571386706844,0 79.6555757569231,24.6571409807502,0 79.6555762973438,24.6571432682971,0 79.6555769667466,24.6571455271785,0 79.6555777633328,24.657147751325,0 79.6555786849621,24.6571499347601,0 79.6555797291581,24.6571520716172,0 79.6555808931149,24.6571541561545,0 79.6555821737052,24.6571561827708,0 79.655583567488,24.6571581460208,0 79.6555850707182,24.6571600406292,0 79.6555866793567,24.6571618615052,0 79.6555883890811,24.6571636037562,0 79.6555901952974,24.6571652627008,0 79.6555920931524,24.6571668338814,0 79.6555940775465,24.6571683130763,0 79.6555961431478,24.6571696963109,0 79.655598284406,24.6571709798686,0 79.6556004955676,24.6571721603003,0 79.6556027706913,24.6571732344344,0 79.6556051036638,24.6571741993846,0 79.6556074882164,24.6571750525581,0 79.6556099179421,24.6571757916626,0 79.655612386312,24.6571764147119,0 79.6556148866938,24.657176920032,0 79.6556174123689,24.6571773062652,0 79.655619956551,24.6571775723735,0 79.6556225124039,24.657177717642,0 79.65562507306,24.6571777416804,0 79.6556276316389,24.657177644424,0 79.6556301812658,24.6571774261342,0 79.6556327150898,24.6571770873975,0 79.6556352263027,24.6571766291241,0 79.6556377081567,24.6571760525453,0 79.6556401539834,24.6571753592105,0 79.6556418201475,24.6571747988639,0 79.6556416387712,24.6571757399069,0 79.655641323264,24.6571780961057,0 79.6556411437062,24.6571804642027,0 79.6556411005941,24.6571828376512,0 79.6556411940469,24.6571852098898,0 79.6556414238064,24.6571875743605,0 79.6556417892373,24.6571899245267,0 79.6556422893293,24.6571922538913,0 79.6556429227001,24.6571945560148,0 79.6556436875986,24.6571968245329,0 79.6556445819103,24.6571990531743,0 79.6556456031629,24.657201235778,0 79.6556467485331,24.65720336631,0 79.6556480148545,24.6572054388806,0 79.6556493986264,24.6572074477601,0 79.6556508960234,24.6572093873949,0 79.6556525029058,24.6572112524229,0 79.6556542148315,24.6572130376883,0 79.6556560270678,24.6572147382555,0 79.6556579346048,24.6572163494235,0 79.6556599321691,24.657217866738,0 79.6556620142384,24.6572192860046,0 79.6556641750569,24.6572206032996,0 79.6556664086508,24.6572218149813,0 79.6556687088455,24.6572229177,0 79.655671069282,24.6572239084073,0 79.6556734834349,24.6572247843643,0 79.6556759446303,24.6572255431496,0 79.6556784460641,24.6572261826652,0 79.6556809808211,24.6572267011435,0 79.6556835418939,24.6572270971509,0 79.6556861222025,24.6572273695927,0 79.6556887146136,24.6572275177158,0 79.6556913119604,24.6572275411107,0 79.6556939070625,24.6572274397127,0 79.6556964927457,24.6572272138021,0 79.655699061862,24.6572268640035,0 79.655701607309,24.6572263912838,0 79.6557041220496,24.6572257969499,0 79.6557065991321,24.6572250826449,0 79.6557074704456,24.6572247845266,0 79.6557439129616,24.6572317199514,0 79.6557609210151,24.6572352363851,0 79.6557607617564,24.657235303474,0 79.6557584914794,24.6572363937818,0 79.6557562861779,24.6572375902942,0 79.6557541517953,24.6572388897864,0 79.655752094084,24.6572402887561,0 79.6557501185899,24.6572417834331,0 79.6557482306371,24.6572433697889,0 79.6557464353139,24.6572450435481,0 79.655744737459,24.6572468001997,0 79.6557431416482,24.6572486350094,0 79.6557416521825,24.6572505430321,0 79.6557402730762,24.6572525191254,0 79.6557390080461,24.6572545579636,0 79.6557378605017,24.6572566540517,0 79.6557368335356,24.6572588017405,0 79.6557359299159,24.6572609952417,0 79.6557351520777,24.6572632286436,0 79.6557345021175,24.6572654959269,0 79.655733981787,24.6572677909809,0 79.6557335924885,24.6572701076203,0 79.6557333352714,24.6572724396013,0 79.6557332108288,24.6572747806391,0 79.6557332194961,24.6572771244241,0 79.6557333612499,24.6572794646397,0 79.6557336357083,24.6572817949787,0 79.6557340421316,24.6572841091605,0 79.6557345794243,24.6572864009481,0 79.6557352461385,24.6572886641648,0 79.6557360404772,24.6572908927111,0 79.6557369602996,24.6572930805806,0 79.6557380031267,24.6572952218768,0 79.6557391661479,24.6572973108287,0 79.6557404462288,24.6572993418063,0 79.6557538181119,24.6573193388624,0 79.6557531191097,24.6573199165007,0 79.6557512959505,24.6573215895447,0 79.6557179959504,24.6573537895368,0 79.6557162670865,24.6573555516011,0 79.6557146416379,24.6573573940401,0 79.6557131240715,24.6573593117908,0 79.6557117185574,24.6573612995832,0 79.6557104289581,24.6573633519548,0 79.6557092588174,24.6573654632658,0 79.6557082113508,24.6573676277143,0 79.6557072894367,24.6573698393523,0 79.6557064956087,24.6573720921022,0 79.6557058320481,24.6573743797736,0 79.6557053005785,24.6573766960797,0 79.6557049026603,24.6573790346555,0 79.655704639387,24.6573813890745,0 79.655704511482,24.6573837528668,0 79.655704519297,24.6573861195366,0 79.6557046628104,24.6573884825804,0 79.6557049416278,24.6573908355044,0 79.6557053549831,24.6573931718428,0 79.6557059017403,24.6573954851754,0 79.6557065803971,24.6573977691451,0 79.6557073890883,24.6574000174756,0 79.6557083255918,24.6574022239884,0 79.6557093873341,24.65740438262,0 79.6557105713974,24.6574064874384,0 79.655711874528,24.6574085326597,0 79.6557132931449,24.6574105126635,0 79.6557148233497,24.6574124220088,0 79.6557164609374,24.6574142554487,0 79.6557182014079,24.6574160079449,0 79.6557200399783,24.6574176746814,0 79.6557219715964,24.6574192510782,0 79.6557239909539,24.6574207328032,0 79.6557260925017,24.6574221157847,0 79.6557282704647,24.6574233962222,0 79.6557305188579,24.6574245705971,0 79.6557328315026,24.6574256356822,0 79.6557352020437,24.6574265885506,0 79.6557376239669,24.6574274265838,0 79.6557400906168,24.6574281474789,0 79.655742595215,24.6574287492549,0 79.6557451308788,24.6574292302581,0 79.6557476906403,24.6574295891666,0 79.6557502674651,24.6574298249943,0 79.6557528542722,24.6574299370931,0 79.6557554439529,24.6574299251548,0 79.6557580293909,24.6574297892124,0 79.6557606034812,24.6574295296393,0 79.6557631591504,24.6574291471489,0 79.6557656893753,24.6574286427923,0 79.6557681872029,24.6574280179555,0 79.6557706457692,24.6574272743554,0 79.655773058318,24.6574264140356,0 79.6557754182196,24.6574254393602,0 79.6557777189889,24.6574243530076,0 79.6558514846033,24.6573872529896,0 79.6558776914863,24.657418284327,0 79.6558793052584,24.6574200962455,0 79.6558810194334,24.6574218294472,0 79.6558828294212,24.6574234792908,0 79.655884730375,24.6574250413585,0 79.6558860535829,24.6574260204357,0 79.6557980733905,24.6575019826756,0 79.6557962291441,24.657503661205,0 79.6557944841948,24.6575054261733,0 79.6557928433864,24.657507272681,0 79.6557913112737,24.6575091956024,0 79.6557898921096,24.6575111895996,0 79.6557885898337,24.6575132491375,0 79.655787408061,24.6575153684989,0 79.655786350072,24.6575175418006,0 79.6557854188036,24.6575197630098,0 79.655784616841,24.6575220259605,0 79.6557839464103,24.657524324371,0 79.6557834093726,24.6575266518611,0 79.6557830072187,24.6575290019697,0 79.655782741065,24.6575313681733,0 79.6557826116502,24.6575337439033,0 79.6557826193336,24.657536122565,0 79.655782764094,24.6575384975555,0 79.6557830455294,24.6575408622818,0 79.6557834628587,24.6575432101797,0 79.6557840149233,24.6575455347316,0 79.6557847001908,24.6575478294847,0 79.655785516759,24.6575500880691,0 79.6557864623611,24.6575523042149,0 79.6557875343722,24.6575544717704,0 79.6557887298165,24.6575565847186,0 79.6557900453755,24.6575586371942,0 79.6557914773974,24.6575606234995,0 79.6557930219069,24.6575625381208,0 79.6557946746167,24.6575643757432,0 79.655796430939,24.6575661312657,0 79.6557982859982,24.657567799815,0 79.6558002346451,24.6575693767593,0 79.6558022714701,24.6575708577212,0 79.6558043908193,24.6575722385897,0 79.6558065868095,24.6575735155315,0 79.6558088533449,24.6575746850019,0 79.6558111841336,24.6575757437547,0 79.6558135727057,24.6575766888507,0 79.6558160124305,24.6575775176665,0 79.6558184965356,24.6575782279014,0 79.6558210181253,24.6575788175837,0 79.6558235702,24.6575792850765,0 79.6558261456751,24.6575796290822,0 79.6559728457261,24.65759562909,0 79.6559753230673,24.6575958416106,0 79.6559778089752,24.6575959398674,0 79.6559802971436,24.6575959236112,0 79.6559827812602,24.6575957928832,0 79.6560161561024,24.6575932644873,0 79.6560680137334,24.6576013431153,0 79.6560859927799,24.6576510654287,0 79.6560868569658,24.6576532629284,0 79.6560878443248,24.6576554166546,0 79.6560889522155,24.6576575208456,0 79.656090177674,24.6576595698722,0 79.6560915174223,24.6576615582531,0 79.656092967876,24.6576634806689,0 79.6560945251551,24.6576653319769,0 79.6560961850935,24.6576671072245,0 79.6560979432508,24.6576688016626,0 79.6560997949233,24.6576704107582,0 79.6561017351577,24.6576719302068,0 79.6561037587635,24.6576733559436,0 79.6561058603271,24.6576746841544,0 79.6561080342265,24.6576759112862,0 79.6561102746463,24.657677034056,0 79.6561125755928,24.6576780494604,0 79.6561149309106,24.6576789547828,0 79.6561173342988,24.6576797476015,0 79.6561197793281,24.6576804257955,0 79.6561222594574,24.6576809875504,0 79.656124768052,24.6576814313636,0 79.656127298401,24.6576817560477,0 79.6561298437352,24.6576819607341,0 79.6561323972455,24.6576820448753,0 79.6561349521008,24.6576820082462,0 79.6561375014663,24.6576818509447,0 79.6561400385222,24.6576815733917,0 79.6561425564812,24.6576811763297,0 79.6561450486074,24.6576806608209,0 79.6561475082341,24.6576800282443,0 79.6562182082568,24.6576600282385,0 79.6562206647517,24.6576592682072,0 79.6562230742172,24.6576583914114,0 79.6562254300127,24.6576574002676,0 79.6562277256458,24.6576562975072,0 79.6562299547899,24.6576550861694,0 79.6562321113017,24.6576537695927,0 79.6562341892378,24.6576523514053,0 79.6562361828715,24.6576508355158,0 79.6562380867086,24.6576492261019,0 79.6562398955022,24.657647527599,0 79.6562416042672,24.6576457446881,0 79.6562432082946,24.6576438822828,0 79.6562447031636,24.6576419455159,0 79.6562460847545,24.6576399397249,0 79.6562473492596,24.6576378704377,0 79.6562484931942,24.6576357433571,0 79.6562495134056,24.6576335643453,0 79.6562504070821,24.6576313394075,0 79.6562511717608,24.6576290746755,0 79.6562518053343,24.6576267763907,0 79.6562523060565,24.6576244508872,0 79.6562526725475,24.6576221045739,0 79.6562529037973,24.6576197439171,0 79.6562529991685,24.6576173754226,0 79.6562529583983,24.6576150056179,0 79.6562527815991,24.6576126410341,0 79.6562524692582,24.6576102881877,0 79.6562520222362,24.6576079535632,0 79.6562514417653,24.6576056435945,0 79.6562507294452,24.657603364648,0 79.656249887239,24.6576011230041,0 79.6562489174677,24.6575989248407,0 79.656247822804,24.6575967762159,0 79.6562466062648,24.6575946830512,0 79.6562452712028,24.6575926511151,0 79.6562438212973,24.6575906860077,0 79.6562422605441,24.6575887931446,0 79.6562405932448,24.6575869777424,0 79.6562388239941,24.6575852448043,0 79.6562369576682,24.6575835991061,0 79.6562349994104,24.6575820451834,0 79.6562329546177,24.6575805873186,0 79.6562308289253,24.6575792295295,0 79.6562286281916,24.6575779755582,0 79.6562263584816,24.6575768288604,0 79.6562240260506,24.6575757925965,0 79.6562216373266,24.6575748696223,0 79.6561637884017,24.6575541358136,0 79.656159252089,24.6575474739173,0 79.6561583831455,24.6575455446637,0 79.6561572930814,24.6575434399076,0 79.6561560857172,24.6575413893152,0 79.6561547642649,24.6575393983415,0 79.6561533322399,24.6575374722832,0 79.6561517934517,24.6575356162641,0 79.6561501519941,24.6575338352218,0 79.6561484122337,24.6575321338943,0 79.6561465787988,24.6575305168077,0 79.6561446565669,24.6575289882638,0 79.6561426506517,24.657527552329,0 79.6561405663894,24.6575262128233,0 79.6561266105272,24.657517726697,0 79.6563050597874,24.6574018861802,0</coordinates></LinearRing></outerBoundaryIs><innerBoundaryIs><LinearRing><coordinates>79.6570389499844,24.6569254760132,0 79.6570730641353,24.6569427019675,0 79.6570738739306,24.6569436249602,0 79.6570755552904,24.6569462970131,0 79.6570169768149,24.6569638776749,0 79.6569903346963,24.656957244111,0 79.6569901736639,24.6569571397469,0 79.6570389499844,24.6569254760132,0</coordinates></LinearRing></innerBoundaryIs><innerBoundaryIs><LinearRing><coordinates>79.6574347199889,24.6566625151307,0 79.6574357580555,24.6566637073023,0 79.6574206982487,24.6566934170986,0 79.6574191194558,24.6566922269271,0 79.6574170241004,24.6566908102061,0 79.6574148498988,24.6566894964542,0 79.6574126029034,24.6566882893285,0 79.6574043736877,24.6566841314137,0 79.6574347199889,24.6566625151307,0</coordinates></LinearRing></innerBoundaryIs><innerBoundaryIs><LinearRing><coordinates>79.6585706464891,24.6568397240285,0 79.6585429626155,24.6568739769328,0 79.658541498752,24.6568758897142,0 79.658540145022,24.6568778690823,0 79.6585389050441,24.6568799097462,0 79.6585377821327,24.656882006251,0 79.6585367792895,24.6568841529927,0 79.6585358991953,24.6568863442329,0 79.6585351442024,24.6568885741143,0 79.6585345163291,24.6568908366762,0 79.6585340172537,24.6568931258707,0 79.6585336483103,24.6568954355787,0 79.6585334104851,24.6568977596262,0 79.6585333044138,24.6569000918007,0 79.65853333038,24.6569024258684,0 79.6585334883143,24.65690475559,0 79.6585337777944,24.6569070747381,0 79.6585341980467,24.6569093771135,0 79.6585347479478,24.6569116565617,0 79.6585354260277,24.6569139069897,0 79.6585362304739,24.6569161223819,0 79.6585371591361,24.6569182968164,0 79.658538209532,24.6569204244809,0 79.6585393788536,24.6569224996879,0 79.6585406639755,24.6569245168903,0 79.6585420614623,24.656926470696,0 79.6585435675785,24.6569283558823,0 79.6585451782982,24.65693016741,0 79.6585468893158,24.6569319004368,0 79.6585486960577,24.6569335503302,0 79.6585505936942,24.6569351126799,0 79.6585525771531,24.6569365833097,0 79.6585546411322,24.6569379582885,0 79.6585567801145,24.6569392339408,0 79.6585589883823,24.6569404068567,0 79.6585782100136,24.6569500176753,0 79.6585528814363,24.6569802509094,0 79.6585520229165,24.6569802919967,0 79.6585494447268,24.6569805398363,0 79.6585468843133,24.6569809109343,0 79.6585443487268,24.6569814042688,0 79.6585418449496,24.6569820184811,0 79.6585393798764,24.6569827518801,0 79.6585369602956,24.6569836024459,0 79.65853459287,24.6569845678365,0 79.6585322841189,24.6569856453933,0 79.6585300404,24.6569868321491,0 79.6585279198122,24.6569880939422,0 79.658525822022,24.6569879317895,0 79.6585233341353,24.6569878544896,0 79.6585208451463,24.6569878918185,0 79.6585183613747,24.6569880436813,0 79.6585158891271,24.6569883096925,0 79.6585134346808,24.6569886891766,0 79.6584983118056,24.6569913871549,0 79.6584985798974,24.6569908100716,0 79.6584994915693,24.6569885080729,0 79.658500265361,24.6569861642967,0 79.6585008989972,24.6569837856347,0 79.6585013906147,24.6569813790812,0 79.6585017387681,24.6569789517123,0 79.6585019424335,24.6569765106655,0 79.6585020010122,24.6569740631184,0 79.658501914332,24.6569716162679,0 79.6585016826476,24.6569691773087,0 79.6585013066404,24.6569667534123,0 79.6585007874159,24.656964351706,0 79.658500126501,24.6569619792517,0 79.6584807264786,24.6568994792568,0 79.6584799567584,24.6568972256719,0 79.6584790591865,24.6568950119391,0 79.6584780362171,24.6568928441116,0 79.6584768906476,24.6568907281172,0 79.6584756256103,24.6568886697418,0 79.6584742445643,24.6568866746139,0 79.6584727512861,24.6568847481888,0 79.6584711498588,24.6568828957343,0 79.6584694446614,24.6568811223157,0 79.6584676403566,24.6568794327822,0 79.6584657418781,24.6568778317537,0 79.6584637544171,24.656876323608,0 79.6584625718711,24.6568755178478,0 79.6584644849375,24.6568741072025,0 79.6584663496916,24.6568725834979,0 79.6584681276597,24.6568709754845,0 79.6584698142835,24.6568692872851,0 79.6584714052385,24.656867523228,0 79.6584782389801,24.6568595425629,0 79.6585063671981,24.656847883469,0 79.6585074427906,24.6568480807696,0 79.6585099886899,24.6568484228783,0 79.658512550628,24.6568486433714,0 79.6585151216538,24.6568487416507,0 79.6585176947915,24.6568487174496,0 79.6585202630594,24.6568485708337,0 79.6585228194893,24.6568483022007,0 79.6585253571449,24.6568479122797,0 79.6585278691409,24.6568474021284,0 79.6585303486616,24.6568467731312,0 79.6585327889795,24.6568460269945,0 79.6585351834734,24.6568451657429,0 79.6585375256465,24.6568441917132,0 79.6585398091438,24.6568431075482,0 79.6585420277696,24.6568419161894,0 79.6585441755043,24.6568406208692,0 79.6585462465205,24.6568392251024,0 79.658548235199,24.6568377326758,0 79.6585501361441,24.6568361476388,0 79.6585519441981,24.6568344742921,0 79.6585536544551,24.6568327171758,0 79.6585541192117,24.6568322138784,0 79.6585706464891,24.6568397240285,0</coordinates></LinearRing></innerBoundaryIs><innerBoundaryIs><LinearRing><coordinates>79.6587411834852,24.6569172174852,0 79.6587278596315,24.6569321552126,0 79.6586985760768,24.6569139226749,0 79.6586994035523,24.6568982323558,0 79.6587411834852,24.6569172174852,0</coordinates></LinearRing></innerBoundaryIs><innerBoundaryIs><LinearRing><coordinates>79.6591347539355,24.6572956733094,0 79.6591297662027,24.6572952661469,0 79.6591288388663,24.6572876097072,0 79.6591347539355,24.6572956733094,0</coordinates></LinearRing></innerBoundaryIs><innerBoundaryIs><LinearRing><coordinates>79.6618263169038,24.6568719516791,0 79.6618299477244,24.6568812206132,0 79.6618295356263,24.6568833592601,0 79.6618292175861,24.656885750738,0 79.6618286175839,24.6568915507377,0 79.6618285980868,24.6568918122548,0 79.6618269059473,24.6568922290248,0 79.6618244582656,24.656892958843,0 79.661822055514,24.6568938042103,0 79.6618197042189,24.6568947628304,0 79.6618174107667,24.6568958320996,0 79.6618151813868,24.6568970091135,0 79.6618130221346,24.6568982906753,0 79.661810938875,24.6568996733038,0 79.6618089372665,24.6569011532438,0 79.6618070227457,24.6569027264754,0 79.6618049135886,24.6569045526967,0 79.6617882000062,24.6569045526958,0 79.6617866736161,24.6569045893721,0 79.6618263169038,24.6568719516791,0</coordinates></LinearRing></innerBoundaryIs><innerBoundaryIs><LinearRing><coordinates>79.6614340938368,24.6534382944152,0 79.6614338186438,24.6534381534168,0 79.661431493586,24.6534371046787,0 79.6614291115222,24.6534361688733,0 79.6614266790144,24.6534353485785,0 79.6614242027637,24.653434646054,0 79.6614216895914,24.653434063235,0 79.6614191464209,24.6534336017271,0 79.661416580258,24.6534332628017,0 79.6614139981718,24.6534330473925,0 79.6614114072754,24.6534329560927,0 79.661408814706,24.653432989154,0 79.6614062276057,24.6534331464852,0 79.6614036531013,24.6534334276529,0 79.6614010982849,24.6534338318827,0 79.6613985701945,24.6534343580608,0 79.6613960757944,24.6534350047379,0 79.661393621956,24.6534357701325,0 79.6613912154391,24.6534366521361,0 79.6613888628731,24.653437648319,0 79.6613865707389,24.6534387559369,0 79.6613843453505,24.6534399719386,0 79.6613821928386,24.6534412929743,0 79.6613801191328,24.6534427154048,0 79.6613781299456,24.6534442353118,0 79.6613762307568,24.6534458485081,0 79.6613744267983,24.6534475505499,0 79.6613727230394,24.6534493367484,0 79.6613711241738,24.653451202183,0 79.6613696346059,24.6534531417149,0 79.6613682584391,24.6534551500011,0 79.6613669994644,24.6534572215092,0 79.66136586115,24.6534593505329,0 79.6613648466318,24.6534615312069,0 79.6613639587044,24.6534637575243,0 79.6613631998141,24.6534660233518,0 79.6613625720512,24.6534683224477,0 79.6613620771452,24.6534706484786,0 79.6613617164594,24.6534729950367,0 79.6613614909874,24.6534753556578,0 79.6613614013504,24.653477723839,0 79.66136142903,24.6534791358134,0 79.6613495501503,24.6534858123552,0 79.661340455396,24.6534794663906,0 79.6613237980176,24.6534002677296,0 79.6613557877996,24.6533978999791,0 79.6613583118776,24.6533976533567,0 79.6613608187612,24.6533972885643,0 79.6613633018309,24.653396806565,0 79.6613657545304,24.6533962086316,0 79.6613681703832,24.6533954963429,0 79.6613705430105,24.6533946715797,0 79.6613728661473,24.6533937365196,0 79.6613751336594,24.6533926936318,0 79.6613773395596,24.65339154567,0 79.6613794780232,24.6533902956653,0 79.6613815434037,24.6533889469183,0 79.6613835302474,24.6533875029904,0 79.6613854333082,24.6533859676942,0 79.6613872475611,24.6533843450836,0 79.6613889682156,24.6533826394431,0 79.6613905907284,24.6533808552764,0 79.6613921108152,24.6533789972946,0 79.6613935244623,24.6533770704035,0 79.6613948279371,24.6533750796912,0 79.6613960177976,24.6533730304139,0 79.6613970909022,24.6533709279829,0 79.6613980444174,24.6533687779495,0 79.6613988758253,24.6533665859907,0 79.6613995829308,24.6533643578945,0 79.6614001638667,24.6533620995441,0 79.6614006170991,24.6533598169025,0 79.6614022411831,24.6533502433349,0 79.6614023156035,24.6533503538728,0 79.6614037785576,24.6533522924987,0 79.6614053501319,24.6533541587704,0 79.6614070260505,24.6533559476101,0 79.6614088017535,24.6533576541507,0 79.6614106724093,24.6533592737488,0 79.6614126329283,24.6533608019979,0 79.6614146779761,24.6533622347397,0 79.6614168019886,24.653363568076,0 79.6614189991865,24.653364798379,0 79.6614212635916,24.6533659223012,0 79.6614235890429,24.6533669367846,0 79.6614259692131,24.6533678390689,0 79.6614283976261,24.6533686266992,0 79.6614308676746,24.6533692975324,0 79.661433372638,24.6533698497433,0 79.6614359057006,24.6533702818294,0 79.6614384599703,24.6533705926151,0 79.6614410284973,24.6533707812547,0 79.6614436042931,24.6533708472351,0 79.6614461803494,24.6533707903766,0 79.6614487496569,24.6533706108339,0 79.6614513052251,24.6533703090957,0 79.6615075887671,24.6533622946188,0 79.6615058119517,24.6533633053122,0 79.6615036997757,24.6533646511903,0 79.6615016672021,24.6533660958203,0 79.6614997197531,24.6533676352776,0 79.6614978627192,24.6533692653797,0 79.6614961011459,24.653370981698,0 79.6614944398188,24.6533727795696,0 79.6614928832514,24.6533746541101,0 79.6614733832481,24.6533994541048,0 79.6614719343226,24.6534014021367,0 79.6614705985406,24.6534034165805,0 79.6614693795382,24.6534054919531,0 79.6614682806337,24.6534076226051,0 79.6614673048181,24.6534098027367,0 79.6614664547479,24.6534120264137,0 79.6614657327369,24.6534142875829,0 79.6614635890513,24.6534217165535,0 79.6614340938368,24.6534382944152,0</coordinates></LinearRing></innerBoundaryIs><innerBoundaryIs><LinearRing><coordinates>79.6586212453182,24.6542234509532,0 79.6586225720616,24.6542219026698,0 79.6586240485837,24.6542199816829,0 79.6586254138488,24.6542179931509,0 79.6586266641656,24.6542159424504,0 79.6586277961534,24.6542138351261,0 79.6586288067518,24.6542116768757,0 79.6586296932281,24.6542094735346,0 79.6586299796037,24.6542086285008,0 79.6586448191354,24.6541975427008,0 79.6586447704376,24.6541979463499,0 79.6586446217579,24.6542003417473,0 79.6586446125296,24.6542027409806,0 79.6586447130151,24.6542067227804,0 79.6586212453182,24.6542234509532,0</coordinates></LinearRing></innerBoundaryIs><innerBoundaryIs><LinearRing><coordinates>79.6583745520763,24.6543992975783,0 79.6583677122053,24.6543911399368,0 79.658366546121,24.6543898024457,0 79.6583649440963,24.654388034695,0 79.6583597431298,24.6543775832367,0 79.6583616932832,24.6543802279665,0 79.6583620682904,24.6543809592309,0 79.6583631939025,24.6543830161456,0 79.6583644326681,24.6543850180065,0 79.6583657813726,24.6543869596192,0 79.6583672365162,24.6543888359452,0 79.658368136516,24.6543899359455,0 79.6583697406902,24.6543917930704,0 79.6583714491216,24.654393570839,0 79.6583732571179,24.6543952643685,0 79.6583751597135,24.6543968690077,0 79.6583765157431,24.6543978978509,0 79.6583745520763,24.6543992975783,0</coordinates></LinearRing></innerBoundaryIs><innerBoundaryIs><LinearRing><coordinates>79.6567475699021,24.6565100424599,0 79.6567460935411,24.6565092373755,0 79.6567438037185,24.6565081330546,0 79.6567414537317,24.6565071398865,0 79.6567390500357,24.6565062605991,0 79.6567365992328,24.6565054976077,0 79.6567358370492,24.6565053003905,0 79.6567560435202,24.6564984577464,0 79.656754679854,24.6565060782165,0 79.6567475699021,24.6565100424599,0</coordinates></LinearRing></innerBoundaryIs><innerBoundaryIs><LinearRing><coordinates>79.6563567507976,24.6567279476549,0 79.6563559735671,24.6567277536608,0 79.6563534663344,24.6567272540998,0 79.6563509340993,24.6567268741934,0 79.6563483836941,24.6567266149667,0 79.6563458220005,24.6567264771192,0 79.6563432559304,24.6567264610227,0 79.6563406924075,24.6567265667208,0 79.6563381383489,24.6567267939283,0 79.6563356006459,24.6567271420319,0 79.6563330861458,24.6567276100926,0 79.6563306016332,24.6567281968474,0 79.6563281538118,24.6567289007131,0 79.6563257492864,24.6567297197905,0 79.656323394545,24.6567306518696,0 79.656321095941,24.6567316944355,0 79.6563193435381,24.6567325957971,0 79.6563187640887,24.6567304318726,0 79.6563180246042,24.6567281836717,0 79.6563171582441,24.6567259736388,0 79.656316167351,24.6567238077494,0 79.656315054604,24.6567216918597,0 79.6563138230118,24.6567196316907,0 79.6563124759044,24.6567176328126,0 79.6563110169241,24.6567157006302,0 79.6563035169225,24.6567063006321,0 79.6563032775912,24.6567060032321,0 79.6562848594449,24.6566833112759,0 79.6562849193935,24.656683010482,0 79.6562852513624,24.6566806378299,0 79.6562854453612,24.65667825244,0 79.6562855008455,24.6566758610081,0 79.6562854176593,24.6566734702471,0 79.6562851960364,24.6566710868679,0 79.6562848365987,24.6566687175608,0 79.6562843403553,24.6566663689766,0 79.6562837086992,24.6566640477078,0 79.6562829434033,24.6566617602704,0 79.6562820466161,24.6566595130852,0 79.6562817182829,24.6566588086931,0 79.6562834801857,24.6566596596664,0 79.656285852116,24.6566606624155,0 79.6562882787529,24.6566615491283,0 79.6562907533052,24.6566623173232,0 79.6562932688476,24.6566629648503,0 79.6562958183401,24.6566634898976,0 79.6562983946478,24.6566638909956,0 79.6563009905607,24.6566641670218,0 79.6563035988138,24.6566643172038,0 79.6563062121076,24.6566643411212,0 79.6563088231287,24.656664238707,0 79.6563114245699,24.656664010248,0 79.6563140091507,24.6566636563835,0 79.6563165696381,24.6566631781037,0 79.6563290304118,24.6566605349096,0 79.6563298327268,24.6566615858964,0 79.6563314102655,24.6566634390495,0 79.6563330910908,24.6566652147465,0 79.6563348706569,24.6566669081849,0 79.6563367441507,24.6566685147846,0 79.6563387065054,24.6566700302006,0 79.6563407524135,24.6566714503342,0 79.6563428763418,24.6566727713447,0 79.656345072546,24.6566739896593,0 79.6563473350863,24.6566751019829,0 79.6563496578435,24.6566761053073,0 79.6563520345356,24.6566769969188,0 79.6563544587347,24.656677774406,0 79.6563569238843,24.6566784356662,0 79.6563594233173,24.656678978911,0 79.6563619502738,24.656679402671,0 79.6563644979196,24.6566797058003,0 79.65636698543,24.6566798822349,0 79.6563699508469,24.6566917227375,0 79.656369057433,24.6566943136347,0 79.6563678121792,24.6566966707207,0 79.6563667793025,24.6566987596543,0 79.6563658637777,24.6567008938067,0 79.656365067965,24.6567030676762,0 79.6563643939159,24.6567052756584,0 79.6563638433682,24.6567075120613,0 79.6563634177412,24.6567097711195,0 79.6563631181321,24.6567120470091,0 79.6563629453134,24.6567143338628,0 79.6563628997305,24.6567166257853,0 79.6563629815011,24.6567189168679,0 79.6563631904142,24.6567212012042,0 79.6563635439868,24.6567241600582,0 79.6563567507976,24.6567279476549,0</coordinates></LinearRing></innerBoundaryIs><innerBoundaryIs><LinearRing><coordinates>79.6559782895151,24.6569389608854,0 79.6559772233113,24.6569369360899,0 79.6559759442695,24.6569348080922,0 79.6559757297854,24.6569344729307,0 79.6559763195917,24.6569338979246,0 79.6559773252313,24.656932807708,0 79.6559785461484,24.6569325108865,0 79.6559810083621,24.656931784178,0 79.6559834255644,24.6569309406529,0 79.6559857911245,24.656929982625,0 79.6559880985532,24.6569289127225,0 79.6559903415207,24.6569277338803,0 79.6559925138743,24.6569264493321,0 79.6559946096546,24.6569250626019,0 79.6559966231125,24.6569235774935,0 79.6559985487248,24.656921998081,0 79.655999668903,24.6569209776043,0 79.6560038640836,24.6569186195287,0 79.6559961180892,24.6569290205013,0 79.6559782895151,24.6569389608854,0</coordinates></LinearRing></innerBoundaryIs><innerBoundaryIs><LinearRing><coordinates>79.6558071578121,24.6570162858717,0 79.6558080145773,24.6570185237135,0 79.6558087086499,24.6570200708175,0 79.6558069904085,24.6570200622169,0 79.6558044329677,24.6570201706298,0 79.6558018851069,24.6570203999792,0 79.655799353669,24.657020749649,0 79.6557988921113,24.657020835963,0 79.6558067111665,24.6570148877245,0 79.6558071578121,24.6570162858717,0</coordinates></LinearRing></innerBoundaryIs><innerBoundaryIs><LinearRing><coordinates>79.65620265901,24.6567680561441,0 79.6561979204761,24.6567683496817,0 79.6561695827026,24.656763180579,0 79.6561692966586,24.656762820586,0 79.6561676609533,24.6567609746275,0 79.656165921276,24.6567592098444,0 79.6561640824424,24.6567575311215,0 79.6561621495424,24.6567559431057,0 79.6561601279265,24.6567544501928,0 79.6561580231908,24.6567530565154,0 79.656157221563,24.6567525823843,0 79.6562099968696,24.6567679230745,0 79.6562056166318,24.65676795414,0 79.65620265901,24.6567680561441,0</coordinates></LinearRing></innerBoundaryIs><innerBoundaryIs><LinearRing><coordinates>79.6572383021309,24.6561153301575,0 79.657244872615,24.6561098799863,0 79.6572547210073,24.6561147891259,0 79.6572523896759,24.6561147551696,0 79.6572497964976,24.6561148419386,0 79.6572472118822,24.6561150530276,0 79.657244642961,24.6561153878545,0 79.6572420968218,24.6561158454952,0 79.6572395804898,24.6561164246872,0 79.6572371009077,24.6561171238323,0 79.6572349786639,24.6561178357532,0 79.6572363238711,24.656116886019,0 79.6572383021309,24.6561153301575,0</coordinates></LinearRing></innerBoundaryIs><innerBoundaryIs><LinearRing><coordinates>79.6571527895295,24.6562324320711,0 79.6571504134901,24.6562333595709,0 79.6571480937618,24.65623439933,0 79.6571458366897,24.6562355485043,0 79.6571436484476,24.6562368039505,0 79.6571415350211,24.6562381622345,0 79.6571395021912,24.656239619641,0 79.6571391284308,24.6562399177285,0 79.6571389510946,24.6562398036725,0 79.6571367326346,24.6562385319247,0 79.6571346244008,24.6562374612469,0 79.6571530645276,24.6561888965164,0 79.6571544901308,24.656187532999,0 79.657156160649,24.656185759747,0 79.6571564480655,24.65618542059,0 79.6571521376054,24.6562013827393,0 79.6571515905771,24.6562036596296,0 79.6571511728776,24.656205959289,0 79.6571508856206,24.6562082755865,0 79.6571507295719,24.6562106023468,0 79.6571507051475,24.6562129333665,0 79.6571508124126,24.656215262431,0 79.6571510510812,24.6562175833309,0 79.6571514205171,24.6562198898786,0 79.6571519197351,24.6562221759247,0 79.6571525474046,24.6562244353744,0 79.6571533018519,24.6562266622039,0 79.6571541810658,24.6562288504764,0 79.6571551827022,24.6562309943578,0 79.6571554778393,24.6562315454161,0 79.6571552153805,24.6562316193677,0 79.6571527895295,24.6562324320711,0</coordinates></LinearRing></innerBoundaryIs><innerBoundaryIs><LinearRing><coordinates>79.6588394958149,24.6569947732771,0 79.6588403555533,24.6569969591605,0 79.6588413371736,24.6569991017404,0 79.6588424380772,24.6570011953453,0 79.6588436553502,24.6570032344335,0 79.6588449857703,24.6570052136073,0 79.6588464258158,24.6570071276277,0 79.6588479716748,24.6570089714282,0 79.6588496192555,24.6570107401283,0 79.6588513641966,24.6570124290461,0 79.6588532018792,24.6570140337109,0 79.6588551274387,24.6570155498752,0 79.6588571357783,24.6570169735254,0 79.6588592215817,24.6570183008933,0 79.6588613793276,24.6570195284652,0 79.6588636033045,24.6570206529916,0 79.6588658876253,24.6570216714958,0 79.6588682262434,24.6570225812819,0 79.6588705501824,24.6570233589318,0 79.6588702995076,24.6570235169243,0 79.6588694410826,24.6570241208033,0 79.6588672845661,24.6570228687882,0 79.6588650207659,24.6570217024496,0 79.6588626929843,24.6570206465182,0 79.658860307663,24.6570197039161,0 79.6588578714029,24.6570188772517,0 79.6588553909456,24.6570181688126,0 79.6588528731552,24.6570175805592,0 79.6588503249992,24.6570171141194,0 79.6588477535291,24.657016770784,0 79.6588451658606,24.6570165515031,0 79.6588425691547,24.6570164568834,0 79.658839970597,24.6570164871868,0 79.6588373773785,24.6570166423295,0 79.658835738736,24.6570168198341,0 79.6588355344887,24.657013245532,0 79.6588353341307,24.6570109073801,0 79.6588350011795,24.6570085818918,0 79.6588345365336,24.6570062753425,0 79.6588339414469,24.6570039939567,0 79.6588332175254,24.6570017438909,0 79.6588323667227,24.6569995312172,0 79.6588313913346,24.6569973619067,0 79.6588302939934,24.6569952418135,0 79.6588290776604,24.6569931766587,0 79.658827745618,24.6569911720156,0 79.6588263014608,24.6569892332937,0 79.658824749086,24.6569873657248,0 79.6588230926829,24.6569855743489,0 79.6588213367213,24.6569838640001,0 79.65881948594,24.656982239294,0 79.6588189880037,24.6569818455137,0 79.6588190504448,24.6569817152484,0 79.658820211911,24.6569790676069,0 79.6588243158663,24.6569687829877,0 79.6588263850647,24.6569686608127,0 79.6588289746485,24.6569683819175,0 79.6588313878432,24.6569680031355,0 79.6588387602341,24.6569925498765,0 79.6588394958149,24.6569947732771,0</coordinates></LinearRing></innerBoundaryIs><innerBoundaryIs><LinearRing><coordinates>79.656750715201,24.6572497493979,0 79.6567506982819,24.6572598307648,0 79.656750700202,24.6572599029894,0 79.6567481607735,24.6572514175952,0 79.656750715201,24.6572497493979,0</coordinates></LinearRing></innerBoundaryIs><innerBoundaryIs><LinearRing><coordinates>79.6569285075714,24.6563689795014,0 79.6569310532719,24.6563692172005,0 79.6569336090255,24.6563693341115,0 79.6569338792463,24.656369333669,0 79.6569347991914,24.6563713268573,0 79.6569359252509,24.6563734495682,0 79.6569371710981,24.6563755156284,0 79.6569385333315,24.656377519397,0 79.6569400082319,24.6563794554032,0 79.6569415917725,24.6563813183614,0 79.6569432796299,24.6563831031853,0 79.6569450671959,24.6563848050018,0 79.6569469495901,24.6563864191648,0 79.6569489216731,24.656387941267,0 79.656951185285,24.656389597752,0 79.6569470554077,24.6563929334207,0 79.6569267938252,24.6563687369914,0 79.6569285075714,24.6563689795014,0</coordinates></LinearRing></innerBoundaryIs><innerBoundaryIs><LinearRing><coordinates>79.6565371342317,24.6565536662387,0 79.6565350220151,24.656552245131,0 79.6565338624524,24.6565515485517,0 79.6565385332842,24.656550167335,0 79.6565395754973,24.6565550669429,0 79.6565394102296,24.656555396156,0 79.6565391609391,24.6565551877944,0 79.6565371342317,24.6565536662387,0</coordinates></LinearRing></innerBoundaryIs><innerBoundaryIs><LinearRing><coordinates>79.6558025481513,24.6572317310666,0 79.6558047825729,24.6572304955245,0 79.6558048439535,24.6572304573941,0 79.6558056483582,24.6572309882553,0 79.6558078467226,24.6572322830275,0 79.6558101169857,24.6572334696627,0 79.6558124527845,24.6572345448353,0 79.6558148475725,24.6572355055319,0 79.6558172946378,24.6572363490598,0 79.655819787122,24.657237073055,0 79.6558202667445,24.6572371872194,0 79.6558191979726,24.6572381890433,0 79.6557994264575,24.6572332078463,0 79.6558002454053,24.6572328569709,0 79.6558025481513,24.6572317310666,0</coordinates></LinearRing></innerBoundaryIs><innerBoundaryIs><LinearRing><coordinates>79.6596474562047,24.6578796815257,0 79.6596487933593,24.6578776119785,0 79.6596500081078,24.6578754803347,0 79.6596532221236,24.6578694540514,0 79.659659927861,24.6578719091573,0 79.6596602059388,24.6578720100752,0 79.6596752672447,24.6578774278134,0 79.6596669366896,24.6578774529807,0 79.6596643651555,24.6578775219664,0 79.6596618010379,24.6578777131977,0 79.6596592512903,24.6578780261561,0 79.6596567228274,24.6578784599927,0 79.659654222506,24.6578790135312,0 79.6596517571066,24.6578796852703,0 79.6596493333151,24.6578804733884,0 79.6596469577044,24.6578813757482,0 79.6596458601825,24.6578818553099,0 79.6596460004333,24.6578816831115,0 79.6596474562047,24.6578796815257,0</coordinates></LinearRing></innerBoundaryIs><innerBoundaryIs><LinearRing><coordinates>79.6609916302567,24.6573220208047,0 79.6609929303231,24.6573223341301,0 79.6609913918723,24.6573235275857,0 79.6609815175681,24.6573315871538,0 79.6609803482097,24.657331039017,0 79.6609808755944,24.6573306413815,0 79.6609916302567,24.6573220208047,0</coordinates></LinearRing></innerBoundaryIs><innerBoundaryIs><LinearRing><coordinates>79.6600387878077,24.6536308815857,0 79.6600576690723,24.6536393074272,0 79.6600589127774,24.6536400062711,0 79.6600434555227,24.6536478110434,0 79.6600265363804,24.6536418629064,0 79.6600240946748,24.6536410710222,0 79.6600216108988,24.6536403972212,0 79.6600190918844,24.6536398433568,0 79.6600165445605,24.6536394109523,0 79.6600145326767,24.6536391683359,0 79.6600350339137,24.6536307939461,0 79.6600387878077,24.6536308815857,0</coordinates></LinearRing></innerBoundaryIs><innerBoundaryIs><LinearRing><coordinates>79.6587186390087,24.6540320433082,0 79.6587243010463,24.6540331128042,0 79.6587268940741,24.6540335370537,0 79.6587295081607,24.6540338343782,0 79.6587321358728,24.6540340039321,0 79.6587347697386,24.6540340452334,0 79.6587374022687,24.6540339581646,0 79.6587400259775,24.6540337429733,0 79.6587426334046,24.6540334002714,0 79.6587452171357,24.6540329310333,0 79.6587477698239,24.6540323365934,0 79.6587502842109,24.654031618642,0 79.6587527531468,24.6540307792204,0 79.6587551696113,24.6540298207157,0 79.6587575267333,24.6540287458532,0 79.6587577340437,24.654028638341,0 79.6587580538801,24.6540291215782,0 79.6587491160371,24.654047755613,0 79.658748139669,24.6540476950934,0 79.6587457301905,24.6540476533991,0 79.6587433213541,24.6540477191441,0 79.6587409188923,24.6540478921719,0 79.6587385285224,24.6540481720709,0 79.6587361559331,24.6540485581748,0 79.658724855937,24.6540506581742,0 79.6587222298343,24.6540512148095,0 79.6587196408669,24.6540519015362,0 79.6587170967445,24.6540527163094,0 79.6587146050434,24.6540536567028,0 79.6587121731836,24.6540547199158,0 79.6587098084072,24.6540559027824,0 79.6587075177561,24.6540572017801,0 79.6587053080519,24.6540586130405,0 79.658703544159,24.6540598758563,0 79.6587027595945,24.6540596588986,0 79.6587002381406,24.654059091912,0 79.6586976875708,24.6540586467917,0 79.6586972363664,24.6540585903132,0 79.658697115978,24.6540574776026,0 79.6586968860946,24.6540560983439,0 79.6586965610279,24.6540390326902,0 79.658697504726,24.6540380527511,0 79.6586990720895,24.654036247165,0 79.6587005365845,24.6540343708306,0 79.6587018943944,24.6540324286378,0 79.6587027485483,24.6540310573006,0 79.6587038400886,24.6540311488676,0 79.6587186390087,24.6540320433082,0</coordinates></LinearRing></innerBoundaryIs><innerBoundaryIs><LinearRing><coordinates>79.6579918742632,24.6549948068727,0 79.657989980094,24.6549931517924,0 79.6579879925529,24.6549915908385,0 79.6579878838387,24.6549915142298,0 79.6579886014102,24.6549906188793,0 79.6579900125813,24.6549886505887,0 79.6579913096165,24.6549866177747,0 79.6579924889921,24.6549845259598,0 79.6579935475039,24.6549823808269,0 79.6579944822764,24.6549801882037,0 79.6579952907701,24.654977954047,0 79.6579959707885,24.6549756844262,0 79.6579965204842,24.6549733855073,0 79.657996938364,24.6549710635358,0 79.6579972232924,24.6549687248197,0 79.6579973744955,24.6549663757128,0 79.6579973915624,24.6549640225968,0 79.6579972821066,24.6549618256089,0 79.6580018347265,24.6549552562536,0 79.6580032087107,24.6549531490749,0 79.6580044554393,24.654950976808,0 79.6580055712317,24.6549487458653,0 79.6580065527943,24.6549464628325,0 79.6580073972295,24.654944134449,0 79.6580081020445,24.6549417675882,0 79.6580086651589,24.6549393692371,0 79.6580090849102,24.6549369464754,0 79.6580093600594,24.6549345064551,0 79.6580094897943,24.6549320563791,0 79.6580094737319,24.6549296034799,0 79.658009419163,24.6549280998194,0 79.6580096982481,24.6549280940256,0 79.6580122453103,24.6549279204746,0 79.6580147791532,24.6549276268461,0 79.6580170284739,24.6549272573761,0 79.6580162577318,24.6549289375194,0 79.6580153859423,24.6549311561984,0 79.6580146420627,24.6549334134401,0 79.6580140281213,24.6549357030902,0 79.658013545792,24.6549380189061,0 79.6580131963898,24.6549403545737,0 79.6580129808674,24.6549427037249,0 79.6580128998123,24.6549450599548,0 79.6580129534457,24.6549474168392,0 79.6580131416213,24.6549497679522,0 79.6580134638259,24.6549521068834,0 79.6580139191813,24.6549544272558,0 79.6580145064457,24.654956722743,0 79.6580152240182,24.6549589870864,0 79.6580160699422,24.6549612141123,0 79.6580161403021,24.6549613721836,0 79.6580153060008,24.6549620550793,0 79.658013503394,24.6549636907552,0 79.6580117951714,24.6549654089505,0 79.6580101858498,24.6549672051224,0 79.6580086796843,24.6549690745214,0 79.6580072806574,24.6549710122048,0 79.6580059924682,24.6549730130493,0 79.6580048185226,24.6549750717644,0 79.6580037619248,24.6549771829068,0 79.6580028254685,24.6549793408944,0 79.657995232894,24.6549982415425,0 79.6579936697301,24.654996551422,0 79.6579918742632,24.6549948068727,0</coordinates></LinearRing></innerBoundaryIs><innerBoundaryIs><LinearRing><coordinates>79.66068862913,24.6536175696401,0 79.6606911102327,24.6536170031518,0 79.660691661326,24.6536168492339,0 79.660691789245,24.6536187522464,0 79.6606920846489,24.6536211111622,0 79.6606924711784,24.653623212536,0 79.6606907751807,24.6536221975791,0 79.660688548258,24.6536210117393,0 79.6606862566921,24.6536199336597,0 79.6606839067207,24.6536189662747,0 79.6606827158655,24.6536185428498,0 79.6606861192741,24.6536180180249,0 79.66068862913,24.6536175696401,0</coordinates></LinearRing></innerBoundaryIs><innerBoundaryIs><LinearRing><coordinates>79.6607263930322,24.6536824372077,0 79.6607242779041,24.6536837652679,0 79.6607222410925,24.6536851919177,0 79.660720288094,24.6536867133073,0 79.6607184241786,24.6536883253312,0 79.6607166543763,24.6536900236393,0 79.6607149834627,24.6536918036488,0 79.6607134159469,24.6536936605561,0 79.6607119560589,24.6536955893505,0 79.6607106077383,24.653697584827,0 79.6607093746234,24.6536996416008,0 79.6607082600419,24.6537017541217,0 79.6607076930376,24.6537029889005,0 79.6607073627893,24.6537027816641,0 79.660705182024,24.6537014890073,0 79.6607029298802,24.6537003029697,0 79.6607006125931,24.6536992268349,0 79.6606982365781,24.6536982635823,0 79.6606958084133,24.6536974158786,0 79.6606941192226,24.6536969175003,0 79.6606949830134,24.6536963404476,0 79.66069698159,24.6536948531324,0 79.6606988925677,24.6536932725794,0 79.6607007107445,24.6536916030909,0 79.6607024311713,24.6536898492112,0 79.6607040491652,24.6536880157146,0 79.6607055603219,24.6536861075917,0 79.660706960528,24.6536841300366,0 79.6607082459722,24.6536820884322,0 79.6607094131553,24.6536799883358,0 79.6607104589004,24.6536778354639,0 79.6607113803609,24.6536756356767,0 79.6607121750285,24.6536733949621,0 79.6607128407402,24.6536711194193,0 79.6607133756839,24.6536688152424,0 79.6607137784034,24.6536664887035,0 79.6607140478026,24.6536641461354,0 79.6607141831482,24.6536617939147,0 79.6607141835953,24.6536606534275,0 79.6607283914974,24.6536813173784,0 79.6607263930322,24.6536824372077,0</coordinates></LinearRing></innerBoundaryIs><innerBoundaryIs><LinearRing><coordinates>79.6578248763494,24.6554328639513,0 79.6578274365502,24.655433108977,0 79.6578300072414,24.6554332317914,0 79.6578325814427,24.655433232061,0 79.6578351521646,24.655433109785,0 79.6578377124269,24.6554328652954,0 79.6578402552776,24.6554324992562,0 79.6578561018155,24.6554298297686,0 79.6578636137164,24.6554319842567,0 79.657861473746,24.6554331136275,0 79.6578592852536,24.6554344141302,0 79.6578571749869,24.6554358184674,0 79.6578551488385,24.6554373227175,0 79.6578532124659,24.6554389226805,0 79.6578513712762,24.6554406138885,0 79.6578404702824,24.6554511706423,0 79.6578217822938,24.6554323907454,0 79.6578223335905,24.6554324973796,0 79.6578248763494,24.6554328639513,0</coordinates></LinearRing></innerBoundaryIs><innerBoundaryIs><LinearRing><coordinates>79.6624446109109,24.6551583415791,0 79.6624459711495,24.6551581903066,0 79.6624456693002,24.6551602832385,0 79.6624454654708,24.6551626579336,0 79.662445399818,24.6551650088482,0 79.6624444903608,24.6551631881026,0 79.662443300803,24.6551611017136,0 79.6624419939352,24.6551590747885,0 79.6624415944147,24.6551585230314,0 79.662442089292,24.6551585029688,0 79.6624446109109,24.6551583415791,0</coordinates></LinearRing></innerBoundaryIs><innerBoundaryIs><LinearRing><coordinates>79.6625825284653,24.65525797775,0 79.6625847906802,24.655257191273,0 79.6625870080292,24.6552563044783,0 79.6625891751894,24.6552553194944,0 79.6625912869589,24.6552542386859,0 79.6625933382683,24.6552530646473,0 79.662618338273,24.655237964643,0 79.6626202786842,24.6552367306745,0 79.6626221522803,24.6552354132849,0 79.6626239547711,24.6552340154909,0 79.6626276323498,24.655231022383,0 79.662627313544,24.6552315807442,0 79.6626262284672,24.6552337543647,0 79.6626252707285,24.6552359774,0 79.6626244430098,24.6552382436246,0 79.6626243430097,24.6552385436246,0 79.6626236230954,24.6552409376284,0 79.6626230482716,24.6552433641795,0 79.6626226914745,24.6552454080847,0 79.6626220866568,24.6552455487216,0 79.6626196502593,24.6552462394261,0 79.6626172561235,24.6552470441469,0 79.6626149106328,24.6552479607385,0 79.6626126200415,24.6552489867567,0 79.662610390457,24.6552501194659,0 79.6626082278243,24.6552513558458,0 79.6626061379099,24.6552526925997,0 79.6626041262862,24.6552541261633,0 79.662602198317,24.6552556527141,0 79.662600359143,24.6552572681819,0 79.6625986136683,24.6552589682591,0 79.6625969665469,24.6552607484126,0 79.6625954221707,24.6552626038959,0 79.6625939846576,24.6552645297616,0 79.6625928574959,24.6552662212579,0 79.6625897857798,24.6552662561638,0 79.662587149102,24.6552663505343,0 79.6625845216991,24.6552665734324,0 79.6625819110671,24.6552669242221,0 79.6625793246544,24.6552674019026,0 79.6625767698399,24.6552680051111,0 79.6625747082993,24.6552686008246,0 79.6625812897399,24.655258346018,0 79.6625825284653,24.65525797775,0</coordinates></LinearRing></innerBoundaryIs><innerBoundaryIs><LinearRing><coordinates>79.6622189422003,24.6547295880301,0 79.662221010997,24.6547281207713,0 79.6622229918112,24.6547265553868,0 79.6622248790768,24.6547248962752,0 79.6622266674909,24.6547231480986,0 79.662228352028,24.6547213157692,0 79.6622299279546,24.6547194044358,0 79.6622313908425,24.6547174194692,0 79.6622327365811,24.654715366447,0 79.6622339613888,24.6547132511382,0 79.6622350618241,24.6547110794866,0 79.6622360347947,24.6547088575945,0 79.6622368775667,24.6547065917053,0 79.6622375877719,24.6547042881861,0 79.6622381634146,24.6547019535096,0 79.6622386028775,24.6546995942361,0 79.6622389049255,24.6546972169952,0 79.6622390687101,24.6546948284668,0 79.6622390937708,24.6546924353625,0 79.6622389800374,24.6546900444067,0 79.6622387278295,24.6546876623181,0 79.6622383378556,24.6546852957901,0 79.6622378112117,24.6546829514726,0 79.6622373338449,24.6546812813378,0 79.6622559338925,24.6546997657137,0 79.6622544632166,24.6547009786049,0 79.6622526517961,24.6547026361987,0 79.662250936898,24.6547043774328,0 79.6622493231398,24.654706197619,0 79.6622478148666,24.6547080918562,0 79.6622464161394,24.6547100550443,0 79.6622451307243,24.6547120818972,0 79.6622439620825,24.6547141669575,0 79.6622429133605,24.6547163046113,0 79.662241987382,24.6547184891028,0 79.6622411866402,24.6547207145501,0 79.6622405132913,24.6547229749612,0 79.6622399691482,24.6547252642499,0 79.662239555676,24.6547275762521,0 79.6622392739881,24.6547299047427,0 79.6622391248428,24.6547322434523,0 79.6622391086419,24.6547345860836,0 79.6622392254289,24.6547369263292,0 79.6622394748893,24.6547392578878,0 79.6622398563516,24.6547415744816,0 79.6622403687886,24.6547438698731,0 79.6622404727705,24.6547442371943,0 79.6622390770355,24.6547446311675,0 79.6622366224192,24.6547454564307,0 79.662234219035,24.6547463992618,0 79.6622318736195,24.6547474570181,0 79.6622140902693,24.6547560193728,0 79.6622130666057,24.6547548248511,0 79.6622113338017,24.654753011027,0 79.6622094976485,24.6547512842113,0 79.6622075633691,24.6547496493158,0 79.6622055364652,24.6547481109909,0 79.6622034227024,24.6547466736122,0 79.662201228093,24.6547453412683,0 79.6621989588796,24.6547441177489,0 79.6621966540652,24.6547430220083,0 79.6622167912344,24.6547309530402,0 79.6622189422003,24.6547295880301,0</coordinates></LinearRing></innerBoundaryIs><innerBoundaryIs><LinearRing><coordinates>79.6621909786339,24.6546350615866,0 79.6621913288177,24.6546354700427,0 79.6621930374448,24.6546372603818,0 79.6621979363706,24.6546421288472,0 79.6621898953255,24.6546365121191,0 79.6621909786339,24.6546350615866,0</coordinates></LinearRing></innerBoundaryIs><innerBoundaryIs><LinearRing><coordinates>79.6621888179557,24.6544766107527,0 79.6621889608901,24.6544754304556,0 79.6621895164524,24.6544765127413,0 79.6621889652972,24.6544765843292,0 79.6621888179557,24.6544766107527,0</coordinates></LinearRing></innerBoundaryIs><innerBoundaryIs><LinearRing><coordinates>79.6621143984046,24.654521934981,0 79.6621133793413,24.6545197310158,0 79.6621122339468,24.6545175794852,0 79.662110965438,24.6545154864323,0 79.6621095773778,24.6545134577356,0 79.6621080736647,24.6545114990931,0 79.6621064585222,24.6545096160058,0 79.6621047364866,24.6545078137627,0 79.6621036049345,24.6545067490551,0 79.6621040039987,24.654506691086,0 79.6621064837673,24.6545062105416,0 79.6621082540671,24.6545058238552,0 79.6621093832769,24.6545066747418,0 79.6621114654932,24.6545080829151,0 79.6621136256133,24.6545093894063,0 79.6621158576982,24.6545105906233,0 79.662118155611,24.6545116832636,0 79.6621205130336,24.6545126643229,0 79.6621229234844,24.6545135311039,0 79.6621253803361,24.6545142812234,0 79.6621278768338,24.654514912619,0 79.6621304061134,24.6545154235548,0 79.6621329612209,24.6545158126259,0 79.6621355351312,24.6545160787626,0 79.6621381207674,24.6545162212333,0 79.6621407110206,24.6545162396461,0 79.662140780446,24.6545162368105,0 79.6621211588933,24.654537709444,0 79.6621143984046,24.654521934981,0</coordinates></LinearRing></innerBoundaryIs><innerBoundaryIs><LinearRing><coordinates>79.6583508337429,24.6543627917055,0 79.6583506954197,24.6543626096596,0 79.6583507409149,24.6543625621934,0 79.6583508337429,24.6543627917055,0</coordinates></LinearRing></innerBoundaryIs><innerBoundaryIs><LinearRing><coordinates>79.6615813530447,24.6540143870568,0 79.6615834674877,24.6540129916746,0 79.661585498403,24.6540114962525,0 79.6615874401301,24.6540099049586,0 79.6615892872567,24.6540082222285,0 79.6615910346343,24.6540064527521,0 79.6615916350575,24.6540057761111,0 79.6615917598246,24.6540058054471,0 79.6615943192782,24.6540062770643,0 79.661596902422,24.6540066244384,0 79.6616090315836,24.6540079573137,0 79.661608071995,24.6540085698072,0 79.6616060487619,24.6540100095331,0 79.6616041099985,24.6540115432646,0 79.6616022609285,24.6540131668694,0 79.661600506534,24.6540148759729,0 79.6615988515416,24.6540166659703,0 79.6615973004106,24.6540185320389,0 79.66159585732,24.6540204691509,0 79.6615945261582,24.6540224720871,0 79.6615933105116,24.6540245354509,0 79.6615922136555,24.6540266536831,0 79.6615912385452,24.6540288210765,0 79.661590387808,24.6540310317914,0 79.661589663736,24.6540332798716,0 79.6615890682802,24.65403555926,0 79.6615890047571,24.654035873923,0 79.6615884278014,24.6540338688958,0 79.6615876321862,24.6540315987004,0 79.6615867065662,24.654029370048,0 79.6615856535217,24.654027189152,0 79.6615844759886,24.6540250620923,0 79.6615831772496,24.6540229947989,0 79.6615817609256,24.6540209930353,0 79.661580230965,24.654019062382,0 79.6615785916333,24.6540172082216,0 79.6615778196521,24.6540164236852,0 79.6615791609676,24.6540156785098,0 79.6615813530447,24.6540143870568,0</coordinates></LinearRing></innerBoundaryIs><innerBoundaryIs><LinearRing><coordinates>79.6615903651019,24.6540587037698,0 79.6615912122104,24.6540609156483,0 79.6615935330697,24.654066505898,0 79.6615928020702,24.6540663453117,0 79.6615902947294,24.6540659182286,0 79.661587766611,24.654065609982,0 79.6615858121907,24.6540654649944,0 79.6615864445012,24.6540642027397,0 79.6615874035671,24.6540619859303,0 79.6615882332653,24.6540597259481,0 79.6615889312828,24.6540574290934,0 79.6615893980733,24.6540555042343,0 79.6615896447199,24.6540564546997,0 79.6615903651019,24.6540587037698,0</coordinates></LinearRing></innerBoundaryIs><innerBoundaryIs><LinearRing><coordinates>79.6616437764653,24.6541550437104,0 79.6616442658118,24.6541545179688,0 79.66164968136,24.6541657413708,0 79.661649065811,24.6541650241821,0 79.6616473816438,24.6541632587383,0 79.6616455995593,24.654161575493,0 79.6616411024989,24.6541575426468,0 79.6616419972271,24.6541567638116,0 79.6616437764653,24.6541550437104,0</coordinates></LinearRing></innerBoundaryIs><innerBoundaryIs><LinearRing><coordinates>79.661660322524,24.6541915193261,0 79.6616602848808,24.6541907109699,0 79.6616600432645,24.6541883792204,0 79.6616597615384,24.6541866319363,0 79.661662150281,24.6541915824611,0 79.661660322524,24.6541915193261,0</coordinates></LinearRing></innerBoundaryIs><innerBoundaryIs><LinearRing><coordinates>79.6612134015723,24.6535403812161,0 79.6612117311441,24.6535421900794,0 79.6612110379843,24.6535417982934,0 79.6612057896469,24.6535337632356,0 79.661213652764,24.6535401366451,0 79.6612134015723,24.6535403812161,0</coordinates></LinearRing></innerBoundaryIs><innerBoundaryIs><LinearRing><coordinates>79.6615459946282,24.6533574556638,0 79.6615452822251,24.6533572703291,0 79.6615442875136,24.6533570620754,0 79.6615462412691,24.6533567366268,0 79.6615459946282,24.6533574556638,0</coordinates></LinearRing></innerBoundaryIs><innerBoundaryIs><LinearRing><coordinates>79.6617363318019,24.65331036952,0 79.6617337935866,24.6533108510564,0 79.661731286506,24.6533114536159,0 79.6617288174639,24.6533121755394,0 79.6617263932594,24.6533130148387,0 79.661724020568,24.6533139692028,0 79.6617217059234,24.6533150360036,0 79.6617194556997,24.6533162123034,0 79.6617172760931,24.653317494863,0 79.6617151731058,24.6533188801505,0 79.6617131525289,24.6533203643514,0 79.6617112199263,24.6533219433785,0 79.66170938062,24.6533236128836,0 79.661707639675,24.6533253682694,0 79.6617060018852,24.653327204702,0 79.6617044717607,24.6533291171245,0 79.6617030535151,24.6533311002704,0 79.6617017510538,24.6533331486789,0 79.6617005679634,24.653335256709,0 79.6616995075019,24.653337418556,0 79.6616991139961,24.6533383486259,0 79.6616874081608,24.6533187210343,0 79.6617383659318,24.6533097284803,0 79.6617391478581,24.6533095711581,0 79.6617386665075,24.6533100422451,0 79.6617363318019,24.65331036952,0</coordinates></LinearRing></innerBoundaryIs><innerBoundaryIs><LinearRing><coordinates>79.661854711536,24.6541433879577,0 79.6618520839725,24.6541442617168,0 79.6618567204683,24.6541177187708,0 79.661859861376,24.6541284595673,0 79.661854711536,24.6541433879577,0</coordinates></LinearRing></innerBoundaryIs><innerBoundaryIs><LinearRing><coordinates>79.662237546044,24.6549208514907,0 79.6622401128877,24.6549205190391,0 79.6622426571131,24.6549200639818,0 79.6622451717133,24.6549194875722,0 79.6622476497632,24.6549187913975,0 79.6622500844381,24.6549179773751,0 79.6622524690329,24.6549170477469,0 79.6622547969805,24.6549160050729,0 79.6622570618697,24.6549148522248,0 79.6622592574629,24.6549135923775,0 79.6622613777135,24.6549122290006,0 79.6622634167823,24.6549107658489,0 79.6622653690537,24.6549092069519,0 79.6622672291511,24.6549075566028,0 79.6622689919518,24.6549058193466,0 79.6622706526011,24.6549039999679,0 79.6622722065254,24.6549021034771,0 79.6622736494454,24.6549001350973,0 79.6622819466514,24.6548881476318,0 79.6622935991755,24.6549056636952,0 79.6622927100936,24.6549071557972,0 79.6622915920554,24.6549092917018,0 79.6622905980824,24.6549114782368,0 79.6622897309084,24.6549137093883,0 79.6622889929186,24.6549159790196,0 79.6622883861426,24.6549182808885,0 79.6622879122494,24.6549206086638,0 79.6622875725425,24.6549229559431,0 79.662287367956,24.6549253162706,0 79.6622872990528,24.6549276831544,0 79.6622873660224,24.6549300500844,0 79.6622875686805,24.6549324105508,0 79.6622879064698,24.6549347580614,0 79.6622883784612,24.6549370861593,0 79.6622889833566,24.6549393884415,0 79.6622897194923,24.6549416585758,0 79.6622905848436,24.6549438903183,0 79.6622913717428,24.6549456249873,0 79.6622360079379,24.6549209759323,0 79.662237546044,24.6549208514907,0</coordinates></LinearRing></innerBoundaryIs><innerBoundaryIs><LinearRing><coordinates>79.6627617856934,24.655939908461,0 79.6627606641249,24.6559405364911,0 79.6627638311706,24.6559361104643,0 79.662763705981,24.6559389540303,0 79.6627617856934,24.655939908461,0</coordinates></LinearRing></innerBoundaryIs><innerBoundaryIs><LinearRing><coordinates>79.6627370780888,24.6559734985641,0 79.6627375836449,24.6559727920371,0 79.6627374622925,24.655973557942,0 79.6627370780888,24.6559734985641,0</coordinates></LinearRing></innerBoundaryIs><innerBoundaryIs><LinearRing><coordinates>79.6604965183977,24.6575307090945,0 79.6604939836497,24.6575301924152,0 79.6604914226933,24.6575297981821,0 79.6604888426056,24.6575295274848,0 79.6604826426078,24.6575290274851,0 79.6604802479774,24.6575288878311,0 79.660477908408,24.6575288554292,0 79.6604892256611,24.65751577727,0 79.6604968451121,24.6575181077306,0 79.6604980737341,24.6575243689887,0 79.6604985965993,24.6575266832331,0 79.6604992512483,24.6575289693057,0 79.6605000358878,24.6575312209435,0 79.660500243058,24.6575317229385,0 79.6604990199322,24.6575313467921,0 79.6604965183977,24.6575307090945,0</coordinates></LinearRing></innerBoundaryIs></Polygon>
  </Placemark>
  
    </Document>
</kml>