<?xml version="1.0" encoding="UTF-8"?>
<kml xmlns="http://www.opengis.net/kml/2.2">
    <Document>
        <Placemark xmlns:ns0="http://www.opengis.net/kml/2.2">
	<Style><LineStyle><color>ff0000ff</color></LineStyle><PolyStyle><fill>0</fill></PolyStyle></Style>
	<ExtendedData><SchemaData schemaUrl="#Wave23_v27MAR2025">
		<SimpleData name="area(ha)">6.811624830120918</SimpleData>
		<SimpleData name="site_id">230063_2.2</SimpleData>
		<SimpleData name="Land_parc">230063</SimpleData>
		<SimpleData name="district">Chhatarpur</SimpleData>
		<SimpleData name="block">Bada Malahara</SimpleData>
		<SimpleData name="village">Bhayora</SimpleData>
		<SimpleData name="Land Type">Community</SimpleData>
		<SimpleData name="Instance">Wave 2023</SimpleData>
	</SchemaData></ExtendedData>
      <Polygon><outerBoundaryIs><LinearRing><coordinates>79.1283855482853,24.5106191506424,0 79.1285526723366,24.5120832970247,0 79.1285652570205,24.5120995122042,0 79.1284751274762,24.5120983942811,0 79.1284748585857,24.5120989437942,0 79.1284739253035,24.5121011557813,0 79.1284731202599,24.5121034095562,0 79.1284724456765,24.5121056989001,0 79.1284719034146,24.5121080174958,0 79.1284714949706,24.5121103589457,0 79.1284712214714,24.5121127167889,0 79.1284710836717,24.5121150845194,0 79.1284710819518,24.5121174556038,0 79.1284712163165,24.5121198234995,0 79.1284714863949,24.5121221816728,0 79.1284718914419,24.5121245236167,0 79.1284847914176,24.5121882236193,0 79.1284853110258,24.5121904691239,0 79.1284859547196,24.5121926875583,0 79.1284867208346,24.5121948731864,0 79.1284876073899,24.5121970203568,0 79.1284886120932,24.5121991235174,0 79.1284897323466,24.5122011772302,0 79.1284915323457,24.5122042772306,0 79.1284927918501,24.5122063168084,0 79.1284941653102,24.5122082938523,0 79.1284956490267,24.5122102030375,0 79.1284972390032,24.5122120392214,0 79.1284989309572,24.5122137974584,0 79.1285007203315,24.5122154730128,0 79.1285026023064,24.5122170613715,0 79.128504571813,24.5122185582563,0 79.1285066235463,24.5122199596353,0 79.1285087519801,24.512221261734,0 79.1285109513815,24.5122224610453,0 79.1285132158266,24.5122235543388,0 79.1285155392161,24.5122245386698,0 79.128517915292,24.512225411387,0 79.1285529153015,24.5122373113915,0 79.128555407262,24.5122380900615,0 79.1285579410825,24.5122387459668,0 79.1285605095442,24.5122392772387,0 79.1285631053293,24.5122396823635,0 79.1285657210425,24.5122399601871,0 79.1285683492314,24.5122401099179,0 79.1285709824083,24.5122401311294,0 79.1285736130712,24.512240023761,0 79.1285762337253,24.5122397881188,0 79.1285788369043,24.512239424874,0 79.1285814151915,24.5122389350616,0 79.1285839612414,24.512238320077,0 79.1285864678003,24.5122375816724,0 79.1286173084583,24.5122276576998,0 79.1286215315042,24.5122364537724,0 79.1286225452975,24.5122384337083,0 79.1286236626914,24.5122403664043,0 79.128624881064,24.5122422473259,0 79.1286261975568,24.5122440720596,0 79.1286276090807,24.5122458363242,0 79.128629112324,24.5122475359801,0 79.128639099938,24.5122582853653,0 79.1286390022901,24.5122583376546,0 79.1286368973172,24.5122596009822,0 79.1286348655192,24.5122609609098,0 79.1286329121866,24.5122624138963,0 79.1286310424055,24.5122639561584,0 79.1286292610446,24.5122655836803,0 79.1286275727422,24.5122672922241,0 79.1286259818945,24.5122690773412,0 79.1286244926437,24.5122709343833,0 79.1286231088675,24.5122728585151,0 79.1286218341693,24.5122748447262,0 79.128620671868,24.5122768878451,0 79.1286143718651,24.5122886878431,0 79.1286132941232,24.5122908488658,0 79.1286123421239,24.5122930587697,0 79.1286115185034,24.5122953114351,0 79.1286108255427,24.5122976006236,0 79.1286102651607,24.5122999199958,0 79.1286098389093,24.5123022631286,0 79.128609547969,24.5123046235332,0 79.1286093931454,24.5123069946729,0 79.1286093748674,24.5123093699814,0 79.1286094931855,24.5123117428806,0 79.1286097477721,24.5123141067994,0 79.1286101379221,24.5123164551912,0 79.1286106625552,24.5123187815528,0 79.1286113202185,24.5123210794416,0 79.1286121090907,24.5123233424942,0 79.1286130269872,24.5123255644435,0 79.128614071366,24.5123277391362,0 79.1286152393351,24.51232986055,0 79.1286165276599,24.51233192281,0 79.1286166069221,24.5123320354828,0 79.1285997544319,24.5123412193987,0 79.1285975588935,24.5123424886756,0 79.1285954394014,24.5123438619061,0 79.1285934018294,24.5123453352845,0 79.128591451824,24.5123469047279,0 79.1285895947892,24.5123485658868,0 79.1285878358714,24.5123503141577,0 79.1285861799449,24.5123521446959,0 79.1285846315988,24.5123540524282,0 79.1285831951239,24.512356032068,0 79.1285818745012,24.5123580781292,0 79.1285806733902,24.5123601849416,0 79.1285795951198,24.5123623466666,0 79.128578642678,24.5123645573136,0 79.1285778187042,24.5123668107563,0 79.1285771254821,24.5123691007499,0 79.1285765649326,24.512371420948,0 79.1285761386091,24.512373764921,0 79.1285758476933,24.5123761261731,0 79.1285756929912,24.5123784981605,0 79.1285756749316,24.5123808743099,0 79.1285757935646,24.5123832480364,0 79.1285760485613,24.5123856127618,0 79.1285764392152,24.5123879619328,0 79.1285769644437,24.5123902890392,0 79.1285776227911,24.5123925876321,0 79.1285784124331,24.5123948513414,0 79.1285793311814,24.5123970738937,0 79.1285803764898,24.51239924913,0 79.1285815454616,24.5124013710219,0 79.1285828348573,24.5124034336891,0 79.1285842411035,24.5124054314156,0 79.1285956956128,24.512420799556,0 79.1286191639858,24.5124551046221,0 79.1286108856007,24.5124839278621,0 79.1286103099691,24.5124861616244,0 79.1286098591724,24.5124884192689,0 79.1286095343758,24.5124906949593,0 79.128609336419,24.5124929828128,0 79.1286092658139,24.5124952769149,0 79.1286093227428,24.5124975713353,0 79.1286095070587,24.5124998601426,0 79.1286109070537,24.5125127601427,0 79.1286112341094,24.5125151326751,0 79.1286116980335,24.5125174860306,0 79.1286122975241,24.5125198136042,0 79.1286130308986,24.5125221088633,0 79.1286138960987,24.5125243653658,0 79.128614890696,24.5125265767786,0 79.1286160118991,24.512528736895,0 79.1286172565612,24.5125308396523,0 79.1286186211889,24.5125328791488,0 79.1286201019523,24.5125348496605,0 79.1286216946953,24.5125367456567,0 79.1286233949478,24.5125385618161,0 79.1286251979376,24.5125402930414,0 79.1286270986045,24.5125419344736,0 79.128629091614,24.5125434815058,0 79.1286311713724,24.5125449297961,0 79.1286333320425,24.5125462752795,0 79.1286355675601,24.5125475141799,0 79.128637871651,24.51254864302,0 79.1286402378483,24.5125496586317,0 79.1286422378488,24.5125504586319,0 79.1286446436163,24.5125513527015,0 79.1286470974664,24.5125521297181,0 79.1286495926011,24.512552787529,0 79.1286521221082,24.5125533243121,0 79.1286546789801,24.5125537385802,0 79.1286572561335,24.5125540291856,0 79.1286584391101,24.51255410506,0 79.1286583855261,24.5125543667833,0 79.1286580411188,24.5125567362308,0 79.1286578342849,24.5125591190371,0 79.1286577656043,24.5125615085203,0 79.1286578352698,24.5125638979796,0 79.128658043086,24.5125662807144,0 79.1286583884701,24.5125686500429,0 79.1286588704535,24.5125709993209,0 79.1286594876847,24.5125733219604,0 79.1286602384328,24.5125756114482,0 79.1286611205925,24.512577861364,0 79.12866213169,24.5125800653985,0 79.12866326889,24.5125822173709,0 79.1286747007407,24.5126024641571,0 79.1286756849749,24.512634565742,0 79.1286758189545,24.5126368565796,0 79.1286760799731,24.5126391382303,0 79.1286764673564,24.5126414048003,0 79.1286769801037,24.512643650435,0 79.1286776168907,24.5126458693336,0 79.1286783760723,24.5126480557645,0 79.1286792556877,24.51265020408,0 79.1286802534646,24.5126523087309,0 79.1286813668258,24.5126543642805,0 79.1286825928953,24.5126563654193,0 79.1286839285061,24.5126583069781,0 79.1286853702082,24.5126601839417,0 79.1286869142776,24.5126619914618,0 79.1286885567258,24.5126637248693,0 79.1286902933101,24.5126653796867,0 79.128692119545,24.5126669516395,0 79.1287125710851,24.5126836798193,0 79.1287122146147,24.5126909874021,0 79.1287121680267,24.5126934522213,0 79.1287122685807,24.5126959156917,0 79.128712515977,24.5126983704654,0 79.1287129094777,24.5127008092208,0 79.128713447909,24.5127032246837,0 79.128714129665,24.5127056096495,0 79.1287149527122,24.5127079570046,0 79.1287159145958,24.5127102597475,0 79.1287170124467,24.51271251101,0 79.1287182429904,24.512714704077,0 79.128737242982,24.512746404082,0 79.1287384922045,24.5127483692496,0 79.1287398479844,24.5127502743776,0 79.1287413068826,24.5127521146335,0 79.1287428651984,24.5127538853491,0 79.128744518979,24.512755582033,0 79.1287462640295,24.5127572003812,0 79.1287480959233,24.5127587362887,0 79.1287500100136,24.5127601858595,0 79.1287520014452,24.5127615454165,0 79.1287540651664,24.512762811511,0 79.1287602651674,24.5127664115122,0 79.1287624652034,24.5127676167382,0 79.1287647307116,24.512768715747,0 79.1287670555716,24.5127697055695,0 79.1287694335026,24.5127705835315,0 79.1287718580805,24.5127713472613,0 79.1287743227551,24.5127719946954,0 79.1287768208677,24.5127725240849,0 79.1287793456697,24.5127729339994,0 79.12878189034,24.5127732233317,0 79.128784448004,24.5127733913,0 79.1287870117519,24.5127734374507,0 79.1287895746576,24.5127733616589,0 79.1287921297972,24.5127731641294,0 79.1287921336455,24.5127731636466,0 79.1287988587056,24.5128070616505,0 79.1287993936212,24.5128094030486,0 79.1288000633496,24.5128117152326,0 79.1288008660099,24.5128139917094,0 79.1288017993481,24.5128162260862,0 79.1288028607433,24.5128184120882,0 79.1288040472147,24.5128205435767,0 79.1288053554305,24.5128226145661,0 79.128806781717,24.5128246192405,0 79.1288083220688,24.5128265519703,0 79.1288099721604,24.5128284073279,0 79.1288117273577,24.5128301801032,0 79.1288135827319,24.5128318653178,0 79.1288155330727,24.5128334582392,0 79.128817572903,24.512834954394,0 79.1288196964946,24.5128363495809,0 79.1288218978839,24.5128376398817,0 79.1288241708889,24.512838821673,0 79.1288265091266,24.5128398916362,0 79.1288495527673,24.5128497467819,0 79.1288496583467,24.512850513851,0 79.1288484615223,24.5128538242127,0 79.1288477343226,24.5128560215248,0 79.1288471301736,24.5128582498247,0 79.1288466506383,24.512860503348,0 79.1288462969572,24.512862776265,0 79.1288460700452,24.5128650626955,0 79.1288459704895,24.5128673567248,0 79.1288459985475,24.5128696524182,0 79.1288461541467,24.512871943837,0 79.1288464368845,24.5128742250531,0 79.1288468460295,24.5128764901653,0 79.1288473805234,24.5128787333138,0 79.1288480389833,24.5128809486955,0 79.1288488197059,24.5128831305794,0 79.1288497206714,24.5128852733211,0 79.1288507395492,24.5128873713772,0 79.1288518737033,24.5128894193203,0 79.1288531201999,24.5128914118524,0 79.1288680236098,24.5129138891411,0 79.12886834299,24.5129161864791,0 79.1288688130881,24.5129185527468,0 79.1288694202691,24.5129208927466,0 79.128870162809,24.5129231998356,0 79.1288710386001,24.512925467464,0 79.1288923385833,24.5129762674695,0 79.1288932879668,24.512978371486,0 79.1288943520728,24.5129804290371,0 79.1288955281954,24.5129824348903,0 79.1288968133436,24.5129843839445,0 79.1288982042491,24.5129862712432,0 79.1289095089402,24.5130008058532,0 79.1289145733809,24.5130165467003,0 79.128915397547,24.5130188736077,0 79.1289163582695,24.5130211562508,0 79.128917452727,24.5130233879265,0 79.1289186777058,24.5130255620816,0 79.1289200296085,24.5130276723316,0 79.1289215044653,24.5130297124795,0 79.1289230979453,24.5130316765344,0 79.1289248053691,24.5130335587288,0 79.1289266217228,24.5130353535355,0 79.1289285416726,24.513037055684,0 79.1289305595804,24.513038660176,0 79.1289660740834,24.5130653883558,0 79.1289669512443,24.5130669812675,0 79.1289682637192,24.5130690774558,0 79.1289696968869,24.5130711063967,0 79.1289712466426,24.5130730622783,0 79.1289729085471,24.5130749394986,0 79.1289746778401,24.5130767326803,0 79.1289974778388,24.5130986326856,0 79.1289993436096,24.5131003316487,0 79.1290013057679,24.5131019371417,0 79.1290033587276,24.513103444594,0 79.1290054966439,24.5131048497138,0 79.1290077134303,24.5131061485008,0 79.1290100027758,24.5131073372575,0 79.1290123581626,24.5131084125995,0 79.1290147728852,24.5131093714654,0 79.1290172400688,24.5131102111254,0 79.1290197526897,24.5131109291889,0 79.1290223035944,24.5131115236117,0 79.1290248855206,24.5131119927015,0 79.1290274911178,24.5131123351227,0 79.1290301129678,24.5131125499006,0 79.1290327436065,24.5131126364237,0 79.1290353755446,24.5131125944457,0 79.129038001289,24.513112424086,0 79.1290406133643,24.5131121258296,0 79.1290432043342,24.5131117005258,0 79.1290527043375,24.5131099005254,0 79.1290551964232,24.5131093663015,0 79.1290576548719,24.5131087145397,0 79.129060073066,24.5131079469943,0 79.1290604302491,24.5131078142592,0 79.1290605839533,24.513109421376,0 79.129060948025,24.5131117829803,0 79.1290614479214,24.5131141236938,0 79.129062082247,24.5131164369819,0 79.1290628492308,24.5131187163865,0 79.1290637467317,24.513120955544,0 79.129064772244,24.5131231482033,0 79.1290659229047,24.5131252882428,0 79.1290671955015,24.5131273696882,0 79.1290685864816,24.5131293867286,0 79.1290700919618,24.5131313337328,0 79.129071707739,24.5131332052652,0 79.1290734293025,24.5131349961011,0 79.1290752518459,24.5131367012408,0 79.1290771702813,24.5131383159239,0 79.1290791792529,24.5131398356427,0 79.1290812731519,24.5131412561544,0 79.1290834461328,24.5131425734933,0 79.1290856921292,24.5131437839818,0 79.1290880048707,24.5131448842404,0 79.1290903779007,24.5131458711974,0 79.1290928045942,24.5131467420975,0 79.1291152409782,24.5131541745856,0 79.1291257766749,24.5131634548646,0 79.1291260901015,24.5131654086096,0 79.1291265911142,24.5131676993646,0 79.1291272209942,24.5131699633347,0 79.1291279780542,24.5131721944555,0 79.1291288602662,24.5131743867507,0 79.1291298652673,24.5131765343478,0 79.1291309903653,24.5131786314941,0 79.1291322325464,24.5131806725722,0 79.1291441709673,24.5131991474261,0 79.129144168384,24.5131993011802,0 79.1291442665069,24.513201689189,0 79.129144502622,24.5132040690999,0 79.1291448760674,24.5132064342426,0 79.1291453857965,24.513208777988,0 79.1291460303806,24.5132110937669,0 79.1291468080131,24.5132133750888,0 79.1291477165145,24.5132156155595,0 79.1291487533383,24.5132178088994,0 79.1291499155786,24.513219948961,0 79.1291511999778,24.513222029746,0 79.129152602936,24.5132240454225,0 79.129154120521,24.5132259903409,0 79.1291557484793,24.5132278590499,0 79.129157482248,24.5132296463118,0 79.1291593169677,24.5132313471174,0 79.1291880829083,24.5132566379849,0 79.1292276083123,24.5132956754327,0 79.1292294149906,24.5132973685433,0 79.1292313161602,24.5132989727039,0 79.1292333065968,24.5133004835062,0 79.1292353808304,24.5133018967985,0 79.1292375331611,24.513303208697,0 79.1292397576741,24.5133044155965,0 79.1292420482564,24.5133055141804,0 79.1292443986134,24.5133065014298,0 79.1292468022861,24.5133073746317,0 79.1292492526693,24.5133081313865,0 79.1292517430292,24.5133087696145,0 79.1292542665221,24.5133092875619,0 79.1292568162133,24.5133096838054,0 79.1292593850963,24.5133099572561,0 79.1292619661117,24.5133101071625,0 79.1292645521666,24.5133101331127,0 79.1292671361546,24.5133100350353,0 79.1292697109747,24.5133098131999,0 79.1292722695513,24.513309468216,0 79.1292748048531,24.5133090010318,0 79.1292773099131,24.5133084129311,0 79.1292797778474,24.5133077055299,0 79.1292822018739,24.5133068807723,0 79.1292845753313,24.5133059409247,0 79.1292868916972,24.5133048885698,0 79.1292891446063,24.5133037265996,0 79.1292913278673,24.5133024582073,0 79.1292934354807,24.5133010868783,0 79.1292954616546,24.5132996163812,0 79.1292974008209,24.5132980507569,0 79.1292992476509,24.5132963943079,0 79.1293009970693,24.5132946515862,0 79.1293026442687,24.5132928273807,0 79.1293041847225,24.5132909267046,0 79.1293056141975,24.5132889547809,0 79.1293069287654,24.5132869170285,0 79.1293081248138,24.5132848190473,0 79.1293091990558,24.5132826666026,0 79.1293101485395,24.5132804656095,0 79.1293109706556,24.5132782221162,0 79.1293116631449,24.5132759422882,0 79.1293122241044,24.5132736323903,0 79.1293126343631,24.5132713949181,0 79.1293143414954,24.5132715397955,0 79.1293169434049,24.5132716343626,0 79.1293195471436,24.5132716031901,0 79.1293221454578,24.513271446365,0 79.1293247311088,24.5132711643241,0 79.1293272968933,24.5132707578531,0 79.1293298356633,24.5132702280844,0 79.129330251897,24.5132701198017,0 79.1293307196974,24.5132711415957,0 79.1293318620549,24.5132733057155,0 79.1293331286845,24.5132754111387,0 79.1293345159956,24.5132774518966,0 79.1293360200555,24.5132794222043,0 79.1293376366004,24.5132813164762,0 79.1293393610477,24.5132831293425,0 79.129341188509,24.513284855664,0 79.1293431138037,24.5132864905469,0 79.1293451314742,24.5132880293566,0 79.1293472358005,24.513289467731,0 79.1293494208174,24.5132908015925,0 79.1293516803307,24.5132920271598,0 79.1293540079353,24.5132931409588,0 79.1293563970327,24.5132941398319,0 79.1293588408503,24.5132950209477,0 79.1293613324604,24.5132957818082,0 79.1293638647998,24.5132964202566,0 79.1293664306897,24.5132969344831,0 79.1293690228563,24.5132973230298,0 79.1293716339514,24.5132975847953,0 79.1293742565729,24.5132977190377,0 79.1293768832863,24.5132977253762,0 79.129417883301,24.5132968253768,0 79.1294204903249,24.513296704947,0 79.1294230867375,24.5132964585229,0 79.12942566527,24.5132960867943,0 79.1294282187036,24.5132955908019,0 79.1294307398898,24.5132949719343,0 79.1294332217704,24.513294231924,0 79.1294356573972,24.5132933728427,0 79.1294380399514,24.5132923970956,0 79.129440362763,24.5132913074142,0 79.1294426193291,24.5132901068492,0 79.1294448033322,24.5132887987617,0 79.1294469086582,24.5132873868137,0 79.1294489294129,24.5132858749582,0 79.1294508599392,24.5132842674275,0 79.1294526948324,24.5132825687222,0 79.1294544289557,24.5132807835979,0 79.1294560574542,24.5132789170521,0 79.1294575757688,24.5132769743103,0 79.129458979649,24.5132749608115,0 79.1294602651644,24.5132728821925,0 79.1294614287163,24.5132707442726,0 79.129462467047,24.5132685530369,0 79.1294633772499,24.5132663146201,0 79.1294641567767,24.5132640352887,0 79.129464803445,24.5132617214239,0 79.1294653154446,24.5132593795035,0 79.129465691342,24.5132570160838,0 79.1294659300849,24.5132546377814,0 79.129466031005,24.5132522512545,0 79.1294659938196,24.5132498631843,0 79.1294658186329,24.5132474802565,0 79.1294655059354,24.5132451091421,0 79.1294650566025,24.5132427564793,0 79.1294644718921,24.5132404288545,0 79.1294637534412,24.513238132784,0 79.1294629032612,24.5132358746959,0 79.1294619237321,24.5132336609117,0 79.1294608175962,24.5132314976292,0 79.1294195175747,24.5131559976399,0 79.1294182840428,24.5131538846601,0 79.12941692973,24.5131518345305,0 79.1294154584507,24.5131498530251,0 79.1294138743486,24.5131479457248,0 79.1294121818854,24.5131461180013,0 79.1294103858278,24.5131443750024,0 79.1294084912343,24.5131427216371,0 79.1294065034409,24.513141162562,0 79.1294044280462,24.5131397021683,0 79.1294022708954,24.5131383445691,0 79.129400038064,24.5131370935879,0 79.1293977358407,24.5131359527481,0 79.1293953707096,24.5131349252628,0 79.129392949332,24.5131340140258,0 79.1293904785275,24.5131332216037,0 79.1293879652551,24.5131325502283,0 79.1293854165933,24.5131320017904,0 79.1293828397203,24.5131315778346,0 79.1293802418936,24.5131312795551,0 79.12937763043,24.5131311077919,0 79.1293750126845,24.5131310630289,0 79.1293723960299,24.5131311453919,0 79.1293716547321,24.5131311867668,0 79.1293717790036,24.5131296429756,0 79.1293718341213,24.5131272943682,0 79.1293717556174,24.5131249463177,0 79.1293715437044,24.513122605184,0 79.1293711989563,24.5131202773079,0 79.129370722307,24.5131179689945,0 79.1293701150474,24.5131156864958,0 79.1293693788223,24.5131134359942,0 79.1293685156258,24.5131112235849,0 79.1293675277958,24.5131090552604,0 79.1293664180079,24.5131069368936,0 79.129365189268,24.513104874222,0 79.1293638449041,24.5131028728324,0 79.1293623885574,24.5131009381456,0 79.1293608241725,24.5130990754018,0 79.1293591559865,24.513097289646,0 79.1293573885176,24.5130955857151,0 79.1293555265532,24.5130939682241,0 79.1293535751363,24.5130924415541,0 79.1293515395524,24.51309100984,0 79.1293494253147,24.5130896769596,0 79.1293472381499,24.5130884465231,0 79.1293449839817,24.513087321863,0 79.1293433793153,24.5130866177447,0 79.1293581814088,24.513059668263,0 79.1293592891597,24.5130575113202,0 79.1293602709416,24.5130553038903,0 79.1293611240175,24.5130530521269,0 79.1293618460096,24.5130507623069,0 79.1293624349051,24.5130484408134,0 79.1293628890625,24.5130460941178,0 79.1293632072158,24.5130437287617,0 79.1293632925461,24.5130426095755,0 79.1293963766619,24.5130568244888,0 79.1293969700482,24.5130574210169,0 79.1293987503987,24.5130590375106,0 79.1294006182434,24.5130605691264,0 79.1294025687541,24.5130620119052,0 79.1294045968894,24.5130633621179,0 79.1294066974067,24.5130646162744,0 79.1294088648768,24.513065771133,0 79.1294110936972,24.5130668237086,0 79.1294133781069,24.5130677712806,0 79.1294157122011,24.5130686113996,0 79.1294178122017,24.5130693113998,0 79.1294202528506,24.5130700595628,0 79.1294215132068,24.5130703800809,0 79.1294330560578,24.5130757973053,0 79.129432423143,24.5130769542162,0 79.1294313940902,24.5130791087782,0 79.1294304890587,24.5130813094454,0 79.1294297105044,24.5130835502462,0 79.1294290605396,24.5130858251003,0 79.1294285409281,24.5130881278349,0 79.1294281530799,24.5130904522018,0 79.1294278980474,24.5130927918938,0 79.1294277765225,24.5130951405623,0 79.1294277888352,24.5130974918342,0 79.1294279349519,24.5130998393294,0 79.1294282144762,24.513102176678,0 79.1294286266496,24.5131044975379,0 79.1294291703537,24.5131067956114,0 79.1294298441132,24.5131090646627,0 79.1294311799535,24.513113140693,0 79.1294311852204,24.5131152803685,0 79.1294313255414,24.5131176343458,0 79.1294315999974,24.5131199784097,0 79.12943200784,24.513122306166,0 79.1294325479565,24.5131246112653,0 79.1294332188737,24.5131268874198,0 79.1294340187616,24.5131291284208,0 79.1294349454382,24.5131313281555,0 79.1294359963758,24.5131334806235,0 79.1294371687078,24.5131355799534,0 79.1294384592363,24.5131376204188,0 79.1294398644411,24.5131395964539,0 79.1294413804892,24.5131415026686,0 79.1294430032452,24.5131433338631,0 79.1294447282827,24.5131450850425,0 79.1294465508961,24.51314675143,0 79.1294484661139,24.5131483284802,0 79.1294504687119,24.5131498118911,0 79.1294525532275,24.5131511976166,0 79.1294547139746,24.5131524818766,0 79.1294569450594,24.5131536611681,0 79.129459240396,24.5131547322742,0 79.1294615937233,24.5131556922733,0 79.1294639986221,24.5131565385466,0 79.1294664485323,24.5131572687859,0 79.1294689367714,24.5131578809992,0 79.1294714565519,24.5131583735165,0 79.1294740010007,24.5131587449943,0 79.129476563177,24.5131589944195,0 79.129479136092,24.5131591211115,0 79.1294817127274,24.5131591247249,0 79.1294842860548,24.5131590052497,0 79.1294913860574,24.5131585052497,0 79.1294916269708,24.5131584824631,0 79.1294930353989,24.5131588244176,0 79.129495637259,24.5131593206394,0 79.1294982645509,24.5131596879412,0 79.1295009096495,24.5131599252567,0 79.129503564878,24.5131600318975,0 79.1295049626876,24.5131600190938,0 79.1295062997256,24.5131609485752,0 79.1295084520551,24.5131622871338,0 79.1295106785385,24.5131635199849,0 79.12951297298,24.5131646436977,0 79.1295153289949,24.5131656551452,0 79.129517740027,24.5131665515129,0 79.1295201993671,24.5131673303064,0 79.1295227001715,24.5131679893586,0 79.1295252354813,24.5131685268355,0 79.1295277982413,24.5131689412414,0 79.1295303813201,24.5131692314232,0 79.1295329775296,24.5131693965734,0 79.1295355796454,24.5131694362323,0 79.1295381804265,24.5131693502897,0 79.1295407726356,24.5131691389847,0 79.1295433490594,24.5131688029054,0 79.1295459025283,24.5131683429868,0 79.1295484259367,24.5131677605089,0 79.1295509122628,24.5131670570924,0 79.1295533545877,24.513166234695,0 79.1295586818721,24.5131642933975,0 79.1295589899403,24.5131645098043,0 79.1295611164681,24.5131658479231,0 79.1295633165704,24.5131670824603,0 79.1295655842259,24.5131682100373,0 79.1295812787444,24.5131755341472,0 79.1295970635423,24.5131863861976,0 79.1295991886086,24.5131877683326,0 79.1296013905141,24.5131890458187,0 79.1296036631089,24.5131902150879,0 79.1296060000457,24.5131912728744,0 79.1296083947974,24.5131922162239,0 79.1296095216326,24.5131925968964,0 79.1296085476767,24.5131942198103,0 79.1296074230405,24.5131963516429,0 79.1296064221009,24.5131985344877,0 79.1296055476107,24.5132007623413,0 79.1296048019751,24.5132030290766,0 79.1296041872446,24.5132053284596,0 79.12960370511,24.5132076541666,0 79.1296033568972,24.5132099998012,0 79.1296031435639,24.5132123589124,0 79.1296030656967,24.5132147250123,0 79.12960312351,24.5132170915934,0 79.1296033168446,24.5132194521472,0 79.1296036451689,24.5132218001816,0 79.1296041075799,24.5132241292389,0 79.1296047028058,24.5132264329139,0 79.1296054292098,24.5132287048707,0 79.129606284794,24.5132309388611,0 79.1296207847824,24.5132658388648,0 79.1296217563871,24.5132680063288,0 79.129622849591,24.5132701247522,0 79.1296240614496,24.5132721884286,0 79.1296253886985,24.5132741917993,0 79.1296268277627,24.5132761294681,0 79.1296283747659,24.5132779962156,0 79.1296300255411,24.5132797870136,0 79.1296317756418,24.5132814970382,0 79.1296336203537,24.5132831216834,0 79.1296355547081,24.513284656573,0 79.1296375734946,24.5132860975727,0 79.1296396712752,24.5132874408008,0 79.1296418423994,24.5132886826394,0 79.1296863306864,24.5133126829051,0 79.1296875668528,24.5133142222828,0 79.1297050581886,24.5133517037457,0 79.129729887413,24.5134329543429,0 79.1297306327286,24.5134351718741,0 79.1297315015909,24.5134373514387,0 79.1297324917046,24.5134394872788,0 79.1297336004541,24.5134415737521,0 79.1297348249104,24.5134436053467,0 79.1297361618388,24.5134455766957,0 79.1297376077075,24.5134474825912,0 79.129753307704,24.5134670825951,0 79.1297548787752,24.5134689405293,0 79.1297565533619,24.5134707211664,0 79.129758326929,24.5134724196838,0 79.1297601946731,24.5134740314815,0 79.1297621515356,24.5134755521941,0 79.1297641922167,24.513476977703,0 79.1297663111897,24.5134783041475,0 79.1297685027155,24.5134795279352,0 79.129770760859,24.5134806457515,0 79.1297730795042,24.5134816545692,0 79.1297754523716,24.513482551656,0 79.1297778730345,24.5134833345823,0 79.1297803349371,24.5134840012276,0 79.1297828314117,24.5134845497865,0 79.129785355697,24.5134849787732,0 79.1297879009564,24.5134852870261,0 79.1297904602966,24.5134854737101,0 79.129793026786,24.5134855383197,0 79.1297955934737,24.51348548068,0 79.1297981534082,24.5134853009469,0 79.1298006996565,24.5134849996073,0 79.1298032253223,24.5134845774774,0 79.1298057235655,24.5134840357004,0 79.1298081876198,24.5134833757435,0 79.129810610812,24.5134825993943,0 79.129812986579,24.5134817087552,0 79.1298153084867,24.5134807062385,0 79.1298175702464,24.5134795945592,0 79.1298197657327,24.5134783767282,0 79.1298218889993,24.5134770560438,0 79.1298239342959,24.5134756360828,0 79.129825896083,24.5134741206909,0 79.1298277690475,24.5134725139723,0 79.1298295481168,24.5134708202786,0 79.1298312284727,24.5134690441968,0 79.129832805564,24.5134671905371,0 79.1298342751196,24.5134652643198,0 79.1298356331595,24.5134632707619,0 79.1298368760056,24.5134612152624,0 79.1298380002919,24.5134591033884,0 79.1298390029734,24.5134569408595,0 79.1298398813346,24.5134547335325,0 79.1298406329966,24.5134524873857,0 79.1298412559236,24.5134502085023,0 79.1298417484285,24.5134479030542,0 79.1298421091776,24.5134455772855,0 79.1298423371938,24.513443237495,0 79.1298424318595,24.5134408900196,0 79.1298423929184,24.5134385412172,0 79.129842220476,24.5134361974489,0 79.1298419149992,24.5134338650626,0 79.1298414773154,24.513431550375,0 79.1298409086101,24.5134292596551,0 79.1298402104234,24.5134269991069,0 79.1298372098593,24.5134181688855,0 79.1298156778034,24.5133352476896,0 79.1298163913255,24.5133196927727,0 79.1298164345883,24.513317696482,0 79.1298163813176,24.5133157003939,0 79.1298131439962,24.5132520918941,0 79.1298136884983,24.5132517962332,0 79.1298158527506,24.5132504751343,0 79.1298179378737,24.5132490514831,0 79.1298199380687,24.5132475292388,0 79.129821847773,24.5132459126348,0 79.1298236616756,24.5132442061671,0 79.1298253747318,24.5132424145815,0 79.1298269821775,24.5132405428605,0 79.1298284795423,24.5132385962095,0 79.1298298626619,24.5132365800423,0 79.1298311276898,24.5132344999659,0 79.1298322711079,24.5132323617653,0 79.1298332897362,24.5132301713869,0 79.1298341807419,24.5132279349223,0 79.1298349416469,24.5132256585913,0 79.1298355703352,24.5132233487245,0 79.129837770332,24.5132142487236,0 79.1298382928201,24.5132117574864,0 79.1298386615255,24.5132092433286,0 79.1298391529638,24.513204988179,0 79.1298470755057,24.5132031421489,0 79.1298496153435,24.5132024836591,0 79.1298521130485,24.5132017018124,0 79.1298545614691,24.5132007988475,0 79.1298569535951,24.5131997773496,0 79.1298592825774,24.5131986402435,0 79.1298615417476,24.513197390785,0 79.1298637246372,24.5131960325516,0 79.1298658249963,24.513194569432,0 79.1298678368111,24.5131930056156,0 79.1298697543214,24.5131913455798,0 79.1298715720369,24.5131895940776,0 79.1298732847533,24.513187756124,0 79.1298748875666,24.5131858369813,0 79.1298763758878,24.5131838421444,0 79.1298777454554,24.5131817773249,0 79.1298789923482,24.5131796484349,0 79.129880112996,24.5131774615697,0 79.1298811041902,24.5131752229907,0 79.129888304185,24.5131576229882,0 79.1298891715381,24.5131553144895,0 79.1298899012225,24.5131529664654,0 79.1298904911042,24.5131505857831,0 79.1298909394579,24.5131481794053,0 79.1298912449723,24.5131457543699,0 79.1298914067539,24.5131433177693,0 79.1298914243296,24.5131408767298,0 79.129891297648,24.5131384383905,0 79.1298910270796,24.5131360098829,0 79.1298906134157,24.5131335983094,0 79.129884413404,24.5131028983107,0 79.1298838649741,24.5131005377525,0 79.1298831794386,24.5130982073859,0 79.129882358757,24.5130959138723,0 79.1298814052754,24.5130936637676,0 79.129880321719,24.5130914635035,0 79.1298798096255,24.5130905564679,0 79.1298804747959,24.5130889210322,0 79.1298812527346,24.5130866481176,0 79.1298818985548,24.5130843408232,0 79.1298824104583,24.5130820055731,0 79.12988278702,24.513079648869,0 79.1298836870174,24.5130727488686,0 79.1298839358102,24.5130702554371,0 79.1298840331113,24.5130677532199,0 79.1298839786215,24.513065249916,0 79.1298837725082,24.5130627532276,0 79.1298834154058,24.5130602708366,0 79.129882908413,24.5130578103811,0 79.129878732226,24.5130402356233,0 79.1298766112869,24.5130199100326,0 79.1298761477212,24.5130166939883,0 79.1298714477114,24.5129911939893,0 79.1298709519786,24.5129888760015,0 79.1298703244012,24.5129865849128,0 79.1298695666976,24.5129843269964,0 79.1298686809425,24.5129821084346,0 79.1298676695611,24.512979935302,0 79.1298665353227,24.512977813549,0 79.1298652813329,24.512975748985,0 79.1298639110254,24.5129737472631,0 79.1298624281521,24.5129718138641,0 79.1298608367733,24.5129699540819,0 79.1298591412463,24.5129681730086,0 79.1298573462137,24.5129664755212,0 79.1298570397768,24.5129662005138,0 79.1298565680864,24.512964348695,0 79.129856531186,24.5129614705529,0 79.1298564347161,24.5129591294291,0 79.1298562056151,24.5129567960382,0 79.1298558445002,24.512954476666,0 79.1298553523442,24.5129521775606,0 79.1298547304729,24.5129499049155,0 79.1298539805616,24.5129476648527,0 79.1298531046303,24.5129454634067,0 79.1298521050388,24.5129433065079,0 79.1298509844798,24.5129411999665,0 79.1298497459719,24.5129391494575,0 79.1298492532195,24.5129383814249,0 79.1298496187727,24.512934817268,0 79.1298497959897,24.5129323847249,0 79.1298498294043,24.5129299469756,0 79.129849718919,24.5129275111313,0 79.1298494648562,24.5129250842976,0 79.1298490679569,24.5129226735539,0 79.129848529379,24.5129202859327,0 79.1298478506936,24.5129179283988,0 79.1298470338804,24.5129156078296,0 79.1298460813223,24.5129133309944,0 79.129844995798,24.512911104535,0 79.1298437804741,24.5129089349462,0 79.1298424388959,24.5129068285571,0 79.1298409749768,24.5129047915121,0 79.1298393929874,24.5129028297537,0 79.1298392704704,24.5129026861131,0 79.129834525304,24.5128943500152,0 79.1298369286739,24.5128952726596,0 79.129839398776,24.5128960825025,0 79.1298419124441,24.5128967710421,0 79.1298444625678,24.5128973363307,0 79.1298470419334,24.5128977767692,0 79.1298496432446,24.5128980911117,0 79.1298522591429,24.5128982784691,0 79.1298548822286,24.5128983383114,0 79.1298575050817,24.5128982704692,0 79.1298601202828,24.5128980751345,0 79.1298627204343,24.5128977528598,0 79.1298652981809,24.5128973045568,0 79.1298678462309,24.5128967314936,0 79.1298703573765,24.5128960352913,0 79.1298728245144,24.5128952179191,0 79.1298752406656,24.5128942816894,0 79.1298775989955,24.5128932292503,0 79.129879892833,24.512892063579,0 79.1298821156895,24.5128907879728,0 79.129884261277,24.5128894060402,0 79.1298863235262,24.5128879216902,0 79.1298882966037,24.5128863391217,0 79.1298908966039,24.5128841391211,0 79.1298927110518,24.5128825228204,0 79.1298944324605,24.5128808234619,0 79.1298960562944,24.5128790455233,0 79.1298975782749,24.5128771936891,0 79.1298989943919,24.5128752728386,0 79.129900300914,24.5128732880329,0 79.1299014943989,24.5128712445017,0 79.1299025717018,24.5128691476295,0 79.1299035299843,24.5128670029411,0 79.1299043667214,24.5128648160874,0 79.1299050797085,24.5128625928305,0 79.129905667067,24.5128603390283,0 79.1299061272492,24.5128580606193,0 79.1299064590427,24.5128557636066,0 79.1299066615732,24.5128534540426,0 79.1299067343072,24.5128511380126,0 79.1299066770529,24.512848821619,0 79.1299064899613,24.512846510965,0 79.1299061735254,24.5128442121391,0 79.1299057285787,24.5128419311981,0 79.1299051562939,24.512839674152,0 79.1299044581787,24.5128374469477,0 79.1299036360725,24.5128352554537,0 79.129903617585,24.5128352100052,0 79.1299024717512,24.5128223362819,0 79.1299023511788,24.5128211691768,0 79.1299019511775,24.5128177691768,0 79.1299016749134,24.51281582056,0 79.1298972749031,24.5127893205608,0 79.129896843599,24.5127870985605,0 79.1298962914518,24.5127848990609,0 79.1298956198419,24.51278272756,0 79.1298948304479,24.5127805894857,0 79.1298939252431,24.5127784901827,0 79.1298929064902,24.5127764348984,0 79.1298917767359,24.5127744287703,0 79.129890538804,24.5127724768132,0 79.1298776574733,24.5127532873541,0 79.1298848856688,24.5127304614432,0 79.1298855336651,24.5127281970477,0 79.1298860524935,24.5127259049624,0 79.1298864407587,24.5127235913508,0 79.1298866974166,24.5127212624345,0 79.1298868217771,24.5127189244763,0 79.1298868135058,24.5127165837632,0 79.1298866726249,24.5127142465896,0 79.1298863995132,24.5127119192405,0 79.1298859949052,24.5127096079743,0 79.1298811948963,24.5126861079753,0 79.1298806486626,24.5126837765335,0 79.1298799686322,24.5126814747355,0 79.1298791567028,24.5126792090045,0 79.1298782151399,24.5126769856626,0 79.129877146571,24.512674810914,0 79.1298759539777,24.5126726908271,0 79.1298746406879,24.5126706313178,0 79.1298732103663,24.512668638133,0 79.1298716670039,24.5126667168345,0 79.1298700149076,24.5126648727836,0 79.1298682586872,24.5126631111258,0 79.1298667550823,24.5126617542757,0 79.1298674199865,24.5126609723232,0 79.1298689008334,24.5126590282755,0 79.1298702681351,24.5126570158036,0 79.1298715181234,24.5126549404538,0 79.1298726473535,24.5126528079454,0 79.1298736527133,24.5126506241555,0 79.1298745314321,24.5126483951023,0 79.1298752810884,24.5126461269289,0 79.1298758996161,24.5126438258862,0 79.1298763853107,24.5126414983155,0 79.1298767368336,24.5126391506315,0 79.1298769532161,24.5126367893041,0 79.1298770338619,24.5126344208408,0 79.1298771338546,24.5126157208403,0 79.1298770859015,24.512613498097,0 79.1298769183903,24.5126112802099,0 79.1298748341186,24.5125909707588,0 79.1298751982691,24.5125903035717,0 79.1298762286697,24.512588139488,0 79.129877134012,24.5125859290785,0 79.1298779118201,24.5125836783881,0 79.1298785599669,24.5125813935719,0 79.1298790766798,24.5125790808785,0 79.1298794605458,24.5125767466325,0 79.129879710515,24.5125743972177,0 79.1298798259038,24.5125720390593,0 79.1298798063967,24.5125696786062,0 79.1298796520471,24.5125673223138,0 79.129879363277,24.5125649766261,0 79.1298789408762,24.512562647958,0 79.1298783859999,24.5125603426779,0 79.1298777001656,24.5125580670904,0 79.1298768852489,24.5125558274186,0 79.1298759434783,24.5125536297876,0 79.1298748774295,24.5125514802073,0 79.1298736900178,24.5125493845566,0 79.1298723844908,24.5125473485665,0 79.1298720738319,24.5125469174374,0 79.1298711226144,24.5125071132973,0 79.1298709966861,24.5125047296485,0 79.1298707332453,24.5125023554202,0 79.1298703330284,24.5124999972491,0 79.1298697971541,24.5124976617264,0 79.1298691271203,24.5124953553803,0 79.1298683247997,24.5124930846575,0 79.1298673924351,24.5124908559049,0 79.1298663326325,24.5124886753523,0 79.1298651483543,24.5124865490946,0 79.1298638429106,24.5124844830752,0 79.1298624199505,24.5124824830687,0 79.1298608834513,24.5124805546656,0 79.1298592377078,24.5124787032561,0 79.1298574873201,24.512476934015,0 79.1298556371808,24.5124752518878,0 79.1298536924613,24.5124736615762,0 79.1298516585975,24.5124721675254,0 79.1298495412742,24.5124707739114,0 79.1298473464098,24.5124694846298,0 79.1298450801393,24.5124683032841,0 79.1298427487972,24.5124672331765,0 79.1298403589,24.5124662772981,0 79.1298379171277,24.5124654383206,0 79.1298354303056,24.5124647185892,0 79.1298329053848,24.5124641201156,0 79.1298303494226,24.5124636445727,0 79.1298277695635,24.5124632932896,0 79.1298251730186,24.5124630672483,0 79.1298225670456,24.5124629670806,0 79.1298199589285,24.5124629930664,0 79.1298173559576,24.5124631451331,0 79.1298147654084,24.5124634228557,0 79.129812194522,24.5124638254579,0 79.1298096504844,24.5124643518143,0 79.1298071404066,24.5124650004538,0 79.1298046713046,24.5124657695632,0 79.1298022500799,24.5124666569928,0 79.1297998835003,24.512467660262,0 79.1297975781807,24.5124687765667,0 79.1297953405649,24.5124700027865,0 79.1297931769072,24.5124713354939,0 79.1297918954445,24.5124722183197,0 79.129793004244,24.5124706229526,0 79.1297942660259,24.5124685802487,0 79.1297954100886,24.5124664803139,0 79.1297964333408,24.5124643288224,0 79.1297973330175,24.5124621315879,0 79.1297981066878,24.5124598945473,0 79.129798752261,24.5124576237454,0 79.1297992679929,24.5124553253181,0 79.1297996524898,24.5124530054759,0 79.1297999047128,24.5124506704873,0 79.1298000239805,24.5124483266615,0 79.1298000099706,24.5124459803319,0 79.1297998627208,24.5124436378383,0 79.1297995826292,24.5124413055104,0 79.1297991704525,24.5124389896504,0 79.1297986273045,24.5124366965159,0 79.1297979546528,24.5124344323032,0 79.129797154315,24.5124322031303,0 79.1297962284537,24.5124300150207,0 79.1297936284519,24.5124243150213,0 79.1297924949178,24.5124220132768,0 79.1297912225068,24.5124197731166,0 79.1297875972986,24.5124138047899,0 79.1297944711684,24.5124063008137,0 79.1297967330966,24.5124051227283,0 79.1297989324137,24.5124038315849,0 79.129801053926,24.5124024357055,0 79.1298030916814,24.5124009390065,0 79.1298050399627,24.5123993456869,0 79.1298068933041,24.5123976602168,0 79.1298086465058,24.5123958873249,0 79.1298102946491,24.5123940319853,0 79.1298118331101,24.5123920994031,0 79.1298132575726,24.5123900950003,0 79.1298145640401,24.5123880244005,0 79.1298157488473,24.5123858934127,0 79.1298168086701,24.5123837080156,0 79.1298177405352,24.5123814743404,0 79.1298185418281,24.5123791986539,0 79.1298192103008,24.5123768873407,0 79.1298197440778,24.5123745468852,0 79.1298200380886,24.5123727994381,0 79.1298236574687,24.5123674910109,0 79.1298248851276,24.5123655882687,0 79.1298260095477,24.5123636328392,0 79.1298261231488,24.5123634093783,0 79.1298391119174,24.512345541224,0 79.1298430217608,24.5123424221347,0 79.1298449541104,24.512340795787,0 79.1298467891571,24.5123390776831,0 79.1298485217036,24.5123372726893,0 79.1298501468424,24.5123353859181,0 79.1298516599708,24.5123334227133,0 79.129853056803,24.5123313886355,0 79.1298543333827,24.5123292894459,0 79.1298554860942,24.5123271310901,0 79.1298565116727,24.5123249196814,0 79.1298574072132,24.5123226614832,0 79.1298581701794,24.5123203628915,0 79.1298587984103,24.5123180304168,0 79.1298592901265,24.5123156706654,0 79.1298596439353,24.512313290321,0 79.1298598588346,24.5123108961255,0 79.1298623588186,24.5122695961237,0 79.1298624333649,24.512267379194,0 79.1298623887969,24.5122651615902,0 79.1298622252224,24.5122629486667,0 79.1298619430361,24.5122607457665,0 79.1298615301948,24.5122580892291,0 79.1298616482423,24.5122577356005,0 79.1298622788608,24.5122554118623,0 79.1298627739223,24.5122530607988,0 79.129863132034,24.5122506890248,0 79.1298633521884,24.5122483032136,0 79.1298634337659,24.512245910078,0 79.1298633765371,24.5122435163513,0 79.1298631806631,24.5122411287686,0 79.1298628466948,24.5122387540476,0 79.1298604466893,24.512224654048,0 79.1298599883477,24.5122223545775,0 79.1298594005222,24.5122200798984,0 79.1298586847891,24.5122178361101,0 79.1298578430677,24.5122156292293,0 79.129856877615,24.5122134651737,0 79.1298557910199,24.5122113497462,0 79.1298545861959,24.5122092886191,0 79.1298532663739,24.5122072873194,0 79.1298518350929,24.5122053512134,0 79.1298502961909,24.5122034854929,0 79.1298486537943,24.5122016951606,0 79.1298469123073,24.5121999850173,0 79.1298450763994,24.5121983596486,0 79.1298431509938,24.5121968234131,0 79.1298411412533,24.5121953804299,0 79.129839052567,24.5121940345685,0 79.1298368905356,24.5121927894377,0 79.129828817662,24.5121884030219,0 79.1298289742449,24.5121882632714,0 79.1298307499007,24.5121865007271,0 79.1298324207876,24.512184654422,0 79.1298339821936,24.512182729563,0 79.1298354297152,24.5121807315783,0 79.1298367592702,24.5121786661028,0 79.129837967109,24.5121765389614,0 79.1298390498254,24.5121743561529,0 79.1298400043659,24.5121721238332,0 79.1298408280385,24.5121698482978,0 79.1298415185205,24.5121675359642,0 79.1298420738644,24.5121651933534,0 79.1298424925041,24.5121628270721,0 79.1298427732591,24.5121604437934,0 79.1298429153376,24.5121580502387,0 79.1298429183388,24.5121556531581,0 79.1298424183318,24.5121376531579,0 79.1298424049815,24.5121376534683,0 79.1298423696598,24.5121363908468,0 79.1298421760365,24.5121340877487,0 79.1298418538951,24.5121317967291,0 79.1298414040791,24.5121295237874,0 79.1298408277665,24.512127274876,0 79.1298401264667,24.5121250558842,0 79.129839302016,24.512122872623,0 79.1298383565735,24.51212073081,0 79.1298372926152,24.5121186360538,0 79.1298361129273,24.5121165938402,0 79.1298352434409,24.5121152587755,0 79.1298192599277,24.5121150606622,0 79.1298194744952,24.5121005690827,0 79.129818768892,24.5121001527252,0 79.129813937354,24.5120974593698,0 79.129813992168,24.512097264891,0 79.129815392166,24.5120916648905,0 79.1298158994726,24.5120893613544,0 79.1298162750706,24.5120870367844,0 79.129816517942,24.5120846974804,0 79.1298166274286,24.5120823497819,0 79.1298166032337,24.5120800000514,0 79.1298164454229,24.512077654657,0 79.129816154424,24.5120753199548,0 79.129815896266,24.5120739067988,0 79.1298171893636,24.5120720963229,0 79.1298184854396,24.5120700562553,0 79.129819663223,24.5120679570045,0 79.1298199665125,24.5120673388963,0 79.1298205964721,24.5120247921893,0 79.1298322254856,24.5120249363288,0 79.1298325320718,24.5120237849976,0 79.1298330953736,24.5120213884166,0 79.1298335156452,24.51201896739,0 79.1298337916472,24.5120165290585,0 79.1298339225656,24.5120140806134,0 79.1298339080142,24.5120116292763,0 79.129833748036,24.5120091822768,0 79.1298334431028,24.5120067468321,0 79.1298295430931,24.5119816468328,0 79.1298291168415,24.5119793358211,0 79.1298285600617,24.5119770481674,0 79.1298278742549,24.5119747900391,0 79.1298270612698,24.5119725675239,0 79.1298261232983,24.5119703866134,0 79.129825062869,24.5119682531873,0 79.1298238828409,24.5119661729972,0 79.1298225863951,24.511964151651,0 79.1298211770268,24.5119621945982,0 79.1298196585356,24.5119603071148,0 79.1298180350151,24.5119584942894,0 79.1298163108423,24.5119567610091,0 79.1298144906655,24.5119551119468,0 79.1298140689492,24.51195476765,0 79.1298144396612,24.5119534921478,0 79.1298321654949,24.5119399895794,0 79.129834099939,24.5119384360887,0 79.129835943197,24.5119367924021,0 79.1298376902514,24.5119350629939,0 79.1298379995162,24.5119347228557,0 79.1297232737094,24.5119333008187,0 79.1297246103111,24.5118430323485,0 79.129856230648,24.5118446637818,0 79.1298676184183,24.5118118669679,0 79.1298683382145,24.5118095880904,0 79.1298689261691,24.5118072777617,0 79.1298693806586,24.5118049423624,0 79.1298697004276,24.5118025883423,0 79.129869884593,24.5118002222028,0 79.1298699326464,24.5117978504784,0 79.1298698444548,24.5117954797193,0 79.129869620262,24.5117931164731,0 79.129869260687,24.5117907672663,0 79.129868766723,24.511788438587,0 79.1298681397342,24.5117861368663,0 79.1298673814521,24.5117838684611,0 79.129866493971,24.5117816396362,0 79.1298654797419,24.511779456547,0 79.1298643415658,24.5117773252228,0 79.1298630825861,24.5117752515496,0 79.1298617062798,24.5117732412545,0 79.129860216448,24.5117712998895,0 79.1298586172052,24.5117694328161,0 79.1298569129682,24.5117676451907,0 79.1298551084435,24.5117659419503,0 79.1298532086149,24.5117643277988,0 79.1298512187293,24.5117628071942,0 79.1298491442822,24.5117613843359,0 79.1298469910028,24.5117600631536,0 79.1298456929138,24.5117593541803,0 79.1298462509018,24.5117587995491,0 79.1298478821099,24.5117569993381,0 79.1298494092329,24.5117551242497,0 79.1298508281724,24.5117531793165,0 79.1298521351202,24.5117511697582,0 79.1298533265685,24.5117491009682,0 79.1298543993197,24.5117469784988,0 79.1298553504948,24.5117448080465,0 79.1298561775409,24.5117425954362,0 79.1298568782384,24.5117403466064,0 79.1298574507068,24.5117380675925,0 79.1298578934096,24.5117357645111,0 79.1298582051587,24.5117334435432,0 79.1298583851174,24.5117311109179,0 79.1298584328028,24.5117287728957,0 79.1298583480868,24.5117264357514,0 79.1298581311969,24.5117241057575,0 79.1298577827151,24.5117217891674,0 79.1298573035768,24.5117194921985,0 79.1298566950678,24.5117172210153,0 79.1298559588214,24.5117149817134,0 79.1298550968134,24.5117127803028,0 79.1298541113574,24.5117106226917,0 79.1298530050982,24.5117085146706,0 79.1298517810048,24.5117064618974,0 79.1298504423626,24.5117044698811,0 79.1298489927641,24.5117025439682,0 79.1298474360999,24.5117006893273,0 79.1298457765479,24.5116989109362,0 79.1298440185619,24.5116972135676,0 79.1298421668602,24.5116956017771,0 79.1298402264125,24.5116940798905,0 79.1298382024265,24.5116926519922,0 79.1298361003344,24.5116913219144,0 79.1298339257777,24.511690093227,0 79.1298316845927,24.5116889692274,0 79.1298293827944,24.5116879529324,0 79.1298292093179,24.5116878862387,0 79.1298336263038,24.5116754293318,0 79.1298343520889,24.5116731859731,0 79.1298349498577,24.5116709112203,0 79.129835418004,24.5116686111844,0 79.1298357552703,24.5116662920445,0 79.1298359607506,24.5116639600308,0 79.1298360338928,24.5116616214084,0 79.1298359745004,24.5116592824598,0 79.1298357827331,24.5116569494686,0 79.1298354591059,24.5116546287024,0 79.1298352707092,24.5116536746105,0 79.1298399456265,24.5116486880302,0 79.1298414525495,24.5116469998115,0 79.1298428686411,24.5116452470011,0 79.1298441905991,24.5116434336863,0 79.1298444105644,24.5116430979053,0 79.1298488284751,24.5116416310887,0 79.1298512493077,24.511640760593,0 79.1298536166311,24.5116397745672,0 79.1298559238645,24.5116386757523,0 79.1298581645943,24.5116374672028,0 79.1298603325918,24.5116361522781,0 79.1298624218304,24.5116347346336,0 79.1298644265023,24.5116332182099,0 79.1298663410351,24.5116316072225,0 79.1298681601067,24.5116299061495,0 79.1298698786604,24.5116281197196,0 79.129871491919,24.5116262528988,0 79.1298729953979,24.5116243108763,0 79.1298743849179,24.5116222990507,0 79.1298756566164,24.5116202230144,0 79.1298768069582,24.5116180885383,0 79.1298778327456,24.511615901556,0 79.1298815327432,24.5116074015547,0 79.1298824081782,24.511605230043,0 79.1298831608055,24.5116030203281,0 79.1298837886462,24.5116007782199,0 79.1298842900495,24.5115985096136,0 79.1298846636973,24.5115962204738,0 79.1298849086069,24.5115939168193,0 79.1298850241347,24.511591604707,0 79.1298850099767,24.511589290216,0 79.1298848661702,24.5115869794317,0 79.1298845930934,24.5115846784298,0 79.1298841914642,24.5115823932601,0 79.1298836623387,24.5115801299309,0 79.1298830071079,24.5115778943932,0 79.1298822274948,24.5115756925247,0 79.1298813255491,24.5115735301147,0 79.1298803036422,24.5115714128487,0 79.1298791644611,24.5115693462935,0 79.1298779110009,24.5115673358827,0 79.1298765465573,24.5115653869021,0 79.1298750747178,24.5115635044761,0 79.1298734993522,24.511561693554,0 79.1298679993514,24.5115556935553,0 79.1298663290119,24.5115539632374,0 79.1298645641657,24.5115523133212,0 79.1298627094293,24.5115507481225,0 79.1298607696543,24.5115492717356,0 79.1298587499148,24.5115478880224,0 79.129858598586,24.5115477897717,0 79.1298607536897,24.5115467606002,0 79.1298629577327,24.5115455711192,0 79.1298650914021,24.5115442786751,0 79.1298671489573,24.5115428867451,0 79.1298691248628,24.5115413990739,0 79.1298710138028,24.5115398196639,0 79.1298728106953,24.5115381527644,0 79.129874510706,24.5115364028598,0 79.1298804107057,24.5115300028583,0 79.129882072859,24.5115280977535,0 79.1298836201824,24.511526113327,0 79.1298850481629,24.5115240553665,0 79.1298863526361,24.511521929874,0 79.1298875297973,24.5115197430484,0 79.1298885762135,24.5115175012675,0 79.1298894888328,24.5115152110694,0 79.1298902649936,24.5115128791334,0 79.1298909024322,24.5115105122607,0 79.1298913992896,24.511508117354,0 79.1298917541167,24.5115057013981,0 79.1298919658787,24.5115032714391,0 79.1298942658632,24.5114632714374,0 79.1298943327758,24.5114605827772,0 79.1298942245665,24.5114578952431,0 79.1298934876041,24.5114477883845,0 79.129905042808,24.5114171046019,0 79.1299057958035,24.5114149278342,0 79.1299064275343,24.5114127190134,0 79.1299069363842,24.511410483791,0 79.1299073210513,24.5114082278857,0 79.1299075805514,24.5114059570696,0 79.1299077142206,24.5114036771525,0 79.1299077217168,24.5114013939678,0 79.1299076030209,24.5113991133571,0 79.1299073584366,24.5113968411554,0 79.1299069885897,24.5113945831764,0 79.1299064944264,24.5113923451971,0 79.1299058772111,24.5113901329436,0 79.1299033772082,24.5113820329442,0 79.1299025498074,24.51137961402,0 79.1299015753165,24.5113772414019,0 79.1299004568083,24.5113749225706,0 79.1298991978094,24.5113726648378,0 79.1298978022896,24.5113704753222,0 79.1298962746491,24.5113683609274,0 79.129888106759,24.5113577179258,0 79.1298886435338,24.5113562939338,0 79.1298893573378,24.5113540201636,0 79.129889939961,24.511351715299,0 79.129890389803,24.511349385671,0 79.1298907056284,24.5113470376787,0 79.1298908865695,24.5113446777716,0 79.1298909321293,24.5113423124319,0 79.1298908421828,24.5113399481569,0 79.129890616977,24.5113375914407,0 79.1298902571304,24.5113352487567,0 79.1298897636316,24.5113329265401,0 79.1298891378361,24.5113306311693,0 79.1298883814628,24.5113283689495,0 79.1298874965894,24.5113261460944,0 79.1298864856465,24.51132396871,0 79.129885351411,24.511321842777,0 79.1298840969983,24.511319774135,0 79.1298827258542,24.5113177684661,0 79.1298812417449,24.5113158312797,0 79.129879648747,24.5113139678968,0 79.1298779512362,24.5113121834357,0 79.1298761538752,24.5113104827981,0 79.1298742616011,24.5113088706552,0 79.1298722796116,24.5113073514354,0 79.1298702133509,24.5113059293117,0 79.1298680684945,24.5113046081903,0 79.1298658509341,24.5113033917002,0 79.1298642882688,24.5113026333331,0 79.1298646481071,24.5113022621651,0 79.1298662532545,24.51130042141,0 79.1298677512963,24.5112985065679,0 79.1298691381552,24.5112965228502,0 79.1298704100568,24.511294475656,0 79.1298715635394,24.5112923705571,0 79.1298725954636,24.5112902132826,0 79.1298735030208,24.5112880097041,0 79.1298742837411,24.5112857658188,0 79.1298749354996,24.5112834877338,0 79.1298754565225,24.5112811816492,0 79.1298758453917,24.5112788538415,0 79.1298761010488,24.511276510646,0 79.1298762227981,24.5112741584401,0 79.1298762103083,24.5112718036258,0 79.1298760636132,24.5112694526118,0 79.1298757831122,24.511267111797,0 79.1298753695687,24.5112647875521,0 79.1298748241083,24.5112624862029,0 79.1298741482154,24.511260214013,0 79.1298661892887,24.5112359721741,0 79.1298672720797,24.5112341011878,0 79.1298683322768,24.5112320196511,0 79.1298692753954,24.5112298914726,0 79.1298700989944,24.511227722161,0 79.1298708009419,24.5112255173311,0 79.1298713794211,24.51122328269,0 79.1298718329347,24.5112210240217,0 79.1298721603087,24.5112187471727,0 79.1298723606958,24.5112164580361,0 79.1298724335774,24.5112141625372,0 79.1298723787648,24.5112118666176,0 79.1298721963999,24.5112095762201,0 79.1298672127829,24.5111632740566,0 79.1298691964539,24.5111475118662,0 79.129874439998,24.5111388186175,0 79.1298745258761,24.5111388128154,0 79.1298771005043,24.5111385136513,0 79.1298796543748,24.511138091019,0 79.1298821804198,24.5111375460881,0 79.1298846716485,24.5111368803667,0 79.1298871211664,24.5111360956972,0 79.1298895221945,24.5111351942513,0 79.1298918680879,24.5111341785235,0 79.1298941523544,24.511133051325,0 79.1298963686722,24.5111318157753,0 79.1298985109078,24.5111304752937,0 79.1299005731324,24.5111290335901,0 79.1299025496389,24.5111274946543,0 79.1299044349573,24.5111258627454,0 79.1299062238699,24.5111241423797,0 79.129907911426,24.5111223383182,0 79.1299094929553,24.5111204555538,0 79.1299109640808,24.5111184992969,0 79.1299123207313,24.5111164749615,0 79.1299135591522,24.51111438815,0 79.1299146759162,24.5111122446376,0 79.1299156679327,24.5111100503565,0 79.1299165324562,24.5111078113793,0 79.1299172670943,24.5111055339024,0 79.1299178698137,24.5111032242288,0 79.1299179415608,24.5111028670511,0 79.1299395680688,24.5111006602648,0 79.1299421466193,24.5111003339217,0 79.1299447027668,24.5110998835895,0 79.1299472293947,24.5110993105221,0 79.1299497194683,24.5110986163148,0 79.129952166055,24.5110978029006,0 79.1299545623431,24.5110968725441,0 79.1299569016609,24.5110958278355,0 79.1299591774955,24.5110946716834,0 79.1299613835106,24.5110934073068,0 79.1299635135642,24.5110920382259,0 79.1299655617261,24.5110905682524,0 79.1299675222938,24.5110890014789,0 79.1299693898089,24.5110873422675,0 79.1299711590718,24.5110855952378,0 79.1299728251567,24.5110837652538,0 79.129974383425,24.5110818574103,0 79.1299758295382,24.5110798770191,0 79.1299771594702,24.511077829594,0 79.1299783695181,24.5110757208352,0 79.1299794563131,24.5110735566139,0 79.1299804168294,24.5110713429556,0 79.1299812483927,24.5110690860233,0 79.1299819486878,24.5110667921009,0 79.1299825157651,24.5110644675748,0 79.1299829480458,24.5110621189169,0 79.1299832443262,24.5110597526662,0 79.1299834037815,24.5110573754108,0 79.1299834259678,24.5110549937692,0 79.1299833108233,24.5110526143723,0 79.1299830586687,24.5110502438447,0 79.1299826702058,24.5110478887862,0 79.1299821465164,24.5110455557538,0 79.1299814890584,24.5110432512428,0 79.1299806996622,24.5110409816695,0 79.1299797805258,24.5110387533527,0 79.1299787342081,24.5110365724962,0 79.1299775636222,24.511034445172,0 79.1299762720272,24.5110323773027,0 79.1299748630191,24.5110303746458,0 79.1299733405208,24.5110284427767,0 79.1299717087712,24.5110265870743,0 79.1299710393804,24.5110259030689,0 79.1299714558535,24.5110255580462,0 79.1299732726041,24.5110238870047,0 79.1299749915429,24.5110221314727,0 79.1299766079831,24.5110202962371,0 79.1299781175171,24.5110183863017,0 79.1299795160291,24.5110164068745,0 79.1299807997057,24.5110143633524,0 79.129981965047,24.5110122613075,0 79.1299830088754,24.5110101064713,0 79.1299839283447,24.5110079047193,0 79.1299846864979,24.5110057595311,0 79.1299947149028,24.5110095380049,0 79.1299971113015,24.5110103749305,0 79.1299995520043,24.5110110967621,0 79.1300020304132,24.5110117015483,0 79.1300045398281,24.5110121876541,0 79.1300070734654,24.5110125537656,0 79.1300096244756,24.5110127988929,0 79.1300121859628,24.5110129223734,0 79.1300147510022,24.5110129238733,0 79.1300173126597,24.5110128033885,0 79.1300198640104,24.5110125612448,0 79.1300223981571,24.5110121980966,0 79.130024908249,24.5110117149259,0 79.1300273875008,24.5110111130386,0 79.13002982921,24.511010394062,0 79.130032226776,24.5110095599396,0 79.1300345737173,24.5110086129263,0 79.1300368636893,24.5110075555823,0 79.1300390905017,24.5110063907659,0 79.1300412481344,24.511005121626,0 79.1300433307548,24.5110037515935,0 79.1300453327328,24.5110022843719,0 79.1300472486564,24.5110007239278,0 79.1300490733462,24.5109990744795,0 79.1300501298668,24.5109980146154,0 79.1300517309973,24.5109988529681,0 79.1300540476423,24.5109999221539,0 79.1300564225218,24.5110008784186,0 79.1300588490665,24.5110017191169,0 79.1300613205642,24.5110024419233,0 79.1300638301782,24.5110030448385,0 79.1300663709665,24.5110035261946,0 79.1300689359009,24.5110038846602,0 79.1300715178862,24.5110041192436,0 79.1300741097803,24.5110042292959,0 79.1300767044135,24.5110042145128,0 79.1300792946087,24.5110040749351,0 79.1300818732008,24.511003810949,0 79.1300844330571,24.5110034232845,0 79.1300869670965,24.5110029130142,0 79.1300894683094,24.5110022815495,0 79.1300919297771,24.5110015306371,0 79.1300943446906,24.5110006623541,0 79.13009670637,24.5109996791025,0 79.1300990082823,24.5109985836021,0 79.1301012440602,24.5109973788832,0 79.130103407519,24.5109960682782,0 79.1301069921624,24.5109937704297,0 79.1301332579922,24.5109835182827,0 79.1301356471227,24.5109825161098,0 79.1301379745306,24.5109813989441,0 79.1301402336101,24.5109801699565,0 79.1301424179497,24.5109788326351,0 79.1301445213496,24.5109773907754,0 79.1301465378402,24.5109758484698,0 79.130148461698,24.5109742100956,0 79.130150287463,24.5109724803027,0 79.1301520099531,24.5109706640008,0 79.1301536242796,24.5109687663449,0 79.1301668242778,24.5109523663413,0 79.1301683159254,24.5109504065388,0 79.1301696921974,24.5109483772955,0 79.1301709492411,24.5109462842918,0 79.1301720835378,24.5109441333866,0 79.1301730919122,24.510941930601,0 79.1301739715415,24.5109396821012,0 79.1301747199635,24.5109373941814,0 79.1301753350831,24.5109350732463,0 79.1301758151784,24.5109327257928,0 79.1301761589054,24.510930358392,0 79.130176365302,24.5109279776712,0 79.1301764337905,24.5109255902946,0 79.1301763641791,24.5109232029451,0 79.1301761566626,24.5109208223058,0 79.130175811822,24.5109184550406,0 79.1301753306227,24.5109161077763,0 79.1301747144116,24.5109137870836,0 79.1301739649137,24.5109114994588,0 79.130173084227,24.5109092513055,0 79.130172074817,24.5109070489172,0 79.1301709395092,24.5109048984588,0 79.1301696814816,24.5109028059501,0 79.130168304256,24.5109007772488,0 79.1301668116875,24.5108988180337,0 79.1301652079543,24.5108969337892,0 79.1301634975458,24.5108951297899,0 79.1301616975457,24.5108933297904,0 79.130159922291,24.5108916444389,0 79.130158053938,24.5108900455529,0 79.1301560975106,24.5108885374317,0 79.1301540582696,24.5108871241305,0 79.1301519416986,24.5108858094497,0 79.1301497534887,24.5108845969244,0 79.1301474995242,24.5108834898151,0 79.1301457210343,24.5108827221102,0 79.1301469821956,24.5108680356139,0 79.1301471195256,24.510865584521,0 79.1301471110461,24.5108631302218,0 79.130146956782,24.5108606799723,0 79.1301466571895,24.5108582410164,0 79.1301462131542,24.5108558205648,0 79.1301456259891,24.5108534257734,0 79.1301443259873,24.5108487257737,0 79.1301436879176,24.5108466321932,0 79.1301434879174,24.5108460321932,0 79.1301426757574,24.5108438050307,0 79.1301417381266,24.5108416195196,0 79.1301406775618,24.510839481573,0 79.1301394969323,24.5108373969752,0 79.1301381994325,24.510835371366,0 79.1301367885727,24.5108334102259,0 79.13013526817,24.5108315188606,0 79.130133642338,24.5108297023875,0 79.1301319154754,24.5108279657208,0 79.1301300922543,24.5108263135594,0 79.1301281776073,24.5108247503731,0 79.1301261767148,24.5108232803911,0 79.1301240949901,24.5108219075906,0 79.1301219380653,24.5108206356857,0 79.1301197117761,24.5108194681175,0 79.1301174221459,24.510818408045,0 79.1301150753691,24.5108174583362,0 79.1301126777952,24.5108166215605,0 79.1301107440395,24.5108160501342,0 79.1301106423626,24.5108153318256,0 79.1301101766229,24.5108130057765,0 79.1301095783823,24.5108107052366,0 79.1301088492826,24.5108084365199,0 79.130099149273,24.5107809365224,0 79.1300982921038,24.5107787077451,0 79.1300973086456,24.5107765230596,0 79.1300962015928,24.5107743884516,0 79.130094973979,24.5107723097697,0 79.1300936291674,24.5107702927096,0 79.1300921708429,24.5107683427977,0 79.1300906030012,24.5107664653767,0 79.1300889299381,24.5107646655905,0 79.1300877825491,24.5107635547382,0 79.1300895464865,24.5107486637728,0 79.1300897573835,24.5107463100628,0 79.1300898334481,24.5107439494821,0 79.1300897744721,24.5107415884921,0 79.1300895806169,24.5107392335558,0 79.1300892524132,24.5107368911192,0 79.1300887907594,24.5107345675944,0 79.1300881969191,24.5107322693414,0 79.130087472518,24.5107300026514,0 79.1300866195388,24.510727773729,0 79.1300856403166,24.5107255886753,0 79.1300845375316,24.5107234534716,0 79.1300833142027,24.5107213739624,0 79.1300819736783,24.5107193558402,0 79.130080519628,24.510717404629,0 79.1300789560318,24.51071552567,0 79.13007728717,24.5107137241064,0 79.1300755176105,24.5107120048696,0 79.1300736521973,24.5107103726658,0 79.1300716960366,24.5107088319627,0 79.1300696544829,24.5107073869777,0 79.1300675331247,24.5107060416661,0 79.1300653377686,24.5107047997106,0 79.1300630744241,24.5107036645106,0 79.1300607492866,24.5107026391736,0 79.1300583687208,24.5107017265063,0 79.1300572651357,24.5107013642439,0 79.1300572407879,24.5107010120836,0 79.130056957586,24.5106987440257,0 79.1300565494216,24.5106964919688,0 79.1300560173385,24.5106942616727,0 79.1300553626978,24.510692058842,0 79.1300545871737,24.5106898891108,0 79.1300536927498,24.5106877580286,0 79.1300481515423,24.5106754916063,0 79.1300483184976,24.5106743942706,0 79.1300485368661,24.5106721266053,0 79.1300486300029,24.5106698517507,0 79.1300485976709,24.5106675754927,0 79.1300484399526,24.510665303621,0 79.130048157249,24.5106630419139,0 79.1300453572419,24.5106447419144,0 79.1300449603121,24.5106425441523,0 79.1300444453624,24.5106403669835,0 79.1300438136469,24.5106382157104,0 79.1300430667039,24.510636095572,0 79.1300422063526,24.5106340117319,0 79.1300412346884,24.5106319692648,0 79.1300401540776,24.5106299731452,0 79.130038967152,24.5106280282343,0 79.1300347671504,24.5106215282353,0 79.1300333973441,24.5106195294461,0 79.1300319152683,24.5106175988713,0 79.1300303249716,24.510615741785,0 79.1300286307984,24.5106139632603,0 79.1300268373769,24.5106122681558,0 79.1300249496063,24.5106106611022,0 79.1300229726437,24.5106091464897,0 79.1300209118896,24.5106077284557,0 79.1300187729738,24.5106064108742,0 79.1300165617392,24.5106051973445,0 79.1300142842264,24.5106040911816,0 79.1300119466573,24.5106030954075,0 79.1300095554175,24.5106022127423,0 79.1300071170395,24.5106014455974,0 79.1300046381843,24.5106007960683,0 79.1300021256238,24.5106002659295,0 79.1299995862217,24.5105998566292,0 79.1299970269151,24.5105995692856,0 79.1299944546955,24.5105994046835,0 79.1299919546964,24.5105993046836,0 79.1299893728953,24.5105992633019,0 79.1299891961079,24.5105992689383,0 79.1299885951807,24.5105969568993,0 79.1299878798199,24.5105945114241,0 79.1299870157433,24.5105921064891,0 79.1299860056688,24.5105897496591,0 79.1299848527735,24.5105874483471,0 79.1299835606837,24.5105852097919,0 79.1299821334637,24.5105830410347,0 79.1299805756027,24.5105809488972,0 79.1299744687353,24.5105732225335,0 79.1299776005909,24.5105555079338,0 79.1299779491778,24.5105531403327,0 79.1299781603708,24.5105507591732,0 79.1299782335784,24.5105483711252,0 79.1299781685954,24.510545982878,0 79.129977965604,24.5105436011214,0 79.1299776251728,24.5105412325271,0 79.1299771482554,24.5105388837298,0 79.1299765361876,24.5105365613089,0 79.1299757906841,24.5105342717697,0 79.129974913833,24.5105320215257,0 79.1299739080905,24.51052981688,0 79.1299727762739,24.5105276640083,0 79.1299715215536,24.5105255689409,0 79.1299701474442,24.5105235375466,0 79.1299686577948,24.5105215755154,0 79.1299670567782,24.5105196883434,0 79.1299524567761,24.510503388347,0 79.1299508263545,24.510501659221,0 79.1299497210352,24.5105006003564,0 79.1299499240364,24.5105001542656,0 79.1299507902265,24.5104979294565,0 79.1299515280478,24.5104956662398,0 79.1299521354804,24.5104933708113,0 79.1299526108612,24.510491049455,0 79.129952952889,24.5104887085262,0 79.1299531606275,24.5104863544333,0 79.1299532335077,24.510483993621,0 79.1299531713304,24.5104816325525,0 79.1299529742656,24.5104792776915,0 79.129952642853,24.5104769354847,0 79.1299521779997,24.5104746123443,0 79.1299515809784,24.5104723146302,0 79.1299508534236,24.5104700486328,0 79.129949997327,24.5104678205556,0 79.1299459973238,24.5104582205566,0 79.1299449398545,24.5104558818247,0 79.1299437407802,24.5104536009995,0 79.1299424038707,24.5104513852518,0 79.1299409333293,24.5104492415481,0 79.1299393337794,24.5104471766279,0 79.1299376102499,24.5104451969836,0 79.1299258102484,24.5104323969864,0 79.1299240918421,24.5104306291184,0 79.1299222745579,24.5104289460597,0 79.1299203633884,24.5104273524343,0 79.1299183635839,24.5104258526202,0 79.1299162806384,24.5104244507376,0 79.1299141202743,24.510423150638,0 79.1299119098656,24.5104219673696,0 79.1299122196238,24.5104211980276,0 79.1299129794228,24.5104189586912,0 79.1299136111035,24.510416686276,0 79.1299141129612,24.5104143869139,0 79.1299144836419,24.5104120668094,0 79.1299147221452,24.5104097322232,0 79.1299148278277,24.5104073894549,0 79.1299148004042,24.5104050448261,0 79.1299146399485,24.5104027046637,0 79.1299143468938,24.5104003752824,0 79.1299085468794,24.5103628752834,0 79.1299081363022,24.5103606302884,0 79.1299076025556,24.5103584070855,0 79.1299069469969,24.5103562113281,0 79.129906171293,24.5103540485998,0 79.1299052774166,24.5103519244003,0 79.1299042676408,24.5103498441311,0 79.1299031445332,24.5103478130824,0 79.1299019109499,24.5103458364187,0 79.1299005700278,24.5103439191667,0 79.1298872700241,24.51032591917,0 79.1298857552327,24.5103239813385,0 79.1298841308031,24.5103221193344,0 79.1298824012606,24.5103203383452,0 79.1298805714234,24.5103186433323,0 79.1298786463894,24.5103170390179,0 79.1298766315214,24.5103155298714,0 79.1298745324326,24.510314120097,0 79.1298723549706,24.5103128136222,0 79.1298701052017,24.5103116140867,0 79.1298677893933,24.5103105248321,0 79.1298654139971,24.510309548893,0 79.1298629856305,24.5103086889883,0 79.1298605110586,24.5103079475134,0 79.1298585978738,24.5103074749186,0 79.1298589686139,24.5103068745154,0 79.1298601123775,24.5103047743296,0 79.1298611353129,24.5103026225984,0 79.129862034656,24.5103004251367,0 79.1298628079763,24.5102981878827,0 79.1298634531842,24.5102959168821,0 79.129863968536,24.5102936182722,0 79.1298643526391,24.5102912982643,0 79.1298646044555,24.5102889631281,0 79.1298647233048,24.5102866191739,0 79.1298647088658,24.5102842727357,0 79.1298645611775,24.5102819301545,0 79.129864280639,24.5102795977607,0 79.1298638680085,24.5102772818573,0 79.1298588679993,24.5102531818584,0 79.1298582831167,24.5102507352682,0 79.1298575508301,24.5102483221242,0 79.1298566733939,24.510245949855,0 79.1298556535092,24.5102436257634,0 79.1298544943155,24.510241357004,0 79.1298531993815,24.5102391505608,0 79.1298445472132,24.5102253414801,0 79.1298448168652,24.5102250412591,0 79.1298463422595,24.5102231502607,0 79.1298477580106,24.5102211891797,0 79.1298490602803,24.5102191633326,0 79.1298502455381,24.5102170782118,0 79.1298513105705,24.5102149394703,0 79.1298522524901,24.5102127529064,0 79.1298530687434,24.5102105244481,0 79.1298537571174,24.510208260137,0 79.1298543157458,24.5102059661119,0 79.1298547431142,24.510203648592,0 79.129854837044,24.5102029050726,0 79.1298556496838,24.5102029344674,0 79.1298582471421,24.5102029032174,0 79.1298608392017,24.5102027469138,0 79.1298634186759,24.5102024659901,0 79.1298659784128,24.510202061225,0 79.1298685113152,24.510201533741,0 79.1298710103604,24.5102008850004,0 79.1298734686195,24.5102001168019,0 79.1298758792767,24.5101992312756,0 79.1298782356482,24.5101982308766,0 79.1298805312008,24.5101971183786,0 79.1298827595696,24.5101958968661,0 79.1298849145765,24.510194569726,0 79.1298869902462,24.5101931406379,0 79.1298889808239,24.510191613564,0 79.1298908807905,24.5101899927384,0 79.129892684878,24.5101882826549,0 79.1298943880845,24.510186488055,0 79.1298959856876,24.5101846139144,0 79.1298974732578,24.5101826654293,0 79.1298988466707,24.5101806480021,0 79.1299001021183,24.5101785672265,0 79.1299012361198,24.5101764288714,0 79.129902245531,24.5101742388659,0 79.1299028132014,24.5101729106265,0 79.1299060126641,24.5101739566048,0 79.1299315926806,24.5101846537037,0 79.1299339504139,24.5101855727006,0 79.1299363571251,24.5101863784316,0 79.1299388063194,24.5101870687224,0 79.1299412913876,24.5101876417101,0 79.1299438056235,24.5101880958486,0 79.1299463422423,24.5101884299123,0 79.1299488943988,24.5101886429998,0 79.1299514552058,24.5101887345359,0 79.1299540177528,24.5101887042736,0 79.1299565751247,24.5101885522948,0 79.1299591204201,24.5101882790093,0 79.1299616467705,24.5101878851548,0 79.1299641473584,24.5101873717941,0 79.1299666154356,24.5101867403125,0 79.1299690443421,24.5101859924141,0 79.1299714275232,24.5101851301172,0 79.1299737585477,24.5101841557487,0 79.1299760311253,24.510183071938,0 79.1299782391232,24.5101818816098,0 79.1299803765831,24.5101805879764,0 79.1299824377368,24.5101791945287,0 79.1299844170223,24.5101777050269,0 79.1299863090982,24.5101761234906,0 79.1299881088587,24.5101744541877,0 79.129989811447,24.5101727016229,0 79.1299914122687,24.5101708705256,0 79.1299929070037,24.5101689658371,0 79.1299942916185,24.5101669926973,0 79.1299955623766,24.510164956431,0 79.1299967158487,24.510162862533,0 79.1299977489222,24.5101607166539,0 79.1299986588093,24.5101585245845,0 79.1299994430546,24.5101562922401,0 79.1300000995417,24.5101540256451,0 79.1300006264991,24.5101517309158,0 79.1300010225047,24.5101494142447,0 79.13000128649,24.5101470818836,0 79.1300013219884,24.5101464485356,0 79.1300025708462,24.5101455992109,0 79.1300045879447,24.5101440688023,0 79.1300065133854,24.5101424425582,0 79.1300083417361,24.5101407250665,0 79.1300100678386,24.5101389211728,0 79.1300116868229,24.5101370359663,0 79.1300131941215,24.5101350747659,0 79.1300145854819,24.5101330431046,0 79.1300152493934,24.5101319484753,0 79.1300488875851,24.510136625976,0 79.1300514171003,24.51013691675,0 79.1300539596554,24.5101370875737,0 79.1300565084603,24.510137137991,0 79.1300590567085,24.5101370678673,0 79.1300615975949,24.5101368773898,0 79.1300641243341,24.5101365670671,0 79.1300666301784,24.5101361377281,0 79.1300691084359,24.5101355905192,0 79.1300715524885,24.5101349269018,0 79.1300739558092,24.510134148648,0 79.1300763119801,24.5101332578362,0 79.1300786147089,24.5101322568454,0 79.1300808578463,24.5101311483486,0 79.1300830354018,24.5101299353061,0 79.1300930354038,24.5101240353044,0 79.1300951740115,24.5101226995426,0 79.1300972330728,24.510121262951,0 79.1300992069151,24.5101197294874,0 79.1301010901005,24.5101181033763,0 79.130102877441,24.5101163890976,0 79.1301045640126,24.510114591374,0 79.1301061451687,24.5101127151583,0 79.1301076165535,24.5101107656192,0 79.1301089741134,24.5101087481276,0 79.130109178742,24.5101084048971,0 79.1301099062197,24.5101085040108,0 79.1301124617636,24.5101087286383,0 79.1301150266189,24.5101088313213,0 79.1301175938393,24.5101088117817,0 79.1301201564726,24.5101086700726,0 79.1301227075788,24.5101084065777,0 79.1301252402489,24.5101080220104,0 79.1301277476242,24.5101075174124,0 79.1301302229144,24.5101068941502,0 79.1301326594158,24.5101061539116,0 79.1301350505302,24.5101052987013,0 79.130137389782,24.5101043308353,0 79.1301396708361,24.5101032529349,0 79.1301418875152,24.510102067919,0 79.130144033816,24.510100778997,0 79.1301461039261,24.5100993896594,0 79.1301480922393,24.5100979036687,0 79.130149993371,24.5100963250493,0 79.1301518021726,24.5100946580763,0 79.1301535137455,24.5100929072641,0 79.1301551234547,24.5100910773541,0 79.1301566269407,24.5100891733021,0 79.1301580201319,24.5100872002646,0 79.1301592992553,24.5100851635848,0 79.1301604608469,24.5100830687783,0 79.130161354561,24.5100812251709,0 79.1301648444607,24.5100784659149,0 79.13017932228,24.5100827490829,0 79.1301817889171,24.510083414371,0 79.1301842900922,24.5100839611519,0 79.1301868190094,24.5100843879397,0 79.130189368797,24.510084693575,0 79.130191932527,24.5100848772271,0 79.1301945032332,24.5100849383972,0 79.1301970739307,24.5100848769189,0 79.1301996376343,24.5100846929593,0 79.1302021873782,24.5100843870183,0 79.1302047162342,24.5100839599272,0 79.130207217331,24.5100834128465,0 79.1302096838728,24.5100827472626,0 79.1302121091575,24.510081964984,0 79.1302144865953,24.5100810681364,0 79.1302168097262,24.5100800591565,0 79.130219072238,24.5100789407861,0 79.130221267983,24.5100777160638,0 79.130223390995,24.5100763883175,0 79.1302254355055,24.5100749611548,0 79.1302273959591,24.5100734384536,0 79.1302292670291,24.5100718243512,0 79.1302310436315,24.5100701232336,0 79.1302327209388,24.5100683397228,0 79.1302342943936,24.510066478665,0 79.1302357597206,24.5100645451171,0 79.1302371129383,24.5100625443326,0 79.1302383503697,24.5100604817482,0 79.1302394686525,24.5100583629681,0 79.1302404647483,24.5100561937494,0 79.1302413359503,24.5100539799863,0 79.1302420798916,24.510051727694,0 79.1302426945506,24.5100494429922,0 79.1302431782572,24.5100471320888,0 79.1302435296971,24.510044801263,0 79.1302437479155,24.510042456848,0 79.1302438323194,24.5100401052139,0 79.1302437826794,24.5100377527505,0 79.1302435991304,24.5100354058499,0 79.1302432821713,24.5100330708889,0 79.1302428326632,24.510030754212,0 79.1302422518275,24.5100284621139,0 79.1302415412424,24.5100262008228,0 79.1302407028388,24.5100239764828,0 79.1302397388947,24.5100217951378,0 79.130231038889,24.5100034951401,0 79.1302297718501,24.5100010353405,0 79.1302283452248,24.5099986498132,0 79.1302156188675,24.5099788128722,0 79.1302160637304,24.5099775089478,0 79.130216707232,24.5099752012302,0 79.1302172168055,24.5099728656697,0 79.1302175910322,24.5099705087684,0 79.1302178288705,24.5099681370877,0 79.1302179296582,24.5099657572304,0 79.1302178931146,24.5099633758218,0 79.1302177193415,24.5099609994917,0 79.1302174088228,24.5099586348556,0 79.1302169624228,24.5099562884965,0 79.1302163813844,24.5099539669466,0 79.1302156673251,24.5099516766689,0 79.1302148222329,24.5099494240396,0 79.1302138484604,24.5099472153297,0 79.1302127487186,24.5099450566882,0 79.1302115260691,24.5099429541246,0 79.1302101839157,24.5099409134925,0 79.1302087259949,24.5099389404727,0 79.1302071563654,24.5099370405581,0 79.1302054793972,24.5099352190379,0 79.1302036997587,24.5099334809831,0 79.1302018224043,24.5099318312325,0 79.1301998525605,24.5099302743787,0 79.1301977957113,24.5099288147561,0 79.1301956575829,24.5099274564281,0 79.1301934441276,24.5099262031762,0 79.1301911615076,24.5099250584894,0 79.1301888160776,24.5099240255545,0 79.1301884739583,24.5099238947432,0 79.1301897361545,24.5099234904394,0 79.130192168392,24.5099225755029,0 79.1301945438883,24.5099215432802,0 79.1301968558933,24.5099203967042,0 79.1301990978374,24.5099191390331,0 79.1302012633499,24.5099177738405,0 79.1302033462775,24.5099163050057,0 79.1302053407014,24.5099147367026,0 79.1302072409543,24.5099130733874,0 79.1302090416366,24.5099113197867,0 79.1302107376316,24.5099094808832,0 79.13021232412,24.5099075619025,0 79.1302137965937,24.5099055682973,0 79.1302151508687,24.5099035057326,0 79.1302163830966,24.5099013800692,0 79.1302174897762,24.5098991973474,0 79.1302184677626,24.5098969637694,0 79.130219314277,24.5098946856821,0 79.1302200269138,24.5098923695588,0 79.1302206036482,24.5098900219808,0 79.1302210428412,24.5098876496189,0 79.130221343245,24.5098852592143,0 79.1302215040059,24.5098828575593,0 79.1302217040039,24.5098775575592,0 79.1302217250311,24.5098751694832,0 79.1302216079884,24.5098727837321,0 79.1302213532032,24.509870406984,0 79.1302209613887,24.5098680458917,0 79.1302204336418,24.5098657070646,0 79.1302197714397,24.5098633970493,0 79.1302189766361,24.5098611223121,0 79.1302180514557,24.5098588892203,0 79.1302169984883,24.5098567040249,0 79.1302158206814,24.5098545728425,0 79.1302145213319,24.5098525016388,0 79.1302131040769,24.5098504962115,0 79.1302115728836,24.5098485621741,0 79.1302099320381,24.5098467049403,0 79.1302081861334,24.5098449297089,0 79.1302063400566,24.5098432414491,0 79.1302043989753,24.5098416448867,0 79.1302023683229,24.5098401444907,0 79.1302002537836,24.509838744461,0 79.1301980612764,24.5098374487165,0 79.1301957969385,24.5098362608844,0 79.1301934671082,24.5098351842895,0 79.1301917689664,24.509834500182,0 79.1301932044506,24.5098338354085,0 79.1301954091405,24.509832680291,0 79.1301975459139,24.509831422857,0 79.1301996091039,24.5098300664412,0 79.130201593239,24.509828614641,0 79.1302034930569,24.5098270713065,0 79.1302053035195,24.5098254405307,0 79.1302070198252,24.5098237266386,0 79.1302086374224,24.5098219341754,0 79.1302101520211,24.5098200678948,0 79.1302115596045,24.5098181327463,0 79.1302128564397,24.509816133862,0 79.1302140390873,24.509814076543,0 79.1302151044111,24.5098119662455,0 79.1302160495857,24.5098098085659,0 79.1302168721045,24.5098076092265,0 79.1302175697861,24.5098053740602,0 79.1302181407802,24.5098031089946,0 79.1302185835726,24.5098008200368,0 79.1302188969889,24.5097985132572,0 79.1302190801981,24.5097961947735,0 79.1302191327141,24.5097938707344,0 79.1302190543978,24.5097915473034,0 79.1302188454568,24.5097892306422,0 79.1302185064453,24.5097869268947,0 79.1302180382623,24.5097846421707,0 79.1302117382522,24.5097577421721,0 79.130211139663,24.5097554741037,0 79.1302104137814,24.5097532373666,0 79.1302095625471,24.5097510379376,0 79.1302085882344,24.5097488816933,0 79.1302074934469,24.5097467743952,0 79.1302067354902,24.509745491028,0 79.130207154854,24.5097438866224,0 79.1302076114558,24.5097416444481,0 79.1302079436922,24.5097393840334,0 79.1302081507151,24.5097371111493,0 79.1302082319958,24.5097348315987,0 79.1302081873269,24.5097325512015,0 79.1302080168225,24.5097302757798,0 79.1302077209178,24.5097280111429,0 79.1302073003683,24.5097257630728,0 79.1302067562478,24.509723537309,0 79.1302012562404,24.5097034373103,0 79.1302005673257,24.5097011718463,0 79.1301997504003,24.5096989422832,0 79.1301988076813,24.509696754672,0 79.1301977417272,24.5096946149496,0 79.1301965554309,24.5096925289233,0 79.1301952520121,24.5096905022545,0 79.1301938350083,24.5096885404435,0 79.130192308265,24.5096866488146,0 79.1301906759259,24.5096848325017,0 79.1301889424211,24.509683096434,0 79.1301871124553,24.5096814453233,0 79.1301851909948,24.5096798836507,0 79.1301831832546,24.5096784156544,0 79.1301810946836,24.5096770453186,0 79.1301789309501,24.5096757763623,0 79.1301766979264,24.5096746122295,0 79.1301744016728,24.5096735560794,0 79.1301730516871,24.5096730137904,0 79.1301823298388,24.5096484372867,0 79.1301831112327,24.5096461767759,0 79.1301837618266,24.5096438818437,0 79.1301842798258,24.5096415588215,0 79.1301882798182,24.5096208588198,0 79.1301886643589,24.5096185099102,0 79.1301889133316,24.5096161457453,0 79.1301890260471,24.5096137728708,0 79.1301890021933,24.5096113978565,0 79.1301888418361,24.509609027278,0 79.1301885454197,24.5096066676989,0 79.1301881137647,24.509604325652,0 79.1301875480663,24.5096020076219,0 79.1301868498906,24.5095997200265,0 79.1301860211708,24.5095974691995,0 79.1301850642014,24.5095952613726,0 79.1301839816319,24.5095931026589,0 79.1301827764596,24.509590999035,0 79.1301814520213,24.5095889563254,0 79.130180011984,24.5095869801856,0 79.1301784603347,24.509585076087,0 79.1301768013696,24.5095832493016,0 79.1301750396817,24.5095815048871,0 79.1301731801487,24.5095798476732,0 79.1301712279191,24.5095782822485,0 79.1301691883981,24.5095768129469,0 79.1301670672324,24.5095754438366,0 79.130164870295,24.5095741787083,0 79.1301626036684,24.5095730210647,0 79.1301602736285,24.509571974111,0 79.1301578866263,24.5095710407459,0 79.1301554492706,24.5095702235536,0 79.13015296831,24.5095695247967,0 79.1301504506133,24.5095689464097,0 79.1301489738238,24.509568681821,0 79.1301489464178,24.5095679228796,0 79.1301479464118,24.5095525228795,0 79.1301477282884,24.5095501887639,0 79.1301477144586,24.5095500971153,0 79.1301482976094,24.509549833757,0 79.1301505735736,24.5095486650704,0 79.1301527788035,24.5095473878903,0 79.1301549071272,24.5095460057912,0 79.130156952588,24.5095445226412,0 79.1301589094613,24.5095429425913,0 79.1301607722702,24.5095412700636,0 79.1301625358013,24.5095395097391,0 79.1301641951188,24.5095376665445,0 79.1301657455788,24.5095357456385,0 79.1301671828418,24.5095337523971,0 79.1301685028855,24.509531692399,0 79.1301697020153,24.5095295714095,0 79.1301707768751,24.5095273953648,0 79.1301717244567,24.5095251703551,0 79.1301725421082,24.5095229026075,0 79.1301749421058,24.5095156026066,0 79.1301756475158,24.5095132232654,0 79.1301762098971,24.5095108122347,0 79.130176627572,24.5095083767067,0 79.1301768992947,24.5095059239467,0 79.1301775029984,24.5094984432366,0 79.1301780334817,24.5094979171046,0 79.1301797016755,24.5094960757646,0 79.1301812609325,24.5094941561625,0 79.130182706875,24.5094921636879,0 79.1301840354436,24.5094901039345,0 79.1301852429081,24.5094879826852,0 79.1301863258787,24.5094858058956,0 79.1301872813148,24.5094835796769,0 79.1301881065341,24.5094813102794,0 79.1301887992198,24.5094790040744,0 79.1301939992131,24.5094597040724,0 79.1301945482343,24.5094574114254,0 79.1301949662694,24.5094550957667,0 79.1301952521884,24.5094527633571,0 79.1301954052182,24.5094504205023,0 79.130195424945,24.5094480735367,0 79.1301953113156,24.5094457288056,0 79.1301950646371,24.5094433926483,0 79.1301946855765,24.5094410713807,0 79.1301941751587,24.5094387712789,0 79.1301935347636,24.5094364985614,0 79.1301927661226,24.5094342593727,0 79.1301918713138,24.5094320597669,0 79.1301908527566,24.5094299056908,0 79.1301897132046,24.5094278029682,0 79.1301884557388,24.5094257572842,0 79.1301876388954,24.5094245765859,0 79.1301882828498,24.5094233218319,0 79.1302008828427,24.5093970218277,0 79.1302018494216,24.5093948529099,0 79.1302026917329,24.5093926410355,0 79.1302034075085,24.5093903921603,0 79.1302039948212,24.5093881123399,0 79.1302044520893,24.5093858077134,0 79.1302047780817,24.5093834844862,0 79.1302049719206,24.5093811489144,0 79.1302050330839,24.5093788072869,0 79.130204961407,24.509376465909,0 79.1302047570829,24.5093741310855,0 79.1302044206618,24.5093718091034,0 79.1302039530496,24.5093695062151,0 79.1302033555054,24.5093672286216,0 79.1302026296384,24.509364982456,0 79.1302017774029,24.5093627737664,0 79.130200801094,24.5093606085002,0 79.1301997033405,24.509358492488,0 79.1301984870983,24.5093564314275,0 79.1301971556425,24.5093544308686,0 79.1301957125583,24.5093524961982,0 79.1301839947837,24.5093376303726,0 79.1301808460276,24.5092892185365,0 79.1301806232587,24.5092868485621,0 79.130180264346,24.5092844926162,0 79.1301797702864,24.5092821572415,0 79.1301791424519,24.5092798489237,0 79.130178382586,24.5092775740733,0 79.1301774927991,24.5092753390078,0 79.1301764755622,24.5092731499343,0 79.1301753337003,24.509271012932,0 79.1301740703844,24.5092689339358,0 79.1301726891231,24.5092669187192,0 79.1301711937521,24.5092649728788,0 79.1301695884245,24.5092631018184,0 79.1301678775982,24.5092613107341,0 79.1301660660246,24.5092596046,0 79.1301641587346,24.5092579881544,0 79.130162161025,24.5092564658861,0 79.1301600784437,24.5092550420228,0 79.1301579167742,24.5092537205187,0 79.1301556820199,24.5092525050438,0 79.1301537323131,24.509251568095,0 79.1301545039382,24.5092505132605,0 79.1301558300649,24.5092484766368,0 79.1301570374989,24.5092463791176,0 79.1301575033771,24.50924545517,0 79.1301575726899,24.5092454285843,0 79.1301599372703,24.5092444539917,0 79.1301622426078,24.5092433670498,0 79.1301644823313,24.5092421707624,0 79.1301666502513,24.5092408684355,0 79.1301687403766,24.509239463668,0 79.1301707469311,24.5092379603423,0 79.1301726643696,24.5092363626128,0 79.130174487393,24.5092346748948,0 79.1301762109635,24.5092329018526,0 79.1301778303177,24.5092310483859,0 79.1301793409807,24.509229119617,0 79.1301807387775,24.5092271208761,0 79.1301820198453,24.5092250576867,0 79.1301831806438,24.5092229357508,0 79.130184217965,24.5092207609322,0 79.1301851289424,24.5092185392413,0 79.1301859110584,24.5092162768177,0 79.1301865621515,24.5092139799139,0 79.1301870804225,24.5092116548774,0 79.130187464439,24.5092093081336,0 79.1301877131398,24.5092069461678,0 79.1301878258378,24.5092045755074,0 79.1301878022213,24.5092022027039,0 79.1301876423558,24.5091998343146,0 79.1301873466829,24.5091974768848,0 79.1301869160198,24.5091951369291,0 79.1301863515567,24.5091928209144,0 79.1301856548535,24.5091905352409,0 79.1301848278355,24.5091882862252,0 79.1301820278332,24.5091812862259,0 79.1301811333248,24.5091792104215,0 79.1301694333169,24.5091539104245,0 79.130168366472,24.5091517618035,0 79.1301671783522,24.5091496671365,0 79.1301658722051,24.5091476321494,0 79.1301644516009,24.5091456624046,0 79.130162920423,24.5091437632866,0 79.1301612828568,24.5091419399864,0 79.1301595433785,24.5091401974881,0 79.130157706743,24.5091385405548,0 79.1301557779707,24.5091369737155,0 79.1301537623338,24.5091355012534,0 79.1301516653422,24.5091341271932,0 79.1301494927278,24.509132855291,0 79.1301472504295,24.5091316890236,0 79.1301449445765,24.5091306315788,0 79.1301425814719,24.5091296858472,0 79.1301401675752,24.5091288544139,0 79.1301377094848,24.5091281395517,0 79.1301352139197,24.5091275432146,0 79.1301326877015,24.5091270670326,0 79.1301301377357,24.5091267123075,0 79.1301275709925,24.5091264800088,0 79.1301249944881,24.5091263707715,0 79.1301244262692,24.5091263738828,0 79.1301109783991,24.5091157856174,0 79.1301092070348,24.5091144551775,0 79.1301073700519,24.5091132014438,0 79.1301054714145,24.5091120271218,0 79.1300787714185,24.5090963271267,0 79.1300766145352,24.5090951290298,0 79.1300743935212,24.5090940334052,0 79.1300741641514,24.5090939337525,0 79.1300734103492,24.5090922359167,0 79.1300723290679,24.5090901212244,0 79.1300711297312,24.509088060515,0 79.1300698155474,24.5090860593014,0 79.1300683900324,24.5090841229374,0 79.1300668569998,24.5090822566031,0 79.1300652205506,24.5090804652915,0 79.130063485063,24.5090787537947,0 79.1300616551796,24.5090771266914,0 79.1300597357959,24.5090755883344,0 79.1300577320466,24.5090741428392,0 79.1300556492922,24.5090727940729,0 79.1300534931047,24.5090715456436,0 79.1300512692522,24.5090704008913,0 79.1300489836842,24.5090693628784,0 79.130046642515,24.5090684343819,0 79.1300442520078,24.5090676178856,0 79.1300418185578,24.5090669155739,0 79.130039348675,24.5090663293257,0 79.130036848967,24.5090658607093,0 79.1300343261209,24.5090655109783,0 79.1300317868861,24.5090652810684,0 79.1300292380555,24.5090651715945,0 79.1300266864479,24.5090651828497,0 79.1300241388895,24.5090653148038,0 79.1300216021954,24.5090655671037,0 79.1300190831519,24.5090659390745,0 79.1300165884982,24.5090664297212,0 79.1300151957452,24.5090667734502,0 79.1300007865512,24.5090602469324,0 79.129998465253,24.5090592632374,0 79.1299960913444,24.5090583909647,0 79.1299936712089,24.5090576324597,0 79.1299912113541,24.5090569897619,0 79.1299887183944,24.5090564645997,0 79.1299861990335,24.5090560583852,0 79.1299836600456,24.5090557722105,0 79.1299811082582,24.5090556068454,0 79.1299785505328,24.5090555627343,0 79.1299759937471,24.509055639996,0 79.1299734447762,24.5090558384227,0 79.1299709104743,24.5090561574808,0 79.129968397656,24.5090565963124,0 79.1299659130781,24.5090571537374,0 79.1299634634216,24.509057828257,0 79.1299610552737,24.5090586180575,0 79.1299586951096,24.509059521015,0 79.1299563892758,24.5090605347015,0 79.1299541439726,24.5090616563913,0 79.1299519652376,24.5090628830682,0 79.1299498589293,24.5090642114337,0 79.1299478307116,24.5090656379158,0 79.1299458860381,24.5090671586788,0 79.1299440301382,24.5090687696335,0 79.1299422680022,24.5090704664479,0 79.1299406043685,24.5090722445594,0 79.1299390437106,24.5090740991868,0 79.129937590225,24.509076025343,0 79.1299362478201,24.5090780178486,0 79.1299350201056,24.5090800713458,0 79.1299339103827,24.5090821803129,0 79.1299329216356,24.5090843390789,0 79.1299320565229,24.5090865418389,0 79.1299313173708,24.5090887826698,0 79.1299308011526,24.5090907023243,0 79.1299293044153,24.5090898430683,0 79.129927022026,24.5090886820423,0 79.1299246756887,24.5090876331479,0 79.1299222719779,24.5090866993243,0 79.1299198176288,24.5090858831879,0 79.1299173195187,24.5090851870257,0 79.1299147846472,24.5090846127884,0 79.1298744846602,24.509076512792,0 79.1298719831984,24.5090760716339,0 79.1298694601821,24.5090757492141,0 79.1298687370947,24.5090756914257,0 79.1298672773613,24.5090737066701,0 79.1298656888619,24.5090717781602,0 79.1298639899142,24.50906993014,0 79.1298621853812,24.509068167899,0 79.1298602804275,24.5090664964809,0 79.1298582805055,24.5090649206698,0 79.1298561913394,24.5090634449757,0 79.1298540189088,24.5090620736224,0 79.1298517694314,24.509060810535,0 79.1298494493458,24.5090596593287,0 79.1298470652924,24.5090586232983,0 79.1298446240948,24.5090577054093,0 79.1298121241036,24.5090464054136,0 79.1298097064008,24.5090456299108,0 79.1298072479571,24.5090449702955,0 79.1298047554028,24.5090444283466,0 79.12980223546,24.5090440055256,0 79.129799694925,24.5090437029729,0 79.1297971406493,24.5090435215044,0 79.1297945795216,24.5090434616096,0 79.1297920184492,24.5090435234499,0 79.1297850206465,24.5090438589617,0 79.1297602308937,24.5090207621707,0 79.129722039395,24.5089824722521,0 79.1297200598497,24.5089805991643,0 79.1297179654816,24.5089788337051,0 79.1297157632696,24.5089771817574,0 79.1296942632714,24.5089619817618,0 79.1296921885006,24.5089605924152,0 79.1296900374376,24.5089593038578,0 79.1296878159252,24.5089581195894,0 79.1296855299972,24.5089570428267,0 79.1296831858625,24.5089560764944,0 79.1296807898881,24.5089552232171,0 79.1296783485818,24.5089544853124,0 79.1296758685744,24.5089538647845,0 79.129673356602,24.508953363319,0 79.1296708194875,24.5089529822778,0 79.129668264122,24.5089527226959,0 79.1296656974462,24.5089525852784,0 79.1296631264315,24.5089525703985,0 79.1296605580612,24.5089526780966,0 79.1296579993112,24.5089529080803,0 79.1296554571315,24.5089532597247,0 79.129652938427,24.5089537320749,0 79.1296504500388,24.5089543238478,0 79.1296479987257,24.5089550334362,0 79.1296455911458,24.5089558589126,0 79.1296432338384,24.5089567980351,0 79.1296409332062,24.5089578482527,0 79.1296386954981,24.508959006713,0 79.129636526792,24.5089602702695,0 79.1296344329783,24.5089616354901,0 79.1296324197442,24.5089630986667,0 79.1296304925579,24.5089646558252,0 79.1296286566538,24.5089663027361,0 79.1296269170186,24.5089680349262,0 79.1296252783772,24.5089698476906,0 79.1296237451806,24.5089717361056,0 79.129622321593,24.508973695042,0 79.1296210114811,24.5089757191791,0 79.1296198184033,24.5089778030191,0 79.1296187456003,24.508979940902,0 79.1296177959858,24.508982127021,0 79.1296169721393,24.5089843554383,0 79.1296162762983,24.5089866201012,0 79.1296157103529,24.5089889148587,0 79.1296152758402,24.5089912334778,0 79.1296149739405,24.5089935696608,0 79.1296148054737,24.5089959170625,0 79.1296147708975,24.5089982693068,0 79.1296148703058,24.5090006200049,0 79.1296183702865,24.5090500200049,0 79.129618606209,24.5090523845469,0 79.1296189776965,24.5090547344667,0 79.129619483721,24.5090570632621,0 79.1296201228824,24.5090593644894,0 79.1296208934123,24.509061631781,0 79.1296217931785,24.5090638588635,0 79.1296228196915,24.5090660395745,0 79.1296239701108,24.5090681678801,0 79.1296252412533,24.5090702378912,0 79.1296266296018,24.5090722438802,0 79.1296281313147,24.5090741802965,0 79.1296297422369,24.5090760417821,0 79.1296304434985,24.5090767699101,0 79.129629122737,24.5090768830785,0 79.1296265805466,24.5090772238337,0 79.1296240611936,24.5090776852283,0 79.1296215715115,24.5090782660108,0 79.1296191182535,24.5090789646058,0 79.1296167080739,24.5090797791184,0 79.1296143475102,24.5090807073394,0 79.1296120429653,24.5090817467509,0 79.1296098006902,24.5090828945336,0 79.129607626767,24.5090841475742,0 79.1296055270923,24.5090855024739,0 79.1296035073613,24.5090869555576,0 79.129601906053,24.5090882365043,0 79.1296009580939,24.5090863744785,0 79.1295997448621,24.5090842850074,0 79.1295984136353,24.5090822565741,0 79.1295969680712,24.5090802947519,0 79.1295954121416,24.5090784049311,0 79.1295937501215,24.5090765923042,0 79.1295919865776,24.5090748618514,0 79.1295901263552,24.5090732183275,0 79.1295881745657,24.5090716662481,0 79.1295861365716,24.5090702098777,0 79.1295840179726,24.5090688532179,0 79.1295194179818,24.50902975323,0 79.1295172088787,24.5090284915439,0 79.129514930089,24.5090273382755,0 79.1295125879623,24.5090262966382,0 79.1295101890251,24.5090253695346,0 79.1295077399619,24.5090245595481,0 79.1295052475969,24.5090238689356,0 79.1295027188751,24.5090232996215,0 79.1295001608427,24.5090228531921,0 79.1294975806276,24.5090225308916,0 79.1294949854195,24.5090223336179,0 79.1294923824499,24.5090222619207,0 79.1294897789719,24.5090223159999,0 79.12948718224,24.5090224957047,0 79.12948459949,24.5090228005343,0 79.1294820379187,24.5090232296395,0 79.1294795046638,24.5090237818245,0 79.1294352924467,24.5090345547838,0 79.129398381439,24.5090333746819,0 79.1293964700227,24.5090328495345,0 79.1293940099785,24.509032297848,0 79.1293915222299,24.5090318624149,0 79.1293893694765,24.5090315895282,0 79.129389676494,24.5090310868465,0 79.1293908106337,24.509028979393,0 79.1293918234103,24.5090268208076,0 79.129392712081,24.5090246169362,0 79.1293934742389,24.509022373748,0 79.1293941078199,24.5090200973181,0 79.1293946111079,24.509017793812,0 79.1293949827399,24.5090154694683,0 79.1293952217093,24.5090131305823,0 79.1293953273691,24.5090107834884,0 79.129395299433,24.5090084345434,0 79.1293951379767,24.5090060901091,0 79.1293948434375,24.5090037565349,0 79.129394416613,24.5090014401412,0 79.1293938586594,24.5089991472014,0 79.1293931710877,24.5089968839256,0 79.1293923557602,24.5089946564436,0 79.129391414885,24.5089924707883,0 79.1293903510104,24.5089903328791,0 79.1293891670177,24.5089882485061,0 79.1293878661135,24.5089862233148,0 79.1293864518213,24.5089842627899,0 79.1293849279714,24.5089823722412,0 79.1293832986909,24.5089805567891,0 79.1293815683925,24.5089788213504,0 79.1293797417625,24.5089771706253,0 79.129377823748,24.5089756090845,0 79.1293758195436,24.5089741409572,0 79.1293737345775,24.5089727702196,0 79.1293715744965,24.5089715005842,0 79.1293693451508,24.5089703354895,0 79.1293670525782,24.5089692780911,0 79.129364702988,24.5089683312528,0 79.1293623027436,24.5089674975389,0 79.1293598583456,24.5089667792074,0 79.1293573764144,24.5089661782039,0 79.1293548636719,24.5089656961559,0 79.1293523269235,24.5089653343692,0 79.1293497730396,24.5089650938235,0 79.1293472089369,24.5089649751702,0 79.1293446415601,24.5089649787309,0 79.1293420778624,24.5089651044958,0 79.1293395247872,24.5089653521243,0 79.1293369892491,24.5089657209457,0 79.1293344781154,24.5089662099612,0 79.1293319981868,24.5089668178463,0 79.1293295561802,24.5089675429547,0 79.1293271587091,24.5089683833225,0 79.1293107477439,24.5089745884639,0 79.1292775180639,24.5089817203064,0 79.129236245757,24.508982144919,0 79.1292347911214,24.5089803808095,0 79.1292331308316,24.5089785724053,0 79.1292313694353,24.5089768459347,0 79.1292295117545,24.5089752061244,0 79.1292275628753,24.5089736574638,0 79.129225528133,24.5089722041926,0 79.1292234130983,24.5089708502896,0 79.1292212235615,24.5089695994613,0 79.129218965517,24.5089684551321,0 79.1292166451467,24.508967420435,0 79.1292142688032,24.5089664982027,0 79.1292118429922,24.5089656909599,0 79.129209374355,24.5089650009166,0 79.12920686965,24.5089644299622,0 79.1292043357344,24.5089639796595,0 79.1292017795453,24.5089636512415,0 79.129199208081,24.5089634456073,0 79.1291966283814,24.5089633633198,0 79.129194047509,24.5089634046044,0 79.1291914725296,24.5089635693479,0 79.1291889104927,24.5089638570994,0 79.1291863684124,24.5089642670711,0 79.1291838532484,24.5089647981406,0 79.1291813718864,24.5089654488539,0 79.1291789311198,24.5089662174297,0 79.1291765376307,24.5089671017637,0 79.1291741979718,24.5089680994348,0 79.1291719185484,24.5089692077118,0 79.1291697056011,24.5089704235605,0 79.1291675651882,24.5089717436521,0 79.1291655031696,24.5089731643727,0 79.1291590671953,24.5089778450819,0 79.1291582938425,24.5089772852021,0 79.1291562000367,24.5089759252413,0 79.129154031731,24.5089746668029,0 79.1291517947995,24.508973513296,0 79.1291494953023,24.5089724678457,0 79.1291471394688,24.5089715332841,0 79.1291447336813,24.508970712143,0 79.1291422844572,24.5089700066469,0 79.1291397984316,24.5089694187072,0 79.1291372823395,24.5089689499166,0 79.1291347429971,24.508968601545,0 79.1291321872838,24.5089683745363,0 79.1291296221231,24.5089682695055,0 79.1291270544642,24.508968286737,0 79.1291244912633,24.5089684261842,0 79.1291219394642,24.5089686874694,0 79.12911940598,24.5089690698846,0 79.1291168976741,24.5089695723938,0 79.1291144213416,24.5089701936359,0 79.1291119836913,24.5089709319276,0 79.1291095913268,24.5089717852691,0 79.1291072507293,24.5089727513484,0 79.1291049682397,24.5089738275483,0 79.1291011019892,24.5089757686292,0 79.1290733394094,24.5089655965085,0 79.1290710313888,24.508964811424,0 79.1290686834291,24.5089641326897,0 79.1290663013799,24.5089635619964,0 79.1290638911756,24.5089631007659,0 79.1290614588208,24.5089627501472,0 79.1290590103751,24.5089625110139,0 79.1290565519383,24.5089623839617,0 79.1290540896352,24.5089623693072,0 79.1290516296001,24.5089624670868,0 79.1290273279568,24.508963989748,0 79.1290026941203,24.5089503114863,0 79.1290007495966,24.5089492863955,0 79.1289987561329,24.5089483432805,0 79.1289600561415,24.5089310432866,0 79.1289577287927,24.5089300704671,0 79.1289553494478,24.5089292093658,0 79.1289529245074,24.5089284622992,0 79.1289504604947,24.5089278312769,0 79.1289479640383,24.5089273179965,0 79.1289454418538,24.5089269238386,0 79.128942900726,24.5089266498636,0 79.1289403474909,24.5089264968086,0 79.1289377890169,24.5089264650853,0 79.1289352321865,24.5089265547789,0 79.1289343764559,24.5089266255895,0 79.1289345837411,24.5089258604775,0 79.1289351413706,24.5089235429536,0 79.1289355651161,24.5089212018184,0 79.1289358538065,24.5089188435424,0 79.128936006644,24.5089164746436,0 79.128936023206,24.5089141016691,0 79.1289359034468,24.5089117311774,0 79.1289356476975,24.5089093697203,0 79.1289352566649,24.5089070238243,0 79.1289347314298,24.5089046999732,0 79.1289340734438,24.5089024045897,0 79.1289332845254,24.5089001440178,0 79.1289323668552,24.5088979245054,0 79.1289313229695,24.5088957521869,0 79.1289301557533,24.5088936330661,0 79.1289288684326,24.508891573,0 79.1289274645655,24.5088895776823,0 79.1289259480319,24.5088876526276,0 79.1289243230234,24.5088858031565,0 79.1289225940311,24.5088840343807,0 79.1289207658338,24.5088823511887,0 79.1289188434842,24.5088807582326,0 79.1289168322954,24.508879259915,0 79.1289147378261,24.5088778603771,0 79.1289125658649,24.508876563487,0 79.1289103224148,24.5088753728289,0 79.1289080136763,24.5088742916938,0 79.1289056460304,24.5088733230696,0 79.1289032260209,24.5088724696336,0 79.1289007603363,24.5088717337443,0 79.1288982557913,24.5088711174358,0 79.128895719308,24.5088706224114,0 79.1288931578969,24.5088702500393,0 79.1288905786372,24.5088700013485,0 79.1288879886577,24.5088698770266,0 79.1288853951165,24.508869877417,0 79.1288828051818,24.5088700025187,0 79.1288802260117,24.5088702519859,0 79.1288776647347,24.5088706251292,0 79.1288751284296,24.5088711209172,0 79.1288726241064,24.5088717379797,0 79.1288701586865,24.5088724746112,0 79.1288677389841,24.5088733287758,0 79.1288653716867,24.5088742981127,0 79.1288630633372,24.5088753799428,0 79.1288608203155,24.5088765712762,0 79.1288586488208,24.5088778688201,0 79.1288565548549,24.5088792689885,0 79.1288545442051,24.5088807679114,0 79.1288526224285,24.5088823614461,0 79.1288507948366,24.5088840451883,0 79.1288490664806,24.5088858144845,0 79.1288474421372,24.5088876644446,0 79.1288459262961,24.5088895899556,0 79.1288101782794,24.5089376123375,0 79.1288060808601,24.5089373088248,0 79.1288034749337,24.5089371791606,0 79.1288008651595,24.508937175769,0 79.1287982588411,24.5089372986594,0 79.1287956632723,24.508937547488,0 79.1287930857169,24.5089379215583,0 79.1287905333884,24.5089384198236,0 79.1287880134295,24.5089390408894,0 79.1287855328924,24.5089397830176,0 79.1287830987191,24.5089406441314,0 79.1287807177216,24.5089416218209,0 79.1287783965633,24.50894271335,0 79.12877614174,24.5089439156641,0 79.128773959562,24.5089452253983,0 79.1287718561361,24.5089466388873,0 79.1287698373489,24.5089481521755,0 79.128769036526,24.5089488202629,0 79.1287653813194,24.5089487672886,0 79.1287628113444,24.5089487913054,0 79.128760246224,24.5089489377523,0 79.1287576929203,24.5089492062319,0 79.1287551583631,24.5089495960155,0 79.1287526494317,24.5089501060452,0 79.1287501729354,24.5089507349367,0 79.1287477355958,24.5089514809831,0 79.1287453440281,24.5089523421595,0 79.1287430047232,24.5089533161287,0 79.1287407240304,24.5089544002471,0 79.1287385081397,24.5089555915724,0 79.1287363630652,24.5089568868712,0 79.1287342946289,24.5089582826278,0 79.1287323084448,24.5089597750541,0 79.1287304099037,24.5089613600993,0 79.1287286041584,24.5089630334616,0 79.1287268961098,24.5089647905992,0 79.1287252903939,24.5089666267431,0 79.1287237913687,24.5089685369097,0 79.1287224031027,24.5089705159147,0 79.128721129364,24.5089725583868,0 79.1287199736095,24.5089746587825,0 79.1287189389761,24.508976811401,0 79.1287180282719,24.5089790104,0 79.1287172439687,24.5089812498112,0 79.1287165881952,24.5089835235563,0 79.1287160627312,24.5089858254644,0 79.128715669003,24.5089881492877,0 79.1287154080791,24.5089904887191,0 79.1287152806677,24.5089928374092,0 79.1287151470345,24.5089980299349,0 79.1287136305374,24.508998746504,0 79.1287127383217,24.5089992234507,0 79.1287110294957,24.508998648403,0 79.1287085999477,24.5089979586545,0 79.1287061347712,24.5089973844103,0 79.1287036405207,24.5089969271974,0 79.128701123828,24.5089965882314,0 79.1286985913847,24.5089963684135,0 79.1286960499243,24.5089962683283,0 79.128693506204,24.5089962882418,0 79.1286909669873,24.508996428101,0 79.1286884390255,24.5089966875342,0 79.1286859290403,24.5089970658515,0 79.1286834437051,24.5089975620471,0 79.1286809896283,24.5089981748015,0 79.1286785733349,24.5089989024856,0 79.1286762012493,24.5089997431647,0 79.1286738796788,24.5090006946033,0 79.1286716147959,24.5090017542718,0 79.1286694126227,24.5090029193528,0 79.1286672790144,24.5090041867483,0 79.1286652196441,24.5090055530886,0 79.1286632399872,24.5090070147408,0 79.1286613453075,24.5090085678186,0 79.1286379453089,24.5090287678134,0 79.1286361349408,24.5090304136457,0 79.1286344200172,24.5090321429367,0 79.1286328051274,24.5090339510589,0 79.1286312945929,24.5090358331733,0 79.1286310586971,24.5090361614218,0 79.1286293504296,24.5090362713115,0 79.1286267817198,24.5090365610526,0 79.1286242331526,24.5090369736561,0 79.1286217117425,24.5090375079864,0 79.1286192244292,24.5090381625728,0 79.1286167780589,24.5090389356137,0 79.1286143793648,24.5090398249813,0 79.1286120349489,24.5090408282279,0 79.1286097512639,24.5090419425921,0 79.1286075345953,24.5090431650068,0 79.1286053910442,24.5090444921074,0 79.1286033265105,24.5090459202414,0 79.1286013466764,24.509047445478,0 79.1285994569912,24.5090490636191,0 79.1285976626559,24.5090507702111,0 79.1285959686093,24.5090525605569,0 79.1285943795139,24.5090544297287,0 79.1285928997436,24.5090563725819,0 79.1285915333711,24.5090583837691,0 79.1285902841572,24.5090604577548,0 79.1285891555403,24.5090625888307,0 79.1285881506266,24.5090647711312,0 79.1285872721821,24.5090669986498,0 79.1285865226246,24.5090692652557,0 79.1285859040172,24.5090715647104,0 79.1285854180624,24.5090738906848,0 79.1285850660978,24.5090762367771,0 79.1285848490921,24.5090785965301,0 79.1285847676426,24.5090809634487,0 79.1285848219736,24.5090833310184,0 79.1285850119355,24.5090856927228,0 79.1285877840185,24.5091110492215,0 79.12858773882,24.5091115644385,0 79.1285876670286,24.509113920583,0 79.1285877297573,24.5091162769441,0 79.1285879268349,24.5091186270965,0 79.1285882577241,24.5091209646318,0 79.1285887215226,24.5091232831762,0 79.1285893169657,24.5091255764075,0 79.1285900424298,24.5091278380725,0 79.1285908959369,24.5091300620042,0 79.1285918751594,24.5091322421383,0 79.1285929774273,24.5091343725303,0 79.128594199735,24.509136447371,0 79.1285955387495,24.5091384610027,0 79.1285969908197,24.5091404079347,0 79.128598551986,24.5091422828581,0 79.1286002179915,24.5091440806606,0 79.1286019842935,24.5091457964398,0 79.1286038460755,24.5091474255172,0 79.1286057982609,24.5091489634506,0 79.1286078355266,24.5091504060466,0 79.1286099523173,24.5091517493713,0 79.1286121428611,24.509152989762,0 79.1286144011848,24.5091541238362,0 79.1286167211305,24.5091551485017,0 79.1286190963723,24.5091560609644,0 79.1286196234355,24.5091562344238,0 79.1286196699691,24.5091568909898,0 79.1286199687642,24.5091592218843,0 79.1286203880749,24.5091614737254,0 79.1286199191784,24.5091640031199,0 79.1286181479991,24.5091635601844,0 79.1286156071715,24.5091630547247,0 79.1286130407663,24.5091626724566,0 79.128610455913,24.509162414442,0 79.1286078597924,24.5091622813977,0 79.1286052596164,24.5091622736932,0 79.1286026626085,24.5091623913501,0 79.1286000759831,24.5091626340414,0 79.1285975069258,24.5091630010929,0 79.1285949625736,24.509163491485,0 79.1285924499946,24.5091641038553,0 79.1285620500045,24.5091723038531,0 79.1285595784599,24.5091730357631,0 79.1285571524495,24.509173885697,0 79.1285547787005,24.5091748512982,0 79.1285524637948,24.5091759298892,0 79.1285502141512,24.5091771184791,0 79.1285481132596,24.5091783678324,0 79.1285479094289,24.5091781474167,0 79.1285461310004,24.5091764176534,0 79.1285442556031,24.5091747758664,0 79.1285422884283,24.5091732266003,0 79.1285402349213,24.5091717741436,0 79.1285381007664,24.5091704225168,0 79.1285358918711,24.5091691754613,0 79.1285336143498,24.5091680364291,0 79.1285312745069,24.5091670085731,0 79.1285288788193,24.5091660947386,0 79.1285264339185,24.509165297455,0 79.128523946572,24.5091646189293,0 79.1285214236652,24.5091640610398,0 79.1285188721816,24.5091636253307,0 79.128516299184,24.5091633130081,0 79.1285137117946,24.5091631249365,0 79.1285111171755,24.5091630616366,0 79.1285085225089,24.5091631232835,0 79.128505934977,24.5091633097066,0 79.1285033617424,24.50916362039,0 79.1285008099279,24.5091640544735,0 79.1284982865971,24.5091646107555,0 79.128495798735,24.5091652876964,0 79.128493353228,24.5091660834222,0 79.1284909568456,24.5091669957303,0 79.1284886162211,24.5091680220953,0 79.1284863378336,24.5091691596762,0 79.1284841279899,24.5091704053241,0 79.128481992807,24.5091717555909,0 79.1284813764971,24.5091721908833,0 79.1284784326657,24.5093708967395,0 79.1284799514512,24.5093715139315,0 79.1284823405882,24.509372351993,0 79.1284847740019,24.5093730755876,0 79.1284872451462,24.5093736827687,0 79.1284897473736,24.5093741719031,0 79.1284922739531,24.5093745416749,0 79.128494818088,24.5093747910893,0 79.1284973729344,24.5093749194756,0 79.1284999316198,24.5093749264882,0 79.1285024872609,24.5093748121084,0 79.1285050329833,24.5093745766439,0 79.1285075619385,24.509374220728,0 79.1285100673237,24.5093737453181,0 79.1285125423992,24.5093731516932,0 79.128514980507,24.5093724414501,0 79.1285173750884,24.5093716164995,0 79.1285197197019,24.5093706790604,0 79.1285203902058,24.509370372161,0 79.128530110866,24.5093809494333,0 79.1285346972898,24.5093873868115,0 79.1285332795054,24.5093891528958,0 79.1285318444136,24.5093911549944,0 79.1285305273661,24.5093932239008,0 79.1285293320685,24.5093953537942,0 79.1285282618839,24.509397538682,0 79.1285273198232,24.5093997724168,0 79.1285265085371,24.5094020487139,0 79.1285258303081,24.5094043611689,0 79.1285256859417,24.5094049835585,0 79.128525685938,24.5094049835581,0 79.1285231124415,24.5094048112506,0 79.1285205326184,24.509404762298,0 79.1285179535269,24.5094048368343,0 79.1285153822229,24.5094050346557,0 79.1285128257409,24.5094053552209,0 79.1285102910751,24.5094057976528,0 79.1285077851599,24.5094063607412,0 79.1285053148511,24.5094070429453,0 79.1285028869069,24.509407842399,0 79.1285005079697,24.509408756915,0 79.128498184548,24.5094097839913,0 79.1284959229983,24.509410920818,0 79.1284937295076,24.5094121642851,0 79.1284916100771,24.5094135109905,0 79.1284895705051,24.50941495725,0 79.1284876163716,24.5094164991068,0 79.1284857530227,24.5094181323426,0 79.1284839855562,24.5094198524892,0 79.1284823188076,24.5094216548407,0 79.1284807573368,24.509423534466,0 79.1284793054158,24.5094254862229,0 79.128477587706,24.5094279303269,0 79.1284768140629,24.5094801499884,0 79.1283781567547,24.5094789263272,0 79.1283782416964,24.5094731932072,0 79.1283761740027,24.5094851398533,0 79.1283758916776,24.5094870283641,0 79.1283743916731,24.5094989283633,0 79.1283741570398,24.5095013711559,0 79.1283740677405,24.5095038220023,0 79.1283741240387,24.5095062736692,0 79.1283743257683,24.5095087189208,0 79.1283746723339,24.5095111505404,0 79.1283751627128,24.5095135613512,0 79.1283757954575,24.5095159442381,0 79.1283765687006,24.5095182921684,0 79.1283774148648,24.5095204330118,0 79.1283765949968,24.5095224635669,0 79.1283758324731,24.50952470399,0 79.1283751982302,24.5095269776431,0 79.1283746939822,24.5095292783815,0 79.1283743210918,24.5095315999877,0 79.1283740805666,24.5095339361874,0 79.1283739730569,24.509536280667,0 79.1283739988531,24.5095386270907,0 79.1283741578854,24.5095409691172,0 79.1283744497242,24.5095433004171,0 79.1283748735808,24.5095456146903,0 79.1283754283096,24.5095479056823,0 79.1283761124115,24.5095501672017,0 79.1283769240378,24.5095523931368,0 79.1283778609951,24.509554577472,0 79.1283789207511,24.5095567143042,0 79.128380100442,24.5095587978585,0 79.1283813968797,24.5095608225043,0 79.1283817276638,24.509561282484,0 79.1283766997245,24.5095814715577,0 79.1283761833401,24.5095838345633,0 79.1283758055187,24.5095862194162,0 79.1283755673372,24.5095886193194,0 79.1283754694744,24.509591027433,0 79.1283755122094,24.5095934368934,0 79.1283756954201,24.5095958408334,0 79.1283760185846,24.5095982324017,0 79.1283764807818,24.5096006047818,0 79.1283768577072,24.5096022794109,0 79.1283751704299,24.5096031264104,0 79.1283729473929,24.5096043124006,0 79.1283707949704,24.5096056028398,0 79.128368719019,24.5096069942168,0 79.128366725187,24.5096084827458,0 79.1283648188996,24.5096100643767,0 79.1283630053436,24.5096117348059,0 79.1283612894534,24.5096134894885,0 79.1283596758978,24.5096153236501,0 79.1283581690672,24.5096172323001,0 79.1283567730615,24.5096192102453,0 79.1283554916791,24.5096212521039,0 79.1283543284066,24.5096233523201,0 79.1283532864091,24.5096255051795,0 79.1283523685217,24.5096277048245,0 79.128351577242,24.5096299452698,0 79.1283509147229,24.5096322204196,0 79.1283503147221,24.5096345204194,0 79.1283497842416,24.5096368167576,0 79.1283493849342,24.509639135221,0 79.1283491178795,24.5096414695411,0 79.1283489837995,24.5096438134067,0 79.1283489830568,24.5096461604805,0 79.1283491156534,24.5096485044167,0 79.1283493812308,24.5096508388779,0 79.1283497790709,24.5096531575525,0 79.1283503080981,24.5096554541713,0 79.1283509668821,24.509657722525,0 79.1283517536417,24.5096599564806,0 79.1283526662498,24.509662149998,0 79.1283537022388,24.5096642971466,0 79.1283548588078,24.5096663921211,0 79.1283561328298,24.5096684292573,0 79.1283575208601,24.5096704030472,0 79.1283590191459,24.5096723081545,0 79.1283606236363,24.509674139428,0 79.1283623299932,24.5096758919167,0 79.128364133603,24.5096775608822,0 79.1283654018953,24.5096786184222,0 79.1283556866658,24.5096799881927,0 79.1283531233451,24.5096804132764,0 79.1283505881227,24.5096809615727,0 79.1283480880679,24.5096816315527,0 79.1283456301519,24.509682421348,0 79.1283432212286,24.5096833287566,0 79.1283408680151,24.509684351248,0 79.1283385770733,24.5096854859711,0 79.1283363547912,24.5096867297618,0 79.1283342073657,24.5096880791519,0 79.1283321407847,24.5096895303786,0 79.1283301608108,24.5096910793953,0 79.1283282729651,24.5096927218826,0 79.1283264825117,24.5096944532605,0 79.1283247944431,24.5096962687012,0 79.1283232134667,24.5096981631423,0 79.1283217439907,24.5097001313014,0 79.1283203901127,24.5097021676903,0 79.1283191556081,24.5097042666306,0 79.1283180439191,24.5097064222696,0 79.1283170581456,24.5097086285963,0 79.1283162010365,24.5097108794586,0 79.1283154749817,24.5097131685799,0 79.1283148820059,24.5097154895772,0 79.1283144237625,24.5097178359786,0 79.1283141015293,24.5097202012411,0 79.1283139162049,24.5097225787694,0 79.128313868306,24.5097249619337,0 79.1283139579661,24.5097273440889,0 79.1283141849354,24.5097297185924,0 79.128314548581,24.5097320788229,0 79.1283150478887,24.509734418199,0 79.1283156814663,24.5097367301977,0 79.1283162039076,24.5097382838355,0 79.128314955701,24.5097392663669,0 79.1283130840151,24.5097409036679,0 79.1283113088031,24.5097426285721,0 79.1283096349559,24.5097444363274,0 79.1283080670853,24.509746321953,0 79.1283066095109,24.5097482802539,0 79.1283052662485,24.5097503058346,0 79.1283040409991,24.5097523931144,0 79.1283029371384,24.5097545363425,0 79.1283019577077,24.509756729614,0 79.1283011054054,24.5097589668862,0 79.1283003825798,24.5097612419951,0 79.1282997912223,24.5097635486724,0 79.1282993329622,24.5097658805629,0 79.1282990090622,24.509768231242,0 79.1282988204146,24.5097705942331,0 79.1282987675392,24.5097729630259,0 79.1282988505816,24.5097753310941,0 79.1282990693131,24.5097776919132,0 79.128299423131,24.509780038979,0 79.1282999110606,24.5097823658249,0 79.1283005317575,24.50978466604,0 79.1283012835116,24.5097869332871,0 79.1283041877355,24.5097949304343,0 79.128301164742,24.5098099551344,0 79.1282912540278,24.5098269868694,0 79.1282901065517,24.5098290889605,0 79.1282890801844,24.5098312428382,0 79.1282881777075,24.5098334426659,0 79.1282874015662,24.5098356824826,0 79.1282867538639,24.509837956219,0 79.1282862363556,24.5098402577137,0 79.1282858504437,24.5098425807302,0 79.1282855971739,24.5098449189736,0 79.1282854772325,24.5098472661079,0 79.1282854909446,24.5098496157729,0 79.128285638273,24.5098519616015,0 79.1282890382585,24.5098891616017,0 79.1282893182033,24.5098914932044,0 79.1282897301484,24.509893808353,0 79.1282902729813,24.5098961007958,0 79.1282909452361,24.5098983643422,0 79.1282917450976,24.5099005928798,0 79.1282926704057,24.5099027803906,0 79.1282937186617,24.5099049209675,0 79.1282948870351,24.50990700883,0 79.1282961723706,24.5099090383402,0 79.1282975711974,24.5099110040175,0 79.1282990797382,24.5099129005538,0 79.1283006939192,24.5099147228278,0 79.1283024093815,24.5099164659185,0 79.1283042214927,24.509918125119,0 79.1283061253594,24.5099196959486,0 79.1283073533796,24.5099206079293,0 79.1283044667524,24.5099270658267,0 79.1282803028893,24.5099512296819,0 79.1282785839987,24.5099530431231,0 79.1282769729013,24.509954937607,0 79.1282754741534,24.5099569077758,0 79.1282740919935,24.5099589480579,0 79.1282728303305,24.5099610526832,0 79.1282716927323,24.5099632156998,0 79.1282706824162,24.5099654309907,0 79.1282698022393,24.5099676922909,0 79.1282690546908,24.5099699932054,0 79.1282684418849,24.5099723272272,0 79.1282679655545,24.5099746877555,0 79.1282676270467,24.5099770681146,0 79.1282674273189,24.5099794615729,0 79.1282673669359,24.5099818613616,0 79.1282674460685,24.509984260694,0 79.1282676644929,24.5099866527846,0 79.1282680215914,24.5099890308687,0 79.1282685163541,24.5099913882208,0 79.1282691473819,24.5099937181743,0 79.1282699128901,24.50999601414,0 79.1282708107138,24.5099982696249,0 79.1282718383141,24.5100004782503,0 79.1282719383141,24.5100006782503,0 79.1282730939778,24.5100028358553,0 79.1282743734861,24.5100049341369,0 79.1282757732134,24.5100069671494,0 79.1282772891935,24.5100089291321,0 79.1282789171306,24.5100108145256,0 79.1282797898116,24.5100117214948,0 79.1282589256709,24.5100323083639,0 79.1282572312863,24.510034069939,0 79.1282556392477,24.5100359097023,0 79.128254153858,24.5100378226813,0 79.1282527791316,24.510039803706,0 79.128251518784,24.5100418474224,0 79.1282503762215,24.510043948307,0 79.128249354532,24.5100461006817,0 79.1282484564768,24.5100482987296,0 79.128247684483,24.51005053651,0 79.1282470406372,24.5100528079749,0 79.1282465266793,24.5100551069854,0 79.1282461439985,24.5100574273281,0 79.1282458936289,24.5100597627318,0 79.1282457762474,24.5100621068847,0 79.1282457921711,24.5100644534515,0 79.128245941357,24.5100667960901,0 79.1282462234019,24.5100691284692,0 79.1282466375436,24.5100714442851,0 79.1282471826627,24.5100737372791,0 79.1282478572861,24.5100760012539,0 79.1282486595903,24.5100782300907,0 79.1282495874072,24.5100804177659,0 79.128252787405,24.5100874177667,0 79.1282538685784,24.510089616025,0 79.1282550764717,24.5100917583379,0 79.1282564076398,24.5100938385953,0 79.1282578582861,24.5100958508644,0 79.1282594242735,24.510097789406,0 79.1282601775728,24.5100986246556,0 79.1282579462967,24.5100997889632,0 79.1282557723069,24.5101010658178,0 79.1282536743495,24.5101024450468,0 79.1282516581773,24.5101039228684,0 79.1282497293189,24.5101054952301,0 79.1282478930634,24.5101071578203,0 79.128246154446,24.51010890608,0 79.1282445182342,24.5101107352154,0 79.1282429889148,24.5101126402107,0 79.1282415706812,24.5101146158422,0 79.1282402674224,24.5101166566925,0 79.1282390827121,24.5101187571655,0 79.1282380197989,24.5101209115013,0 79.1282370815974,24.5101231137925,0 79.1282362706804,24.5101253580002,0 79.1282355892714,24.5101276379705,0 79.1282350392389,24.5101299474516,0 79.1282346220913,24.5101322801105,0 79.1282343389723,24.5101346295508,0 79.1282341906583,24.5101369893302,0 79.1282341775561,24.5101393529778,0 79.1282342997015,24.5101417140122,0 79.1282343994317,24.5101429535223,0 79.1282322218217,24.5101505973674,0 79.1282322108212,24.5101506095037,0 79.1282306605439,24.5101525156918,0 79.1282292220416,24.5101544938788,0 79.1282278993001,24.5101565385835,0 79.1282266959847,24.5101586441402,0 79.1282256154295,24.5101608047148,0 79.1282246606286,24.5101630143205,0 79.1282238342276,24.510165266835,0 79.1282231385164,24.5101675560167,0 79.1282225754227,24.5101698755227,0 79.1282221465068,24.5101722189259,0 79.1282218529571,24.5101745797332,0 79.1282216955871,24.510176951403,0 79.1282216748327,24.5101793273637,0 79.1282217907516,24.510181701032,0 79.1282218670784,24.510182416523,0 79.1282114292769,24.510199138303,0 79.1282687993663,24.5101998499594,0 79.1282672817481,24.5103022715069,0 79.1282682435974,24.5103006351685,0 79.1282767766003,24.510285163231,0 79.1282797919344,24.5102803261301,0 79.1282882289771,24.5102693579735,0 79.1282892437605,24.510278078797,0 79.1282895859556,24.5102804305919,0 79.1282900627341,24.5102827626871,0 79.1282906727789,24.5102850686394,0 79.1282914144045,24.5102873420783,0 79.1282922855621,24.5102895767228,0 79.1282932838449,24.5102917663993,0 79.1282944064949,24.5102939050582,0 79.1282956504105,24.5102959867911,0 79.1282970121552,24.5102980058466,0 79.1282984879669,24.5102999566467,0 79.1283000737683,24.510301833802,0 79.1283013524051,24.5103031932616,0 79.128293290787,24.5103168532149,0 79.1282921266098,24.5103189553168,0 79.1282910839242,24.5103211101456,0 79.1282901655722,24.5103233118279,0 79.1282893740567,24.5103255543628,0 79.1282887115354,24.5103278316379,0 79.1282881798139,24.5103301374462,0 79.1282877803416,24.5103324655027,0 79.1282875142073,24.5103348094621,0 79.1282873821364,24.5103371629355,0 79.1282873844888,24.5103395195082,0 79.1282875212583,24.510341872757,0 79.1282877920719,24.5103442162676,0 79.1282881961916,24.5103465436526,0 79.1282887325159,24.5103488485683,0 79.1282893995829,24.5103511247323,0 79.1282901955745,24.5103533659405,0 79.1282911183211,24.5103555660842,0 79.1282921653075,24.5103577191665,0 79.1282933336802,24.510359819319,0 79.1282946202544,24.5103618608172,0 79.1282960215235,24.5103638380969,0 79.1282975336681,24.5103657457686,0 79.1282990864298,24.5103675037547,0 79.1282985114693,24.5103684181768,0 79.1282973472153,24.5103705155846,0 79.1282963039689,24.5103726656415,0 79.1282953845636,24.5103748625077,0 79.1282945914965,24.5103771002166,0 79.1282939269217,24.5103793726903,0 79.1282933926443,24.5103816737568,0 79.1282929901152,24.5103839971662,0 79.1282927204278,24.510386336608,0 79.1282925843147,24.5103886857282,0 79.128292384312,24.510395485728,0 79.1282923788425,24.510397711358,0 79.1282924932814,24.5103999345293,0 79.1282927273506,24.5104021498369,0 79.128293080481,24.5104043518949,0 79.1282935518142,24.5104065353499,0 79.1282941402041,24.5104086948934,0 79.1282948442204,24.5104108252752,0 79.1282956621514,24.510412921316,0 79.1283032767157,24.5104310130807,0 79.1282985354281,24.5104479983284,0 79.1282948123045,24.5104567742554,0 79.1282871432392,24.5104709325215,0 79.1283634448021,24.5104718789812,0 79.1283621073127,24.5105621473974,0 79.1283875157411,24.510562462561,0 79.1283855482853,24.5106191506424,0</coordinates></LinearRing></outerBoundaryIs><innerBoundaryIs><LinearRing><coordinates>79.1286322117876,24.5100632469838,0 79.1286281874176,24.5100501677976,0 79.1286274085761,24.5100478726449,0 79.1286264973317,24.5100456186724,0 79.1286254562674,24.5100434122693,0 79.1286242883342,24.5100412596899,0 79.1286234063784,24.5100398306225,0 79.128623613992,24.5100396934543,0 79.1286256185951,24.5100382176409,0 79.1286275363767,24.5100366482084,0 79.1286293621203,24.5100349894258,0 79.1286310908597,24.5100332458052,0 79.1286327178926,24.5100314220894,0 79.1286342387933,24.5100295232391,0 79.1286356494248,24.5100275544193,0 79.12863694595,24.5100255209853,0 79.1286381248424,24.5100234284684,0 79.1286400248415,24.5100198284678,0 79.1286411307787,24.5100175779005,0 79.1286416730564,24.5100162905145,0 79.1286322117876,24.5100632469838,0</coordinates></LinearRing></innerBoundaryIs><innerBoundaryIs><LinearRing><coordinates>79.1286643991287,24.5099035003829,0 79.128663242614,24.5099013810406,0 79.1286619627051,24.5098993151549,0 79.1286605658218,24.5098973137169,0 79.1286590558306,24.509895382266,0 79.1286574369107,24.5098935261481,0 79.128655713543,24.5098917505005,0 79.1286538904974,24.509890060238,0 79.1286519728197,24.5098884600387,0 79.1286511538901,24.5098878456556,0 79.1286517816822,24.5098875953678,0 79.1286525637879,24.5098872379728,0 79.1286585477702,24.5098912939414,0 79.1286589525116,24.5098917198527,0 79.1286607925238,24.5098934584227,0 79.1286627317322,24.5098951042619,0 79.1286647645621,24.509896652639,0 79.128665656319,24.5098972609054,0 79.1286643991287,24.5099035003829,0</coordinates></LinearRing></innerBoundaryIs><innerBoundaryIs><LinearRing><coordinates>79.1286910252619,24.509771353831,0 79.1286904636517,24.5097712895982,0 79.1286878271476,24.5097557956554,0 79.1286936450307,24.509758351797,0 79.1286910252619,24.509771353831,0</coordinates></LinearRing></innerBoundaryIs><innerBoundaryIs><LinearRing><coordinates>79.1288564060764,24.5097102441745,0 79.1288584521386,24.5097088005649,0 79.1288604387911,24.5097072382044,0 79.1288662138634,24.509702446798,0 79.1288744179297,24.5097082565443,0 79.1288857761592,24.5097278053829,0 79.1288564060764,24.5097102441745,0</coordinates></LinearRing></innerBoundaryIs><innerBoundaryIs><LinearRing><coordinates>79.1291368303715,24.5102246558681,0 79.1291372322385,24.5102249415993,0 79.1291368706133,24.5102248484769,0 79.1291368303715,24.5102246558681,0</coordinates></LinearRing></innerBoundaryIs><innerBoundaryIs><LinearRing><coordinates>79.1292599567144,24.5108139718733,0 79.1292614800509,24.5108121455291,0 79.1292629234089,24.5108102154121,0 79.1292642555703,24.5108082194862,0 79.1292646335829,24.5108075809584,0 79.1292652063821,24.5108093463086,0 79.1292659140344,24.5108113540593,0 79.1292667234406,24.5108133293655,0 79.1292676328328,24.5108152679127,0 79.1292686402248,24.5108171654667,0 79.1292728995935,24.510824733282,0 79.1292721495962,24.5108250012291,0 79.129269777474,24.510825983643,0 79.1292674653067,24.5108270792012,0 79.1292652195353,24.5108282848519,0 79.1292632017497,24.5108295034276,0 79.1292599567144,24.5108139718733,0</coordinates></LinearRing></innerBoundaryIs><innerBoundaryIs><LinearRing><coordinates>79.1294275116467,24.5116159276327,0 79.1294645032519,24.5116318461513,0 79.1294654273391,24.5116322166171,0 79.1294656829983,24.5116328718801,0 79.1294666660064,24.5116350309905,0 79.1294687104857,24.5116392128836,0 79.1294658263297,24.5116506620903,0 79.1294654454222,24.5116523697436,0 79.1294652891667,24.5116522806774,0 79.1294630448917,24.5116511450993,0 79.1294607391514,24.5116501177647,0 79.129458378177,24.5116492014497,0 79.1294559683485,24.5116483986306,0 79.1294535161783,24.5116477114769,0 79.129451028293,24.5116471418456,0 79.1294386186693,24.5116446121924,0 79.1294328207026,24.5116394747544,0 79.1294323484102,24.5116390773476,0 79.1294275116467,24.5116159276327,0</coordinates></LinearRing></innerBoundaryIs><innerBoundaryIs><LinearRing><coordinates>79.1288870475104,24.5125141328163,0 79.1288857911344,24.512516005536,0 79.128884552959,24.5125180892713,0 79.1288834361188,24.5125202296356,0 79.1288824436973,24.5125224207194,0 79.1288815784343,24.5125246564732,0 79.128880842719,24.5125269307242,0 79.1288808241481,24.5125270016244,0 79.1288802074493,24.5125250944285,0 79.1288797176172,24.5125236669809,0 79.1288728176106,24.5125046669826,0 79.1288719372727,24.5125024398963,0 79.1288709304801,24.5125002581209,0 79.1288709000737,24.512500200818,0 79.12887100587,24.5125002644047,0 79.1288732434232,24.5125014602909,0 79.1288755465205,24.5125025470308,0 79.1288779088076,24.5125035216263,0 79.128879156905,24.5125039659678,0 79.1288870475104,24.5125141328163,0</coordinates></LinearRing></innerBoundaryIs><innerBoundaryIs><LinearRing><coordinates>79.1284444324978,24.5100772759301,0 79.1284443704201,24.5100747195627,0 79.1284441502338,24.5100721705132,0 79.1284437726454,24.5100696369615,0 79.1284407490265,24.5100529043537,0 79.1284471000969,24.5100513311519,0 79.1284473504438,24.5100516585228,0 79.1284579504416,24.5100647585254,0 79.1284595815564,24.5100666651974,0 79.128461322067,24.5100684890993,0 79.1284631669651,24.510070224983,0 79.1284651109422,24.5100718678537,0 79.1284671484046,24.5100734129839,0 79.1284692734896,24.5100748559278,0 79.1284714800824,24.5100761925333,0 79.1284737618337,24.5100774189544,0 79.1284761121779,24.5100785316622,0 79.128478524352,24.510079527455,0 79.1284809914151,24.5100804034673,0 79.128504395102,24.5100880594628,0 79.1284839742481,24.5100875766993,0 79.1284814157198,24.5100875769374,0 79.1284788606458,24.5100876985413,0 79.1284763158984,24.510087941184,0 79.128473788322,24.5100883042127,0 79.128471284715,24.5100887866512,0 79.1284688118112,24.5100893872017,0 79.128466376262,24.510090104249,0 79.1284639846181,24.5100909358645,0 79.1284616433122,24.5100918798115,0 79.1284593586417,24.5100929335509,0 79.1284571367515,24.5100940942487,0 79.1284549836178,24.510095358783,0 79.1284529050317,24.5100967237525,0 79.128450906584,24.510098185486,0 79.1284489936498,24.5100997400518,0 79.1284471713743,24.5101013832689,0 79.1284454446588,24.5101031107173,0 79.1284423261278,24.5101063978173,0 79.1284413243868,24.510103404965,0 79.1284440820384,24.5100823778082,0 79.1284443362676,24.5100798314122,0 79.1284444324978,24.5100772759301,0</coordinates></LinearRing></innerBoundaryIs><innerBoundaryIs><LinearRing><coordinates>79.1284363161643,24.5099141341304,0 79.1284369790822,24.5099129334158,0 79.1284379846071,24.5099108592629,0 79.1284388749428,24.5099087414971,0 79.1284396478395,24.5099065854697,0 79.1284403013441,24.509904396629,0 79.1284408338053,24.509902180506,0 79.1284411444736,24.5099004851586,0 79.1284419348532,24.5099010391319,0 79.1284440640452,24.5099023757529,0 79.1284462667563,24.5099036086104,0 79.1284485369521,24.5099047343271,0 79.1284508684131,24.5099057498189,0 79.1284532547522,24.5099066523037,0 79.1284556894318,24.5099074393092,0 79.1284581657819,24.5099081086793,0 79.1284587841865,24.5099082440952,0 79.1284781951207,24.5099348159226,0 79.1284659264115,24.5099590440352,0 79.1284401529761,24.5099192067431,0 79.1284387618087,24.5099171809272,0 79.1284372552812,24.5099152254006,0 79.1284363161643,24.5099141341304,0</coordinates></LinearRing></innerBoundaryIs><innerBoundaryIs><LinearRing><coordinates>79.1285030904669,24.5096343317113,0 79.1285032180934,24.5096320186984,0 79.1285032158895,24.5096297027405,0 79.128503083861,24.5096273899345,0 79.1285028223556,24.5096250863687,0 79.1285024320616,24.5096227981075,0 79.1285019140064,24.5096205311745,0 79.128501269554,24.5096182915376,0 79.1285005004007,24.5096160850927,0 79.1284996085715,24.5096139176481,0 79.1284985964141,24.5096117949098,0 79.128498083944,24.50961085488,0 79.128523947665,24.5095716074998,0 79.1285252173644,24.5095695620653,0 79.1285263688779,24.5095674588867,0 79.1285273990781,24.5095653036757,0 79.1285283051673,24.5095631022856,0 79.1285290846845,24.509560860695,0 79.128529735513,24.5095585849917,0 79.128530255885,24.5095562813561,0 79.1285306443874,24.5095539560445,0 79.128530899965,24.509551615372,0 79.1285310219237,24.5095492656956,0 79.1285310099324,24.5095469133965,0 79.1285308640236,24.5095445648632,0 79.1285305845936,24.5095422264739,0 79.1285301724013,24.5095399045794,0 79.1285296720352,24.5095377892534,0 79.1285306899408,24.5095363883575,0 79.1285320166568,24.5095343348303,0 79.1285332229505,24.5095322200405,0 79.1285343054528,24.5095300498945,0 79.1285346506082,24.5095292483229,0 79.1285569281062,24.5095197724148,0 79.1285574728974,24.5095203926239,0 79.1285592023654,24.509522162277,0 79.1285610311272,24.5095238462878,0 79.1285629541243,24.5095254399982,0 79.1285649660377,24.509526939,0 79.1285670613024,24.5095283391469,0 79.1285692341228,24.5095296365661,0 79.1285714784889,24.5095308276688,0 79.1285737881927,24.5095319091605,0 79.1285761568455,24.5095328780496,0 79.1285785778956,24.5095337316563,0 79.1285810446462,24.5095344676195,0 79.1285835502743,24.5095350839034,0 79.1285860878492,24.5095355788034,0 79.128588650352,24.5095359509505,0 79.1285912306947,24.5095361993155,0 79.1285938217399,24.5095363232113,0 79.1285964163209,24.5095363222953,0 79.1285990072609,24.5095361965699,0 79.1286015873933,24.5095359463829,0 79.1286041495815,24.5095355724264,0 79.1286066867382,24.5095350757347,0 79.1286091918458,24.5095344576817,0 79.128611657975,24.5095337199769,0 79.1286140783043,24.5095328646609,0 79.1286164461393,24.5095318940994,0 79.1286187549302,24.5095308109771,0 79.128620998291,24.5095296182899,0 79.1286231700165,24.5095283193368,0 79.1286252640996,24.5095269177107,0 79.1286272747481,24.5095254172887,0 79.128627729921,24.5095250394723,0 79.1286363511923,24.5095237179632,0 79.1286388943179,24.5095232650255,0 79.1286414079475,24.5095226905525,0 79.1286438851484,24.5095219961286,0 79.1286463190883,24.5095211836691,0 79.128648703054,24.5095202554148,0 79.1286510304704,24.509519213926,0 79.1286532949183,24.5095180620752,0 79.1286554901521,24.5095168030393,0 79.1286576101171,24.5095154402908,0 79.1286596489664,24.5095139775883,0 79.1286616010765,24.5095124189661,0 79.1286634610633,24.5095107687229,0 79.128665223797,24.5095090314104,0 79.1286668844156,24.5095072118202,0 79.128668438339,24.5095053149709,0 79.1286698812815,24.5095033460941,0 79.1286712092632,24.5095013106203,0 79.1286724186214,24.5094992141634,0 79.1286735060206,24.5094970625056,0 79.1286744684618,24.5094948615815,0 79.1286753032903,24.5094926174613,0 79.1286760082037,24.5094903363346,0 79.1286765812577,24.5094880244929,0 79.1286770208718,24.5094856883125,0 79.1286773258336,24.5094833342367,0 79.128677495302,24.5094809687584,0 79.1286775288095,24.5094785984017,0 79.1286774262637,24.5094762297042,0 79.1286771879474,24.5094738691992,0 79.1286768145181,24.509471523397,0 79.1286763070055,24.5094691987675,0 79.1286756668096,24.5094669017224,0 79.128674895696,24.5094646385971,0 79.1286739957915,24.5094624156334,0 79.1286729695782,24.5094602389625,0 79.1286722118692,24.5094588388848,0 79.1286726902003,24.5094579935991,0 79.1286737597403,24.509455832467,0 79.128674703706,24.5094536229047,0 79.1286755194899,24.5094513710157,0 79.1286762048387,24.5094490830204,0 79.128676757859,24.509446765239,0 79.1286771770234,24.5094444240739,0 79.1286774611739,24.5094420659922,0 79.1286776095257,24.5094396975077,0 79.1286776100298,24.5094395990381,0 79.1286937814276,24.5094450009717,0 79.1286962869526,24.5094457689941,0 79.1286988338274,24.5094464131687,0 79.1287014147451,24.5094469316472,0 79.1287040223014,24.5094473229422,0 79.1287080223028,24.5094478229424,0 79.1287105672511,24.5094480797046,0 79.1287131233314,24.5094482153107,0 79.1287156836585,24.5094482293955,0 79.128718241336,24.509448121921,0 79.1287207894748,24.5094478931768,0 79.128723321211,24.5094475437789,0 79.1287258297254,24.5094470746686,0 79.1287283082611,24.5094464871093,0 79.128730750142,24.5094457826837,0 79.1287331487905,24.5094449632892,0 79.128735497746,24.5094440311331,0 79.1287377906812,24.5094429887259,0 79.1287400214199,24.5094418388756,0 79.1287421839536,24.5094405846794,0 79.1287442724572,24.5094392295156,0 79.1287462813052,24.5094377770343,0 79.1287482050867,24.5094362311479,0 79.1287500386198,24.5094345960205,0 79.1287517769658,24.5094328760562,0 79.1287534154423,24.5094310758881,0 79.1287549496359,24.5094292003649,0 79.1287563754142,24.5094272545385,0 79.1287576889368,24.5094252436502,0 79.1287588866656,24.5094231731163,0 79.1287599653744,24.5094210485142,0 79.1287609221576,24.5094188755664,0 79.1287617544382,24.5094166601261,0 79.1287624599743,24.5094144081606,0 79.1287630368654,24.5094121257358,0 79.1287634835578,24.5094098189995,0 79.1287637988482,24.5094074941652,0 79.1287639818873,24.5094051574949,0 79.1287640321822,24.5094028152826,0 79.1287639495974,24.5094004738372,0 79.1287637343553,24.5093981394656,0 79.1287633870357,24.5093958184556,0 79.1287629085741,24.509393517059,0 79.1287623002594,24.5093912414747,0 79.1287615637301,24.5093889978322,0 79.1287537637225,24.5093672978341,0 79.1287529229234,24.5093651441317,0 79.1287519639818,24.5093630321588,0 79.1287508893593,24.5093609673367,0 79.1287506304808,24.5093605286504,0 79.1287530113367,24.5093604650176,0 79.1287557455476,24.5093602522784,0 79.1287584626009,24.5093599007678,0 79.1287970626144,24.5093539007665,0 79.1287996197741,24.5093534393803,0 79.1288021467326,24.509352855067,0 79.1288046364363,24.5093521494576,0 79.1288070819358,24.5093513245217,0 79.1288094764049,24.5093503825619,0 79.1288118131599,24.5093493262075,0 79.1288140856783,24.5093481584071,0 79.1288162876167,24.5093468824205,0 79.128818412829,24.5093455018092,0 79.128820455383,24.509344020427,0 79.1288224095773,24.5093424424088,0 79.1288242699571,24.5093407721594,0 79.1288260313297,24.509339014341,0 79.1288276887784,24.50933717386,0 79.1288292376769,24.509335255854,0 79.1288306737018,24.5093332656765,0 79.1288319928445,24.5093312088829,0 79.1288331914232,24.5093290912141,0 79.128834266092,24.5093269185813,0 79.1288352138514,24.5093246970489,0 79.1288360320558,24.5093224328179,0 79.1288363907215,24.5093212306168,0 79.1288380455007,24.5093215059963,0 79.1288406068904,24.5093218065812,0 79.1288431819617,24.5093219841194,0 79.1288457636585,24.5093220381243,0 79.1288483449068,24.5093219684481,0 79.128850918634,24.5093217752815,0 79.1288534777878,24.509321459154,0 79.1288560153559,24.5093210209317,0 79.1288585243853,24.5093204618154,0 79.1288609980011,24.5093197833371,0 79.1288634294255,24.5093189873558,0 79.1288658119961,24.5093180760527,0 79.1288681391845,24.5093170519247,0 79.1288704046143,24.509315917778,0 79.1288726020778,24.5093146767202,0 79.128874725554,24.5093133321519,0 79.1288767692243,24.5093118877573,0 79.1288787274891,24.5093103474942,0 79.1288805949825,24.509308715583,0 79.1288823665874,24.5093069964951,0 79.1288840374497,24.509305194941,0 79.128885602991,24.5093033158571,0 79.1288870589217,24.5093013643922,0 79.1288884012524,24.5092993458934,0 79.1288891763635,24.5092980298416,0 79.1288892577728,24.5092980594931,0 79.1288916989577,24.5092988160729,0 79.1288941799973,24.509299454964,0 79.1288966941194,24.5092999744225,0 79.1288992344616,24.5093003730305,0 79.1289017940897,24.5093006496999,0 79.128904366017,24.5093008036756,0 79.1289069432234,24.5093008345372,0 79.128909518674,24.5093007422006,0 79.128912085339,24.5093005269177,0 79.1289146362124,24.5093001892763,0 79.1289171643315,24.5092997301979,0 79.1289196627955,24.5092991509355,0 79.1289221247847,24.5092984530705,0 79.1289245435789,24.5092976385075,0 79.1289269125757,24.5092967094701,0 79.1289292253089,24.5092956684942,0 79.1289314754656,24.5092945184211,0 79.1289336569039,24.50929326239,0 79.1289357636693,24.5092919038295,0 79.1289377900112,24.5092904464478,0 79.1289397303987,24.5092888942229,0 79.1289415795352,24.5092872513918,0 79.1289433323734,24.5092855224387,0 79.1289449841288,24.509283712083,0 79.128949044432,24.5092790178924,0 79.1289512381962,24.5092790283787,0 79.1289538269949,24.5092789162175,0 79.1289564057834,24.5092786798163,0 79.1289589674447,24.5092783198277,0 79.1289615049088,24.5092778372451,0 79.1289640111725,24.5092772334003,0 79.1289664793188,24.5092765099601,0 79.1289689025359,24.5092756689209,0 79.128971274136,24.5092747126039,0 79.1289735875737,24.5092736436486,0 79.1289758364641,24.509272465005,0 79.1289780146006,24.5092711799262,0 79.1289795946644,24.5092701362852,0 79.1289798509182,24.5092705527727,0 79.1289812154832,24.5092725246732,0 79.1289826896214,24.5092744294022,0 79.1289842693917,24.5092762618674,0 79.1289859505705,24.5092780171696,0 79.1289877286632,24.509279690616,0 79.1289895989161,24.5092812777326,0 79.1289915563288,24.5092827742762,0 79.1289935956683,24.5092841762457,0 79.1289957114822,24.509285479893,0 79.128997898114,24.5092866817326,0 79.1290001497175,24.5092877785515,0 79.1290024602732,24.5092887674173,0 79.1290048236035,24.5092896456861,0 79.1290072333902,24.5092904110099,0 79.1290096831905,24.5092910613427,0 79.1290146831921,24.5092922613432,0 79.1290171834159,24.5092927981666,0 79.1290197107841,24.5092932152154,0 79.1290222584477,24.5092935113593,0 79.1290248195027,24.5092936857959,0 79.1290273870088,24.5092937380524,0 79.129029954008,24.5092936679873,0 79.129032513544,24.5092934757903,0 79.1290350586806,24.5092931619823,0 79.1290375825206,24.5092927274138,0 79.1290400782245,24.5092921732624,0 79.1290425390291,24.5092915010298,0 79.1290449582658,24.5092907125377,0 79.1290473293784,24.5092898099229,0 79.1290496459415,24.5092887956314,0 79.1290519016773,24.509287672412,0 79.1290540904728,24.5092864433085,0 79.1290562063965,24.5092851116516,0 79.1290582437145,24.5092836810501,0 79.1290902056517,24.5092600028257,0 79.1290905608514,24.5092599035787,0 79.1290930315539,24.5092590791615,0 79.1290954507303,24.5092581354482,0 79.1290978115057,24.5092570751207,0 79.1291201115113,24.5092463751177,0 79.1291202061808,24.5092463295735,0 79.1291255903682,24.5092437324948,0 79.1291277491945,24.5092439916743,0 79.1291302932859,24.5092441753228,0 79.1291328443528,24.5092442383506,0 79.1291353955687,24.5092441805888,0 79.1291379401064,24.5092440021922,0 79.1291404711569,24.509243703638,0 79.1291429819471,24.5092432857253,0 79.1291454657582,24.5092427495723,0 79.1291479159435,24.5092420966137,0 79.1291503259463,24.509241328597,0 79.1291526893176,24.5092404475772,0 79.129154999733,24.509239455912,0 79.1291572510098,24.5092383562551,0 79.1291594371237,24.5092371515491,0 79.1291615522247,24.5092358450178,0 79.1291635906527,24.5092344401574,0 79.129165546953,24.5092329407274,0 79.1291674158906,24.5092313507401,0 79.1291691924642,24.5092296744505,0 79.1291708719198,24.5092279163441,0 79.129172449763,24.5092260811257,0 79.1291739217718,24.5092241737063,0 79.1291752840069,24.5092221991901,0 79.1291765328231,24.5092201628608,0 79.1291776648786,24.5092180701677,0 79.129178677144,24.5092159267108,0 79.1291795669106,24.5092137382259,0 79.1291803317972,24.5092115105694,0 79.1291809697572,24.5092092497025,0 79.1291811889271,24.5092083807119,0 79.1291820629252,24.5092079935703,0 79.1291843474936,24.509206841439,0 79.1291865623082,24.5092055804264,0 79.1291887011763,24.5092042140585,0 79.1291907581176,24.5092027461555,0 79.1291927273807,24.5092011808219,0 79.1291946034596,24.5091995224342,0 79.1291963811087,24.5091977756295,0 79.1291980553577,24.5091959452918,0 79.1291996215253,24.5091940365388,0 79.1292010752325,24.5091920547074,0 79.1292024124147,24.5091900053389,0 79.1292036293331,24.5091878941633,0 79.1292047225852,24.5091857270835,0 79.1292056891141,24.5091835101588,0 79.1292065262176,24.5091812495878,0 79.129207231555,24.509178951691,0 79.1292078031542,24.5091766228935,0 79.129208239417,24.5091742697065,0 79.1292085391237,24.5091718987097,0 79.1292085458347,24.5091718002146,0 79.1292108679689,24.5091723368649,0 79.1292133872065,24.5091727929507,0 79.1292159289703,24.5091731284686,0 79.1292184863726,24.5091733425095,0 79.1292210524833,24.5091734344933,0 79.1292236203486,24.5091734041707,0 79.129228186227,24.5091732414273,0 79.1292285174237,24.5091759976656,0 79.1292264754216,24.5091962542477,0 79.1292263057713,24.5091986085731,0 79.1292262708066,24.5092009677933,0 79.1292263706229,24.5092033254621,0 79.1292266049475,24.5092056751377,0 79.1292269731403,24.5092080104002,0 79.1292274741951,24.5092103248691,0 79.129228106743,24.5092126122204,0 79.1292288690557,24.5092148662046,0 79.1292297590504,24.5092170806631,0 79.1292307742953,24.5092192495454,0 79.1292319120166,24.5092213669256,0 79.1292331691056,24.5092234270183,0 79.1292345421276,24.5092254241948,0 79.1292360273312,24.5092273529982,0 79.1292376206584,24.5092292081586,0 79.1292393177558,24.5092309846071,0 79.1292411139864,24.50923267749,0 79.1292422118417,24.5092336093918,0 79.129242038774,24.5092346680758,0 79.1292417934441,24.5092369688728,0 79.1292416771771,24.5092392781447,0 79.1292416902782,24.5092415898345,0 79.1292418327129,24.509243897879,0 79.1292421041075,24.5092461962244,0 79.1292425037504,24.5092484788424,0 79.1292430305933,24.509250739746,0 79.1292436832543,24.5092529730051,0 79.1292444600216,24.5092551727622,0 79.1292453588578,24.5092573332474,0 79.1292463774054,24.5092594487942,0 79.1292475129929,24.5092615138537,0 79.1292487626418,24.5092635230094,0 79.1292501230744,24.5092654709917,0 79.1292515907223,24.5092673526911,0 79.1292531617363,24.5092691631722,0 79.1292548319957,24.5092708976862,0 79.1292565971195,24.5092725516839,0 79.1292584524781,24.5092741208269,0 79.1292645524783,24.5092790208282,0 79.1292666996753,24.5092806496271,0 79.129275499676,24.5092869496289,0 79.1292775915543,24.5092883674257,0 79.1292797622606,24.5092896822826,0 79.1292820057505,24.5092908905382,0 79.1292843157767,24.5092919888278,0 79.1292866859067,24.5092929740934,0 79.1292891095405,24.5092938435911,0 79.1292915799293,24.5092945948999,0 79.129294090194,24.5092952259275,0 79.1292966333444,24.509295734917,0 79.1292992022989,24.5092961204508,0 79.129301789904,24.5092963814554,0 79.1293043889541,24.5092965172041,0 79.1293069922118,24.5092965273189,0 79.1293095924282,24.5092964117715,0 79.1293121823626,24.5092961708837,0 79.129314754803,24.5092958053263,0 79.1293173025863,24.5092953161172,0 79.1293198186177,24.5092947046188,0 79.1293222958911,24.5092939725337,0 79.1293247275083,24.5092931219006,0 79.1293271066981,24.5092921550881,0 79.1293294268354,24.5092910747885,0 79.1293316814596,24.5092898840099,0 79.1293338642923,24.5092885860683,0 79.1293359692553,24.5092871845778,0 79.1293379904869,24.5092856834412,0 79.129339922359,24.5092840868384,0 79.1293417594918,24.5092823992154,0 79.1293434967698,24.5092806252717,0 79.1293451293553,24.5092787699468,0 79.1293466527022,24.5092768384073,0 79.1293480625685,24.5092748360316,0 79.1293493550284,24.5092727683957,0 79.1293505264828,24.5092706412571,0 79.1293506087536,24.509270469932,0 79.1293507198385,24.5092704211742,0 79.1293595256351,24.5092721892669,0 79.1293620805339,24.5092726380021,0 79.1293646577341,24.5092729628815,0 79.1293672500687,24.5092731630017,0 79.1293698503286,24.5092732378061,0 79.1293724512829,24.5092731870868,0 79.1293750456985,24.5092730109848,0 79.1293776263605,24.5092727099897,0 79.1293801860926,24.5092722849387,0 79.1293827177761,24.5092717370138,0 79.1293852143709,24.5092710677387,0 79.1293876689341,24.5092702789745,0 79.1293900746397,24.5092693729148,0 79.1293924247979,24.5092683520792,0 79.129394712873,24.5092672193066,0 79.1293969325021,24.5092659777471,0 79.1293990775126,24.5092646308533,0 79.1294011419395,24.5092631823709,0 79.1294031200417,24.5092616363279,0 79.1294050063185,24.5092599970236,0 79.1294067955243,24.509258269017,0 79.1294084826834,24.5092564571133,0 79.129410063104,24.5092545663513,0 79.1294115323911,24.509252601989,0 79.1294128864589,24.5092505694892,0 79.1294137706818,24.5092490696432,0 79.1294139442431,24.5092491258879,0 79.1294164031778,24.5092497933432,0 79.1294188095692,24.5092503237587,0 79.1294406625869,24.5092765602794,0 79.129442234811,24.5092783514291,0 79.1294439045982,24.5092800670687,0 79.1294456676234,24.5092817027542,0 79.1294475193199,24.5092832542487,0 79.1294494548913,24.5092847175333,0 79.1294510275286,24.5092857880746,0 79.1294503839241,24.5092857956731,0 79.1294478295078,24.5092859473279,0 79.1294452871276,24.5092862200108,0 79.1294427636285,24.5092866129875,0 79.1294402658046,24.5092871252001,0 79.1294378003808,24.5092877552695,0 79.129435373995,24.5092885014993,0 79.1294329931798,24.5092893618804,0 79.1294306643451,24.5092903340964,0 79.129428393761,24.5092914155298,0 79.1294261875406,24.5092926032689,0 79.129424051624,24.509293894116,0 79.1294219917616,24.5092952845956,0 79.1294200134994,24.5092967709641,0 79.1294181221634,24.5092983492198,0 79.1294163228459,24.5093000151133,0 79.1294146203912,24.5093017641595,0 79.129413019383,24.5093035916495,0 79.1294115241316,24.5093054926629,0 79.1294101386628,24.5093074620817,0 79.1294088667068,24.5093094946033,0 79.1294077116881,24.5093115847557,0 79.1294066767164,24.5093137269114,0 79.1294057645783,24.5093159153029,0 79.1294049777294,24.5093181440384,0 79.1294043182884,24.5093204071174,0 79.1294037880307,24.5093226984468,0 79.1294033883838,24.5093250118577,0 79.1294031204238,24.5093273411215,0 79.1294029848722,24.509329679967,0 79.1294029820938,24.5093320220973,0 79.1294031120963,24.5093343612066,0 79.1294033745295,24.5093366909971,0 79.1294037686869,24.5093390051962,0 79.1294042935074,24.5093412975735,0 79.1294049475779,24.5093435619568,0 79.1294051716373,24.5093442013427,0 79.1294033373585,24.5093552415976,0 79.1293993214748,24.5093655681458,0 79.1293985244977,24.5093677996198,0 79.1293978553975,24.5093700659885,0 79.1293973159841,24.5093723611214,0 79.1293969077166,24.5093746788105,0 79.1293966316992,24.5093770127864,0 79.1293964886786,24.5093793567361,0 79.1293964790417,24.5093817043192,0 79.1293966028145,24.5093840491856,0 79.1293968596624,24.5093863849929,0 79.1293972488903,24.5093887054226,0 79.1293977694457,24.5093910041982,0 79.1293984199204,24.5093932751017,0 79.129399198555,24.5093955119905,0 79.1294001032433,24.5093977088138,0 79.1294011315381,24.5093998596296,0 79.129402280658,24.5094019586199,0 79.1294035474948,24.5094040001071,0 79.1294049286217,24.5094059785691,0 79.129406420303,24.5094078886544,0 79.1294080185036,24.5094097251963,0 79.1294097189005,24.5094114832271,0 79.1294115168945,24.5094131579914,0 79.1294134076219,24.509414744959,0 79.1294153859684,24.5094162398375,0 79.1294174465829,24.5094176385831,0 79.1294195838915,24.5094189374124,0 79.1294217921129,24.5094201328122,0 79.129424065274,24.5094212215489,0 79.129426397226,24.5094222006777,0 79.1294287816613,24.50942306755,0 79.1294288608161,24.5094230920497,0 79.1294477642724,24.5094383498417,0 79.129449759097,24.5094398763231,0 79.1294518390634,24.5094413045045,0 79.129453998392,24.5094426304174,0 79.1294562310826,24.5094438503776,0 79.1294585309314,24.509444960995,0 79.1294608915476,24.5094459591837,0 79.129463306372,24.50944684217,0 79.1294657686943,24.5094476075003,0 79.1294682716726,24.509448253048,0 79.1294708083519,24.5094487770194,0 79.1294733716834,24.5094491779584,0 79.1294759545445,24.5094494547509,0 79.1294785497582,24.509449606628,0 79.1294811501132,24.5094496331674,0 79.1294837483838,24.5094495342956,0 79.1294863373503,24.5094493102871,0 79.1294873167224,24.5094491776001,0 79.1294881914969,24.5094504765813,0 79.1294896595363,24.5094524207743,0 79.1294912367665,24.5094542920078,0 79.1294929188648,24.5094560851532,0 79.1294947012211,24.5094577952962,0 79.1294965789505,24.5094594177496,0 79.1295187789509,24.5094776177544,0 79.1295207561756,24.5094791549026,0 79.1295228189913,24.509480594812,0 79.1295249616921,24.5094819334999,0 79.1295271783514,24.5094831672634,0 79.1295294628378,24.5094842926899,0 79.1295318088324,24.5094853066665,0 79.1295342098462,24.5094862063885,0 79.129536659238,24.5094869893673,0 79.1295391502327,24.509487653437,0 79.1295416759402,24.509488196761,0 79.1295442293743,24.5094886178364,0 79.1295468034723,24.5094889154985,0 79.1295493911141,24.5094890889238,0 79.1295519851424,24.5094891376329,0 79.1295545783819,24.5094890614908,0 79.1295571636598,24.5094888607082,0 79.1295597338252,24.5094885358406,0 79.1295622817689,24.5094880877864,0 79.1295648004433,24.509487517785,0 79.1295672828818,24.509486827413,0 79.1295697222179,24.50948601858,0 79.1295721117043,24.5094850935232,0 79.1295744447317,24.5094840548015,0 79.1295766102287,24.5094829582631,0 79.129577038037,24.509484128412,0 79.1295778375242,24.5094859875793,0 79.1295762601984,24.5094862919768,0 79.1295737674216,24.5094868991281,0 79.1295713127384,24.5094876246702,0 79.1295689028603,24.5094884666193,0 79.1295665443762,24.5094894226735,0 79.1295642437346,24.5094904902188,0 79.1295620072259,24.5094916663364,0 79.1295598409647,24.5094929478105,0 79.1295577508742,24.5094943311374,0 79.1295557426688,24.509495812535,0 79.1295538218394,24.5094973879529,0 79.1295519936376,24.5094990530837,0 79.1295502630622,24.5095008033746,0 79.1295486518531,24.5095026149169,0 79.1295469515802,24.5095014183845,0 79.1295442515805,24.5094996183851,0 79.1295421081284,24.5094982671563,0 79.1295398897672,24.5094970212499,0 79.1295376026725,24.5094958841343,0 79.1295352532113,24.509494858975,0 79.1295328479244,24.5094939486262,0 79.1295303935076,24.5094931556219,0 79.1295278967939,24.50949248217,0 79.1295253647338,24.5094919301451,0 79.1295228043763,24.509491501084,0 79.129520222849,24.5094911961813,0 79.1295176273388,24.5094910162856,0 79.1295150250711,24.509490961898,0 79.1295124232904,24.5094910331696,0 79.1295098292397,24.5094912299022,0 79.1295072501406,24.509491551548,0 79.129504693173,24.5094919972116,0 79.1295021654552,24.5094925656524,0 79.1294996740241,24.5094932552878,0 79.1294972258155,24.5094940641981,0 79.129494827645,24.5094949901312,0 79.1294924861887,24.5094960305095,0 79.1294902079651,24.5094971824368,0 79.1294879993164,24.5094984427061,0 79.1294858663912,24.509499807809,0 79.1294838151275,24.5095012739453,0 79.1294818512357,24.5095028370334,0 79.1294799801829,24.5095044927218,0 79.1294782071781,24.5095062364012,0 79.129476537157,24.5095080632176,0 79.1294749747689,24.5095099680852,0 79.1294735243632,24.509511945701,0 79.1294715917544,24.5095147372459,0 79.1294702379113,24.5095162356741,0 79.1294699873612,24.5095154463612,0 79.1294691088595,24.5095131491263,0 79.1294680963092,24.5095108985549,0 79.1294669526541,24.5095087011899,0 79.1294656812189,24.5095065634194,0 79.1294642857002,24.5095044914585,0 79.1294627701548,24.5095024913308,0 79.1294611389889,24.509500568851,0 79.1294593969447,24.5094987296083,0 79.1294576969445,24.5094970296087,0 79.129455935033,24.5094953562894,0 79.1294540813464,24.5094937681436,0 79.1294521407967,24.5094922693798,0 79.1294501185259,24.5094908639691,0 79.1294480198926,24.5094895556357,0 79.1294458504575,24.5094883478463,0 79.1294436159693,24.5094872438013,0 79.1294413223489,24.5094862464262,0 79.1294389756738,24.5094853583638,0 79.1294365821622,24.5094845819672,0 79.1294341481563,24.5094839192938,0 79.1294316801057,24.5094833720994,0 79.1294291845502,24.5094829418341,0 79.1294266681024,24.5094826296378,0 79.1294241374304,24.5094824363379,0 79.1294215992399,24.5094823624465,0 79.1294190602564,24.5094824081595,0 79.1294165272078,24.5094825733557,0 79.1294140068059,24.5094828575974,0 79.1294115057294,24.5094832601315,0 79.1294090306055,24.5094837798912,0 79.1294065879927,24.5094844154993,0 79.1294041843634,24.5094851652717,0 79.1293976843653,24.5094873652711,0 79.1293952615563,24.5094882526383,0 79.1293928934229,24.5094892559905,0 79.1293905865923,24.5094903725201,0 79.1293902101973,24.5094905787123,0 79.1293888962956,24.5094905691909,0 79.1293863102137,24.5094906746951,0 79.1293837337405,24.5094909041717,0 79.1293811739701,24.5094912569888,0 79.1293786379506,24.509491732175,0 79.1293761326645,24.5094923284219,0 79.1293758074972,24.5094924227265,0 79.1293753680184,24.5094920660035,0 79.1293733624458,24.5094906012955,0 79.129371276346,24.509489233988,0 79.1293691153631,24.5094879677807,0 79.1293668853442,24.5094868060994,0 79.1293645923228,24.5094857520873,0 79.1293622425031,24.5094848085962,0 79.1293598422431,24.5094839781788,0 79.1293573980369,24.5094832630819,0 79.1293549164979,24.5094826652405,0 79.1293524043401,24.509482186272,0 79.1293498683607,24.5094818274725,0 79.1293479123577,24.509481645383,0 79.1293423550342,24.5094770104385,0 79.1293454365107,24.5094709724051,0 79.1293500949453,24.5094667798128,0 79.12935187217,24.5094650951262,0 79.1293535515252,24.509463328384,0 79.1293551284921,24.50946148434,0 79.1293565988273,24.5094595679562,0 79.1293579585747,24.5094575843891,0 79.1293592040753,24.5094555389761,0 79.1293603319778,24.5094534372209,0 79.1293613392473,24.509451284779,0 79.1293622231735,24.509449087442,0 79.1293629813778,24.5094468511225,0 79.1293636118203,24.5094445818379,0 79.1293641128043,24.5094422856945,0 79.1293644829821,24.5094399688705,0 79.1293647213574,24.5094376376002,0 79.1293648272889,24.5094352981563,0 79.1293648004915,24.5094329568338,0 79.1293646410374,24.5094306199328,0 79.1293643493556,24.5094282937413,0 79.129363926231,24.5094259845186,0 79.1293633728021,24.5094236984782,0 79.1293626905581,24.5094214417715,0 79.1293618813347,24.5094192204706,0 79.1293609473095,24.5094170405527,0 79.1293598909956,24.5094149078834,0 79.1293587152354,24.5094128282013,0 79.1293574231926,24.5094108071022,0 79.1293560183438,24.5094088500247,0 79.1293545044692,24.5094069622346,0 79.1293528856421,24.5094051488116,0 79.1293511662187,24.5094034146353,0 79.1293493508254,24.509401764372,0 79.1293474443471,24.509400202462,0 79.1293454519136,24.5093987331082,0 79.1293433788862,24.5093973602643,0 79.129341230843,24.5093960876243,0 79.1293390135638,24.5093949186126,0 79.1293367330149,24.5093938563747,0 79.1293343953326,24.5093929037689,0 79.1293320068073,24.5093920633584,0 79.1293123068128,24.5093856633608,0 79.1293099111676,24.5093849475787,0 79.1293074786982,24.5093843446674,0 79.1293050157523,24.5093838562003,0 79.1293025287571,24.5093834834522,0 79.1293000242027,24.5093832273957,0 79.1292975086248,24.509383088699,0 79.1292949885882,24.5093830677242,0 79.129292470669,24.5093831645258,0 79.12926177068,24.5093850645258,0 79.1292591595099,24.509385290066,0 79.1292565651304,24.5093856422604,0 79.1292539948745,24.5093861201136,0 79.129251456007,24.5093867222748,0 79.1292489557038,24.5093874470422,0 79.1292465010322,24.5093882923671,0 79.12924409893,24.5093892558604,0 79.1292417561868,24.5093903347986,0 79.1292394794243,24.5093915261322,0 79.1292372750778,24.509392826494,0 79.1292351493776,24.5093942322084,0 79.1292331083322,24.5093957393024,0 79.1292311577104,24.509397343516,0 79.1292293030256,24.5093990403151,0 79.1292275495201,24.5094008249036,0 79.1292259021501,24.5094026922375,0 79.1292243655719,24.5094046370389,0 79.1292229441285,24.5094066538107,0 79.1292216418377,24.5094087368526,0 79.1292204623803,24.509410880277,0 79.12921940909,24.5094130780255,0 79.1292184849441,24.5094153238863,0 79.1292179127409,24.5094169758341,0 79.1292172033264,24.5094166831884,0 79.1292148192013,24.5094158328619,0 79.1292123900951,24.509415096788,0 79.1292099225433,24.5094144769471,0 79.1292074231844,24.5094139750067,0 79.1292048987426,24.5094135923173,0 79.1292023560097,24.5094133299085,0 79.1291998018265,24.5094131884862,0 79.1291972430647,24.5094131684308,0 79.1291946866085,24.5094132697965,0 79.1291921393355,24.5094134923103,0 79.1291915938096,24.5094135662466,0 79.1291904106234,24.5094123477625,0 79.1291885989204,24.5094106677453,0 79.1291866937206,24.5094090766686,0 79.1291847002327,24.509407578882,0 79.1291826239067,24.5094061784804,0 79.129180470419,24.5094048792924,0 79.1291782456572,24.5094036848698,0 79.1291759557034,24.5094025984782,0 79.1291736068184,24.5094016230875,0 79.1291712054236,24.5094007613645,0 79.1291687580843,24.5094000156649,0 79.1291662714913,24.5093993880275,0 79.1291637524427,24.5093988801682,0 79.1291612078253,24.5093984934754,0 79.129158644596,24.5093982290063,0 79.1291560697624,24.5093980874839,0 79.1291534903638,24.5093980692952,0 79.1291509134521,24.5093981744898,0 79.1291483460722,24.5093984027802,0 79.1291457952433,24.5093987535422,0 79.129143267939,24.509399225817,0 79.1291430273554,24.5093992829064,0 79.129141598995,24.5093988169515,0 79.1291392339867,24.5093981655228,0 79.129136836309,24.5093976232121,0 79.1291269363122,24.5093956232129,0 79.1291241147605,24.5093951315495,0 79.1291212667184,24.5093947909631,0 79.1291184018404,24.5093946026081,0 79.1291155298376,24.509394567123,0 79.1291085298401,24.5093946671231,0 79.1291062613549,24.5093947473282,0 79.1291039993044,24.5093949229362,0 79.1291017484785,24.5093951935755,0 79.1290995136436,24.5093955586728,0 79.129090862964,24.5093971606516,0 79.1290904964145,24.5093969229636,0 79.1290883859578,24.5093956964934,0 79.1290659859616,24.5093833964974,0 79.1290637775186,24.5093822534525,0 79.1290407775233,24.5093710534562,0 79.1290378457321,24.509369737815,0 79.1290106457387,24.509358537819,0 79.1290082750526,24.5093576288427,0 79.1290058558399,24.5093568340797,0 79.1290033946683,24.5093561556877,0 79.1290008982192,24.5093555955084,0 79.1289983732699,24.5093551550625,0 79.1289958266751,24.5093548355457,0 79.1289932653481,24.5093546378254,0 79.1289906962423,24.5093545624385,0 79.1289797745489,24.5093545024297,0 79.1289689278786,24.5093514437169,0 79.1289687981871,24.5093512496188,0 79.1289673280831,24.5093492894035,0 79.1289657472227,24.5093474027259,0 79.1289640599911,24.5093455948195,0 79.1289622710685,24.5093438706991,0 79.1289603854171,24.5093422351474,0 79.1289584082677,24.5093406927012,0 79.1289563451045,24.509339247639,0 79.1289542016506,24.5093379039694,0 79.1289519838518,24.5093366654194,0 79.1289496978599,24.5093355354248,0 79.128947350016,24.50933451712,0 79.1289449468329,24.5093336133297,0 79.1289424949767,24.5093328265609,0 79.1289400012487,24.509332158996,0 79.1289374725661,24.5093316124868,0 79.1289349159432,24.5093311885492,0 79.1289323384719,24.5093308883592,0 79.1289297473018,24.5093307127495,0 79.1289271496206,24.5093306622072,0 79.1289245526339,24.5093307368725,0 79.1289219635455,24.5093309365383,0 79.1289193895372,24.5093312606507,0 79.1289168377491,24.5093317083108,0 79.1289143152597,24.5093322782766,0 79.1289118290659,24.5093329689672,0 79.1289026290688,24.5093357689665,0 79.1289001893906,24.5093365772732,0 79.1288977995348,24.5093375018267,0 79.1288954661124,24.5093385400694,0 79.1288931955783,24.5093396891291,0 79.1288909942135,24.5093409458274,0 79.1288888681075,24.5093423066877,0 79.1288868231419,24.5093437679456,0 79.1288848649734,24.5093453255589,0 79.128882999019,24.5093469752186,0 79.1288812304404,24.5093487123615,0 79.1288795641301,24.509350532182,0 79.1288780046974,24.5093524296461,0 79.1288765564563,24.5093543995048,0 79.128875223413,24.5093564363089,0 79.1288740092551,24.5093585344241,0 79.1288729173412,24.5093606880464,0 79.1288719506919,24.5093628912182,0 79.1288711119813,24.509365137845,0 79.1288704035295,24.5093674217119,0 79.1288698272962,24.5093697365012,0 79.1288693848756,24.5093720758094,0 79.1288690774913,24.5093744331654,0 79.1288689059939,24.5093768020481,0 79.1288688708577,24.5093791759044,0 79.1288689721798,24.5093815481677,0 79.1288692096801,24.5093839122755,0 79.1288695827015,24.5093862616881,0 79.1288700902121,24.5093885899062,0 79.1288707308082,24.5093908904895,0 79.1288715027175,24.5093931570739,0 79.1288719151203,24.509394175997,0 79.1288687808472,24.5094063514225,0 79.1288682507534,24.5094086851332,0 79.1288678560381,24.5094110411932,0 79.128867597802,24.5094134130327,0 79.1288674767652,24.5094157940378,0 79.1288674932652,24.5094181775692,0 79.128867647256,24.5094205569805,0 79.1288679383082,24.5094229256367,0 79.1288683656102,24.5094252769328,0 79.1288689279705,24.5094276043124,0 79.128869623821,24.5094299012855,0 79.1288704512213,24.5094321614471,0 79.1288714078643,24.5094343784949,0 79.1288724910823,24.5094365462465,0 79.1288736978549,24.5094386586573,0 79.128875024817,24.5094407098369,0 79.1288764682683,24.5094426940655,0 79.1288780241839,24.5094446058103,0 79.1288796882252,24.5094464397402,0 79.1288814557519,24.5094481907416,0 79.1288833218354,24.5094498539316,0 79.1288852812721,24.5094514246726,0 79.1288873285982,24.5094528985846,0 79.1288894581048,24.5094542715575,0 79.1288916638537,24.5094555397629,0 79.1289076897583,24.5094642225313,0 79.1289116286141,24.5094757108721,0 79.1289124612881,24.5094779349661,0 79.1289134193937,24.509480116376,0 79.1289145003318,24.5094822491842,0 79.1289157011702,24.5094843276052,0 79.1289170186514,24.5094863460007,0 79.1289184492014,24.5094882988954,0 79.1289199889396,24.5094901809918,0 79.1289216336892,24.5094919871843,0 79.1289233789885,24.5094937125733,0 79.1289252201029,24.5094953524782,0 79.1289271520382,24.5094969024506,0 79.1289291695536,24.5094983582858,0 79.1289312671761,24.5094997160346,0 79.1289334392156,24.5095009720138,0 79.12893567978,24.5095021228163,0 79.1289379827913,24.5095031653204,0 79.1289403420021,24.509504096698,0 79.1289427510125,24.5095049144226,0 79.1289452032878,24.509505616276,0 79.1289476921756,24.5095062003542,0 79.1289502109243,24.5095066650729,0 79.1289527527013,24.5095070091713,0 79.1289553106115,24.509507231716,0 79.1289578777161,24.5095073321034,0 79.1289590920911,24.5095073216853,0 79.1289816063283,24.5095245911272,0 79.128983644244,24.5095260723316,0 79.1289857646994,24.5095274531373,0 79.1289879617928,24.5095287297012,0 79.1289902294089,24.5095298984705,0 79.1289925612365,24.5095309561919,0 79.1289949507856,24.5095318999217,0 79.1289973914052,24.5095327270332,0 79.1289998763026,24.5095334352243,0 79.1290023985617,24.5095340225239,0 79.1290049511623,24.5095344872975,0 79.1290075269999,24.5095348282515,0 79.1290101189053,24.5095350444368,0 79.1290127196645,24.5095351352518,0 79.1290153220389,24.5095351004437,0 79.1290157368978,24.5095350748285,0 79.129014355885,24.5095361378866,0 79.1290124558454,24.5095377645217,0 79.1290106521858,24.5095394805575,0 79.1290089499238,24.5095412812202,0 79.1290073537951,24.5095431615002,0 79.1290058682403,24.5095451161667,0 79.1290044973921,24.5095471397818,0 79.1290032450642,24.5095492267158,0 79.1290021147405,24.5095513711628,0 79.1290011095657,24.509553567157,0 79.1290002323362,24.5095558085891,0 79.1289997976872,24.5095571358753,0 79.1289968310723,24.5095615551683,0 79.1289754739477,24.5095442810253,0 79.1289734945133,24.5095427625956,0 79.128971430929,24.5095413410444,0 79.1289692888524,24.5095400202688,0 79.1289670741558,24.5095388038899,0 79.1289647929111,24.5095376952424,0 79.1289624513722,24.5095366973656,0 79.1289600559586,24.5095358129953,0 79.1289576132373,24.5095350445559,0 79.1289551299053,24.5095343941543,0 79.1289526127704,24.5095338635734,0 79.1289500687336,24.5095334542679,0 79.1289475047693,24.5095331673598,0 79.1289449279069,24.5095330036358,0 79.1289423452107,24.5095329635448,0 79.1289397637614,24.5095330471965,0 79.1289371906359,24.5095332543617,0 79.1289346328888,24.5095335844725,0 79.1289320975319,24.5095340366238,0 79.1289295915161,24.509534609576,0 79.1289271217118,24.5095353017584,0 79.1289246948898,24.5095361112734,0 79.1289223177035,24.5095370359016,0 79.1289199966699,24.5095380731081,0 79.1289177381523,24.5095392200495,0 79.1289155483423,24.5095404735813,0 79.1289134332435,24.509541830267,0 79.1289113986544,24.5095432863871,0 79.1289094501529,24.5095448379497,0 79.1289075930808,24.5095464807012,0 79.1289058325295,24.5095482101378,0 79.1289041733254,24.5095500215183,0 79.1289026200174,24.5095519098768,0 79.1289011768639,24.5095538700362,0 79.1288998478213,24.5095558966227,0 79.1288986365332,24.5095579840804,0 79.1288975463205,24.5095601266865,0 79.1288857389728,24.5095850147145,0 79.1288775215467,24.5095821393998,0 79.1288751306282,24.5095813666434,0 79.1288726994717,24.5095807073131,0 79.1288702345003,24.5095801631505,0 79.1288679924256,24.5095797785159,0 79.1288678229158,24.5095796668628,0 79.1288671818759,24.5095792516693,0 79.128826981881,24.509553651677,0 79.128824826744,24.5095523544388,0 79.128822600441,24.5095511620505,0 79.1288203090595,24.5095500777726,0 79.1288179588649,24.5095491045697,0 79.1288155562834,24.5095482451031,0 79.1288131078844,24.5095475017228,0 79.1288106203629,24.5095468764614,0 79.1287690620164,24.50953749232,0 79.1287559633228,24.5095335363391,0 79.1287535295414,24.5095328644146,0 79.1287510611615,24.5095323080939,0 79.1287485647376,24.5095318688542,0 79.1287460468988,24.5095315478619,0 79.1287435143309,24.5095313459692,0 79.1287409737587,24.5095312637124,0 79.1287384319286,24.5095313013099,0 79.12873589559,24.5095314586617,0 79.1287333714778,24.5095317353501,0 79.1287308662946,24.5095321306404,0 79.1287283866926,24.5095326434829,0 79.1287259392561,24.5095332725158,0 79.128723530484,24.5095340160688,0 79.1287211667724,24.5095348721674,0 79.128718854398,24.5095358385385,0 79.128716599501,24.5095369126159,0 79.1287144080689,24.5095380915475,0 79.128712285921,24.5095393722029,0 79.1287102386923,24.5095407511813,0 79.128708271819,24.5095422248211,0 79.1286892718208,24.5095572248172,0 79.1286873586855,24.5095588171102,0 79.1286855393793,24.5095604989494,0 79.1286838189022,24.5095622657128,0 79.1286637653371,24.5095839788794,0 79.128646542907,24.509592590094,0 79.128644289224,24.5095937887457,0 79.1286421078863,24.5095950946451,0 79.1286400049843,24.5095965041462,0 79.1286379863896,24.5095980133135,0 79.1286360577382,24.5095996179331,0 79.1286342244152,24.5096013135249,0 79.1286324915393,24.5096030953547,0 79.1286308639489,24.5096049584473,0 79.1286293461883,24.5096068976009,0 79.1286279424954,24.5096089074012,0 79.1286266567893,24.5096109822366,0 79.1286254926599,24.509613116314,0 79.1286244533575,24.5096153036748,0 79.128623541784,24.5096175382118,0 79.1286227604846,24.5096198136859,0 79.1286221116407,24.5096221237437,0 79.1286215970639,24.5096244619354,0 79.1286212181911,24.5096268217326,0 79.1286209760801,24.5096291965464,0 79.1286208714069,24.5096315797461,0 79.1286209044638,24.5096339646777,0 79.1286210751583,24.5096363446821,0 79.1286213830141,24.5096387131142,0 79.1286218271715,24.5096410633611,0 79.1286224063904,24.5096433888607,0 79.1286231190536,24.50964568312,0 79.1286239631713,24.5096479397331,0 79.1286249363865,24.5096501523995,0 79.1286260359821,24.509652314941,0 79.1286272588878,24.5096544213198,0 79.1286286016892,24.5096564656546,0 79.128630060637,24.5096584422374,0 79.1286316316578,24.5096603455494,0 79.1286333103651,24.5096621702764,0 79.1286350920717,24.5096639113236,0 79.1286369718031,24.5096655638298,0 79.128638710546,24.50966693838,0 79.1286485261661,24.5097112362209,0 79.1286125000086,24.5096872840473,0 79.1286105575672,24.5096860564891,0 79.1286085531669,24.5096849153595,0 79.1286064913976,24.5096838632716,0 79.1286043769804,24.5096829026345,0 79.1285926769832,24.5096779026363,0 79.1285903243183,24.5096769646317,0 79.1285879215249,24.5096761398376,0 79.1285854751052,24.509675430486,0 79.1285829916793,24.5096748384964,0 79.1285804779677,24.5096743654709,0 79.1285779407728,24.5096740126895,0 79.1285753869603,24.5096737811069,0 79.1285728234411,24.5096736713496,0 79.1285702571525,24.5096736837149,0 79.1285676950389,24.5096738181691,0 79.1285651440338,24.5096740743485,0 79.1285626110403,24.5096744515598,0 79.128560102913,24.5096749487822,0 79.1285576264391,24.5096755646702,0 79.1285551883203,24.5096762975572,0 79.1285062883354,24.5096922975527,0 79.1285039395919,24.5096931285101,0 79.1285016402512,24.509694068046,0 79.1284993963045,24.5096951137122,0 79.1284972135985,24.5096962627843,0 79.1284950978205,24.5096975122682,0 79.1284939611998,24.5096982613461,0 79.1284998950572,24.5096691853867,0 79.1285003147324,24.5096667671817,0 79.1285005904784,24.5096643317128,0 79.1285030904669,24.5096343317113,0</coordinates></LinearRing></innerBoundaryIs><innerBoundaryIs><LinearRing><coordinates>79.1290514860312,24.5095185785906,0 79.1290528624853,24.5095169532138,0 79.129062108288,24.5095213846342,0 79.1290644515025,24.5095224364007,0 79.1290668522315,24.5095233733076,0 79.1290693037556,24.5095241927327,0 79.129071799213,24.5095248923824,0 79.129074331619,24.5095254702983,0 79.1290768938854,24.509525924863,0 79.1290794788406,24.5095262548041,0 79.1290820792493,24.5095264591981,0 79.1290846878332,24.509526537473,0 79.1290872972908,24.5095264894095,0 79.1290899003183,24.5095263151424,0 79.12909248963,24.5095260151592,0 79.1290950579785,24.5095255902998,0 79.1290975981751,24.5095250417531,0 79.1291001031097,24.5095243710547,0 79.1291025657712,24.5095235800818,0 79.1291026457172,24.5095235499704,0 79.1291028140478,24.5095236484622,0 79.1291050494486,24.5095248109221,0 79.1291064275558,24.5095254430401,0 79.1290996671479,24.5095284236129,0 79.1290977543887,24.5095292205959,0 79.1290953982738,24.5095302723396,0 79.1290931065475,24.5095314371155,0 79.1290908856814,24.5095327116343,0 79.1290887419466,24.509534092297,0 79.1290866813971,24.5095355752048,0 79.1290847098512,24.5095371561703,0 79.1290828554273,24.50953881061,0 79.1290826257588,24.509538580676,0 79.1290807715249,24.5095369103745,0 79.1290788236168,24.5095353318501,0 79.1290767874538,24.5095338494942,0 79.1290746687004,24.5095324674307,0 79.1290724732511,24.5095311895046,0 79.1290702072134,24.5095300192709,0 79.1290678768916,24.5095289599853,0 79.1290654887686,24.5095280145948,0 79.1290630494881,24.5095271857293,0 79.1290605658363,24.5095264756948,0 79.1290580447225,24.5095258864666,0 79.1290554931606,24.509525419684,0 79.1290529182489,24.5095250766454,0 79.1290503271509,24.5095248583053,0 79.129047727075,24.509524765271,0 79.1290451252546,24.5095247978015,0 79.1290446630062,24.5095248259325,0 79.1290460852237,24.509523728689,0 79.1290479836984,24.5095220997372,0 79.1290497856393,24.5095203814436,0 79.1290514860312,24.5095185785906,0</coordinates></LinearRing></innerBoundaryIs><innerBoundaryIs><LinearRing><coordinates>79.1300125963785,24.5092863462744,0 79.1300112571602,24.5092843330611,0 79.1300098049229,24.5092823865489,0 79.1300082436254,24.5092805120441,0 79.1300065775242,24.5092787146571,0 79.1300048111614,24.5092769992878,0 79.1300029493522,24.5092753706126,0 79.1300009971725,24.5092738330715,0 79.1299989599441,24.5092723908562,0 79.1299968432208,24.5092710478983,0 79.1299946527732,24.509269807859,0 79.1299923945728,24.5092686741187,0 79.1299900747759,24.5092676497684,0 79.1299876997066,24.5092667376005,0 79.1299852758397,24.5092659401018,0 79.1299828097831,24.5092652594463,0 79.1299803082597,24.5092646974897,0 79.1299780220176,24.5092642983498,0 79.1299796243929,24.5092627372944,0 79.1299812781594,24.5092609486033,0 79.1299828282641,24.5092590838094,0 79.1299842705312,24.5092571479365,0 79.129985601075,24.5092551462,0 79.129986816311,24.5092530839925,0 79.1299879129653,24.5092509668698,0 79.1299888880836,24.5092488005355,0 79.1299897390388,24.5092465908257,0 79.1299904635383,24.5092443436935,0 79.1299910596305,24.5092420651928,0 79.1299915257094,24.5092397614619,0 79.1299918605193,24.5092374387072,0 79.1299920631583,24.5092351031863,0 79.1299921330805,24.5092327611911,0 79.1299920700975,24.5092304190311,0 79.129991874379,24.5092280830161,0 79.1299915464523,24.5092257594394,0 79.1299910872008,24.5092234545609,0 79.1299910194336,24.5092231923906,0 79.1300014126502,24.5092241294844,0 79.1300023472313,24.5092248257078,0 79.1300026325823,24.5092250168073,0 79.1300081338245,24.5092532283559,0 79.1300086447145,24.5092555070637,0 79.1300092832272,24.5092577586642,0 79.1300100476669,24.5092599771776,0 79.1300109360035,24.5092621567121,0 79.1300119458777,24.5092642914795,0 79.1300285126774,24.5092969749187,0 79.1300318870559,24.5093086714028,0 79.1300314056949,24.5093086624053,0 79.1300288033807,24.5093087394767,0 79.130026209135,24.5093089420622,0 79.1300236301838,24.5093092695975,0 79.1300228451696,24.5093094082616,0 79.1300159010083,24.5092927304177,0 79.1300149214718,24.5092905506836,0 79.1300138189266,24.5092884207003,0 79.1300125963785,24.5092863462744,0</coordinates></LinearRing></innerBoundaryIs><innerBoundaryIs><LinearRing><coordinates>79.1299200525596,24.5096172817445,0 79.1299195847354,24.5096195776126,0 79.1299192473198,24.5096218925471,0 79.1299190412161,24.5096242203509,0 79.1299189669761,24.5096265547926,0 79.1299190247984,24.5096288896231,0 79.1299192145284,24.5096312185921,0 79.1299195356581,24.509633535465,0 79.1299199873278,24.5096358340397,0 79.1299205683286,24.509638108163,0 79.129921277105,24.5096403517471,0 79.1299221117597,24.5096425587861,0 79.1299230700584,24.5096447233718,0 79.1299241494358,24.5096468397098,0 79.1299253470024,24.5096489021346,0 79.1299266595524,24.5096509051253,0 79.1299280835722,24.5096528433198,0 79.1299296152497,24.5096547115299,0 79.1299876020623,24.5097217530953,0 79.1299882154883,24.509722920816,0 79.1299894653648,24.5097250100805,0 79.1299908339468,24.5097270361144,0 79.1299923174239,24.5097289932768,0 79.1299939116658,24.5097308761185,0 79.1299956122336,24.5097326793971,0 79.1299974143925,24.5097343980918,0 79.1299993131249,24.5097360274174,0 79.1300013031443,24.5097375628375,0 79.1300033789099,24.5097390000769,0 79.1300053005396,24.5097401901531,0 79.1300029764264,24.5097406239956,0 79.1300004765175,24.5097412168535,0 79.1299980139417,24.5097419285962,0 79.1299955954471,24.5097427572733,0 79.1299932276614,24.5097437006138,0 79.1299909170731,24.5097447560328,0 79.1299886700139,24.509745920638,0 79.1299864926416,24.5097471912379,0 79.129984390923,24.5097485643508,0 79.1299823706174,24.5097500362138,0 79.1299804372613,24.5097516027935,0 79.1299785961526,24.5097532597969,0 79.1299768523366,24.5097550026833,0 79.1299752105921,24.5097568266766,0 79.1299736754179,24.5097587267783,0 79.1299722510209,24.5097606977817,0 79.1299709413046,24.5097627342854,0 79.1299697498579,24.5097648307086,0 79.1299686799459,24.5097669813066,0 79.1299677345005,24.5097691801859,0 79.1299669161125,24.5097714213209,0 79.1299662270247,24.50977369857,0 79.1299656691253,24.5097760056927,0 79.1299652439432,24.5097783363669,0 79.1299649526436,24.5097806842057,0 79.1299647960247,24.509783042775,0 79.1299647745157,24.5097854056117,0 79.1299648881756,24.5097877662408,0 79.1299651366929,24.5097901181933,0 79.1299655193867,24.5097924550241,0 79.1299762193655,24.5098478550263,0 79.1299767426054,24.5098501996365,0 79.1299774009124,24.5098525155802,0 79.1299781924362,24.5098547963485,0 79.1299791149524,24.5098570355311,0 79.129980165868,24.5098592268348,0 79.1299813422296,24.5098613641008,0 79.1299826407308,24.5098634413222,0 79.1299840577223,24.5098654526609,0 79.1299845218616,24.5098660405417,0 79.1299832521687,24.5098677960473,0 79.1299819266766,24.5098698584134,0 79.1299808342782,24.5098717849709,0 79.1299805698402,24.5098710453206,0 79.1299796368908,24.5098688355412,0 79.1299785785199,24.5098666735885,0 79.1299773976425,24.5098645654171,0 79.129976097511,24.5098625168336,0 79.1299746817065,24.5098605334802,0 79.1299731541284,24.5098586208199,0 79.129971518984,24.5098567841204,0 79.1299697807772,24.5098550284408,0 79.1299679442954,24.5098533586165,0 79.1299660145968,24.5098517792468,0 79.1299639969963,24.5098502946816,0 79.129961897051,24.50984890901,0 79.1299597205448,24.5098476260484,0 79.1299574734723,24.5098464493305,0 79.1299551620226,24.5098453820973,0 79.1299527925622,24.5098444272882,0 79.1299503716171,24.5098435875331,0 79.1299365265859,24.5098391616635,0 79.129934045268,24.5098328620674,0 79.1299445815257,24.5098186999635,0 79.1299459752267,24.5098167172524,0 79.1299472538938,24.5098146706703,0 79.1299484140395,24.5098125657992,0 79.1299494524994,24.5098104083802,0 79.1299503664411,24.5098082042979,0 79.1299511533718,24.5098059595637,0 79.1299518111452,24.5098036803003,0 79.1299523379671,24.5098013727245,0 79.1299527324007,24.5097990431301,0 79.1299529933702,24.5097966978713,0 79.1299531201637,24.5097943433447,0 79.1299531124354,24.5097919859724,0 79.1299529702064,24.5097896321842,0 79.1299526938647,24.5097872884,0 79.1299522841639,24.5097849610126,0 79.1299517422216,24.50978265637,0 79.129951069516,24.5097803807582,0 79.1299502678818,24.5097781403838,0 79.1299493395055,24.5097759413576,0 79.1299482869194,24.5097737896776,0 79.1299471129942,24.5097716912123,0 79.1299458209321,24.5097696516854,0 79.129944414257,24.5097676766599,0 79.1299428968058,24.5097657715225,0 79.1299412727173,24.5097639414696,0 79.1299395464213,24.5097621914927,0 79.1299132464197,24.5097368914988,0 79.1299114256133,24.5097352289601,0 79.1299095125694,24.5097336555198,0 79.1299075124892,24.5097321754558,0 79.1299054308107,24.5097307927922,0 79.1299032731934,24.5097295112883,0 79.1299010455036,24.509728334428,0 79.1298987537979,24.5097272654112,0 79.1298964043071,24.5097263071443,0 79.129894003419,24.5097254622326,0 79.1298915576611,24.5097247329733,0 79.1298890736831,24.5097241213491,0 79.1298865582384,24.5097236290229,0 79.1298858149076,24.509723520251,0 79.1298663318524,24.5097116385416,0 79.1298651896814,24.509705232465,0 79.1298649084492,24.5097038007105,0 79.129860808442,24.5096847007114,0 79.1298602549726,24.5096824327373,0 79.1298595746677,24.509680193831,0 79.1298587693304,24.5096779899265,0 79.1298578410951,24.5096758268652,0 79.1298575599399,24.5096752594236,0 79.1298580254448,24.5096748322766,0 79.1298597355688,24.5096730911969,0 79.1298613447428,24.5096712713402,0 79.1298628486392,24.5096693776009,0 79.1299081401027,24.5096091195677,0 79.1299090791073,24.5096097025963,0 79.1299112947321,24.5096109280919,0 79.1299204670177,24.5096157053252,0 79.1299200525596,24.5096172817445,0</coordinates></LinearRing></innerBoundaryIs><innerBoundaryIs><LinearRing><coordinates>79.1297079007605,24.5096719253097,0 79.1297081559252,24.5096742588552,0 79.1297085432091,24.5096765771253,0 79.1297090615669,24.5096788738621,0 79.1297097095993,24.5096811428657,0 79.1297189095889,24.5097102428679,0 79.1297195936982,24.5097122246519,0 79.1297194292208,24.5097126951834,0 79.1297187650341,24.5097150125053,0 79.1297182361555,24.5097173588057,0 79.1297178440746,24.5097197274754,0 79.1297176770593,24.5097212941916,0 79.1297174631092,24.5097213253824,0 79.1297149339123,24.5097218196761,0 79.1297124365022,24.5097224345649,0 79.1297099777425,24.5097231683591,0 79.1297075643904,24.5097240190419,0 79.1297052030786,24.5097249842754,0 79.1297029002965,24.5097260614069,0 79.1297006623728,24.5097272474761,0 79.129698495458,24.5097285392235,0 79.1296964055074,24.5097299330988,0 79.1296943982646,24.5097314252715,0 79.1296924792461,24.5097330116405,0 79.129690653726,24.5097346878461,0 79.1296889267213,24.5097364492817,0 79.1296873029782,24.5097382911063,0 79.1296857869593,24.509740208258,0 79.1296843828309,24.5097421954681,0 79.129683094452,24.5097442472751,0 79.1296819253636,24.5097463580402,0 79.1296808787784,24.5097485219622,0 79.1296799575728,24.5097507330943,0 79.1296791642787,24.5097529853595,0 79.129678501076,24.5097552725681,0 79.1296779697877,24.5097575884342,0 79.1296775718736,24.5097599265931,0 79.1296773084276,24.5097622806189,0 79.1296771801735,24.5097646440422,0 79.1296771874639,24.5097670103675,0 79.1296773302787,24.5097693730916,0 79.1296776082254,24.5097717257211,0 79.1296780205403,24.5097740617902,0 79.1296862205252,24.509813861792,0 79.1296867632262,24.509816164165,0 79.129687436446,24.5098184375024,0 79.1296877884196,24.5098194198578,0 79.1296482609715,24.5098017453673,0 79.1296458754512,24.5098007496538,0 79.1296434354812,24.5097998713128,0 79.1296409479539,24.5097991128252,0 79.1296384198962,24.5097984763339,0 79.1296358584494,24.5097979636366,0 79.1296332708492,24.5097975761817,0 79.129630664405,24.5097973150638,0 79.1296280464796,24.5097971810203,0 79.1296254244682,24.5097971744299,0 79.1296228057774,24.5097972953113,0 79.1296201978047,24.509797543323,0 79.129617607917,24.5097979177644,0 79.1296150434303,24.5097984175778,0 79.1296125115889,24.5097990413513,0 79.1296100195447,24.5097997873228,0 79.1296075743374,24.5098006533851,0 79.1296051828741,24.5098016370917,0 79.1296028519104,24.5098027356638,0 79.1296019211839,24.5098032332568,0 79.1296018491411,24.5098013712472,0 79.129602534842,24.5098004229182,0 79.1296038316452,24.5097984103425,0 79.1296050129003,24.5097963390697,0 79.1296060754426,24.5097942146488,0 79.1296070164257,24.509792042771,0 79.1296078333286,24.5097898292547,0 79.129608523963,24.5097875800297,0 79.1296090864787,24.5097853011218,0 79.1296095193686,24.509782998636,0 79.1296098214732,24.5097806787406,0 79.1296099919831,24.5097783476505,0 79.1296100304415,24.5097760116107,0 79.1296099367454,24.5097736768793,0 79.1296097111458,24.5097713497109,0 79.1296093542471,24.50976903634,0 79.1296088670054,24.5097667429639,0 79.129608250726,24.5097644757267,0 79.12960750706,24.5097622407021,0 79.1296066379995,24.5097600438776,0 79.1296056458729,24.5097578911385,0 79.1296045333378,24.509755788252,0 79.1296033033749,24.5097537408514,0 79.1296019592791,24.5097517544218,0 79.1296005046512,24.5097498342848,0 79.1295989433881,24.5097479855843,0 79.1295972796724,24.5097462132729,0 79.1295882796717,24.509737113275,0 79.1295865390114,24.5097354413002,0 79.1295847071783,24.5097338529608,0 79.1295827889662,24.5097323524131,0 79.1295807893949,24.5097309435843,0 79.1295787136974,24.5097296301612,0 79.1295765673057,24.5097284155808,0 79.1295743558368,24.5097273030219,0 79.1295720850781,24.5097262953959,0 79.1295697609722,24.5097253953398,0 79.1295673896011,24.509724605209,0 79.1295649771707,24.5097239270711,0 79.1295625299943,24.509723362701,0 79.1295494502322,24.5097206698094,0 79.1295480046021,24.5097201355548,0 79.1295256867496,24.5097073457102,0 79.1295235199819,24.5097061733226,0 79.1295212906744,24.5097051035887,0 79.1295190046315,24.5097041392937,0 79.1295166678051,24.5097032829482,0 79.1295142862797,24.5097025367819,0 79.1295118662559,24.5097019027376,0 79.1295094140346,24.5097013824661,0 79.1295069360005,24.5097009773219,0 79.1295044386057,24.50970068836,0 79.1295019283524,24.5097005163327,0 79.1294994117765,24.5097004616879,0 79.1294968954303,24.5097005245679,0 79.1294943858656,24.5097007048089,0 79.1294918896163,24.5097010019417,0 79.1294875590245,24.509701620598,0 79.1294877501036,24.5097012803601,0 79.1294888014348,24.5096991419208,0 79.1294897299777,24.5096969564136,0 79.1294905332266,24.509694729736,0 79.1294912090139,24.5096924678969,0 79.1294917555159,24.509690177,0 79.1294921712578,24.5096878632275,0 79.1294968712462,24.5096566632253,0 79.1294971573625,24.5096543085163,0 79.1294973080516,24.509651943315,0 79.1294973228983,24.5096495741374,0 79.1294972018617,24.5096472075106,0 79.1294969452752,24.5096448499544,0 79.1294965538458,24.5096425079641,0 79.1294960286518,24.5096401879916,0 79.1294959153703,24.5096397931822,0 79.1295062141063,24.509636738275,0 79.1295086692326,24.5096359439038,0 79.1295110751257,24.5096350321038,0 79.1295134250818,24.5096340054155,0 79.1295157125532,24.5096328666997,0 79.1295179311659,24.5096316191293,0 79.1295200747383,24.5096302661804,0 79.1295221372973,24.509628811623,0 79.1295235630605,24.5096276915971,0 79.1295974705385,24.5096658192195,0 79.1295997861719,24.5096669407358,0 79.1296021636146,24.5096679481865,0 79.129604596161,24.5096688387301,0 79.1296070769498,24.5096696098547,0 79.1296095989839,24.5096702593852,0 79.1296121551496,24.5096707854897,0 79.1296147382373,24.5096711866843,0 79.129617340961,24.5096714618373,0 79.1296199559797,24.5096716101726,0 79.1296225759175,24.509671631272,0 79.1296251933847,24.5096715250758,0 79.1296278009986,24.5096712918836,0 79.1296303914043,24.5096709323531,0 79.1296329572953,24.5096704474984,0 79.1296354914344,24.5096698386871,0 79.1296379866739,24.5096691076363,0 79.1296404359758,24.5096682564081,0 79.1296654286182,24.5096588683106,0 79.1296899366498,24.5096639304222,0 79.1296924835132,24.5096643923856,0 79.1296950534129,24.5096647311072,0 79.1296976392304,24.5096649456488,0 79.1297002338032,24.5096650354161,0 79.1297028299442,24.5096650001605,0 79.1297054204624,24.5096648399796,0 79.1297079731817,24.5096645580779,0 79.1297079330765,24.5096648961159,0 79.1297077891855,24.509667237613,0 79.1297077784039,24.5096695827878,0 79.1297079007605,24.5096719253097,0</coordinates></LinearRing></innerBoundaryIs><innerBoundaryIs><LinearRing><coordinates>79.1297631057185,24.509860305151,0 79.1297654583096,24.5098593625633,0 79.1297677540999,24.5098583092309,0 79.1297699868675,24.5098571480084,0 79.1297721505612,24.5098558820431,0 79.1297742393169,24.5098545147659,0 79.1297762474739,24.5098530498823,0 79.1297781695895,24.5098514913625,0 79.1297785244215,24.509851171984,0 79.1297792422096,24.5098521603866,0 79.1297807891021,24.5098540651289,0 79.1297824432621,24.5098558928562,0 79.1297842001179,24.5098576385168,0 79.1297860548138,24.5098592972861,0 79.1297880022236,24.5098608645794,0 79.129790036965,24.509862336065,0 79.1297921534142,24.5098637076759,0 79.1297936680734,24.5098645836958,0 79.1297917143146,24.5098652926022,0 79.1297893560239,24.509866282562,0 79.12978705788,24.5098673845986,0 79.1297848262399,24.5098685956636,0 79.1297826672766,24.5098699124072,0 79.1297805869621,24.5098713311869,0 79.1297785910508,24.5098728480783,0 79.1297766850638,24.5098744588854,0 79.1297748742732,24.5098761591525,0 79.1297731636879,24.5098779441765,0 79.1297715580397,24.5098798090197,0 79.12977006177,24.5098817485237,0 79.1297686790177,24.5098837573235,0 79.1297674136077,24.5098858298627,0 79.1297662690402,24.5098879604081,0 79.1297652484814,24.5098901430665,0 79.1297643547542,24.5098923718003,0 79.1297635903308,24.5098946404445,0 79.1297629573258,24.5098969427237,0 79.12976245749,24.5098992722696,0 79.1297620922062,24.5099016226383,0 79.1297618624848,24.5099039873282,0 79.1297617689611,24.5099063597984,0 79.129761811894,24.5099087334864,0 79.1297619911647,24.509911101826,0 79.1297623062772,24.5099134582662,0 79.12976275636,24.5099157962887,0 79.1297633401681,24.5099181094263,0 79.1297640560865,24.5099203912805,0 79.129764902135,24.5099226355393,0 79.1297658446244,24.5099247651598,0 79.1297641061455,24.5099254800164,0 79.1297640144113,24.5099242517454,0 79.1297637063021,24.509921919341,0 79.1297632659751,24.5099196047639,0 79.1297626946231,24.5099173142842,0 79.1297626167196,24.509917063045,0 79.129757989778,24.5098746199053,0 79.1297576575812,24.5098722237456,0 79.1297571857752,24.5098698472749,0 79.129756575711,24.5098674972979,0 79.1297558291354,24.5098651805433,0 79.1297549481861,24.5098629036448,0 79.1297548215301,24.5098626247063,0 79.1297557715659,24.5098624444414,0 79.1297582557745,24.509861848181,0 79.1297607027026,24.5098611344395,0 79.1297631057185,24.509860305151,0</coordinates></LinearRing></innerBoundaryIs><innerBoundaryIs><LinearRing><coordinates>79.1299555040124,24.5099343400841,0 79.1299573750341,24.5099324626324,0 79.1299591276372,24.5099304918318,0 79.1299732276356,24.5099136918281,0 79.1299747501039,24.5099117757595,0 79.1299761606101,24.5099097892479,0 79.1299774552692,24.5099077377649,0 79.1299783633344,24.5099061068319,0 79.1299786416856,24.5099068842564,0 79.1299795862662,24.509909115231,0 79.1299870528458,24.509925451218,0 79.1299715595508,24.5099400055204,0 79.1299698154116,24.509941731688,0 79.1299681718583,24.5099435385974,0 79.1299666333488,24.5099454213477,0 79.1299652040561,24.509947374832,0 79.1299638878569,24.5099493937521,0 79.1299626883212,24.5099514726318,0 79.1299616087025,24.5099536058325,0 79.1299606519291,24.5099557875682,0 79.1299601785875,24.5099570540629,0 79.1299578093733,24.5099564097165,0 79.1299552901664,24.509955854452,0 79.1299527425695,24.5099554209828,0 79.1299501736112,24.5099551105049,0 79.1299475903792,24.5099549238749,0 79.1299450000005,24.5099548616076,0 79.1299449000006,24.5099548616076,0 79.1299441648274,24.5099548666199,0 79.1299358243233,24.5099549803546,0 79.1299303489769,24.5099520760407,0 79.1299492414796,24.5099393544517,0 79.1299514307824,24.5099377914614,0 79.1299535205004,24.5099361182384,0 79.1299555040124,24.5099343400841,0</coordinates></LinearRing></innerBoundaryIs><innerBoundaryIs><LinearRing><coordinates>79.1296568202846,24.5100953743208,0 79.1296546146302,24.5100941343474,0 79.1296523409234,24.5100930019426,0 79.1296500054249,24.5100919802243,0 79.1296476145655,24.5100910720059,0 79.1296451749286,24.5100902797882,0 79.1296426932317,24.5100896057527,0 79.1296406517332,24.5100891564005,0 79.1296427464505,24.510088070319,0 79.1296449409851,24.5100867879983,0 79.1296470585159,24.5100854015203,0 79.1296490931439,24.5100839147473,0 79.1296510392008,24.5100823318213,0 79.1296528912653,24.5100806571522,0 79.1296546441777,24.5100788954053,0 79.1296562930548,24.5100770514886,0 79.1296578333029,24.5100751305389,0 79.1296591264113,24.5100733252864,0 79.1296613836387,24.5100739629017,0 79.1296638832264,24.5100745400253,0 79.1296652626947,24.5100747892152,0 79.1296627972504,24.5100917484374,0 79.129662523976,24.5100940967805,0 79.1296624253802,24.510095773566,0 79.1296617430868,24.5100957656164,0 79.1296591751364,24.5100958581574,0 79.1296577740215,24.5100959757408,0 79.1296568202846,24.5100953743208,0</coordinates></LinearRing></innerBoundaryIs><innerBoundaryIs><LinearRing><coordinates>79.1296442769244,24.5099385854389,0 79.1296556456329,24.5099400320556,0 79.1296565128595,24.5099411019055,0 79.1296551583813,24.509940954715,0 79.129644558385,24.5099400547156,0 79.1296427109306,24.5099399426152,0 79.1296442769244,24.5099385854389,0</coordinates></LinearRing></innerBoundaryIs><innerBoundaryIs><LinearRing><coordinates>79.1296056310642,24.5099526390426,0 79.1296050097073,24.5099522619184,0 79.1296060893672,24.5099522277419,0 79.1296056310642,24.5099526390426,0</coordinates></LinearRing></innerBoundaryIs><innerBoundaryIs><LinearRing><coordinates>79.1295154743642,24.5099580899047,0 79.1295154489695,24.5099579816358,0 79.1295147791184,24.5099557100387,0 79.1295139808105,24.5099534734636,0 79.129513056215,24.509951277987,0 79.1295120078438,24.5099491295741,0 79.1295119330543,24.5099489955429,0 79.12951395886,24.5099499523177,0 79.1295163790635,24.5099509484257,0 79.1295188543076,24.5099518240161,0 79.1295202339047,24.5099522354906,0 79.1295194571688,24.509953041584,0 79.129517859349,24.5099548851927,0 79.1295163686967,24.5099568024773,0 79.1295154743642,24.5099580899047,0</coordinates></LinearRing></innerBoundaryIs><innerBoundaryIs><LinearRing><coordinates>79.1294664115232,24.5099234726058,0 79.1294638430123,24.5099235858055,0 79.1294612844373,24.509923821308,0 79.1294587427499,24.5099241784737,0 79.1294562248558,24.509924656332,0 79.1294537375961,24.5099252535845,0 79.1294512877286,24.5099259686087,0 79.1294488819096,24.5099267994618,0 79.1294465266757,24.5099277438863,0 79.129444228426,24.5099287993163,0 79.1294419934047,24.5099299628843,0 79.1294398276845,24.5099312314286,0 79.1294377371495,24.5099326015029,0 79.1294357274797,24.5099340693846,0 79.1294338041354,24.5099356310855,0 79.1294319723422,24.5099372823625,0 79.1294302370771,24.509939018729,0 79.1294286030548,24.5099408354675,0 79.1294270747149,24.5099427276418,0 79.1294256562099,24.509944690111,0 79.1294243513938,24.509946717543,0 79.1294231638119,24.5099488044294,0 79.1294220966907,24.5099509451,0 79.1294211529297,24.5099531337388,0 79.129420335093,24.5099553643993,0 79.1294196454026,24.5099576310207,0 79.1294190857326,24.5099599274447,0 79.1294186576034,24.5099622474319,0 79.1294131155591,24.509997919379,0 79.1293929824272,24.5099953061227,0 79.1293935075771,24.5099945190148,0 79.1293947954694,24.509992469904,0 79.1293959643568,24.5099903619156,0 79.1293970110339,24.5099882008304,0 79.1293979326304,24.5099859925748,0 79.1293987266189,24.5099837432046,0 79.1293993908221,24.5099814588884,0 79.1293999234185,24.5099791458904,0 79.1294003229475,24.5099768105537,0 79.1294005883136,24.5099744592825,0 79.1294007187889,24.5099720985249,0 79.1294007140158,24.5099697347547,0 79.1294005740072,24.5099673744543,0 79.1294002991472,24.5099650240964,0 79.1293998901896,24.5099626901264,0 79.1293993482557,24.5099603789449,0 79.1293986748319,24.5099580968898,0 79.1293978717648,24.5099558502194,0 79.1293969412568,24.5099536450947,0 79.1293958858595,24.5099514875629,0 79.1293947084674,24.5099493835407,0 79.129393412309,24.5099473387981,0 79.1293920009391,24.5099453589423,0 79.129390478228,24.5099434494028,0 79.1293888483515,24.5099416154162,0 79.1293871157792,24.5099398620119,0 79.1293852852625,24.5099381939983,0 79.1293833618212,24.5099366159496,0 79.1293813507301,24.5099351321933,0 79.1293792575042,24.5099337467985,0 79.1293770878838,24.5099324635643,0 79.1293748478188,24.5099312860098,0 79.1293725434522,24.5099302173642,0 79.1293701811033,24.5099292605581,0 79.1293677672504,24.5099284182154,0 79.129347567256,24.5099219182179,0 79.1293451265614,24.5099211975025,0 79.1293426482295,24.5099205938149,0 79.1293401389579,24.5099201087866,0 79.1293376055283,24.5099197437285,0 79.1293350547874,24.5099194996269,0 79.1293324936286,24.5099193771418,0 79.1293299289738,24.5099193766041,0 79.1293273677539,24.5099194980153,0 79.129324816891,24.5099197410472,0 79.1293222832788,24.509920105043,0 79.1293197737646,24.5099205890191,0 79.1293172951306,24.5099211916674,0 79.1293148540753,24.5099219113592,0 79.1293124571959,24.5099227461496,0 79.1293101109701,24.5099236937824,0 79.1293078217387,24.5099247516967,0 79.1293055956885,24.5099259170333,0 79.1293010956895,24.5099284170326,0 79.1293005913634,24.5099287010181,0 79.1292995262471,24.5099293088788,0 79.1292996739008,24.5099275158709,0 79.1292997331463,24.509925160992,0 79.129299658049,24.5099228064916,0 79.1292994488135,24.5099204587815,0 79.1292991060096,24.5099181242549,0 79.1292986305708,24.5099158092691,0 79.1292980237918,24.5099135201282,0 79.1292972873249,24.509911263066,0 79.1292964231758,24.5099090442289,0 79.1292954336976,24.509906869659,0 79.129294321585,24.5099047452781,0 79.1292930898662,24.5099026768714,0 79.1292917418956,24.5099006700713,0 79.1292902813439,24.5098987303429,0 79.1292887121885,24.5098968629682,0 79.1292870387024,24.5098950730325,0 79.1292852654428,24.5098933654101,0 79.1292833972386,24.5098917447511,0 79.1292814391773,24.5098902154688,0 79.129279396591,24.5098887817278,0 79.129277275042,24.5098874474324,0 79.1292750803077,24.5098862162161,0 79.1292728183647,24.5098850914317,0 79.1292704953727,24.5098840761422,0 79.1292681176575,24.5098831731123,0 79.1292656916941,24.5098823848013,0 79.1292632240888,24.5098817133557,0 79.1292607215614,24.5098811606041,0 79.1292581909265,24.5098807280518,0 79.1292556390757,24.5098804168765,0 79.1291979702451,24.5098747814879,0 79.1291804259843,24.5098705416252,0 79.1291799830558,24.5098693244113,0 79.1291790396637,24.5098671236558,0 79.1291779716395,24.5098649711087,0 79.1291767819126,24.5098628726742,0 79.1291754737462,24.5098608341077,0 79.1291740507283,24.5098588610008,0 79.129172516762,24.5098569587652,0 79.1291708760547,24.5098551326184,0 79.1291691331065,24.5098533875692,0 79.129167292698,24.5098517284039,0 79.129165359877,24.5098501596732,0 79.129163339945,24.5098486856799,0 79.1291612384422,24.5098473104669,0 79.1291554519811,24.5098437296087,0 79.1291545464686,24.5098419526771,0 79.129153323633,24.5098398502921,0 79.1291519813078,24.5098378098453,0 79.12915052323,24.5098358370166,0 79.1291489534583,24.5098339372981,0 79.1291472763627,24.5098321159781,0 79.1291454966119,24.5098303781267,0 79.1291436191603,24.5098287285817,0 79.1291416492342,24.5098271719351,0 79.1291395923175,24.5098257125201,0 79.1291374541361,24.5098243543996,0 79.1291352406423,24.5098231013541,0 79.129132957998,24.5098219568718,0 79.1291306125574,24.5098209241388,0 79.1291282108498,24.5098200060299,0 79.1291257595609,24.5098192051009,0 79.1291232655145,24.5098185235814,0 79.1291207356536,24.5098179633686,0 79.1291194515153,24.5098177438711,0 79.1291190199584,24.5098166366953,0 79.1291180333663,24.5098144690576,0 79.1291169249113,24.5098123512952,0 79.129115697593,24.5098102891387,0 79.1291143547326,24.5098082881685,0 79.129112899964,24.5098063537993,0 79.1291114189255,24.5098045886409,0 79.1291133045427,24.5098039007015,0 79.12913404455,24.5098154544971,0 79.1291363162539,24.5098166455854,0 79.1291386538234,24.5098177247213,0 79.1291410506742,24.5098186888653,0 79.1291435000551,24.5098195353016,0 79.1291459950667,24.5098202616461,0 79.1291485286814,24.5098208658529,0 79.1291510937626,24.5098213462199,0 79.1291536830852,24.5098217013943,0 79.1291562893558,24.5098219303755,0 79.1291589052333,24.5098220325187,0 79.1291996052478,24.5098226325197,0 79.1292021806356,24.5098226089653,0 79.1292047511703,24.509822462466,0 79.1292073098458,24.5098221934209,0 79.1292078835121,24.5098221051392,0 79.1292292556669,24.509840816865,0 79.1292292853126,24.5098409890331,0 79.1292298199123,24.5098432998254,0 79.1292304858914,24.5098455818671,0 79.1292312814263,24.5098478289094,0 79.1292322043387,24.5098500347994,0 79.1292332521014,24.5098521934971,0 79.1292344218455,24.5098542990914,0 79.1292357103679,24.5098563458168,0 79.1292371141404,24.5098583280689,0 79.1292386293192,24.5098602404199,0 79.1292402517555,24.5098620776334,0 79.1292419770066,24.5098638346787,0 79.1292438003486,24.5098655067447,0 79.1292457167886,24.5098670892529,0 79.1292477210792,24.50986857787,0 79.129249807732,24.50986996852,0 79.1292519710336,24.5098712573949,0 79.1292542050602,24.5098724409656,0 79.1292565036946,24.5098735159911,0 79.1292588606428,24.5098744795279,0 79.1292612694509,24.5098753289375,0 79.1292720380728,24.5098788330133,0 79.1293362636284,24.5099051071068,0 79.1293386124961,24.5099060022407,0 79.1293410086818,24.509906785375,0 79.1293434458113,24.5099074544265,0 79.1293459174013,24.5099080076153,0 79.1293484168769,24.5099084434699,0 79.1293509375891,24.5099087608307,0 79.1293534728323,24.5099089588537,0 79.1293560158623,24.5099090370119,0 79.1293585599142,24.5099089950975,0 79.1293610982203,24.5099088332219,0 79.1293636240283,24.5099085518159,0 79.1293661306191,24.5099081516279,0 79.1293686113247,24.5099076337226,0 79.1293710595459,24.5099069994777,0 79.12937346877,24.5099062505804,0 79.1293758325881,24.5099053890228,0 79.1293781447119,24.509904417097,0 79.1293803989909,24.5099033373883,0 79.1293825894281,24.509902152769,0 79.1293847101967,24.5099008663904,0 79.129386755655,24.5098994816746,0 79.1293887203617,24.5098980023051,0 79.1293905990904,24.5098964322172,0 79.1293923868433,24.5098947755878,0 79.1293940788646,24.5098930368238,0 79.1293956706532,24.5098912205505,0 79.1294045027992,24.5098805924529,0 79.1294057857646,24.5098816864289,0 79.1294076872987,24.5098831512563,0 79.1294096670605,24.5098845265873,0 79.1294117200238,24.5098858089302,0 79.1294138409765,24.5098869950295,0 79.1294536152076,24.5099079973141,0 79.1294761703988,24.5099241736879,0 79.1294741068648,24.5099238682345,0 79.1294715504307,24.5099236140124,0 79.1294689829916,24.5099234820167,0 79.1294664115232,24.5099234726058,0</coordinates></LinearRing></innerBoundaryIs><innerBoundaryIs><LinearRing><coordinates>79.1290259692749,24.5097415067071,0 79.1290283750805,24.5097423219496,0 79.1290308239527,24.5097430216567,0 79.1290314834982,24.5097431761803,0 79.1290311381627,24.509744239593,0 79.1290299013055,24.509743793243,0 79.1290274691561,24.509743046706,0 79.1290249978813,24.5097424168579,0 79.1290224941635,24.509741905402,0 79.129019964773,24.5097415137212,0 79.1290174165494,24.5097412428748,0 79.1290152011525,24.509741113698,0 79.1290178581529,24.5097376892782,0 79.1290190746326,24.5097383913398,0 79.1290213127545,24.5097395387411,0 79.1290236130422,24.5097405781339,0 79.1290259692749,24.5097415067071,0</coordinates></LinearRing></innerBoundaryIs><innerBoundaryIs><LinearRing><coordinates>79.1285990694124,24.5098816108013,0 79.1285992839777,24.5098813329955,0 79.128599448731,24.5098814565836,0 79.1285990694124,24.5098816108013,0</coordinates></LinearRing></innerBoundaryIs><innerBoundaryIs><LinearRing><coordinates>79.1293158801515,24.5105317335669,0 79.1293158838904,24.5105330212182,0 79.1293153653828,24.510532624411,0 79.129315785817,24.5105311788886,0 79.1293159489576,24.5105304733268,0 79.1293158801515,24.5105317335669,0</coordinates></LinearRing></innerBoundaryIs><innerBoundaryIs><LinearRing><coordinates>79.1293188047492,24.5105174767584,0 79.1293186748569,24.5105177874653,0 79.1293178769689,24.5105200450098,0 79.1293172098326,24.5105223377959,0 79.1293170518542,24.5105230239493,0 79.1293171144694,24.5105219573765,0 79.1293171197032,24.5105196281819,0 79.1293171076087,24.5105194050395,0 79.1293188047492,24.5105174767584,0</coordinates></LinearRing></innerBoundaryIs><innerBoundaryIs><LinearRing><coordinates>79.1297739526534,24.5105631778175,0 79.1297736583157,24.5105655219435,0 79.1297735752471,24.5105667441747,0 79.1297721328564,24.5105674564959,0 79.1297699150878,24.5105686938931,0 79.1297677715776,24.5105700363813,0 79.1297657082685,24.5105714802384,0 79.1297637308809,24.5105730214616,0 79.1297618448968,24.510574655778,0 79.129760055545,24.5105763786565,0 79.1297583677863,24.5105781853207,0 79.1297567862997,24.5105800707618,0 79.1297558221675,24.5105813548846,0 79.1297574104106,24.5105767886809,0 79.1297579716904,24.5105750556646,0 79.1297584566892,24.5105733034774,0 79.1297619566844,24.510559503476,0 79.1297624745273,24.5105571879557,0 79.1297628591937,24.510554850809,0 79.129763109629,24.5105524984437,0 79.1297632251466,24.5105501373092,0 79.129763207572,24.5105480306565,0 79.1297708247574,24.5105527286814,0 79.1297730232303,24.5105540086864,0 79.1297752925053,24.5105551806929,0 79.1297759266686,24.5105554689338,0 79.1297756314888,24.5105562744607,0 79.1297749405897,24.5105585477501,0 79.1297743804677,24.5105608509669,0 79.1297739526534,24.5105631778175,0</coordinates></LinearRing></innerBoundaryIs><innerBoundaryIs><LinearRing><coordinates>79.1297476210238,24.5106020193574,0 79.1297474255442,24.5106043893163,0 79.1297473666731,24.5106067654041,0 79.1297474445738,24.5106091410334,0 79.1297476590303,24.510611509618,0 79.12974766105,24.5106115231917,0 79.1297396003365,24.51060572192,0 79.1297376613455,24.5106043955835,0 79.1297375838275,24.5106043477971,0 79.1297379633596,24.5106041070413,0 79.1297400118906,24.5106026561571,0 79.1297419743575,24.5106011088841,0 79.1297438453486,24.5105994694889,0 79.1297456197051,24.5105977424919,0 79.1297472925341,24.5105959326553,0 79.1297488592232,24.5105940449694,0 79.1297496897832,24.5105929268955,0 79.1297490198108,24.5105950117648,0 79.1297484192636,24.5105973240731,0 79.12974795257,24.5105996620979,0 79.1297476210238,24.5106020193574,0</coordinates></LinearRing></innerBoundaryIs><innerBoundaryIs><LinearRing><coordinates>79.1296143877647,24.5104963321655,0 79.1296135634835,24.5104940744686,0 79.1296126102704,24.5104918596685,0 79.1296115307765,24.5104896939242,0 79.1296104873396,24.5104878628667,0 79.1296109129152,24.5104881998141,0 79.129612966486,24.5104896598894,0 79.1296261063068,24.5104985040015,0 79.1296308487601,24.5105026108703,0 79.1296259837051,24.5105173095295,0 79.1296255757854,24.5105176563871,0 79.1296237678407,24.5105193646542,0 79.1296225067752,24.5105206891739,0 79.1296143877647,24.5104963321655,0</coordinates></LinearRing></innerBoundaryIs><innerBoundaryIs><LinearRing><coordinates>79.1298205027116,24.510678807571,0 79.129820914378,24.5106799202242,0 79.1298219011636,24.5106821787166,0 79.1298230194779,24.5106843852968,0 79.1298242660739,24.5106865335578,0 79.1298256373318,24.5106886172619,0 79.1298261629293,24.5106893264593,0 79.1298218893116,24.5106963546307,0 79.1298207002615,24.5106984357236,0 79.1298196311113,24.5107005705803,0 79.1298186847547,24.5107027534229,0 79.1298178637531,24.5107049783432,0 79.1298171703287,24.5107072393194,0 79.1298166063581,24.5107095302321,0 79.1298161733679,24.5107118448807,0 79.1298158725299,24.5107141770004,0 79.1298157046584,24.5107165202794,0 79.1298156702077,24.5107188683752,0 79.1298157692712,24.5107212149328,0 79.1298160015806,24.510723553601,0 79.1298163665073,24.5107258780499,0 79.1298168630636,24.5107281819884,0 79.1298174899054,24.5107304591808,0 79.1298182453362,24.5107327034636,0 79.1298191273115,24.5107349087625,0 79.129820133444,24.5107370691089,0 79.1298212610107,24.5107391786555,0 79.1298225069597,24.5107412316927,0 79.1298238679188,24.510743222664,0 79.1298253402044,24.5107451461805,0 79.1298269198317,24.5107469970362,0 79.1298286025255,24.5107487702216,0 79.1298399408405,24.5107601085408,0 79.1298411628577,24.5107626004993,0 79.1298403287734,24.5107637109174,0 79.1298389859014,24.5107657147103,0 79.1298377588531,24.5107677797456,0 79.1298366509557,24.5107699004237,0 79.1298358965425,24.510771561616,0 79.1298150000069,24.510771561615,0 79.1298124535515,24.5107716217861,0 79.1298099138852,24.5107718021394,0 79.1298073877788,24.5107721021942,0 79.1298048819673,24.5107725211505,0 79.1298024031313,24.5107730578912,0 79.1297999578795,24.5107737109855,0 79.1297975527313,24.5107744786921,0 79.1297951940989,24.5107753589642,0 79.1297928882708,24.510776349455,0 79.1297906413942,24.5107774475237,0 79.1297884594597,24.5107786502428,0 79.1297863482845,24.5107799544057,0 79.1297843134972,24.5107813565355,0 79.1297823605225,24.5107828528939,0 79.1297804945674,24.5107844394916,0 79.1297787206066,24.5107861120984,0 79.1297770433697,24.5107878662552,0 79.1297754673283,24.5107896972852,0 79.1297739966843,24.5107916003067,0 79.1297726353585,24.5107935702461,0 79.1297640673772,24.5108067078111,0 79.1297623313391,24.5108050959571,0 79.1297604481256,24.5108035195421,0 79.1297584783206,24.5108020343557,0 79.1297564271972,24.5108006443737,0 79.1297543002458,24.5107993533168,0 79.1297403159885,24.5107913336756,0 79.1297405224028,24.5107913374196,0 79.1297431212481,24.5107912591797,0 79.129745711978,24.5107910557622,0 79.1297482873952,24.5107907277324,0 79.1297508403451,24.5107902760014,0 79.1297533637354,24.5107897018242,0 79.1297558505558,24.510789006796,0 79.129758293898,24.5107881928475,0 79.1297606869739,24.5107872622399,0 79.1297630231357,24.5107862175587,0 79.1297652958931,24.5107850617059,0 79.1297674989324,24.5107837978926,0 79.1297696261333,24.5107824296297,0 79.1297716715863,24.5107809607184,0 79.129773629609,24.5107793952395,0 79.129775494762,24.5107777375419,0 79.1297772618636,24.5107759922309,0 79.1297789260047,24.510774164155,0 79.1297804825623,24.5107722583927,0 79.1297889825609,24.5107612583904,0 79.1297904218765,24.5107592879719,0 79.1298044218731,24.5107389879679,0 79.1298057031569,24.5107370212922,0 79.1298068737992,24.5107349977014,0 79.1298079307879,24.5107329224018,0 79.1298088714036,24.5107308007328,0 79.1298096932262,24.5107286381534,0 79.1298103941413,24.5107264402275,0 79.1298109723456,24.5107242126101,0 79.1298114263513,24.5107219610325,0 79.1298117549903,24.5107196912879,0 79.1298119574172,24.5107174092159,0 79.1298120331112,24.5107151206881,0 79.1298119818774,24.5107128315924,0 79.1298118038478,24.5107105478185,0 79.1298114994803,24.5107082752423,0 79.129808063465,24.5106870865338,0 79.1298081693116,24.5106868457845,0 79.1298090667151,24.5106846402374,0 79.1298098372608,24.5106823948926,0 79.129810478854,24.5106801158538,0 79.1298109897507,24.5106778093163,0 79.1298111635585,24.5106767412806,0 79.1298128780657,24.510677266567,0 79.1298153928921,24.5106779039145,0 79.1298179410335,24.5106784187027,0 79.1298205027116,24.510678807571,0</coordinates></LinearRing></innerBoundaryIs><innerBoundaryIs><LinearRing><coordinates>79.1296868762291,24.5107624768404,0 79.1296844073994,24.5107618420726,0 79.1296819058542,24.5107613255433,0 79.129679378353,24.5107609286484,0 79.1296768317253,24.5107606524601,0 79.1296742728525,24.510760497725,0 79.1296717086488,24.5107604648609,0 79.129669146043,24.5107605539568,0 79.1296665919595,24.5107607647719,0 79.1296640532998,24.5107610967366,0 79.1296624089461,24.5107613922429,0 79.129663331445,24.5107608556866,0 79.1296654063108,24.5107595065284,0 79.1296674023578,24.5107580612462,0 79.1296693142719,24.5107565236879,0 79.1296711369632,24.5107548979466,0 79.1296728655794,24.5107531883505,0 79.1296752655793,24.5107506883499,0 79.129675262148,24.5107506855923,0 79.1296766075175,24.5107492666219,0 79.1296782109376,24.5107473828106,0 79.129679703243,24.5107454240587,0 79.1296810802581,24.510743395847,0 79.1296823381299,24.5107413038505,0 79.1296834733388,24.5107391539228,0 79.1296844827084,24.5107369520797,0 79.1296853634143,24.5107347044821,0 79.1296861129923,24.5107324174189,0 79.1296867293451,24.5107300972896,0 79.1296872107479,24.5107277505861,0 79.1296872927176,24.5107271884435,0 79.1296915700094,24.5107279019862,0 79.129691502206,24.5107288780395,0 79.1296914701331,24.5107311630677,0 79.1296915644968,24.5107334466527,0 79.1296917850552,24.5107357229415,0 79.1296919228534,24.5107366237791,0 79.129691513934,24.5107389100053,0 79.1296911617571,24.5107412672091,0 79.1296909458118,24.5107436381166,0 79.129690866698,24.5107460161411,0 79.1296909246354,24.5107483946765,0 79.1296911194632,24.510750767115,0 79.12969145064,24.5107531268657,0 79.1296919172459,24.5107554673731,0 79.1296925179847,24.5107577821351,0 79.1296932511874,24.5107600647212,0 79.1296941148171,24.5107623087902,0 79.1296951064746,24.5107645081079,0 79.1296958563379,24.5107659504973,0 79.1296940202651,24.5107650718545,0 79.1296916891645,24.5107640939161,0 79.1296893056723,24.5107632281316,0 79.1296868762291,24.5107624768404,0</coordinates></LinearRing></innerBoundaryIs><innerBoundaryIs><LinearRing><coordinates>79.1296391646025,24.5107721636132,0 79.1296391645092,24.5107721629395,0 79.129638708479,24.5107698455158,0 79.1296383541517,24.5107684628587,0 79.1296395470995,24.5107684079908,0 79.1296420793762,24.5107681712419,0 79.1296445949358,24.5107678153016,0 79.1296456852099,24.5107676078535,0 79.1296451052188,24.5107679389741,0 79.1296430030402,24.5107692828371,0 79.1296409800249,24.510770724833,0 79.1296391646025,24.5107721636132,0</coordinates></LinearRing></innerBoundaryIs><innerBoundaryIs><LinearRing><coordinates>79.1296253593309,24.5108194878428,0 79.1296262114963,24.5108217008825,0 79.1296271881978,24.5108238704158,0 79.1296282867962,24.5108259905806,0 79.1296295043231,24.5108280556478,0 79.1296308374886,24.5108300600374,0 79.1296322826903,24.5108319983335,0 79.1296338360232,24.5108338652984,0 79.1296570255894,24.5108602831263,0 79.1296444412318,24.5108751678457,0 79.1296432248919,24.510875349127,0 79.1296407564768,24.5108758368081,0 79.1296353564786,24.5108770368077,0 79.1296328478599,24.5108776587418,0 79.1296303785213,24.5108784006945,0 79.1296279553166,24.5108792606066,0 79.1296255849715,24.5108802360913,0 79.129623274065,24.5108813244411,0 79.1296210290112,24.5108825226351,0 79.1296188560414,24.5108838273479,0 79.1296167611868,24.5108852349579,0 79.1296147502618,24.5108867415585,0 79.1296128288478,24.5108883429678,0 79.1296110022778,24.5108900347411,0 79.1296092756215,24.5108918121828,0 79.1296076536715,24.5108936703594,0 79.1296061409296,24.5108956041136,0 79.1296047415943,24.5108976080779,0 79.1296034595497,24.5108996766905,0 79.1296031154762,24.510900307095,0 79.1296005093227,24.5109017772325,0 79.1295989631121,24.5109027054214,0 79.1295958571144,24.5108996980275,0 79.1295940747757,24.5108980585144,0 79.1295922030069,24.5108965046697,0 79.1295902467206,24.5108950405716,0 79.1295882110509,24.5108936700626,0 79.1295861013407,24.5108923967396,0 79.1295839231268,24.5108912239446,0 79.1295816821261,24.5108901547556,0 79.1295793842202,24.5108891919786,0 79.1295770354398,24.5108883381405,0 79.1295746419495,24.5108875954823,0 79.1295722100311,24.510886965953,0 79.1295697460672,24.5108864512048,0 79.1295672565245,24.5108860525888,0 79.1295647479368,24.5108857711511,0 79.1295622268881,24.5108856076304,0 79.1295596999948,24.5108855624557,0 79.129557173889,24.5108856357458,0 79.1295546552003,24.5108858273081,0 79.1295521505392,24.51088613664,0 79.1295496664792,24.5108865629297,0 79.1295472095398,24.5108871050582,0 79.1295401757226,24.510888832663,0 79.1295347460558,24.510886866525,0 79.1295370341937,24.5108862910248,0 79.1295395186668,24.5108855343077,0 79.1295419557579,24.5108846580436,0 79.1295443386011,24.5108836647011,0 79.1295466604835,24.5108825570786,0 79.1295489148638,24.5108813382967,0 79.1295510953908,24.5108800117888,0 79.1295531959215,24.5108785812922,0 79.1295552105384,24.5108770508367,0 79.1295571335656,24.510875424734,0 79.1295589595857,24.5108737075653,0 79.1295606834542,24.5108719041682,0 79.1295623003148,24.5108700196232,0 79.1295638056123,24.5108680592396,0 79.129565195106,24.5108660285402,0 79.1295664648813,24.510863933246,0 79.1295676113611,24.5108617792598,0 79.1295679524755,24.5108610412793,0 79.1295688127791,24.5108601096176,0 79.1295703883337,24.5108582079732,0 79.1295718518486,24.5108562328028,0 79.1295731992334,24.5108541896266,0 79.1295744267226,24.5108520841549,0 79.1295755308854,24.5108499222722,0 79.1295765086361,24.5108477100204,0 79.1295773572418,24.5108454535825,0 79.129578074331,24.5108431592647,0 79.1295786578995,24.5108408334794,0 79.1295791063164,24.5108384827266,0 79.1295794183283,24.5108361135763,0 79.1295795930634,24.5108337326499,0 79.1295796164961,24.5108322202891,0 79.1295802457441,24.5108320813303,0 79.1295847612852,24.5108309671062,0 79.1295847830299,24.5108309664997,0 79.1295873361479,24.5108307735546,0 79.1295898748768,24.5108304596063,0 79.1295923923707,24.5108300255012,0 79.1295948818413,24.5108294724101,0 79.1295973365754,24.5108288018243,0 79.1295997499538,24.5108280155521,0 79.1296021154688,24.5108271157137,0 79.1296044267417,24.5108261047355,0 79.1296066775399,24.5108249853437,0 79.1296088617941,24.5108237605568,0 79.1296109736145,24.5108224336775,0 79.1296130073063,24.5108210082837,0 79.1296149573858,24.5108194882191,0 79.1296233573865,24.5108125882174,0 79.1296235400385,24.5108124301178,0 79.129623571359,24.5108126479754,0 79.1296240374764,24.5108149552656,0 79.1296246340043,24.5108172372768,0 79.1296253593309,24.5108194878428,0</coordinates></LinearRing></innerBoundaryIs><innerBoundaryIs><LinearRing><coordinates>79.1294768098273,24.5109946432002,0 79.1294777244699,24.5109968577764,0 79.1294787647567,24.51099902543,0 79.1294799278262,24.5110011401984,0 79.1294799701888,24.5110012124418,0 79.1294795953742,24.5110011985598,0 79.1294770225205,24.5110011647161,0 79.1294744512377,24.5110012536578,0 79.1294718885208,24.5110014651429,0 79.1294693413412,24.5110017985962,0 79.1294668166285,24.5110022531105,0 79.1294643287703,24.5110027629898,0 79.1294648605769,24.5110014545148,0 79.1294650884352,24.5110012959226,0 79.1294762660489,24.5109930837987,0 79.1294768098273,24.5109946432002,0</coordinates></LinearRing></innerBoundaryIs><innerBoundaryIs><LinearRing><coordinates>79.1296277374131,24.5110309205197,0 79.1296278310142,24.5110285813189,0 79.1296277919538,24.5110262408237,0 79.1296276203369,24.5110239053283,0 79.1296273166252,24.5110215811132,0 79.1296268816352,24.5110192744288,0 79.1296263165369,24.5110169914783,0 79.1296260651882,24.5110161751042,0 79.1296265922535,24.5110167853906,0 79.1296281772745,24.511018528798,0 79.1296298559943,24.5110201971693,0 79.1296316241756,24.5110217862933,0 79.1296324531185,24.5110224598798,0 79.1296362100486,24.5110301088865,0 79.1296359190051,24.5110304339258,0 79.1296343645965,24.5110323718179,0 79.1296329251434,24.5110343826734,0 79.129631604728,24.5110364607896,0 79.1296304070949,24.511038600273,0 79.1296293356405,24.5110407950563,0 79.1296291821103,24.5110411606757,0 79.1296274276251,24.5110404310407,0 79.1296260973204,24.5110399531914,0 79.1296266649366,24.5110378675689,0 79.1296271535893,24.5110355698963,0 79.1296275114022,24.5110332521356,0 79.1296277374131,24.5110309205197,0</coordinates></LinearRing></innerBoundaryIs><innerBoundaryIs><LinearRing><coordinates>79.1296094343541,24.5109929568279,0 79.1296096144133,24.5109929872671,0 79.1296121850354,24.5109932951122,0 79.129613150567,24.5109933637937,0 79.1296131629334,24.5109934276425,0 79.1296137402485,24.5109957111376,0 79.1296140982643,24.5109968535083,0 79.1296140102868,24.5109967655905,0 79.1296121871788,24.5109951234139,0 79.1296102734789,24.5109935699182,0 79.1296094343541,24.5109929568279,0</coordinates></LinearRing></innerBoundaryIs><innerBoundaryIs><LinearRing><coordinates>79.1297637216909,24.5108788797465,0 79.1297652037783,24.5108770045985,0 79.1297665788847,24.5108750624172,0 79.129767843396,24.5108730583074,0 79.1297689939886,24.5108709975363,0 79.1297700276386,24.5108688855202,0 79.1297709416291,24.5108667278102,0 79.129771733558,24.5108645300772,0 79.1297719496654,24.510863807769,0 79.1297721537646,24.5108640196036,0 79.1297739481865,24.5108656974745,0 79.1297758355211,24.5108672877187,0 79.1297778106637,24.5108687860349,0 79.1297789427962,24.5108695576248,0 79.1297786823196,24.5108697613671,0 79.1297768286114,24.5108713705865,0 79.1297750684577,24.5108730654675,0 79.1297734065809,24.5108748414632,0 79.1297718474394,24.5108766938089,0 79.1297703952161,24.5108786175349,0 79.1297690538073,24.5108806074801,0 79.1297690370801,24.5108806354383,0 79.1297669908596,24.5108803171135,0 79.1297644202973,24.5108800431702,0 79.1297627826697,24.5108799479139,0 79.1297637216909,24.5108788797465,0</coordinates></LinearRing></innerBoundaryIs><innerBoundaryIs><LinearRing><coordinates>79.1296723564095,24.5116436323857,0 79.1296725793369,24.511645979782,0 79.1296729358397,24.5116483133366,0 79.1296734249467,24.5116506266907,0 79.129674045325,24.5116529135408,0 79.1296742602571,24.5116535595516,0 79.1296733967409,24.5116550559959,0 79.1296684786641,24.511664135517,0 79.1296670449561,24.5116625831141,0 79.1296652963736,24.5116608774261,0 79.129663453586,24.5116592568874,0 79.1296615215395,24.5116577258479,0 79.1296595054202,24.5116562884172,0 79.1296574106398,24.5116549484536,0 79.1296552428209,24.5116537095537,0 79.1296530077825,24.5116525750432,0 79.1296507115237,24.511651547967,0 79.1296483602082,24.5116506310823,0 79.1296459601474,24.51164982685,0 79.1296435177834,24.5116491374288,0 79.1296431540736,24.5116490533655,0 79.1296438911741,24.5116475956797,0 79.1296448352726,24.5116454454138,0 79.129645657517,24.5116432536505,0 79.1296463557402,24.5116410261663,0 79.1296469281021,24.5116387688317,0 79.1296473730942,24.511636487596,0 79.1296476895437,24.5116341884715,0 79.1296478766166,24.5116318775176,0 79.1296479338199,24.5116295608248,0 79.1296478610028,24.5116272444988,0 79.1296477575837,24.5116260656767,0 79.1296573811692,24.5116311635763,0 79.1296596384472,24.5116322885286,0 79.1296619567003,24.5116333043836,0 79.1296643296353,24.5116342083836,0 79.1296667508104,24.5116349980745,0 79.129669213653,24.5116356713126,0 79.1296717114775,24.5116362262704,0 79.1296725208962,24.5116363657129,0 79.1296724933261,24.5116365711936,0 79.1296723133455,24.5116389216734,0 79.1296722676651,24.5116412775439,0 79.1296723564095,24.5116436323857,0</coordinates></LinearRing></innerBoundaryIs><innerBoundaryIs><LinearRing><coordinates>79.1296860028167,24.5119686256586,0 79.1296883794724,24.5119677070699,0 79.1296907003913,24.5119666760559,0 79.1296929592261,24.5119655354364,0 79.1296951497989,24.5119642883309,0 79.1297049230878,24.5119583945152,0 79.1297064135672,24.5119577829328,0 79.1297285416947,24.5119788281954,0 79.1297284651892,24.5119790111474,0 79.1297276507015,24.5119813251383,0 79.1297269735553,24.511983675894,0 79.1297264357147,24.5119860565958,0 79.1297260387399,24.5119884603383,0 79.1297259254014,24.5119895360371,0 79.1297249612664,24.5119889605321,0 79.1297227185553,24.5119877706082,0 79.1297204106214,24.5119866901212,0 79.129718043838,24.511985722055,0 79.129715624741,24.5119848690828,0 79.1297131600108,24.5119841335602,0 79.1297106564538,24.5119835175183,0 79.1297081209836,24.5119830226583,0 79.1297055606019,24.5119826503468,0 79.1297029823792,24.5119824016119,0 79.1297003934352,24.5119822771405,0 79.1296978009194,24.5119822772763,0 79.1296952119911,24.5119824020189,0 79.1296926337995,24.5119826510239,0 79.1296900734644,24.5119830236036,0 79.129688296887,24.5119833705414,0 79.12968377906,24.5119779687935,0 79.1296821456711,24.5119761189142,0 79.1296804080653,24.5119743503116,0 79.1296785710656,24.5119726678948,0 79.1296766397711,24.5119710763339,0 79.1296765891121,24.5119710388132,0 79.1296786040855,24.5119706833281,0 79.1296811084304,24.5119701158255,0 79.1296835769245,24.5119694293098,0 79.1296860028167,24.5119686256586,0</coordinates></LinearRing></innerBoundaryIs><innerBoundaryIs><LinearRing><coordinates>79.1296707882944,24.5117477248369,0 79.1296730080576,24.5117489387523,0 79.1296741266608,24.5117494798059,0 79.1296739825338,24.5117501855508,0 79.1296736395699,24.5117525520978,0 79.1296734338328,24.5117549319252,0 79.1296733658981,24.5117573183762,0 79.1296734359556,24.511759704776,0 79.1296736438095,24.5117620844493,0 79.1296739410383,24.5117641226793,0 79.1296730810603,24.5117649540911,0 79.1296713848535,24.5117667788335,0 79.129669796837,24.5117686833381,0 79.1296683214832,24.5117706622412,0 79.1296669629472,24.5117727099695,0 79.1296657250552,24.5117748207559,0 79.1296646112934,24.5117769886557,0 79.1296636247986,24.5117792075633,0 79.1296627683492,24.5117814712296,0 79.1296591910962,24.511791805506,0 79.1296581259895,24.5117931012721,0 79.1296567131684,24.5117950168231,0 79.1296565901489,24.5117952035667,0 79.1296562611969,24.511794086138,0 79.1296640176265,24.5117771081621,0 79.1296649646302,24.5117748698058,0 79.1296657802541,24.5117725885567,0 79.1296664621921,24.5117702708649,0 79.1296670085159,24.5117679232838,0 79.1296674176808,24.5117655524511,0 79.12966768853,24.5117631650706,0 79.1296678202976,24.5117607678925,0 79.1296678126109,24.511758367695,0 79.1296676654919,24.5117559712646,0 79.1296673793563,24.5117535853773,0 79.1296669550134,24.5117512167793,0 79.129666393663,24.5117488721677,0 79.1296656968922,24.5117465581721,0 79.1296648666713,24.5117442813353,0 79.1296644763592,24.5117433746057,0 79.129664587826,24.511743469317,0 79.1296665723865,24.5117449863569,0 79.1296686411041,24.511746406164,0 79.1296707882944,24.5117477248369,0</coordinates></LinearRing></innerBoundaryIs><innerBoundaryIs><LinearRing><coordinates>79.1296715450851,24.5118642218922,0 79.1296604124663,24.5118703734108,0 79.1296612426858,24.5118690600708,0 79.1296624259204,24.511866937082,0 79.1296634850465,24.5118647599156,0 79.129664417112,24.5118625346402,0 79.1296652195189,24.5118602674583,0 79.1296652915238,24.5118600201686,0 79.1296654416404,24.5118601418836,0 79.1296674268268,24.5118615916571,0 79.1296694909365,24.5118629460231,0 79.1296715450851,24.5118642218922,0</coordinates></LinearRing></innerBoundaryIs><innerBoundaryIs><LinearRing><coordinates>79.129631456263,24.5118908979447,0 79.1296315719627,24.511890870417,0 79.1296340546259,24.5118901497784,0 79.1296364922608,24.5118893102608,0 79.1296384403207,24.5118885296227,0 79.1296324690073,24.5118948655942,0 79.1296322033973,24.5118935911882,0 79.129631590162,24.5118913043715,0 79.129631456263,24.5118908979447,0</coordinates></LinearRing></innerBoundaryIs><innerBoundaryIs><LinearRing><coordinates>79.1287339596572,24.5124960219458,0 79.128735084985,24.5124981458036,0 79.1287363301125,24.512500212938,0 79.1287374281933,24.512501829795,0 79.1287280358626,24.5125046104747,0 79.1287113147561,24.5125095608994,0 79.128711326933,24.5125083159481,0 79.1287111733014,24.5125002248505,0 79.1287217004536,24.5124712553633,0 79.1287339596572,24.5124960219458,0</coordinates></LinearRing></innerBoundaryIs><innerBoundaryIs><LinearRing><coordinates>79.1288515344496,24.5127087744219,0 79.1288514979027,24.5127075265557,0 79.1288691908744,24.5127124701806,0 79.1288716101676,24.5127130850324,0 79.1288740605184,24.5127135864666,0 79.1288765355796,24.5127139731842,0 79.12887902894,24.5127142441834,0 79.128881534141,24.5127143987623,0 79.1288840446933,24.5127144365205,0 79.1288865540936,24.5127143573602,0 79.1288890558419,24.5127141614864,0 79.1288915434577,24.5127138494066,0 79.1288940104974,24.512713421929,0 79.1288964505704,24.512712880161,0 79.1288979392802,24.5127124752262,0 79.1288975151514,24.512713481281,0 79.1288967024805,24.5127157635349,0 79.1288960235571,24.5127180820878,0 79.1288954803013,24.5127204303831,0 79.1288950742492,24.5127228017805,0 79.128894806549,24.512725189574,0 79.1288946779577,24.5127275870116,0 79.1288946888391,24.5127299873137,0 79.1288948391622,24.5127323836928,0 79.1288951285022,24.5127347693724,0 79.1288955560407,24.5127371376064,0 79.1288959560399,24.5127390376064,0 79.1288965368598,24.5127414415315,0 79.1288972600675,24.5127438129066,0 79.1288981235116,24.5127461446773,0 79.1289011918911,24.5127537425765,0 79.12889180404,24.5127442370832,0 79.1288902440362,24.5127427287763,0 79.128888609863,24.5127412877119,0 79.1288734098632,24.5127284877153,0 79.1288714792932,24.5127269447833,0 79.1288694637366,24.5127254956822,0 79.128867368635,24.5127241443241,0 79.1288651996446,24.5127228943575,0 79.1288629626212,24.512721749157,0 79.1288606636041,24.5127207118142,0 79.1288583088003,24.5127197851298,0 79.1288559045672,24.5127189716057,0 79.1288534573955,24.512718273438,0 79.128850973892,24.5127176925118,0 79.1288505712242,24.5127176184689,0 79.1288509294364,24.512715847509,0 79.1288512662246,24.5127135005766,0 79.1288514680807,24.5127111407177,0 79.1288515344496,24.5127087744219,0</coordinates></LinearRing></innerBoundaryIs><innerBoundaryIs><LinearRing><coordinates>79.129089920455,24.5130526277897,0 79.1290891158914,24.5130504046305,0 79.1290881863888,24.5130482226424,0 79.1290871344492,24.5130460876986,0 79.129085962904,24.5130440055459,0 79.1290846749068,24.5130419817888,0 79.1290819749059,24.5130379817895,0 79.1290806660018,24.5130361440992,0 79.129079261069,24.5130343667566,0 79.1290768742388,24.5130314967643,0 79.129078842196,24.5130300059399,0 79.1290807341177,24.5130284136655,0 79.1290825328226,24.5130267333884,0 79.1290842334275,24.5130249696707,0 79.1290858313151,24.5130231273008,0 79.1290873221472,24.5130212112807,0 79.1290887018762,24.5130192268123,0 79.1290899667562,24.5130171792834,0 79.1290910801116,24.5130151352811,0 79.1290906864448,24.5130170604546,0 79.12909034549,24.5130193970718,0 79.1290901383287,24.5130217467889,0 79.129090065526,24.5130241031969,0 79.1290901272805,24.513026459869,0 79.1290903234237,24.5130288103774,0 79.1290906534208,24.5130311483113,0 79.1290911163716,24.5130334672941,0 79.1290917110135,24.5130357610008,0 79.1290924357246,24.5130380231755,0 79.1290932885283,24.5130402476483,0 79.1290942670987,24.513042428352,0 79.1290953687668,24.5130445593387,0 79.1290965905278,24.5130466347965,0 79.1290979290494,24.5130486490646,0 79.1291029238815,24.5130557414304,0 79.1290918230741,24.513061583029,0 79.1290915645702,24.5130594839947,0 79.1290911464444,24.5130571735898,0 79.1290905979138,24.5130548861357,0 79.129089920455,24.5130526277897,0</coordinates></LinearRing></innerBoundaryIs><innerBoundaryIs><LinearRing><coordinates>79.1290957253006,24.5129968752289,0 79.1290957081683,24.5129945233238,0 79.1290955571651,24.5129921754279,0 79.1290952727009,24.5129898379157,0 79.1290948555481,24.5129875171335,0 79.1290943068393,24.5129852193821,0 79.1290921144902,24.5129770638552,0 79.1290908656562,24.5129710890533,0 79.1291177067351,24.5129678681258,0 79.1291297036805,24.5129716424462,0 79.1291362834373,24.5129769970079,0 79.1291368492531,24.5129774847802,0 79.1291241101695,24.512981284153,0 79.1291216822202,24.5129820730216,0 79.1291193025952,24.5129829767893,0 79.1291169777848,24.512983992991,0 79.1291147141298,24.5129851188553,0 79.129112517804,24.5129863513113,0 79.1291103947981,24.5129876869975,0 79.1291083509022,24.5129891222711,0 79.129106391691,24.5129906532172,0 79.1291045225082,24.5129922756605,0 79.1291027484518,24.5129939851757,0 79.1291010743605,24.5129957771002,0 79.1290995048003,24.5129976465467,0 79.1290980440522,24.5129995884163,0 79.1290966961001,24.5130015974127,0 79.1290954646206,24.5130036680565,0 79.1290946959229,24.5130051386172,0 79.1290949748239,24.5130038911948,0 79.12909535813,24.5130015655315,0 79.1290956085155,24.5129992247577,0 79.1290957253006,24.5129968752289,0</coordinates></LinearRing></innerBoundaryIs><innerBoundaryIs><LinearRing><coordinates>79.1290180768099,24.5129199334791,0 79.1290196886017,24.512919092001,0 79.1290219093268,24.5129177837056,0 79.1290240503418,24.5129163685437,0 79.12902610551,24.5129148505717,0 79.1290280689407,24.5129132341405,0 79.129029935006,24.5129115238834,0 79.1290316983573,24.5129097247024,0 79.1290333539402,24.5129078417545,0 79.1290348970094,24.5129058804369,0 79.1290363231419,24.5129038463713,0 79.1290376282501,24.512901745388,0 79.129038808593,24.5128995835089,0 79.1290398607876,24.5128973669307,0 79.1290407818178,24.5128951020068,0 79.1290415690437,24.5128927952291,0 79.129042220209,24.5128904532096,0 79.1290427334472,24.5128880826613,0 79.1290431072871,24.5128856903787,0 79.1290433406573,24.5128832832189,0 79.1290463457151,24.5128387770422,0 79.1290466437007,24.5128389216675,0 79.1290490139877,24.5128399287399,0 79.1290514392352,24.5128408195585,0 79.1290539126379,24.5128415916237,0 79.129056427255,24.5128422427688,0 79.1290589760302,24.5128427711667,0 79.1290615518114,24.5128431753346,0 79.1290641473707,24.5128434541385,0 79.1290667554246,24.5128436067959,0 79.1290693686545,24.5128436328785,0 79.1290719797276,24.5128435323131,0 79.1290848857104,24.5128427214666,0 79.1290833016491,24.5128442300737,0 79.1290824016491,24.5128451300735,0 79.129080719164,24.5128469030251,0 79.1290791397192,24.5128487536259,0 79.1290776675882,24.5128506768684,0 79.1290763067546,24.5128526675486,0 79.1290750609003,24.5128547202802,0 79.1290739333965,24.5128568295088,0 79.1290729272941,24.5128589895271,0 79.1290720453154,24.5128611944905,0 79.1290712898469,24.5128634384328,0 79.1290706629327,24.5128657152823,0 79.1290701662692,24.5128680188781,0 79.1290698012003,24.5128703429872,0 79.1290695687137,24.5128726813209,0 79.1290694694387,24.512875027552,0 79.1290694971389,24.5128769288457,0 79.1290689022696,24.5128773656053,0 79.1290669300721,24.5128789800829,0 79.1290500300731,24.5128935800792,0 79.1290481977205,24.5128952482732,0 79.1290464633822,24.5128970019889,0 79.1290448318196,24.5128988364118,0 79.1290433075119,24.5129007465057,0 79.1290418946438,24.5129027270269,0 79.1290405970941,24.5129047725381,0 79.129039418425,24.5129068774239,0 79.1290383618723,24.5129090359055,0 79.1290374303367,24.5129112420572,0 79.1290366263755,24.5129134898225,0 79.1290359521959,24.5129157730305,0 79.1290356009979,24.5129172698659,0 79.1290348008626,24.5129173101899,0 79.1290322382594,24.5129175626814,0 79.1290296935659,24.5129179372791,0 79.1290180768099,24.5129199334791,0</coordinates></LinearRing></innerBoundaryIs><innerBoundaryIs><LinearRing><coordinates>79.1296447544168,24.5124416016603,0 79.1296447281425,24.5124415913832,0 79.1296447392146,24.5124415780885,0 79.1296447544168,24.5124416016603,0</coordinates></LinearRing></innerBoundaryIs><innerBoundaryIs><LinearRing><coordinates>79.1295723729776,24.510166536196,0 79.1295719886118,24.5101718806842,0 79.1295718482639,24.5101713076108,0 79.1295711717743,24.5101690846573,0 79.1295703720082,24.5101668962402,0 79.1295694510557,24.5101647480786,0 79.1295692194336,24.510164279749,0 79.1295696317172,24.5101632124522,0 79.1295703692162,24.5101609253701,0 79.1295709736822,24.5101586058445,0 79.1295714434284,24.5101562603487,0 79.1295717771439,24.5101538954283,0 79.1295719738972,24.5101515176833,0 79.1295720331395,24.5101491337492,0 79.1295719547053,24.5101467502792,0 79.1295717388135,24.5101443739248,0 79.1295713860667,24.5101420113179,0 79.1295708974492,24.5101396690518,0 79.1295702743247,24.5101373536634,0 79.1295695184323,24.5101350716142,0 79.1295686318813,24.510132829273,0 79.129567617146,24.5101306328974,0 79.1295664770582,24.510128488617,0 79.1295652147996,24.510126402416,0 79.1295649618875,24.5101260320333,0 79.1295654772434,24.5101254518286,0 79.1295669833828,24.5101235643856,0 79.1295683104594,24.5101217065345,0 79.1295697655628,24.5101222290436,0 79.129572175592,24.510122965855,0 79.1295746238884,24.5101235881493,0 79.129577103957,24.5101240942757,0 79.1295796092182,24.5101244828915,0 79.129581446701,24.5101246795216,0 79.1295733119281,24.5101602568431,0 79.1295728918627,24.510162335776,0 79.1295725786502,24.5101644304253,0 79.1295723729776,24.510166536196,0</coordinates></LinearRing></innerBoundaryIs><innerBoundaryIs><LinearRing><coordinates>79.1292232717456,24.5099801396941,0 79.1292206446659,24.509979891846,0 79.1292150333614,24.5099795010093,0 79.129215158741,24.5099788695186,0 79.1292151930107,24.5099786217057,0 79.1292263210567,24.5099763775899,0 79.1292257793205,24.5099771513528,0 79.1292245062689,24.5099791972034,0 79.1292239363565,24.5099802355141,0 79.1292232717456,24.5099801396941,0</coordinates></LinearRing></innerBoundaryIs><innerBoundaryIs><LinearRing><coordinates>79.1294288470162,24.5097498780557,0 79.129404342921,24.5097449245384,0 79.1294016645506,24.5097444537464,0 79.1293989618379,24.5097441191024,0 79.1293962430434,24.5097439216293,0 79.1293935164765,24.5097438619306,0 79.1293907904705,24.5097439401886,0 79.1293880733569,24.5097441561644,0 79.1293853734403,24.5097445091977,0 79.1293826989723,24.5097449982096,0 79.1293697989767,24.5097476982089,0 79.129367272584,24.5097482917086,0 79.1293647840061,24.5097490065525,0 79.1293623401994,24.5097498407423,0 79.1293599479956,24.509750791946,0 79.1293576140817,24.5097518575048,0 79.129354909086,24.5097531753231,0 79.1293488890353,24.5097557308819,0 79.1293315409627,24.5097228889908,0 79.1293326464046,24.5097212334695,0 79.1293338574147,24.5097191903745,0 79.1293349518798,24.5097170929532,0 79.1293359268983,24.5097149467664,0 79.1293367798851,24.5097127575043,0 79.1293375085785,24.5097105309714,0 79.1293381110467,24.509708273071,0 79.1293385856923,24.5097059897893,0 79.1293389265719,24.5097037183978,0 79.1293400375307,24.5097046150846,0 79.1293420471869,24.5097060743947,0 79.1293441370438,24.509707436136,0 79.1293463014491,24.5097086966253,0 79.1293485345488,24.5097098524536,0 79.1293508303032,24.5097109004947,0 79.1293531825029,24.5097118379141,0 79.1293555847862,24.5097126621762,0 79.1293580306556,24.5097133710518,0 79.1293605134959,24.5097139626236,0 79.1293630265919,24.5097144352916,0 79.1294346266157,24.5097261352971,0 79.1294371602984,24.5097264874521,0 79.1294392325642,24.509726675395,0 79.1294389450251,24.509727150022,0 79.1294378200129,24.5097292585146,0 79.1294368162674,24.5097314176472,0 79.1294288470162,24.5097498780557,0</coordinates></LinearRing></innerBoundaryIs><innerBoundaryIs><LinearRing><coordinates>79.1286512947169,24.5093238319415,0 79.1286522860054,24.5093259728165,0 79.1286533964636,24.5093280641473,0 79.1286546231451,24.5093301003849,0 79.1286550957047,24.509330797325,0 79.1286543623685,24.5093313981344,0 79.1286508712272,24.5093312278352,0 79.1286505310248,24.5093220566415,0 79.1286512947169,24.5093238319415,0</coordinates></LinearRing></innerBoundaryIs></Polygon>
  </Placemark>
  
    </Document>
</kml>